"","Gene_Symbol","p_val","avg_log2FC","pct.1","pct.2","p_val_adj"
"MOBP","MOBP",3.92936356479352e-275,-1.60441303227498,0.95,0.998,1.05059393631884e-270
"NEAT1","NEAT1",6.49212505991188e-247,1.24644404632303,0.999,0.996,1.73579947726864e-242
"PLEKHH1","PLEKHH1",1.45355966299935e-191,-0.848964245333535,0.975,0.993,3.88638247096137e-187
"SLC38A2","SLC38A2",1.12637326541543e-149,1.69066778765434,0.836,0.517,3.01158419974123e-145
"QDPR","QDPR",1.1437437110223e-144,1.260754740757,0.947,0.81,3.05802756016033e-140
"HSPA1A","HSPA1A",2.24929314768586e-135,2.08410733949537,0.769,0.431,6.01393508896769e-131
"POLR2F","POLR2F",1.22855850853366e-134,-1.22160489411296,0.771,0.945,3.28479688426645e-130
"ZFYVE16","ZFYVE16",3.76724639169555e-134,-0.943978175856768,0.9,0.976,1.00724866774764e-129
"CARNS1","CARNS1",1.20776892706815e-133,-1.0247269823009,0.844,0.977,3.22921178030212e-129
"FBXO2","FBXO2",9.44295948297538e-127,2.21448624125913,0.645,0.267,2.52476407696313e-122
"JAKMIP3","JAKMIP3",1.39751410126117e-126,1.09493328246887,0.941,0.803,3.73653345254199e-122
"CDKL1","CDKL1",1.82998153521916e-123,1.65123011225434,0.781,0.465,4.89282163071546e-119
"USP31","USP31",1.44847885814272e-119,0.902229951381264,0.965,0.901,3.87279792301618e-115
"LMCD1-AS1","LMCD1-AS1",3.15041198429008e-116,-0.834285457714162,0.945,0.982,8.42325652239638e-112
"OGFRL1","OGFRL1",3.37075354176134e-116,2.96944778194512,0.617,0.29,9.0123837446073e-112
"COL18A1","COL18A1",1.48309964008925e-112,-0.926759391508927,0.803,0.949,3.96536350770664e-108
"MSRA","MSRA",1.50994024505037e-112,1.05340941816268,0.964,0.826,4.03712723319118e-108
"DPYD","DPYD",1.01615803114761e-111,-0.5347303219668,0.992,0.993,2.71690172787936e-107
"ENSG00000285106","ENSG00000285106",3.97430452040527e-109,0.907110909659981,0.988,0.969,1.06260979962076e-104
"SLC35F3","SLC35F3",3.88379807107885e-104,1.42439268510605,0.847,0.595,1.03841109026435e-99
"IRS2","IRS2",3.76501546605314e-103,1.49367138612064,0.756,0.463,1.00665218515863e-98
"CIRBP","CIRBP",2.16651114102849e-102,-1.1889839176862,0.563,0.833,5.79260083776789e-98
"NKAIN2","NKAIN2",2.95534832328967e-100,-0.526712597185921,0.998,0.998,7.9017148119796e-96
"S100A6","S100A6",2.35080722280081e-99,2.48653976981386,0.574,0.234,6.28535327160253e-95
"LINC01505","LINC01505",1.55681424531612e-96,-1.11963043851197,0.775,0.938,4.1624542477017e-92
"QKI","QKI",3.39060674272253e-95,-0.402086353490827,1,1,9.06546524801722e-91
"LUCAT1","LUCAT1",5.47258416436843e-95,1.90460053494425,0.642,0.318,1.46320482802719e-90
"HSPH1","HSPH1",3.12930700881291e-94,1.85385768513321,0.611,0.297,8.36682814946308e-90
"ERBIN","ERBIN",2.70726736250824e-93,0.759318400276439,0.994,0.993,7.23842074713827e-89
"HSP90AA1","HSP90AA1",2.10987560072323e-91,0.853488481040463,0.988,0.977,5.6411743936537e-87
"ENSG00000283486","ENSG00000283486",1.12256889178173e-90,0.915787115699676,0.941,0.816,3.00141244595682e-86
"HSPA1B","HSPA1B",5.92831661609173e-89,2.24024862957012,0.454,0.131,1.58505401364445e-84
"SLC39A11","SLC39A11",1.60590335123685e-88,0.619686973484108,0.99,0.98,4.29370379020196e-84
"MRPS6","MRPS6",4.06673634892874e-88,3.28418859148212,0.323,0.044,1.08732329761308e-83
"PHLDB1","PHLDB1",4.0356338568503e-87,-0.917444557054088,0.737,0.917,1.07900742430606e-82
"ERBB4","ERBB4",8.26184977376294e-87,-1.49608728198698,0.406,0.704,2.208970774011e-82
"MIR219A2HG","MIR219A2HG",4.7183127981036e-86,-1.40387843937161,0.641,0.858,1.26153529282896e-81
"CHORDC1","CHORDC1",1.68061494348482e-85,1.48649336209009,0.645,0.337,4.49346017439538e-81
"CTNNA3","CTNNA3",4.2792137516451e-83,-0.390564152675275,0.998,0.999,1.14413338077735e-78
"TP53TG5","TP53TG5",1.04503264104136e-81,-1.34395780726074,0.433,0.719,2.79410377235228e-77
"ZEB2","ZEB2",3.42149406850812e-80,-0.51288232531673,0.993,0.995,9.14804869097015e-76
"SELENOP","SELENOP",6.4687794750271e-80,0.738359498151785,0.983,0.969,1.729557568238e-75
"NUPR1","NUPR1",5.52606673573947e-79,2.37520714526471,0.404,0.109,1.47750446313466e-74
"PTPRD","PTPRD",2.49326952396598e-78,-0.42619246969454,0.996,0.999,6.66625472622785e-74
"ANK2","ANK2",3.99128352464641e-77,-0.649903778465996,0.965,0.986,1.06714947598471e-72
"MAP2K4","MAP2K4",3.18586458883474e-76,0.75613997661855,0.933,0.839,8.51804615116746e-72
"DNAJB1","DNAJB1",4.02936086161292e-76,1.7252038022638,0.549,0.244,1.07733021356945e-71
"MBP","MBP",2.46495506271896e-75,-0.394086156813327,1,1,6.59055035119169e-71
"SEM1","SEM1",2.87174546730921e-75,1.07245045361627,0.847,0.646,7.67818585594465e-71
"PLOD3","PLOD3",1.48123627516663e-74,1.14820787090886,0.738,0.492,3.96038142891301e-70
"PDE4DIP","PDE4DIP",2.00254232340073e-73,0.623874384264732,0.969,0.924,5.35419741007654e-69
"PCSK1N","PCSK1N",4.09463172935076e-73,1.5511376670671,0.589,0.303,1.09478168547651e-68
"TKT","TKT",7.87247486807639e-73,1.01644489552339,0.806,0.597,2.10486360547759e-68
"PTGES3","PTGES3",9.39476863058567e-73,1.00784925423652,0.819,0.634,2.51187928875969e-68
"LSS","LSS",1.27279891946705e-72,0.772266327375973,0.93,0.852,3.40308247097904e-68
"HSP90AB1","HSP90AB1",1.82520181755832e-72,1.00278490929322,0.865,0.778,4.88004209960569e-68
"PPP2R2B","PPP2R2B",2.47648110687905e-72,-0.586030458094896,0.987,0.995,6.62136753546252e-68
"MAST4","MAST4",1.00779341837458e-71,1.32141154750977,0.697,0.425,2.6945372627081e-67
"ITPR2","ITPR2",8.50503019967801e-71,1.3101797256003,0.691,0.415,2.27398992448791e-66
"SPOCK1","SPOCK1",2.45670772737297e-70,-0.928488744901035,0.771,0.908,6.56849945067711e-66
"SOWAHA","SOWAHA",5.05733317421192e-70,1.79317238839053,0.464,0.176,1.35217917078904e-65
"SEPTIN8","SEPTIN8",1.31555443626518e-69,0.679140082652093,0.948,0.904,3.5173978962422e-65
"INPP5F","INPP5F",3.68688478800162e-69,0.81939049712143,0.932,0.846,9.85762385767994e-65
"ENSG00000232104","ENSG00000232104",5.49520738898903e-69,-1.27045993610465,0.407,0.686,1.469253599594e-64
"FMO5","FMO5",7.26219711099138e-68,1.51949604720319,0.654,0.413,1.94169364156576e-63
"TXNIP","TXNIP",1.17077038692545e-67,-1.66079005182949,0.232,0.524,3.13028878352258e-63
"PCDH9","PCDH9",2.47960112213783e-66,-0.444770121449597,0.999,1,6.62970952025992e-62
"STIP1","STIP1",2.76526156725532e-66,1.45042316674821,0.565,0.291,7.39347985237054e-62
"LINC01877","LINC01877",2.96137407988836e-66,-1.40310629143237,0.279,0.568,7.91782587739751e-62
"FKBP5","FKBP5",3.17096728604155e-66,0.845848367374872,0.913,0.792,8.47821523268929e-62
"NAALADL2","NAALADL2",2.52179789639235e-65,-0.868868267734722,0.741,0.886,6.74253103558423e-61
"DNAJB6","DNAJB6",3.00523127322856e-65,0.992323769797434,0.765,0.562,8.0350868552312e-61
"DPP6","DPP6",4.46272877544092e-65,0.6698340606084,0.985,0.908,1.19319979268964e-60
"SCD5","SCD5",1.29819011497935e-64,-0.529478422785661,0.945,0.979,3.47097091042028e-60
"VSIR","VSIR",1.85676219674595e-64,1.97624258580522,0.417,0.15,4.96442508543964e-60
"CPQ","CPQ",1.2836410225688e-63,0.74971209502216,0.921,0.827,3.43207100204219e-59
"FAM66D","FAM66D",1.95550462744628e-61,-1.14479693386339,0.448,0.684,5.22843272240311e-57
"ENSG00000233359","ENSG00000233359",5.53901244453146e-61,1.02262345027267,0.685,0.377,1.48096575729438e-56
"UNC5C","UNC5C",2.07044336824669e-59,-0.570681891544577,0.988,0.988,5.53574443368118e-55
"COL4A5","COL4A5",3.89861620548579e-58,-0.582198100915948,0.905,0.97,1.04237301486073e-53
"ZMYND8","ZMYND8",1.88040441342345e-57,0.753689657031066,0.934,0.873,5.02763728017028e-53
"ENSG00000261621","ENSG00000261621",8.09147976195782e-57,1.47272358482303,0.394,0.133,2.16341894395466e-52
"SCN9A","SCN9A",2.74052223443505e-56,3.27656702708646,0.223,0.033,7.327334298209e-52
"HTRA1","HTRA1",6.55717732464151e-56,0.537742100233131,0.964,0.919,1.7531925012894e-51
"SLC7A11","SLC7A11",1.2831964612273e-55,1.79586937329261,0.551,0.286,3.43088237838342e-51
"MRAS","MRAS",1.57698178568455e-55,1.22920509094197,0.613,0.376,4.21637620038478e-51
"ANAPC16","ANAPC16",1.72469850961398e-55,0.847946327596794,0.801,0.607,4.61132640515489e-51
"CLIP4","CLIP4",3.33829937204295e-55,0.589432093517421,0.946,0.882,8.92561103103123e-51
"P2RX7","P2RX7",6.15791343510032e-55,0.69897752355897,0.914,0.811,1.64644131514277e-50
"SPP1","SPP1",3.60938901624112e-54,0.6595186408839,0.98,0.982,9.6504234127239e-50
"SLC44A1","SLC44A1",2.99803614076138e-53,0.344336084213283,1,0.999,8.0158492295537e-49
"ERC1","ERC1",1.10289627779478e-52,0.935095759189693,0.931,0.875,2.94881377793991e-48
"USH1C","USH1C",1.64053951776486e-52,-1.02249344383652,0.464,0.693,4.3863105086479e-48
"ANKRD18A","ANKRD18A",8.87774801462918e-52,0.655578980046806,0.936,0.831,2.3736434866714e-47
"KCNK1","KCNK1",2.49078786030752e-51,0.841694203715825,0.801,0.644,6.65961950210421e-47
"TMEM178A","TMEM178A",3.60203410871714e-51,0.924527651634459,0.762,0.553,9.63075859647701e-47
"FBXO7","FBXO7",7.25871541598949e-51,-0.74334434413777,0.68,0.829,1.94076274077311e-46
"DLG2","DLG2",1.32712001633448e-50,-0.255421551519234,0.998,0.997,3.5483207876735e-46
"TRIM2","TRIM2",1.44152836418161e-50,-0.460281436432303,0.974,0.99,3.85421438731238e-46
"RANBP17","RANBP17",1.48795469979952e-50,-0.809652366430903,0.61,0.805,3.97834448085398e-46
"DDX3Y","DDX3Y",7.57619281677572e-50,1.38898862352577,0.449,0.199,2.02564667342132e-45
"DNAJA1","DNAJA1",7.99177942754686e-50,1.07199078833241,0.642,0.433,2.1367620655432e-45
"LINC03002","LINC03002",1.29552512781501e-49,-2.60550128010504,0.069,0.27,3.46384553423898e-45
"PTK2","PTK2",1.3940922040755e-49,-0.44710352385407,0.97,0.986,3.72738432603665e-45
"BOK","BOK",1.55772881281289e-49,0.742897860870513,0.843,0.712,4.16489952681782e-45
"TMEM165","TMEM165",8.81582313680564e-49,-0.310379995801934,0.998,1,2.35708663208772e-44
"AGPAT4","AGPAT4",2.30830066463262e-48,-0.402214542360972,0.992,0.991,6.17170348702825e-44
"FKBP4","FKBP4",3.43944429079919e-48,1.40392733589724,0.426,0.19,9.19604220030979e-44
"CAB39L","CAB39L",5.70281233846788e-48,1.18749656940877,0.538,0.293,1.52476093493616e-43
"ENOSF1","ENOSF1",6.76201831218391e-48,-1.08678761341418,0.382,0.612,1.80796083612861e-43
"OLFM3","OLFM3",7.22230155716952e-48,1.53377617151449,0.388,0.156,1.93102676734042e-43
"DNAJA4","DNAJA4",4.34326272773274e-47,1.92299417274612,0.359,0.149,1.1612581555139e-42
"SEPTIN7","SEPTIN7",9.41300634647015e-47,-0.559315412925514,0.965,0.982,2.51675550685572e-42
"MCF2L","MCF2L",1.0016996830415e-46,0.827700509083787,0.745,0.539,2.67824444254805e-42
"LINC00513","LINC00513",1.03736389832954e-46,1.4383403196871,0.489,0.261,2.7735998549637e-42
"FANCC","FANCC",1.32099780499383e-46,1.16712480592673,0.589,0.361,3.531951831212e-42
"RBM48","RBM48",2.04946243926776e-46,1.21436794017562,0.516,0.28,5.47964772387021e-42
"MIR325HG","MIR325HG",2.0706110343765e-46,-0.81917822239635,0.61,0.797,5.53619272261244e-42
"CLMN","CLMN",2.08629325409351e-46,0.654934600142309,0.951,0.906,5.57812227346982e-42
"NDRG1","NDRG1",2.89774887859138e-46,0.452348553026843,0.963,0.961,7.74771117668976e-42
"LINC00609","LINC00609",1.12085639432589e-45,-0.292516104012774,0.997,0.999,2.99683374150913e-41
"JADE2","JADE2",1.50711511000717e-45,1.1257440582513,0.581,0.358,4.02957366962618e-41
"GNPTAB","GNPTAB",3.11485068271698e-45,-1.43252208685992,0.228,0.458,8.32817627038039e-41
"DPH6","DPH6",1.08107410904632e-44,-0.847047126406292,0.531,0.74,2.89046784535715e-40
"CFAP161","CFAP161",1.41281690862967e-44,1.99277663833873,0.279,0.083,3.77744856860314e-40
"FTCDNL1","FTCDNL1",1.50529040823573e-44,-0.832896386973396,0.562,0.741,4.02469496449988e-40
"CLU","CLU",1.61706024598049e-43,0.759915125316765,0.818,0.704,4.32353397967804e-39
"TRPM1","TRPM1",2.99487034111277e-43,-2.78119667097959,0.041,0.208,8.00738483103322e-39
"ATP1B1","ATP1B1",5.07995073055886e-43,0.506804439889994,0.979,0.961,1.35822642682952e-38
"TLE4","TLE4",5.20384648899451e-43,0.541356639003265,0.939,0.893,1.39135243576246e-38
"COPA","COPA",5.21411386602932e-43,0.510852135212043,0.916,0.848,1.39409762436026e-38
"PPM1E","PPM1E",9.23693699085164e-43,1.02751780255971,0.599,0.358,2.469679843244e-38
"AK5","AK5",1.1043066857933e-42,-0.644974826572756,0.806,0.908,2.95258478580554e-38
"BACE2","BACE2",2.2036257082786e-42,0.671321144656583,0.886,0.781,5.89183405622449e-38
"FAR1","FAR1",2.48686122232479e-42,-0.442410846787032,0.937,0.969,6.6491208501298e-38
"DMBT1","DMBT1",2.76046013949738e-42,1.70148986268168,0.325,0.122,7.38064227497414e-38
"FBXO32","FBXO32",3.15945785426371e-42,0.533843092514102,0.965,0.907,8.44744246494488e-38
"RASGRF2","RASGRF2",4.31258652091062e-42,-0.38697557150891,0.978,0.985,1.15305625809587e-37
"ADARB2","ADARB2",6.72498596098595e-42,0.780208372817931,0.762,0.569,1.79805949638881e-37
"ARHGAP21","ARHGAP21",8.13124635868772e-42,-0.354682578882415,0.99,0.997,2.17405133892234e-37
"LOC101927237","LOC101927237",1.00979905710846e-41,1.59608899886176,0.343,0.138,2.6998997389909e-37
"ASTN2","ASTN2",1.34547879564686e-41,-1.17729603711581,0.33,0.548,3.59740665592101e-37
"ZKSCAN1","ZKSCAN1",2.45772123149495e-41,-0.469054571313868,0.878,0.933,6.57120925664805e-37
"CHDH","CHDH",2.99662136567435e-41,1.93023218390442,0.272,0.087,8.0120665454035e-37
"IGF1R","IGF1R",3.26863816195491e-41,0.622250761026152,0.923,0.869,8.73935785361883e-37
"NCAM1","NCAM1",3.63748180124009e-41,0.318756367666905,0.997,0.994,9.72553509197564e-37
"UBC","UBC",4.13127660482433e-41,0.716376196220011,0.847,0.769,1.10457942583188e-36
"INTU","INTU",4.30363575352854e-41,-0.813351068672787,0.6,0.756,1.15066309142093e-36
"ZIC1","ZIC1",6.03758347894259e-41,-2.07690585061372,0.07,0.25,1.61426869476488e-36
"LINC00862","LINC00862",6.48534966311397e-41,1.0690197403719,0.569,0.35,1.73398793942678e-36
"LOC107986448","LOC107986448",1.36995906719557e-40,-0.79398834698273,0.748,0.85,3.66285955796079e-36
"PAPOLA","PAPOLA",5.8437955642239e-40,0.656282653356644,0.802,0.648,1.56245562000655e-35
"CTNNA2","CTNNA2",6.81638169409581e-40,1.23628196010953,0.599,0.39,1.8224959735504e-35
"NHLRC3","NHLRC3",7.63773204053305e-40,-0.859171082929362,0.48,0.668,2.04210041567732e-35
"ENSG00000277022","ENSG00000277022",1.40961851977936e-39,2.77822278205353,0.183,0.035,3.76889703633408e-35
"FRMD4B","FRMD4B",1.59255329997517e-39,-0.371339841509175,0.986,0.988,4.25800975814361e-35
"LINC01376","LINC01376",1.77301566231885e-39,-2.19165739661964,0.07,0.244,4.7405119763419e-35
"RAMP1","RAMP1",2.29438937126899e-39,1.79898637900493,0.314,0.123,6.13450886196191e-35
"MGAT5","MGAT5",3.38463953736919e-39,0.488578614916841,0.985,0.963,9.04951073106402e-35
"MIR4527HG","MIR4527HG",4.14496124700947e-39,1.35405687658921,0.49,0.276,1.10823828861292e-34
"LINC02232","LINC02232",4.50432852896229e-39,3.48495692140666,0.19,0.042,1.20432231878865e-34
"ARHGEF7","ARHGEF7",6.8642932578688e-39,0.500129333501126,0.935,0.885,1.83530608835638e-34
"OLMALINC","OLMALINC",1.18690692405478e-38,0.801184782887166,0.804,0.681,3.17343304284527e-34
"B2M","B2M",1.30864206051277e-38,0.96919170563685,0.675,0.527,3.49891627719298e-34
"SPANXA2-OT1","SPANXA2-OT1",1.84335036202609e-38,-1.40718111694848,0.194,0.401,4.92856586294916e-34
"MIR2052HG","MIR2052HG",4.0367404414659e-38,1.17680769695944,0.473,0.25,1.07930329183474e-33
"BANP","BANP",5.22771979968357e-38,0.934285275402605,0.578,0.363,1.3977354428414e-33
"PSEN1","PSEN1",5.99511235977418e-38,-0.393173968014722,0.962,0.977,1.60291319163282e-33
"NRBP2","NRBP2",7.22844753471905e-38,-0.660596687688274,0.639,0.792,1.93267001735783e-33
"MID1IP1","MID1IP1",7.31147301453521e-38,1.3765805197211,0.48,0.278,1.95486853989628e-33
"NAIP","NAIP",1.19671487392203e-37,0.569365555155651,0.87,0.761,3.19965655840534e-33
"FUT9","FUT9",2.28944545172088e-37,0.787031172600003,0.757,0.581,6.12129030426611e-33
"CEDORA","CEDORA",2.50520730046971e-37,0.66558321846166,0.829,0.684,6.69817275926587e-33
"BAG3","BAG3",2.99687623230697e-37,2.3329513835505,0.166,0.028,8.01274798231913e-33
"SLC1A3","SLC1A3",5.59897968709176e-37,-0.629393125261669,0.739,0.848,1.49699919893772e-32
"FXR1","FXR1",5.9547621727823e-37,0.520871849549755,0.868,0.788,1.5921247621368e-32
"C9orf153","C9orf153",6.20613003343204e-37,1.69774313716576,0.298,0.117,1.65933298703873e-32
"HECW2","HECW2",6.40949870567195e-37,-0.561740289468043,0.843,0.914,1.71370766893551e-32
"TJP1","TJP1",9.77557705183808e-37,-0.344932534498597,0.984,0.99,2.61369603634995e-32
"NCKAP5","NCKAP5",1.32077411943837e-36,0.433612013413048,0.996,0.987,3.53135376314238e-32
"ZNF189","ZNF189",1.91271199063128e-36,-0.71848052468868,0.603,0.748,5.11401804935086e-32
"KCNQ3","KCNQ3",2.02095603066919e-36,-1.45282017731675,0.075,0.248,5.40343013920022e-32
"GRID2","GRID2",3.8349627418749e-36,0.738080473029014,0.58,0.342,1.02535398829509e-31
"NACC2","NACC2",3.94750470034724e-36,0.614190976015362,0.803,0.676,1.05544433173184e-31
"MMADHC-DT","MMADHC-DT",4.08898865452566e-36,-0.897245130366447,0.401,0.611,1.09327289656053e-31
"LIMA1","LIMA1",4.10995733556654e-36,-0.98137768766547,0.37,0.567,1.09887929281043e-31
"CLASP2","CLASP2",4.25884583295698e-36,-0.258934194881957,0.998,1,1.13868761035771e-31
"SIK3","SIK3",5.42559389149164e-36,-0.307973142381146,0.995,0.99,1.45064103876812e-31
"PNISR","PNISR",5.55859461669755e-36,0.497339833869618,0.918,0.851,1.48620144266642e-31
"SLC13A3","SLC13A3",6.06877723187271e-36,-0.541250969060846,0.799,0.89,1.62260896848581e-31
"LDLRAD4","LDLRAD4",6.73085358916624e-36,-0.68020694867567,0.657,0.789,1.79962832413538e-31
"TNS1","TNS1",7.32094769391602e-36,0.548023885041185,0.894,0.819,1.95740178492233e-31
"FGD4","FGD4",9.5199168031367e-36,-0.552716523345855,0.831,0.9,2.54534015565466e-31
"TCF12","TCF12",1.34233847197708e-35,-0.339619615780944,0.992,0.988,3.58901037252512e-31
"MON2","MON2",1.62222036783216e-35,-0.47355243565249,0.876,0.92,4.33733059747284e-31
"APLP2","APLP2",1.86734225614901e-35,0.9105548112671,0.591,0.403,4.9927129902656e-31
"TSC22D4","TSC22D4",2.03916044858019e-35,-0.510129962256706,0.709,0.889,5.45210329136884e-31
"ATP8A1","ATP8A1",3.95957890387729e-35,-0.291295890562167,0.992,0.999,1.05867261152967e-30
"ST8SIA1","ST8SIA1",4.51053225731028e-35,1.63351462543001,0.365,0.178,1.20598100963705e-30
"NUP210L","NUP210L",4.6732477196147e-35,1.44406201315056,0.325,0.138,1.24948624279338e-30
"CCSER1","CCSER1",5.50011841403906e-35,0.716411476366793,0.668,0.442,1.47056666036162e-30
"MAP4K5","MAP4K5",6.2920322477095e-35,0.346097268771778,0.988,0.982,1.68230066207009e-30
"ANKRD17-DT","ANKRD17-DT",7.17070593600928e-35,-0.781805065037504,0.495,0.692,1.9172316461108e-30
"GLIDR","GLIDR",9.35893001024446e-35,-1.00515236082238,0.36,0.554,2.50229711683906e-30
"WBP2NL","WBP2NL",1.00701981076131e-34,-1.22508690988692,0.229,0.425,2.69246886803251e-30
"TMEM140","TMEM140",1.36087970153337e-34,1.03511119906829,0.533,0.336,3.63858405798977e-30
"LINC00499","LINC00499",1.91128124898584e-34,2.82414844434029,0.319,0.15,5.11019267541344e-30
"SORT1","SORT1",2.46013213516126e-34,0.299135231552973,0.995,0.988,6.57765528978065e-30
"SLC24A2","SLC24A2",3.2177244685058e-34,-0.332623246392455,0.994,0.994,8.60322991144395e-30
"TIAM2","TIAM2",3.33823922843546e-34,0.753938600214962,0.722,0.56,8.92545022506789e-30
"ENSG00000230084","ENSG00000230084",3.73666775521991e-34,-1.46823661409804,0.435,0.576,9.99072857713147e-30
"FDFT1","FDFT1",3.8979840773542e-34,0.692162649289514,0.825,0.71,1.04220400276219e-29
"HERPUD1","HERPUD1",3.92944467593876e-34,1.14954576061811,0.455,0.253,1.05061562300575e-29
"ZNF365","ZNF365",5.79198640081879e-34,0.864604666901957,0.721,0.587,1.54860340398692e-29
"IL17RB","IL17RB",1.28847052271818e-33,1.84609883543262,0.224,0.069,3.44498363659161e-29
"ENSG00000260392","ENSG00000260392",1.29449495834496e-33,1.62993003812513,0.253,0.088,3.46109117012692e-29
"DANT2","DANT2",1.29680321614517e-33,-0.615751084596549,0.659,0.806,3.46726275900735e-29
"LIPA","LIPA",2.24594785386355e-33,-0.398133160334062,0.927,0.962,6.00499077687497e-29
"ENSG00000285218","ENSG00000285218",2.35774314643502e-33,-0.660795699422883,0.89,0.93,6.30389785062332e-29
"ENSG00000226994","ENSG00000226994",2.78987676322422e-33,-0.58781285555032,0.748,0.871,7.4592935018326e-29
"MAL","MAL",5.06755688334418e-33,-0.635361005011957,0.615,0.782,1.35491268389973e-28
"PNRC1","PNRC1",8.71206691246515e-33,1.16764712479119,0.406,0.214,2.32934533038581e-28
"PHGDH","PHGDH",9.9358887010094e-33,0.997747241971123,0.546,0.362,2.65655856198888e-28
"PACS2","PACS2",1.23100921932815e-32,0.328921035760431,0.985,0.982,3.29134934971768e-28
"HSPB1","HSPB1",1.96049449776592e-32,2.80368053597274,0.174,0.042,5.24177413867675e-28
"SHROOM4","SHROOM4",2.22142841767947e-32,-0.393437616396827,0.959,0.973,5.93943316034959e-28
"IRAK2","IRAK2",2.39272305043002e-32,1.00733719654733,0.563,0.382,6.39742361993474e-28
"DPYSL4","DPYSL4",3.01522800981751e-32,0.921498880443762,0.52,0.333,8.06181512984908e-28
"SQSTM1","SQSTM1",4.0135261689876e-32,0.673210254456342,0.74,0.622,1.07309649180221e-27
"CA2","CA2",9.35382442464317e-32,0.909027719843903,0.653,0.509,2.50093203641684e-27
"CDH11","CDH11",1.22852775891212e-31,-0.83791915625834,0.473,0.639,3.28471466900335e-27
"XPO1","XPO1",1.27724467713642e-31,0.560321326946271,0.836,0.714,3.41496909325963e-27
"PPP1R14A","PPP1R14A",1.31746350013216e-31,-0.52693981351865,0.79,0.9,3.52250216030335e-27
"RIMBP2","RIMBP2",1.9710924692409e-31,1.07822106626508,0.484,0.293,5.2701099350094e-27
"WARS2-AS1","WARS2-AS1",2.0428252056205e-31,0.770504888340604,0.674,0.498,5.46190175226752e-27
"SORL1","SORL1",2.23448891162578e-31,0.525358033517526,0.887,0.821,5.97435300301384e-27
"STMN4","STMN4",2.46916417706756e-31,-0.663283665223126,0.738,0.817,6.60180426022555e-27
"LDB3","LDB3",3.05598167356199e-31,-0.353970242071594,0.956,0.975,8.1707782006027e-27
"FNBP1","FNBP1",3.10443880079727e-31,-0.358281863123222,0.947,0.966,8.30033802169165e-27
"RNF122","RNF122",3.86159909994797e-31,2.17116999038448,0.187,0.052,1.03247575135309e-26
"FOLH1","FOLH1",4.95790814590826e-31,-0.521730783224545,0.822,0.886,1.32559590097149e-26
"CREBRF","CREBRF",5.40739503843246e-31,0.706498701492986,0.699,0.539,1.44577521142569e-26
"CMTM5","CMTM5",8.07951784635223e-31,-0.623670187009079,0.539,0.722,2.1602206865792e-26
"TRPC1","TRPC1",8.46079101765535e-31,-0.532845618724544,0.762,0.852,2.26216169439051e-26
"DAAM2","DAAM2",9.37034468787041e-31,0.618780397985426,0.963,0.968,2.50534905919591e-26
"DTX4","DTX4",1.39656384306409e-30,-0.68033614104944,0.511,0.67,3.73399274720047e-26
"GREB1L","GREB1L",1.62071011747224e-30,-1.35807156658944,0.163,0.338,4.33329264108552e-26
"ENSG00000258561","ENSG00000258561",2.90100084444967e-30,-2.04798974114278,0.065,0.207,7.75640595780508e-26
"HELLS","HELLS",4.21266598000311e-30,0.976744410673718,0.559,0.39,1.12634050307343e-25
"FZD7","FZD7",4.90789518871607e-30,3.4523326020136,0.109,0.011,1.31222393660702e-25
"LPGAT1","LPGAT1",6.51364811449398e-30,-0.4806418822205,0.91,0.939,1.74155409637225e-25
"SCCPDH","SCCPDH",7.86839092233593e-30,0.539137375384814,0.859,0.802,2.10377168090496e-25
"SEMA3B","SEMA3B",9.4499543546677e-30,-0.520894774140561,0.777,0.876,2.5266342958075e-25
"SLC22A15","SLC22A15",1.07576891457609e-29,-0.500586603795232,0.822,0.887,2.8762833469021e-25
"NRG3","NRG3",1.56978464125687e-29,1.14356492386115,0.469,0.284,4.19713319532849e-25
"TUBB4A","TUBB4A",2.13598057909755e-29,-0.498818014073488,0.815,0.919,5.71097127433313e-25
"KANK1","KANK1",2.79347914775596e-29,1.19555097912339,0.406,0.231,7.4689251973551e-25
"HSPA4L","HSPA4L",2.89692067894645e-29,1.72176739804478,0.28,0.121,7.74549681929912e-25
"UACA","UACA",3.47562957390109e-29,-0.735237109077357,0.495,0.652,9.29279079173934e-25
"GAREM2","GAREM2",3.55913594396742e-29,1.19317182342269,0.334,0.158,9.5160617733857e-25
"ZFYVE28","ZFYVE28",5.63180142501722e-29,1.16498509106934,0.419,0.241,1.50577474700685e-24
"TMT1A","TMT1A",6.33149147246521e-29,1.00179830618193,0.48,0.302,1.69285087499302e-24
"SUGT1","SUGT1",1.03099960299337e-28,0.669597817796218,0.697,0.564,2.75658363852337e-24
"SARAF","SARAF",1.31251545054579e-28,0.645804387136977,0.734,0.621,3.50927256012427e-24
"GOLGA4","GOLGA4",1.50733183298802e-28,-0.407860289819156,0.896,0.935,4.03015312186007e-24
"PRUNE2","PRUNE2",2.03824722372784e-28,0.351133370830198,0.993,0.988,5.44966160208112e-24
"CLCN4","CLCN4",2.5931796071241e-28,0.696849482622773,0.704,0.566,6.9333843155677e-24
"NUAK1","NUAK1",3.22359009965878e-28,0.683373079210524,0.704,0.538,8.61891284945768e-24
"TF","TF",4.9148755731029e-28,0.293578267224147,1,0.999,1.31409028198052e-23
"TANC1","TANC1",5.48651395132686e-28,0.421213797572035,0.954,0.921,1.46692923516626e-23
"HSPA8","HSPA8",6.26125362159275e-28,0.955006062190892,0.621,0.497,1.67407138080525e-23
"ITFG1","ITFG1",6.27073096222613e-28,-0.429436776814261,0.881,0.924,1.6766053373704e-23
"IL1RAPL1","IL1RAPL1",6.86099239262362e-28,-0.313549530663673,0.998,0.993,1.83442353601578e-23
"CCDC200","CCDC200",7.35410074435683e-28,-1.27733033247291,0.187,0.356,1.96626591601869e-23
"KLHL21","KLHL21",8.66867758219185e-28,0.940919893635919,0.446,0.265,2.31774432515063e-23
"HFM1","HFM1",8.93274846321161e-28,-1.64699992699717,0.075,0.217,2.38834895660889e-23
"AHSA1","AHSA1",1.20175443062702e-27,0.912649967018482,0.486,0.31,3.21313082116746e-23
"SGK1","SGK1",1.2267736505675e-27,-0.751389058356058,0.531,0.684,3.28002470952233e-23
"LPIN1","LPIN1",1.32230449079459e-27,0.69097097578826,0.65,0.492,3.53544551703749e-23
"PDE8A","PDE8A",1.35991526261655e-27,-0.317011059398621,0.981,0.988,3.63600543765787e-23
"STRN","STRN",1.44605855432487e-27,-0.488971550998806,0.762,0.858,3.86632675669841e-23
"ENSG00000246560","ENSG00000246560",1.46085914119066e-27,1.21236542587829,0.357,0.187,3.90589908580146e-23
"OSBPL1A","OSBPL1A",1.82210754115626e-27,-0.31744575966947,0.963,0.975,4.8717689327895e-23
"HMGB1","HMGB1",2.07682868160017e-27,0.525260084782215,0.881,0.842,5.55281684599437e-23
"ZCCHC2","ZCCHC2",2.2944485020224e-27,0.808901847149669,0.578,0.405,6.1346669598573e-23
"NUFIP2","NUFIP2",2.34737437501143e-27,0.579410447936424,0.785,0.662,6.27617486646806e-23
"CAMK4","CAMK4",2.68109694194163e-27,3.02495643265919,0.114,0.017,7.16844889366934e-23
"ENSG00000268797","ENSG00000268797",3.65381193106777e-27,-0.853352930173569,0.336,0.514,9.7691969600959e-23
"SYNM","SYNM",3.72784494221667e-27,0.655569792159736,0.704,0.576,9.96713902200471e-23
"CYP7B1","CYP7B1",3.94906149107737e-27,-0.843366730862179,0.424,0.595,1.05586057086936e-22
"PWRN1","PWRN1",4.51940993256684e-27,0.516529474036719,0.773,0.577,1.2083546336704e-22
"PCA3","PCA3",5.17481084349731e-27,1.15875104698333,0.39,0.218,1.38358917522588e-22
"LARP6","LARP6",5.20794963968106e-27,0.662915963862028,0.695,0.558,1.39244949516153e-22
"ZFAND5","ZFAND5",6.63148137566466e-27,0.62607480481189,0.667,0.499,1.77305917541146e-22
"RASGRF1","RASGRF1",7.9455265193477e-27,-0.290603908222192,0.979,0.978,2.124395425478e-22
"PCLO","PCLO",8.33895616663034e-27,0.446383642704139,0.871,0.756,2.22958671027195e-22
"NFKBIZ","NFKBIZ",8.63685544416546e-27,0.87223663283719,0.566,0.394,2.30923604010652e-22
"TMSB4X","TMSB4X",9.40990916872832e-27,0.64191460868806,0.865,0.83,2.51592741444289e-22
"GAS2L1","GAS2L1",9.55840753918635e-27,1.08246961507915,0.35,0.18,2.55563142375225e-22
"ATP10B","ATP10B",9.73788681089544e-27,-0.333996834466892,0.952,0.971,2.60361879662911e-22
"VEGFB","VEGFB",9.77455351294938e-27,1.50641148179954,0.232,0.09,2.61342237275728e-22
"SECISBP2L","SECISBP2L",1.01715313941682e-26,-0.326237946743983,0.944,0.967,2.71956234885875e-22
"HACD1","HACD1",1.07106947379997e-26,1.05845526900614,0.406,0.231,2.86371845209898e-22
"MSI2","MSI2",1.25938624536294e-26,0.415344044231869,0.956,0.918,3.36722100422689e-22
"CNTNAP4","CNTNAP4",1.3068845722805e-26,-0.371464073654321,0.974,0.986,3.49421728090638e-22
"UCHL1","UCHL1",1.80040506893343e-26,0.645163924242564,0.785,0.697,4.81374303280732e-22
"ZMAT1","ZMAT1",1.88641472750331e-26,-0.580681905126516,0.602,0.731,5.0437070569256e-22
"DNM1L","DNM1L",2.08081874841281e-26,-0.569807581807007,0.636,0.754,5.56348508763132e-22
"APBB2","APBB2",2.26552946407481e-26,-0.269614961659427,0.988,0.991,6.05734612809682e-22
"TMEM72-AS1","TMEM72-AS1",2.40987501985828e-26,-1.47608782123762,0.101,0.25,6.44328284059509e-22
"MTMR7","MTMR7",2.43808862050966e-26,-0.494443033481319,0.763,0.837,6.51871754465667e-22
"SLC9B1","SLC9B1",2.47456336190346e-26,-1.02268096948995,0.224,0.398,6.61624006072129e-22
"RAP2B","RAP2B",2.47957578241035e-26,2.0357055054291,0.173,0.052,6.62964176943056e-22
"SDK1","SDK1",2.54704041619105e-26,1.01999902987126,0.507,0.327,6.81002196077002e-22
"SLC4A8","SLC4A8",2.66844185539238e-26,-0.602979435299025,0.639,0.762,7.13461298876261e-22
"PLA2G4C","PLA2G4C",2.91288661874058e-26,0.712418075171908,0.836,0.749,7.78818495252668e-22
"ARAP2","ARAP2",3.06991595133197e-26,-0.385683067924038,0.912,0.952,8.20803427907628e-22
"JDP2","JDP2",6.18379298770568e-26,1.47308007813432,0.27,0.122,1.65336073112287e-21
"ZNF609","ZNF609",7.69393856665929e-26,-0.470697522803997,0.843,0.89,2.0571283545677e-21
"CFAP61","CFAP61",9.59376823710657e-26,1.63118584262053,0.249,0.105,2.56508581355518e-21
"SCARB2","SCARB2",1.58531905550196e-25,-0.388761848951652,0.869,0.928,4.23866755869558e-21
"CCDC102B","CCDC102B",1.87160655115458e-25,-1.00040856672951,0.306,0.467,5.00411443582201e-21
"GJB2","GJB2",2.03687755469664e-25,3.82977401903359,0.087,0.007,5.44599951799239e-21
"CARS1","CARS1",2.08748805254325e-25,1.01049361026238,0.43,0.262,5.5813168060849e-21
"BMS1","BMS1",2.26081467234311e-25,0.86633674595264,0.52,0.358,6.04474018944378e-21
"RSRP1","RSRP1",3.09576655443786e-25,-0.37602288238844,0.867,0.911,8.2771510366005e-21
"LINGO1","LINGO1",3.947887035919e-25,-0.833003470741525,0.462,0.615,1.05554655679366e-20
"FAM66C","FAM66C",4.12592951151547e-25,-0.76792770375743,0.368,0.531,1.10314977349389e-20
"PLLP","PLLP",4.361699176328e-25,-0.821784054800629,0.389,0.558,1.16618750877482e-20
"CAMK2A","CAMK2A",4.52184206315599e-25,-1.43347065731246,0.106,0.248,1.20900491242602e-20
"HLA-DMA","HLA-DMA",4.6886656990715e-25,-1.96097382599267,0.045,0.159,1.25360854796075e-20
"HTATIP2","HTATIP2",6.13620051876507e-25,0.89740864655554,0.475,0.311,1.64063593270222e-20
"CCT3","CCT3",6.21421664395264e-25,0.731499927193752,0.585,0.425,1.66149510409362e-20
"ENSG00000273748","ENSG00000273748",7.69234458612662e-25,0.616104945646979,0.625,0.443,2.05670217199267e-20
"RYBP","RYBP",8.9745673959813e-25,0.328901396098689,0.97,0.934,2.39953008466352e-20
"TARBP1","TARBP1",9.42098584448736e-25,-0.64061300371242,0.523,0.66,2.51888898524059e-20
"ARHGAP17","ARHGAP17",9.62370591238358e-25,0.483884614115722,0.851,0.755,2.573090249794e-20
"LOC102546299","LOC102546299",1.05699155064581e-24,-4.51377268778685,0.029,0.129,2.8260783089617e-20
"TANGO2","TANGO2",1.080601248807e-24,0.697175771190239,0.612,0.456,2.88920355893529e-20
"KANSL1L","KANSL1L",1.25925377124353e-24,0.480430728092615,0.827,0.714,3.36686680817382e-20
"PLEKHG1","PLEKHG1",1.7469418882086e-24,-0.420818580634185,0.9,0.937,4.67079852650333e-20
"MAN2A1","MAN2A1",1.97425104827757e-24,0.249131192167724,1,1,5.27855502777975e-20
"ENSG00000239521","ENSG00000239521",2.6698820155244e-24,-0.395413750465759,0.84,0.894,7.13846354490759e-20
"KCNH8","KCNH8",2.84168168289766e-24,-0.689985304136095,0.601,0.729,7.59780431556348e-20
"THSD7A","THSD7A",2.94849984115595e-24,-1.08803635181,0.182,0.345,7.88340402529865e-20
"AUTS2","AUTS2",2.98294141294114e-24,-0.564922284798364,0.706,0.799,7.97549045578073e-20
"SUMF1","SUMF1",3.09902512324956e-24,-0.524066921964625,0.74,0.824,8.28586347203235e-20
"MGST3","MGST3",3.75481961534763e-24,0.466612289187557,0.82,0.722,1.0039261205555e-19
"XKR6","XKR6",4.64227126186996e-24,-0.809424372538848,0.382,0.553,1.24120406728617e-19
"RAPGEF4","RAPGEF4",5.87847878423225e-24,1.15891940526073,0.407,0.248,1.57172887254018e-19
"PRMT2","PRMT2",6.14674323689466e-24,0.350758088320007,0.912,0.869,1.64345473924852e-19
"SLC6A1","SLC6A1",7.0168588944447e-24,-0.561831162310027,0.609,0.725,1.87609756260768e-19
"LRP4","LRP4",7.35171173976278e-24,0.511142904129977,0.578,0.386,1.96562716786037e-19
"MTMR2","MTMR2",8.05852453299e-24,0.57205396983734,0.84,0.779,2.15460770438554e-19
"ANLN","ANLN",8.2424466198683e-24,0.262606003514897,0.983,0.98,2.20378295275419e-19
"SH2D6","SH2D6",8.61440167940151e-24,1.55876520600251,0.181,0.061,2.30323257702158e-19
"USP38-DT","USP38-DT",9.03697659446025e-24,-0.644011110518741,0.654,0.745,2.41621643206084e-19
"ENSG00000230490","ENSG00000230490",9.73186227463458e-24,-0.7055691875615,0.513,0.656,2.60200801636905e-19
"C12orf60","C12orf60",1.09504022667145e-23,-1.42803941733051,0.106,0.242,2.92780905405144e-19
"DMXL1","DMXL1",1.15785351216674e-23,-0.370770768749286,0.889,0.924,3.09575293548022e-19
"ZNF680","ZNF680",1.1601592197637e-23,0.609105917279902,0.679,0.537,3.10191770588221e-19
"MTCL1","MTCL1",1.25103287929577e-23,-0.69820378048941,0.526,0.646,3.3448866093731e-19
"SEMA6A","SEMA6A",1.31330195960178e-23,-0.303924340161,0.948,0.967,3.51137544938728e-19
"TFDP2","TFDP2",1.47810989468441e-23,0.488851782157487,0.908,0.86,3.9520224254177e-19
"GLDN","GLDN",1.62841638067814e-23,-0.354636069033225,0.87,0.941,4.35389687701914e-19
"ST18","ST18",1.77623111498311e-23,-0.228492438482785,1,1,4.74910913213034e-19
"NRXN1","NRXN1",2.02090789562107e-23,0.543148105071028,0.666,0.496,5.40330144052205e-19
"RBFOX1","RBFOX1",2.64506664204074e-23,-0.321426922536914,0.994,0.997,7.07211468082431e-19
"NDUFAF6","NDUFAF6",2.77850299269853e-23,0.73582699888537,0.598,0.445,7.42888345157807e-19
"GPCPD1","GPCPD1",3.03954951798746e-23,-1.70519207157817,0.058,0.175,8.12684354624307e-19
"CACNA1D","CACNA1D",3.07635248378104e-23,-0.89721471656649,0.207,0.372,8.22524363588536e-19
"HSPD1","HSPD1",3.46992615209344e-23,0.799599821886702,0.527,0.381,9.27754155285224e-19
"TPT1","TPT1",3.91180345802473e-23,0.730643251793764,0.598,0.467,1.04589889057207e-18
"BNIP3L","BNIP3L",4.36617308682782e-23,0.522559470963233,0.793,0.685,1.16738369822515e-18
"HYDIN","HYDIN",5.95042547363599e-23,-0.480215846194527,0.802,0.859,1.59096525888606e-18
"MARCKSL1","MARCKSL1",7.35555779656241e-23,-0.307329190102674,0.858,0.945,1.96665548806689e-18
"ENSG00000230623","ENSG00000230623",7.59621524678133e-23,1.63961280942707,0.193,0.072,2.03100007053192e-18
"EIF5","EIF5",1.16277566627857e-22,0.570086492399417,0.661,0.519,3.10891329892902e-18
"CCT5","CCT5",1.17807736739361e-22,0.915239264166043,0.409,0.252,3.14982545720029e-18
"PLCL1","PLCL1",1.22964589491754e-22,0.252977264589479,1,0.997,3.28770422924103e-18
"SORCS2","SORCS2",1.26334625524675e-22,-0.508949578109152,0.659,0.775,3.37780888265322e-18
"XIST","XIST",1.81145620516702e-22,-1.21836113560152,0.091,0.224,4.84329045575506e-18
"BCL6","BCL6",1.84878761100162e-22,1.10103541462113,0.281,0.135,4.94310343553504e-18
"CACYBP","CACYBP",1.87457106749745e-22,0.815936226150203,0.45,0.288,5.01204066316793e-18
"C17orf67","C17orf67",1.92938513501977e-22,1.94349124317914,0.147,0.044,5.15859703550235e-18
"ENTPD1-AS1","ENTPD1-AS1",2.00864252424398e-22,-0.554613420716086,0.746,0.82,5.37050751707113e-18
"THUMPD3-AS1","THUMPD3-AS1",2.22099782509275e-22,0.747570954406942,0.547,0.384,5.93828188495047e-18
"GALNT2","GALNT2",2.22780760887389e-22,0.966649676360831,0.534,0.389,5.95648920384611e-18
"SLC22A17","SLC22A17",2.24211481849567e-22,0.729028603875369,0.529,0.371,5.99474239021188e-18
"CDKL5","CDKL5",2.28491218191571e-22,-0.540708665293014,0.616,0.731,6.10916970078804e-18
"GPD1","GPD1",2.41726674030222e-22,-0.9591109729733,0.236,0.39,6.46304608354605e-18
"NEK3","NEK3",2.50618014176372e-22,-0.73949691461119,0.431,0.576,6.70077384503366e-18
"RUFY2","RUFY2",2.58065210486763e-22,-0.38426703804286,0.818,0.892,6.89988953278458e-18
"ENSG00000275294","ENSG00000275294",2.63998667890426e-22,-1.04326500711588,0.228,0.38,7.05853238338631e-18
"PLPP2","PLPP2",4.69800290477534e-22,0.667274612029894,0.634,0.526,1.25610503664978e-17
"TAGLN","TAGLN",4.93695803635409e-22,-0.904787854105646,0.239,0.401,1.31999447017999e-17
"IQGAP1","IQGAP1",5.02594964948386e-22,0.320796545695173,0.972,0.95,1.3437881577825e-17
"STK31","STK31",5.68125978419084e-22,-2.15852734148564,0.03,0.125,1.5189984284991e-17
"CEBPD","CEBPD",5.7745439927738e-22,2.17418122480893,0.142,0.042,1.54393982734793e-17
"FUT8","FUT8",5.94021907358107e-22,-0.30879455805529,0.982,0.988,1.58823637370337e-17
"CCDC88A","CCDC88A",5.9643392830342e-22,-0.248888542559339,0.985,0.995,1.59468539410485e-17
"HSPA5","HSPA5",6.35632655456997e-22,0.900680911335068,0.508,0.365,1.69949103089537e-17
"CHST8","CHST8",7.34322624967718e-22,0.757072697926261,0.482,0.314,1.96335840237619e-17
"RNF220","RNF220",9.46747739291815e-22,-0.195500802902141,0.999,0.999,2.53131943054452e-17
"CNP","CNP",1.18469313180549e-21,-0.307696381332555,0.93,0.979,3.16751402650834e-17
"PEX5L","PEX5L",1.24357986223176e-21,0.245614244482644,0.999,0.999,3.32495947764907e-17
"PLEKHA7","PLEKHA7",1.29975057174885e-21,0.636877908332111,0.677,0.542,3.47514310368491e-17
"CNTNAP2","CNTNAP2",1.33192553765806e-21,0.474860997606403,0.927,0.948,3.56116931003635e-17
"CFTR","CFTR",1.57466282090125e-21,-1.00686499091026,0.267,0.419,4.21017598424366e-17
"MYO1E","MYO1E",1.65100216125252e-21,-0.30308826031919,0.956,0.966,4.41428447854085e-17
"NIPA1","NIPA1",1.80807287791097e-21,0.525408318305837,0.735,0.607,4.83424445367056e-17
"PPP2R3C","PPP2R3C",1.97319455863967e-21,0.528352859978885,0.664,0.51,5.27573029143489e-17
"BCAS1","BCAS1",1.98396990837202e-21,-0.243221430332794,0.972,0.981,5.30454034401426e-17
"MCM3AP-AS1","MCM3AP-AS1",2.40592540015744e-21,1.32355741102529,0.236,0.107,6.43272274240094e-17
"CCT4","CCT4",2.56350961119267e-21,0.656157888391057,0.567,0.415,6.85405564744584e-17
"ENSA","ENSA",2.78872105704825e-21,0.764958283082993,0.469,0.31,7.4562034902299e-17
"L3MBTL4","L3MBTL4",3.57102118035415e-21,1.35019374360677,0.308,0.165,9.54783932991289e-17
"STK33","STK33",3.76725088628875e-21,-0.844614216282387,0.286,0.442,1.00724986946702e-16
"OSGIN1","OSGIN1",4.27359955539366e-21,1.28347476711286,0.209,0.087,1.1426323131256e-16
"PIP5K1A","PIP5K1A",6.3584489307387e-21,-0.685352047031715,0.422,0.568,1.70005849061161e-16
"BDH2","BDH2",6.37024849138021e-21,1.55232862948197,0.218,0.097,1.70321333914033e-16
"SH3TC2-DT","SH3TC2-DT",6.37035899856612e-21,-0.591070491248703,0.578,0.696,1.70324288544662e-16
"PRTFDC1","PRTFDC1",6.48902938485807e-21,-0.597249430134516,0.547,0.674,1.7349717866295e-16
"TPD52L1","TPD52L1",6.82812564028296e-21,3.54745184045392,0.083,0.011,1.82563595244246e-16
"ASPA","ASPA",6.82848101843719e-21,-0.521461178615622,0.5,0.66,1.82573096989955e-16
"SERHL2","SERHL2",7.02056250265715e-21,1.00987942032858,0.334,0.188,1.87708779633544e-16
"LRRC8B","LRRC8B",7.17547886709648e-21,-0.454278214621267,0.73,0.814,1.91850778469559e-16
"ADAMTSL3","ADAMTSL3",7.19678315938222e-21,0.718552423892607,0.555,0.396,1.92420391332403e-16
"CTSF","CTSF",7.97302079918972e-21,0.755505269590352,0.45,0.292,2.13174657107936e-16
"PDS5B","PDS5B",8.27354686175092e-21,0.464580944601747,0.848,0.782,2.21209822442634e-16
"RUNX1","RUNX1",8.3699391869251e-21,0.938084333980137,0.328,0.182,2.23787064040816e-16
"LDLRAP1","LDLRAP1",9.50444790678337e-21,0.44375963775774,0.782,0.646,2.54120423683667e-16
"PRKCE","PRKCE",1.11569518300094e-20,1.07724058350858,0.388,0.246,2.98303421078962e-16
"LGALS3BP","LGALS3BP",1.36230290446681e-20,0.524489383180003,0.779,0.715,3.64238927567292e-16
"RRAGC-DT","RRAGC-DT",1.39246311864931e-20,0.494893513866813,0.766,0.655,3.72302864033266e-16
"SMARCA2","SMARCA2",1.41691010787204e-20,0.49335867946577,0.8,0.695,3.78839255541746e-16
"BCO2","BCO2",1.55137202928214e-20,0.809810612142604,0.464,0.312,4.14790339469167e-16
"OR7C1","OR7C1",1.73205188560033e-20,1.70741113703489,0.142,0.044,4.63098712652961e-16
"BTG1","BTG1",1.73817940688835e-20,1.06368709097586,0.313,0.172,4.64737028019738e-16
"ENSG00000278291","ENSG00000278291",1.76149062683108e-20,1.14882405467396,0.234,0.107,4.70969748895825e-16
"PAXBP1-AS1","PAXBP1-AS1",1.82362325478001e-20,-1.08970914719029,0.126,0.262,4.87582149630532e-16
"EHF","EHF",1.89449240572562e-20,1.57754401106696,0.181,0.07,5.0653043451886e-16
"TUBA1A","TUBA1A",1.95817465248293e-20,-0.30186733628384,0.914,0.976,5.2355715683436e-16
"FAM13C","FAM13C",2.4321783617278e-20,-0.328122444063984,0.956,0.967,6.50291528575161e-16
"APC2","APC2",2.4571980465271e-20,-0.596056215527799,0.468,0.612,6.56981041699951e-16
"MOG","MOG",2.5540371482603e-20,-0.257658307530045,0.953,0.976,6.82872912330356e-16
"ELOVL2","ELOVL2",2.85854884685709e-20,-0.895463641231086,0.238,0.387,7.6429020518418e-16
"ENSG00000242861","ENSG00000242861",3.04684787131332e-20,-0.760868964619183,0.311,0.465,8.14635715353042e-16
"JAZF1","JAZF1",3.09420714196532e-20,-0.384896344209619,0.865,0.91,8.27298163547268e-16
"DEPDC1B","DEPDC1B",3.09695988063452e-20,0.712943227025498,0.513,0.361,8.2803416328525e-16
"SRD5A3","SRD5A3",3.33887669219509e-20,-0.952336824079384,0.26,0.405,8.92715461192202e-16
"LINC02882","LINC02882",3.44497969403443e-20,-1.10173741003813,0.16,0.298,9.21084220793984e-16
"ZDHHC11B","ZDHHC11B",3.90304087357484e-20,0.93000951479656,0.451,0.303,1.0435560383677e-15
"AIG1","AIG1",4.07162003426448e-20,-0.391825618265879,0.827,0.89,1.08862904856129e-15
"ENSG00000257139","ENSG00000257139",4.29516945341929e-20,-0.532492480773074,0.507,0.637,1.14839945676072e-15
"DIRAS2","DIRAS2",4.42944652303707e-20,0.766849380866905,0.513,0.365,1.18430111686442e-15
"PRKD1","PRKD1",4.59561078493116e-20,0.833159853020606,0.424,0.267,1.22872845556704e-15
"PTPRJ","PTPRJ",5.16388087210966e-20,0.577012200826043,0.672,0.518,1.38066682877596e-15
"SYNDIG1","SYNDIG1",5.68564800362933e-20,-0.437281644174511,0.767,0.841,1.52017170673037e-15
"PDE9A","PDE9A",6.50498207567451e-20,0.958732935549627,0.405,0.259,1.7392370575731e-15
"BMP8A","BMP8A",7.08277799218121e-20,-1.12428787145931,0.127,0.255,1.89372235176949e-15
"ENSG00000254303","ENSG00000254303",7.53905637123325e-20,1.51303591596746,0.189,0.076,2.01571750197663e-15
"LYPD1","LYPD1",7.58816365726725e-20,1.83721384338333,0.129,0.038,2.02884731704355e-15
"KEAP1","KEAP1",8.38542548578443e-20,0.710307202006356,0.454,0.299,2.24201121213418e-15
"MTUS1","MTUS1",9.34860871218892e-20,-0.267534493688478,0.982,0.993,2.49953751137795e-15
"PLCH2","PLCH2",9.65819589257511e-20,-0.685891730400353,0.44,0.573,2.58231183579781e-15
"VAPA","VAPA",9.69435980032298e-20,0.323136450244276,0.936,0.895,2.59198097981236e-15
"KIZ","KIZ",1.16947270947265e-19,0.3353058411255,0.898,0.837,3.12681918331703e-15
"ENSG00000242242","ENSG00000242242",1.30834459622883e-19,-1.29069351399203,0.081,0.196,3.49812094693702e-15
"NPTX2","NPTX2",1.32932203217867e-19,0.923743169098751,0.457,0.32,3.5542083174361e-15
"LOC100507336","LOC100507336",1.39945739119491e-19,-0.514715536790852,0.641,0.768,3.74172922683784e-15
"AKAP6","AKAP6",1.44512379527595e-19,-0.23323131425046,0.99,0.99,3.86382749142931e-15
"KIF13A","KIF13A",1.45986880602832e-19,-0.304778864031431,0.932,0.944,3.90325122667793e-15
"SS18L2","SS18L2",1.54956203360806e-19,0.854162184041346,0.436,0.293,4.14306400925788e-15
"ETFA","ETFA",1.74825240136529e-19,-0.630560404650522,0.343,0.499,4.67430244553038e-15
"MAPKBP1","MAPKBP1",1.84130664798898e-19,0.625079316031131,0.574,0.428,4.92310158472812e-15
"ARG2","ARG2",1.97730248059781e-19,1.12675849417914,0.215,0.096,5.28671364237436e-15
"DYNC2H1","DYNC2H1",2.15641188125897e-19,-0.601646061095912,0.388,0.54,5.76559844692212e-15
"AZGP1","AZGP1",2.31295602313211e-19,1.0564707557766,0.273,0.142,6.18415051904832e-15
"LMF1","LMF1",2.43515974665065e-19,-0.525860699435476,0.578,0.699,6.51088661461984e-15
"LINC01630","LINC01630",3.15572766471071e-19,-0.663643246871325,0.514,0.637,8.43746905713702e-15
"TMCC2","TMCC2",3.34411143612449e-19,0.434503853132058,0.822,0.739,8.94115074676605e-15
"LINC01102","LINC01102",3.39521730917865e-19,-0.821608709512391,0.361,0.497,9.07779251955096e-15
"LINC03022","LINC03022",3.47151640884715e-19,1.37625706009905,0.2,0.087,9.28179342233463e-15
"LAMP2","LAMP2",3.58417283755344e-19,0.339504255626131,0.936,0.91,9.58300291576663e-15
"SVIP","SVIP",3.80654220529075e-19,0.401998912991905,0.883,0.841,1.01775518942859e-14
"HP1BP3","HP1BP3",4.16924240095296e-19,0.3723618209747,0.862,0.799,1.11473034074279e-14
"ZMIZ1-AS1","ZMIZ1-AS1",4.18284074652053e-19,-1.22484509421948,0.072,0.182,1.11836613039719e-14
"FAF1","FAF1",4.39303943903945e-19,-0.285959981750837,0.947,0.959,1.17456695481598e-14
"ABCA9","ABCA9",4.72486734757838e-19,-0.940212642607084,0.359,0.488,1.26328778272203e-14
"AJAP1","AJAP1",4.76314403958097e-19,0.947280071692079,0.419,0.269,1.27352182186276e-14
"SMOC1","SMOC1",4.98808182602453e-19,-0.972934174758428,0.218,0.359,1.33366343782418e-14
"PARD6G-AS1","PARD6G-AS1",5.80331147057143e-19,1.35723052815022,0.196,0.084,1.55163138788668e-14
"BMI1","BMI1",5.89561151449019e-19,0.692198385960582,0.396,0.239,1.57630965062924e-14
"TMEM108","TMEM108",7.08993732628358e-19,0.82705004037093,0.372,0.228,1.89563654292844e-14
"HLA-C","HLA-C",7.11331332507252e-19,1.15971960418737,0.209,0.093,1.90188658372464e-14
"LINC01411","LINC01411",7.6081589436187e-19,-0.806987121294821,0.23,0.375,2.03419345675533e-14
"ATP1B3","ATP1B3",7.76547100932418e-19,0.634578819299351,0.643,0.52,2.07625398376301e-14
"TMPRSS5","TMPRSS5",7.77192570430027e-19,1.70602773922225,0.172,0.069,2.07797977555876e-14
"BDNF-AS","BDNF-AS",7.89214332856632e-19,-0.566226424552698,0.525,0.658,2.11012236175878e-14
"ZNF280D","ZNF280D",7.89443755299384e-19,-0.461499673888736,0.689,0.765,2.11073576854396e-14
"MIB1","MIB1",8.89705617348878e-19,0.431846473794883,0.784,0.671,2.37880590910569e-14
"DDIT3","DDIT3",9.32599694854526e-19,1.16168198837471,0.252,0.128,2.49349180413255e-14
"GAREM1","GAREM1",1.07581590359953e-18,-0.444057968082591,0.805,0.867,2.87640898145405e-14
"PTBP2","PTBP2",1.18318405783784e-18,-0.291082344738639,0.937,0.956,3.16347921544104e-14
"CLDN15","CLDN15",1.24127106664033e-18,1.06803031230618,0.208,0.092,3.31878645087626e-14
"USP54","USP54",1.25345366927191e-18,0.248963001341771,0.99,0.979,3.35135907553231e-14
"ENSG00000284461","ENSG00000284461",1.25436215886364e-18,-0.485232922623042,0.621,0.737,3.35378810415372e-14
"TMEM144","TMEM144",1.25770701786115e-18,-0.260679379227076,0.996,0.997,3.36273125365537e-14
"MXI1","MXI1",1.3586188562788e-18,-0.345225203817786,0.894,0.92,3.63253923603263e-14
"MYO6","MYO6",1.38171284294467e-18,-0.295914668283847,0.912,0.938,3.69428562818117e-14
"DGKZ","DGKZ",1.40810042899888e-18,0.710369911929006,0.498,0.352,3.76483811701432e-14
"ENSG00000273319","ENSG00000273319",1.44844175686633e-18,1.23193712964427,0.229,0.108,3.8726987253335e-14
"GALNT13","GALNT13",1.60757974439635e-18,-0.513757409217993,0.744,0.816,4.29818596259252e-14
"ENSG00000249381","ENSG00000249381",1.88977100812519e-18,2.29409338575781,0.118,0.035,5.05268074442433e-14
"IMPG2","IMPG2",2.0387760933225e-18,1.86289620428247,0.115,0.032,5.45107564071636e-14
"INTS13","INTS13",2.07707134467778e-18,-0.704873081744915,0.35,0.487,5.55346565426498e-14
"LHFPL6","LHFPL6",2.08142165552123e-18,0.466454997148719,0.566,0.39,5.56509708036711e-14
"ZFHX4","ZFHX4",2.11520844476286e-18,-0.506223300974717,0.652,0.756,5.65543281876246e-14
"ATG4B","ATG4B",2.2695505576247e-18,0.558339185267766,0.628,0.495,6.06809732592116e-14
"ULK2","ULK2",2.27706800837962e-18,-0.421837067224607,0.721,0.807,6.0881967340046e-14
"DPYSL5","DPYSL5",2.32034359992552e-18,-0.26611357663843,0.971,0.985,6.20390268312086e-14
"ATF4","ATF4",2.33799683934754e-18,0.733513403793646,0.503,0.372,6.25110214936353e-14
"PPA1","PPA1",2.63555561591045e-18,0.61744086361999,0.779,0.727,7.04668505025976e-14
"NTM","NTM",2.83386121693826e-18,0.247542174338601,0.999,0.992,7.57689473572783e-14
"PURG","PURG",2.85543103833835e-18,0.702280025561442,0.531,0.386,7.63456596720524e-14
"EFHB","EFHB",2.87947828767206e-18,-1.61209058350556,0.046,0.139,7.69886109774879e-14
"SMG9","SMG9",2.88799548631373e-18,0.650829894804429,0.503,0.361,7.72163353175701e-14
"TTC6","TTC6",3.09802283172457e-18,2.09351508398965,0.12,0.036,8.283183645182e-14
"YPEL3","YPEL3",3.2798159382804e-18,0.592782763332684,0.54,0.397,8.76924387418032e-14
"LOC105369147","LOC105369147",3.34372349072e-18,1.19921558160687,0.197,0.085,8.94011349713805e-14
"PSMD7-DT","PSMD7-DT",3.42422562668937e-18,-0.836481550830669,0.308,0.448,9.15535205807937e-14
"FANCL","FANCL",3.48463589681341e-18,-0.433476516552782,0.721,0.8,9.31687099731e-14
"ACSL1","ACSL1",3.49132087307051e-18,0.421302984134106,0.813,0.715,9.33474461832863e-14
"PPID","PPID",3.71113013145143e-18,0.909710965160162,0.339,0.203,9.92244863246169e-14
"EIF4E2","EIF4E2",3.85534434266537e-18,0.75065722934008,0.464,0.329,1.03080341689844e-13
"LOC101927314","LOC101927314",3.95928415986968e-18,-0.331331850276637,0.869,0.916,1.05859380582436e-13
"ARID5B","ARID5B",4.00106107761929e-18,0.469176770216947,0.774,0.675,1.06976370032307e-13
"MITD1","MITD1",4.08415553691536e-18,0.811712454961492,0.397,0.259,1.09198066590506e-13
"NRXN2","NRXN2",4.33560718707401e-18,-0.613431119201535,0.44,0.572,1.15921129360798e-13
"GEMIN8","GEMIN8",4.81346859902876e-18,-0.867171186027992,0.287,0.419,1.28697709932232e-13
"TTYH3","TTYH3",5.45551856559128e-18,1.00237071688239,0.261,0.139,1.45864199888214e-13
"SLC3A2","SLC3A2",5.55166498296996e-18,1.15653161867631,0.232,0.113,1.48434866649668e-13
"CASS4","CASS4",5.8844095370997e-18,1.9576067944207,0.1,0.024,1.57331457793435e-13
"GTF3A","GTF3A",6.63833961943122e-18,0.775212322558118,0.403,0.261,1.77489286404733e-13
"RTN4","RTN4",6.82269163598756e-18,0.168111886577373,0.998,0.997,1.82418306271399e-13
"ARHGAP5","ARHGAP5",6.91298591877011e-18,0.363090931286481,0.887,0.828,1.84832504510156e-13
"RBM3","RBM3",7.5313451973996e-18,-1.18626306452333,0.111,0.227,2.01365576542873e-13
"HSPA4","HSPA4",7.72325992977236e-18,0.602665540927628,0.563,0.433,2.06496800742324e-13
"ICA1L","ICA1L",8.42648081824053e-18,-0.673309911903423,0.37,0.512,2.25298817637297e-13
"SAMMSON","SAMMSON",8.76721870732275e-18,-1.93246326312549,0.279,0.392,2.34409126577688e-13
"COL9A2","COL9A2",8.88511326752945e-18,-0.490720675071865,0.502,0.64,2.37561273433935e-13
"DSCAM","DSCAM",9.15502572412774e-18,1.15992100353274,0.279,0.159,2.44777922786003e-13
"ENSG00000249061","ENSG00000249061",9.41714871792555e-18,-1.64691796425271,0.048,0.141,2.51786305271175e-13
"SF1","SF1",1.05874494716935e-17,-0.420488507102193,0.69,0.77,2.8307663652467e-13
"OXCT1","OXCT1",1.10140969661041e-17,-0.699285935445595,0.299,0.443,2.94483910582725e-13
"CRYL1","CRYL1",1.11309450367742e-17,-0.417555853097881,0.677,0.765,2.97608077448231e-13
"SASH1","SASH1",1.12155165789511e-17,0.219932366739629,0.99,0.971,2.99869266771416e-13
"SLC25A18","SLC25A18",1.1385391703103e-17,1.57310726490482,0.166,0.067,3.04411217965866e-13
"EML2","EML2",1.18373337672992e-17,0.509628528008039,0.717,0.586,3.16494792936279e-13
"MTUS1-DT","MTUS1-DT",1.1935476809832e-17,-0.771817839408014,0.475,0.579,3.19118843464478e-13
"ENSG00000267458","ENSG00000267458",1.20722705329748e-17,1.33471769203494,0.166,0.065,3.22776297240148e-13
"MCPH1","MCPH1",1.32876876673021e-17,0.514850625518643,0.703,0.577,3.55272905160655e-13
"SACS","SACS",1.55197983587854e-17,0.466390736548493,0.786,0.701,4.14952848718846e-13
"ZBTB37","ZBTB37",1.85973055805338e-17,0.510883894816834,0.673,0.546,4.97236159306733e-13
"GNG5","GNG5",2.29785653353245e-17,0.971233999950567,0.27,0.148,6.1437790137057e-13
"NCAM2","NCAM2",2.30338164968478e-17,-0.307738708404369,0.983,0.986,6.1585515167622e-13
"MKNK2","MKNK2",2.52711479933957e-17,1.07103013633728,0.241,0.122,6.75674683899422e-13
"MYOM1","MYOM1",2.61775236907198e-17,0.812441397772709,0.324,0.191,6.99908450918775e-13
"USP32","USP32",3.20661169760137e-17,0.336944841933242,0.937,0.885,8.57351769587678e-13
"CELSR2","CELSR2",3.21645605237746e-17,0.495935084790751,0.658,0.532,8.59983854724162e-13
"PRRC2C","PRRC2C",3.23670929480514e-17,0.309011256743835,0.923,0.876,8.65398964152051e-13
"DDHD2","DDHD2",3.2511448181185e-17,-0.671681434554904,0.393,0.518,8.69258590020343e-13
"LINC02343","LINC02343",3.50851068162361e-17,0.670212432700018,0.72,0.603,9.38070500945704e-13
"AGAP3","AGAP3",3.54011611264925e-17,0.509896385856346,0.643,0.505,9.4652084503903e-13
"FGFR3","FGFR3",3.59119563336655e-17,2.05298612493461,0.105,0.029,9.60177976493216e-13
"PCBD1","PCBD1",3.70879721999916e-17,1.16706859281261,0.225,0.112,9.91621112711175e-13
"PIDD1","PIDD1",3.7339153225047e-17,0.672746605664531,0.359,0.218,9.9833693977808e-13
"RAB4A","RAB4A",3.74798475954557e-17,0.490744647283844,0.691,0.58,1.0020986851597e-12
"PCGF5","PCGF5",3.89013552987604e-17,0.30327654788816,0.95,0.933,1.04010553662296e-12
"ZNF536","ZNF536",3.95642683928362e-17,-0.221714599671472,0.977,0.983,1.05782984401926e-12
"MRPS30-DT","MRPS30-DT",4.12525368120887e-17,-0.809846542056664,0.265,0.4,1.10296907674482e-12
"MBD5","MBD5",4.32555774138413e-17,-0.247339405056263,0.967,0.971,1.15652437331387e-12
"GRM3","GRM3",4.42511393436549e-17,-0.370244818424708,0.9,0.949,1.1831427126313e-12
"PPP1R16B","PPP1R16B",4.54347715280018e-17,-0.347669662107778,0.818,0.878,1.21478948634419e-12
"ATG14","ATG14",4.68217479099203e-17,-0.683616677253157,0.305,0.453,1.25187307386754e-12
"NEGR1","NEGR1",4.82824191407207e-17,-0.306606749227529,0.963,0.973,1.29092704056545e-12
"FMNL3","FMNL3",5.15353443541214e-17,-1.23453983702235,0.079,0.183,1.37790050199615e-12
"PWWP3A","PWWP3A",5.20971007313115e-17,0.516342988793777,0.652,0.531,1.39292018225308e-12
"LHFPL2","LHFPL2",5.65771738287153e-17,1.50160971528953,0.167,0.069,1.51270389665836e-12
"ENSG00000267571","ENSG00000267571",5.70703607760811e-17,1.54279142877204,0.142,0.052,1.52589023607008e-12
"PRNP","PRNP",6.1121370325248e-17,0.404972659884112,0.808,0.753,1.63420207838616e-12
"DLC1","DLC1",6.20348630850088e-17,-0.233645832767328,0.994,0.992,1.65862613430388e-12
"DDRGK1","DDRGK1",6.31796331577185e-17,0.719380592004889,0.44,0.301,1.68923385173792e-12
"GNAO1","GNAO1",6.89210088223046e-17,0.434474328039825,0.927,0.882,1.84274101288196e-12
"ADHFE1","ADHFE1",8.35678210005746e-17,-0.998467177259308,0.169,0.29,2.23435283009236e-12
"TBCD","TBCD",8.62607317163746e-17,0.506139565294292,0.751,0.639,2.30635318390071e-12
"MYO15B","MYO15B",9.26643651848212e-17,-0.664830442724622,0.362,0.497,2.47756713194656e-12
"TSNAX-DISC1","TSNAX-DISC1",9.78893405352179e-17,-1.08846247634243,0.093,0.202,2.61726729789012e-12
"ENSG00000237422","ENSG00000237422",9.99152818356513e-17,1.73342854794322,0.126,0.042,2.67143489043981e-12
"PREX1","PREX1",1.00884544777648e-16,0.321991337708938,0.902,0.856,2.69735007371998e-12
"POC1B","POC1B",1.110740337414e-16,-0.650701271134488,0.463,0.578,2.96978644014382e-12
"CCDC14","CCDC14",1.22181244636003e-16,-0.548224719213095,0.545,0.65,3.2667599378328e-12
"SNRNP40","SNRNP40",1.29200376313058e-16,0.510026124429534,0.625,0.482,3.45443046148222e-12
"LOC105371256","LOC105371256",1.38420960678138e-16,-0.544540171331879,0.564,0.684,3.70096122565139e-12
"SYTL4","SYTL4",1.86796723629528e-16,1.40612577139401,0.166,0.071,4.9943839996827e-12
"NECAB1","NECAB1",2.00009170020603e-16,-0.33615697304631,0.869,0.905,5.34764517884086e-12
"OXTR","OXTR",2.08128562036191e-16,1.45232305794348,0.169,0.072,5.56473336316163e-12
"ENSG00000274265","ENSG00000274265",2.33647015807153e-16,0.451696869625268,0.823,0.742,6.24702026163586e-12
"ENSG00000249378","ENSG00000249378",2.38237284996972e-16,1.2821632212146,0.196,0.093,6.36975028896403e-12
"SSH2","SSH2",2.4096229313893e-16,-0.272355549181945,0.95,0.954,6.44260883165558e-12
"CFAP251","CFAP251",2.49535845625708e-16,1.01169236156846,0.258,0.141,6.67183990449456e-12
"SOX10","SOX10",2.53434786981303e-16,0.414600126851194,0.782,0.705,6.77608589951909e-12
"CDH12","CDH12",2.61123084583947e-16,0.540223313925801,0.5,0.344,6.98164791252098e-12
"ENSG00000253320","ENSG00000253320",2.71744515072341e-16,-0.894640239620182,0.207,0.333,7.26563309948919e-12
"NFKBIA","NFKBIA",2.75995000107962e-16,1.2583485818302,0.168,0.071,7.37927831788657e-12
"DAPK2","DAPK2",2.99221041779779e-16,-0.653092815494356,0.318,0.461,8.00027299406594e-12
"RUFY3","RUFY3",3.03466091470604e-16,0.299747201265193,0.951,0.911,8.11377288764953e-12
"ENSG00000203709","ENSG00000203709",3.29504840253828e-16,0.582994453998927,0.61,0.508,8.8099709138666e-12
"PLEKHB1","PLEKHB1",4.09199417218217e-16,0.441940994474226,0.858,0.839,1.09407648181635e-11
"TNPO1","TNPO1",4.13374401820914e-16,0.559437904244303,0.756,0.683,1.10523913814858e-11
"ORC4","ORC4",4.24781401592683e-16,0.488943254824896,0.641,0.515,1.13573803343836e-11
"COMT","COMT",4.27767954637784e-16,0.48858437984234,0.637,0.521,1.14372318031504e-11
"SREBF1","SREBF1",4.36801567830587e-16,-0.715767906536756,0.316,0.448,1.16787635190864e-11
"SRRM1","SRRM1",4.40797802894872e-16,-0.369736350979732,0.679,0.773,1.17856108560002e-11
"HAVCR2","HAVCR2",4.43530539325406e-16,0.837455774891875,0.372,0.246,1.18586760299434e-11
"COL16A1","COL16A1",4.54485548859829e-16,0.345046176532831,0.863,0.825,1.21515801198652e-11
"SLC35E3","SLC35E3",4.78403549909417e-16,0.484289770748376,0.722,0.597,1.27910757139281e-11
"NXN","NXN",5.13325347308509e-16,1.59711734731026,0.154,0.064,1.37247798109876e-11
"HNRNPH3","HNRNPH3",5.14552024875053e-16,0.483410260766,0.608,0.488,1.37575774890843e-11
"LIMCH1","LIMCH1",5.19118976600166e-16,0.203731986447733,0.996,0.994,1.38796840773586e-11
"EEF1D","EEF1D",6.14193652589202e-16,0.487004676619565,0.603,0.467,1.64216956892775e-11
"SERINC1","SERINC1",6.51849972083646e-16,0.462211115223441,0.767,0.708,1.74285127036004e-11
"COL9A3","COL9A3",7.27694744052783e-16,-0.807648203966049,0.257,0.389,1.94563743717393e-11
"SLC6A6","SLC6A6",7.3556463522062e-16,0.709492913686376,0.572,0.438,1.96667916518937e-11
"NLK","NLK",7.52463579226447e-16,-0.301197016739036,0.898,0.933,2.01186187177775e-11
"ENSG00000227028","ENSG00000227028",7.57975098542328e-16,1.21177871771477,0.293,0.177,2.02659802097262e-11
"ENSG00000260851","ENSG00000260851",7.66583270796709e-16,-1.1448464289402,0.1,0.205,2.04961369112916e-11
"GNA14","GNA14",7.74647407313079e-16,-0.926663466324502,0.287,0.415,2.07117477293298e-11
"NCBP3","NCBP3",7.79521462943718e-16,-0.5519547385167,0.426,0.554,2.08420653547262e-11
"ACSL4","ACSL4",8.01499294338791e-16,-0.527846895347635,0.491,0.618,2.14296866327362e-11
"ZBTB40","ZBTB40",8.04266685993632e-16,0.718359544804309,0.357,0.223,2.15036783834117e-11
"PARP6","PARP6",9.37435482249629e-16,-0.565618886531402,0.39,0.531,2.50642124889083e-11
"GRID1","GRID1",9.86930407418737e-16,-0.204452007080828,0.961,0.973,2.63875583031548e-11
"THRB","THRB",1.03186682118555e-15,0.580947958648481,0.639,0.515,2.7589023198038e-11
"PHC2","PHC2",1.03500661698382e-15,0.373164764917902,0.87,0.808,2.76729719182965e-11
"ADAMTS18","ADAMTS18",1.05509915602804e-15,-0.684085777587539,0.328,0.468,2.82101861347217e-11
"SCFD2","SCFD2",1.18458610715891e-15,-0.418935610792775,0.683,0.775,3.16722787471078e-11
"PIR","PIR",1.22552365711718e-15,0.447187492797045,0.705,0.6,3.2766826020342e-11
"INSR","INSR",1.23860605972014e-15,0.320622771573545,0.938,0.892,3.31166102187374e-11
"ENSG00000285253","ENSG00000285253",1.30941820516422e-15,-0.519934510164176,0.623,0.702,3.50099145514757e-11
"PLAAT3","PLAAT3",1.3927279750788e-15,0.290940525132845,0.932,0.931,3.7237367869682e-11
"EPHX1","EPHX1",1.41578855961057e-15,0.727011244912378,0.365,0.233,3.78539387183078e-11
"COPS9","COPS9",1.43304251856334e-15,0.578259302422088,0.628,0.524,3.83152578188279e-11
"DOHH","DOHH",1.5480898408705e-15,0.513247939766651,0.601,0.464,4.13912780753545e-11
"MOB3B","MOB3B",1.57474144322996e-15,-0.259282672881908,0.949,0.965,4.21038619676394e-11
"LINC00511","LINC00511",1.59288547142132e-15,0.888672639029031,0.551,0.451,4.25889788493917e-11
"GPR135","GPR135",1.63724916753651e-15,0.647850577288999,0.487,0.356,4.37751309924238e-11
"MTCH1","MTCH1",1.6423570191086e-15,0.357758200779899,0.831,0.788,4.39116996199067e-11
"EFHD1","EFHD1",1.84202563700011e-15,0.347237116962579,0.912,0.867,4.92502394564719e-11
"ENSG00000227757","ENSG00000227757",1.90463152419466e-15,-0.714200419719383,0.209,0.335,5.09241330623926e-11
"LINC00320","LINC00320",1.92698395937311e-15,-0.844967418276834,0.249,0.378,5.15217701217589e-11
"PDE4B","PDE4B",1.96798928946296e-15,-0.178746019780899,1,0.999,5.26181296323712e-11
"FKTN","FKTN",2.00666183552128e-15,-0.54646930123608,0.435,0.558,5.36521174963324e-11
"CCNB3","CCNB3",2.08643930751427e-15,-1.26509486280406,0.086,0.185,5.57851277650091e-11
"PNN","PNN",2.13797664323075e-15,-0.631509148294148,0.395,0.512,5.71630815100605e-11
"SNX31","SNX31",2.15103883697011e-15,2.62888347433843,0.064,0.01,5.75123253840698e-11
"ZDHHC9","ZDHHC9",2.24428523697743e-15,-0.570029541540721,0.523,0.62,6.00054543810655e-11
"MAGI1","MAGI1",2.26172269531802e-15,-0.276861996486998,0.954,0.967,6.0471679704718e-11
"PIM3","PIM3",2.4536768698557e-15,0.872064246126852,0.29,0.169,6.56039584693318e-11
"DHCR24","DHCR24",2.45739175218859e-15,0.399527269410152,0.898,0.882,6.57032832782663e-11
"HSD11B1-AS1","HSD11B1-AS1",2.67565117471723e-15,-1.17444178041838,0.115,0.222,7.15388854584145e-11
"PGLS-DT","PGLS-DT",2.69999730638157e-15,0.776397453466393,0.417,0.294,7.2189827980724e-11
"CCDC122","CCDC122",2.72199561344178e-15,-0.687670303699613,0.311,0.442,7.27779967165928e-11
"ENSG00000259678","ENSG00000259678",2.83436278270109e-15,0.698796752674183,0.447,0.313,7.5782357721079e-11
"CEP170","CEP170",2.95308897858412e-15,0.22160260706546,0.986,0.971,7.89567400204037e-11
"ENSG00000259336","ENSG00000259336",3.02998942183896e-15,-0.637133895263419,0.301,0.43,8.10128271717083e-11
"LOC102724577","LOC102724577",3.16811834804514e-15,0.461750762058815,0.745,0.628,8.4705980271683e-11
"MTSS1","MTSS1",3.22168067981499e-15,-0.372665973187246,0.813,0.863,8.61380763362134e-11
"PKNOX1","PKNOX1",3.33260476427108e-15,0.544622254999872,0.584,0.456,8.91038535823158e-11
"WHRN","WHRN",3.50104637360686e-15,0.445506504958385,0.712,0.624,9.36074768911267e-11
"APOLD1","APOLD1",3.70672792249753e-15,0.943718143613177,0.3,0.182,9.91067844638165e-11
"INTS10","INTS10",4.01601926803322e-15,-0.459880261924545,0.518,0.635,1.07376307169404e-10
"BCL2L1","BCL2L1",4.18142460489091e-15,0.41166640952903,0.798,0.716,1.11798749660968e-10
"PAPSS1","PAPSS1",4.48171863207332e-15,0.333892059390285,0.896,0.858,1.19827711065744e-10
"PKD2","PKD2",4.56400606218478e-15,-0.345762787969933,0.757,0.839,1.22027830084635e-10
"SULT1A1","SULT1A1",4.9578816105644e-15,-1.2422930546311,0.07,0.162,1.3255888062166e-10
"CPM","CPM",5.01609027707103e-15,0.56603618975826,0.645,0.54,1.34115205738048e-10
"PDE1A","PDE1A",5.32645814498728e-15,-0.402796799203995,0.738,0.822,1.42413511422525e-10
"AMD1","AMD1",5.42568283614367e-15,0.415894979360348,0.793,0.714,1.45066481989973e-10
"SLC7A1","SLC7A1",5.69053459029855e-15,0.9822281062938,0.324,0.208,1.52147823340812e-10
"AZIN2","AZIN2",5.70984306845104e-15,-0.555233246160702,0.451,0.567,1.52664074121175e-10
"ESYT2","ESYT2",5.72537975900578e-15,-0.516308187978859,0.498,0.61,1.53079478616537e-10
"CDH6","CDH6",5.74899117825839e-15,1.44374622012637,0.165,0.075,1.53710777133095e-10
"ZNF281","ZNF281",5.76793672101768e-15,0.536169742134131,0.466,0.327,1.5421732410985e-10
"CLK1","CLK1",6.20850744310585e-15,0.395483093089926,0.744,0.637,1.65996863506321e-10
"MBNL1","MBNL1",6.24728833783377e-15,0.254022342251532,0.967,0.95,1.67033748288661e-10
"CRACD","CRACD",6.32131610776122e-15,0.949243916136118,0.296,0.177,1.69013028773212e-10
"AASS","AASS",6.35336194172274e-15,-0.529538628359915,0.449,0.576,1.69869838235841e-10
"ENSG00000274712","ENSG00000274712",7.55130217954503e-15,1.20812855171326,0.187,0.088,2.01899166374495e-10
"GANC","GANC",7.6388014957482e-15,0.488980324901721,0.637,0.522,2.0423863559182e-10
"AARS1","AARS1",7.68232006208539e-15,0.584010111463758,0.524,0.396,2.05402191499977e-10
"TXNRD1","TXNRD1",8.06417399236578e-15,0.482243430329033,0.68,0.587,2.15611820033884e-10
"RAB33B-AS1","RAB33B-AS1",8.38473281218937e-15,0.472083791538846,0.668,0.541,2.24182601199507e-10
"PPP2R3A","PPP2R3A",8.60552752075636e-15,-0.4817627695946,0.672,0.75,2.30085989322463e-10
"MYRFL","MYRFL",8.68598559853427e-15,2.59587157194012,0.065,0.011,2.32237196948011e-10
"ELF1","ELF1",9.27350362784094e-15,0.383741698215519,0.831,0.75,2.47945666497583e-10
"TLL2","TLL2",9.42881928278445e-15,-1.13043707821723,0.149,0.258,2.52098341163808e-10
"H2AZ1","H2AZ1",9.52410167523574e-15,1.04632107557026,0.229,0.124,2.54645906490778e-10
"BRD2","BRD2",9.9840734500713e-15,0.599120839209716,0.438,0.306,2.66944171834556e-10
"CTBS","CTBS",1.03872316531347e-14,0.643849487780435,0.498,0.373,2.77723412709864e-10
"LOC105377329","LOC105377329",1.06555194465869e-14,1.60151360851368,0.106,0.034,2.84896623443395e-10
"INPPL1","INPPL1",1.18768479005479e-14,0.98996633330223,0.185,0.087,3.1755128231695e-10
"MYO5A","MYO5A",1.24709795738649e-14,-0.249759739573362,0.953,0.953,3.33436580866425e-10
"FSTL5","FSTL5",1.26714310345322e-14,-0.567508508038217,0.69,0.744,3.38796051570287e-10
"MSH3","MSH3",1.29738627221231e-14,-0.488873927715617,0.539,0.659,3.46882167601406e-10
"HOOK2","HOOK2",1.38959981252464e-14,0.90039376803457,0.256,0.146,3.71537301874712e-10
"UNC79","UNC79",1.42469604996825e-14,-0.531717241146764,0.545,0.638,3.80920982880011e-10
"CBR1","CBR1",1.45279632858344e-14,0.357063296333661,0.672,0.566,3.88434154373354e-10
"PTPRK","PTPRK",1.47971550288326e-14,-0.216732191716526,0.99,0.987,3.95631534005898e-10
"WDPCP","WDPCP",1.54742116046808e-14,-0.311271086547394,0.856,0.897,4.1373399567435e-10
"NAV2","NAV2",1.69484612975786e-14,0.493966614552297,0.916,0.892,4.53151009713359e-10
"PSD3","PSD3",1.79454341832545e-14,-0.295185462472694,0.95,0.96,4.79807073757676e-10
"SLC25A29","SLC25A29",1.80929186829235e-14,-0.269229854853448,0.897,0.945,4.83750366825325e-10
"BIRC6","BIRC6",1.84610221756509e-14,-0.228835700456981,0.945,0.959,4.93592349910379e-10
"VEZT","VEZT",1.86981935671249e-14,-0.428781192112256,0.569,0.665,4.99933601404219e-10
"GCNA","GCNA",1.90860353106836e-14,1.18474575148407,0.187,0.092,5.10303326101749e-10
"SERPINI1","SERPINI1",1.99637085353815e-14,0.333088863277947,0.914,0.878,5.33769675110496e-10
"OLIG1","OLIG1",1.99780022398594e-14,-0.552214057502358,0.568,0.672,5.34151845887122e-10
"PPP1R12B","PPP1R12B",1.99979216024046e-14,-0.218343122086522,0.977,0.986,5.34684429883493e-10
"PMP2","PMP2",2.00420053189266e-14,0.443876525046785,0.775,0.712,5.35863096212141e-10
"FANCM","FANCM",2.12041234276021e-14,-0.997352208409685,0.104,0.205,5.66934648083796e-10
"BACE1","BACE1",2.23333539806732e-14,-0.232358108955975,0.845,0.905,5.97126885381259e-10
"AK9","AK9",2.23957846703113e-14,0.539265228699087,0.497,0.367,5.98796094730112e-10
"NOTCH1","NOTCH1",2.27353313311933e-14,-1.44410273139748,0.05,0.13,6.07874553802116e-10
"CORIN","CORIN",2.28772931446721e-14,1.80249162391556,0.109,0.037,6.11670186809097e-10
"ARHGDIG","ARHGDIG",2.31725467576925e-14,-0.870929350664059,0.166,0.28,6.19564382660424e-10
"PDCD6IP","PDCD6IP",2.32334242330303e-14,-0.37167974141683,0.71,0.796,6.21192063718531e-10
"STX4","STX4",2.35341811263914e-14,0.614071407422384,0.497,0.378,6.29233400776326e-10
"TMEM135","TMEM135",2.46607566320413e-14,-0.288527616082167,0.76,0.846,6.59354650070887e-10
"ABCC1","ABCC1",2.57826233789246e-14,0.526634616789802,0.646,0.545,6.89350001282308e-10
"CNBD1","CNBD1",2.72356079209898e-14,-1.66794773781876,0.065,0.15,7.28198448983505e-10
"ME1","ME1",2.85237390113865e-14,0.496227732702157,0.606,0.49,7.6263920994744e-10
"GSTA4","GSTA4",2.88293791915638e-14,-0.608205948970103,0.321,0.446,7.70811111444842e-10
"FNTB","FNTB",3.36136908864753e-14,0.457220495077628,0.696,0.624,8.98729253231691e-10
"LRRC8A","LRRC8A",3.39825511281932e-14,0.876030304142807,0.268,0.155,9.085914695145e-10
"ENSG00000228679","ENSG00000228679",3.8914216516589e-14,1.58343170686673,0.104,0.034,1.04044940700404e-09
"RNF32-DT","RNF32-DT",3.91836593029971e-14,-1.01773160958748,0.191,0.299,1.04765349878423e-09
"FBXL19-AS1","FBXL19-AS1",4.13183466919105e-14,1.60073349100222,0.1,0.031,1.10472863550161e-09
"GRIA3","GRIA3",4.22692223863144e-14,-0.492943783598477,0.634,0.719,1.13015219894289e-09
"PCDH18","PCDH18",4.4799799470487e-14,2.3290923797118,0.062,0.01,1.19781223844241e-09
"KIF1B","KIF1B",4.61534725434011e-14,0.178429283704376,0.994,0.988,1.23400539539291e-09
"CES5A","CES5A",4.92541197104755e-14,1.79950734627459,0.124,0.048,1.31690739869898e-09
"CDKN1C","CDKN1C",5.0378747955494e-14,0.350736120835694,0.901,0.891,1.34697658408604e-09
"ENSG00000243444","ENSG00000243444",5.0643501915603e-14,-2.38155417206058,0.026,0.09,1.35405531071748e-09
"FAIM2","FAIM2",5.09124262221528e-14,0.355692188766208,0.759,0.703,1.3612455399017e-09
"KIF25","KIF25",5.13959543792619e-14,1.37164355126526,0.106,0.035,1.37417363223833e-09
"CD46","CD46",5.18183300810673e-14,-0.490572461371821,0.544,0.638,1.3854666913775e-09
"ZNNT1","ZNNT1",5.80733244582931e-14,1.08983889905995,0.177,0.084,1.55270647604138e-09
"TNS3","TNS3",5.90286952751071e-14,-1.7472095178417,0.053,0.132,1.57825022557054e-09
"LINC01122","LINC01122",6.09696662726226e-14,-0.920972023736009,0.197,0.314,1.63014596713111e-09
"ITGA2","ITGA2",6.20205024548246e-14,-0.409925242158903,0.844,0.874,1.65824217413464e-09
"ABCG1","ABCG1",6.20456445432638e-14,-1.24461770198046,0.052,0.133,1.65891439815324e-09
"SLC16A10","SLC16A10",6.39179636891662e-14,2.75554102958305,0.072,0.016,1.70897459515724e-09
"SEPTIN4","SEPTIN4",6.67499369844892e-14,-0.398730101584375,0.633,0.756,1.78469306515429e-09
"JPX","JPX",6.83123313582071e-14,-0.299087091170719,0.827,0.865,1.82646680352438e-09
"MAZ","MAZ",7.06579638302796e-14,0.673887180401885,0.281,0.164,1.88918197893019e-09
"ATP2C1","ATP2C1",7.15500853448068e-14,0.342879969064613,0.808,0.745,1.9130346318641e-09
"PCM1","PCM1",7.28094051002463e-14,-0.299554633637453,0.9,0.922,1.94670506416529e-09
"ZNF518A","ZNF518A",7.42772599490796e-14,-0.296534051452887,0.836,0.901,1.98595109925854e-09
"XYLT1","XYLT1",7.52803506606725e-14,0.455732173314758,0.783,0.704,2.0127707356144e-09
"SNRNP48","SNRNP48",8.28691790155765e-14,0.7343031718181,0.29,0.173,2.21567323933947e-09
"UBR3","UBR3",8.50064976840411e-14,-0.272594617724047,0.894,0.925,2.27281872857821e-09
"TRIM66","TRIM66",8.69025887976428e-14,-0.783093930476193,0.157,0.269,2.32351451668258e-09
"CYSTM1","CYSTM1",9.15273521520574e-14,0.583641568291687,0.402,0.274,2.44716681448956e-09
"RELA","RELA",9.21245352197005e-14,0.904792483358625,0.242,0.135,2.46313369816913e-09
"DEAF1","DEAF1",1.0062581037914e-13,0.64299505674696,0.39,0.267,2.69043229210706e-09
"LINC02936","LINC02936",1.03542511762752e-13,1.78669340142362,0.111,0.04,2.7684161370007e-09
"GMDS-DT","GMDS-DT",1.05804893716546e-13,-0.385430286975539,0.621,0.73,2.8289054432993e-09
"ZSCAN30","ZSCAN30",1.08808152323901e-13,-0.793251496692167,0.239,0.357,2.90920356868415e-09
"RASGEF1B","RASGEF1B",1.18216883384722e-13,-0.633265941675124,0.725,0.797,3.16076481105732e-09
"COPB2-DT","COPB2-DT",1.24600398644257e-13,-0.512495424024487,0.46,0.571,3.3314408585515e-09
"SFMBT2","SFMBT2",1.25164137242989e-13,0.322923467385707,0.902,0.861,3.3465135374658e-09
"PCSK6","PCSK6",1.27628055381295e-13,0.228237809993328,0.998,0.994,3.41239131672969e-09
"ENSG00000247121","ENSG00000247121",1.30371804256838e-13,-0.58911890829948,0.369,0.492,3.48575093041509e-09
"PRR5L","PRR5L",1.3105337014769e-13,-0.242455585765144,0.962,0.965,3.50397395763879e-09
"PGCKA1","PGCKA1",1.35380529928804e-13,0.72610655393679,0.304,0.187,3.61966922870642e-09
"CDK2AP2","CDK2AP2",1.42837298819092e-13,0.782833990722942,0.337,0.224,3.81904085852606e-09
"RBM25","RBM25",1.48188877052635e-13,-0.34861664696254,0.749,0.805,3.96212600575631e-09
"TGFB3","TGFB3",1.48620062211915e-13,1.29825367394866,0.15,0.067,3.97365460335998e-09
"ZNF730","ZNF730",1.54236347601966e-13,-1.11782786920612,0.072,0.159,4.12381722583377e-09
"RNF170","RNF170",1.55237253944432e-13,-0.458083032787913,0.595,0.68,4.15057845871227e-09
"JMJD1C","JMJD1C",1.56331295873466e-13,-0.239509674997251,0.947,0.958,4.17982985776886e-09
"ENSG00000269237","ENSG00000269237",1.56914764890411e-13,0.40841022315398,0.683,0.586,4.19543006887491e-09
"TBPL1","TBPL1",1.5932912184782e-13,0.738952950256246,0.32,0.205,4.25998273084516e-09
"SHROOM1","SHROOM1",1.62037435871638e-13,0.445912705310712,0.628,0.525,4.33239492289998e-09
"GPHN","GPHN",1.63350813823071e-13,-0.207558829365144,0.987,0.992,4.36751070918746e-09
"RANBP6","RANBP6",1.80493981056181e-13,0.777028489782544,0.282,0.168,4.82586757149912e-09
"ENSG00000265542","ENSG00000265542",1.84604841787454e-13,1.45488067187772,0.113,0.041,4.93577965487115e-09
"JMJD6","JMJD6",1.88899491152501e-13,0.957775751167893,0.212,0.112,5.05060569494443e-09
"TMEM147","TMEM147",1.92850088885484e-13,0.851271611874712,0.284,0.173,5.1562328265312e-09
"AHI1-DT","AHI1-DT",1.93922113750601e-13,-1.03850227677724,0.16,0.267,5.18489555534982e-09
"PSAP","PSAP",2.08865265964374e-13,0.319683929729193,0.838,0.829,5.58443061608946e-09
"MAT2A","MAT2A",2.16316462186911e-13,0.369564058325029,0.775,0.709,5.78365324949144e-09
"FAM216A","FAM216A",2.2165573002259e-13,0.868480833004107,0.227,0.124,5.92640925361398e-09
"RNF169","RNF169",2.27846768551982e-13,0.443999391928776,0.69,0.586,6.09193905077434e-09
"TBC1D32","TBC1D32",2.56805383994534e-13,-0.456288170007146,0.585,0.683,6.86620555186187e-09
"MKRN3","MKRN3",2.63390814749519e-13,-0.500664342155056,0.575,0.65,7.0422802139579e-09
"GDPD5","GDPD5",2.65384300213244e-13,1.10162382451519,0.236,0.136,7.09558003480152e-09
"NME9","NME9",2.80948394409611e-13,-0.65041257494977,0.306,0.426,7.51171722132977e-09
"HDAC9","HDAC9",2.88955401917367e-13,0.36296698488753,0.784,0.693,7.72580058106463e-09
"RCOR3","RCOR3",2.94785762428188e-13,-0.383219751235868,0.648,0.733,7.88168693004247e-09
"TRAF3","TRAF3",3.11806353685604e-13,0.457598252187474,0.633,0.51,8.336766478492e-09
"SEMA3C","SEMA3C",3.16659450941967e-13,0.486307473674538,0.615,0.488,8.46652373983538e-09
"TFCP2","TFCP2",3.18262172726306e-13,-0.433851372382012,0.628,0.708,8.50937571218325e-09
"KLHL32","KLHL32",3.36510310313318e-13,-0.287998170260795,0.946,0.947,8.99727616684717e-09
"SH3D19","SH3D19",3.43654713100373e-13,-0.325470390929526,0.819,0.884,9.18829606416468e-09
"ENSG00000240710","ENSG00000240710",3.55535744158724e-13,2.75489306657037,0.05,0.007,9.5059591915718e-09
"SF3B2","SF3B2",3.6300158660775e-13,0.514321876820754,0.532,0.408,9.70557342113141e-09
"ENSG00000253693","ENSG00000253693",3.75963584968031e-13,-4.02630172247997,0.018,0.073,1.00521383712902e-08
"ENSG00000262967","ENSG00000262967",3.76692428145928e-13,1.09121092626635,0.178,0.088,1.00716254513377e-08
"LIFR-AS1","LIFR-AS1",3.76917572106399e-13,-1.27057907171718,0.078,0.163,1.00776451254088e-08
"POU2AF1","POU2AF1",3.98955711174321e-13,-0.778926534662993,0.171,0.282,1.06668788496678e-08
"COX17","COX17",4.07555880210054e-13,0.673554316304509,0.256,0.144,1.08968215691762e-08
"ENSG00000283782","ENSG00000283782",4.13243644354549e-13,-0.652195393617724,0.314,0.435,1.10488953191076e-08
"ENSG00000205464","ENSG00000205464",4.13629688399762e-13,-0.541447361262307,0.464,0.565,1.10592169787444e-08
"SOX6","SOX6",4.14767939364174e-13,-1.19640599765231,0.083,0.17,1.10896503947799e-08
"DUSP1","DUSP1",4.16097054876348e-13,1.64010348373622,0.103,0.036,1.11251869562289e-08
"ATP5ME","ATP5ME",4.29849337959409e-13,0.514131436315078,0.605,0.516,1.14928817490207e-08
"HIBADH","HIBADH",4.32518967045188e-13,-0.587447507545921,0.452,0.557,1.15642596218872e-08
"KCNMB4","KCNMB4",4.41585411263455e-13,-0.549638981980035,0.346,0.471,1.1806669140951e-08
"STOX2","STOX2",4.49791968132402e-13,-0.326836394363548,0.755,0.824,1.2026087851956e-08
"PELI1","PELI1",4.55016823151362e-13,0.537395887049541,0.549,0.433,1.2165784800598e-08
"ZNF208","ZNF208",4.59662601031361e-13,-0.611083591166488,0.303,0.425,1.22899989637755e-08
"GRAMD1C","GRAMD1C",4.59737393442391e-13,1.4152510952669,0.164,0.08,1.22919986884692e-08
"CACNG7","CACNG7",4.68895758784038e-13,0.715703789412869,0.325,0.207,1.25368659026088e-08
"NSRP1","NSRP1",4.74935346566079e-13,-0.463148698496376,0.528,0.635,1.26983463611373e-08
"ANKRD36B","ANKRD36B",5.01056353796391e-13,-0.460496096876534,0.498,0.603,1.33967437314541e-08
"ENSG00000260418","ENSG00000260418",5.36317566243478e-13,0.658174647365818,0.303,0.188,1.43395227686519e-08
"MSR1","MSR1",5.6490665446633e-13,-1.81634116411635,0.041,0.111,1.51039092204663e-08
"ADK","ADK",5.74612605164956e-13,-0.332653494584814,0.798,0.833,1.53634172242954e-08
"CABCOCO1","CABCOCO1",5.88682321273532e-13,-0.819689902434156,0.169,0.273,1.57395992238904e-08
"SLC25A13","SLC25A13",6.10804316044368e-13,-0.219694415634635,0.975,0.98,1.63310749980783e-08
"SLC12A2-DT","SLC12A2-DT",6.12592949146787e-13,-0.34944156315372,0.727,0.788,1.63788976813376e-08
"SPATA7","SPATA7",6.34709424243794e-13,-0.788036008967982,0.247,0.352,1.69702258760063e-08
"LUC7L3","LUC7L3",6.41361452295482e-13,-0.242222688507488,0.862,0.907,1.71480811500243e-08
"KCNJ9","KCNJ9",6.4174173903083e-13,0.908295130294408,0.224,0.125,1.71582488764673e-08
"TMEM184B","TMEM184B",6.5626930860276e-13,-0.333561263631474,0.791,0.84,1.7546672504112e-08
"CCP110","CCP110",6.63527192072721e-13,0.607999280674868,0.511,0.391,1.77407265344483e-08
"LPP","LPP",6.82027476527738e-13,0.32158341685522,0.896,0.856,1.82353686399221e-08
"LARP1","LARP1",6.8398993833514e-13,0.345704769384964,0.74,0.642,1.82878389812667e-08
"TARS1","TARS1",7.18700816646175e-13,0.696732300036452,0.332,0.22,1.92159037346688e-08
"SLC25A36","SLC25A36",7.227404280662e-13,-0.43642136715239,0.56,0.653,1.9323910825206e-08
"LSAMP","LSAMP",7.59586484723374e-13,-0.383606974503247,0.853,0.895,2.03090638420489e-08
"C2orf69","C2orf69",7.97533951657329e-13,0.600246724341971,0.364,0.241,2.1323665265462e-08
"RAB9A","RAB9A",7.9801583103346e-13,0.634095572937964,0.443,0.322,2.13365492743416e-08
"ACADVL","ACADVL",8.1146600692307e-13,0.564205253040661,0.459,0.34,2.16961666271021e-08
"FMN1","FMN1",8.12126002160616e-13,0.481137636788517,0.807,0.729,2.17138129197684e-08
"SGMS1","SGMS1",8.52045763878027e-13,-0.256739495407995,0.964,0.969,2.27811475888068e-08
"ENSG00000271538","ENSG00000271538",8.64313826552917e-13,-1.21053264533818,0.095,0.184,2.31091587805453e-08
"MAP2","MAP2",8.84697909412607e-13,0.371282368832883,0.726,0.61,2.36541680039649e-08
"LOC100289230","LOC100289230",8.85421951223743e-13,-0.683250352805495,0.331,0.437,2.36735267098692e-08
"CAPZB","CAPZB",8.88036249060111e-13,0.32792985361904,0.849,0.798,2.37434251911202e-08
"TAFA2","TAFA2",8.89440951137522e-13,-1.43591252371579,0.108,0.197,2.37809827105639e-08
"TDRD6","TDRD6",9.08268357717899e-13,0.983067645599691,0.199,0.105,2.42843710803035e-08
"MPPED2","MPPED2",9.15916766528988e-13,0.511792714984143,0.504,0.375,2.44888665866856e-08
"IGSF1","IGSF1",9.40408619860291e-13,1.32361556897711,0.117,0.046,2.51437052692046e-08
"RCC1","RCC1",9.48819776472657e-13,1.0150705464986,0.219,0.123,2.53685943635494e-08
"ENSG00000205212","ENSG00000205212",9.61791266255151e-13,-1.41836137472836,0.095,0.181,2.5715413085864e-08
"KCNJ2","KCNJ2",9.6336994204397e-13,0.327004544256517,0.742,0.646,2.57576221404296e-08
"SMYD3","SMYD3",9.99535522700249e-13,0.358525418841579,0.813,0.72,2.67245812704365e-08
"SAMD8","SAMD8",1.00865646756103e-12,-0.444072520836754,0.642,0.723,2.69684479731792e-08
"USO1","USO1",1.01995694102417e-12,-0.363996868061239,0.635,0.724,2.72705887321632e-08
"ZRANB3","ZRANB3",1.06050412639786e-12,-0.50394455419338,0.522,0.616,2.83546988274995e-08
"TMEM229B","TMEM229B",1.06566666919332e-12,0.682303726815115,0.343,0.226,2.84927297342217e-08
"NDE1","NDE1",1.13410722020286e-12,0.243365934233549,0.936,0.902,3.03226247465638e-08
"KDSR","KDSR",1.14806355218937e-12,0.463790174379666,0.597,0.499,3.06957751948872e-08
"LINC00467","LINC00467",1.18190905197833e-12,-0.79126757919732,0.198,0.305,3.16007023227447e-08
"NGFR","NGFR",1.19321290271476e-12,0.806166561323583,0.328,0.22,3.19029333798845e-08
"S100PBP","S100PBP",1.21225586712806e-12,-0.467521169635066,0.505,0.609,3.24120851194029e-08
"SPEF2","SPEF2",1.22441851335591e-12,-0.979116082919634,0.117,0.212,3.27372777915969e-08
"ATG10","ATG10",1.2975095237811e-12,-0.524001711445111,0.409,0.535,3.46915121373352e-08
"SNX9","SNX9",1.35343585935185e-12,0.314004404549298,0.901,0.856,3.61868145714904e-08
"CCDC191","CCDC191",1.41560875374345e-12,-0.607607780056165,0.254,0.371,3.78491312488387e-08
"SRCIN1","SRCIN1",1.42260044248717e-12,-0.224921245412816,0.935,0.958,3.80360680307794e-08
"BDH1","BDH1",1.43749324943626e-12,-0.837446751786443,0.176,0.28,3.84342570101772e-08
"ZER1","ZER1",1.46669687203391e-12,0.490275718715045,0.591,0.474,3.92150742675707e-08
"H4C8","H4C8",1.48216453158948e-12,1.30815757073018,0.124,0.051,3.96286330811079e-08
"ARL13B","ARL13B",1.50767935425635e-12,-0.57744910533643,0.337,0.448,4.03108228947521e-08
"AUH","AUH",1.51156626613955e-12,-0.366163418845219,0.68,0.762,4.0414747257773e-08
"PCYOX1L","PCYOX1L",1.54368690287741e-12,-1.78317150461102,0.023,0.082,4.12735567222334e-08
"NICOL1","NICOL1",1.5537932594927e-12,0.365609486822869,0.8,0.763,4.15437703790562e-08
"PRKACB","PRKACB",1.5552470571657e-12,-0.273250374086148,0.919,0.943,4.15826405674392e-08
"AEBP2","AEBP2",1.57336541539476e-12,0.45727248797578,0.731,0.645,4.20670711114097e-08
"NACAD","NACAD",1.60037541777078e-12,0.504603789664307,0.609,0.511,4.27892375449374e-08
"NOXA1","NOXA1",1.60430040899909e-12,-1.65116871217746,0.029,0.091,4.28941800354086e-08
"BCR","BCR",1.62960301667349e-12,0.577087407768721,0.523,0.413,4.35706958567992e-08
"ENSG00000218672","ENSG00000218672",1.68013357593783e-12,1.75506484315185,0.091,0.029,4.49217314198498e-08
"VSTM2B","VSTM2B",1.69302291350524e-12,-0.683979929331374,0.248,0.358,4.52663536383895e-08
"HGSNAT","HGSNAT",1.69679966092637e-12,-0.525748390702699,0.414,0.533,4.53673325341882e-08
"SEMA4B","SEMA4B",1.77203583339648e-12,0.445037044537273,0.663,0.562,4.73789220775217e-08
"N4BP2L2","N4BP2L2",1.77461820221606e-12,0.202122935692271,0.983,0.973,4.74479668726507e-08
"TALDO1","TALDO1",1.81161521011612e-12,0.356582082172952,0.718,0.658,4.84371558728747e-08
"RBM4","RBM4",1.84146600583469e-12,-0.98555405100395,0.107,0.201,4.92352765980021e-08
"FEM1B","FEM1B",1.8637613396972e-12,0.487467269960115,0.55,0.436,4.9831386939484e-08
"FAM131C","FAM131C",1.8824236300791e-12,-0.528063300298873,0.263,0.386,5.03303605974248e-08
"MAP4","MAP4",1.8942542087423e-12,-0.300667998410699,0.824,0.86,5.06466747791429e-08
"KCNK12","KCNK12",1.94041737327106e-12,0.379784666173454,0.788,0.738,5.18809393091483e-08
"LOC101927609","LOC101927609",2.10797356645251e-12,-1.67065274658495,0.04,0.107,5.63608892462408e-08
"CEP164","CEP164",2.1735966801512e-12,-0.446704867686241,0.493,0.592,5.81154544372025e-08
"SLC26A7","SLC26A7",2.17745652929818e-12,1.36803501515825,0.115,0.046,5.82186552238454e-08
"YWHAG","YWHAG",2.37056763052183e-12,0.455565261811564,0.605,0.499,6.33818667372622e-08
"COMMD1","COMMD1",2.38874930163336e-12,-0.346518052744218,0.733,0.789,6.38679900777713e-08
"FOXP1","FOXP1",2.41262685845703e-12,0.263337405830363,0.943,0.905,6.45064043145656e-08
"SIAH2","SIAH2",2.47686580516587e-12,0.760542827447409,0.25,0.147,6.62239610327198e-08
"DYRK2","DYRK2",2.52106298439489e-12,0.912045369215921,0.262,0.161,6.74056610137661e-08
"RBMS1","RBMS1",2.62968767631481e-12,-0.696199920338886,0.264,0.378,7.0309959401629e-08
"ENSG00000248397","ENSG00000248397",2.73245127626511e-12,2.85992292687722,0.046,0.006,7.30575497735003e-08
"RBP1","RBP1",2.7387699641506e-12,-1.24336730575128,0.072,0.152,7.32264925314946e-08
"CREB5","CREB5",2.84261969580249e-12,-0.319732026442894,0.897,0.918,7.60031228066712e-08
"ENSG00000259834","ENSG00000259834",3.10269317379341e-12,2.18401170208684,0.066,0.016,8.29567073877145e-08
"PDE2A","PDE2A",3.41969039351056e-12,-1.60214427902397,0.042,0.109,9.14322620512919e-08
"CATSPERT","CATSPERT",3.50011444509049e-12,-0.476243674761183,0.466,0.568,9.35825599183844e-08
"DOCK5","DOCK5",3.63052715441568e-12,-0.234359011998598,0.959,0.977,9.7069404527612e-08
"AJM1","AJM1",3.68753428956207e-12,1.03670497816308,0.194,0.105,9.85936043000212e-08
"CLCN7","CLCN7",3.80151526219496e-12,0.5904985920317,0.454,0.334,1.01641113565307e-07
"TRIM36","TRIM36",3.89849695176297e-12,-0.622036222248406,0.404,0.495,1.04234112999287e-07
"PNPLA6","PNPLA6",3.95742557193924e-12,0.549096485360248,0.486,0.365,1.05809687516939e-07
"ELP4","ELP4",3.99832778802075e-12,-0.580779796426837,0.435,0.546,1.06903290068311e-07
"KLHL42","KLHL42",4.07282334662786e-12,-0.420310496123565,0.626,0.699,1.08895077818789e-07
"STOM","STOM",4.2128714485974e-12,0.95020912462013,0.233,0.139,1.12639543921149e-07
"HHAT","HHAT",4.2781988972133e-12,-0.711213698129681,0.164,0.269,1.14386203914792e-07
"RAB40B","RAB40B",4.29886343616367e-12,-0.271992066020855,0.86,0.886,1.14938711692708e-07
"AFF3","AFF3",4.44040249433e-12,-0.342680471262179,0.907,0.908,1.18723041490901e-07
"CKB","CKB",4.65924115295352e-12,-0.31595141847257,0.742,0.841,1.24574130706518e-07
"EPM2A-DT","EPM2A-DT",4.66717057973031e-12,-1.06031443211711,0.187,0.284,1.24786139790249e-07
"ENSG00000257735","ENSG00000257735",4.79512139078911e-12,-0.98074732796808,0.104,0.193,1.28207160625528e-07
"SLC2A1-DT","SLC2A1-DT",4.85548603744146e-12,-1.32694080368053,0.063,0.139,1.29821130183072e-07
"ARHGAP22","ARHGAP22",4.87479316160721e-12,-0.262069208079349,0.869,0.911,1.30337344761892e-07
"EPCAM-DT","EPCAM-DT",4.89046402991797e-12,0.410204022113862,0.735,0.671,1.30756336767917e-07
"MYLK","MYLK",5.11785119134997e-12,-0.27623857033184,0.821,0.871,1.36835987303124e-07
"SGSM1","SGSM1",5.20052475422285e-12,0.394643085878637,0.715,0.616,1.39046430353656e-07
"ATP6V0B","ATP6V0B",5.53419828231782e-12,0.454745330854403,0.643,0.571,1.47967859474331e-07
"SNX1","SNX1",5.55840968878651e-12,-0.292549765177196,0.864,0.886,1.48615199849085e-07
"TECPR2","TECPR2",5.60662535428309e-12,-0.29481276534752,0.82,0.863,1.49904342097467e-07
"ZXDC","ZXDC",5.93655024461065e-12,0.34980877511394,0.744,0.65,1.58725543890155e-07
"ARL4A","ARL4A",6.11693680887898e-12,0.995896945819248,0.161,0.08,1.63548539458997e-07
"MSH4","MSH4",6.41504948054857e-12,1.29664271508414,0.182,0.098,1.71519177961427e-07
"LINC01549","LINC01549",6.44821089710943e-12,-0.701776415807812,0.21,0.317,1.72405814756015e-07
"TSPAN14","TSPAN14",6.45695474091905e-12,0.59530628810875,0.417,0.295,1.72639598907953e-07
"POLDIP3","POLDIP3",6.49571428280484e-12,0.645845705504266,0.388,0.278,1.73675912779353e-07
"TNFAIP8L3","TNFAIP8L3",6.78518035919064e-12,2.01434215092476,0.067,0.017,1.8141536726368e-07
"GIPR","GIPR",7.04775078277423e-12,1.60423667284989,0.083,0.026,1.88435712679035e-07
"HLA-A","HLA-A",7.08048313864855e-12,0.541401216068188,0.378,0.261,1.89310877678046e-07
"SPHK2","SPHK2",7.19471372746197e-12,0.625474194501845,0.357,0.243,1.92365060931151e-07
"H2AC6","H2AC6",7.41008990488732e-12,0.451198655851805,0.522,0.393,1.98123573786972e-07
"UTP23","UTP23",7.57896987146936e-12,0.651443574949728,0.449,0.344,2.02638917453476e-07
"MED12L","MED12L",7.82932660002527e-12,1.12659725921519,0.217,0.126,2.09332705304876e-07
"ITPR1","ITPR1",7.86270447562179e-12,1.17586402579712,0.155,0.075,2.102251295647e-07
"SPRY1","SPRY1",7.92315734014537e-12,2.07594112524102,0.075,0.022,2.11841457803467e-07
"CLIP2","CLIP2",8.17587721194014e-12,0.257074752545714,0.92,0.877,2.18598429015643e-07
"FAM221A","FAM221A",8.34103300024574e-12,-0.617641586473628,0.336,0.441,2.2301419932757e-07
"DENND5A","DENND5A",8.36087188742216e-12,-0.282460574097107,0.876,0.903,2.23544631654006e-07
"BMPER","BMPER",8.38419170657494e-12,1.57286326334173,0.098,0.036,2.24168133658694e-07
"MVB12B","MVB12B",8.55353023980632e-12,-0.163031519230348,0.992,0.993,2.28695738021701e-07
"EDIL3-DT","EDIL3-DT",8.55950102233435e-12,-0.934305690448161,0.209,0.307,2.28855378834154e-07
"RAPGEF5","RAPGEF5",9.0022100502417e-12,-0.148334016225251,0.994,0.999,2.40692090113312e-07
"ZNF358","ZNF358",9.70624350276258e-12,0.640910415449511,0.378,0.268,2.59515832533363e-07
"NKTR","NKTR",9.90470714313043e-12,-0.257084964246086,0.907,0.918,2.64822154885878e-07
"FAM135B","FAM135B",9.91070411168818e-12,-0.879515138235379,0.12,0.213,2.64982495834207e-07
"HEY2","HEY2",9.93247626202112e-12,1.33796723622003,0.12,0.052,2.65564617817659e-07
"DPP4","DPP4",1.006187756564e-11,1.60902231005973,0.086,0.029,2.69024420472517e-07
"KRT10","KRT10",1.02139825449063e-11,0.674663358423303,0.326,0.218,2.73091251303161e-07
"SELENOW","SELENOW",1.07172659366771e-11,0.311880260589017,0.856,0.833,2.86547539348934e-07
"UBL3","UBL3",1.08517815037207e-11,0.249855945323471,0.894,0.867,2.90144082064979e-07
"LOC101927468","LOC101927468",1.18148732689937e-11,-0.329445105021454,0.785,0.833,3.15894266593085e-07
"ATAD2B","ATAD2B",1.18406695582888e-11,-0.440738650361512,0.589,0.67,3.16583981979968e-07
"LINC02910","LINC02910",1.20820265965319e-11,0.869770880922855,0.261,0.163,3.23037145111474e-07
"TPPP3","TPPP3",1.21694496361188e-11,-0.627035583135072,0.242,0.353,3.25374574920909e-07
"ST13","ST13",1.24016601967461e-11,0.420204476296116,0.657,0.569,3.31583188680399e-07
"QTMAN","QTMAN",1.25556699268818e-11,-0.291490719209913,0.883,0.922,3.3570094683504e-07
"TOM1L1","TOM1L1",1.26466627583391e-11,0.871047390792017,0.241,0.144,3.38133822169713e-07
"POGZ","POGZ",1.2699254122602e-11,-0.19655541307444,0.949,0.968,3.39539957476011e-07
"EFR3B","EFR3B",1.27753544896695e-11,0.309569251021299,0.863,0.785,3.41574652990294e-07
"RGCC","RGCC",1.28563476057133e-11,0.650886441909741,0.505,0.411,3.43740165933956e-07
"TMEM109","TMEM109",1.31465580052336e-11,0.946697826138409,0.122,0.051,3.5149952138593e-07
"MYLK-AS1","MYLK-AS1",1.31832200925527e-11,0.736879592440049,0.26,0.158,3.52479755614582e-07
"GAB2","GAB2",1.35143897493805e-11,-0.245459394984214,0.945,0.953,3.61334238729186e-07
"ANKAR","ANKAR",1.3599951707703e-11,-0.493133358506854,0.513,0.61,3.63621908808854e-07
"SCART1","SCART1",1.4405884858046e-11,-0.755427836341405,0.143,0.24,3.85170143449575e-07
"SLC17A5","SLC17A5",1.52449463930457e-11,0.69843947569256,0.366,0.259,4.07604131710864e-07
"PIGC","PIGC",1.54281888937462e-11,0.572946356967128,0.381,0.267,4.12503486452091e-07
"FBLN5","FBLN5",1.54842159520098e-11,2.25233663948925,0.057,0.012,4.14001481908885e-07
"CCDC30","CCDC30",1.57997223531951e-11,0.489250355226171,0.471,0.356,4.22437176557377e-07
"SHTN1","SHTN1",1.59757523781644e-11,-0.217086425479893,0.988,0.991,4.2714369133498e-07
"FBXW5","FBXW5",1.63786398015457e-11,0.458262935445344,0.372,0.261,4.37915692373927e-07
"HHIP","HHIP",1.66871617747456e-11,-0.969553386774727,0.178,0.275,4.46164644371374e-07
"BCAT1","BCAT1",1.6703911731367e-11,-0.592570818646488,0.399,0.501,4.46612487961559e-07
"FAM53A","FAM53A",1.73943108312837e-11,-1.05310469798912,0.115,0.203,4.65071688696032e-07
"CDK14","CDK14",1.77183436836971e-11,0.408243482132667,0.714,0.603,4.7373535507101e-07
"CEP70","CEP70",1.80220357964571e-11,0.57217624950972,0.461,0.349,4.81855171089875e-07
"ZNF706","ZNF706",1.84504260768406e-11,0.349891629736577,0.69,0.606,4.93309042016487e-07
"JPT2","JPT2",1.8528310855313e-11,0.3810823283653,0.681,0.612,4.95391447338504e-07
"ENSG00000251314","ENSG00000251314",1.92323977032326e-11,-0.635999265092291,0.269,0.382,5.1421661739133e-07
"CADM2","CADM2",1.95308778255247e-11,0.170875600994905,0.974,0.921,5.22197080421054e-07
"NRIP2","NRIP2",2.03854872634647e-11,1.6115540231634,0.08,0.025,5.45046772963255e-07
"KLK6","KLK6",2.05249782836965e-11,0.420195564029838,0.829,0.823,5.48776344371193e-07
"WFS1","WFS1",2.05474697019866e-11,1.02299640851658,0.138,0.063,5.49377697422016e-07
"PEPD","PEPD",2.14216207403935e-11,0.474724680229969,0.52,0.409,5.72749873735901e-07
"DUSP3","DUSP3",2.18459637763617e-11,0.632696794044329,0.297,0.191,5.84095533488584e-07
"HERC1","HERC1",2.25877646746541e-11,-0.285697760865015,0.8,0.84,6.03929064106227e-07
"MTFR1","MTFR1",2.26080204775578e-11,0.588630812228221,0.431,0.318,6.04470643508462e-07
"CD9","CD9",2.30406417222184e-11,0.535332317441698,0.506,0.402,6.16037637726953e-07
"TMEM125","TMEM125",2.33560352363721e-11,-0.451959538652833,0.46,0.567,6.2447031411488e-07
"TRIM47","TRIM47",2.42166395054737e-11,1.38947299277062,0.097,0.036,6.47480290457849e-07
"ADGRL3","ADGRL3",2.42227109056687e-11,-0.225385695593164,0.979,0.961,6.47642621484863e-07
"NOVA1","NOVA1",2.45376028502957e-11,-0.290293839022565,0.845,0.884,6.56061887408357e-07
"DST","DST",2.50808167192062e-11,-0.109352051206751,0.999,0.999,6.70585796621416e-07
"TENT2","TENT2",2.53718308063388e-11,-0.261137161937049,0.805,0.845,6.78366640269081e-07
"SCML1","SCML1",2.54427066822903e-11,-0.95774855142366,0.081,0.161,6.80261648564396e-07
"PLD5","PLD5",2.56196955897281e-11,0.43035578276596,0.649,0.541,6.8499380098256e-07
"LINC02193","LINC02193",2.64120272593326e-11,-0.524123361020353,0.41,0.511,7.06178372832776e-07
"LDHC","LDHC",2.78072876021565e-11,-3.13379089168004,0.006,0.044,7.43483448618858e-07
"BAG2","BAG2",2.8320186860352e-11,1.08413648768441,0.154,0.076,7.57196836085232e-07
"CRNDE","CRNDE",2.99772995916263e-11,0.719924016175369,0.29,0.188,8.01503059181311e-07
"FLRT2","FLRT2",3.05800068079235e-11,1.31813558934148,0.15,0.075,8.1761764202345e-07
"SNX3","SNX3",3.10585975514742e-11,0.486766814708209,0.517,0.418,8.30413722733766e-07
"ALKAL2","ALKAL2",3.18073655435293e-11,1.45948922363182,0.081,0.026,8.50433532537344e-07
"ASNS","ASNS",3.18208626681367e-11,0.794143670554593,0.267,0.166,8.5079440515797e-07
"AKNAD1","AKNAD1",3.18268062691295e-11,1.42638917974553,0.091,0.033,8.50953319217716e-07
"YARS1","YARS1",3.27019529566923e-11,0.672033732375852,0.396,0.29,8.74352116203083e-07
"FHOD1","FHOD1",3.38791472284097e-11,1.76176020072301,0.073,0.022,9.05826759445989e-07
"ZBTB20-AS5","ZBTB20-AS5",3.3928647857652e-11,0.731344262424433,0.257,0.159,9.07150257770043e-07
"C10orf90","C10orf90",3.41712155560987e-11,0.18972392635263,0.993,0.993,9.1363579032341e-07
"NUTM2B-AS1","NUTM2B-AS1",3.46921567750512e-11,-0.348253035627051,0.719,0.79,9.27564195694543e-07
"PRH1","PRH1",3.48723857032332e-11,0.877602984328644,0.228,0.137,9.32382976547345e-07
"ANKRD13D","ANKRD13D",3.5223765971772e-11,0.617470015190576,0.341,0.237,9.41777830787269e-07
"KCNMA1","KCNMA1",3.61240446958378e-11,0.562021497928886,0.63,0.554,9.65848583032616e-07
"TMC6","TMC6",3.61663708140793e-11,0.3272700278737,0.794,0.732,9.6698025645604e-07
"RENBP","RENBP",3.65640983158975e-11,0.92578060335602,0.198,0.111,9.77614296672151e-07
"YEATS2","YEATS2",3.71874687684469e-11,-0.436450872168468,0.551,0.64,9.94281352461964e-07
"HMGN1","HMGN1",3.73525956863665e-11,-0.583370092419559,0.329,0.437,9.98696350866381e-07
"MPDZ","MPDZ",3.75075719664909e-11,0.267356808109178,0.903,0.878,1.00283995166807e-06
"GRAMD2B","GRAMD2B",3.78993858861438e-11,-1.01604026270279,0.101,0.186,1.01331588043783e-06
"RAD54L","RAD54L",3.92654056801608e-11,1.04672511200846,0.167,0.087,1.04983915167046e-06
"OOEP","OOEP",3.9627345326841e-11,0.756836620201286,0.254,0.157,1.05951633200375e-06
"ROM1","ROM1",3.99707638035977e-11,0.783179429821331,0.25,0.153,1.06869831181679e-06
"ETV5","ETV5",4.03788254150584e-11,0.776293813168256,0.298,0.195,1.07960865512242e-06
"RNASEH2C","RNASEH2C",4.09030878266356e-11,0.685269146708781,0.287,0.186,1.09362585922076e-06
"ENSG00000276490","ENSG00000276490",4.22001695425085e-11,4.02786936957737,0.032,0.001,1.12830593305805e-06
"XXYLT1","XXYLT1",4.29368526647665e-11,0.80512679492682,0.348,0.25,1.14800262969786e-06
"FAM149B1","FAM149B1",4.49574955161958e-11,-0.689614552097091,0.278,0.381,1.20202855761653e-06
"TCP1","TCP1",4.50186545329815e-11,0.634907452281023,0.348,0.239,1.20366376624833e-06
"LARP4B","LARP4B",4.55473141287552e-11,-0.390361668991658,0.592,0.671,1.21779853786053e-06
"TTC12","TTC12",4.57408518550101e-11,-0.969435403862255,0.075,0.153,1.22297315604741e-06
"ENSG00000223944","ENSG00000223944",4.5971898753881e-11,0.828658855801734,0.227,0.135,1.22915065698252e-06
"ZNF100","ZNF100",4.61211737008393e-11,-0.670496249486524,0.178,0.28,1.23314182123934e-06
"FAM151B","FAM151B",4.66594684646854e-11,1.03848337950598,0.153,0.076,1.24753420834029e-06
"CAPS","CAPS",4.73873917625847e-11,0.558768331113698,0.399,0.292,1.26699669355623e-06
"TBX6","TBX6",4.82066710709862e-11,1.5852769159509,0.069,0.02,1.28890176442496e-06
"HSPE1-MOB4","HSPE1-MOB4",5.04572334370589e-11,1.87362981089367,0.066,0.018,1.34907505040664e-06
"CCNE2","CCNE2",5.128469069647e-11,-0.676515819095691,0.214,0.317,1.37119877515152e-06
"NUCKS1","NUCKS1",5.16826007322017e-11,-0.263056289014898,0.84,0.889,1.38183769577688e-06
"EFCAB7","EFCAB7",5.2349613943929e-11,0.661368816853999,0.28,0.18,1.39967162801883e-06
"MED14","MED14",5.24044722393712e-11,-0.538438140422721,0.338,0.446,1.40113837426407e-06
"DOCK4","DOCK4",5.41137978517683e-11,-0.170920085900839,0.967,0.974,1.44684061316273e-06
"ATP1A1","ATP1A1",5.59248222404089e-11,0.324536976058916,0.732,0.659,1.49526197224181e-06
"ENSG00000244198","ENSG00000244198",5.69749318117167e-11,1.98890997314739,0.068,0.02,1.52333875184987e-06
"ZFHX4-AS1","ZFHX4-AS1",5.94943293336026e-11,-1.65597392842442,0.034,0.092,1.59069988339253e-06
"SERPINH1","SERPINH1",6.08196050080785e-11,1.95078678882578,0.058,0.014,1.62613377910099e-06
"STXBP3","STXBP3",6.16577151258032e-11,-0.30518743621527,0.797,0.839,1.6485423293186e-06
"DIAPH2-AS1","DIAPH2-AS1",6.25630354933486e-11,1.24746763645957,0.151,0.077,1.67274787998566e-06
"SOD1","SOD1",6.29763777106151e-11,0.453097176780845,0.662,0.597,1.68379941084872e-06
"STAG3","STAG3",6.32340802868557e-11,-0.944615212771887,0.109,0.193,1.69068960462966e-06
"PC","PC",6.33441265838116e-11,0.527160758179294,0.487,0.366,1.69363191247137e-06
"CRYM","CRYM",6.4842403151966e-11,1.88418149098067,0.07,0.021,1.73369133307411e-06
"MGAT4B","MGAT4B",6.57110879985345e-11,0.854701676600332,0.187,0.103,1.75691735981682e-06
"SALL1","SALL1",6.92041887711618e-11,0.443714329416937,0.622,0.539,1.85031239517455e-06
"SOS1","SOS1",6.98162853065765e-11,0.328070909732372,0.779,0.703,1.86667802024193e-06
"ENSG00000229989","ENSG00000229989",7.11083119745498e-11,-0.378901862248887,0.757,0.806,1.90122293726354e-06
"WDSUB1","WDSUB1",7.34815955522623e-11,0.557689697046817,0.485,0.378,1.96467742028084e-06
"CASC2","CASC2",7.5699906361789e-11,-0.902571190092471,0.096,0.178,2.02398839639515e-06
"FAM107B","FAM107B",7.78900384112843e-11,-0.207747981790084,0.969,0.98,2.08254595700251e-06
"DOCK1","DOCK1",7.87410094156808e-11,0.226198087851816,0.983,0.964,2.10529836874706e-06
"ALMS1","ALMS1",7.97662619145739e-11,-0.367692452644933,0.61,0.703,2.13271054480996e-06
"LHFPL3-AS2","LHFPL3-AS2",8.24703412582972e-11,1.12761957533924,0.129,0.059,2.20500951422309e-06
"ANKRD13C","ANKRD13C",8.29850509713173e-11,-0.373699789718473,0.543,0.643,2.21877130782011e-06
"METTL21A","METTL21A",8.59292452005894e-11,0.715920210447944,0.245,0.151,2.29749022892816e-06
"DECR1","DECR1",8.60518683075932e-11,-0.603351376505768,0.307,0.412,2.30076880294012e-06
"LEKR1","LEKR1",8.74016350829594e-11,-1.47382895989499,0.039,0.1,2.33685751721309e-06
"CCDC62","CCDC62",8.76651213392765e-11,0.903733280545426,0.214,0.127,2.34390234924823e-06
"TNS2-AS1","TNS2-AS1",9.05685822813166e-11,-0.679789481943069,0.218,0.318,2.42153218445556e-06
"MICU2","MICU2",9.48026161387931e-11,-0.326966120250125,0.654,0.729,2.53473754770291e-06
"PRELID2","PRELID2",9.59237549397682e-11,0.327795033628053,0.689,0.581,2.56471343582458e-06
"SH3KBP1","SH3KBP1",9.70254597623209e-11,0.230874025887309,0.931,0.898,2.59416971766517e-06
"UBE3A","UBE3A",9.88557831638787e-11,-0.332500839220092,0.683,0.759,2.64310707445262e-06
"SLC12A2","SLC12A2",9.93085335776739e-11,0.201063793124829,0.936,0.924,2.65521226226627e-06
"SYNGR2","SYNGR2",9.9479365562167e-11,0.448965342053157,0.601,0.505,2.65977979703566e-06
"NKAPL","NKAPL",1.01493298214432e-10,1.08440508865634,0.141,0.069,2.71362631435927e-06
"GNAZ","GNAZ",1.03282132844485e-10,0.468011740256397,0.493,0.39,2.761454385863e-06
"SLC6A15","SLC6A15",1.03873768430869e-10,1.20608452837802,0.174,0.097,2.77727294653615e-06
"DDIT4","DDIT4",1.04583114362803e-10,0.44255051737315,0.301,0.196,2.79623872871827e-06
"CTDSP2","CTDSP2",1.0515881404174e-10,0.520274937748072,0.462,0.354,2.811631211034e-06
"GNB1","GNB1",1.0896708778563e-10,0.237466789585345,0.916,0.893,2.91345302612439e-06
"ADAM32","ADAM32",1.11326273372916e-10,1.03923783863917,0.213,0.127,2.97653057117165e-06
"MBNL2","MBNL2",1.12019250418807e-10,-0.145294232386857,0.99,0.99,2.99505869844763e-06
"H2BC5","H2BC5",1.13272584819546e-10,1.14552160357308,0.118,0.052,3.02856910032021e-06
"SPATA6","SPATA6",1.13895359629619e-10,-0.266309737788688,0.914,0.934,3.04522023041712e-06
"OPTN","OPTN",1.13928199829797e-10,0.41732282564165,0.563,0.458,3.04609827884929e-06
"ENSG00000225521","ENSG00000225521",1.15038094369238e-10,-1.46509510179258,0.045,0.107,3.07577352915033e-06
"ENSG00000259867","ENSG00000259867",1.1769138299506e-10,-1.08013759772792,0.077,0.152,3.14671450713893e-06
"SLC44A2","SLC44A2",1.20342228560706e-10,-0.56657465821303,0.417,0.52,3.21759016502759e-06
"TPRN","TPRN",1.26350028357321e-10,0.526848304813589,0.447,0.338,3.37822070818969e-06
"SIM2","SIM2",1.28705223374988e-10,-1.96740316805638,0.01,0.052,3.44119155737705e-06
"CCT7","CCT7",1.30567431042078e-10,0.544282525324485,0.363,0.257,3.49098140377203e-06
"CFAP54","CFAP54",1.3384064131039e-10,-0.988082525842067,0.124,0.209,3.5784972267159e-06
"GRK5","GRK5",1.34252374150763e-10,0.996558872742471,0.164,0.088,3.58950572766896e-06
"ENSG00000254777","ENSG00000254777",1.36185638024808e-10,-1.26446365079281,0.058,0.126,3.6411954038693e-06
"BABAM2","BABAM2",1.36217687533359e-10,-0.302725111366921,0.7,0.775,3.64205231157943e-06
"AGTPBP1","AGTPBP1",1.39999085901332e-10,-0.206939378777325,0.956,0.969,3.7431555597439e-06
"ZDHHC11","ZDHHC11",1.40515171269369e-10,0.76305628026243,0.225,0.135,3.75695413422912e-06
"ENSG00000235609","ENSG00000235609",1.41862768813771e-10,0.927667727986083,0.166,0.088,3.7929848497738e-06
"SLC45A2","SLC45A2",1.42059603249238e-10,1.10084290598001,0.116,0.051,3.79824761207487e-06
"SANBR","SANBR",1.44056433067995e-10,-0.379811657416475,0.621,0.698,3.85163685093899e-06
"CMTM4","CMTM4",1.44989248434611e-10,0.362410482613009,0.669,0.563,3.87657753539619e-06
"DMD","DMD",1.48397109475636e-10,-0.427761645007917,0.622,0.697,3.96769351605009e-06
"ANKUB1","ANKUB1",1.53566341366194e-10,0.429123610015979,0.485,0.365,4.10590326910793e-06
"ENSG00000273321","ENSG00000273321",1.54758074856343e-10,1.78081553042036,0.064,0.018,4.13776664743405e-06
"PTPDC1","PTPDC1",1.59206015766001e-10,-0.422248330451174,0.539,0.625,4.25669124353558e-06
"CIP2A","CIP2A",1.60726390390582e-10,-1.82925497401819,0.021,0.07,4.29734149987298e-06
"ATP5PF","ATP5PF",1.61840539063257e-10,0.549565727157515,0.407,0.303,4.32713049293429e-06
"RNF24","RNF24",1.6248665466152e-10,0.444350235569522,0.446,0.327,4.34440568568507e-06
"CFAP221","CFAP221",1.64223818501507e-10,-2.27531556036267,0.017,0.063,4.3908522352748e-06
"CRELD1","CRELD1",1.66385451055713e-10,0.636371699623535,0.324,0.224,4.44864780487659e-06
"ENSG00000260911","ENSG00000260911",1.67736240663499e-10,0.607244704035788,0.437,0.333,4.48476386661998e-06
"RAP2C-AS1","RAP2C-AS1",1.73822812295764e-10,-0.912582697850381,0.152,0.241,4.64750053235185e-06
"OTUD7B","OTUD7B",1.74656536622623e-10,-0.20453266181374,0.923,0.933,4.66979181967908e-06
"EID1","EID1",1.79991427961926e-10,0.344757687244474,0.722,0.668,4.812430809418e-06
"ENSG00000251675","ENSG00000251675",1.84645719746102e-10,0.758042418111118,0.216,0.127,4.93687260885152e-06
"KLHDC10","KLHDC10",1.86952868714074e-10,-0.404204583879525,0.428,0.539,4.99855885080819e-06
"ENSG00000225279","ENSG00000225279",1.89022344716768e-10,1.0687370371706,0.117,0.052,5.05389043069221e-06
"ENSG00000278013","ENSG00000278013",1.95445802531018e-10,0.708088734192648,0.181,0.098,5.22563442227184e-06
"ITM2B","ITM2B",2.03816883421141e-10,0.316180193073746,0.83,0.801,5.44945201203106e-06
"ENPP2","ENPP2",2.09421737270326e-10,-0.147679873957141,0.994,0.995,5.59930898939671e-06
"PIGN","PIGN",2.0982983799855e-10,-0.32916424670676,0.699,0.765,5.61022037856723e-06
"CYP2U1-AS1","CYP2U1-AS1",2.1689604802386e-10,0.277521743852249,0.892,0.844,5.79914963601396e-06
"ENSG00000258569","ENSG00000258569",2.24624886780499e-10,-0.597221395470415,0.328,0.427,6.0057955978502e-06
"WAC","WAC",2.26475428727778e-10,0.253894754398794,0.883,0.857,6.05527353789461e-06
"IRF2BP2","IRF2BP2",2.29060464426771e-10,0.408088478725314,0.56,0.458,6.12438963737857e-06
"ENSG00000250764","ENSG00000250764",2.30322329568104e-10,0.975314374271655,0.117,0.052,6.15812812566241e-06
"PTS","PTS",2.35573399944727e-10,-0.488077555775314,0.388,0.489,6.29852599432216e-06
"EPB41L3","EPB41L3",2.36258490356497e-10,-0.277545759950978,0.813,0.877,6.31684325666166e-06
"ITSN1","ITSN1",2.3630311589711e-10,0.469852409414112,0.535,0.429,6.31803640974102e-06
"SLC75A1","SLC75A1",2.38515640026141e-10,0.657297434113417,0.197,0.112,6.37719266737893e-06
"ENSG00000224505","ENSG00000224505",2.39467418230423e-10,-0.793471052244836,0.148,0.239,6.40264036122681e-06
"ABCA1","ABCA1",2.39545234921331e-10,-0.944730316894279,0.12,0.204,6.40472094609162e-06
"NAA16","NAA16",2.39895840664662e-10,0.42480416255159,0.583,0.485,6.41409509185106e-06
"EHBP1","EHBP1",2.40457977350824e-10,0.445735912129115,0.617,0.521,6.42912494042898e-06
"ZZZ3","ZZZ3",2.40864049695023e-10,-0.280423004701296,0.785,0.831,6.43998209669584e-06
"PRR18","PRR18",2.45321726053159e-10,-0.548805873381687,0.402,0.503,6.5591669894833e-06
"BTN3A2","BTN3A2",2.49412350676006e-10,1.26394428828338,0.12,0.055,6.66853802002438e-06
"RHOQ","RHOQ",2.53554909153765e-10,0.643149520896762,0.341,0.242,6.77929760604421e-06
"DNA2","DNA2",2.57253730386681e-10,0.696009673103356,0.27,0.171,6.8781929893487e-06
"MARCHF8","MARCHF8",2.64604885747797e-10,0.381377523241792,0.729,0.641,7.07474083023884e-06
"WDR11-DT","WDR11-DT",2.66937276364765e-10,-0.532228181943548,0.347,0.45,7.13710195816471e-06
"ENSG00000244055","ENSG00000244055",2.72379685922011e-10,-0.279680268671886,0.695,0.754,7.28261566249681e-06
"PRKX","PRKX",2.7458978290975e-10,0.504990755825384,0.514,0.419,7.34170702565798e-06
"CERS2","CERS2",2.76732711325845e-10,0.443537943180733,0.594,0.509,7.39900250271911e-06
"AGMO","AGMO",2.87420317735105e-10,-1.1064765569184,0.066,0.136,7.6847570352835e-06
"ENDOD1","ENDOD1",2.91642024045566e-10,-0.292507500251978,0.732,0.786,7.7976327969063e-06
"CRYZ","CRYZ",2.91819703484422e-10,1.11684570024334,0.169,0.093,7.80238341206299e-06
"SLC29A3","SLC29A3",2.92376958484652e-10,1.06254783097064,0.155,0.081,7.81728273900413e-06
"SENP5","SENP5",3.0046187730498e-10,-0.365161294911721,0.509,0.61,8.03344921350326e-06
"LIPC","LIPC",3.08131108019423e-10,-0.778304628990741,0.176,0.27,8.23850143511531e-06
"PTOV1","PTOV1",3.10994650083655e-10,0.373633080624082,0.458,0.352,8.31506395928668e-06
"SCN1A-AS1","SCN1A-AS1",3.16187853843328e-10,2.08150328796786,0.053,0.012,8.45391464820906e-06
"COL9A1","COL9A1",3.19542270236043e-10,-2.65784955647211,0.006,0.041,8.54360167930107e-06
"LINC01134","LINC01134",3.19788168659743e-10,1.94474856543773,0.055,0.014,8.55017626545556e-06
"H3-3B","H3-3B",3.21091625921944e-10,-0.386279674755365,0.568,0.665,8.58502680227501e-06
"CAPN9-AS1","CAPN9-AS1",3.27324210490537e-10,-1.30937480227406,0.055,0.12,8.7516674158855e-06
"SIPA1L3","SIPA1L3",3.33788546514874e-10,0.380135393941057,0.704,0.626,8.92450436816819e-06
"AK8","AK8",3.38760361573452e-10,-1.11317713309527,0.036,0.093,9.0574357873894e-06
"ACYP2","ACYP2",3.39871229278265e-10,-0.225550048707233,0.891,0.912,9.08713705721296e-06
"PPM1K","PPM1K",3.58688637290801e-10,0.343884595683445,0.669,0.58,9.59025809524416e-06
"STK35","STK35",3.65336095555543e-10,0.679038774335269,0.305,0.208,9.76799118686856e-06
"SCMH1-DT","SCMH1-DT",3.6577764181296e-10,1.11197272339276,0.1,0.041,9.77979680915312e-06
"PIEZO2","PIEZO2",3.69468284341613e-10,0.227690790247493,0.957,0.949,9.87847351844171e-06
"BUB3","BUB3",3.82376013355751e-10,0.497517677252061,0.461,0.354,1.02235874690927e-05
"LINC00667","LINC00667",3.85093753165555e-10,0.464617919016071,0.554,0.463,1.02962516783874e-05
"TAOK3","TAOK3",3.92398819238197e-10,0.291279008990954,0.847,0.781,1.04915672299717e-05
"SLC49A4","SLC49A4",4.00272177287291e-10,-0.733476759516903,0.216,0.307,1.07020772041303e-05
"SOX8","SOX8",4.02599331904024e-10,-0.499791764280687,0.424,0.529,1.07642983371179e-05
"LOC107984948","LOC107984948",4.2427630869817e-10,-1.15827280259534,0.074,0.144,1.1343875665663e-05
"KLHL36","KLHL36",4.29538484684406e-10,0.656146126190121,0.273,0.177,1.1484570465007e-05
"LRRTM2","LRRTM2",4.32052512370293e-10,-1.35275576896949,0.039,0.097,1.15517880232445e-05
"CRBN","CRBN",4.37730834345655e-10,0.424419486501701,0.661,0.589,1.17036093178998e-05
"NAPEPLD","NAPEPLD",4.5265293422298e-10,-0.35134913938054,0.67,0.731,1.21025815023198e-05
"IMMP1L","IMMP1L",4.62490222337052e-10,-0.504094944646178,0.355,0.456,1.23656010746258e-05
"ARID5A","ARID5A",4.69862632046248e-10,1.23920858012333,0.104,0.044,1.25627171930205e-05
"ENSG00000248544","ENSG00000248544",4.87327734673909e-10,-2.06693566976634,0.009,0.047,1.30296816419763e-05
"THBS4-AS1","THBS4-AS1",4.89925231975962e-10,1.4624211959434,0.086,0.033,1.30991309273413e-05
"LINC02240","LINC02240",4.92160922020226e-10,0.654871381738799,0.186,0.105,1.31589065720548e-05
"ENSG00000257526","ENSG00000257526",5.00133535150717e-10,-1.01158249981708,0.096,0.173,1.33720703293247e-05
"BICD1","BICD1",5.03187218786773e-10,-0.305341590181641,0.822,0.852,1.3453716668702e-05
"ATOSB","ATOSB",5.1178275069697e-10,-0.771290079490401,0.201,0.297,1.36835354053849e-05
"ADAMTS12","ADAMTS12",5.28236517805017e-10,0.390747910885097,0.549,0.439,1.41234597765527e-05
"ENSG00000223797","ENSG00000223797",5.37856285761959e-10,-0.484875221680427,0.55,0.622,1.43806635124175e-05
"IL13RA1","IL13RA1",5.43384453096939e-10,-1.04134319672907,0.069,0.138,1.45284701224528e-05
"ENSG00000246225","ENSG00000246225",5.58075442686548e-10,-1.06432403350962,0.091,0.163,1.49212631111102e-05
"MGMT","MGMT",5.71117876058969e-10,-0.466000681068321,0.37,0.477,1.52699786521887e-05
"FBXL7","FBXL7",5.90419716815086e-10,-0.246456898940346,0.925,0.941,1.57860519684849e-05
"ALDH3B1","ALDH3B1",6.00301329202534e-10,-0.981618360193883,0.084,0.158,1.60502566388882e-05
"EXD3","EXD3",6.16438739403037e-10,-0.635634670639692,0.219,0.317,1.6481722575419e-05
"MARCHF6","MARCHF6",6.18214848129528e-10,0.263529431515119,0.865,0.846,1.65292103944392e-05
"EMILIN2","EMILIN2",6.23676218434567e-10,-0.602848519362133,0.349,0.442,1.6675231052285e-05
"KAT2A","KAT2A",6.24576378769978e-10,0.467166191482344,0.368,0.259,1.66992986391729e-05
"TCF25","TCF25",6.49212400323571e-10,0.296609137616354,0.808,0.742,1.73579919474513e-05
"ENSG00000253549","ENSG00000253549",6.51741900110707e-10,1.2932515484495,0.081,0.029,1.742562318326e-05
"MACROD1","MACROD1",6.54258934668717e-10,0.746561805050265,0.227,0.141,1.74929211362375e-05
"HBP1","HBP1",6.6523900058369e-10,0.342447739053677,0.694,0.612,1.77864951586061e-05
"NFE2L2","NFE2L2",6.74643835585406e-10,-0.20679140695674,0.916,0.937,1.8037952232047e-05
"STX7","STX7",6.82335489643661e-10,0.31818834614723,0.768,0.687,1.82436039866026e-05
"UBE2E2","UBE2E2",6.85409140150047e-10,-0.188980765860716,0.97,0.963,1.83257841801918e-05
"CEP43","CEP43",7.11024436851191e-10,-0.719850125773875,0.158,0.246,1.90106603680903e-05
"ST3GAL5","ST3GAL5",7.11454214080663e-10,-0.366963142109284,0.675,0.731,1.90221513218747e-05
"MRPS9-AS2","MRPS9-AS2",7.13817753311309e-10,0.549271957203026,0.262,0.167,1.90853452702845e-05
"ARMC8","ARMC8",7.18406155417017e-10,0.33393542884545,0.81,0.731,1.92080253773848e-05
"C11orf65","C11orf65",7.24278346869761e-10,-0.741881995080643,0.214,0.306,1.93650301602568e-05
"CKMT2","CKMT2",7.30225398667509e-10,0.456934474421746,0.491,0.39,1.95240364841732e-05
"SNX19","SNX19",7.32631986586186e-10,-0.501880071291084,0.561,0.604,1.95883814253549e-05
"LRRC4C","LRRC4C",7.35496954616594e-10,-0.480588318146217,0.592,0.647,1.96649820755839e-05
"SIPA1L1-AS1","SIPA1L1-AS1",7.39012680423403e-10,-1.78411062512991,0.017,0.061,1.97589820364805e-05
"ACTR1B","ACTR1B",7.4116553519002e-10,0.516140648597552,0.381,0.276,1.98165429143756e-05
"PNLDC1","PNLDC1",7.45422481304425e-10,1.92445983641863,0.048,0.01,1.99303608826364e-05
"SERTAD4","SERTAD4",7.49659223116604e-10,0.942261441503285,0.136,0.068,2.00436386484686e-05
"CT69","CT69",7.54681167786528e-10,-1.77292296202463,0.027,0.077,2.01779103831084e-05
"SORD","SORD",7.62725879048939e-10,0.672142229596941,0.311,0.214,2.03930018281315e-05
"XNDC1N","XNDC1N",7.79842674909869e-10,-0.536619643949969,0.294,0.395,2.08506535990652e-05
"CTSH","CTSH",7.82386430160448e-10,-1.8019914820908,0.018,0.063,2.09186659831999e-05
"ARNT2","ARNT2",7.9356713383878e-10,-0.293557423940853,0.611,0.696,2.12176044574475e-05
"LOC100128079","LOC100128079",7.95293186482492e-10,-0.334939694543359,0.489,0.596,2.12637539269824e-05
"SLC35E4","SLC35E4",8.49312612201267e-10,0.658846924988502,0.256,0.163,2.27080713124253e-05
"HEPH","HEPH",8.61566708167999e-10,-1.21981899616785,0.059,0.124,2.30357090762878e-05
"CDR2","CDR2",8.66003475960474e-10,0.521331806782381,0.422,0.314,2.31543349367552e-05
"PLPP3","PLPP3",8.68128280716173e-10,-0.487432241532268,0.383,0.478,2.32111458415083e-05
"NAAA","NAAA",8.7243630540324e-10,0.882797446701608,0.285,0.197,2.33263294975664e-05
"NFKB1","NFKB1",8.97702337427343e-10,0.381187376076325,0.731,0.65,2.40018673957949e-05
"MYO9B","MYO9B",9.14813072660932e-10,0.224030939731767,0.915,0.874,2.44593571237353e-05
"ADSS2","ADSS2",9.18438766779076e-10,0.406232755225161,0.749,0.673,2.45562973073722e-05
"ANKS1B","ANKS1B",9.36433122921518e-10,-0.173274867364556,0.985,0.99,2.50374124075526e-05
"TEX9","TEX9",9.7202954383238e-10,-0.893869209372607,0.178,0.264,2.59891539134463e-05
"FASN","FASN",9.80585677264072e-10,0.453588626327438,0.442,0.331,2.62179192530095e-05
"CTBP2","CTBP2",9.89746432665811e-10,0.359384692070482,0.792,0.731,2.64628503701858e-05
"IFI16","IFI16",9.95301224958645e-10,-1.68514068069673,0.016,0.059,2.66113688517193e-05
"TPGS1","TPGS1",1.00023821367791e-09,0.525724243042173,0.313,0.212,2.67433691191063e-05
"PCDH17","PCDH17",1.05621209936223e-09,0.401056418547937,0.569,0.461,2.8239942900648e-05
"KCNQ1","KCNQ1",1.05626771290914e-09,0.392708442587914,0.468,0.352,2.82414298400518e-05
"TBC1D12","TBC1D12",1.06031105074802e-09,0.213982320617855,0.974,0.958,2.83495365638497e-05
"LUC7L2","LUC7L2",1.09342271347719e-09,-0.509768851719073,0.303,0.402,2.92348430902397e-05
"RAN","RAN",1.09546494995066e-09,0.578470742146441,0.308,0.211,2.92894463668308e-05
"SCGB2B2","SCGB2B2",1.09704827081773e-09,-0.367454277467864,0.585,0.673,2.93317796168536e-05
"IARS1","IARS1",1.10920293924244e-09,0.541713988401927,0.51,0.419,2.96567589865251e-05
"CCDC175","CCDC175",1.11134986130141e-09,1.467579310403,0.064,0.02,2.97141612416158e-05
"LINC03013","LINC03013",1.12868849419743e-09,-1.08174266831881,0.1,0.175,3.01777442693566e-05
"NSUN2","NSUN2",1.18802968567841e-09,-0.588206697431965,0.247,0.341,3.17643497059836e-05
"GARS1","GARS1",1.20724820048717e-09,0.611883341926546,0.333,0.234,3.22781951364255e-05
"ABCD3","ABCD3",1.21643985315119e-09,-0.376047512473445,0.551,0.631,3.25239523537033e-05
"GPRC5B","GPRC5B",1.22689550569847e-09,0.233342874485232,0.916,0.9,3.28035051358599e-05
"IP6K3","IP6K3",1.23036630529491e-09,0.521362467445794,0.438,0.336,3.28963039046699e-05
"MFSD12","MFSD12",1.23376456690566e-09,0.484455708033935,0.478,0.382,3.29871632253567e-05
"ZC3H6","ZC3H6",1.27838108077198e-09,-0.36088659285731,0.657,0.724,3.41800749566005e-05
"HSPA9","HSPA9",1.30785421536552e-09,0.366540016907489,0.562,0.455,3.4968098156228e-05
"BCL2","BCL2",1.31826108514909e-09,0.351339652153226,0.772,0.698,3.52463466336312e-05
"FAM184B","FAM184B",1.34994810205502e-09,0.97520380551753,0.136,0.069,3.60935624046451e-05
"LINC00836","LINC00836",1.37527447657931e-09,2.63818814737409,0.041,0.007,3.67707136803009e-05
"HPRT1","HPRT1",1.38329098083651e-09,0.427311163509063,0.569,0.474,3.69850509546258e-05
"FOCAD","FOCAD",1.41318241387493e-09,-0.436282203201031,0.452,0.552,3.7784258199774e-05
"PCDH20","PCDH20",1.41426452737289e-09,1.17868898945921,0.091,0.037,3.78131906683689e-05
"ITGA6","ITGA6",1.42712242751023e-09,-1.38154562379235,0.026,0.075,3.8156972344341e-05
"RBM26","RBM26",1.44844566830793e-09,-0.233341300888235,0.86,0.895,3.8727091833549e-05
"C12orf57","C12orf57",1.4664032071361e-09,0.758969567571179,0.171,0.095,3.9207222549198e-05
"LDLR","LDLR",1.49138886059609e-09,0.962326226959456,0.204,0.126,3.98752639657576e-05
"DDX17","DDX17",1.49736824274141e-09,0.14249643913082,0.988,0.988,4.00351347061772e-05
"YME1L1","YME1L1",1.49841655626039e-09,-0.408627628238855,0.469,0.553,4.0063163464734e-05
"SIPA1L2","SIPA1L2",1.51981480867507e-09,1.22258403293618,0.142,0.075,4.06352885395454e-05
"SNORC","SNORC",1.56629520203281e-09,0.39528643034457,0.714,0.662,4.18780348167513e-05
"LANCL1","LANCL1",1.56830567132536e-09,-0.180370197912453,0.979,0.98,4.1931788734226e-05
"ATP5F1E","ATP5F1E",1.58092439918353e-09,0.458315007744234,0.642,0.584,4.226917566097e-05
"STK3","STK3",1.58244092362317e-09,-0.2921820737752,0.784,0.828,4.23097229749127e-05
"SCG5","SCG5",1.59135132746642e-09,0.352740859477546,0.636,0.554,4.25479604424696e-05
"ATP11A","ATP11A",1.59181439162223e-09,0.231959133806664,0.921,0.89,4.25603413888036e-05
"TMEM232","TMEM232",1.67529130112562e-09,-0.512608224870657,0.459,0.544,4.47922635181958e-05
"HSCB","HSCB",1.68895025411541e-09,0.669694923913171,0.286,0.193,4.51574629442836e-05
"CATSPERE","CATSPERE",1.70783305090791e-09,-0.460260771680158,0.343,0.442,4.56623322821248e-05
"CFAP70","CFAP70",1.72524011619449e-09,-0.595129349914713,0.207,0.304,4.61277449866921e-05
"SLC25A23","SLC25A23",1.76302705028496e-09,0.529292031266746,0.364,0.266,4.71380542434689e-05
"E2F4","E2F4",1.82630214564807e-09,0.923036417412969,0.189,0.112,4.88298404681925e-05
"ENSG00000272769","ENSG00000272769",1.83787760628866e-09,1.65339531352261,0.053,0.014,4.91393335593398e-05
"MORF4L2","MORF4L2",1.85131355183791e-09,0.302831067044144,0.628,0.53,4.94985704354902e-05
"SLC6A9","SLC6A9",1.85359695539864e-09,0.332564108509682,0.679,0.594,4.95596217964936e-05
"THSD7B","THSD7B",1.89549636620811e-09,-0.816235722461212,0.136,0.219,5.06798863433064e-05
"FTX","FTX",2.15906022336808e-09,0.174260080150316,0.997,0.988,5.77267931921922e-05
"SLF2","SLF2",2.16202860340808e-09,-0.257951923038283,0.808,0.847,5.78061587693218e-05
"RTN3","RTN3",2.18870385673067e-09,0.222722695087,0.945,0.935,5.85193750174079e-05
"LINC01068","LINC01068",2.19471722642052e-09,3.16572744219894,0.033,0.004,5.86801544828054e-05
"NRP2","NRP2",2.21272951316455e-09,-1.05479665757003,0.066,0.132,5.91617489934806e-05
"DRC8","DRC8",2.25252601239234e-09,0.456307308313356,0.513,0.41,6.0225787993334e-05
"WASHC3","WASHC3",2.26889155503328e-09,-0.393879892415207,0.518,0.616,6.06633535069249e-05
"KIAA0586","KIAA0586",2.28291744319618e-09,0.290106988917704,0.755,0.701,6.10383636787363e-05
"HDAC5","HDAC5",2.35216308843174e-09,0.4213036653439,0.519,0.412,6.28897844953995e-05
"HINT1","HINT1",2.35691993812723e-09,0.446804178123799,0.511,0.429,6.30169683857077e-05
"NCOA7","NCOA7",2.38391844904364e-09,0.162795092935315,0.966,0.939,6.37388275720798e-05
"RBIS","RBIS",2.42154969656644e-09,0.629889210367519,0.258,0.169,6.47449742370969e-05
"TEX264","TEX264",2.43167921513004e-09,0.598216212923757,0.284,0.189,6.50158071749318e-05
"PHF21A","PHF21A",2.46555430365769e-09,0.252273548127027,0.878,0.83,6.59215254168955e-05
"TMEM181","TMEM181",2.47797554647253e-09,0.484802649048907,0.568,0.487,6.62536321860361e-05
"ABHD3","ABHD3",2.52170721989819e-09,0.915356552057198,0.211,0.133,6.74228859384179e-05
"EIF1","EIF1",2.52186586654654e-09,0.335736225395135,0.837,0.839,6.74271276738548e-05
"ZNF524","ZNF524",2.55692015111588e-09,0.791169737202361,0.187,0.11,6.83643740803854e-05
"CACUL1","CACUL1",2.57138020103202e-09,-0.424251766768988,0.427,0.529,6.87509924349932e-05
"UBXN4","UBXN4",2.61035516236583e-09,-0.288072947767887,0.683,0.759,6.97930659761752e-05
"IKBKB","IKBKB",2.6601535282016e-09,0.463026518581709,0.484,0.384,7.11245248835263e-05
"MIR99AHG","MIR99AHG",2.67503375277356e-09,-0.241965413092489,0.936,0.95,7.15223774479067e-05
"CA11","CA11",2.75923837533225e-09,0.976294805710333,0.149,0.08,7.37737564412582e-05
"MYEF2","MYEF2",2.79187396843437e-09,-0.433768019295986,0.401,0.492,7.46463342940296e-05
"PRDM6","PRDM6",2.84469435710893e-09,0.721707707760639,0.251,0.166,7.60585930260216e-05
"DOCK10","DOCK10",2.87831835006398e-09,-0.124525489145032,0.996,0.995,7.69575977256606e-05
"MTHFD1L","MTHFD1L",2.8792685934172e-09,-0.487264886831272,0.502,0.587,7.69830043821958e-05
"ELMO1-AS1","ELMO1-AS1",2.90176018670778e-09,0.573764187023997,0.343,0.25,7.7584362112006e-05
"IQCJ-SCHIP1","IQCJ-SCHIP1",2.9108305557174e-09,0.288395324560511,0.907,0.863,7.78268765682162e-05
"FAIM","FAIM",2.92145397495359e-09,-0.805402041571832,0.144,0.225,7.81109149283341e-05
"REPS2","REPS2",2.98088590427196e-09,-0.304374685494657,0.802,0.84,7.96999464225193e-05
"PCBP4","PCBP4",3.12725280540703e-09,-0.353221203924277,0.605,0.688,8.36133582581678e-05
"SDK2","SDK2",3.14313474897219e-09,0.691702748537877,0.328,0.24,8.40379937832694e-05
"RETREG2","RETREG2",3.16624018596791e-09,0.514512562161284,0.403,0.301,8.4655763852224e-05
"TNS2","TNS2",3.28955576463748e-09,-0.550753120132004,0.235,0.33,8.79528524791124e-05
"DOP1A","DOP1A",3.33570128562351e-09,-0.312884191580013,0.663,0.714,8.91866452737159e-05
"MNAT1","MNAT1",3.34048496672122e-09,-0.271413851530007,0.73,0.789,8.93145465552253e-05
"WDR31","WDR31",3.34875586638807e-09,-1.6147740293618,0.025,0.071,8.95356855996179e-05
"CCDC7","CCDC7",3.43938974606873e-09,-0.224507713611387,0.777,0.824,9.19589636406396e-05
"BRD10","BRD10",3.44233280737924e-09,0.29180978902592,0.833,0.776,9.20376522708987e-05
"RTCA","RTCA",3.48644101538098e-09,-0.630940933296059,0.22,0.311,9.32169734282414e-05
"SPACA6","SPACA6",3.50314225273196e-09,0.867028732410247,0.2,0.123,9.36635144112945e-05
"ZFP37","ZFP37",3.52498858752433e-09,-0.747757997969719,0.111,0.188,9.4247619864638e-05
"RBFOX2","RBFOX2",3.6221518138833e-09,-0.278908558876855,0.704,0.777,9.68454730477977e-05
"HIF1A-AS3","HIF1A-AS3",3.62604652591572e-09,0.689412905751717,0.153,0.082,9.69496059634087e-05
"UBE2B","UBE2B",3.64893047281705e-09,0.33343005074546,0.681,0.607,9.75614540517094e-05
"HACD3","HACD3",3.67362334230663e-09,0.280281930867819,0.8,0.766,9.82216673032524e-05
"PADI2","PADI2",3.71106667184597e-09,-0.225765284217593,0.873,0.904,9.92227896051457e-05
"NT5DC1","NT5DC1",3.74078107987957e-09,-0.199910097833442,0.951,0.953,0.00010001726373274
"LRCH4","LRCH4",3.78727448321616e-09,0.624628091816017,0.226,0.141,0.000101260357857751
"KIF5C","KIF5C",3.88531756352663e-09,0.151714627454334,0.981,0.973,0.000103881735696011
"H2AX","H2AX",3.92005389419297e-09,0.562360129365203,0.381,0.283,0.000104810480969037
"TMEM168","TMEM168",4.00429938689074e-09,-0.357145210345956,0.487,0.578,0.000107062952707298
"PHAF1","PHAF1",4.02233535594458e-09,-0.390886894392499,0.522,0.586,0.00010754518041189
"HMGN2","HMGN2",4.03146571138504e-09,-0.560698743664725,0.274,0.371,0.000107789298725302
"CCDC3","CCDC3",4.13378975424074e-09,0.538303978230821,0.355,0.258,0.000110525136659135
"EMSY","EMSY",4.1437444754747e-09,0.354278324252345,0.603,0.502,0.000110791296040767
"XBP1","XBP1",4.24156766464996e-09,1.0244884989802,0.132,0.068,0.000113406794649746
"ANKIB1","ANKIB1",4.37076530958054e-09,-0.179927957588206,0.959,0.971,0.000116861152082255
"C1orf105","C1orf105",4.48863626366027e-09,1.33864805835871,0.062,0.02,0.000120012667781485
"ENSG00000272505","ENSG00000272505",4.58296589393487e-09,1.08956247282615,0.096,0.042,0.000122534759106137
"BRWD1","BRWD1",4.6473562655224e-09,-0.194579515112017,0.835,0.881,0.000124256364471272
"PDXDC1","PDXDC1",4.66866424698163e-09,0.362600381941681,0.708,0.641,0.000124826075971548
"ELAPOR2","ELAPOR2",4.71566610696258e-09,-0.262652303168633,0.884,0.908,0.000126082764701859
"VAT1","VAT1",4.72977103999519e-09,0.546243836901871,0.35,0.25,0.000126459888296351
"DIP2B","DIP2B",4.97289599861483e-09,0.155009626868386,0.996,0.986,0.000132960320314965
"RFX3","RFX3",4.97459185476092e-09,0.349068843263862,0.748,0.675,0.000133005662420743
"HTR4","HTR4",5.16244884156878e-09,1.29624363621685,0.094,0.041,0.000138028394677025
"ASAH1","ASAH1",5.1701435713538e-09,0.461152388702981,0.543,0.452,0.000138234128667286
"MRPL18","MRPL18",5.22907868369445e-09,0.627540627903109,0.272,0.186,0.000139809876765938
"RALGDS","RALGDS",5.23832313092813e-09,0.294252723831771,0.773,0.729,0.000140057045551625
"PMPCB","PMPCB",5.39157655979176e-09,0.443190993506863,0.449,0.344,0.000144154582479152
"SLC2A9","SLC2A9",5.40643051940786e-09,0.68294972503695,0.258,0.173,0.000144551732797408
"INSIG1-DT","INSIG1-DT",5.408356013551e-09,0.992037980424083,0.126,0.064,0.000144603214734313
"SESN2","SESN2",5.47828283244258e-09,1.7579114118653,0.064,0.021,0.000146472848091017
"TBC1D5","TBC1D5",5.68205536738665e-09,0.177424809217713,0.984,0.973,0.000151921114357817
"GSTK1","GSTK1",5.68233780455928e-09,0.438197703004426,0.376,0.273,0.000151928665880502
"COX19","COX19",5.69046003264182e-09,0.388632695713269,0.539,0.442,0.000152145829892744
"PLEKHA2","PLEKHA2",5.82203099469969e-09,0.522162533056672,0.326,0.233,0.000155663642705286
"ENSG00000253965","ENSG00000253965",5.89394923264662e-09,-0.754140279023801,0.081,0.15,0.000157586520633273
"EVI5L","EVI5L",6.00586331425053e-09,-0.382407249880078,0.533,0.61,0.000160578767433116
"ENSG00000264345","ENSG00000264345",6.04006756212414e-09,2.28625766364206,0.046,0.011,0.000161493286408513
"WNT5B","WNT5B",6.1076233254643e-09,0.886013444820408,0.148,0.08,0.000163299524852939
"SEC23B","SEC23B",6.11114684357251e-09,0.479596932610683,0.395,0.297,0.000163393733156598
"ENSG00000236948","ENSG00000236948",6.24193519961803e-09,2.5510388519506,0.03,0.003,0.000166890621432187
"LARP7","LARP7",6.26781092297571e-09,0.479937705607698,0.46,0.365,0.000167582460647602
"TCAIM","TCAIM",6.26995241841894e-09,0.426856520716047,0.518,0.419,0.000167639717811267
"C19orf81","C19orf81",6.30434927221563e-09,0.83248394379956,0.167,0.095,0.000168559386491229
"RANGAP1","RANGAP1",6.33136567667383e-09,0.388605605339723,0.532,0.439,0.000169281724097228
"ENSG00000273214","ENSG00000273214",6.38920198855806e-09,-3.81537303235689,0.001,0.027,0.000170828093568077
"INTS6","INTS6",6.4309177361019e-09,0.355234155343634,0.623,0.519,0.000171943447510156
"B4GAT1","B4GAT1",6.4509647305387e-09,0.60199233019712,0.237,0.152,0.000172479444000413
"GAN","GAN",6.55430274291334e-09,0.437644563583444,0.4,0.294,0.000175242392437274
"MRPL34","MRPL34",6.59106471828492e-09,0.670265907224517,0.195,0.118,0.000176225297372784
"TAFAZZIN","TAFAZZIN",6.59239962269428e-09,-0.486262293428074,0.344,0.438,0.000176260988711977
"KIAA0825","KIAA0825",6.69621466901514e-09,-0.51722092501406,0.299,0.398,0.000179036691605458
"COL6A6","COL6A6",6.81577732841334e-09,1.58287204895971,0.064,0.022,0.000182233438429788
"CTNNBIP1","CTNNBIP1",6.81706423991867e-09,-0.482425613662002,0.291,0.386,0.000182267846582705
"ARID1A","ARID1A",6.82829058007784e-09,0.25508298628351,0.847,0.776,0.000182568005239541
"PIGT","PIGT",7.02745086845795e-09,0.381761418631555,0.525,0.425,0.00018789295386996
"MDM4","MDM4",7.11341226646675e-09,-0.287245991795136,0.761,0.82,0.000190191303768521
"IFT172","IFT172",7.1251685725436e-09,0.453080779879643,0.576,0.497,0.000190505632124098
"TBC1D8B","TBC1D8B",7.13284744839179e-09,0.966999429011876,0.1,0.044,0.000190710942227651
"TENT4B","TENT4B",7.15365889372572e-09,0.487182708298124,0.452,0.346,0.000191267377841544
"SMIM8","SMIM8",7.19373377261088e-09,-0.65945555165822,0.287,0.369,0.000192338859878297
"CNKSR3","CNKSR3",7.2255224325914e-09,-0.552628908980057,0.346,0.439,0.000193188793280196
"IGDCC3","IGDCC3",7.26968276591445e-09,-1.40128889196014,0.028,0.075,0.000194369508112255
"PRKAA2","PRKAA2",7.32459393499235e-09,-0.446203516037211,0.267,0.363,0.00019583766803989
"FLNB","FLNB",7.4228089719541e-09,0.258032473644183,0.814,0.769,0.000198463643483137
"VPS50","VPS50",7.51244328633433e-09,-0.344794783461582,0.551,0.641,0.000200860196146721
"ZBTB4","ZBTB4",7.63663480683026e-09,0.383132690173426,0.557,0.457,0.000204180704830221
"MRTFB","MRTFB",7.65576359958604e-09,-0.489577194202047,0.218,0.315,0.000204692151362132
"RPRD1B","RPRD1B",7.6737241579038e-09,-0.434147764245054,0.365,0.453,0.000205172362809874
"POU3F3","POU3F3",7.78177182894358e-09,0.367022690330877,0.608,0.521,0.000208061233390465
"PAK2","PAK2",7.8275178087152e-09,0.293821837864399,0.789,0.731,0.000209284343651618
"RAB31","RAB31",7.86401058404285e-09,0.496007689866063,0.404,0.305,0.000210260050985554
"HDAC4","HDAC4",7.8709468455896e-09,0.309214169974118,0.832,0.804,0.000210445505810529
"DENND6A","DENND6A",8.05969808141452e-09,-0.381633063613911,0.523,0.612,0.00021549214760278
"AGO3","AGO3",8.2781336107268e-09,0.211890936260275,0.926,0.895,0.000221332458350002
"SPRY2","SPRY2",8.29978896859391e-09,0.454135902591468,0.404,0.297,0.000221911457653295
"CARD6","CARD6",8.33935816632022e-09,1.7554095174409,0.057,0.018,0.000222969419292904
"ANAPC1","ANAPC1",8.43433971770975e-09,-0.470627507271659,0.473,0.546,0.000225508941032406
"PEX5","PEX5",8.66762212637928e-09,0.915939885448536,0.153,0.085,0.000231746212793003
"LINC02511","LINC02511",8.66954676132308e-09,-0.786827169787112,0.179,0.262,0.000231797671757495
"SRSF7","SRSF7",8.72262511846258e-09,0.470060184207002,0.446,0.352,0.000233216827792334
"BAMBI","BAMBI",8.81389117297675e-09,0.631614707140586,0.263,0.177,0.000235657008291879
"FKBP2","FKBP2",8.8398359742063e-09,0.420240097798831,0.433,0.337,0.000236350694442354
"GPR173","GPR173",8.86326386473406e-09,-0.476140405972308,0.379,0.466,0.000236977085951394
"UMAD1","UMAD1",8.94929918133769e-09,0.279512621330362,0.757,0.675,0.000239277412211426
"RASD1","RASD1",9.06467413571003e-09,1.58034203993846,0.084,0.035,0.000242362192366479
"GPR137","GPR137",9.1572474546004e-09,0.55334582460642,0.295,0.203,0.000244837325193651
"OGT","OGT",9.17097448981293e-09,0.384336056333643,0.564,0.478,0.000245204344934128
"MIR181A2HG","MIR181A2HG",9.19062723337944e-09,-0.698108413747296,0.227,0.311,0.000245729800338866
"RAD18","RAD18",9.28731933036224e-09,0.44483269366825,0.514,0.422,0.000248315056935895
"NBEA","NBEA",9.3199644967977e-09,0.259746538675452,0.75,0.674,0.00024918789075088
"PKP4","PKP4",9.7879257557139e-09,0.186415123977498,0.992,0.982,0.000261699770930523
"PTPRM","PTPRM",9.84995308580914e-09,-0.423631814572345,0.487,0.571,0.000263358195655279
"C8orf88","C8orf88",9.96606102776133e-09,1.61553383696301,0.07,0.025,0.000266462573699255
"BRAF","BRAF",9.98290045990811e-09,-0.244022434149512,0.823,0.859,0.000266912809596563
"GPATCH2","GPATCH2",1.00772374178432e-08,-0.601652998827936,0.269,0.356,0.000269435096840874
"DYNC1I1","DYNC1I1",1.01363832711876e-08,0.244456003402281,0.918,0.901,0.000271016479521743
"NMRAL1","NMRAL1",1.040990070072e-08,-0.53230882860114,0.274,0.365,0.000278329515035152
"DENND4B","DENND4B",1.04926792659038e-08,0.41620472803581,0.416,0.316,0.00028054276553247
"SLC45A3","SLC45A3",1.07485214119305e-08,0.356908753246143,0.6,0.501,0.000287383216990787
"DDX39A","DDX39A",1.08415546865101e-08,0.584189226864486,0.24,0.155,0.00028987064765322
"DAD1","DAD1",1.11468132598245e-08,0.539077415563648,0.428,0.346,0.000298032346127927
"WDFY3","WDFY3",1.11706523516149e-08,0.174678160942361,0.979,0.969,0.000298669731925128
"ENSG00000277228","ENSG00000277228",1.13122543103507e-08,0.791184984228601,0.18,0.107,0.000302455743495847
"IVD","IVD",1.13636174897343e-08,-0.466757868562123,0.301,0.396,0.000303829040823025
"DZIP1","DZIP1",1.14705572659832e-08,-0.720374358338005,0.128,0.203,0.000306688289620594
"PLCXD1","PLCXD1",1.17700058620408e-08,1.14219559079698,0.182,0.111,0.000314694646733385
"HSPA1L","HSPA1L",1.18853360241464e-08,1.59908591945893,0.056,0.017,0.000317778229277602
"PRICKLE2","PRICKLE2",1.18901323399046e-08,0.63744199377471,0.31,0.223,0.000317906468372029
"ENSG00000225889","ENSG00000225889",1.2139210271291e-08,-1.16148725379278,0.049,0.105,0.000324566065023507
"FBXL2","FBXL2",1.22601102984291e-08,-0.401861573735864,0.479,0.573,0.000327798569049099
"LINC01299","LINC01299",1.23685754030181e-08,-1.95149225313753,0.015,0.052,0.000330698600550494
"ASAP2","ASAP2",1.26099234517375e-08,0.395123491805363,0.615,0.536,0.000337151523329104
"ENSG00000231842","ENSG00000231842",1.26411475971403e-08,0.855095114507188,0.16,0.091,0.00033798636330474
"HERC4","HERC4",1.28873819265353e-08,0.222955862067822,0.927,0.901,0.000344569930569775
"ORC2","ORC2",1.32599191960503e-08,-0.429631354111974,0.366,0.461,0.000354530459544796
"FRS2","FRS2",1.34304869608478e-08,-0.346665775628351,0.611,0.675,0.000359090929872188
"PHF1","PHF1",1.35500039660654e-08,0.653328544117654,0.281,0.194,0.000362286456040692
"MICAL2","MICAL2",1.35898480477416e-08,-0.453313270127076,0.301,0.397,0.000363351767252467
"FZD9","FZD9",1.38620406573125e-08,1.52009776955792,0.071,0.027,0.000370629381054565
"FTL","FTL",1.38664680045896e-08,0.295013346008364,0.938,0.947,0.000370747755038711
"SSBP2","SSBP2",1.41975576310727e-08,0.189069677761752,0.967,0.933,0.00037960009838199
"CREBBP","CREBBP",1.4501113363094e-08,0.33194736982645,0.73,0.674,0.000387716267989045
"RBP7","RBP7",1.46089247737365e-08,-0.915435710514517,0.108,0.179,0.000390598821675393
"EVI2A","EVI2A",1.47212855595395e-08,0.597719423743951,0.17,0.098,0.000393603012005407
"RGMB","RGMB",1.47538251345935e-08,0.62325106518164,0.296,0.207,0.000394473022623626
"TRPC4AP","TRPC4AP",1.48164551596807e-08,-0.247402231457261,0.792,0.844,0.000396147561604383
"DTWD2","DTWD2",1.494951765656e-08,-0.625162116845358,0.214,0.299,0.000399705253583445
"TMEM65","TMEM65",1.50257700603877e-08,0.380852919274501,0.511,0.41,0.000401744014104585
"TTLL7","TTLL7",1.58350201939451e-08,-0.187468169041285,0.981,0.99,0.000423380934925509
"ARHGAP28","ARHGAP28",1.58409045026629e-08,0.71391091150411,0.229,0.149,0.000423538263687699
"IP6K2","IP6K2",1.59630197887105e-08,0.473333433693965,0.444,0.35,0.000426803260090751
"EFHC1","EFHC1",1.61183451347158e-08,-0.629741979284557,0.282,0.366,0.000430956193866897
"CELSR3","CELSR3",1.64310302935274e-08,0.990398140629447,0.099,0.045,0.000439316456958042
"ZNF891","ZNF891",1.67866897254249e-08,0.476630660272449,0.35,0.252,0.000448825723188685
"SLC25A37","SLC25A37",1.67919224332434e-08,-0.49670047689422,0.355,0.435,0.000448965630097629
"ENSG00000222017","ENSG00000222017",1.69712773091082e-08,0.464114280880983,0.358,0.26,0.000453761041413626
"MDFIC2","MDFIC2",1.70718261154701e-08,-1.7448541122606,0.024,0.067,0.000456449414849323
"TUBGCP5","TUBGCP5",1.71206418558092e-08,-0.506631968188191,0.248,0.339,0.000457754601298771
"MLLT11","MLLT11",1.71329772899465e-08,0.816939997599768,0.183,0.111,0.0004580844138013
"PACC1","PACC1",1.72968107423702e-08,-0.371043405226973,0.518,0.6,0.000462464828818751
"RERE","RERE",1.74916736402378e-08,-0.162447465576592,0.984,0.98,0.000467674878119037
"PRPF31","PRPF31",1.77087053611994e-08,0.657079147181161,0.263,0.178,0.000473477655242387
"TMEM182","TMEM182",1.80982170462152e-08,0.810512116743482,0.173,0.103,0.000483892029164657
"BCL2L1-AS1","BCL2L1-AS1",1.8237029208163e-08,0.76738379590032,0.135,0.072,0.000487603449938655
"PTBP1","PTBP1",1.82873097005548e-08,0.527329531632742,0.239,0.155,0.000488947799463733
"PARPBP","PARPBP",1.85619267145037e-08,-1.77547954885942,0.017,0.056,0.000496290234565685
"WSB1","WSB1",1.87180136259199e-08,0.137346982358556,0.983,0.981,0.00050046353031622
"CP","CP",1.87654835447995e-08,0.602448448022957,0.298,0.212,0.000501732733537306
"S1PR5","S1PR5",1.89621669032511e-08,0.592008716683334,0.326,0.24,0.000506991456492224
"PNPLA7","PNPLA7",1.90825672359645e-08,0.49264955043195,0.388,0.299,0.000510210600187983
"TRAPPC13","TRAPPC13",1.92626934821519e-08,-0.385381572576421,0.395,0.488,0.000515026635632296
"PLP1","PLP1",1.92686583535959e-08,-0.100937847279413,0.997,0.999,0.000515186118400094
"PPT1","PPT1",1.93476217574638e-08,0.581617173388473,0.292,0.203,0.000517297362929309
"PPDPF","PPDPF",1.93744667046358e-08,-0.191182903991184,0.701,0.807,0.000518015116281849
"RABGAP1L","RABGAP1L",1.93821383634222e-08,-0.20541199187708,0.913,0.939,0.000518220233422818
"RDX","RDX",1.94567169865112e-08,0.246159738570607,0.89,0.854,0.000520214242068349
"LCOR","LCOR",1.95306922780426e-08,0.192571844192037,0.92,0.893,0.000522192119438026
"LINC02774","LINC02774",1.95929722174334e-08,-2.48120864911926,0.012,0.046,0.000523857298177517
"MCCC2","MCCC2",1.96634081470804e-08,-0.50170337752418,0.261,0.348,0.000525740543628488
"RNF217-AS1","RNF217-AS1",1.97356592138908e-08,-1.2095499686649,0.027,0.072,0.000527672320401797
"ARHGEF12","ARHGEF12",1.98366019008635e-08,0.489126879130496,0.349,0.251,0.000530371225023386
"DNAJB14","DNAJB14",2.0665771454927e-08,-0.342031570673552,0.605,0.677,0.000552540731390383
"RAPGEF4-AS1","RAPGEF4-AS1",2.11312874657948e-08,2.48417939503588,0.032,0.005,0.000564987232972957
"DHX34","DHX34",2.14886182120918e-08,0.647844161358328,0.225,0.145,0.000574541185136697
"ENSG00000258784","ENSG00000258784",2.15908156886575e-08,1.73801547284044,0.05,0.014,0.000577273639067636
"SGK2","SGK2",2.17652032321522e-08,-0.402037660879804,0.337,0.435,0.000581936238818053
"GSDME","GSDME",2.24393774242865e-08,0.785233385162984,0.127,0.066,0.000599961634193148
"BCL7A","BCL7A",2.25702127090864e-08,-0.776562868723678,0.091,0.159,0.000603459777202844
"TUBA4A","TUBA4A",2.25927689851068e-08,1.39934587643129,0.059,0.02,0.000604062864354801
"ENSG00000258302","ENSG00000258302",2.355089471089e-08,-0.970333158459803,0.102,0.17,0.000629680271885065
"ARID3A","ARID3A",2.39645060269796e-08,1.60770491485382,0.076,0.031,0.000640738997643355
"CLDN12","CLDN12",2.41172828748671e-08,0.857119351486225,0.182,0.111,0.000644823792225321
"PAQR4","PAQR4",2.43703344556271e-08,0.344958981360526,0.635,0.562,0.000651589632340103
"FAM181B","FAM181B",2.45077114296474e-08,0.696835133725993,0.233,0.155,0.000655262680494482
"SERTAD1","SERTAD1",2.47247000086984e-08,1.87355476285257,0.042,0.01,0.000661064304132568
"PDE1C","PDE1C",2.52704874210534e-08,-0.111871779560731,0.827,0.873,0.000675657022176704
"POLA1","POLA1",2.53493762981417e-08,-0.35081407196875,0.576,0.639,0.000677766274083415
"GPSM2","GPSM2",2.60855183017395e-08,-0.285720622922604,0.735,0.776,0.00069744850283361
"PPWD1","PPWD1",2.62161009156347e-08,-0.499620704468914,0.417,0.493,0.000700939890181325
"METTL15","METTL15",2.6625646833722e-08,-0.248540577792604,0.755,0.801,0.000711889919393224
"CENATAC","CENATAC",2.72420354509222e-08,-0.383848968233021,0.403,0.493,0.000728370301851307
"PLIN3","PLIN3",2.78491965719687e-08,0.320091453159821,0.713,0.664,0.000744603968744728
"RAB7B","RAB7B",2.8739910548871e-08,-0.760248042048044,0.135,0.208,0.000768418988345163
"UBE2S","UBE2S",2.89247881370356e-08,0.525912740489108,0.291,0.203,0.00077336206041992
"MAF","MAF",2.92145871031077e-08,0.604576776948803,0.286,0.2,0.000781110415375792
"TRA2B","TRA2B",2.92613692157e-08,0.35766525933421,0.549,0.469,0.000782361228720171
"ANAPC5","ANAPC5",3.01575074845413e-08,-0.230831396739065,0.802,0.848,0.000806321277614182
"SNAP23","SNAP23",3.01912708537262e-08,0.33977203778336,0.566,0.475,0.000807224008816079
"MAG","MAG",3.03175814542237e-08,0.250935598063872,0.947,0.963,0.000810601175341579
"B4GALNT4","B4GALNT4",3.04449748914119e-08,0.538930468293089,0.377,0.29,0.00081400729367168
"S100A4","S100A4",3.0789264257878e-08,2.5630758539246,0.035,0.007,0.000823212558462884
"SLC26A3","SLC26A3",3.08032918297539e-08,-0.767352892776446,0.256,0.334,0.000823587613652131
"UBE2G2","UBE2G2",3.11036828429298e-08,0.30532961667623,0.643,0.546,0.000831619168171415
"LDHB","LDHB",3.11289671652032e-08,0.492634310976717,0.404,0.314,0.000832295195096039
"MIPEP","MIPEP",3.21154455897487e-08,-0.588632430851644,0.31,0.395,0.000858670668733111
"ENSG00000231079","ENSG00000231079",3.25438559149542e-08,0.238312721044901,0.78,0.695,0.000870125075598129
"ARNT2-DT","ARNT2-DT",3.28428795803856e-08,-0.617278165441499,0.191,0.275,0.00087812007134077
"MYPOP","MYPOP",3.30807328142014e-08,0.513171326038856,0.266,0.179,0.000884479553253303
"ENSG00000273151","ENSG00000273151",3.41685648170271e-08,-0.914625850566079,0.076,0.138,0.000913564917512853
"VEZF1","VEZF1",3.44412395348485e-08,0.324456265306195,0.567,0.483,0.000920855421443246
"FFAR1","FFAR1",3.56284665564482e-08,-1.84356230087212,0.018,0.056,0.000952598310319755
"HIBCH","HIBCH",3.5669208057381e-08,0.207172993613167,0.885,0.861,0.000953687615830197
"SYNPO2L-AS1","SYNPO2L-AS1",3.58374879628183e-08,-1.25813434586963,0.034,0.081,0.000958186915661874
"DHX15","DHX15",3.63189600550684e-08,-0.326931313580108,0.568,0.65,0.000971060034992363
"POLR2H","POLR2H",3.63412588895642e-08,0.87469252525102,0.173,0.105,0.000971656238930277
"ERGIC1","ERGIC1",3.67782490702709e-08,0.366173780133117,0.583,0.497,0.000983340045391834
"CCM2","CCM2",3.69089757839739e-08,-0.412882683690686,0.465,0.545,0.00098683528553611
"OXR1","OXR1",3.72967270927751e-08,-0.554036995631585,0.398,0.471,0.000997202592279527
"REPS1","REPS1",3.75898444286286e-08,-0.326531149188428,0.54,0.621,0.00100503967048824
"LATS2","LATS2",3.87415444802913e-08,-0.82481199396977,0.064,0.124,0.00103583267476955
"RNLS","RNLS",3.8741870873254e-08,-0.476973614492586,0.301,0.402,0.00103584140153819
"ENSG00000249494","ENSG00000249494",4.0309013598717e-08,-0.562971958445917,0.258,0.34,0.0010777420965889
"PPP1R15B","PPP1R15B",4.05698848402097e-08,0.537249606808702,0.258,0.175,0.00108471701097269
"MIEN1","MIEN1",4.06644493814418e-08,0.53868476153738,0.36,0.276,0.00108724538311161
"PRDX1","PRDX1",4.11385199547857e-08,0.350667751436425,0.801,0.786,0.00109992060803111
"ZNF721","ZNF721",4.15712223851157e-08,-0.253279884401899,0.693,0.746,0.00111148977291084
"ENSG00000258891","ENSG00000258891",4.19124090859602e-08,0.713681743767383,0.181,0.11,0.00112061208173132
"KIF3A","KIF3A",4.23445760386572e-08,0.302061169458172,0.774,0.71,0.00113216692954558
"ADAM19","ADAM19",4.24282336685005e-08,-0.366045170323301,0.484,0.565,0.0011344036835947
"CRAT37","CRAT37",4.24727003208142e-08,2.02819080937632,0.04,0.009,0.00113559258847761
"RNF125","RNF125",4.34812389544393e-08,-0.59407459826514,0.191,0.276,0.00116255788592484
"SYT9-AS1","SYT9-AS1",4.40224144801404e-08,0.611735829666623,0.223,0.143,0.00117702729595551
"SRP19","SRP19",4.40467580173764e-08,0.448112972290687,0.391,0.299,0.00117767816911059
"IFIT1","IFIT1",4.41750487352201e-08,0.507357170759435,0.285,0.197,0.00118110827803358
"BANF1","BANF1",4.41975667075393e-08,0.568601144463572,0.363,0.282,0.00118171034105948
"LINC01695","LINC01695",4.45671022200921e-08,0.561027526866073,0.314,0.227,0.0011915906120586
"GSTCD","GSTCD",4.46665014383048e-08,-0.623251252639583,0.22,0.302,0.00119424824895595
"NALCN","NALCN",4.5058330146099e-08,-0.16871427791483,0.971,0.961,0.00120472457311625
"EIF1B","EIF1B",4.58160283013883e-08,0.52847711704141,0.368,0.285,0.00122498314869422
"TYW1","TYW1",4.59072616004501e-08,-0.34678898169462,0.52,0.592,0.00122742245341123
"SSUH2","SSUH2",4.61434728890832e-08,1.05413143519431,0.101,0.048,0.00123373803463542
"RASSF8-AS1","RASSF8-AS1",4.62454073121422e-08,-0.465544202384636,0.341,0.426,0.00123646345530475
"NUTM2A-AS1","NUTM2A-AS1",4.64804088565205e-08,-0.199441508507009,0.869,0.911,0.00124274669159679
"BCAR3","BCAR3",4.74849396939613e-08,0.687270278541823,0.227,0.152,0.00126960483259744
"LOC102724594","LOC102724594",4.75857289790502e-08,1.98814919373654,0.044,0.011,0.00127229963571287
"KPTN","KPTN",4.86050171441923e-08,0.832162989347432,0.106,0.052,0.00129955234338427
"ATP13A2","ATP13A2",4.90345324501737e-08,0.498477272305584,0.306,0.218,0.00131103629412029
"TTTY14","TTTY14",4.92329635661204e-08,0.175184638245659,0.747,0.608,0.00131634174686736
"ARHGAP12","ARHGAP12",4.96969836362693e-08,0.276979779052487,0.878,0.826,0.00132874825148293
"DMXL2","DMXL2",4.99956435184842e-08,-0.46716716463872,0.321,0.406,0.00133673352075371
"ANK3","ANK3",5.03401004303354e-08,-0.142656042224429,0.954,0.976,0.00134594326520588
"MAFG","MAFG",5.05288291239893e-08,0.577812056252565,0.231,0.152,0.0013509893042881
"ENSG00000269145","ENSG00000269145",5.16745944491882e-08,0.815803012540312,0.154,0.09,0.00138162363178794
"GNB1L","GNB1L",5.1986144022095e-08,0.894543105713066,0.112,0.056,0.00138995353271875
"FAM124A","FAM124A",5.21517036718141e-08,-0.165502047317587,0.939,0.948,0.00139438010107329
"ENSG00000251448","ENSG00000251448",5.22735914004577e-08,-3.67558842536813,0.001,0.022,0.00139763901327404
"DUSP18","DUSP18",5.2534885058465e-08,0.451874772050083,0.394,0.304,0.00140462522180818
"LPCAT3","LPCAT3",5.30279186588797e-08,-0.674006864425451,0.168,0.246,0.00141780746118247
"ANKRD36C","ANKRD36C",5.33666158607734e-08,-0.225121315524218,0.849,0.865,0.0014268632082695
"HRH4","HRH4",5.35636402326108e-08,2.6014021270018,0.028,0.003,0.00143213104889931
"OSTC","OSTC",5.39399764939061e-08,0.636982987168831,0.218,0.141,0.00144219315151757
"RSPO4","RSPO4",5.40421860081521e-08,-0.945320564708811,0.056,0.112,0.00144492592729996
"PAAF1","PAAF1",5.50072506146945e-08,-0.365512608833403,0.484,0.567,0.00147072885968509
"STK38","STK38",5.55935446583867e-08,0.324079513309969,0.49,0.386,0.00148640460353128
"ARHGAP32","ARHGAP32",5.56476165598998e-08,0.427887110085317,0.61,0.536,0.00148785032396204
"TDRD3","TDRD3",5.62027099598334e-08,-0.233288878790443,0.763,0.825,0.00150269185619606
"SYT14","SYT14",5.75469951553047e-08,-0.495478032575283,0.307,0.393,0.00153863400946738
"LOC100505774","LOC100505774",5.88788085081496e-08,-1.4670213041655,0.029,0.073,0.0015742427030824
"RHBDD3","RHBDD3",5.9328415627877e-08,0.635322134518938,0.256,0.176,0.00158626384864255
"ARRDC4","ARRDC4",6.0003842408011e-08,-1.9552979303307,0.017,0.054,0.00160432273446299
"ENSG00000258404","ENSG00000258404",6.065789593665e-08,-1.91986824569024,0.01,0.042,0.00162181016365821
"CALR","CALR",6.20682954596437e-08,0.492800446016057,0.497,0.428,0.00165952001570449
"PPFIA2","PPFIA2",6.22780700093278e-08,-0.369434693278081,0.527,0.608,0.0016651287578394
"TMEM209","TMEM209",6.23594449392344e-08,-0.516089725753066,0.279,0.365,0.00166730447934031
"TRPM6","TRPM6",6.23772252893668e-08,-0.359206258695361,0.569,0.642,0.0016677798725618
"TNR","TNR",6.2587379920007e-08,2.11158492299567,0.079,0.034,0.00167339877692123
"STEAP1B","STEAP1B",6.28761813142803e-08,0.374307668915559,0.504,0.404,0.00168112045979991
"NCSTN","NCSTN",6.33539160690713e-08,0.418493270369396,0.356,0.259,0.00169389365393876
"ZNF146","ZNF146",6.39901962707755e-08,-0.283524231865617,0.659,0.716,0.00171090587769172
"USP3-AS1","USP3-AS1",6.44646592340979e-08,-0.880485777673563,0.094,0.158,0.00172359159394208
"CGGBP1","CGGBP1",6.45740537599763e-08,0.313414555506864,0.561,0.465,0.00172651647538049
"BRMS1L","BRMS1L",6.50029309557457e-08,-0.186727456710714,0.834,0.867,0.00173798336496377
"ADCY3","ADCY3",6.79090705139998e-08,-0.418962113887491,0.483,0.564,0.00181568481833281
"DNMT1","DNMT1",6.80059020310158e-08,0.475587885017209,0.326,0.233,0.00181827380260327
"WIPF1","WIPF1",6.90705916260055e-08,-0.21108146643531,0.905,0.916,0.00184674040830451
"PKN2-AS1","PKN2-AS1",6.91375934213229e-08,-1.57896261354807,0.124,0.188,0.00184853183530591
"MARK2","MARK2",7.12013204632261e-08,0.312972877132813,0.657,0.592,0.00190370970522528
"PRKD3","PRKD3",7.12052227047963e-08,1.00196888123595,0.126,0.068,0.00190381403945814
"PRAM1","PRAM1",7.15802289108968e-08,-1.27825441397005,0.034,0.08,0.00191384058039065
"PTMA","PTMA",7.1841452936516e-08,-0.175114696658348,0.864,0.927,0.00192082492716363
"SNX27","SNX27",7.20018842310683e-08,0.321480905367051,0.595,0.493,0.00192511437868607
"RRAGA","RRAGA",7.33552155246726e-08,0.486955787393141,0.289,0.201,0.00196129839748317
"CDK11A","CDK11A",7.36448242425327e-08,0.805344372679607,0.176,0.107,0.0019690416657726
"MARCHF10-AS1","MARCHF10-AS1",7.38112532643932e-08,-0.331350640447203,0.357,0.45,0.00197349147853008
"LMF1-AS1","LMF1-AS1",7.39461969385114e-08,1.12851356976619,0.147,0.086,0.00197709946754498
"MBNL3","MBNL3",7.40946524394514e-08,-0.652251311531634,0.158,0.237,0.00198106872227361
"ING1","ING1",7.46194929686601e-08,1.03395850269418,0.088,0.04,0.00199510138350307
"ZNF790-AS1","ZNF790-AS1",7.48086217387171e-08,-0.649142246809288,0.153,0.227,0.00200015811942808
"LINC02649","LINC02649",7.58752384889082e-08,-1.7221168954562,0.013,0.047,0.00202867625147794
"CDH13","CDH13",7.69455430560349e-08,0.697723855983647,0.194,0.122,0.0020572929846892
"KLHL4","KLHL4",7.84086287943954e-08,-0.351376183259006,0.682,0.727,0.00209641150807575
"ZNF397","ZNF397",7.93900717305353e-08,0.343334585932303,0.616,0.525,0.00212265234785932
"TSPAN8","TSPAN8",8.02674598620401e-08,0.39468588559684,0.392,0.301,0.00214611107433137
"MAP4K4","MAP4K4",8.04035426544827e-08,-0.120165679623517,0.997,0.995,0.0021497495199529
"CPLANE1","CPLANE1",8.08613103272284e-08,-0.285880072097033,0.649,0.707,0.00216198885421911
"CCDC85B","CCDC85B",8.12777372853999e-08,0.57267262506819,0.294,0.21,0.00217312286179974
"SLC25A53","SLC25A53",8.14821869636339e-08,0.441083654106689,0.359,0.265,0.00217858923284668
"CYP2J2","CYP2J2",8.25583029361962e-08,-0.353289350046592,0.56,0.635,0.00220736134560508
"SMARCA5","SMARCA5",8.27820257242335e-08,-0.28971266712911,0.614,0.686,0.00221334302178883
"CPEB3","CPEB3",8.55431536115953e-08,0.322045959333936,0.742,0.686,0.00228716729811322
"ENSG00000251513","ENSG00000251513",8.55527042476455e-08,-0.596159768534046,0.254,0.331,0.0022874226534693
"SIGIRR","SIGIRR",8.78373395264321e-08,0.56558684925054,0.273,0.19,0.00234850694691821
"MAPK10-AS1","MAPK10-AS1",8.90304177641769e-08,0.787092565985868,0.145,0.083,0.0023804062797608
"CLSTN1","CLSTN1",8.93009364814789e-08,0.274732425558406,0.679,0.609,0.0023876391387053
"HYI","HYI",9.07077263282165e-08,0.670863521176478,0.187,0.116,0.00242525247883753
"PGBD5","PGBD5",9.10370148998049e-08,0.4774836537726,0.462,0.376,0.00243405666737608
"RELL1","RELL1",9.20183734150957e-08,0.29461530908356,0.703,0.628,0.00246029524999941
"UVRAG","UVRAG",9.47883883565859e-08,-0.227882945367272,0.84,0.871,0.00253435713949004
"PSMB1","PSMB1",9.55873644560262e-08,0.352136995895133,0.549,0.463,0.00255571936346077
"TOPORS","TOPORS",9.7825360893258e-08,0.569643737007345,0.313,0.229,0.00261555667420304
"FAM20C","FAM20C",9.81849924549083e-08,0.517613930856199,0.364,0.279,0.00262517214326688
"MSMO1","MSMO1",9.85276352766345e-08,0.680292922646941,0.357,0.279,0.00263433338439138
"PPM1B","PPM1B",9.88729626189319e-08,0.240153063330933,0.849,0.807,0.00264356640154238
"FGGY","FGGY",9.91166429849853e-08,-0.423134881312301,0.311,0.397,0.00265008168348955
"SLC33A2","SLC33A2",1.04144496196635e-07,1.32357480419106,0.077,0.033,0.00278451139480944
"LINC01250","LINC01250",1.04714113772154e-07,1.02409482408834,0.094,0.044,0.00279974125992607
"PICK1","PICK1",1.05469783887583e-07,0.423592892562126,0.482,0.393,0.00281994561180231
"PMP22","PMP22",1.05722042326053e-07,-0.229614613228355,0.755,0.812,0.00282669024567167
"SYNC","SYNC",1.06220378749014e-07,0.617443880016423,0.191,0.121,0.00284001426661239
"PURB","PURB",1.06463933409903e-07,0.439317172498372,0.427,0.33,0.00284652618758056
"ABHD17A","ABHD17A",1.06961388199272e-07,-0.250335371318176,0.73,0.803,0.00285982663628393
"ZNF337-AS1","ZNF337-AS1",1.06973382497343e-07,-0.548692779569471,0.223,0.307,0.00286014732783146
"ENSG00000271553","ENSG00000271553",1.07087014571796e-07,0.922213326748498,0.109,0.055,0.00286318550860612
"ENSG00000260536","ENSG00000260536",1.07864203178232e-07,1.60198626599662,0.055,0.018,0.0028839652003764
"ENSG00000267699","ENSG00000267699",1.08057546698776e-07,-0.813216978878262,0.075,0.134,0.00288913462608518
"SZT2","SZT2",1.08332549991204e-07,-0.461021075459973,0.295,0.384,0.00289648738911481
"GDAP1","GDAP1",1.1005538073349e-07,0.25569794642894,0.845,0.806,0.00294255071467133
"ULK4","ULK4",1.1088960626336e-07,-0.46122066354133,0.364,0.449,0.00296485540266345
"SLC22A14","SLC22A14",1.11264181118366e-07,1.41914512379879,0.057,0.02,0.00297487041056174
"LINC01470","LINC01470",1.11273789529688e-07,-0.479714192367843,0.217,0.303,0.00297512731065528
"SCN8A","SCN8A",1.13285295724882e-07,0.502277697710295,0.318,0.231,0.00302890895179618
"ENSG00000260836","ENSG00000260836",1.13524928863578e-07,1.34263616893755,0.075,0.032,0.00303531602302549
"GBE1","GBE1",1.14285565308236e-07,-0.459125778713471,0.386,0.473,0.00305565315964631
"ENSG00000233928","ENSG00000233928",1.14459825443629e-07,1.17114902867228,0.059,0.021,0.0030603123528863
"ENSG00000247011","ENSG00000247011",1.15746744723529e-07,-1.67838639486592,0.016,0.051,0.00309472071367299
"SH2B2","SH2B2",1.15899113187014e-07,1.38833448243874,0.059,0.021,0.0030987945892812
"YOD1","YOD1",1.17449097952917e-07,0.775508593083818,0.179,0.112,0.00314023653196713
"ELOVL6","ELOVL6",1.18728925586584e-07,-0.322335108434604,0.612,0.69,0.0031744552834085
"LPL","LPL",1.18942755620239e-07,1.30406924245917,0.102,0.051,0.00318017245701834
"ENSG00000229294","ENSG00000229294",1.19329109423119e-07,0.680629986995164,0.316,0.234,0.00319050239864594
"RAB10","RAB10",1.22946935177293e-07,0.233032185573162,0.881,0.849,0.00328723220583527
"PRMT3","PRMT3",1.24180732840201e-07,0.375538546161681,0.551,0.469,0.00332022025394845
"UNC5B","UNC5B",1.24977142334329e-07,0.284858796513945,0.688,0.62,0.00334151385459296
"HNRNPA2B1","HNRNPA2B1",1.25280813634226e-07,0.187198980546953,0.905,0.884,0.0033496331141383
"BAZ1A","BAZ1A",1.25312555972807e-07,0.532966089349201,0.303,0.219,0.00335048180904495
"ENSG00000285404","ENSG00000285404",1.26764281918894e-07,1.51806144426093,0.073,0.031,0.00338929660566548
"DSTN","DSTN",1.27450078828825e-07,0.369688496979891,0.634,0.582,0.00340763275764629
"OSBP2","OSBP2",1.2754571031548e-07,0.280435086084259,0.812,0.767,0.00341018965670499
"CAMK2G","CAMK2G",1.27919453381411e-07,-0.763160467110366,0.086,0.15,0.00342018242505878
"SRP54","SRP54",1.2828289185165e-07,-0.418128319961605,0.43,0.497,0.00342989967943757
"RASSF2","RASSF2",1.29599842574036e-07,0.178064208935387,0.917,0.916,0.003465110990902
"YAE1","YAE1",1.29673714219569e-07,0.383386126919588,0.424,0.336,0.00346708609708861
"DCTN5","DCTN5",1.2999994436689e-07,0.307009727910312,0.52,0.43,0.00347580851253753
"PRIMPOL","PRIMPOL",1.30076566486254e-07,-0.473004026120058,0.276,0.356,0.00347785715814297
"DPAGT1","DPAGT1",1.32557448157842e-07,1.04499621722268,0.091,0.043,0.00354418849139623
"HAGH","HAGH",1.32591179732742e-07,0.390292597603103,0.532,0.444,0.00354509037251432
"F8A3","F8A3",1.33707463495746e-07,3.01227850379515,0.025,0.003,0.00357493645148576
"JTB","JTB",1.36538248223314e-07,0.593016177813456,0.289,0.209,0.00365062314274675
"TSPYL2","TSPYL2",1.39344031764427e-07,0.631938364443273,0.221,0.147,0.00372564137728548
"NMT2","NMT2",1.39695741239119e-07,0.483278837797006,0.344,0.255,0.00373504503351033
"ARRDC3","ARRDC3",1.42257887223714e-07,-0.46547973908764,0.433,0.509,0.00380354913070043
"ENSG00000229999","ENSG00000229999",1.4273264735602e-07,1.39501769990084,0.076,0.033,0.00381624279235792
"ARFGEF2","ARFGEF2",1.42845747029728e-07,-0.31871044876602,0.53,0.609,0.00381926673833384
"THSD4","THSD4",1.42922779740827e-07,0.927999603798515,0.147,0.086,0.0038213263619305
"OST4","OST4",1.43465024709952e-07,0.436420961734216,0.316,0.23,0.00383582436566998
"LSMEM1","LSMEM1",1.45482055635305e-07,1.03627848238642,0.075,0.031,0.00388975372152115
"ING5","ING5",1.47726419070066e-07,0.396885565355357,0.422,0.331,0.00394976126667636
"AKIRIN1","AKIRIN1",1.49227027972278e-07,-0.332011824298739,0.565,0.629,0.00398988304689479
"SALL3","SALL3",1.49930530050272e-07,0.488113095895114,0.386,0.295,0.00400869258195413
"NEFM","NEFM",1.50742813498603e-07,0.768421982301928,0.205,0.135,0.00403041060451215
"SLC10A1","SLC10A1",1.51464633267613e-07,1.57691880791414,0.041,0.01,0.00404970989967617
"PSME1","PSME1",1.51468210011098e-07,0.778304277836482,0.152,0.089,0.00404980553106673
"SMG6","SMG6",1.51519535155584e-07,-0.304798192648086,0.571,0.651,0.00405117781145486
"DNAJC5","DNAJC5",1.52481842170618e-07,0.385715985147423,0.516,0.427,0.0040769070141158
"POR","POR",1.56321273756175e-07,0.714372108955388,0.223,0.148,0.00417956189641886
"ENSG00000272597","ENSG00000272597",1.58111156263905e-07,0.982826818678763,0.096,0.046,0.00422741798502804
"SOCS5","SOCS5",1.58807203983102e-07,0.48378398972132,0.384,0.3,0.00424602821289619
"TIMM23B","TIMM23B",1.59831848816572e-07,-0.357241038774028,0.482,0.56,0.00427342414180868
"ENSG00000285441","ENSG00000285441",1.61060318347197e-07,0.515082275525804,0.205,0.131,0.004306269731649
"GTPBP6","GTPBP6",1.63357086252381e-07,0.432081986149,0.372,0.286,0.00436767841512992
"SPR","SPR",1.67328898206789e-07,2.24147772676628,0.03,0.005,0.00447387275135491
"TEAD1","TEAD1",1.67473982827524e-07,0.362637987822525,0.632,0.559,0.0044777518788595
"ACTG1","ACTG1",1.67756835722309e-07,0.297860694419764,0.878,0.88,0.00448531451670738
"RFLNA","RFLNA",1.6832222425439e-07,-0.877453605477388,0.114,0.179,0.00450043130988963
"ENSG00000255364","ENSG00000255364",1.69019798617e-07,1.08647348112575,0.091,0.044,0.00451908235562274
"KANSL1","KANSL1",1.69323207852204e-07,0.196119176543205,0.936,0.925,0.00452719460834437
"TCERG1","TCERG1",1.72271470614414e-07,-0.302305042697828,0.523,0.599,0.00460602230981759
"LHPP","LHPP",1.7335730269559e-07,0.258613804588299,0.849,0.835,0.00463505420217199
"KLF9","KLF9",1.75653163917411e-07,-0.420720878567472,0.384,0.466,0.00469643864365981
"CUTA","CUTA",1.7963255185519e-07,0.374144097478374,0.418,0.323,0.0048028355389522
"KLF12","KLF12",1.80986328150835e-07,-0.405963459418927,0.471,0.547,0.00483903145576888
"SFT2D2","SFT2D2",1.82001901802974e-07,0.465579267569003,0.381,0.296,0.00486618484850613
"INSYN2A","INSYN2A",1.84199002133831e-07,0.823805567181656,0.168,0.101,0.00492492872005223
"ENSG00000279833","ENSG00000279833",1.84740854790324e-07,0.955058638068946,0.097,0.047,0.00493941623452889
"CHD1L","CHD1L",1.85274770770139e-07,0.304816423862729,0.742,0.689,0.00495369154608121
"NFE2L1","NFE2L1",1.86893998038919e-07,0.38333987458296,0.445,0.356,0.00499698482556658
"CLDND1","CLDND1",1.87354338412839e-07,-0.157606437922197,0.963,0.984,0.00500929294614408
"SRFBP1","SRFBP1",1.87455162511938e-07,0.480339918596766,0.424,0.34,0.00501198868008168
"SAMD4A","SAMD4A",1.87892806124755e-07,0.307422567422436,0.807,0.76,0.00502368995735757
"ENSG00000262039","ENSG00000262039",1.87958637930344e-07,0.652058366256449,0.283,0.205,0.00502545010234362
"MTF2","MTF2",1.88042203309415e-07,-0.389538848915223,0.421,0.507,0.00502768438988383
"EPM2A","EPM2A",1.88368148622486e-07,-0.437591584787261,0.381,0.463,0.0050363991897194
"EHHADH","EHHADH",1.90920070350085e-07,-0.847938363733422,0.138,0.207,0.00510462992095022
"PRKG1","PRKG1",1.93563069589027e-07,-1.14617250674442,0.08,0.138,0.00517529579160182
"DEDD2","DEDD2",1.94272908213309e-07,0.844966528881745,0.133,0.074,0.00519427474689923
"FAM50A","FAM50A",1.94696357382119e-07,0.403843025192451,0.367,0.274,0.00520559650732571
"CADPS","CADPS",2.01390649310632e-07,-0.727221688703648,0.209,0.282,0.00538458179061837
"IFT74","IFT74",2.01911448520226e-07,-0.453654681146169,0.189,0.27,0.00539850639908528
"ST3GAL2","ST3GAL2",2.02263782664785e-07,0.576309506665693,0.267,0.188,0.00540792675710837
"NUDT14","NUDT14",2.05212741870827e-07,0.566513290128146,0.252,0.173,0.00548677307940029
"ADAM12","ADAM12",2.0563769021287e-07,0.446634157230157,0.512,0.429,0.00549813492322149
"ENSG00000255580","ENSG00000255580",2.07101947327284e-07,0.590025406439757,0.17,0.103,0.00553728476568959
"TIGD7","TIGD7",2.07337283594217e-07,0.679497983378182,0.174,0.107,0.00554357695145859
"SLC39A6","SLC39A6",2.07482817531734e-07,0.417979940335061,0.406,0.322,0.00554746809234597
"MOSPD2","MOSPD2",2.08878738441859e-07,0.27485534240544,0.721,0.672,0.00558479082971999
"SNCA","SNCA",2.10425773617024e-07,0.278516959498074,0.781,0.706,0.00562615390919836
"GTF2A1","GTF2A1",2.15344488138924e-07,-0.598181167934604,0.246,0.325,0.0057576655793704
"B3GAT1","B3GAT1",2.17078729149014e-07,0.191986068549499,0.89,0.888,0.00580403398125718
"VEGFD","VEGFD",2.18677309769722e-07,0.555072715666435,0.227,0.153,0.00584677523131305
"LDAH","LDAH",2.2035203915216e-07,-0.402255887672631,0.419,0.505,0.0058915524708113
"NBPF11","NBPF11",2.2043522627688e-07,-0.378836562998351,0.408,0.5,0.00589377664496494
"MECP2","MECP2",2.22182787156598e-07,0.292348974245376,0.711,0.651,0.00594050118020596
"LRRC58","LRRC58",2.22372925305984e-07,0.347251692448938,0.621,0.542,0.0059455849039061
"LRRC1","LRRC1",2.23761169996478e-07,0.263527254025925,0.849,0.802,0.00598270240219583
"ZBTB38","ZBTB38",2.28681587294062e-07,0.227746328402564,0.82,0.785,0.00611425959948133
"MIR137HG","MIR137HG",2.30270750186075e-07,0.803648813685629,0.161,0.097,0.00615674904772509
"CAPN9","CAPN9",2.32095242135532e-07,-0.865465222771084,0.057,0.11,0.00620553048897771
"MYDGF","MYDGF",2.34750919066408e-07,0.553702654049285,0.26,0.184,0.00627653532307855
"TMTC1","TMTC1",2.35177689277528e-07,1.50879534015136,0.079,0.036,0.00628794587821326
"TUBB2B","TUBB2B",2.36279243327007e-07,-0.200108254125919,0.705,0.808,0.0063173981288342
"NPC2","NPC2",2.39691281257504e-07,0.422897061471447,0.461,0.384,0.00640862578698189
"DPY19L3","DPY19L3",2.42961022643819e-07,-0.584244833809972,0.211,0.291,0.00649604886242779
"LINC02798","LINC02798",2.42961317095374e-07,0.836787500802057,0.118,0.063,0.00649605673517902
"GBP2","GBP2",2.44447165477212e-07,3.30562345263545,0.026,0.003,0.00653578386336421
"ZNF232","ZNF232",2.45548155856001e-07,-0.708009444965309,0.082,0.142,0.0065652210431219
"FBXW2","FBXW2",2.47503288764735e-07,-0.452050422824406,0.285,0.369,0.00661749543170272
"CRB1","CRB1",2.4790303781808e-07,-0.358095207931365,0.358,0.443,0.00662818352214201
"ENSG00000255198","ENSG00000255198",2.4830497449778e-07,0.614797406264348,0.209,0.137,0.00663893010314713
"GKAP1","GKAP1",2.48742402389598e-07,0.419075218397843,0.444,0.357,0.00665062561269068
"UQCRFS1","UQCRFS1",2.49767105360011e-07,0.59879076068623,0.218,0.144,0.00667802309601061
"MARK1","MARK1",2.53006955971409e-07,0.297548493485147,0.625,0.536,0.00676464698180757
"ENSG00000259124","ENSG00000259124",2.58715728602615e-07,-0.604880059368549,0.263,0.341,0.00691728243564812
"DNAJC27","DNAJC27",2.59101201139008e-07,-0.475975626999134,0.242,0.327,0.00692758881485365
"GACAT3","GACAT3",2.60805043813464e-07,-1.04684530751272,0.042,0.089,0.00697314445644059
"GPAA1","GPAA1",2.61721143324977e-07,0.521946321210025,0.364,0.282,0.00699763820907991
"ENPP6","ENPP6",2.63178296502475e-07,-0.233946623657255,0.854,0.875,0.00703659811358669
"DMAC2L","DMAC2L",2.64982360152923e-07,-0.442336236180681,0.314,0.401,0.00708483336340869
"MAF1","MAF1",2.65370038707112e-07,0.462451952008296,0.247,0.169,0.00709519872491204
"CD63","CD63",2.6622774092624e-07,0.436411555696318,0.419,0.34,0.00711813110914487
"ANAPC4","ANAPC4",2.66252845431627e-07,-0.397801586968423,0.382,0.47,0.00711880232830542
"B3GALT2","B3GALT2",2.688621785614e-07,0.730600743568897,0.155,0.093,0.00718856806819615
"LOC105371956","LOC105371956",2.6949401385129e-07,1.28177782510839,0.091,0.044,0.00720546144834194
"ENSG00000275367","ENSG00000275367",2.70119059043017e-07,-1.22068642708424,0.046,0.094,0.00722217328163314
"ENSG00000228392","ENSG00000228392",2.70430075482047e-07,-1.02094592090865,0.051,0.101,0.0072304889281635
"SEMA4D","SEMA4D",2.7156726971667e-07,-0.151297920319794,0.966,0.981,0.00726089409041461
"SNTB1","SNTB1",2.71982060154793e-07,-1.44349758860389,0.019,0.054,0.0072719843423587
"HSD17B7","HSD17B7",2.75844945764878e-07,0.448701386022752,0.312,0.23,0.00737526631491553
"FAM131B-AS2","FAM131B-AS2",2.76272528100888e-07,1.2097968829937,0.057,0.021,0.00738669858383344
"AP3S1","AP3S1",2.77311447709698e-07,0.361564029893797,0.518,0.431,0.00741447617741419
"HEBP1","HEBP1",2.78735851153252e-07,0.406547789573444,0.288,0.205,0.00745256045228449
"PHACTR4","PHACTR4",2.78755051953873e-07,-0.247359097746387,0.74,0.779,0.0074530738240907
"PHF21B","PHF21B",2.82552992086643e-07,0.860684527264251,0.164,0.102,0.00755461934942057
"TRAM2","TRAM2",2.84928569684768e-07,1.03207869366662,0.112,0.059,0.00761813516766165
"ZNF143","ZNF143",2.88815563220457e-07,0.674688345805464,0.208,0.137,0.00772206171382536
"TUBA1C","TUBA1C",2.90636067742865e-07,0.761203105150503,0.125,0.069,0.00777073654324099
"PPIA","PPIA",2.91216775129211e-07,0.300505068834704,0.696,0.648,0.00778626291662971
"ENSG00000264630","ENSG00000264630",2.94047423495519e-07,0.639046368718192,0.194,0.124,0.00786194596199968
"EXOC2","EXOC2",2.98648886570254e-07,0.269340806048308,0.728,0.669,0.00798497528022888
"CRYAB","CRYAB",2.98857249507321e-07,0.39222930437214,0.947,0.946,0.00799054628007724
"PAQR6","PAQR6",2.99243009728746e-07,-0.255696380712069,0.628,0.726,0.00800086035111748
"GPR137B","GPR137B",3.01178355014992e-07,0.396571164629086,0.547,0.477,0.00805260567803584
"AMPD3","AMPD3",3.02210733371009e-07,0.32124659175047,0.728,0.681,0.00808020837814067
"THAP4","THAP4",3.10365896905518e-07,0.457940777973846,0.254,0.173,0.00829825298556283
"ABCA6","ABCA6",3.11744235908157e-07,-0.417811780567389,0.716,0.756,0.00833510563547639
"UXS1","UXS1",3.15727879900014e-07,0.680927943952744,0.237,0.165,0.00844161632488668
"CYP46A1","CYP46A1",3.19732445455104e-07,-0.985631543031767,0.077,0.134,0.00854868639413313
"CCDC117","CCDC117",3.25637916546918e-07,0.757824584618812,0.184,0.119,0.00870658097471496
"SEMA3A","SEMA3A",3.32068795564889e-07,0.547417303478321,0.273,0.196,0.00887852338701844
"U2SURP","U2SURP",3.32771127234263e-07,-0.223264706194595,0.723,0.775,0.00889730162886249
"PPP1R11","PPP1R11",3.35644262179442e-07,0.619444581026913,0.199,0.129,0.00897412063789174
"TTN-AS1","TTN-AS1",3.38044666893143e-07,-0.452968875369779,0.447,0.527,0.00903830025872197
"GIT1","GIT1",3.41472643735213e-07,0.376122866641932,0.527,0.435,0.00912995407554838
"ADGRV1","ADGRV1",3.42621367446024e-07,0.618717584351497,0.169,0.105,0.00916066750140434
"KCNN3","KCNN3",3.43077083624206e-07,0.703837651880022,0.207,0.138,0.0091728519848604
"MTHFD2","MTHFD2",3.4391700455818e-07,1.64482914569851,0.064,0.026,0.00919530895087205
"COPRS","COPRS",3.45556766135075e-07,0.537446482541725,0.186,0.118,0.0092391512561535
"PFDN2","PFDN2",3.46962297672834e-07,0.413095464916581,0.54,0.472,0.00927673095287855
"CCNI","CCNI",3.48335315940179e-07,0.329313959246718,0.67,0.641,0.00931344134229256
"SC5D","SC5D",3.51021208036774e-07,0.408196465926483,0.368,0.28,0.00938525403927924
"ENSG00000225446","ENSG00000225446",3.51588629459354e-07,-0.817267991823141,0.094,0.155,0.00940042518585474
"CXADR","CXADR",3.52466954888661e-07,-0.327132646711384,0.677,0.727,0.00942390897285813
"WLS","WLS",3.63418099766842e-07,-1.51009283041073,0.009,0.037,0.00971670973346605
"BCLAF3","BCLAF3",3.63720342261132e-07,-0.391445908208338,0.364,0.445,0.00972479079103588
"ZFP36L2","ZFP36L2",3.68139627302324e-07,0.73351999229101,0.168,0.104,0.00984294921518224
"KATNAL1","KATNAL1",3.68175047977208e-07,-0.342318240583237,0.492,0.561,0.0098438962577666
"FBXO21","FBXO21",3.68727057613661e-07,-0.341104878384482,0.621,0.669,0.00985865533941647
"LANCL2","LANCL2",3.69283394318599e-07,-0.302740107030679,0.534,0.609,0.00987353011389639
"SERINC3","SERINC3",3.69349988248206e-07,0.358676713878414,0.607,0.543,0.00987531063579229
"KIF6","KIF6",3.74991490541989e-07,-0.271523140830727,0.786,0.823,0.0100261474826212
"ARHGEF9","ARHGEF9",3.75789057779112e-07,-0.377156227553317,0.453,0.537,0.0100474720378401
"SGIP1","SGIP1",3.78083456606329e-07,-0.170100524039506,0.967,0.975,0.0101088173792834
"TIRAP-AS1","TIRAP-AS1",3.80106643009284e-07,1.4699562130182,0.077,0.035,0.0101629113141392
"CHST12","CHST12",3.81111384680805e-07,0.411707631316531,0.466,0.378,0.0101897750922107
"ALDH2","ALDH2",3.81793221984914e-07,0.616318692959581,0.233,0.159,0.0102080053762106
"XRCC4","XRCC4",3.81901607708527e-07,-0.402502929713548,0.423,0.504,0.0102109032853029
"C3orf70","C3orf70",3.83877676309304e-07,-0.471251858706491,0.357,0.434,0.0102637374314819
"TTC14","TTC14",3.84126000241438e-07,-0.252330143667938,0.735,0.773,0.0102703768684553
"POU2F1","POU2F1",3.8448812588931e-07,-0.219005953131059,0.743,0.792,0.0102800590219025
"ENSG00000236540","ENSG00000236540",3.89986142080111e-07,1.13523807079374,0.09,0.044,0.0104270594807959
"DDR1","DDR1",3.93745005048431e-07,0.253354457105577,0.787,0.763,0.0105275601999799
"NUMB","NUMB",3.94312439507969e-07,-0.411096209825673,0.499,0.563,0.0105427316951246
"TSPYL4","TSPYL4",3.97885999307705e-07,0.529117342782104,0.202,0.131,0.0106382779634901
"CCDC126","CCDC126",4.02573073630767e-07,0.44814983470102,0.313,0.23,0.0107635962696658
"LOC105374593","LOC105374593",4.04907856187714e-07,-1.77187717969739,0.02,0.056,0.0108260213508909
"NAALAD2","NAALAD2",4.06905644206381e-07,0.462968009881796,0.453,0.375,0.010879436209146
"COMMD6","COMMD6",4.08027202112452e-07,0.464561284390917,0.28,0.202,0.0109094233028806
"SPOUT1","SPOUT1",4.14197892233418e-07,0.631253349773174,0.15,0.088,0.0110744090446449
"CTBP1-AS","CTBP1-AS",4.18527151001992e-07,0.806968729922382,0.123,0.068,0.0111901604363403
"PRKCQ","PRKCQ",4.32503172651631e-07,-0.744519157797976,0.105,0.169,0.0115638373271866
"ERICH1","ERICH1",4.32652146759047e-07,-0.382986417328708,0.403,0.486,0.0115678204478966
"MTLN","MTLN",4.33539259737597e-07,0.541500423260612,0.228,0.154,0.0115915391876041
"RMC1","RMC1",4.34737080850735e-07,0.502659149293113,0.327,0.248,0.0116235653307061
"DCDC1","DCDC1",4.36058233639296e-07,1.06906537368156,0.113,0.061,0.0116588889928139
"GSDMB","GSDMB",4.37286025349418e-07,0.930286763307366,0.097,0.049,0.0116917164597674
"KIF1A","KIF1A",4.37799812654857e-07,0.180471660132546,0.894,0.886,0.0117054535909529
"ZRANB2","ZRANB2",4.4064349708034e-07,-0.227075142755077,0.752,0.796,0.0117814851814371
"IFT140","IFT140",4.43750186173862e-07,0.990832689112736,0.13,0.075,0.0118645487277306
"METRN","METRN",4.51826952296475e-07,-0.318384684021743,0.672,0.725,0.0120804972235509
"SUN2","SUN2",4.53104303304455e-07,0.200571219504024,0.747,0.675,0.0121146497574512
"ANO5","ANO5",4.53572580485288e-07,-1.64513432332593,0.021,0.058,0.0121271700844352
"NLRC5","NLRC5",4.54257646650609e-07,0.662189836891583,0.178,0.112,0.0121454866984973
"TNRC6B","TNRC6B",4.55237480446983e-07,0.188645058233339,0.962,0.939,0.012171684514711
"ADAMTS14","ADAMTS14",4.69124576661677e-07,-1.1491926078655,0.048,0.096,0.0125429838062033
"NPEPPS","NPEPPS",4.72549846085753e-07,0.23485701239092,0.806,0.749,0.0126345652347948
"LINC02872","LINC02872",4.73969766672947e-07,-1.66023039367812,0.019,0.054,0.0126725296515346
"DENND11","DENND11",4.76702698067317e-07,0.341589921314591,0.641,0.576,0.0127456000382259
"STARD4","STARD4",4.78688761446614e-07,0.961353302548946,0.14,0.084,0.0127987014147981
"PRXL2A","PRXL2A",4.79950148379447e-07,0.428947759234668,0.383,0.296,0.0128324271172213
"CSAD","CSAD",4.80121460921756e-07,-0.318397596711554,0.615,0.686,0.012837007500665
"LRRFIP2","LRRFIP2",4.80799072462812e-07,-0.173220214989157,0.896,0.914,0.0128551248004382
"RPUSD1","RPUSD1",4.96354497063657e-07,0.992992260466329,0.07,0.029,0.013271030187991
"PIEZO1","PIEZO1",4.99529221862189e-07,0.438829147972914,0.384,0.302,0.0133559128049294
"FTH1","FTH1",5.12507033316554e-07,0.31938236447786,0.914,0.922,0.0137029005497847
"MINCR","MINCR",5.182601098871e-07,0.853341447518239,0.101,0.052,0.0138567205580514
"ARHGEF4","ARHGEF4",5.20531117811108e-07,-0.636357966495216,0.19,0.261,0.0139174404969156
"ZNF337","ZNF337",5.26951487783372e-07,0.406113512023988,0.43,0.341,0.014089101928864
"SLF1","SLF1",5.28254588571522e-07,-0.670541982412142,0.12,0.188,0.0141239429346368
"SDCCAG8","SDCCAG8",5.30600711075306e-07,-0.190238549455246,0.867,0.876,0.0141866712120204
"NRF1","NRF1",5.32022171697813e-07,0.267222537655447,0.732,0.666,0.0142246768046844
"ENSG00000269038","ENSG00000269038",5.41803026531606e-07,-1.50611094107386,0.023,0.059,0.0144861875203755
"GLMN","GLMN",5.41994489897952e-07,-0.492978250122397,0.249,0.328,0.0144913066764015
"SENP8","SENP8",5.45784873319994e-07,-0.935128302783188,0.054,0.103,0.0145926501579567
"CLVS1","CLVS1",5.4707683837604e-07,-0.88651202941457,0.102,0.163,0.0146271934276602
"PGRMC1","PGRMC1",5.48377081709503e-07,0.378777738711581,0.612,0.548,0.014661958033667
"RHOQ-AS1","RHOQ-AS1",5.57909723454104e-07,1.38160429329151,0.058,0.022,0.0149168322759924
"H2BC11","H2BC11",5.61424832258253e-07,1.23419568254193,0.062,0.025,0.0150108157400889
"ARHGAP39","ARHGAP39",5.67844838966746e-07,-0.316941218432971,0.598,0.658,0.0151824674594539
"CFAP69","CFAP69",5.71689884004512e-07,-1.01030600763031,0.042,0.088,0.0152852724286286
"GFOD1","GFOD1",5.7370928526632e-07,0.413704187291146,0.541,0.468,0.0153392651601656
"CC2D1A","CC2D1A",5.78249717445545e-07,0.379330996504023,0.408,0.317,0.0154606626953415
"VGLL4","VGLL4",5.84469558672461e-07,0.266351662772751,0.77,0.694,0.0156269625902256
"AGPAT5","AGPAT5",5.90477371186525e-07,0.255562642671109,0.686,0.616,0.0157875934734141
"CAT","CAT",5.94454591140281e-07,-0.43090008631254,0.308,0.392,0.0158939324033177
"COL24A1","COL24A1",6.01533906017592e-07,1.59333722522695,0.066,0.027,0.0160832120451924
"TTC23-AS1","TTC23-AS1",6.02065565439309e-07,0.787796714782428,0.148,0.09,0.0160974270231508
"PDIA5","PDIA5",6.04574575640025e-07,0.915308787743684,0.102,0.053,0.0161645104288874
"DNAAF9","DNAAF9",6.07827386832584e-07,-0.160337536594826,0.899,0.908,0.0162514808417428
"SQLE","SQLE",6.09724629766486e-07,0.405679658855638,0.521,0.436,0.0163022074260665
"SIN3B","SIN3B",6.12108653961306e-07,-0.516184633264531,0.289,0.364,0.0163659490809634
"LMLN","LMLN",6.26094109807409e-07,-0.629228777284427,0.174,0.244,0.0167398782139207
"RGS9","RGS9",6.27684047719312e-07,-0.996234468882756,0.061,0.112,0.0167823883838712
"TOLLIP","TOLLIP",6.3106170159163e-07,0.483115838314551,0.382,0.301,0.0168726967154554
"CYB561A3","CYB561A3",6.32202943012597e-07,0.663785523603396,0.169,0.107,0.0169032100873278
"TMEM273","TMEM273",6.42323006058738e-07,0.353916275952106,0.527,0.445,0.0171737902129925
"CDO1","CDO1",6.42397130821563e-07,-1.02560964860762,0.054,0.103,0.0171757720867761
"PSD2","PSD2",6.43788477193672e-07,-0.808097515597776,0.088,0.146,0.0172129725147272
"SLC22A8","SLC22A8",6.46457523990427e-07,3.37319528642213,0.018,0.001,0.017284334818932
"RTN4R","RTN4R",6.49924891982807e-07,0.94808445008058,0.092,0.046,0.0173770418369443
"TRIM56","TRIM56",6.5044889875632e-07,0.44957993384929,0.328,0.245,0.0173910522060477
"RGS11","RGS11",6.6381678133065e-07,-0.350206060962872,0.389,0.477,0.0177484692824376
"AHCTF1","AHCTF1",6.65986529851716e-07,0.35510813850532,0.591,0.522,0.0178064818486453
"IL17D","IL17D",6.68031813305804e-07,0.920822824884882,0.165,0.106,0.0178611665923573
"HERC3","HERC3",6.68498913879397e-07,0.315469661712513,0.587,0.509,0.0178736554603934
"WARS2","WARS2",6.68881188667451e-07,-0.695079306113538,0.126,0.192,0.0178838763414016
"HMGCR","HMGCR",6.82106759412685e-07,0.62094991424559,0.267,0.196,0.018237488426417
"ZMYM4","ZMYM4",6.83165267350818e-07,-0.217386303453138,0.729,0.777,0.0182657897531588
"BICDL1","BICDL1",6.87542270703136e-07,0.596635420565754,0.261,0.186,0.0183828176917897
"NAV1","NAV1",6.88414139362731e-07,-0.261390511713118,0.659,0.714,0.0184061288441414
"SLC22A23","SLC22A23",6.89726117720241e-07,0.190734807637867,0.963,0.949,0.0184412072094861
"GREB1","GREB1",6.97369987523692e-07,-0.386069235998032,0.413,0.49,0.018645581356421
"LOC105379507","LOC105379507",6.98553525918886e-07,-0.394845170150788,0.628,0.667,0.0186772256224933
"COL5A2","COL5A2",6.9968995778932e-07,-1.50607276314691,0.021,0.057,0.018707610401413
"ARHGEF26","ARHGEF26",7.05296208072547e-07,0.470320875073011,0.344,0.266,0.0188575047152357
"MMP24","MMP24",7.13591691492963e-07,0.949194339542627,0.114,0.063,0.0190793010554474
"INPP4A","INPP4A",7.29356032753168e-07,0.265189289466926,0.643,0.558,0.0195007922477214
"GTF2IRD2","GTF2IRD2",7.38214894290809e-07,0.493070400202084,0.334,0.257,0.0197376516286533
"GARNL3","GARNL3",7.41579416792173e-07,-0.216226553051071,0.801,0.836,0.0198276088667723
"STARD7","STARD7",7.42631687735553e-07,0.310638931924565,0.54,0.465,0.0198557434349855
"CYP2C18","CYP2C18",7.43670518392776e-07,4.25382345848217,0.016,0,0.0198835186502677
"BOD1L1","BOD1L1",7.4699232059113e-07,-0.247673527331393,0.708,0.751,0.019972333675645
"SKP2","SKP2",7.4940172000463e-07,-0.486836039571692,0.243,0.32,0.0200367537877638
"ENSG00000229127","ENSG00000229127",7.51417338436974e-07,-0.677265364304411,0.188,0.258,0.0200906453777894
"FAM184A","FAM184A",7.53655523240921e-07,-0.603012744318421,0.206,0.278,0.0201504877248925
"EDARADD","EDARADD",7.61122884540431e-07,1.22451452237339,0.071,0.031,0.0203501425639575
"RAB6A","RAB6A",7.63794683977214e-07,-0.23875571023604,0.74,0.778,0.0204215784654988
"VAT1L","VAT1L",7.64293798124569e-07,0.514473785672816,0.373,0.297,0.0204349232804566
"NUP58","NUP58",7.72744300739422e-07,-0.350983803706233,0.47,0.546,0.0206608643688699
"GAS2","GAS2",7.75392217010976e-07,-0.233068637052881,0.786,0.808,0.0207316617062225
"EIF4G2","EIF4G2",7.7650085886687e-07,0.317555379625781,0.614,0.538,0.0207613034635235
"LINC03048","LINC03048",7.85387074871793e-07,-0.615913293157946,0.149,0.22,0.0209988942208471
"HCCS-DT","HCCS-DT",7.85616678347406e-07,-0.47492552308032,0.158,0.231,0.0210050331289746
"CCDC121","CCDC121",7.8710981356014e-07,1.02970482361983,0.076,0.035,0.0210449550851575
"ROGDI","ROGDI",7.87765732017463e-07,-0.237425423419411,0.636,0.71,0.0210624923769509
"TRIO","TRIO",7.89903681144622e-07,0.293892291752632,0.706,0.635,0.0211196547227638
"VPS41","VPS41",7.90495200207117e-07,0.229741402854877,0.845,0.806,0.0211354701679377
"RCAN3","RCAN3",7.90872354770028e-07,-0.512535411097818,0.245,0.321,0.0211455541494862
"QSOX1","QSOX1",7.98723996984875e-07,-0.409187735940466,0.445,0.517,0.0213554835073846
"GK5","GK5",7.98815555488629e-07,0.394308116078196,0.684,0.625,0.0213579315070995
"ARRB2","ARRB2",7.99821000518824e-07,0.634074818542512,0.141,0.083,0.0213848140908718
"NAA25","NAA25",8.05490768398255e-07,-0.238085390962955,0.636,0.705,0.0215364066746642
"DGKG","DGKG",8.06020673619002e-07,0.705379222853278,0.192,0.127,0.0215505747505512
"ENSG00000228863","ENSG00000228863",8.16095085309279e-07,-1.06279570183866,0.035,0.076,0.0218199342959142
"RAB29","RAB29",8.18797240250096e-07,0.761151962876778,0.16,0.099,0.0218921818125668
"TMEM258","TMEM258",8.31787697292176e-07,0.367607271624122,0.406,0.318,0.0222395076625009
"ARMH4","ARMH4",8.3770877085193e-07,0.357326128323423,0.545,0.459,0.0223978194062681
"MAFK","MAFK",8.38947848913049e-07,1.09308898219907,0.088,0.044,0.0224309486363882
"TPM4","TPM4",8.43351313064213e-07,-0.309486281469521,0.53,0.599,0.0225486840573979
"ANKRD37","ANKRD37",8.5027906823085e-07,0.769607506143392,0.124,0.07,0.0227339114472882
"HSD17B1","HSD17B1",8.56099090383512e-07,0.866953278601768,0.097,0.05,0.022889521379584
"PSMA4","PSMA4",8.6255488182514e-07,0.446613556505028,0.301,0.222,0.0230621298753588
"SMG1","SMG1",8.68564754850369e-07,-0.220065046359778,0.739,0.788,0.0232228158504343
"ZNF675","ZNF675",8.70928104583248e-07,0.515169843801813,0.323,0.244,0.0232860047322423
"KNOP1","KNOP1",8.74632786373504e-07,0.270676124567668,0.751,0.678,0.0233850568092684
"VPS35L","VPS35L",8.81685888790444e-07,-0.213476555418201,0.782,0.827,0.0235736356085901
"NPFFR1","NPFFR1",8.88742525624332e-07,1.1366344579364,0.111,0.062,0.0237623089076178
"TMEFF2","TMEFF2",8.91008454949562e-07,-0.313644911772824,0.847,0.85,0.0238228930599864
"ENSG00000260300","ENSG00000260300",9.01441712247115e-07,-1.12262286180079,0.037,0.08,0.0241018470603511
"ISG20","ISG20",9.14948433719042e-07,1.6753984222696,0.048,0.016,0.024462976272346
"ATM","ATM",9.17574526032418e-07,0.185362037352571,0.901,0.859,0.0245331901025288
"ENSG00000225450","ENSG00000225450",9.18992889551583e-07,0.885244925327838,0.095,0.048,0.0245711128879407
"CHCHD10","CHCHD10",9.19366895778344e-07,0.543616723352406,0.246,0.176,0.0245811126924256
"SIMC1","SIMC1",9.21312662054377e-07,-0.504877473685327,0.248,0.32,0.0246331366453479
"RTF1","RTF1",9.25585436337168e-07,-0.420255765587048,0.276,0.356,0.0247473778113468
"ALKBH3","ALKBH3",9.431983923889e-07,-0.52666861461187,0.207,0.282,0.025218295417302
"TSNARE1","TSNARE1",9.44411225286628e-07,0.492463743590432,0.295,0.219,0.0252507229304886
"DUSP26","DUSP26",9.53074476155572e-07,0.587676455302168,0.312,0.237,0.0254823522689715
"CYB5D2","CYB5D2",9.55466283645196e-07,0.462207092688063,0.393,0.307,0.0255463020258216
"SUMF2","SUMF2",9.58906026750867e-07,-0.352721793375881,0.343,0.432,0.0256382704372379
"ASCC2","ASCC2",9.59972472185619e-07,-0.614668015780469,0.216,0.288,0.0256667839888269
"SEPTIN7-DT","SEPTIN7-DT",9.60189373947904e-07,-0.895137359394035,0.103,0.162,0.0256725832912451
"PHF10","PHF10",9.6886082902485e-07,0.362992939523116,0.414,0.324,0.0259044319856374
"NQO1-DT","NQO1-DT",9.8160722721849e-07,0.802263353668968,0.169,0.108,0.0262452324341408
"ENSG00000246263","ENSG00000246263",9.82794720772024e-07,-0.867882486711317,0.067,0.118,0.0262769824492816
"EFCAB6","EFCAB6",9.96173850990256e-07,-0.758629694654653,0.095,0.153,0.0266347002539265
"AKAP19","AKAP19",1.00129854555626e-06,0.393892601388001,0.385,0.303,0.0267717192125378
"DMP1-AS1","DMP1-AS1",1.0039803814736e-06,0.668446297505877,0.146,0.087,0.0268434234594596
"MT3","MT3",1.01234055034029e-06,0.245414006441957,0.886,0.9,0.0270669492944482
"UBALD2","UBALD2",1.02662065265233e-06,0.487261919371077,0.275,0.198,0.0274487563899653
"SIRT2","SIRT2",1.03768887507911e-06,0.170578113789695,0.902,0.896,0.0277446874529902
"DNAJC3","DNAJC3",1.03948284297694e-06,0.263210875020287,0.6,0.516,0.0277926527726744
"ENSG00000250538","ENSG00000250538",1.0500375228191e-06,-4.26922272750567,0,0.016,0.0280748532476143
"GSTM3","GSTM3",1.05152593240348e-06,1.12055349813967,0.092,0.047,0.0281146488546718
"SDCBP2-AS1","SDCBP2-AS1",1.05990204411877e-06,-0.614838053367206,0.171,0.241,0.0283386009536036
"COLGALT1","COLGALT1",1.07441776467811e-06,0.627943981342601,0.194,0.129,0.0287267077741988
"SUCLG2","SUCLG2",1.07932281279995e-06,-0.316501530333342,0.416,0.512,0.0288578540458322
"NID2","NID2",1.09872307643701e-06,-1.68782803320451,0.015,0.045,0.0293765588946963
"VPS13A","VPS13A",1.10243460061123e-06,0.420198601182834,0.441,0.37,0.0294757939165424
"ZC2HC1A","ZC2HC1A",1.10277018992038e-06,-0.295328979028672,0.582,0.64,0.0294847665679013
"ENSG00000283149","ENSG00000283149",1.10600522089277e-06,0.665087880961115,0.129,0.074,0.0295712615910101
"ENSG00000268205","ENSG00000268205",1.10670835919609e-06,0.298685342932791,0.634,0.568,0.0295900613998257
"ZNF714","ZNF714",1.10928595564547e-06,-0.580715717726251,0.188,0.259,0.0296589785960928
"GPR146","GPR146",1.1168890763806e-06,0.920126820824549,0.101,0.054,0.029862263235188
"PPP6R3","PPP6R3",1.12140094358151e-06,0.182574906553425,0.899,0.871,0.0299828970285388
"CCDC82","CCDC82",1.12373780920131e-06,-0.298274203605689,0.64,0.695,0.0300453778046155
"LYPD6","LYPD6",1.1385300138201e-06,1.11445855121312,0.092,0.047,0.0304408769795081
"OSER1-DT","OSER1-DT",1.15118277053038e-06,0.566212797095275,0.243,0.168,0.0307791737356708
"ZNF892","ZNF892",1.17393777236474e-06,0.408053717444115,0.416,0.334,0.031387574219716
"FAM219A","FAM219A",1.1836133081008e-06,0.333927573368618,0.525,0.444,0.0316462690186911
"NDUFS4","NDUFS4",1.19472350565319e-06,-0.28555414257007,0.503,0.575,0.0319433223706494
"LINC01846","LINC01846",1.22609469962578e-06,-1.12809286275454,0.039,0.081,0.0327820939838945
"APP","APP",1.23080971997639e-06,0.120308170583703,0.977,0.975,0.0329081594830088
"STX6","STX6",1.24546656313808e-06,-0.958616757257339,0.092,0.148,0.0333000394986228
"ENTR1","ENTR1",1.24555532132529e-06,0.554211451591576,0.2,0.132,0.0333024126262742
"KLRG1","KLRG1",1.2462236015339e-06,0.644442698239365,0.212,0.144,0.0333202804342119
"TET1","TET1",1.27938873492773e-06,-0.480375742617284,0.318,0.394,0.0342070166057626
"ENSG00000266744","ENSG00000266744",1.28888346055285e-06,-1.2327335358477,0.026,0.062,0.0344608770848015
"ENSG00000227398","ENSG00000227398",1.28970788016979e-06,-0.392703524733838,0.387,0.469,0.0344829195920996
"XPO6","XPO6",1.29655310386409e-06,-0.266545851783136,0.631,0.698,0.0346659403380142
"USP39","USP39",1.30521254655079e-06,0.374363227766363,0.512,0.437,0.0348974678571285
"MICU3","MICU3",1.31688614911824e-06,-0.269141088438624,0.672,0.71,0.0352095849689743
"CTPS2","CTPS2",1.32861397810759e-06,-0.402664969820618,0.336,0.414,0.0355231519326626
"RBMS2","RBMS2",1.33061192392002e-06,-0.597693445400914,0.077,0.132,0.0355765710098495
"FAM227B","FAM227B",1.33402869532225e-06,-0.530086388469273,0.319,0.388,0.0356679252268309
"SAC3D1","SAC3D1",1.35146116082309e-06,0.761462932100754,0.122,0.07,0.036134017056927
"NELFCD","NELFCD",1.35908547967589e-06,0.375398787614148,0.346,0.263,0.0363378684700942
"PSMB6","PSMB6",1.37517169776763e-06,0.494801438258477,0.307,0.231,0.0367679656832132
"RAB27A","RAB27A",1.37969878355369e-06,0.648410142907915,0.238,0.167,0.036889006375875
"PCDH10-DT","PCDH10-DT",1.39257225170502e-06,-0.59248112529263,0.219,0.289,0.037233204293837
"SLC2A1","SLC2A1",1.39293384794587e-06,0.465135607110081,0.26,0.185,0.0372428722925288
"VPS37B","VPS37B",1.39602687619995e-06,-0.449206968666081,0.338,0.412,0.037325570588958
"BMP2K","BMP2K",1.42021488324976e-06,-0.300537778546457,0.598,0.666,0.0379722853334489
"SPRED2","SPRED2",1.42433276062754e-06,0.50616590398057,0.31,0.235,0.0380823850208985
"TCEAL9","TCEAL9",1.43061716654682e-06,0.516000109380755,0.209,0.141,0.0382504111819623
"SH3GL1","SH3GL1",1.43823559206092e-06,0.504667905818403,0.281,0.207,0.0384541050249327
"DICER1","DICER1",1.44073293314519e-06,-0.134901966863401,0.961,0.973,0.0385208764335028
"TIMM44","TIMM44",1.44145489329324e-06,0.544086449481056,0.214,0.145,0.0385401794819813
"CCDC107","CCDC107",1.44573869751951e-06,0.813013175088956,0.141,0.085,0.0386547155555792
"BCAS3","BCAS3",1.45653833832533e-06,-0.159082004158476,0.965,0.964,0.0389434655518043
"TMEM260","TMEM260",1.46347482961602e-06,-0.282507307440301,0.571,0.64,0.0391289265194435
"HIP1","HIP1",1.4704027132196e-06,-0.197356431950631,0.842,0.864,0.0393141573433525
"PGLS","PGLS",1.52467163770241e-06,0.464932108254072,0.31,0.233,0.0407651455772494
"ENSG00000236760","ENSG00000236760",1.53482726037659e-06,1.48761684046836,0.051,0.019,0.0410366764606889
"LINC01563","LINC01563",1.53970804989237e-06,-0.8290100320993,0.095,0.153,0.0411671741299722
"WBP11","WBP11",1.55137515507785e-06,-0.617593214020331,0.244,0.311,0.0414791175213164
"DRC4","DRC4",1.56247124455041e-06,-0.860166542089817,0.096,0.153,0.0417757936655443
"SLC25A21","SLC25A21",1.56488666512443e-06,-0.94639046244943,0.04,0.082,0.0418403747654319
"ZNF521","ZNF521",1.56880230641893e-06,0.275067637256212,0.816,0.763,0.0419450672667228
"MAPK8","MAPK8",1.57132536772394e-06,-0.200757342990931,0.736,0.79,0.0420125263568349
"NBPF3","NBPF3",1.57735942675053e-06,0.362593033726925,0.226,0.154,0.042173858993029
"ARMC5","ARMC5",1.57817849046635e-06,0.693977500638303,0.139,0.083,0.0421957582995988
"KTN1","KTN1",1.57995845751678e-06,0.173824119055341,0.869,0.846,0.0422433492786261
"NUDT12","NUDT12",1.60168367202904e-06,-0.700310998872105,0.145,0.208,0.0428242163390403
"FOS","FOS",1.60237618430301e-06,1.44834027695677,0.049,0.018,0.0428427320397097
"MAPRE3","MAPRE3",1.60561465845969e-06,0.377099662110639,0.433,0.344,0.0429293191232367
"ENSG00000260869","ENSG00000260869",1.6104107783177e-06,1.30380314225043,0.063,0.027,0.0430575529798803
"MRPL36","MRPL36",1.61695290297177e-06,0.831287912864695,0.133,0.08,0.0432324697667563
"RECK","RECK",1.61995795354263e-06,-0.314294980223132,0.654,0.71,0.0433128158038692
"CDK13","CDK13",1.62879751738884e-06,0.206971636123025,0.891,0.854,0.0435491592224254
"ENSG00000285082","ENSG00000285082",1.63157135256253e-06,2.11197739234764,0.038,0.011,0.0436233232534644
"ANKRD9","ANKRD9",1.63364831621664e-06,1.48638907562267,0.045,0.015,0.0436788550306843
"ENHO","ENHO",1.6366088348684e-06,0.647450650083812,0.123,0.071,0.0437580104178763
"NINJ2","NINJ2",1.64754489995463e-06,-0.432161344252723,0.487,0.544,0.0440504079900868
"PTK2B","PTK2B",1.64848218667272e-06,-0.534331265219504,0.154,0.223,0.0440754682250685
"GNG7","GNG7",1.65127451152399e-06,0.157578563288286,0.985,0.975,0.044150126614617
"ELOVL1","ELOVL1",1.67127889104931e-06,-0.221442878772642,0.715,0.793,0.0446849837099855
"NFIX","NFIX",1.6796160387393e-06,-0.196581960983482,0.881,0.899,0.0449078940277726
"RIN2","RIN2",1.6899744017409e-06,-0.253841408673732,0.728,0.764,0.0451848455793464
"OTUD6B-AS1","OTUD6B-AS1",1.69354980206136e-06,0.435031483350687,0.34,0.265,0.0452804410577145
"DIP2C","DIP2C",1.7225541540949e-06,0.174469096873768,0.983,0.973,0.0460559304180353
"SLC28A2-AS1","SLC28A2-AS1",1.73057106391169e-06,-1.08672288310955,0.054,0.1,0.0462702785358067
"FCHO1","FCHO1",1.74019016854817e-06,0.353479265371966,0.448,0.361,0.0465274645364723
"NACA","NACA",1.76840046468154e-06,0.33269048835479,0.463,0.382,0.0472817232241903
"PHF19","PHF19",1.770263277034e-06,0.50186731693001,0.231,0.161,0.047331529238058
"SEC63","SEC63",1.77317111387176e-06,-0.321243591220864,0.549,0.605,0.0474092760715891
"AMY2B","AMY2B",1.78683628782534e-06,-0.553315297271713,0.186,0.258,0.0477746418275862
"GPRASP3","GPRASP3",1.79613291735002e-06,0.493303292553124,0.256,0.182,0.0480232058111875
"PAIP2","PAIP2",1.80146139688613e-06,0.313642083067114,0.569,0.506,0.0481656733685443
"DLEU2","DLEU2",1.81697382548906e-06,-0.232959502408926,0.839,0.86,0.0485804291721011
"PLEKHA5","PLEKHA5",1.81824189368135e-06,0.43286716079078,0.48,0.399,0.0486143335113582
"USP30","USP30",1.8193810289412e-06,-0.347037593011493,0.36,0.443,0.0486447905708008
"B4GALT5","B4GALT5",1.82009560311762e-06,0.406707165811363,0.424,0.34,0.0486638961405557
"PCNX2","PCNX2",1.83622707263131e-06,-0.316973071309185,0.413,0.493,0.0490952032409433
"ATP2A2","ATP2A2",1.86109888419125e-06,0.279748750138324,0.641,0.575,0.0497602008666215
"SMARCA4","SMARCA4",1.88193257072616e-06,-0.301450562488335,0.576,0.634,0.0503172311435055
"SRRM2","SRRM2",1.88674448018566e-06,0.23933365185408,0.786,0.719,0.0504458871667241
"DAP","DAP",1.90074982791586e-06,-0.943340289504238,0.055,0.101,0.0508203481489862
"ZNF761","ZNF761",1.90105947475728e-06,0.416576345831196,0.315,0.237,0.0508286271765855
"ENSG00000205056","ENSG00000205056",1.90237917973367e-06,4.23287599734903,0.017,0.001,0.050863912128539
"RPE","RPE",1.92773273975471e-06,-0.419184430907461,0.267,0.34,0.0515417902628216
"LOC105370103","LOC105370103",1.97043096763599e-06,1.2135507466438,0.068,0.031,0.0526834127816835
"MRPL41","MRPL41",1.9720074879707e-06,0.350899325280877,0.507,0.427,0.0527255642058725
"ATG101","ATG101",1.98042123946691e-06,0.830674338748532,0.11,0.061,0.0529505226796268
"NDRG3","NDRG3",1.98091618335371e-06,0.382781315293558,0.4,0.312,0.0529637559943281
"PDIA6","PDIA6",1.98640996974523e-06,0.470965098687803,0.303,0.227,0.0531106433610783
"TOX3","TOX3",1.99119540587639e-06,0.25495748480243,0.735,0.652,0.053238591566917
"OAT","OAT",2.00708111468013e-06,0.323270058101205,0.453,0.367,0.0536633277632025
"MEF2C-AS2","MEF2C-AS2",2.019359519902e-06,-2.45176031370659,0.005,0.027,0.0539916154836199
"IFT122","IFT122",2.03713983456174e-06,-0.595534003083817,0.111,0.173,0.0544670077566772
"FRRS1L","FRRS1L",2.04672188791746e-06,-0.923454440003355,0.088,0.142,0.054723203117249
"PPM1F","PPM1F",2.06812455459296e-06,0.419594816894403,0.377,0.299,0.0552954462161519
"CDK11B","CDK11B",2.08754276204421e-06,0.495640209017925,0.281,0.208,0.055814630828776
"POPDC3","POPDC3",2.08886756530311e-06,0.706638333970807,0.137,0.082,0.0558500520935092
"NPIPB15","NPIPB15",2.09501102530734e-06,0.864314644086948,0.102,0.056,0.0560143097836422
"DGKI","DGKI",2.1357123091522e-06,0.325019167771266,0.573,0.489,0.0571025400098025
"HCCAT5","HCCAT5",2.13937570353761e-06,2.00026690774897,0.039,0.012,0.0572004881854851
"CYB561D1","CYB561D1",2.14377793101947e-06,0.716767724848494,0.144,0.088,0.0573181905416677
"KLHL24","KLHL24",2.14614061467143e-06,0.183289435914083,0.873,0.842,0.05738136161447
"LPCAT2","LPCAT2",2.15703662895916e-06,-0.376032456380594,0.509,0.567,0.057672688348481
"PDPK1","PDPK1",2.18771252993652e-06,0.307388424568815,0.607,0.539,0.0584928699129128
"RING1","RING1",2.20177446211767e-06,0.474837973795441,0.301,0.23,0.0588688437936401
"RAD21","RAD21",2.21837523739439e-06,0.230056079825733,0.697,0.631,0.0593126987222137
"PBLD","PBLD",2.26428360291587e-06,-0.746929879400115,0.053,0.1,0.0605401506911616
"PPP3CC","PPP3CC",2.28339459014434e-06,-0.310112167211721,0.585,0.63,0.0610511211566891
"TSGA10","TSGA10",2.28412755834097e-06,-0.320616092983625,0.621,0.661,0.0610707185273625
"BSN","BSN",2.29265770086586e-06,-0.834020888701646,0.087,0.142,0.0612987889480506
"NDRG2","NDRG2",2.3123626336119e-06,-0.616930177176672,0.104,0.163,0.0618256397348814
"ENSG00000196312","ENSG00000196312",2.31281892025427e-06,-0.227985066342164,0.703,0.756,0.0618378394708383
"KYAT3","KYAT3",2.35323335945272e-06,-0.479175737977416,0.253,0.327,0.0629184003316873
"FAM53C","FAM53C",2.36621647782225e-06,0.459876630188475,0.303,0.23,0.0632655299675335
"AUP1","AUP1",2.37492132801005e-06,0.508700022972898,0.287,0.213,0.0634982715470048
"USP50","USP50",2.37994661202458e-06,-0.881472920717798,0.065,0.114,0.0636326325657012
"L2HGDH","L2HGDH",2.38586343980563e-06,-0.535766305293147,0.206,0.28,0.063790830790083
"EML1","EML1",2.38765950056627e-06,-0.266277966193893,0.563,0.632,0.0638388520666405
"CPA4","CPA4",2.41526299814901e-06,1.06698265827962,0.095,0.051,0.0645768867815101
"WDHD1","WDHD1",2.42147418241475e-06,-0.956095658380366,0.064,0.112,0.0647429552152232
"ENSG00000281641","ENSG00000281641",2.43013082843679e-06,-0.845671072843892,0.063,0.112,0.0649744079599145
"MLH3","MLH3",2.44871268499267e-06,-0.298428316157391,0.578,0.631,0.0654712310586491
"ANKRD17","ANKRD17",2.44921715652099e-06,0.172970426461371,0.94,0.916,0.0654847191139018
"MIR4458HG","MIR4458HG",2.46873863940478e-06,0.772959340433287,0.098,0.052,0.0660066650017657
"IGSF11","IGSF11",2.47703888694163e-06,-0.163493692391576,0.956,0.954,0.0662285887201584
"GTF2IRD2B","GTF2IRD2B",2.48465691998888e-06,0.368009789803274,0.419,0.339,0.0664322720697427
"GRIA2","GRIA2",2.55906287121242e-06,-0.253779849110823,0.723,0.783,0.0684216639876064
"ENSG00000259564","ENSG00000259564",2.59937796826975e-06,0.636265138997025,0.177,0.116,0.0694995687376284
"ABHD18","ABHD18",2.60084696759648e-06,-0.368289880541237,0.457,0.524,0.0695388453726272
"SEC14L1","SEC14L1",2.61384471206538e-06,0.289535803885615,0.612,0.537,0.069886366066492
"ADD3","ADD3",2.63478292363061e-06,-0.251944231972162,0.552,0.631,0.0704461910291116
"DHX57","DHX57",2.71194233333479e-06,-0.481405130821422,0.205,0.278,0.0725092021663722
"IFIH1","IFIH1",2.76773056213774e-06,0.92564082671577,0.105,0.059,0.0740008120398767
"RIPK1","RIPK1",2.77276170728572e-06,0.567261293298783,0.276,0.207,0.0741353297676984
"SAT2","SAT2",2.78822349057282e-06,0.454342909775276,0.294,0.22,0.0745487314674455
"NFAT5","NFAT5",2.80360847870686e-06,0.197704764810312,0.849,0.812,0.0749600798951852
"GRB2","GRB2",2.80837985327362e-06,-0.316388142263558,0.512,0.582,0.0750876521369767
"CNN2","CNN2",2.81639668059355e-06,-0.917063888691586,0.053,0.099,0.0753019980490298
"SLC16A4","SLC16A4",2.84715579164168e-06,0.860010074161721,0.078,0.038,0.0761244044011237
"NRIP1","NRIP1",2.88562394640616e-06,0.286084985116827,0.538,0.467,0.0771529274550614
"CRADD","CRADD",2.89988002807358e-06,0.228834893902022,0.864,0.821,0.0775340923106032
"SNRPN","SNRPN",2.91735902551842e-06,-0.331778274201288,0.465,0.539,0.078001428265286
"POLR2G","POLR2G",2.92911102912755e-06,0.583591761632999,0.206,0.142,0.0783156415857833
"CHADL","CHADL",2.96790509693956e-06,-0.210897628352494,0.675,0.752,0.0793528785768731
"UBQLN2","UBQLN2",2.9689048055715e-06,0.404752709642919,0.312,0.234,0.0793796077865652
"GIPC1","GIPC1",2.97149395813833e-06,-0.291890839779692,0.639,0.695,0.0794488339587444
"NIBAN3","NIBAN3",2.99110357093621e-06,1.21048381646833,0.063,0.027,0.0799731361761214
"ZNF830","ZNF830",2.9921070251174e-06,0.608824023057344,0.177,0.117,0.079999965530564
"WRN","WRN",3.01423093555112e-06,0.283962693919157,0.716,0.667,0.0805914925238304
"AMFR","AMFR",3.02174854448704e-06,0.282026424008546,0.558,0.466,0.0807924908339501
"P2RX6","P2RX6",3.04358056264426e-06,-1.26052215356408,0.028,0.063,0.0813762135034195
"ANKRD49","ANKRD49",3.05278791804416e-06,0.66086078298716,0.176,0.116,0.0816223905647467
"PLS3","PLS3",3.07605890885545e-06,-0.448663695663498,0.432,0.495,0.0822445870460681
"ENTPD4","ENTPD4",3.11180370085933e-06,0.490736684146732,0.343,0.273,0.0832002955498758
"TXNDC15","TXNDC15",3.12226139717982e-06,-0.474078441165033,0.215,0.289,0.0834799029763969
"TMEM120A","TMEM120A",3.14645945755154e-06,0.562014359686526,0.191,0.128,0.0841268865165556
"ALG2","ALG2",3.15410687080359e-06,0.440470796558852,0.194,0.129,0.0843313554046755
"FGFR2","FGFR2",3.17446929458279e-06,-0.162211285493416,0.985,0.993,0.08487578552926
"FBXO44","FBXO44",3.22416329565956e-06,0.416751756196418,0.278,0.204,0.0862044540360495
"ENSG00000227803","ENSG00000227803",3.24165368231304e-06,-1.01560421115527,0.108,0.163,0.0866720945040036
"ENSG00000231595","ENSG00000231595",3.25025236395052e-06,2.3437527726449,0.026,0.005,0.086901997454945
"LGR4","LGR4",3.29040545366491e-06,0.170072666847994,0.841,0.769,0.0879755706146387
"FAM76A","FAM76A",3.35973045488032e-06,-0.399965443267825,0.167,0.234,0.0898291131721351
"ENSG00000226200","ENSG00000226200",3.37966935161993e-06,-0.875604869977014,0.044,0.086,0.090362219454262
"USPL1","USPL1",3.38368376551788e-06,0.379295225133386,0.301,0.224,0.0904695528386516
"C14orf119","C14orf119",3.38516016553803e-06,0.569415619933633,0.184,0.122,0.0905090273459903
"DNM3","DNM3",3.45266735252946e-06,0.1361816124974,0.998,0.999,0.09231396700458
"PDGFRB","PDGFRB",3.45403350676893e-06,0.88428343608569,0.178,0.12,0.092350493870481
"SFMBT1","SFMBT1",3.46424447719653e-06,0.46748959853864,0.239,0.17,0.0926235045868035
"ARRDC2","ARRDC2",3.48003662823786e-06,0.266652442285165,0.426,0.341,0.0930457393291957
"ENSG00000284747","ENSG00000284747",3.48141936943379e-06,2.18505313596994,0.026,0.005,0.0930827096805514
"PTPN12","PTPN12",3.50122272031212e-06,-0.224941371444915,0.694,0.729,0.0936121918729851
"ZNF438","ZNF438",3.5112787291687e-06,-0.324314675319508,0.371,0.452,0.0938810593817835
"LINC02908","LINC02908",3.53023059761506e-06,-1.47941695833002,0.012,0.04,0.0943877754884339
"ANKMY1","ANKMY1",3.59625524078859e-06,-0.452852286153034,0.301,0.373,0.0961530763729645
"SNX2","SNX2",3.63375306452583e-06,0.307592437265103,0.551,0.466,0.0971556556862272
"ENSG00000131152","ENSG00000131152",3.64754124251667e-06,1.28267236820665,0.054,0.022,0.0975243102011683
"METTL25","METTL25",3.65368114211307e-06,-0.371893219954437,0.438,0.514,0.097688472696677
"TMED9","TMED9",3.66625370789459e-06,0.389623376688295,0.195,0.129,0.0980246253879775
"ENSG00000259519","ENSG00000259519",3.67274383977509e-06,-0.593974925203118,0.014,0.042,0.0981981520440667
"ENSG00000272941","ENSG00000272941",3.67395683513821e-06,0.855151056671231,0.12,0.071,0.0982305839010903
"SLC52A2","SLC52A2",3.67867208666212e-06,0.761670070037931,0.101,0.055,0.0983566555810851
"STK17B","STK17B",3.72653618725087e-06,1.53550062995962,0.053,0.021,0.0996363980385266
"NBN","NBN",3.75645643082989e-06,-0.507517155915095,0.243,0.315,0.100436375591099
"UTY","UTY",3.77526005543416e-06,0.159124241823864,0.851,0.737,0.100939128102143
"ABCA3","ABCA3",3.78609837543115e-06,0.267930897193822,0.539,0.454,0.101228912263903
"QRICH2","QRICH2",3.83799348589984e-06,0.761144466094003,0.17,0.113,0.102616431832504
"CBX5","CBX5",3.86215477666137e-06,0.288264887900592,0.529,0.446,0.103262432263595
"TAF1","TAF1",3.86788261983427e-06,-0.343914618440037,0.491,0.566,0.103415577606509
"STAT2","STAT2",3.89279379587385e-06,-0.147883517199003,0.908,0.913,0.104081627720279
"ANKRD30BL","ANKRD30BL",3.93060247548865e-06,-0.908359358406351,0.05,0.094,0.10509251838714
"BEND6","BEND6",3.97044691119607e-06,-0.847308129966903,0.068,0.118,0.106157839064649
"CREBZF","CREBZF",3.99841959489442e-06,-0.387022459541887,0.481,0.539,0.106905744708692
"PCDH10","PCDH10",4.01660248967434e-06,0.51294885168666,0.2,0.137,0.107391900766423
"FLII","FLII",4.03995014680162e-06,0.509010535214258,0.245,0.177,0.108016147075035
"SNX32","SNX32",4.07754140562315e-06,-0.699334130089229,0.139,0.201,0.109021224562146
"CMTM7","CMTM7",4.11890624078496e-06,1.10219959914385,0.073,0.035,0.110127196159867
"FASTK","FASTK",4.14703583234855e-06,-0.60252584548329,0.156,0.219,0.110879297049503
"PHF3","PHF3",4.160689514922e-06,0.186212057973798,0.854,0.814,0.11124435556047
"ENSG00000240963","ENSG00000240963",4.23311965133739e-06,0.570009658155467,0.263,0.196,0.113180920117808
"ENSG00000233005","ENSG00000233005",4.23402824533761e-06,0.598101832386312,0.176,0.116,0.113205213195592
"LOC119746555","LOC119746555",4.23595793033313e-06,0.582079201781437,0.133,0.08,0.113256807183317
"MTR","MTR",4.2394680708971e-06,-0.278918131521154,0.524,0.592,0.113350657811576
"DBI","DBI",4.28778352763274e-06,0.44189442498384,0.33,0.257,0.114642468178316
"TATDN3","TATDN3",4.35366462603139e-06,-0.477423593673983,0.249,0.321,0.116403931106201
"ZFYVE27","ZFYVE27",4.37458994944602e-06,0.326493848214105,0.328,0.248,0.116963411478338
"CD22","CD22",4.38966975433647e-06,0.175016989344323,0.921,0.879,0.117366600221694
"SLC25A48","SLC25A48",4.44884624888035e-06,0.890826524529514,0.131,0.081,0.118948802156314
"TCAF2","TCAF2",4.46435251516632e-06,2.05312815807494,0.041,0.014,0.119363393198002
"TSEN2","TSEN2",4.50028038819091e-06,-0.37513714087145,0.359,0.43,0.12032399673906
"NOX5","NOX5",4.54782525017559e-06,-1.30442609108493,0.023,0.057,0.121595203713945
"NFYA","NFYA",4.59491434732835e-06,0.491154643884037,0.25,0.18,0.122854224904518
"AAGAB","AAGAB",4.59634178772247e-06,-0.459729164932795,0.223,0.294,0.122892390378336
"ARHGAP1","ARHGAP1",4.63474409164411e-06,-0.279989181390461,0.495,0.574,0.123919152778289
"TRAM1","TRAM1",4.68111958837009e-06,0.377839946760317,0.436,0.363,0.125159094434251
"RSPRY1","RSPRY1",4.72404519099763e-06,-0.472250085220899,0.314,0.382,0.126306796271704
"PARD6G","PARD6G",4.73027192115169e-06,-1.24268334489717,0.034,0.071,0.126473280355833
"PURA","PURA",4.75875281888588e-06,0.223960595007282,0.691,0.631,0.127234774118552
"IDH3A","IDH3A",4.78106934203871e-06,0.375920661657493,0.292,0.217,0.127831450998089
"ADAMTSL2","ADAMTSL2",4.83894828933053e-06,-0.704387359667188,0.113,0.17,0.12937896041183
"PIGZ","PIGZ",4.83965800338925e-06,-1.0590302098296,0.039,0.078,0.129397936036618
"ZNF140","ZNF140",4.89684193687711e-06,-0.473910286873137,0.14,0.203,0.130926862866283
"C22orf23","C22orf23",4.94539130178386e-06,0.874646552240281,0.129,0.078,0.132224927235795
"TMEM53","TMEM53",4.9830475175937e-06,0.622806943256661,0.194,0.133,0.133231741477903
"IGFBP7-AS1","IGFBP7-AS1",5.00784012223501e-06,-2.89929576754368,0.002,0.02,0.133894621348198
"ENSG00000279726","ENSG00000279726",5.15145668986452e-06,0.927413545173218,0.132,0.081,0.137734497516908
"ENSG00000285447","ENSG00000285447",5.17353639785768e-06,-0.540912018374282,0.182,0.247,0.138324842669521
"ZNF202","ZNF202",5.20434922003922e-06,0.687056180081244,0.142,0.09,0.139148685096188
"ZCCHC4","ZCCHC4",5.2736442556345e-06,-0.484900271085558,0.155,0.22,0.1410014264629
"NFKBIB","NFKBIB",5.2772929884961e-06,0.599635457971504,0.178,0.118,0.14109898263342
"ZMAT3","ZMAT3",5.27780350972422e-06,0.346738343962494,0.373,0.291,0.141112632439497
"LINC01285","LINC01285",5.37785536482795e-06,-0.533134847102352,0.161,0.226,0.143787718889405
"MBOAT1","MBOAT1",5.40346824563607e-06,0.316582097262674,0.719,0.672,0.144472530483572
"KIF26B","KIF26B",5.40866527227424e-06,0.897241676313839,0.141,0.089,0.144611483384796
"SDR39U1","SDR39U1",5.42724796844073e-06,0.449813371150584,0.223,0.155,0.1451083289322
"WWTR1","WWTR1",5.42815249649615e-06,0.476397924550616,0.334,0.261,0.145132513298818
"MAPK14","MAPK14",5.43230511321729e-06,-0.321651778303807,0.468,0.541,0.145243541812091
"FAM135A","FAM135A",5.43473849617012e-06,-0.267150101137229,0.674,0.722,0.1453086031721
"ENSG00000236082","ENSG00000236082",5.4358528672279e-06,0.726322371158292,0.135,0.084,0.145338398111072
"CXXC1","CXXC1",5.46537911016886e-06,0.664076780928756,0.166,0.109,0.146127841268585
"ZNF91","ZNF91",5.49349886234967e-06,-0.236257465602147,0.661,0.71,0.146879679082643
"PNPLA8","PNPLA8",5.50248450598408e-06,0.315320185983798,0.489,0.406,0.147119928236496
"SORBS1","SORBS1",5.502579475611e-06,0.649289599516935,0.247,0.18,0.147122467439411
"STC1","STC1",5.52534743448689e-06,2.13138714822448,0.034,0.01,0.147731214355876
"CYB5R1","CYB5R1",5.57837420436362e-06,0.569567756213364,0.192,0.131,0.14914899110207
"IGF2R","IGF2R",5.59929738150357e-06,0.321931350964978,0.536,0.463,0.149708414089261
"ZFTRAF1","ZFTRAF1",5.63070509982184e-06,0.337985008630089,0.39,0.307,0.150548162253937
"ACSL3","ACSL3",5.65118236112749e-06,-0.257218541138659,0.768,0.787,0.151095662789466
"COX15","COX15",5.66115416604924e-06,-0.502686973701325,0.182,0.246,0.151362278937659
"PIGP","PIGP",5.66885472523008e-06,0.432673188903324,0.28,0.209,0.151568168788477
"SLC4A2","SLC4A2",5.6952998234207e-06,0.433089392910404,0.33,0.259,0.152275231378799
"ENSG00000272921","ENSG00000272921",5.72412464488543e-06,1.44823195799704,0.047,0.018,0.153045920630302
"DHCR7","DHCR7",5.72696711817011e-06,0.449443821931298,0.373,0.298,0.153121919838514
"ENSG00000276500","ENSG00000276500",5.74541046855184e-06,-0.539200397568769,0.1,0.157,0.153615039697671
"PRRC2A","PRRC2A",5.75090296474016e-06,0.278961769594895,0.384,0.3,0.153761892568258
"ENSG00000234428","ENSG00000234428",5.75249663087861e-06,2.50476658280214,0.02,0.003,0.153804502419801
"SIRT7","SIRT7",5.77457753121408e-06,0.605784391657522,0.24,0.174,0.154394879452071
"SMIM20","SMIM20",5.87579894938102e-06,0.667556967782523,0.138,0.085,0.1571012365096
"ENSG00000225554","ENSG00000225554",5.89038525878108e-06,1.2052060746388,0.059,0.025,0.15749123066403
"NXT1","NXT1",5.95368483555843e-06,1.28255921892593,0.045,0.016,0.159183671448326
"LINC01599","LINC01599",6.02448690395613e-06,0.887013929899194,0.086,0.044,0.161076706351075
"EIF3J-DT","EIF3J-DT",6.09461957321306e-06,0.412392625442932,0.337,0.267,0.162951843528998
"KHDC1-AS1","KHDC1-AS1",6.13304781726491e-06,-0.499164861340209,0.2,0.269,0.163979299490212
"ENSG00000284708","ENSG00000284708",6.19975031531217e-06,1.46758540332519,0.037,0.012,0.165762724180502
"ASRGL1","ASRGL1",6.23654773628633e-06,-0.464159266032066,0.155,0.22,0.166746576825088
"LYVE1","LYVE1",6.27215672893427e-06,1.38918375644614,0.03,0.008,0.167698654461516
"ABHD12","ABHD12",6.32800843484811e-06,0.165423743585903,0.856,0.813,0.169191961522534
"VKORC1L1","VKORC1L1",6.37873417689817e-06,-0.376552096326223,0.442,0.496,0.170548215687726
"ENSG00000250619","ENSG00000250619",6.38275495497542e-06,0.972301605024549,0.081,0.041,0.170655719231178
"SNX18","SNX18",6.43678670106882e-06,0.289995026637068,0.457,0.375,0.172100366026477
"SP100","SP100",6.49691892723884e-06,-0.780452809074282,0.062,0.108,0.173708121357585
"RAB33A","RAB33A",6.52594782051555e-06,0.521785331166186,0.176,0.116,0.174484266877124
"IFI27L2","IFI27L2",6.52684976766738e-06,0.36408843854947,0.358,0.278,0.174508382238123
"ENSG00000250938","ENSG00000250938",6.5469407713257e-06,-0.5080763901967,0.281,0.348,0.175045555402935
"AKAP11","AKAP11",6.55228346736034e-06,-0.203201201375604,0.786,0.823,0.175188403066813
"ZNF710-AS1","ZNF710-AS1",6.56184109241355e-06,-0.813426630335387,0.071,0.119,0.175443945287861
"DGAT1","DGAT1",6.60352493881796e-06,0.798041495206113,0.107,0.061,0.176558446289176
"SERINC5","SERINC5",6.65893724624787e-06,-0.153676609734452,0.867,0.896,0.178040005152929
"MIR4300HG","MIR4300HG",6.68212049159345e-06,0.463478831207931,0.373,0.306,0.178659855583734
"SLC46A3","SLC46A3",6.73062733374642e-06,-0.549499550483513,0.144,0.205,0.179956783022378
"RNASEL","RNASEL",6.73064072580526e-06,0.661178177580445,0.101,0.056,0.179957141085855
"HHIPL1","HHIPL1",6.7452986513177e-06,-1.04670810325901,0.043,0.082,0.180349050040281
"MACROH2A2","MACROH2A2",6.74574440446839e-06,-0.666125553229967,0.07,0.119,0.180360968142271
"OCLN","OCLN",6.77040610060957e-06,-0.588208992963291,0.176,0.24,0.181020347911998
"ZNF747-DT","ZNF747-DT",6.78528676721699e-06,1.13080658136978,0.065,0.03,0.181418212295081
"TTC7B","TTC7B",6.80325618791829e-06,-0.314481124704855,0.521,0.578,0.181898660696371
"NSMCE2","NSMCE2",6.86583371393135e-06,-0.142708235479506,0.932,0.923,0.183571796009382
"ENSG00000234292","ENSG00000234292",6.88346726880556e-06,2.06560301559722,0.032,0.009,0.184043264366054
"RBM14-RBM4","RBM14-RBM4",6.88685707606522e-06,0.355989605137203,0.298,0.22,0.184133897642756
"SLC16A7","SLC16A7",6.91278580189798e-06,-0.316101301354316,0.646,0.671,0.184827153985346
"MTERF1","MTERF1",6.94229091226056e-06,-0.281490377769589,0.705,0.742,0.18561603212111
"GABARAPL1","GABARAPL1",6.98921443105283e-06,0.457469326572773,0.292,0.224,0.186870626243059
"CYP39A1","CYP39A1",7.00078104620013e-06,0.55638591300786,0.169,0.112,0.187179882832253
"ZBTB3","ZBTB3",7.00122458860752e-06,0.845364179266623,0.118,0.071,0.187191741825599
"AP3D1","AP3D1",7.02000335558761e-06,0.38664167483049,0.44,0.365,0.187693829718346
"FUBP3","FUBP3",7.12004571398921e-06,-0.257989193472093,0.51,0.573,0.19036866225493
"LOC105371745","LOC105371745",7.12771086349822e-06,1.64671411872711,0.036,0.011,0.190573605357352
"FNDC3A","FNDC3A",7.1892732172694e-06,-0.195079906570874,0.79,0.834,0.192219598010132
"KIZ-AS1","KIZ-AS1",7.29747674997608e-06,0.641407833960559,0.145,0.092,0.195112635864111
"DAB1","DAB1",7.37230958751412e-06,0.526475047601163,0.411,0.345,0.197113441441365
"SSR1","SSR1",7.38218487135967e-06,0.250621756846023,0.51,0.424,0.197377476905543
"ATP11B","ATP11B",7.41909150195228e-06,-0.29481798615127,0.706,0.733,0.198364249487698
"SLC25A19","SLC25A19",7.42508525870704e-06,0.943368981233573,0.065,0.03,0.19852450456205
"MED8","MED8",7.5199092549023e-06,-0.664515128615302,0.135,0.192,0.201059813748323
"ENSG00000227598","ENSG00000227598",7.545444986303e-06,-0.647015705337395,0.103,0.158,0.201742562598783
"TYRO3","TYRO3",7.55099283852655e-06,0.221138099196502,0.757,0.718,0.201890895523684
"CLEC2A","CLEC2A",7.69048045757539e-06,1.51336358772154,0.028,0.007,0.205620375994193
"TBC1D13","TBC1D13",7.74291313114018e-06,-0.502360966857778,0.23,0.301,0.207022268387295
"NCS1","NCS1",7.7680651060909e-06,0.98563609575496,0.144,0.093,0.207694756741552
"EZH1","EZH1",7.78145262155236e-06,0.279687033884978,0.684,0.604,0.208052698742445
"UBE3B","UBE3B",7.79435529582432e-06,-0.378602667315332,0.395,0.461,0.208397677544455
"CGN","CGN",7.90200042124121e-06,0.644940256344144,0.145,0.092,0.211275785262726
"FCHSD1","FCHSD1",7.91925240312343e-06,0.596759228840277,0.144,0.09,0.211737051502311
"FAM169A","FAM169A",7.9815317472554e-06,-0.276750666346544,0.656,0.697,0.213402214326368
"ECHDC3","ECHDC3",8.00614543066675e-06,-1.80707984166917,0.008,0.03,0.214060310379737
"KCNH1","KCNH1",8.00677259041558e-06,-0.643583454862881,0.149,0.21,0.214077078749941
"SUSD6","SUSD6",8.02652059938078e-06,-0.411902747590841,0.23,0.302,0.214605081265644
"RCE1","RCE1",8.0725008486424e-06,1.03051799706171,0.06,0.027,0.215834455190152
"RAB23","RAB23",8.15173324341302e-06,0.771082229531718,0.129,0.08,0.217952891729134
"B3GALT6","B3GALT6",8.31088322521676e-06,0.76541488810632,0.1,0.056,0.22220808479262
"JAM2","JAM2",8.32138517548316e-06,1.33686567686114,0.046,0.018,0.222488875436893
"IFNGR1","IFNGR1",8.38522918800266e-06,0.222898737808038,0.694,0.635,0.224195872799627
"EIF2S2","EIF2S2",8.45613805800336e-06,0.376104811645637,0.515,0.441,0.226091763256836
"ENSG00000261598","ENSG00000261598",8.46440569378795e-06,1.19726433961441,0.05,0.02,0.226312815034809
"SYT1","SYT1",8.5122227034167e-06,-0.986494590108977,0.044,0.084,0.227591298421252
"CORO1B","CORO1B",8.61439858488547e-06,0.581083666020822,0.183,0.124,0.230323174964083
"SLC13A4","SLC13A4",8.64511337511953e-06,1.72223668017844,0.037,0.012,0.231144396310571
"GREM1","GREM1",8.64846233094615e-06,-0.931885536771984,0.035,0.073,0.231233937342507
"NORAD","NORAD",8.65224218062051e-06,0.257226307382066,0.652,0.585,0.231334999183251
"TSC22D1","TSC22D1",8.66349770867051e-06,0.254369076769448,0.725,0.674,0.231635938236724
"SLC14A1","SLC14A1",8.68743422467279e-06,-1.66485051467962,0.011,0.036,0.232275928865076
"SCRN1","SCRN1",8.69626510709654e-06,0.252945510613237,0.672,0.627,0.23251204016844
"ANKRD7","ANKRD7",8.79554847579612e-06,0.59461717814289,0.237,0.174,0.235166579597361
"TMED3","TMED3",8.84974341110714e-06,0.376781055938904,0.339,0.262,0.236615589582772
"DNAAF11","DNAAF11",8.92817948543155e-06,-0.831120488752344,0.057,0.101,0.238712734901983
"ENSG00000248019","ENSG00000248019",8.99736772870058e-06,0.418272941292724,0.35,0.282,0.240562620962267
"TENM4","TENM4",9.00096686049623e-06,0.313812825226769,0.624,0.573,0.240658850949088
"SH3GL2","SH3GL2",9.03710768932691e-06,-1.02573201067591,0.034,0.07,0.241625148289534
"NUP210","NUP210",9.04712277573263e-06,-0.744874813762476,0.08,0.13,0.241892921654763
"UBAC2","UBAC2",9.07500878141793e-06,-0.210732900171717,0.531,0.607,0.242638509788771
"ENSG00000264324","ENSG00000264324",9.12331648856718e-06,-0.512426382924211,0.219,0.285,0.243930112954821
"ABCC8","ABCC8",9.14657514892503e-06,-0.611866946726937,0.182,0.242,0.244551979756808
"B3GAT3","B3GAT3",9.15990066160503e-06,0.322059621656865,0.46,0.392,0.244908263989334
"PRPF39","PRPF39",9.21524662487745e-06,-0.344997702328429,0.404,0.47,0.246388049009348
"LINC00648","LINC00648",9.28500732313402e-06,1.17433530934498,0.061,0.027,0.248253240798634
"RILPL1","RILPL1",9.34653358736925e-06,0.211359407200843,0.804,0.746,0.249898268525492
"MANF","MANF",9.35355528318141e-06,0.657355596316193,0.147,0.095,0.250086007606421
"TOP6BL","TOP6BL",9.47499623153206e-06,0.535248946035596,0.206,0.146,0.253332974242473
"ENSG00000230910","ENSG00000230910",9.49829050644181e-06,-0.350855766527869,0.439,0.499,0.253955793270735
"POMGNT1","POMGNT1",9.59498829158357e-06,0.309599835656196,0.542,0.48,0.25654120195207
"MCF2L2","MCF2L2",9.67272103221673e-06,-0.212731830961339,0.73,0.756,0.258619542238379
"CRLF3","CRLF3",9.78566686562642e-06,0.265328731112648,0.459,0.37,0.261639374986254
"DNAJC27-AS1","DNAJC27-AS1",9.87103876301627e-06,-0.478291619704752,0.24,0.307,0.263921963406766
"PPP2R5A","PPP2R5A",9.87205314361616e-06,0.212277923059243,0.725,0.667,0.263949084900865
"EFHD2","EFHD2",9.89403834623711e-06,0.91066560066354,0.069,0.033,0.264536903263342
"SMURF1","SMURF1",9.98527169489846e-06,0.158661373868655,0.892,0.84,0.2669762093065
"RHBDF2","RHBDF2",1.01100365291774e-05,1.42148411867338,0.05,0.02,0.270312046680615
"MRPL50","MRPL50",1.01157899360754e-05,0.581291952289761,0.169,0.112,0.270465875520847
"GPC6","GPC6",1.0192776835061e-05,0.709297847519802,0.221,0.162,0.272524274239025
"L3HYPDH","L3HYPDH",1.01946044860117e-05,0.447184757583482,0.287,0.219,0.272573140142496
"LOC105375483","LOC105375483",1.02733155882531e-05,0.193316640327498,0.842,0.814,0.274677638883122
"CDC26","CDC26",1.03113019207422e-05,0.645616158405109,0.108,0.062,0.275693279454885
"LOC105372738","LOC105372738",1.03353890734355e-05,3.2478106096704,0.015,0.001,0.276337297656445
"ENSG00000261423","ENSG00000261423",1.04949040610205e-05,0.35986143572967,0.256,0.188,0.280602249879504
"RRP15","RRP15",1.0530336603483e-05,0.642243950456845,0.191,0.133,0.281549609767326
"ENSG00000267001","ENSG00000267001",1.05720510630135e-05,1.15734156239318,0.045,0.017,0.282664929271793
"LYRM2","LYRM2",1.07730897610932e-05,0.343357468799564,0.475,0.407,0.28804010094235
"ZNF552","ZNF552",1.08785668047437e-05,0.838108772246026,0.122,0.075,0.290860240658431
"NDEL1","NDEL1",1.08940114198252e-05,-0.493983072317442,0.261,0.32,0.291273183331866
"VDAC1","VDAC1",1.09318511901324e-05,0.431573746120074,0.322,0.254,0.292284905270569
"RAMP3","RAMP3",1.09342546802793e-05,0.330456362750174,0.467,0.397,0.292349167386628
"GALM","GALM",1.09632260320284e-05,1.03795453980325,0.068,0.033,0.293123774418344
"ACYP1","ACYP1",1.10104413465345e-05,0.34407692012459,0.518,0.454,0.294386170282294
"TMEM30A","TMEM30A",1.10162203470272e-05,0.335314586920249,0.463,0.39,0.294540683418467
"SLC7A8","SLC7A8",1.1057158383576e-05,1.15084822410312,0.033,0.01,0.295635243701671
"TSPAN7","TSPAN7",1.11351443223225e-05,0.556899452509512,0.191,0.133,0.297720353745938
"BSDC1","BSDC1",1.11536195298681e-05,0.317255656519784,0.515,0.446,0.298214325370082
"CAV3","CAV3",1.11796871683381e-05,0.895435539108906,0.082,0.043,0.298911295819856
"ENSG00000225506","ENSG00000225506",1.12480824299626e-05,-1.80705399767347,0.008,0.031,0.30073997992991
"SCUBE2","SCUBE2",1.12806515401279e-05,0.684828665047034,0.16,0.105,0.301610780228398
"ENSG00000260510","ENSG00000260510",1.14330211041448e-05,-1.53082409060903,0.017,0.044,0.305684685261519
"RFTN2","RFTN2",1.14701531508606e-05,0.181838842763568,0.943,0.906,0.30667748479456
"STMP1","STMP1",1.15196660044357e-05,0.387316067282189,0.351,0.275,0.308001309960596
"PCMTD1-DT","PCMTD1-DT",1.15358561424895e-05,-0.491468582512033,0.109,0.166,0.308434185681742
"TDO2","TDO2",1.15618428596034e-05,-0.732568695949818,0.098,0.15,0.309128992537217
"CYP2E1","CYP2E1",1.1686361231355e-05,-0.705522258998922,0.056,0.099,0.312458240242738
"CORO1C","CORO1C",1.1701448700356e-05,0.390204971695547,0.435,0.363,0.312861633901419
"FGFR1","FGFR1",1.18544589744271e-05,0.312384389553973,0.461,0.386,0.316952669599258
"DFFB","DFFB",1.18811788823801e-05,0.511646807991315,0.236,0.171,0.317667079778197
"RETREG3","RETREG3",1.19245827131431e-05,0.416242819183259,0.288,0.22,0.318827568001308
"RNF157","RNF157",1.19374071158855e-05,0.268106463036153,0.586,0.507,0.319170454057431
"PDE6D","PDE6D",1.19854668004763e-05,0.444381033235859,0.324,0.258,0.320455425844335
"ENSG00000215790","ENSG00000215790",1.20339423899715e-05,0.499700117509399,0.246,0.181,0.321751517680667
"PSMA7","PSMA7",1.20947730119252e-05,0.318676320593404,0.466,0.395,0.323377946019844
"ELN","ELN",1.21319379251519e-05,0.634487843582516,0.18,0.123,0.324371624304786
"ENSG00000283930","ENSG00000283930",1.23342513992614e-05,-0.492041291875329,0.268,0.33,0.329780879662052
"MESD","MESD",1.23772263390291e-05,0.33672598012419,0.467,0.392,0.330929900626622
"ENSG00000259113","ENSG00000259113",1.24415955775715e-05,1.11909403669569,0.041,0.015,0.33265094095753
"LPIN2","LPIN2",1.254336170141e-05,0.344742248567091,0.393,0.314,0.335371861810599
"ZSCAN16-AS1","ZSCAN16-AS1",1.25979508414532e-05,0.449977460097976,0.307,0.236,0.336831411647935
"GTF2A2","GTF2A2",1.26154041211736e-05,0.29154674160095,0.375,0.297,0.33729805998782
"ETFDH","ETFDH",1.26871340344121e-05,-0.319745447665797,0.408,0.478,0.339215902678076
"STX10","STX10",1.27022054091698e-05,0.614614451687227,0.168,0.113,0.339618866024974
"RARRES1","RARRES1",1.28396273978498e-05,1.03975221769005,0.079,0.041,0.34329311773631
"DNASE2","DNASE2",1.28695584817296e-05,1.21859589133784,0.046,0.018,0.344093385126005
"RANBP2","RANBP2",1.29786833656859e-05,0.25333870880491,0.646,0.581,0.347011057148343
"PCARE","PCARE",1.2998307716335e-05,3.32767317988923,0.016,0.001,0.347535753411649
"SAFB2","SAFB2",1.30063440788568e-05,0.282778140208741,0.52,0.454,0.347750621636393
"AAK1","AAK1",1.31624329233332e-05,0.168680537095962,0.887,0.86,0.351923969071159
"TGFA","TGFA",1.32917721635015e-05,-0.31208063381106,0.351,0.43,0.355382112335539
"RBBP6","RBBP6",1.33345467441721e-05,0.243635131377322,0.575,0.509,0.35652577629893
"ADGRB3","ADGRB3",1.3423423692519e-05,0.116293473186681,0.975,0.964,0.35890207926688
"ENSG00000228300","ENSG00000228300",1.34363907044845e-05,0.467018904826781,0.202,0.142,0.359248778265802
"GLIPR2","GLIPR2",1.35479660533229e-05,-0.355013740280174,0.319,0.388,0.362231968367693
"LRBA","LRBA",1.35966321557396e-05,-0.163420141156382,0.827,0.873,0.36353315394801
"LRRCC1","LRRCC1",1.36449121559538e-05,-0.643399216271067,0.121,0.176,0.364824016313738
"CFAP43","CFAP43",1.36676944329987e-05,-0.839604317622686,0.043,0.082,0.365433146055086
"LINC01234","LINC01234",1.37062544973443e-05,-0.548579885665639,0.095,0.148,0.366464126495494
"MINDY1","MINDY1",1.37189970963133e-05,0.370170468593742,0.428,0.36,0.366804825364129
"LRRC59","LRRC59",1.37923728313779e-05,0.710273775466819,0.124,0.076,0.368766672392552
"C1GALT1","C1GALT1",1.38663600435281e-05,0.169032256707325,0.85,0.805,0.37074486848381
"STX18-AS1","STX18-AS1",1.3866375276148e-05,-0.25786834934371,0.589,0.659,0.370745275758368
"PAN2","PAN2",1.39335121559404e-05,0.364471734493862,0.333,0.258,0.372540314513379
"TRDN","TRDN",1.41114412042757e-05,-1.55045493211935,0.015,0.042,0.37729760347872
"KMT2E","KMT2E",1.41368256430426e-05,0.156689754590954,0.915,0.894,0.377976307218031
"FBXO36","FBXO36",1.41808677383818e-05,-0.617636021648616,0.134,0.193,0.379153860721113
"DRG2","DRG2",1.41839131315419e-05,0.626405119280113,0.186,0.129,0.379235285398035
"RASL10A","RASL10A",1.42698081001989e-05,1.03229345737494,0.05,0.021,0.381531859175017
"THOC1","THOC1",1.42862504765521e-05,-0.321353716002395,0.476,0.542,0.381971478991573
"TNFAIP6","TNFAIP6",1.43169029880996e-05,1.19222121539759,0.051,0.022,0.382791035192818
"ENSG00000249773","ENSG00000249773",1.44170233566537e-05,0.519800786483936,0.212,0.15,0.385467953486851
"CYP20A1","CYP20A1",1.44284484749915e-05,0.263798388427023,0.507,0.422,0.385773426875847
"LINC02981","LINC02981",1.46125556519421e-05,-0.513343170421543,0.239,0.305,0.390695900465976
"REEP5","REEP5",1.46892661204286e-05,0.302955906898546,0.541,0.472,0.3927469082619
"ATXN2L","ATXN2L",1.47323720076838e-05,0.368484836187807,0.375,0.303,0.393899430369442
"THBS2","THBS2",1.47554261069303e-05,0.500570907416568,0.17,0.114,0.394515827820994
"MCM9","MCM9",1.48667000582846e-05,-0.374198876333657,0.285,0.357,0.397490959458356
"TRAF2","TRAF2",1.48733185234164e-05,0.526511197895182,0.209,0.15,0.397667917360583
"CORO2B","CORO2B",1.48737490499692e-05,0.157198639411587,0.938,0.91,0.397679428349027
"VLDLR-AS1","VLDLR-AS1",1.48804686455645e-05,0.25247874850669,0.681,0.618,0.397859090176458
"UCK2","UCK2",1.5166307118399e-05,0.36781611827459,0.445,0.374,0.405501553424634
"SFXN3","SFXN3",1.53017306191587e-05,0.473100417304305,0.252,0.188,0.409122371564445
"MEIS2","MEIS2",1.53239555762518e-05,0.335270490848342,0.683,0.659,0.409716600242245
"NEPRO-AS1","NEPRO-AS1",1.53656348709102e-05,-0.470397420226925,0.185,0.25,0.410830979543525
"ENSG00000267786","ENSG00000267786",1.53972288038791e-05,1.26973124340119,0.042,0.016,0.411675706529316
"DISC1","DISC1",1.5412480870174e-05,-0.806396943355274,0.115,0.168,0.412083501025844
"CAPN2","CAPN2",1.54596269864488e-05,0.35994548648665,0.411,0.334,0.413344046736682
"CDV3","CDV3",1.54618971811425e-05,0.447383929925524,0.295,0.227,0.413404744932207
"ARSD","ARSD",1.55191091758687e-05,-2.60273414310487,0.003,0.02,0.414934422035203
"EML4","EML4",1.55274470455364e-05,-0.509797288674168,0.216,0.282,0.415157351656507
"PACRGL","PACRGL",1.55456811816447e-05,-0.29556106905234,0.491,0.549,0.415644877753635
"FLOT1","FLOT1",1.56460249938335e-05,0.311898761612457,0.451,0.375,0.418327770260127
"LRP1B","LRP1B",1.56639999192379e-05,0.130228498084203,0.992,0.976,0.418808365840664
"ENSG00000254099","ENSG00000254099",1.57249965627559e-05,2.31024502880258,0.023,0.005,0.420439233098405
"ZNF418","ZNF418",1.58133684595244e-05,-0.904216596238792,0.058,0.101,0.422802032502304
"CPEB1","CPEB1",1.58563199198641e-05,0.190554757368557,0.837,0.771,0.423950425697407
"CYB5B","CYB5B",1.58963332506052e-05,-0.401556903514365,0.381,0.445,0.42502026212143
"GPBP1","GPBP1",1.60490321804233e-05,-0.191926831314404,0.776,0.795,0.429102973407979
"INPP5A","INPP5A",1.61086284258728e-05,0.30757716281861,0.498,0.423,0.43069639822256
"NFATC3","NFATC3",1.6256139730227e-05,0.289975684807751,0.605,0.537,0.434640407967079
"GOLGA8A.1","GOLGA8A.1",1.62701208359727e-05,-0.300916294608371,0.265,0.341,0.435014220791402
"ENSG00000228393","ENSG00000228393",1.6281902221864e-05,0.277864216647098,0.568,0.497,0.435329219705977
"PLD1","PLD1",1.63014738887651e-05,-0.131011264980601,0.958,0.963,0.435852507363912
"TAF4","TAF4",1.63102793506705e-05,0.399897714672419,0.307,0.239,0.436087938998877
"ARMC6","ARMC6",1.6467104823241e-05,0.521697952097817,0.153,0.099,0.440280981658994
"RIC8A","RIC8A",1.65166702760591e-05,0.567824927198104,0.161,0.106,0.441606213170993
"LINC02889","LINC02889",1.65411404340703e-05,1.18009307830295,0.049,0.02,0.442260471785738
"PFKM","PFKM",1.6633700667706e-05,0.78005419161973,0.083,0.044,0.444735254752456
"POLR3G","POLR3G",1.66658753315839e-05,-0.35030064281602,0.429,0.486,0.445595508740558
"ERRFI1","ERRFI1",1.66996335605029e-05,0.375282272304236,0.413,0.333,0.446498102507166
"LCNL1","LCNL1",1.6714134795876e-05,-0.757765442327844,0.091,0.14,0.446885822037338
"EVA1C","EVA1C",1.67480954834065e-05,-0.205708490128967,0.692,0.744,0.44779382893984
"PTPN2","PTPN2",1.68214107010902e-05,0.31701775612613,0.534,0.46,0.449754057915048
"ENSG00000227220","ENSG00000227220",1.68254047016164e-05,-0.722001071558504,0.1,0.153,0.449860845507117
"MSL2","MSL2",1.6912927421521e-05,0.310237675829316,0.529,0.46,0.452200940469206
"LVRN","LVRN",1.695789597847e-05,1.54509706279335,0.037,0.012,0.453403264776351
"ENSG00000231760","ENSG00000231760",1.70140498316861e-05,1.03548874240359,0.081,0.043,0.454904650349792
"INVS","INVS",1.71132912946465e-05,-0.233496106363084,0.799,0.818,0.457558069344965
"NMD3","NMD3",1.71300214344511e-05,-0.62550397452973,0.201,0.262,0.458005383092918
"ANKRD31","ANKRD31",1.71302435317473e-05,-0.644355617156871,0.086,0.136,0.458011321308329
"AP1S2","AP1S2",1.71500416423283e-05,0.256591390327817,0.631,0.565,0.458540663390933
"HGC6.3","HGC6.3",1.72159901954444e-05,2.21492847793525,0.02,0.003,0.460303929855598
"TMEM38A","TMEM38A",1.72678069366401e-05,0.889760463228142,0.132,0.084,0.461689354064946
"TBC1D8","TBC1D8",1.72981776090847e-05,0.556747033320748,0.235,0.173,0.462501374734097
"TTLL3","TTLL3",1.73420249986457e-05,-0.807902477584295,0.07,0.116,0.463673722388789
"MYH7B","MYH7B",1.73556369186574e-05,-0.567950462890178,0.128,0.186,0.464037664294142
"DDAH2","DDAH2",1.73580377126601e-05,0.555145960884606,0.173,0.117,0.464101854323393
"PART1","PART1",1.7373387481518e-05,-1.09314607334281,0.037,0.073,0.464512261093346
"MAP1B","MAP1B",1.73999843810558e-05,0.122688220646349,0.986,0.988,0.465223382396289
"ATP6AP1","ATP6AP1",1.74736759516731e-05,0.35860594887322,0.476,0.416,0.467193673919884
"PDGFA-DT","PDGFA-DT",1.76437394498614e-05,1.44790009691184,0.048,0.02,0.471740661670944
"ARMC2","ARMC2",1.76895685042021e-05,-0.429528207691546,0.243,0.311,0.472965993096853
"ZNF787","ZNF787",1.77008994785718e-05,0.558057170599746,0.18,0.123,0.473268949358574
"NUDT8","NUDT8",1.7702435423713e-05,0.658494692092548,0.133,0.084,0.473310015923814
"HERC2","HERC2",1.78390518481037e-05,-0.137512273950341,0.877,0.89,0.476962729262748
"CCDC158","CCDC158",1.7975814868061e-05,-1.11279584603491,0.03,0.063,0.480619362127348
"HS6ST1","HS6ST1",1.81076802287516e-05,0.487124105644787,0.226,0.163,0.48414504627613
"GSTP1","GSTP1",1.81357592824204e-05,0.345858057121521,0.533,0.481,0.484895795934074
"NSF","NSF",1.81739625375858e-05,-0.306993033937378,0.473,0.539,0.485917236367431
"ZNF667","ZNF667",1.81994376198319e-05,-0.330082330304158,0.366,0.436,0.486598363641445
"NRG2","NRG2",1.82612145587534e-05,0.343545702538485,0.526,0.452,0.488250093657388
"LPCAT1","LPCAT1",1.83846067920531e-05,1.00221721564904,0.068,0.034,0.491549231799123
"FRMD5","FRMD5",1.86207665346257e-05,-0.10987289551907,0.994,0.995,0.497863434836286
"GINM1","GINM1",1.8626815510035e-05,0.26468298916408,0.547,0.478,0.498025166291805
"RACK1","RACK1",1.86708528779433e-05,0.303707609180047,0.52,0.451,0.499202593397571
"TMEM161B-DT","TMEM161B-DT",1.87986897558005e-05,0.206990325417158,0.871,0.862,0.502620568000837
"EIF3D","EIF3D",1.88336399710066e-05,0.333987412733132,0.254,0.184,0.503555031904804
"PPIH","PPIH",1.88539458888761e-05,-0.61605948505001,0.11,0.163,0.50409795123088
"EXT1","EXT1",1.88789388948172e-05,-0.249490319019125,0.431,0.513,0.504766189230728
"HIPK2","HIPK2",1.89369051909316e-05,-0.131861084662301,0.892,0.924,0.506316034089937
"NPL","NPL",1.90073220235476e-05,-0.37186149303573,0.296,0.369,0.508198768943593
"SAXO1","SAXO1",1.90875942015845e-05,-1.05880473060305,0.035,0.071,0.510345006167764
"LOC130932201","LOC130932201",1.91322116579485e-05,-1.51688446375268,0.019,0.048,0.511537943098568
"TRABD","TRABD",1.9156920113637e-05,0.529712672121134,0.206,0.146,0.512198573078314
"HABP4","HABP4",1.9282196283624e-05,-0.30343713266252,0.497,0.556,0.515548082035256
"KANK4","KANK4",1.93041381437792e-05,-0.228427686362483,0.714,0.775,0.516134741550226
"PRANCR","PRANCR",1.95474370590676e-05,-0.558215399680692,0.263,0.327,0.52263982464829
"ERCC8","ERCC8",1.96375679152211e-05,-0.380589469903197,0.398,0.459,0.525049653349265
"ZNF69","ZNF69",1.96721568330912e-05,0.594425208086612,0.145,0.094,0.52597445724636
"TBCK","TBCK",1.97264702158126e-05,-0.187044714934935,0.765,0.804,0.527426634160182
"B4GALT6","B4GALT6",1.97797203106072e-05,-0.965602135185616,0.028,0.061,0.528850381944704
"ACAT2","ACAT2",1.98847107613232e-05,0.52273573867345,0.235,0.176,0.5316575116255
"SLC66A2","SLC66A2",2.00029288030546e-05,-0.447380792583487,0.257,0.32,0.53481830740727
"ENSG00000232931","ENSG00000232931",2.0022792804288e-05,-0.578245454376319,0.169,0.23,0.535349411208247
"LINC02762","LINC02762",2.00279596921941e-05,-0.431928695944136,0.18,0.242,0.535487558290193
"PTP4A1","PTP4A1",2.00894684273924e-05,-0.349364120249587,0.358,0.425,0.537132117343191
"BCOR","BCOR",2.01525454824177e-05,-0.549508611257573,0.169,0.227,0.538818608563403
"ENSG00000203706","ENSG00000203706",2.0306990624019e-05,0.49694214478962,0.146,0.094,0.542948008314396
"PAFAH1B3","PAFAH1B3",2.03697383459637e-05,0.700632715933735,0.093,0.052,0.544625694156032
"ING2","ING2",2.0416122249472e-05,0.926221294413068,0.096,0.055,0.545865860584133
"CUEDC1","CUEDC1",2.05684688144923e-05,-0.173949948148124,0.797,0.817,0.549939150693081
"ENSG00000263847","ENSG00000263847",2.09782407234487e-05,1.5534609758755,0.035,0.012,0.560895222222847
"TSPO","TSPO",2.10804355144491e-05,0.396372403546573,0.258,0.19,0.563627604349825
"SLC27A5","SLC27A5",2.10868782250195e-05,0.475402928955121,0.205,0.145,0.563799863102347
"ADAMTS16","ADAMTS16",2.11380317044042e-05,1.08634632958357,0.055,0.025,0.565167553680654
"AK3","AK3",2.1212842232423e-05,0.220767015508801,0.721,0.664,0.567167762768294
"CEP83","CEP83",2.12637415342548e-05,-0.367922759984691,0.34,0.409,0.568528657401371
"KREMEN1","KREMEN1",2.14380179749034e-05,-0.45380017563277,0.185,0.248,0.573188286594991
"TARS3","TARS3",2.19547346445665e-05,-0.192714918455365,0.806,0.841,0.587003740191774
"SHISA7","SHISA7",2.23052113909459e-05,0.560124271218148,0.205,0.146,0.596374436959722
"PI15","PI15",2.2337271045137e-05,1.22974400315847,0.05,0.022,0.597231615933829
"TMEM102","TMEM102",2.24146905635872e-05,1.75267685030037,0.025,0.006,0.599301581598632
"CLTCL1","CLTCL1",2.24989276579683e-05,-0.427284192682739,0.398,0.453,0.601553828791099
"ZIC4","ZIC4",2.26384097231831e-05,-1.66715349235607,0.015,0.04,0.605283160768745
"THOC3","THOC3",2.26600077972237e-05,0.461992542919613,0.205,0.146,0.60586062847437
"CLPB","CLPB",2.26613145575871e-05,0.418496664900148,0.332,0.266,0.605895567326205
"CYB5R4","CYB5R4",2.26755582630162e-05,0.192729906657398,0.774,0.702,0.606276401278265
"MINDY2","MINDY2",2.27611142928107e-05,-0.202124508184194,0.78,0.824,0.60856391284688
"MAMLD1","MAMLD1",2.28490513378029e-05,0.77982588036115,0.141,0.092,0.610915085618835
"SCYL2","SCYL2",2.29251491393049e-05,-0.316513582553657,0.393,0.458,0.612949712537595
"SEPTIN2","SEPTIN2",2.30375967880511e-05,-0.207054267050468,0.749,0.807,0.615956225322122
"ORMDL2","ORMDL2",2.30945387809268e-05,0.57288717633761,0.135,0.086,0.61747868338564
"CXCR4","CXCR4",2.31083941834437e-05,2.08160997182142,0.015,0.001,0.617849135282735
"GPN3","GPN3",2.32836799369531e-05,0.536548643276531,0.192,0.134,0.622535750474314
"ENSG00000267199","ENSG00000267199",2.33746899550569e-05,-0.661293934419409,0.055,0.097,0.624969085328357
"RCC2","RCC2",2.33939345527134e-05,0.437386334432319,0.24,0.177,0.625483628135898
"ASB1","ASB1",2.34056756654402e-05,0.471518752779411,0.205,0.144,0.625797550266874
"C3orf62","C3orf62",2.34254524598378e-05,0.58140725914792,0.194,0.138,0.626326322418684
"LINC01484","LINC01484",2.3589754235753e-05,1.07614400480049,0.113,0.069,0.630719259001327
"ENSG00000284686","ENSG00000284686",2.36580899051158e-05,0.990109176529311,0.077,0.041,0.632546349793081
"ITGA2-AS1","ITGA2-AS1",2.37280890951214e-05,-0.617164157664786,0.151,0.21,0.634417918136262
"DYRK1A","DYRK1A",2.37483071103714e-05,0.194141153436875,0.806,0.767,0.634958487210001
"CDKN2D","CDKN2D",2.3863373855144e-05,0.763124720706593,0.088,0.049,0.638035026764985
"NOX4","NOX4",2.38737290035703e-05,-0.593981985167895,0.196,0.256,0.638311892368459
"TRIM8","TRIM8",2.39225188665516e-05,0.365478728118591,0.351,0.278,0.639616386934991
"ENSG00000257647","ENSG00000257647",2.39574563012213e-05,2.17907160822723,0.023,0.005,0.640550509125754
"PRIM1","PRIM1",2.40709812786973e-05,0.574316251236288,0.158,0.106,0.64358582644853
"PPP3CA","PPP3CA",2.41163359069841e-05,0.709526926403845,0.153,0.103,0.644798473145035
"PRMT7","PRMT7",2.4124280750223e-05,-0.399792151662781,0.271,0.341,0.645010894418711
"BAIAP2","BAIAP2",2.41856511707916e-05,0.753890309657822,0.086,0.047,0.646651755353456
"KIF5A","KIF5A",2.42163312317605e-05,0.585259877309915,0.191,0.133,0.64747204814358
"ENSG00000267416","ENSG00000267416",2.4310146140374e-05,-0.860513314458187,0.045,0.083,0.649980377355181
"ADAMTS17","ADAMTS17",2.4446987835079e-05,-0.683506243593147,0.049,0.089,0.653639113746507
"GHDC","GHDC",2.44743119696587e-05,0.532520823306289,0.125,0.078,0.654369679132765
"OTUD3","OTUD3",2.45229692126071e-05,-0.493320155039029,0.134,0.192,0.655670627837476
"ZNF33A","ZNF33A",2.45950559175339e-05,0.303565472598113,0.616,0.546,0.657598010067105
"SGK3","SGK3",2.4719693143467e-05,0.109544810992669,0.991,0.978,0.660930435576877
"ZNF606","ZNF606",2.48617971436841e-05,-0.584002895130006,0.151,0.208,0.664729870230681
"SLC22A4","SLC22A4",2.51212372795532e-05,-0.761597644757251,0.053,0.094,0.671666521143415
"KIFAP3","KIFAP3",2.51622425720355e-05,-0.31402014276065,0.529,0.58,0.672762879648514
"RBM26-AS1","RBM26-AS1",2.51726456115826e-05,-1.09733640016571,0.047,0.085,0.673041025716884
"PLEKHF2","PLEKHF2",2.51888620730539e-05,0.706644041011729,0.124,0.078,0.673474605247243
"TOMM7","TOMM7",2.5201490055765e-05,0.327427940548498,0.406,0.334,0.67381223962099
"LINC00847","LINC00847",2.53181160926531e-05,0.532685138856081,0.172,0.117,0.676930469969266
"FAM174A-DT","FAM174A-DT",2.56887799919871e-05,-0.686434107250727,0.097,0.147,0.68684091064576
"TOB1","TOB1",2.57095925169881e-05,0.317499448860324,0.352,0.282,0.687397375126711
"ITGB1BP1","ITGB1BP1",2.57650345324525e-05,0.270040189172716,0.577,0.506,0.688879728294183
"ENSG00000283538","ENSG00000283538",2.5906902554979e-05,-1.50472754128448,0.012,0.035,0.692672853612473
"MFN1","MFN1",2.59615919030172e-05,-0.29391083883293,0.504,0.567,0.694135082710971
"RTL6","RTL6",2.60881401943547e-05,0.651486538224999,0.088,0.048,0.697518604376461
"FBLN1","FBLN1",2.62256527451744e-05,1.38432385888676,0.04,0.015,0.701195277447727
"TEX15","TEX15",2.62856286962718e-05,1.66344030432857,0.03,0.009,0.70279885445222
"ECT2L","ECT2L",2.64244005436514e-05,0.899034495200464,0.073,0.038,0.706509197335608
"LURAP1L","LURAP1L",2.66301824430565e-05,0.336668990676924,0.298,0.227,0.712011187980001
"PPP1R7","PPP1R7",2.69990490421209e-05,0.39704012938296,0.328,0.259,0.721873574239188
"SCAMP2","SCAMP2",2.70304315154399e-05,0.380827302960199,0.372,0.305,0.722712647428317
"HLA-B","HLA-B",2.70521969327832e-05,0.86849834102764,0.111,0.068,0.723294589391824
"ZNF22","ZNF22",2.70830093953899e-05,0.53732218963297,0.171,0.118,0.72411842220454
"EN2","EN2",2.71251342572537e-05,2.35575427337547,0.021,0.004,0.725244714636191
"CCT2","CCT2",2.72243664292289e-05,0.419860065672391,0.248,0.182,0.727897885218292
"MAN2A2","MAN2A2",2.74105436509156e-05,0.210269961236175,0.687,0.621,0.732875705594531
"TAF6","TAF6",2.76522445734489e-05,0.744796049132557,0.112,0.068,0.739338063160303
"TRIR","TRIR",2.76864712019877e-05,0.265767572149298,0.42,0.341,0.740253180527545
"NAV3","NAV3",2.77106181674375e-05,-0.332479777417702,0.388,0.464,0.740898797942776
"MRPL1","MRPL1",2.78452981668359e-05,-0.389577757272128,0.284,0.349,0.744499737086691
"SACS-AS1","SACS-AS1",2.78595477932347e-05,2.52612822005628,0.019,0.003,0.744880729347715
"KLF15","KLF15",2.8029645024975e-05,0.499481724296337,0.279,0.216,0.749428619032758
"BMP7","BMP7",2.82551536162194e-05,-0.238584991909041,0.368,0.455,0.755458042236859
"HMGN4","HMGN4",2.83171586572519e-05,-0.566329425334787,0.086,0.134,0.757115871018944
"SLC38A1","SLC38A1",2.83800758699734e-05,-1.08515600658072,0.023,0.052,0.758798088535478
"UNC13D","UNC13D",2.84632745708615e-05,-0.625986719399551,0.093,0.142,0.761022572201125
"ENSG00000246334","ENSG00000246334",2.8477272829932e-05,-1.07489972294423,0.026,0.056,0.761396843653892
"NCOA5","NCOA5",2.86803375701963e-05,0.382500018953345,0.383,0.316,0.766826185614338
"PHPT1","PHPT1",2.87454751640879e-05,0.315027900077099,0.498,0.429,0.768567769462218
"TRAFD1","TRAFD1",2.90165048152919e-05,-0.36669193643671,0.433,0.49,0.77581428924646
"NTNG2","NTNG2",2.90229653051683e-05,-0.413821165176391,0.388,0.442,0.775987023364285
"GPRC5D-AS1","GPRC5D-AS1",2.91166703399369e-05,1.37526954238348,0.05,0.022,0.778492414878893
"ZBTB44","ZBTB44",2.91690997220144e-05,0.22224528999852,0.606,0.531,0.7798942192675
"RHCG","RHCG",2.95581579585458e-05,1.27732224793591,0.053,0.024,0.79029646933764
"LINC00240","LINC00240",2.96488104173529e-05,-0.649668720831783,0.222,0.278,0.792720244128766
"SIRT4","SIRT4",2.98723599125593e-05,0.960013279738772,0.047,0.02,0.798697286982099
"H2BC8","H2BC8",2.98786172390021e-05,2.12274521876418,0.026,0.007,0.798864589119199
"ACCS","ACCS",3.0040403978863e-05,-0.862465744282543,0.041,0.077,0.80319028118286
"CBX6","CBX6",3.01110148488085e-05,0.274467243407299,0.524,0.457,0.805078204012593
"FKBP14","FKBP14",3.05510469618918e-05,-0.607704029827348,0.152,0.208,0.8168433426201
"RRN3","RRN3",3.05850392218825e-05,-0.398077807063064,0.208,0.275,0.817752193675472
"ACTB","ACTB",3.05996707102939e-05,0.250190357138746,0.958,0.973,0.818143395781128
"ENSG00000277007","ENSG00000277007",3.06259068821088e-05,1.09402685705928,0.042,0.016,0.818844872306944
"UQCC2","UQCC2",3.06557815539491e-05,0.393725219343914,0.321,0.25,0.819643631407938
"ENSG00000283633","ENSG00000283633",3.07077321620475e-05,-0.691589564756616,0.081,0.127,0.821032634816664
"BPHL","BPHL",3.07545230174096e-05,-0.67720257280473,0.131,0.184,0.822283681916481
"CXXC4-AS1","CXXC4-AS1",3.11107864376094e-05,-1.42737559851877,0.013,0.037,0.831809096982363
"DYNLT1","DYNLT1",3.11422695378149e-05,0.417631544304889,0.31,0.242,0.832650860632557
"BTG2","BTG2",3.11433310444795e-05,-2.06416115018143,0.014,0.038,0.83267924213625
"ENSG00000222042","ENSG00000222042",3.13530856777834e-05,1.6194003309949,0.048,0.02,0.838287451766894
"MCOLN1","MCOLN1",3.19174301101921e-05,0.500993556317161,0.163,0.11,0.853376328856207
"GATB","GATB",3.20130889113314e-05,0.197260201820279,0.726,0.674,0.855933958222267
"CCDC86","CCDC86",3.21015628779242e-05,0.842876944739654,0.065,0.032,0.858299486667059
"NUP43","NUP43",3.21565809814183e-05,-0.536964802220959,0.156,0.213,0.859770505700182
"CPNE2","CPNE2",3.22117175057691e-05,0.192120788046819,0.733,0.693,0.861244690951748
"ENSG00000273391","ENSG00000273391",3.26377165390072e-05,1.82572603789774,0.026,0.007,0.872634627103436
"UGCG","UGCG",3.27040962740206e-05,0.637034767741214,0.136,0.088,0.874409422078489
"CCNC","CCNC",3.27931761317651e-05,-0.429321786126959,0.274,0.338,0.876791150235003
"LIN52","LIN52",3.28364371387038e-05,-0.284580142374388,0.511,0.569,0.877947819777523
"DOCK9","DOCK9",3.29006083874474e-05,-0.103906870549793,0.981,0.978,0.879663566455182
"GAS7","GAS7",3.29785866295712e-05,-0.155296852745322,0.916,0.925,0.881748470714845
"ENSG00000233410","ENSG00000233410",3.30521283922156e-05,-1.44457056412572,0.023,0.052,0.883714756822669
"COX7C","COX7C",3.30589641802034e-05,0.347056100460775,0.417,0.352,0.883897525286098
"ADAM15","ADAM15",3.30993557784358e-05,-0.527900846339453,0.254,0.312,0.884977475448039
"ATP6V0E2-AS1","ATP6V0E2-AS1",3.31517777749096e-05,0.734702603958945,0.08,0.043,0.886379082367759
"LTBR","LTBR",3.31718719235478e-05,0.852656073805719,0.062,0.03,0.886916339619898
"ANGPT2","ANGPT2",3.33414623382374e-05,0.788344621702207,0.108,0.065,0.891450678537453
"CD81","CD81",3.34386821484172e-05,0.314337063429425,0.683,0.68,0.89405004460223
"CNOT9","CNOT9",3.36123896093169e-05,-0.443288567297683,0.329,0.388,0.898694460984307
"NES","NES",3.39408864403966e-05,0.460286218907507,0.196,0.137,0.907477480756885
"CBLL1-AS1","CBLL1-AS1",3.40689300032258e-05,1.17959940869318,0.048,0.02,0.910900981496247
"ANGEL2","ANGEL2",3.41097474967484e-05,-0.272128127697359,0.402,0.475,0.911992318820562
"LYG1","LYG1",3.4158843299349e-05,0.75244901289672,0.098,0.058,0.913304993294695
"CEBPG","CEBPG",3.42668191178423e-05,0.733599555934633,0.092,0.052,0.916191942753749
"PIGV","PIGV",3.44614688945843e-05,0.552134022762006,0.119,0.073,0.921396293834501
"EXOC4","EXOC4",3.47212823434266e-05,-0.124282822600005,0.941,0.946,0.928342926016198
"AGK-DT","AGK-DT",3.49456325580468e-05,-0.655099908082641,0.102,0.152,0.934341377704498
"ZSCAN23","ZSCAN23",3.50406249906944e-05,-0.577249289317077,0.076,0.122,0.936881190376197
"ATF6B","ATF6B",3.54711479858991e-05,0.269164559945228,0.346,0.273,0.948392083698983
"DIAPH1","DIAPH1",3.58339316588723e-05,0.550192956459775,0.141,0.092,0.958091830763268
"ZNF330","ZNF330",3.58818718042761e-05,0.472725252319127,0.211,0.152,0.95937360643093
"ZNF629","ZNF629",3.59339281426194e-05,-0.704956985016737,0.064,0.107,0.960765436749215
"EIF2B5","EIF2B5",3.59693669726752e-05,0.508537300273254,0.191,0.135,0.961712964748416
"RNASE1","RNASE1",3.60505046145134e-05,-0.191188430946256,0.605,0.687,0.963882341878245
"ZNF24","ZNF24",3.60851078003307e-05,0.250770399413294,0.592,0.534,0.964807527257441
"ZNF532","ZNF532",3.61743295975566e-05,-0.170219042002264,0.829,0.845,0.967193050449871
"LINC02470","LINC02470",3.63304421216926e-05,1.47578271399248,0.031,0.01,0.971367031007696
"OARD1","OARD1",3.6453688637926e-05,-0.318539374427522,0.306,0.375,0.974662273112226
"KANTR","KANTR",3.65670303051888e-05,0.223688377446005,0.69,0.631,0.977692689269833
"HYLS1","HYLS1",3.65726330330576e-05,1.03188502813566,0.07,0.037,0.97784248940486
"PALM2AKAP2","PALM2AKAP2",3.67216821024361e-05,-1.19455026364158,0.018,0.044,0.981827614372833
"ARHGEF1","ARHGEF1",3.69230875691753e-05,-0.328682441304425,0.355,0.422,0.987212592337039
"SLC25A16","SLC25A16",3.69733289057196e-05,0.199045717044265,0.559,0.485,0.988555894952225
"GEN1","GEN1",3.70059408440869e-05,-0.561545975066466,0.095,0.145,0.989427840348352
"BTBD16","BTBD16",3.71492529577946e-05,-0.786161500285507,0.076,0.12,0.993259576332553
"ENSG00000248664","ENSG00000248664",3.71655248525005e-05,-1.51112824587517,0.021,0.048,0.993694637981305
"GPR108","GPR108",3.72937196207108e-05,1.58771144852748,0.057,0.027,0.997122181498944
"KLHL17","KLHL17",3.73211558327697e-05,0.931009214845467,0.041,0.016,0.997855743500764
"LOC101927293","LOC101927293",3.73744750884265e-05,0.402761219289822,0.41,0.344,0.999281340439259
"YIPF3","YIPF3",3.74084891850997e-05,0.387115680809117,0.308,0.24,1
"RO60","RO60",3.74642905046834e-05,-0.220957074313341,0.606,0.659,1
"SEL1L2","SEL1L2",3.75932540009779e-05,-0.951250822990344,0.06,0.101,1
"ZNF582-DT","ZNF582-DT",3.76318136088543e-05,1.50531785185386,0.039,0.015,1
"KEL","KEL",3.7659990299055e-05,-0.319622595462558,0.447,0.506,1
"BBIP1","BBIP1",3.7843783906657e-05,0.24959516894338,0.496,0.429,1
"ENSG00000284952","ENSG00000284952",3.78555742081868e-05,1.10309827917116,0.046,0.019,1
"PEA15","PEA15",3.78679467277336e-05,0.234458204272061,0.871,0.898,1
"PRPSAP1","PRPSAP1",3.79631914986974e-05,0.292975950671158,0.371,0.297,1
"REV3L","REV3L",3.81408685220881e-05,-0.182081873055974,0.707,0.733,1
"SLC43A2","SLC43A2",3.85086134826075e-05,-0.650649272249857,0.058,0.099,1
"RUFY1-AS1","RUFY1-AS1",3.85097232463703e-05,0.82436223487382,0.066,0.033,1
"ENSG00000235513","ENSG00000235513",3.85632582388268e-05,-0.564648517861026,0.158,0.216,1
"ENSG00000261786","ENSG00000261786",3.85930584887032e-05,0.32368558304058,0.343,0.269,1
"RAB39B","RAB39B",3.86221496798794e-05,0.522485882040906,0.155,0.104,1
"IQCN","IQCN",3.89611882133357e-05,-1.1438417656783,0.028,0.058,1
"ENSG00000270898","ENSG00000270898",3.90393829068066e-05,0.428802011770464,0.369,0.301,1
"ENSG00000275672","ENSG00000275672",3.92770172658135e-05,0.617484147051475,0.137,0.089,1
"CKMT2-AS1","CKMT2-AS1",3.93973263804928e-05,-0.259641654282704,0.609,0.644,1
"CAMKMT","CAMKMT",3.96785330654055e-05,0.140360245950862,0.876,0.81,1
"MBOAT7","MBOAT7",3.99374049168149e-05,0.495371815290431,0.208,0.148,1
"MPDU1","MPDU1",4.01161418482167e-05,0.502059176834651,0.218,0.159,1
"SCEL","SCEL",4.01345554187728e-05,1.05620658485004,0.05,0.022,1
"ENSG00000267327","ENSG00000267327",4.04463756130147e-05,-1.33835271866463,0.021,0.048,1
"SOX12","SOX12",4.05794620221584e-05,0.607526594840818,0.144,0.095,1
"GLRA2","GLRA2",4.08171542285528e-05,0.683952500126725,0.086,0.048,1
"JAK2","JAK2",4.10869563505851e-05,-0.399812516386717,0.345,0.403,1
"SLC39A14","SLC39A14",4.11836832728577e-05,0.738093807380745,0.126,0.081,1
"ATP5IF1","ATP5IF1",4.13058299389029e-05,-0.417133525925123,0.292,0.354,1
"PHLPP2","PHLPP2",4.14266120295447e-05,-0.341810211599842,0.29,0.36,1
"VASH1","VASH1",4.1533730353196e-05,0.314536797630994,0.384,0.314,1
"IGIP","IGIP",4.17539526678397e-05,0.464380042308973,0.249,0.186,1
"NOP10","NOP10",4.17849634587807e-05,0.542139106730186,0.169,0.116,1
"BHLHE41","BHLHE41",4.1848177990719e-05,0.277271423968762,0.636,0.594,1
"LAPTM4A","LAPTM4A",4.21083471933483e-05,0.576528910614123,0.182,0.129,1
"FAHD2B","FAHD2B",4.23155075568934e-05,-0.506248584154918,0.191,0.25,1
"ENSG00000272104","ENSG00000272104",4.23908555045576e-05,1.96066032712405,0.026,0.007,1
"PPP6R2","PPP6R2",4.24740363955392e-05,-0.234550054350676,0.65,0.69,1
"ITGB1","ITGB1",4.26786235572079e-05,0.211882893263652,0.714,0.656,1
"PIK3C2B","PIK3C2B",4.30466126413301e-05,-0.248337074043555,0.608,0.653,1
"LINC00323","LINC00323",4.33931050271343e-05,0.407874283862174,0.422,0.358,1
"TSPAN18","TSPAN18",4.34519549672155e-05,1.79132682035435,0.03,0.009,1
"FAM89A","FAM89A",4.34911448600141e-05,0.691138383645658,0.096,0.056,1
"ZFP62","ZFP62",4.35988634273528e-05,0.714025142335946,0.157,0.107,1
"ENSG00000258637","ENSG00000258637",4.36214177032746e-05,0.722418115955908,0.113,0.069,1
"DGKE","DGKE",4.39293682945118e-05,0.46140774526279,0.192,0.135,1
"ATP6V0D2","ATP6V0D2",4.40628099042982e-05,0.943064524700277,0.05,0.022,1
"ATXN7L3B","ATXN7L3B",4.42747343278271e-05,0.377462738685644,0.312,0.246,1
"KHDRBS2","KHDRBS2",4.46557156324268e-05,-0.703125720247793,0.127,0.18,1
"OSBPL5","OSBPL5",4.46615908689691e-05,-0.361084068730369,0.279,0.342,1
"RAC1","RAC1",4.49030796886909e-05,0.261123258744788,0.701,0.684,1
"GPAT4","GPAT4",4.49245549456888e-05,0.280306671452747,0.372,0.303,1
"CEP44","CEP44",4.50850459216139e-05,-0.348779953100031,0.332,0.398,1
"LAGE3","LAGE3",4.52854263441233e-05,0.463082245884939,0.195,0.139,1
"LINC00658","LINC00658",4.53830852592429e-05,-1.95674418655872,0.007,0.026,1
"SHC2","SHC2",4.55585121966132e-05,0.705885289465409,0.136,0.09,1
"IGFL4","IGFL4",4.5644104630791e-05,0.540539797938904,0.159,0.108,1
"HCN3","HCN3",4.57132961164397e-05,1.60933125563559,0.038,0.014,1
"RORA","RORA",4.58370158435842e-05,-0.34191142128045,0.675,0.697,1
"ENSG00000246250","ENSG00000246250",4.58472111211861e-05,1.40619721875619,0.053,0.024,1
"KIAA0319","KIAA0319",4.59402797169063e-05,1.53579794404656,0.04,0.016,1
"RHBDL2","RHBDL2",4.60232708529001e-05,-0.28151584224822,0.444,0.512,1
"PCGF6","PCGF6",4.61569713175157e-05,-0.622484674403985,0.119,0.171,1
"MYL6B-AS1","MYL6B-AS1",4.66027008188447e-05,0.637169408716495,0.115,0.071,1
"FOXO3","FOXO3",4.66736410400384e-05,-0.284587759592383,0.634,0.68,1
"NPC1L1","NPC1L1",4.66962454614722e-05,2.69474762154417,0.017,0.003,1
"PSMG3","PSMG3",4.67940003604574e-05,0.649471593908951,0.124,0.079,1
"SLC25A46","SLC25A46",4.68622579754968e-05,-0.31072208150401,0.516,0.569,1
"DERA","DERA",4.68660858697742e-05,-0.541513284412689,0.144,0.199,1
"ZBTB20-AS1","ZBTB20-AS1",4.69522005757998e-05,1.00755096607641,0.051,0.023,1
"IFIT3","IFIT3",4.70182116660837e-05,0.271814644691107,0.409,0.335,1
"AKNA","AKNA",4.71950735020338e-05,1.26187019815931,0.045,0.019,1
"FANCF","FANCF",4.72356792241898e-05,0.555771613269823,0.114,0.071,1
"SELENOI","SELENOI",4.77635014798119e-05,0.372547037367597,0.483,0.427,1
"ENSG00000223379","ENSG00000223379",4.78623950670476e-05,1.04856249668705,0.066,0.033,1
"ENSG00000281332","ENSG00000281332",4.81801934245081e-05,0.769255299473186,0.078,0.042,1
"NUP214","NUP214",4.82710715671965e-05,-0.255896882355098,0.593,0.633,1
"NDUFC1","NDUFC1",4.88622526750906e-05,0.392465768530636,0.247,0.184,1
"GRK3","GRK3",4.88680486842274e-05,-0.37056604046291,0.205,0.273,1
"C1orf216","C1orf216",4.88984630414731e-05,0.61476019662601,0.159,0.109,1
"DUSP10","DUSP10",4.90823271553422e-05,-1.18508736862448,0.026,0.055,1
"SURF6","SURF6",4.92197220796654e-05,0.481732438956641,0.15,0.099,1
"NACA2","NACA2",4.92500483445008e-05,0.984468190907393,0.066,0.033,1
"PPP3CB","PPP3CB",4.92864093019466e-05,-0.272584695085213,0.496,0.558,1
"TPP1","TPP1",4.93933595623221e-05,0.265791385885119,0.482,0.418,1
"RALY","RALY",4.93962915551167e-05,0.242218861103118,0.578,0.507,1
"REEP1","REEP1",4.96434737519713e-05,-0.766088110864408,0.051,0.089,1
"SMIM10L1","SMIM10L1",4.96452752823292e-05,0.367291760960035,0.24,0.178,1
"COLEC12","COLEC12",4.99281434408961e-05,-1.18673704891065,0.024,0.053,1
"LRAT","LRAT",5.01981269467733e-05,-1.37957708570559,0.029,0.059,1
"EWSR1","EWSR1",5.02130866020597e-05,0.217856798074707,0.645,0.58,1
"TMED5","TMED5",5.02841529814904e-05,0.306484520301003,0.387,0.314,1
"NEMF","NEMF",5.02940802832466e-05,-0.210862254875752,0.707,0.744,1
"ENSG00000272865","ENSG00000272865",5.08088662923157e-05,0.592028564172603,0.093,0.054,1
"LINC02256","LINC02256",5.08925038201494e-05,-0.213343924798417,0.645,0.693,1
"FBXL15","FBXL15",5.09521680486918e-05,0.460587979244028,0.14,0.092,1
"MYH15","MYH15",5.10584574674966e-05,-0.973190824501339,0.057,0.095,1
"MOCS2","MOCS2",5.11010264323464e-05,0.389968255548447,0.296,0.231,1
"EPS15","EPS15",5.11302652842519e-05,-0.110965850135199,0.884,0.909,1
"MAPKAPK5","MAPKAPK5",5.11729639031977e-05,-0.367499384267217,0.246,0.312,1
"ZNF512","ZNF512",5.14554854673155e-05,-0.452725059847097,0.259,0.318,1
"ENSG00000228886","ENSG00000228886",5.15234925095684e-05,-1.03339363053118,0.026,0.055,1
"LRP10","LRP10",5.16155564062718e-05,0.413344236591769,0.239,0.178,1
"CHST2","CHST2",5.16975145968687e-05,0.322315573242233,0.529,0.47,1
"INKA2","INKA2",5.21875963165936e-05,0.93535628114291,0.064,0.032,1
"PSRC1","PSRC1",5.23688534346285e-05,-0.399896350125365,0.459,0.512,1
"HPS1","HPS1",5.2389243668012e-05,0.519369275689814,0.251,0.193,1
"CCDC159","CCDC159",5.23920416252443e-05,0.3377966035325,0.264,0.2,1
"PRPSAP2","PRPSAP2",5.24083434633999e-05,-0.338550417566164,0.459,0.518,1
"TMUB1","TMUB1",5.24162068278592e-05,0.430064412857777,0.176,0.121,1
"RAP1GDS1","RAP1GDS1",5.2434359628028e-05,-0.189314209309628,0.867,0.886,1
"DHRSX","DHRSX",5.28057875904727e-05,0.30916402554439,0.46,0.395,1
"LRRC27","LRRC27",5.29723619490614e-05,-0.496176729830078,0.072,0.116,1
"H1-10","H1-10",5.30797680493909e-05,-0.892652829507196,0.092,0.137,1
"FUBP1","FUBP1",5.31027934330162e-05,0.264291776060491,0.623,0.563,1
"ARL6IP6","ARL6IP6",5.31155863887e-05,-0.319764593192852,0.409,0.469,1
"DCLRE1C","DCLRE1C",5.31565173045512e-05,0.431975517285411,0.254,0.192,1
"CRYBB2","CRYBB2",5.37518590209458e-05,1.16298352949021,0.025,0.007,1
"ICA1","ICA1",5.42215785885127e-05,-1.58425234533483,0.01,0.031,1
"LUZP2","LUZP2",5.44538548368366e-05,0.562427072582566,0.173,0.122,1
"HNRNPF","HNRNPF",5.45402940507214e-05,0.367966836934968,0.362,0.297,1
"KIF3C","KIF3C",5.46295975970584e-05,0.361488482262842,0.334,0.267,1
"PIGU","PIGU",5.46362965650528e-05,-0.224297746044837,0.563,0.614,1
"HSP90B1","HSP90B1",5.50789165342401e-05,0.356352399120714,0.578,0.525,1
"SNX16","SNX16",5.52473561596409e-05,0.487939445059764,0.257,0.197,1
"PNMA8A","PNMA8A",5.54041779024547e-05,0.494793431275411,0.162,0.111,1
"NBDY","NBDY",5.54451770089872e-05,0.354653523503129,0.472,0.406,1
"TTLL4","TTLL4",5.55603224215948e-05,-0.42914836071023,0.314,0.375,1
"SPPL3","SPPL3",5.57970041740713e-05,-0.159424353064478,0.825,0.857,1
"EXTL3-AS1","EXTL3-AS1",5.59105947598074e-05,-1.26160872258958,0.014,0.037,1
"NEMP2","NEMP2",5.62876179358926e-05,-1.01651520950677,0.019,0.046,1
"PDS5A","PDS5A",5.63124266444671e-05,0.173909388835866,0.833,0.782,1
"RASSF8","RASSF8",5.64124849866423e-05,0.180561484254473,0.822,0.768,1
"CENPX","CENPX",5.6472597289009e-05,0.564573574296542,0.144,0.095,1
"ENSG00000260537","ENSG00000260537",5.70372776098722e-05,0.789081218374311,0.102,0.061,1
"STK40","STK40",5.74918564515313e-05,0.511383389658094,0.281,0.218,1
"SGF29","SGF29",5.76038437369527e-05,0.394902224849532,0.173,0.119,1
"PACS1","PACS1",5.77635235764417e-05,0.296058372401398,0.527,0.453,1
"POPDC1","POPDC1",5.80082814386194e-05,0.416248211652764,0.305,0.24,1
"METTL2B","METTL2B",5.80901950603973e-05,-0.388629779657263,0.202,0.264,1
"MAP7D2","MAP7D2",5.83251458398631e-05,-1.26104402481731,0.016,0.041,1
"H4C5","H4C5",5.87022966829451e-05,1.43617355298258,0.037,0.014,1
"CRLF1","CRLF1",5.88450501796597e-05,0.595673059205066,0.119,0.075,1
"CSTB","CSTB",5.88732544079165e-05,0.407950303643359,0.408,0.344,1
"NPTXR","NPTXR",5.89883913340627e-05,0.595366785889687,0.153,0.104,1
"LYPLAL1-DT","LYPLAL1-DT",5.96273317736662e-05,-0.785943207355085,0.059,0.099,1
"NLRP1","NLRP1",5.99128167277454e-05,-0.558670959042249,0.121,0.172,1
"ENSG00000249269","ENSG00000249269",6.00240274643362e-05,1.34786914684874,0.023,0.006,1
"CSMD1","CSMD1",6.00248079508496e-05,0.267746095668815,0.587,0.532,1
"MISP3","MISP3",6.01597757501925e-05,-0.532690537049857,0.09,0.136,1
"ENSG00000237461","ENSG00000237461",6.02848809183872e-05,-0.29274474068739,0.322,0.391,1
"C5","C5",6.07903152864315e-05,-0.593363435213605,0.162,0.215,1
"NEURL1","NEURL1",6.11106506559852e-05,-1.04037020146538,0.043,0.078,1
"ZNF362","ZNF362",6.15891394500456e-05,-0.417027077240849,0.182,0.242,1
"DEGS1","DEGS1",6.16148995274298e-05,0.383075608326154,0.355,0.288,1
"ESD","ESD",6.16675709319653e-05,0.274620272608776,0.428,0.361,1
"SCN3A","SCN3A",6.17645962587291e-05,0.640209575216596,0.088,0.05,1
"ZDHHC3","ZDHHC3",6.18617404689656e-05,0.456718553663037,0.222,0.165,1
"PEX1","PEX1",6.19559247961416e-05,-0.317431463395424,0.317,0.382,1
"ZNF33B","ZNF33B",6.2080701303921e-05,0.693699439743483,0.202,0.148,1
"TAX1BP3","TAX1BP3",6.25772093935609e-05,-0.663537041862068,0.118,0.168,1
"RNASEH1-DT","RNASEH1-DT",6.30166906889132e-05,0.62885796817666,0.156,0.108,1
"DCLK2","DCLK2",6.32052562662762e-05,-0.304772654947912,0.452,0.507,1
"SLA2","SLA2",6.32348158884661e-05,1.56735729858973,0.041,0.017,1
"TSPAN1","TSPAN1",6.33633740064866e-05,0.677948598168714,0.09,0.052,1
"ANKRD11","ANKRD11",6.37148719264203e-05,0.174895630182668,0.883,0.852,1
"TMEM59","TMEM59",6.37482459083007e-05,0.166592136386977,0.887,0.888,1
"HMGXB4","HMGXB4",6.38078070670314e-05,-0.393394574870056,0.306,0.367,1
"B3GALT5","B3GALT5",6.38302396046521e-05,-0.857748264138324,0.062,0.101,1
"ENSG00000254281","ENSG00000254281",6.38482086629846e-05,-0.665123492225861,0.053,0.092,1
"POMP","POMP",6.39363684817645e-05,0.363846747628981,0.36,0.298,1
"ENSG00000242759","ENSG00000242759",6.42073779030356e-05,-0.142554650057177,0.824,0.866,1
"ZNF407","ZNF407",6.42231595017087e-05,-0.207315538140697,0.606,0.661,1
"ENSG00000243944","ENSG00000243944",6.4361276522532e-05,-1.5493546490706,0.015,0.039,1
"GADD45G","GADD45G",6.4423194740892e-05,2.04719814117379,0.022,0.005,1
"CC2D2B","CC2D2B",6.45940946927259e-05,-0.64652702801287,0.082,0.127,1
"CACNG8","CACNG8",6.47684963469466e-05,-1.70457176649784,0.008,0.027,1
"EXOC1","EXOC1",6.48376349027567e-05,-0.209919408031423,0.699,0.756,1
"MGAT1","MGAT1",6.49809845820539e-05,0.423122724789597,0.277,0.215,1
"UBE2D1","UBE2D1",6.51315747415014e-05,0.241069813566265,0.366,0.29,1
"RABEPK","RABEPK",6.59706383999116e-05,-0.426071705281149,0.214,0.274,1
"CHMP6","CHMP6",6.6182535412583e-05,0.5141957322041,0.165,0.114,1
"INTS2","INTS2",6.64787589865296e-05,-0.387639888231713,0.326,0.384,1
"XPA","XPA",6.67212907888866e-05,-0.268987984868616,0.37,0.438,1
"FAM50B","FAM50B",6.72749007721564e-05,0.597587593176722,0.098,0.058,1
"TIMM9","TIMM9",6.73374772822447e-05,0.422003617260619,0.265,0.203,1
"PGAP1","PGAP1",6.7380190254626e-05,0.276061967311335,0.516,0.447,1
"ENSG00000223774","ENSG00000223774",6.75542740569881e-05,-1.51819355429956,0.015,0.038,1
"WDFY3-AS1","WDFY3-AS1",6.7609790947313e-05,1.56870010464518,0.029,0.009,1
"JRKL","JRKL",6.77325702869855e-05,0.599820965030417,0.153,0.105,1
"TAF7","TAF7",6.78333573466996e-05,0.305480506649954,0.444,0.38,1
"TNFRSF21","TNFRSF21",6.84815475375337e-05,-0.142428139261627,0.765,0.807,1
"PON2","PON2",6.85089484539417e-05,-0.29887527349362,0.46,0.514,1
"LINC03021","LINC03021",6.85213187106831e-05,-2.67688757264854,0.003,0.019,1
"SEC61A1","SEC61A1",6.86042479114059e-05,0.313797485630928,0.362,0.295,1
"CEP112","CEP112",6.90380580414651e-05,0.542380180804927,0.213,0.156,1
"PPHLN1","PPHLN1",6.9268081850117e-05,0.216469483474426,0.645,0.586,1
"ENSG00000249967","ENSG00000249967",6.9472093647483e-05,0.60624432696221,0.177,0.127,1
"PPEF1","PPEF1",6.95410100070879e-05,-0.525508141296804,0.252,0.314,1
"ENSG00000231966","ENSG00000231966",6.95940483344299e-05,1.54487146749077,0.026,0.007,1
"CHAMP1","CHAMP1",6.97390857693148e-05,-0.680767041591448,0.102,0.15,1
"CRIP2","CRIP2",6.98366604194693e-05,-0.703542900494355,0.082,0.125,1
"TRIM59-IFT80","TRIM59-IFT80",7.07549306873002e-05,0.37088294413877,0.296,0.23,1
"BOLA3-DT","BOLA3-DT",7.07982179935238e-05,0.800686825718982,0.087,0.05,1
"ESCO1","ESCO1",7.21009965644461e-05,-0.342096410682653,0.34,0.399,1
"ATP5MC2","ATP5MC2",7.22810880791908e-05,0.24321040025775,0.637,0.59,1
"NT5C2","NT5C2",7.24203421172745e-05,0.224143136207275,0.786,0.76,1
"EPN2","EPN2",7.27258384295162e-05,0.138522977966317,0.917,0.89,1
"THRA","THRA",7.31035038392331e-05,0.254139591183483,0.472,0.405,1
"ACTN1","ACTN1",7.36611135244209e-05,1.04306603414465,0.066,0.035,1
"LRPAP1","LRPAP1",7.43242237176788e-05,0.380625707643732,0.247,0.186,1
"MPHOSPH8","MPHOSPH8",7.45229503194423e-05,0.204443782044442,0.685,0.635,1
"ENSG00000232855","ENSG00000232855",7.47302701209449e-05,-0.261949600201281,0.632,0.678,1
"POP1","POP1",7.47664138257874e-05,-0.768719190062298,0.073,0.114,1
"LRRC69","LRRC69",7.48981132396537e-05,0.405191776650505,0.312,0.252,1
"PRKAR2A","PRKAR2A",7.51101989918275e-05,-0.276826505780634,0.663,0.694,1
"ATR","ATR",7.5252131488515e-05,-0.251419122215035,0.445,0.511,1
"RTL8B","RTL8B",7.52612711732441e-05,0.6196411847481,0.092,0.054,1
"DYNLL1","DYNLL1",7.5533239112296e-05,0.276682930885668,0.748,0.716,1
"ADGRA3","ADGRA3",7.56007351038982e-05,-0.691989877783977,0.05,0.088,1
"CEP192","CEP192",7.56548867752673e-05,-0.223074716421726,0.659,0.699,1
"ZNF136","ZNF136",7.56957542633491e-05,-0.827339852313108,0.065,0.105,1
"DHFR2","DHFR2",7.61139509727015e-05,-0.591503258555213,0.092,0.139,1
"TMEM106C","TMEM106C",7.61845851513223e-05,1.8350270365859,0.019,0.004,1
"TRMT2B","TRMT2B",7.64157625094926e-05,0.637856078247016,0.16,0.113,1
"ANAPC11","ANAPC11",7.65923281215705e-05,0.465284503363759,0.328,0.267,1
"SLFN5","SLFN5",7.66536812416039e-05,-0.372777848841865,0.258,0.32,1
"ENSG00000276131","ENSG00000276131",7.78898460006966e-05,2.11384912857445,0.015,0.002,1
"LGI4","LGI4",7.8160454713712e-05,-0.372090047191508,0.424,0.484,1
"SMURF2","SMURF2",7.86741530994404e-05,-0.274520697029155,0.391,0.464,1
"RABAC1","RABAC1",7.89238406213258e-05,0.281869549936309,0.557,0.5,1
"ERMN","ERMN",7.93762550906637e-05,-0.103698839353007,0.905,0.944,1
"CISD3","CISD3",7.94963809481784e-05,0.592344826350083,0.129,0.084,1
"PSMB8","PSMB8",7.99724570629879e-05,1.2314874906284,0.033,0.012,1
"ENSG00000231355","ENSG00000231355",8.12419387750035e-05,1.87736643015775,0.018,0.003,1
"DNAJB9","DNAJB9",8.12518248892642e-05,0.683847104764883,0.133,0.088,1
"PAN3","PAN3",8.14530323180025e-05,-0.161475843225075,0.797,0.829,1
"INSIG1","INSIG1",8.16806506232219e-05,0.533882542870301,0.37,0.316,1
"N4BP2L1","N4BP2L1",8.20821418233823e-05,-0.662051943381227,0.147,0.196,1
"DNPEP","DNPEP",8.21822972859179e-05,0.669320596039163,0.106,0.066,1
"CD2AP","CD2AP",8.28723403645887e-05,-0.321471882675275,0.326,0.394,1
"SNAPC5","SNAPC5",8.39352706211016e-05,0.590372854870071,0.149,0.102,1
"USP40","USP40",8.45130884868161e-05,-0.18207858517053,0.815,0.837,1
"NFS1","NFS1",8.4712567015522e-05,-0.641465617650612,0.043,0.077,1
"SMYD2","SMYD2",8.52555888535133e-05,-0.452469504963006,0.172,0.227,1
"BAIAP2L1","BAIAP2L1",8.53632251340358e-05,0.425011768139482,0.282,0.219,1
"GOLGA1","GOLGA1",8.53857728122178e-05,-0.275150665054293,0.342,0.405,1
"ENSG00000275441","ENSG00000275441",8.55691005651751e-05,1.51979222164735,0.034,0.012,1
"SUCLG2-DT","SUCLG2-DT",8.57732008059212e-05,-0.292682086900171,0.337,0.408,1
"KBTBD7","KBTBD7",8.59620473330788e-05,0.515510974956825,0.158,0.109,1
"ANXA9","ANXA9",8.59734604335545e-05,1.51484619697203,0.036,0.014,1
"CPNE1","CPNE1",8.6666621714492e-05,0.35023163869106,0.296,0.232,1
"CEP104","CEP104",8.73166108045846e-05,-0.304774426562262,0.416,0.48,1
"ENSG00000228420","ENSG00000228420",8.73625738988319e-05,2.15789562802376,0.023,0.006,1
"ENSG00000232504","ENSG00000232504",8.74970888685761e-05,-0.855522238560968,0.044,0.078,1
"ZNF682","ZNF682",8.76693868095844e-05,-0.400711770556875,0.233,0.293,1
"TENM3","TENM3",8.80941315576855e-05,0.737226143943174,0.162,0.114,1
"IQUB","IQUB",8.81914280542374e-05,1.02899248104,0.055,0.027,1
"CYP27A1","CYP27A1",8.89803233440402e-05,0.227741509103782,0.827,0.819,1
"G3BP1","G3BP1",8.90346696762443e-05,0.244785269841551,0.547,0.47,1
"IRF2BP1","IRF2BP1",8.94852267866519e-05,0.686454838707389,0.096,0.058,1
"SLITRK2","SLITRK2",8.97180797433313e-05,0.294092260090715,0.377,0.305,1
"LINC00165","LINC00165",9.00526442103025e-05,2.14529055571803,0.023,0.006,1
"PSMD2","PSMD2",9.02980763046891e-05,0.370478019807668,0.296,0.231,1
"ZBTB44-DT","ZBTB44-DT",9.03203411688359e-05,-1.2768147933222,0.024,0.052,1
"TANC2","TANC2",9.06631366009431e-05,-0.107728804490666,0.977,0.975,1
"GK","GK",9.07083884191242e-05,-0.473782497970091,0.174,0.229,1
"ENSG00000267528","ENSG00000267528",9.08299320117001e-05,0.972151695429893,0.09,0.054,1
"NCEH1","NCEH1",9.12980318917422e-05,0.463623841860347,0.149,0.101,1
"ZC3H12B","ZC3H12B",9.15701812063619e-05,-0.355498791768532,0.281,0.341,1
"U2AF1","U2AF1",9.15749870806365e-05,-1.00526659897739,0.041,0.075,1
"TMOD2","TMOD2",9.15821080825405e-05,0.282247878329968,0.594,0.536,1
"SNAP25-AS1","SNAP25-AS1",9.16995237400938e-05,1.23344743598502,0.043,0.018,1
"ENSG00000274422","ENSG00000274422",9.18952033203115e-05,-0.451120693501591,0.286,0.341,1
"LINC01924","LINC01924",9.18982286246303e-05,-1.79646193781938,0.008,0.027,1
"CCNF","CCNF",9.24157707713669e-05,1.05431352561411,0.053,0.025,1
"TRMT61B","TRMT61B",9.27567500269733e-05,-0.425795087451578,0.245,0.305,1
"DNAJC3-DT","DNAJC3-DT",9.31967335525965e-05,0.331616871491521,0.231,0.172,1
"TOB2","TOB2",9.3304240503003e-05,0.218640939975041,0.661,0.602,1
"ENSG00000259604","ENSG00000259604",9.33637870932116e-05,-0.52015437406696,0.182,0.235,1
"SNX14","SNX14",9.41336898713196e-05,-0.240670229718202,0.564,0.621,1
"PCBD2","PCBD2",9.42194794795682e-05,-0.452398134020711,0.271,0.332,1
"GAB1","GAB1",9.48663223722292e-05,0.13363649457937,0.993,0.992,1
"EYS","EYS",9.49239923251002e-05,0.403983888649934,0.178,0.125,1
"ESR2","ESR2",9.50156230006133e-05,0.682969828687807,0.122,0.079,1
"ZNF32","ZNF32",9.50764721178236e-05,0.4520138764201,0.29,0.23,1
"CLDN14","CLDN14",9.51569242107445e-05,-1.92083572450118,0.008,0.026,1
"MARS1","MARS1",9.55677663273523e-05,0.364561436033351,0.304,0.241,1
"PTGDS","PTGDS",9.57424838632604e-05,0.563690927595844,0.082,0.046,1
"TMX3","TMX3",9.58962212305694e-05,-0.495451274359695,0.292,0.345,1
"NUDCD2","NUDCD2",9.59091610669023e-05,0.302330134092579,0.321,0.256,1
"IL1RAP","IL1RAP",9.59568569129035e-05,1.52435222310526,0.041,0.017,1
"ZNF449","ZNF449",9.59743898349431e-05,-0.63046149935857,0.08,0.123,1
"SERF2","SERF2",9.65389299470746e-05,0.240794352185915,0.727,0.718,1
"JPH1","JPH1",9.68441735251569e-05,-0.420826819584236,0.279,0.34,1
"LINC02389","LINC02389",9.68596820627434e-05,-1.16307343134255,0.026,0.054,1
"MAP7-AS1","MAP7-AS1",9.79767711818938e-05,1.28832244215379,0.039,0.016,1
"PAQR3","PAQR3",9.80018929550452e-05,0.505457012676072,0.332,0.276,1
"DSCAML1","DSCAML1",9.81453590539404e-05,-0.101390716747479,0.989,0.982,1
"TOP3B","TOP3B",9.83103648811169e-05,0.543639632894885,0.177,0.127,1
"BRSK1","BRSK1",9.89014880123377e-05,-0.400368709549874,0.182,0.241,1
"NAT8L","NAT8L",9.90133829779745e-05,0.367428386524819,0.368,0.301,1
"MAN1B1-DT","MAN1B1-DT",9.94932326015298e-05,-0.807297949493276,0.04,0.073,1
"PPIP5K2","PPIP5K2",0.0001001128329112,-0.228975146853298,0.514,0.577,1
"MNS1","MNS1",0.000100523667188116,-0.682837471943866,0.045,0.08,1
"ENSG00000272807","ENSG00000272807",0.000100897579410643,-1.13030710812926,0.032,0.063,1
"MTERF2","MTERF2",0.000101301106141695,-0.663292799340453,0.111,0.158,1
"ILRUN","ILRUN",0.000101634921023789,0.269799039664345,0.491,0.425,1
"FZD6","FZD6",0.000101971903244255,-0.855767018449637,0.057,0.095,1
"PDIA3","PDIA3",0.000102150372337776,0.346421655277898,0.457,0.399,1
"DNAJC6","DNAJC6",0.000102278289168679,0.178623264948236,0.992,0.99,1
"WDR11","WDR11",0.000102825242153005,-0.243603681118202,0.531,0.592,1
"MOB2","MOB2",0.000103009605075513,0.39018308811803,0.361,0.295,1
"ENSG00000225313","ENSG00000225313",0.00010416847951841,0.527580724625109,0.124,0.08,1
"GCAT","GCAT",0.00010430000585213,0.473591804114988,0.201,0.146,1
"SLC71A2","SLC71A2",0.000104765743614009,-0.312969332452516,0.352,0.408,1
"CARD14","CARD14",0.000106174482349734,-0.52958376065025,0.14,0.192,1
"LINC00662","LINC00662",0.000106271271856903,0.266358615356836,0.507,0.444,1
"THEM4","THEM4",0.000106644736841538,-0.357633560064657,0.287,0.348,1
"TP53BP2","TP53BP2",0.000106946084012802,-0.422133239681109,0.235,0.294,1
"RBKS","RBKS",0.000107142328363247,-0.822451403555385,0.08,0.122,1
"CKS1B","CKS1B",0.000107289601886847,0.649571966337139,0.093,0.055,1
"MAP7D1","MAP7D1",0.000107312180526991,0.197752139878055,0.794,0.786,1
"CDK2AP1","CDK2AP1",0.000107325217517802,1.17675490789114,0.046,0.021,1
"UBE2D3","UBE2D3",0.000107348923238786,0.158565340474222,0.881,0.858,1
"ATP13A1","ATP13A1",0.00010812560289256,0.553429932584376,0.182,0.131,1
"MEP1B","MEP1B",0.000108312398449086,-2.53364303000017,0.003,0.018,1
"COASY","COASY",0.000108562775698322,0.435259515716559,0.16,0.11,1
"H1-9P","H1-9P",0.000108615030777857,2.38663683620257,0.02,0.005,1
"ENSG00000228506","ENSG00000228506",0.000108700286714919,-0.650797089801388,0.106,0.153,1
"SFI1","SFI1",0.000108908565619044,0.355471087480311,0.281,0.22,1
"NSUN3","NSUN3",0.000109103134750286,-0.422504934434886,0.22,0.281,1
"HSPE1","HSPE1",0.000109490598815255,1.42334363035411,0.032,0.012,1
"RBAK-RBAKDN","RBAK-RBAKDN",0.000110260893660109,0.236744893867062,0.583,0.519,1
"RIPOR3","RIPOR3",0.000110369857345304,0.807277352462735,0.048,0.022,1
"FERMT2","FERMT2",0.000110790107554234,0.218374054830045,0.76,0.714,1
"CLBA1","CLBA1",0.000111226010188563,0.946246546756724,0.051,0.024,1
"RNH1","RNH1",0.000111549852002387,0.256499792770271,0.56,0.503,1
"ENSG00000259504","ENSG00000259504",0.000112080039623197,2.4908417735709,0.02,0.005,1
"PLAAT5","PLAAT5",0.000112525381769328,-0.70192140763658,0.104,0.149,1
"ENSG00000249526","ENSG00000249526",0.000112996581113164,-0.84860988831965,0.05,0.085,1
"ENSG00000258957","ENSG00000258957",0.000113488162308824,1.03880198784067,0.067,0.036,1
"PRCP","PRCP",0.000113986091250279,0.4253266260545,0.258,0.2,1
"FLVCR2","FLVCR2",0.000114424399260564,0.773455109778894,0.081,0.046,1
"KCNE1","KCNE1",0.000114460684552285,-1.01750159902424,0.037,0.069,1
"CD99L2","CD99L2",0.000114632099245472,-0.262648543660533,0.552,0.61,1
"PAMR1","PAMR1",0.000115223743313253,-2.16718774511943,0.004,0.02,1
"GNPTG","GNPTG",0.000115607374266812,-0.287506502015044,0.345,0.412,1
"ENSG00000277938","ENSG00000277938",0.000115969146970932,1.66572026218747,0.02,0.005,1
"MARVELD1","MARVELD1",0.000116203231075503,-1.58467258776863,0.003,0.018,1
"FDX1","FDX1",0.000116389298195856,0.443309505467695,0.234,0.175,1
"PITPNM3","PITPNM3",0.000116630780016522,-1.59484470390916,0.006,0.024,1
"ENSG00000125122","ENSG00000125122",0.00011672268502544,-0.46850139472925,0.124,0.175,1
"GET3","GET3",0.000117102305854042,0.466098007421161,0.207,0.154,1
"LYSMD3","LYSMD3",0.000117197804813541,0.593585364465698,0.165,0.117,1
"THTPA","THTPA",0.000117560440804402,0.438628737599169,0.138,0.091,1
"SCARNA17","SCARNA17",0.000117854281314957,-0.460319228911875,0.175,0.231,1
"PCTP","PCTP",0.000117997934128073,-0.864282315488166,0.048,0.082,1
"PGP","PGP",0.000118753298551748,0.334291542835624,0.366,0.299,1
"FAM118B","FAM118B",0.000118791468557438,0.408646347733423,0.2,0.146,1
"DIPK1C","DIPK1C",0.00011893365412991,-0.63086913278174,0.05,0.086,1
"BTAF1","BTAF1",0.00011958941266948,-0.243402203369968,0.521,0.583,1
"CYREN","CYREN",0.000119903774738012,-0.309241100605298,0.283,0.342,1
"IER2","IER2",0.000120039006407904,0.781221170144372,0.091,0.054,1
"ZFAT","ZFAT",0.000120510951298461,0.388103827885308,0.211,0.155,1
"ATPSCKMT","ATPSCKMT",0.000120548861196623,0.329087753804042,0.356,0.289,1
"PTPRS","PTPRS",0.000120706771790768,0.212212479555249,0.757,0.711,1
"CDIN1","CDIN1",0.00012071135652838,0.211468084065196,0.739,0.663,1
"HSPA2","HSPA2",0.000120777523731443,0.276481634713592,0.796,0.799,1
"AKT3","AKT3",0.000121786647537731,-0.109013217595906,0.974,0.97,1
"ENSG00000261669","ENSG00000261669",0.000122007655466476,0.666871777617047,0.089,0.052,1
"NDUFAF8","NDUFAF8",0.000122125664321558,0.426988819410012,0.235,0.178,1
"TXLNA","TXLNA",0.000122443007847102,0.373423006774938,0.252,0.192,1
"ZNF133","ZNF133",0.000122659420545849,-0.371074520725584,0.327,0.383,1
"LAS1L","LAS1L",0.000122698145703605,-0.544201192984398,0.152,0.203,1
"BLM","BLM",0.000122851703068266,1.16922229336764,0.075,0.043,1
"CD55","CD55",0.000123005872393053,-0.398161063054666,0.271,0.33,1
"ADARB2-AS1","ADARB2-AS1",0.000123195417042854,0.432433364438405,0.229,0.171,1
"ENSG00000278743","ENSG00000278743",0.000123428867033259,-1.37311780754539,0.012,0.033,1
"TNIP2","TNIP2",0.000124317654894409,0.731345941339266,0.117,0.076,1
"MAX","MAX",0.000124516351207867,0.211570304885339,0.666,0.619,1
"ENSG00000263335","ENSG00000263335",0.000124694607301358,-0.405906426464242,0.15,0.205,1
"ERCC6L2-AS1","ERCC6L2-AS1",0.000124902787060515,-0.319981937171739,0.402,0.459,1
"PXMP4","PXMP4",0.000124963123638664,-0.552438995936595,0.119,0.167,1
"ANKS1A","ANKS1A",0.000125048587059531,0.269124543116636,0.576,0.514,1
"FAM228B","FAM228B",0.000125430672338983,-0.209672386031811,0.439,0.497,1
"NLGN1","NLGN1",0.000126770831952693,-0.678726601304337,0.087,0.131,1
"LSM10","LSM10",0.000127075167318391,0.536309350900954,0.111,0.07,1
"GRN","GRN",0.000127188136390002,0.364181593024626,0.238,0.18,1
"LPAR1","LPAR1",0.000128702303483512,-0.149584034766268,0.885,0.897,1
"CAV2-DT","CAV2-DT",0.000128839671768685,0.539106851683592,0.147,0.101,1
"SURF2","SURF2",0.000128875222160353,0.694557358667947,0.086,0.05,1
"SVIL","SVIL",0.000129145818773961,0.330681456132383,0.358,0.298,1
"MLLT6","MLLT6",0.000129454712887928,0.331701681059863,0.372,0.303,1
"ENSG00000255389","ENSG00000255389",0.000129466573555896,0.832596508440798,0.055,0.027,1
"MLEC","MLEC",0.000130379466743831,0.356298066658069,0.434,0.373,1
"C2CD2","C2CD2",0.000130805088991321,0.174223394334191,0.805,0.778,1
"MRPS26","MRPS26",0.000130836435666237,0.392279669599326,0.249,0.192,1
"MMGT1","MMGT1",0.000130967525820745,0.415697197483163,0.161,0.111,1
"OR2L13","OR2L13",0.000131326005169563,0.99557705715566,0.066,0.035,1
"ORC3","ORC3",0.000131361391164606,-0.366227456177804,0.415,0.459,1
"ENSG00000277675","ENSG00000277675",0.000131525562699409,0.919143454826177,0.081,0.047,1
"TM4SF18","TM4SF18",0.000131571990440876,2.21663007943397,0.015,0.002,1
"TASP1","TASP1",0.000131624630548793,-0.338366738157774,0.328,0.387,1
"GRIN1","GRIN1",0.000132124064436259,-0.861231558320154,0.022,0.048,1
"IPO7","IPO7",0.00013317802467267,0.237892963521561,0.489,0.413,1
"FAM200B","FAM200B",0.000133237498527337,0.281976868373208,0.344,0.273,1
"TANK","TANK",0.000133419563503646,-0.212809154240487,0.67,0.704,1
"BCAP29","BCAP29",0.000133465277701971,0.204952430304578,0.642,0.59,1
"LNCOC1","LNCOC1",0.000133539834695934,-1.10303421056702,0.021,0.047,1
"AOPEP","AOPEP",0.000134398590690672,-0.117845098393949,0.966,0.961,1
"ENSG00000261833","ENSG00000261833",0.000134799873945567,-0.391264250442585,0.342,0.394,1
"APLN","APLN",0.000134935401682412,-0.627225257482349,0.055,0.092,1
"HECTD4","HECTD4",0.000135143204002571,0.122547195137997,0.923,0.916,1
"SS18","SS18",0.00013565408179407,0.184896506210119,0.743,0.688,1
"ARMCX3","ARMCX3",0.000136142963218333,0.380239405083175,0.29,0.227,1
"SSBP3","SSBP3",0.000136338646913697,-0.156609345918628,0.86,0.88,1
"LCLAT1","LCLAT1",0.000136391704765684,-0.288842268506375,0.258,0.322,1
"BEX1","BEX1",0.00013688743600256,0.723324390597753,0.083,0.048,1
"DUBR","DUBR",0.000137288130206097,0.129777719997993,0.84,0.797,1
"MAPK1IP1L","MAPK1IP1L",0.000137457001815583,0.267012032364476,0.486,0.422,1
"LINC00539","LINC00539",0.000137482816610101,0.301048164635931,0.355,0.288,1
"ZNF652","ZNF652",0.000138478664508903,0.1437968474355,0.97,0.954,1
"MAP3K10","MAP3K10",0.000138775656898782,0.328072329199502,0.276,0.213,1
"ZNF99","ZNF99",0.000138848291773255,-1.17119119297745,0.013,0.035,1
"LOC105373974","LOC105373974",0.000139036737163296,0.892115188654569,0.069,0.038,1
"KLHL29","KLHL29",0.000139045598952129,0.932554671127831,0.094,0.058,1
"THOP1","THOP1",0.000139116006231197,0.401997419191909,0.245,0.186,1
"C19orf73","C19orf73",0.000139290996483447,1.08504387097203,0.037,0.015,1
"SCFD1","SCFD1",0.000140212599694643,-0.246968893050285,0.583,0.629,1
"PARP8","PARP8",0.000140396301188331,0.982761511167412,0.092,0.056,1
"ATP6V0E1","ATP6V0E1",0.000141217805014548,0.214198323981486,0.56,0.494,1
"LOC101927179","LOC101927179",0.000141567630568545,0.964342259185399,0.056,0.028,1
"MAK","MAK",0.000142806302232425,0.609409656200084,0.164,0.116,1
"EYA3","EYA3",0.000143031857777583,-0.241132894968523,0.558,0.61,1
"NPM1","NPM1",0.000143326880400994,0.226036925085352,0.326,0.258,1
"STX18","STX18",0.000143612106545485,-0.22220714847987,0.509,0.579,1
"MDN1","MDN1",0.000144486652357911,-0.205416661349733,0.607,0.659,1
"PDIA4","PDIA4",0.000144843264722578,0.294028462992115,0.328,0.262,1
"MCAM","MCAM",0.000145501122567628,-2.73681552473354,0.002,0.015,1
"CPT1C","CPT1C",0.000145518785245775,0.365564153074061,0.354,0.288,1
"FOXO1","FOXO1",0.000145728312791641,0.200262935460311,0.755,0.698,1
"GCC1","GCC1",0.000146002539441912,1.0015471152035,0.056,0.028,1
"ABHD4","ABHD4",0.000147154541729556,0.609054810717014,0.114,0.073,1
"GLRX5","GLRX5",0.000147317962711974,0.442316895113578,0.167,0.117,1
"ZNF341","ZNF341",0.000147534725215531,0.512330598696696,0.163,0.115,1
"SERPINB8","SERPINB8",0.000149606351583476,-0.908939966027548,0.035,0.065,1
"SSR2","SSR2",0.000149695977497635,0.348851418264573,0.223,0.167,1
"TOX2","TOX2",0.000149752098627351,1.19058389299697,0.054,0.027,1
"EPRS1","EPRS1",0.000149802630465083,0.241736696090004,0.553,0.501,1
"ENSG00000258297","ENSG00000258297",0.000150927206794832,-0.818310435953994,0.038,0.07,1
"WDFY2","WDFY2",0.00015097637677834,-0.154217324835725,0.865,0.88,1
"RSL24D1","RSL24D1",0.000152452177557461,0.496424610507174,0.213,0.16,1
"POLR2A","POLR2A",0.000152869144991395,-0.325840765808189,0.317,0.381,1
"CD226","CD226",0.000153509088980009,-0.40786326121548,0.256,0.314,1
"ENSG00000227486","ENSG00000227486",0.00015367728060726,-0.309859276618725,0.303,0.367,1
"ENSG00000269814","ENSG00000269814",0.000154817244122579,1.47428404455487,0.036,0.014,1
"ATIC","ATIC",0.000155254354734108,0.342341977197826,0.375,0.313,1
"DDI2","DDI2",0.000155323620828399,0.243939114811647,0.597,0.535,1
"APTX","APTX",0.000156234409258159,0.258468738203805,0.476,0.413,1
"PARG","PARG",0.000156608285104039,-0.237314956380088,0.61,0.656,1
"ATP8B1","ATP8B1",0.000157453945590071,0.75038952174275,0.101,0.063,1
"PPM1D","PPM1D",0.000158040452946284,0.316200595291194,0.39,0.325,1
"IQSEC1","IQSEC1",0.000158150593317447,0.174779053458194,0.672,0.612,1
"NNT","NNT",0.000159018306261752,-0.220961138411484,0.459,0.526,1
"GMFG","GMFG",0.000159455184878182,0.556042053449793,0.102,0.063,1
"RNF115","RNF115",0.000160435418279165,-0.225492764145364,0.582,0.624,1
"HMOX2","HMOX2",0.000160515924462501,0.284077497352486,0.538,0.488,1
"ZNF518B","ZNF518B",0.000160687869600871,0.597421561347605,0.098,0.06,1
"MAPKAPK2","MAPKAPK2",0.000161193812487791,0.271580875816815,0.462,0.395,1
"KLHL9","KLHL9",0.000161251835385263,0.358401025194448,0.321,0.256,1
"BUD23","BUD23",0.000161321981885993,0.303171480700515,0.307,0.243,1
"ST8SIA6","ST8SIA6",0.000161571055347651,1.7057199891167,0.032,0.012,1
"CLCN2","CLCN2",0.000162107873406368,0.394670610190392,0.283,0.221,1
"LAP3","LAP3",0.000162214491643147,0.398013237891294,0.222,0.167,1
"CDC16","CDC16",0.000162333445859686,-0.264333316957151,0.502,0.554,1
"FAT1","FAT1",0.000162739908683066,0.325703025950067,0.399,0.339,1
"DUT","DUT",0.000162751375131723,0.308929063071294,0.413,0.352,1
"DNAH1","DNAH1",0.000162891121197045,-0.41029282209625,0.163,0.216,1
"MAU2","MAU2",0.000164809842695385,-0.249864399419353,0.523,0.561,1
"PHLDA1","PHLDA1",0.000165388984802754,1.13665706090793,0.048,0.023,1
"ADRA2B","ADRA2B",0.00016593496755969,1.20619598757446,0.038,0.016,1
"HAP1","HAP1",0.000166095905170586,1.76460291147781,0.021,0.005,1
"SSPN","SSPN",0.00016638865288063,-0.384232031016582,0.198,0.256,1
"ENSG00000259515","ENSG00000259515",0.000166403637836349,1.21524670503278,0.052,0.025,1
"EOGT","EOGT",0.000166540263738422,0.579798664866213,0.255,0.202,1
"KCNJ14","KCNJ14",0.000166555072273213,1.2068334850252,0.049,0.024,1
"SRP14-DT","SRP14-DT",0.000167645080054514,0.326692848673896,0.287,0.225,1
"LINC01265","LINC01265",0.000169008977619318,-1.04049317020378,0.041,0.073,1
"ITGA10","ITGA10",0.000169304925770754,1.42104048592362,0.03,0.01,1
"LINC02177","LINC02177",0.000169681285453924,-0.703134860798234,0.056,0.093,1
"ENSG00000251031","ENSG00000251031",0.000169784036011122,1.29338761720091,0.03,0.01,1
"ENSG00000230534","ENSG00000230534",0.000170658246885551,1.08219551560781,0.049,0.024,1
"NR2C1","NR2C1",0.000170825829258699,-0.317401649515492,0.358,0.418,1
"AP5B1","AP5B1",0.000171020983773596,0.996519418852261,0.058,0.03,1
"ARIH2","ARIH2",0.000171548616856336,-0.188582777255534,0.715,0.751,1
"SYCP3","SYCP3",0.000171820108048888,1.17233838230001,0.032,0.012,1
"ENSG00000266957","ENSG00000266957",0.000173947423558377,-1.62111647942072,0.006,0.023,1
"ENSG00000261584","ENSG00000261584",0.000174369470604907,0.474149319314478,0.139,0.093,1
"FAXDC2","FAXDC2",0.000174738983714157,-0.160474906045101,0.73,0.786,1
"ZPR1","ZPR1",0.00017483307340738,0.530575523217479,0.13,0.088,1
"ZMYND15","ZMYND15",0.000175188180343437,-2.28973713499479,0.003,0.018,1
"ATG4D","ATG4D",0.000176109157706762,0.52094384429821,0.158,0.112,1
"HDAC11","HDAC11",0.000177581658287831,-0.31304941137726,0.307,0.366,1
"KCTD1","KCTD1",0.000178112760246414,-0.605206854117191,0.131,0.179,1
"GPD2","GPD2",0.000178137234372859,-0.3483603718481,0.3,0.358,1
"ARRB1","ARRB1",0.00017955313483124,2.41154725352597,0.037,0.016,1
"NPRL2","NPRL2",0.000179721734123355,0.495715873077253,0.129,0.086,1
"ZFAND4","ZFAND4",0.00018026979040603,0.247960907255324,0.512,0.441,1
"MMS22L","MMS22L",0.000180548558424703,-0.257295841949177,0.492,0.551,1
"VSIG10","VSIG10",0.000181772208628007,-0.332037228898934,0.256,0.321,1
"CCDC13-AS1","CCDC13-AS1",0.000182913245083039,-0.875629986587699,0.048,0.082,1
"POLR2J","POLR2J",0.000183810138666107,0.333189629560202,0.25,0.191,1
"YTHDC1","YTHDC1",0.000184045234918383,-0.170662302817727,0.681,0.73,1
"CPEB4","CPEB4",0.000184371374234551,0.122687922977402,0.934,0.917,1
"CPD","CPD",0.00018501041915433,0.153574924933942,0.862,0.854,1
"ADGRE2","ADGRE2",0.000186176634679389,-0.508452294902985,0.097,0.142,1
"NUAK2","NUAK2",0.00018807845446233,0.743346942487376,0.073,0.041,1
"PIK3CB","PIK3CB",0.000188447454590518,-0.174977009374048,0.679,0.721,1
"ENSG00000268081","ENSG00000268081",0.000188874561911874,-0.514131220007453,0.068,0.108,1
"DYNC2I1","DYNC2I1",0.000189536215442839,-0.27039546108225,0.478,0.535,1
"SH3BGRL","SH3BGRL",0.000189996127664226,0.234076533075838,0.612,0.552,1
"CCDC71L","CCDC71L",0.000190437307290325,1.01495041397788,0.039,0.016,1
"LRRC37B","LRRC37B",0.000191527190719055,0.243720319683614,0.6,0.532,1
"RAET1E-AS1","RAET1E-AS1",0.000192366782791206,-0.799529161581272,0.037,0.067,1
"DNAJC1","DNAJC1",0.000192472123064353,0.214422232200416,0.755,0.71,1
"SP140","SP140",0.000192804686244198,-1.26065073872423,0.025,0.051,1
"RBL2","RBL2",0.000193685511000106,-0.234655370724322,0.586,0.64,1
"NTRK2","NTRK2",0.000194492857181687,0.438578224828178,0.313,0.256,1
"NAB1","NAB1",0.000195112611105063,-0.281057020330204,0.247,0.309,1
"TMEM163","TMEM163",0.000196519867072085,0.162578574164285,0.746,0.66,1
"AKAP7","AKAP7",0.000196578668812675,-0.251885464046894,0.475,0.535,1
"STT3B","STT3B",0.000197233549395956,0.250007242846583,0.535,0.474,1
"FSD1","FSD1",0.000198136541229195,0.421085625998587,0.24,0.185,1
"LINC01221","LINC01221",0.000198683940627899,-2.660954975299,0.001,0.013,1
"ICE1","ICE1",0.000198930422080091,-0.235574882885558,0.478,0.541,1
"ENSG00000213121","ENSG00000213121",0.000199724803628883,-2.18220353260799,0.01,0.029,1
"PRKAA1","PRKAA1",0.000200329015018295,-0.331758888439695,0.332,0.4,1
"R3HCC1","R3HCC1",0.000200442969902214,0.265223198714281,0.603,0.552,1
"FRMD8","FRMD8",0.000200492553553894,0.55988977031791,0.183,0.135,1
"KATNBL1","KATNBL1",0.000201074826620342,-0.182616192692664,0.737,0.761,1
"TMEM123","TMEM123",0.000201100383514526,-0.422094312879886,0.196,0.25,1
"ENSG00000281039","ENSG00000281039",0.000201643693660549,0.242544977058028,0.516,0.446,1
"RNF216","RNF216",0.000201790192466066,0.22428427943637,0.717,0.665,1
"VMP1","VMP1",0.000201848870129816,-0.163809543548444,0.701,0.75,1
"DYNC2LI1","DYNC2LI1",0.000202747631346597,-0.350625262962609,0.305,0.365,1
"ENSG00000258052","ENSG00000258052",0.000203016102757224,2.77915581183875,0.012,0.001,1
"FECH","FECH",0.000205150764319352,-0.369006129212007,0.276,0.333,1
"PRDM8","PRDM8",0.000205334240403953,0.324755265314059,0.255,0.195,1
"ZNF708","ZNF708",0.000205744998277576,-0.142482723894341,0.895,0.91,1
"MT1G","MT1G",0.000206471889798902,1.30761826828787,0.032,0.012,1
"INO80D","INO80D",0.00020689692919013,-0.255254430545818,0.657,0.687,1
"TGOLN2","TGOLN2",0.000208285130791141,0.290595613914477,0.547,0.497,1
"GDF11","GDF11",0.000208891281123552,1.01971442697139,0.05,0.025,1
"RCBTB1","RCBTB1",0.000210608515656936,-0.299114797939227,0.436,0.499,1
"SPATA1","SPATA1",0.000211407126857267,0.456743034305395,0.232,0.178,1
"PIGB","PIGB",0.000211602845707302,-0.395132955278276,0.166,0.219,1
"ASB5","ASB5",0.000211857606612915,-0.812575171142314,0.052,0.086,1
"PAK1","PAK1",0.000212336799787387,-0.347033876307667,0.341,0.4,1
"FAAP20","FAAP20",0.000212929226644312,0.403713924656623,0.253,0.197,1
"ENSG00000257831","ENSG00000257831",0.000213220568779158,-1.20124056488742,0.024,0.05,1
"BET1","BET1",0.000213379001901601,0.312886125345373,0.205,0.149,1
"CTNNB1","CTNNB1",0.000213778465022673,0.256040148514025,0.565,0.509,1
"VPS4A","VPS4A",0.000214027857655499,0.293040112957918,0.39,0.325,1
"GPATCH8","GPATCH8",0.000214884335244195,-0.153225766409621,0.857,0.856,1
"HDLBP","HDLBP",0.000214979116796535,0.209939960186959,0.614,0.565,1
"TSBP1","TSBP1",0.00021574478501035,0.593051346155756,0.089,0.054,1
"ACVR1","ACVR1",0.000217195066009165,0.453865169655465,0.302,0.246,1
"MXD4","MXD4",0.000218286947311305,0.346252646002473,0.331,0.271,1
"B4GALT3","B4GALT3",0.000218877365127791,0.575714060858225,0.117,0.076,1
"EEFSEC","EEFSEC",0.000219277282485706,-0.433899282370853,0.253,0.308,1
"TMEM143","TMEM143",0.000220274972730152,0.548083472045683,0.18,0.133,1
"ENSG00000251471","ENSG00000251471",0.000220701889694376,2.79479072030484,0.015,0.003,1
"NTHL1","NTHL1",0.000220904180569425,0.728316058162576,0.104,0.067,1
"ENSG00000255201","ENSG00000255201",0.000222044623549445,1.87111536959502,0.017,0.003,1
"GNA13","GNA13",0.000222826335121389,0.243938140618514,0.516,0.454,1
"RIPPLY2","RIPPLY2",0.000223239165883452,0.766517951141839,0.078,0.046,1
"ENSG00000265496","ENSG00000265496",0.000223244334846569,2.37884463557252,0.015,0.003,1
"COX5A","COX5A",0.000223496486826487,0.313822980586555,0.299,0.24,1
"FRAT2","FRAT2",0.000223803361318583,1.97988159322881,0.017,0.003,1
"ENSG00000275799","ENSG00000275799",0.000224073617100107,1.71867706297036,0.025,0.008,1
"ASAP1","ASAP1",0.000224391370902705,0.280245593459299,0.923,0.919,1
"PPP1R9B","PPP1R9B",0.000224989660086827,0.796981793828182,0.091,0.056,1
"GADD45B","GADD45B",0.000225109408073795,1.58072704812537,0.025,0.008,1
"LOC105375448","LOC105375448",0.000225579482992016,2.22776844894234,0.015,0.003,1
"NEK11","NEK11",0.000225801648461169,0.301040654663711,0.395,0.335,1
"NOP53","NOP53",0.000226264704016079,0.45026716540345,0.163,0.115,1
"MBD3","MBD3",0.000226700926473353,0.244816352134285,0.265,0.201,1
"VPS28","VPS28",0.0002267040946711,0.311830982534785,0.432,0.371,1
"UBALD1","UBALD1",0.000226734999266417,0.440075709619777,0.188,0.136,1
"RBM23","RBM23",0.000226836700369953,0.281274772551646,0.256,0.198,1
"PTPRN2","PTPRN2",0.00022752114309922,0.697718065568018,0.221,0.172,1
"ZNF197","ZNF197",0.000227769510555932,-0.355874835058968,0.308,0.359,1
"PARD3","PARD3",0.000228570044700037,0.456596429154216,0.607,0.59,1
"ENSG00000268056","ENSG00000268056",0.000229048659438848,1.12105482155985,0.051,0.025,1
"MAP9","MAP9",0.000229523327106259,-0.367990648520581,0.258,0.314,1
"ENSG00000260661","ENSG00000260661",0.000229718669637041,0.447057705072299,0.171,0.122,1
"C1QTNF3-AMACR","C1QTNF3-AMACR",0.000229757451978113,-0.208922645472252,0.828,0.833,1
"MRPS11","MRPS11",0.000230534585922971,0.452644113648694,0.274,0.216,1
"DPH6-DT","DPH6-DT",0.000230625465736425,0.194292880018517,0.647,0.586,1
"PCED1A","PCED1A",0.000230907891192492,0.484599530786061,0.207,0.156,1
"NAA38","NAA38",0.000231326172431631,0.228683415732324,0.418,0.349,1
"MGRN1","MGRN1",0.000232009328766784,0.254580759180862,0.499,0.442,1
"ENSG00000224731","ENSG00000224731",0.000232531538288241,1.90386770275553,0.021,0.006,1
"MGAT3","MGAT3",0.000232885001108653,0.333943163678971,0.496,0.438,1
"ENTREP2","ENTREP2",0.000233370806404572,-1.03076212880719,0.037,0.067,1
"TAGLN3","TAGLN3",0.000234258572491127,-1.45805591089528,0.023,0.048,1
"CCT6A","CCT6A",0.000234536473892658,0.325932832431101,0.3,0.241,1
"NIPSNAP1","NIPSNAP1",0.000234704269173742,-0.506280772544725,0.079,0.12,1
"MGST2","MGST2",0.000235886474920434,0.377209804982157,0.131,0.088,1
"GPRIN1","GPRIN1",0.000236078989192748,1.45437796703837,0.025,0.008,1
"TPPP","TPPP",0.000236585720481236,0.140559129579584,0.644,0.578,1
"TECR","TECR",0.00023709473279944,0.152241063272914,0.696,0.654,1
"AGAP9","AGAP9",0.000237635353026753,0.29062458736251,0.436,0.375,1
"ENSG00000230323","ENSG00000230323",0.000237640067222962,0.324848271756611,0.167,0.118,1
"ENSG00000226764","ENSG00000226764",0.000238133128373036,-0.686029424799714,0.048,0.081,1
"ARL10","ARL10",0.000240665098239962,0.317999866740172,0.301,0.242,1
"LINC01266","LINC01266",0.000241079858500926,-0.541388102703695,0.221,0.273,1
"LDOC1","LDOC1",0.000241908660262031,0.298565055847227,0.285,0.226,1
"TJAP1","TJAP1",0.000241929479025059,-0.245577686378867,0.587,0.638,1
"SMCO4","SMCO4",0.000242747692023473,0.405294407167692,0.243,0.188,1
"IRAG1-AS1","IRAG1-AS1",0.000242943633149098,0.50494474321369,0.186,0.137,1
"NENF","NENF",0.000243004217040322,-0.166243503319917,0.619,0.688,1
"CDKN1B","CDKN1B",0.00024329890197368,0.307355589733067,0.365,0.304,1
"CRTC3-AS1","CRTC3-AS1",0.000243331539466666,-0.70580148255604,0.111,0.154,1
"NPAP1","NPAP1",0.000244035055665865,0.77345371980353,0.082,0.048,1
"SLC11A2","SLC11A2",0.000244374057282705,0.21838783964606,0.665,0.609,1
"ENSG00000263708","ENSG00000263708",0.0002452327777351,0.804613529667488,0.082,0.049,1
"RGPD8","RGPD8",0.000245419592854329,-0.685383295733595,0.074,0.113,1
"ENSG00000230286","ENSG00000230286",0.000245659744664086,0.735187076864239,0.068,0.038,1
"ENSG00000260071","ENSG00000260071",0.00024851045515537,-0.671669593258476,0.039,0.071,1
"THEMIS2","THEMIS2",0.000248703920196772,0.336888412821317,0.323,0.263,1
"LRRC28","LRRC28",0.000250155934672217,-0.182754178366656,0.508,0.577,1
"ZNF473","ZNF473",0.000250664407165535,0.571616158362648,0.077,0.044,1
"FBXO46","FBXO46",0.000251450913406617,0.607710209826243,0.167,0.122,1
"MIR9-2HG","MIR9-2HG",0.000252610892617118,-0.888066032423505,0.064,0.1,1
"TMEM245","TMEM245",0.000254128161395226,0.182411364609499,0.712,0.667,1
"STX2","STX2",0.000254342326797281,0.196065447535173,0.553,0.486,1
"NDUFS2","NDUFS2",0.000254756780180444,0.267348371707753,0.523,0.463,1
"PIBF1","PIBF1",0.000254933719134838,-0.211905484063148,0.715,0.75,1
"PPP1R13B-DT","PPP1R13B-DT",0.000255261314707317,-1.57038219238528,0.006,0.022,1
"HYAL1","HYAL1",0.000255374601024283,0.745209931689945,0.077,0.045,1
"PLAAT1","PLAAT1",0.000257860039131674,-2.04253736375221,0.009,0.027,1
"LOC105371401","LOC105371401",0.000259650840811858,0.735940046012055,0.081,0.048,1
"SF3B3","SF3B3",0.000260253665597407,0.285298432846042,0.37,0.303,1
"TAOK1","TAOK1",0.00026139647434349,-0.11720216161407,0.906,0.927,1
"ENSG00000225885","ENSG00000225885",0.00026319485864321,0.419711278271121,0.29,0.233,1
"GMNN","GMNN",0.000263409633541189,1.03431689832553,0.055,0.028,1
"NEK4","NEK4",0.000264357915194711,0.291104576829887,0.292,0.231,1
"SAMD1","SAMD1",0.000264581559511091,0.396254839147699,0.248,0.193,1
"MLYCD","MLYCD",0.000266618507756695,-0.582303448182621,0.06,0.097,1
"PHACTR1","PHACTR1",0.000266720069491163,0.175878396391096,0.913,0.901,1
"SMIM10L2B","SMIM10L2B",0.00026723529855326,-1.38744641119737,0.013,0.033,1
"ENSG00000265399","ENSG00000265399",0.000268215204171062,1.1905625963612,0.041,0.018,1
"TCERG1L","TCERG1L",0.000268520291233383,1.2388135575298,0.041,0.018,1
"ENSG00000258560","ENSG00000258560",0.000268545158245583,0.906310786886743,0.035,0.014,1
"TMEM117","TMEM117",0.000268762056332902,0.19225587600968,0.816,0.772,1
"SLC27A4","SLC27A4",0.000268981503161355,0.273699360043371,0.435,0.369,1
"RPF1","RPF1",0.000269098572906636,0.513070687525297,0.174,0.127,1
"SSNA1","SSNA1",0.000270618297361889,0.225316114431107,0.409,0.339,1
"CHST1","CHST1",0.000272453698398442,1.88071072781511,0.02,0.005,1
"MIR4280HG","MIR4280HG",0.000273199979698959,-2.47774489433876,0.003,0.017,1
"LRRC61","LRRC61",0.000273676606972568,1.07340459788677,0.043,0.02,1
"ZNF205","ZNF205",0.000274040030395768,0.584072721909707,0.128,0.087,1
"RAB6B","RAB6B",0.000274429196231138,0.40030466952934,0.276,0.22,1
"KCTD21","KCTD21",0.000276009876042672,0.453237011254891,0.119,0.078,1
"RNF123","RNF123",0.000276029134130599,0.543178810250895,0.18,0.133,1
"ADGRB1","ADGRB1",0.000276719195996395,-2.06677100982466,0.005,0.02,1
"CA14","CA14",0.000277331699036073,-0.440666435722754,0.181,0.233,1
"LOC124900476","LOC124900476",0.000278681745494926,-0.370646565370619,0.106,0.151,1
"C10orf67","C10orf67",0.000278875337767734,-1.85403830623042,0.005,0.02,1
"ROBO1","ROBO1",0.000279594034448633,-0.35197919488652,0.29,0.352,1
"ENSG00000234810","ENSG00000234810",0.000280687203121425,-0.816697875689267,0.044,0.076,1
"ENSG00000241231","ENSG00000241231",0.000281764169145869,-0.579481517466842,0.073,0.112,1
"JMY","JMY",0.000284646218058651,0.286113987133258,0.553,0.496,1
"CEP85","CEP85",0.000285801750406211,-0.347547782208816,0.36,0.419,1
"AKTIP","AKTIP",0.000285911971307921,0.278473822588648,0.279,0.22,1
"ZNF555","ZNF555",0.000286174855206659,0.419745056530584,0.246,0.193,1
"ADCK1","ADCK1",0.000286815740081978,-0.335756132926494,0.296,0.358,1
"DNAJC28","DNAJC28",0.000286827997096798,0.752690732192814,0.082,0.05,1
"NUP54","NUP54",0.000287127033644243,-0.396509622657935,0.323,0.371,1
"ENSG00000144785","ENSG00000144785",0.000288720675833875,-0.469445241342532,0.091,0.133,1
"ENSG00000248968","ENSG00000248968",0.000290003375752731,3.30381688676807,0.01,0.001,1
"FAM241A","FAM241A",0.000292090955839079,-0.405990624164166,0.246,0.307,1
"GLUD2","GLUD2",0.000292622329181239,1.18587219058387,0.034,0.014,1
"ENSG00000223546","ENSG00000223546",0.000292858530104175,-0.382543950298357,0.244,0.299,1
"ENSG00000263797","ENSG00000263797",0.00029304181999864,2.89616400504617,0.01,0.001,1
"CHD2","CHD2",0.000293343220088542,0.179758902215111,0.724,0.68,1
"ARL6IP4","ARL6IP4",0.000294030649147743,0.261985551604432,0.414,0.348,1
"SCG3","SCG3",0.000294980710758168,-0.766620971405237,0.055,0.089,1
"UBE2Z","UBE2Z",0.000295597648130778,0.216064230201732,0.657,0.618,1
"SPDYE3","SPDYE3",0.00029593124423767,0.386498301945683,0.214,0.161,1
"DSCC1","DSCC1",0.000297866846408825,-1.34432932752432,0.016,0.037,1
"ACBD6","ACBD6",0.000298209534498127,-0.196507766857059,0.681,0.726,1
"PPFIBP2","PPFIBP2",0.000299290633823731,0.367096002380731,0.489,0.428,1
"PLXNC1","PLXNC1",0.0002997634452711,0.680825236591734,0.123,0.083,1
"ADGRF3","ADGRF3",0.000300823129377377,0.82095957299728,0.097,0.061,1
"ENSG00000266086","ENSG00000266086",0.000302816331186355,-0.490000542836726,0.155,0.205,1
"CRLS1","CRLS1",0.000303027906800768,-0.380118158875189,0.254,0.308,1
"FILIP1","FILIP1",0.000303292876166982,-0.631885015519085,0.066,0.103,1
"IL34","IL34",0.000303307916448016,-1.72085533341738,0.01,0.029,1
"APOD","APOD",0.000303388700157071,0.316444950149809,0.84,0.886,1
"GLRB","GLRB",0.000304291068408683,-0.849511557425634,0.065,0.101,1
"LRATD1","LRATD1",0.00030591003024236,1.9539474254624,0.019,0.005,1
"ZNF589","ZNF589",0.000306018952813719,-0.376839188827485,0.178,0.232,1
"ULK1","ULK1",0.000307893982674056,0.384211078693894,0.226,0.173,1
"USE1","USE1",0.000308537224368201,0.437594787666116,0.205,0.155,1
"RSBN1L","RSBN1L",0.000310189179657496,0.187218609293631,0.553,0.495,1
"SF3A1","SF3A1",0.000310584075824638,0.379151932755419,0.188,0.137,1
"ENSG00000268069","ENSG00000268069",0.00031168241001334,-1.10825776514071,0.031,0.058,1
"TIMM21","TIMM21",0.000312727503615078,0.724502275107021,0.133,0.092,1
"LINC00457","LINC00457",0.000313162199500438,0.861268048947648,0.079,0.047,1
"OGFR","OGFR",0.000314078016438281,0.413922040077752,0.167,0.12,1
"ENSG00000265451","ENSG00000265451",0.000314154682879998,1.37156328155643,0.03,0.011,1
"DAAM1","DAAM1",0.000315011350139396,0.251676926955726,0.381,0.315,1
"NAA50","NAA50",0.000315040083292548,0.270292340549183,0.392,0.327,1
"MEI4","MEI4",0.000315357340441305,-0.542823693654491,0.079,0.119,1
"FNDC3B","FNDC3B",0.000315491209169377,-0.385467637281299,0.226,0.282,1
"ENSG00000277726","ENSG00000277726",0.000315947272918624,-0.947428830632202,0.034,0.062,1
"ENSG00000261710","ENSG00000261710",0.000316603331100505,0.882426928429039,0.044,0.02,1
"MON1A","MON1A",0.000318179200254269,0.479284168746474,0.151,0.107,1
"LYG2","LYG2",0.000318807293771282,1.12298978683593,0.05,0.025,1
"CCNL1","CCNL1",0.000319536226817073,-0.329675712737473,0.405,0.459,1
"GFPT1","GFPT1",0.000319652174998913,0.225014979200054,0.466,0.401,1
"ELOVL2-AS1","ELOVL2-AS1",0.000321149284877276,-1.43347344783097,0.01,0.029,1
"ZNF207","ZNF207",0.000321900219104706,-0.205444816472616,0.71,0.75,1
"RASD2","RASD2",0.000322028122362672,0.823028020903847,0.062,0.034,1
"UTP3","UTP3",0.000322052399766837,0.539707529028687,0.158,0.113,1
"DRC10","DRC10",0.000322266140436807,0.558968614850066,0.093,0.058,1
"HEATR6","HEATR6",0.000323199426660676,-0.284896774734186,0.27,0.331,1
"CENPP","CENPP",0.000325226214715221,-0.265788507587811,0.411,0.471,1
"CD47","CD47",0.000326390773356491,-0.184630363855966,0.801,0.831,1
"LINC00548","LINC00548",0.000326511616445025,0.474936195161059,0.227,0.175,1
"AGBL4","AGBL4",0.000326794647320271,-0.829111221148602,0.111,0.153,1
"ZNF608","ZNF608",0.000327036245066547,-0.140017627630335,0.791,0.818,1
"CACNA1B","CACNA1B",0.000328207722412992,0.854389981763984,0.233,0.187,1
"ENSG00000246898","ENSG00000246898",0.000329086552932518,-1.20208864574535,0.021,0.045,1
"PCBP1","PCBP1",0.000329202919381774,0.244531058539733,0.469,0.407,1
"LINC02128","LINC02128",0.00033062697317006,0.721577428485215,0.062,0.033,1
"GJC2","GJC2",0.000332795741829604,0.219760393850126,0.604,0.565,1
"NFIA","NFIA",0.000333030659633728,0.147345997147435,0.884,0.863,1
"CCDC88B","CCDC88B",0.000333606085918383,1.23565815894398,0.045,0.022,1
"NAP1L2","NAP1L2",0.000333801414573978,0.487387037812124,0.13,0.088,1
"TMEM161A","TMEM161A",0.000333837281242562,0.331067970305778,0.16,0.112,1
"LOC102724768","LOC102724768",0.000335945289856117,0.5242644111006,0.194,0.146,1
"SDCBP","SDCBP",0.000337128209299458,0.323495553689565,0.35,0.291,1
"GDE1","GDE1",0.00033731934811821,0.338397131263286,0.283,0.226,1
"CTNND1","CTNND1",0.000337971131174564,-0.351766618749952,0.263,0.32,1
"SMC6","SMC6",0.000338129789178037,-0.257901526705115,0.43,0.487,1
"PKIB","PKIB",0.000340040574450483,-0.846119705651787,0.064,0.099,1
"POU3F2","POU3F2",0.000342287617114193,0.329900440445031,0.353,0.292,1
"DGCR2","DGCR2",0.000346030445922016,0.307202663991279,0.493,0.434,1
"ITGAV","ITGAV",0.000346073735162414,0.139393077949405,0.849,0.821,1
"ENSG00000259692","ENSG00000259692",0.000346500808339123,-1.0798071521901,0.026,0.052,1
"XAGE5","XAGE5",0.00034802022413362,2.7081493376876,0.012,0.001,1
"PSPC1","PSPC1",0.000348023872646798,-0.15120051572018,0.771,0.799,1
"DHTKD1","DHTKD1",0.000348699131472194,-0.263734891629642,0.352,0.414,1
"IL12RB2","IL12RB2",0.000350752984965356,1.08170648283739,0.039,0.018,1
"MYO9A","MYO9A",0.000350833922811267,-0.151523219893158,0.846,0.85,1
"GSTO2","GSTO2",0.000351627522679671,-0.44076737245488,0.131,0.18,1
"IDI1","IDI1",0.000352802543096931,0.325327843220389,0.379,0.324,1
"CSTPP1","CSTPP1",0.000353146262106251,-0.173525253967532,0.452,0.518,1
"ARHGAP35","ARHGAP35",0.000354446056892438,0.157157175210712,0.733,0.684,1
"SOX5","SOX5",0.000355292960404766,0.711952432774089,0.167,0.122,1
"ZNF611","ZNF611",0.000356154905660617,0.316263697118087,0.381,0.324,1
"SLC4A7","SLC4A7",0.000356307136074174,-0.372539928828497,0.195,0.248,1
"NTAN1","NTAN1",0.000356807311376052,0.392374284791597,0.155,0.11,1
"BACH2","BACH2",0.000357901178220762,0.17690449615986,0.817,0.764,1
"DLAT","DLAT",0.000357910295089282,0.390859380693036,0.207,0.156,1
"PPP1R9A-AS1","PPP1R9A-AS1",0.000357952230741761,0.615126221286087,0.1,0.064,1
"ZNF311","ZNF311",0.000358729241871394,-0.811866781085808,0.024,0.049,1
"E2F5","E2F5",0.000359194991534027,0.783584317128007,0.057,0.03,1
"ENSG00000223653","ENSG00000223653",0.000359428074376817,-0.834594746679236,0.057,0.09,1
"SLC5A6","SLC5A6",0.00036122672765414,0.633951267970467,0.088,0.054,1
"TTL","TTL",0.000361306907688003,-0.293450036738696,0.267,0.33,1
"TMED1","TMED1",0.000361309090967807,0.381046599022588,0.116,0.076,1
"NEMP2-DT","NEMP2-DT",0.000361397566904042,-0.310238876898729,0.323,0.374,1
"ADCY8","ADCY8",0.000361640031995041,1.4264307304402,0.024,0.008,1
"ENSG00000233895","ENSG00000233895",0.000361655756851871,-0.27641539870308,0.405,0.461,1
"LOC105377134","LOC105377134",0.000362582509061845,0.25247872800021,0.37,0.306,1
"C1orf226","C1orf226",0.00036301896730357,0.467165743137263,0.079,0.046,1
"TOM1","TOM1",0.000365010172156119,0.301840115473262,0.31,0.25,1
"REXO2","REXO2",0.000367445009139148,0.566912968576909,0.171,0.127,1
"PKM","PKM",0.000368350893431854,0.289098352745125,0.497,0.437,1
"MGAM","MGAM",0.000370189243314158,0.754575121964443,0.06,0.033,1
"AP2M1","AP2M1",0.00037075156091681,0.239206598313612,0.509,0.447,1
"EXOSC10","EXOSC10",0.000370989146067436,-0.332439567258186,0.234,0.288,1
"ZNF124","ZNF124",0.000371103430098532,0.377762466727365,0.185,0.135,1
"ENSG00000229017","ENSG00000229017",0.000371289043440492,-0.88995001736206,0.056,0.09,1
"MMP24OS","MMP24OS",0.00037165335459418,0.344489590402902,0.305,0.248,1
"LZTS2","LZTS2",0.000372544101547393,0.18939047164546,0.593,0.522,1
"RBM12B","RBM12B",0.000374368530631217,0.294393952657614,0.415,0.353,1
"ASB14","ASB14",0.000376354508889104,0.604311687936593,0.083,0.05,1
"ENSG00000256234","ENSG00000256234",0.000376392268957476,1.0007230125258,0.035,0.014,1
"HSDL2","HSDL2",0.000376471926230429,-0.335058343357674,0.381,0.437,1
"TMEM161B","TMEM161B",0.000376555852746649,-0.266522160502767,0.368,0.429,1
"MET","MET",0.000376619701005158,1.00903866170161,0.03,0.012,1
"ERCC6L2","ERCC6L2",0.000378355448773296,-0.158494825816455,0.701,0.739,1
"ENSG00000267801","ENSG00000267801",0.000378416594360273,2.2028411762433,0.015,0.003,1
"H3C6","H3C6",0.000378580613171373,1.1156619079863,0.04,0.018,1
"ENSG00000267782","ENSG00000267782",0.000378912502887656,1.20623031887554,0.024,0.008,1
"LINC00517","LINC00517",0.000379194232037784,2.38868464129657,0.015,0.003,1
"LINC00310","LINC00310",0.000379583610759128,2.31787419142549,0.015,0.003,1
"ENSG00000275857","ENSG00000275857",0.00038036348961678,2.07184860758815,0.015,0.003,1
"TENM1","TENM1",0.000381161849154174,0.461985721248007,0.144,0.101,1
"CIB2","CIB2",0.00038121021318123,1.51872497305886,0.021,0.006,1
"THAP1","THAP1",0.000381238563426618,0.634786222487147,0.097,0.061,1
"AGO4","AGO4",0.000381251332058578,-0.329295563062864,0.33,0.387,1
"PELO-AS1","PELO-AS1",0.000381638263915357,-2.46464477124402,0.002,0.014,1
"CISD2","CISD2",0.000381770814902208,0.309329754357182,0.291,0.235,1
"KIF2A","KIF2A",0.000384200068967341,-0.147730520307488,0.713,0.75,1
"SKI","SKI",0.000384277639769385,0.28459980163797,0.356,0.293,1
"INTS6L","INTS6L",0.000384659939518329,-0.576270672619961,0.169,0.215,1
"STARD6","STARD6",0.000384690440834749,-1.50984117216084,0.009,0.026,1
"ENSG00000255311","ENSG00000255311",0.000388781728030029,0.289408649418623,0.332,0.267,1
"ADCY10","ADCY10",0.000388996558638679,1.09249423724865,0.062,0.035,1
"ENSG00000234915","ENSG00000234915",0.000389054773157225,0.382460858044396,0.152,0.107,1
"HIP1R","HIP1R",0.000389895600556085,-0.202213340366624,0.789,0.82,1
"TK2","TK2",0.000390071528163801,-0.408623839964266,0.122,0.169,1
"ENSG00000284966","ENSG00000284966",0.000390911798171922,0.653871948945451,0.151,0.108,1
"RANBP10","RANBP10",0.00039219903546336,-0.53953231680432,0.187,0.235,1
"C17orf114","C17orf114",0.000394137726497716,-1.03978352958622,0.018,0.04,1
"ENSG00000285329","ENSG00000285329",0.000394696286204984,-0.312148986079105,0.203,0.259,1
"CHID1","CHID1",0.000394929894623576,0.431758185798245,0.208,0.158,1
"SRSF11","SRSF11",0.000395746257049779,-0.142662933795301,0.843,0.871,1
"ZNF541","ZNF541",0.000396942573051737,-1.34311830937997,0.006,0.022,1
"ERMARD","ERMARD",0.000397486340039436,-0.357171104026037,0.223,0.277,1
"LSM2","LSM2",0.000397609025954299,0.29605449412963,0.24,0.184,1
"FREM1","FREM1",0.000398795828458603,-0.374126111208395,0.175,0.225,1
"TNRC18","TNRC18",0.000399075059413264,-0.317247576454509,0.341,0.397,1
"ENSG00000270344","ENSG00000270344",0.000400213908214407,-0.390983581780915,0.245,0.297,1
"ENSG00000255325","ENSG00000255325",0.000401478085571387,1.13209230629732,0.05,0.025,1
"RICTOR","RICTOR",0.000401637462712531,-0.135717357085676,0.916,0.914,1
"NDST1","NDST1",0.000402015920772242,0.269196426613491,0.701,0.674,1
"ENSG00000126952","ENSG00000126952",0.000402927418804406,-1.2659089180167,0.024,0.048,1
"RNF6","RNF6",0.000404662741767908,0.436012768347974,0.183,0.137,1
"SRPRB","SRPRB",0.000405244655341407,-0.518975979152456,0.23,0.277,1
"DNAI4","DNAI4",0.000405863259654269,-0.383896876820006,0.164,0.214,1
"GCDH","GCDH",0.000406132782753586,0.296809291931389,0.324,0.262,1
"MDC1","MDC1",0.000406613233361175,-0.552809015743115,0.129,0.173,1
"ANKRD20A8P","ANKRD20A8P",0.000408469119443325,-2.43881361613246,0.003,0.015,1
"UQCR10","UQCR10",0.000410029200091572,0.30646298413675,0.415,0.361,1
"ZNF462","ZNF462",0.000410242635462342,-0.16263319162221,0.786,0.795,1
"LOC389831","LOC389831",0.000413399452790647,-0.749509918289247,0.058,0.092,1
"ZNF496","ZNF496",0.000414092433924314,-0.477068577430091,0.11,0.154,1
"WASHC5","WASHC5",0.000415397990724725,-0.157731999999514,0.604,0.652,1
"ENSG00000227014","ENSG00000227014",0.000416057686684055,-0.43893172578287,0.153,0.202,1
"HLCS-AS1","HLCS-AS1",0.000417147938281848,1.69301958507885,0.023,0.007,1
"RSRC2","RSRC2",0.000417207687967498,0.217422933151401,0.501,0.454,1
"UBE2Q1","UBE2Q1",0.000417503935968848,0.413463910693606,0.202,0.152,1
"ZC3H13","ZC3H13",0.000420811646743102,0.159751195236378,0.78,0.735,1
"CLN6","CLN6",0.000421181498136069,0.454973052165221,0.13,0.089,1
"GOLGB1","GOLGB1",0.000423952007265344,-0.170619087356004,0.688,0.724,1
"TPD52L2","TPD52L2",0.000425351310164115,-0.334636147366742,0.333,0.391,1
"API5","API5",0.000425456641348748,-0.278913425653633,0.37,0.428,1
"ZNF561","ZNF561",0.000425579725037303,0.509005883856103,0.155,0.11,1
"VAPB","VAPB",0.000427252731004852,0.290646575868882,0.535,0.483,1
"CDC14B","CDC14B",0.000429718249045703,-0.153585304782692,0.903,0.93,1
"REP15","REP15",0.000432195688658195,1.26950925399547,0.023,0.007,1
"ZGRF1","ZGRF1",0.000433204524354972,-0.497865003060767,0.174,0.224,1
"DTNB","DTNB",0.0004344351498484,-0.128738713395027,0.951,0.956,1
"JUN","JUN",0.000436291572211966,0.48380336949577,0.182,0.135,1
"SIPA1","SIPA1",0.00043636935571179,0.895460165536737,0.052,0.027,1
"IRAK1BP1","IRAK1BP1",0.000436914096694265,0.223518294977439,0.424,0.359,1
"C21orf91","C21orf91",0.000437138689565819,-0.286176388115735,0.571,0.618,1
"MMD2","MMD2",0.000438192777191115,-0.351921113409404,0.366,0.414,1
"GOT2","GOT2",0.000438736104498284,0.344486009782856,0.317,0.265,1
"C19orf25","C19orf25",0.000440346423195119,0.336850879282446,0.348,0.292,1
"ENSG00000236166","ENSG00000236166",0.000441503661916512,-1.81381618520668,0.004,0.018,1
"NUDC","NUDC",0.000441676758119814,0.329767651975803,0.384,0.325,1
"FLAD1","FLAD1",0.000441886951207334,0.398211170709513,0.171,0.124,1
"DDX50","DDX50",0.000442036235672367,-0.355017097930459,0.287,0.344,1
"SMARCC2","SMARCC2",0.000444089622509625,0.330741579609275,0.386,0.327,1
"RABGGTA","RABGGTA",0.000444142918708796,0.79401283357581,0.066,0.038,1
"SHFL","SHFL",0.000445686430138869,0.516268919209721,0.145,0.103,1
"BDP1","BDP1",0.00044633317582691,-0.170398021949841,0.701,0.733,1
"PTPRA","PTPRA",0.00044761627527757,-0.131064077811633,0.865,0.88,1
"ENSG00000259560","ENSG00000259560",0.000452202293399502,1.21422304329046,0.039,0.018,1
"ENSG00000214265","ENSG00000214265",0.00045252005982777,0.147823706693919,0.822,0.778,1
"YIPF4","YIPF4",0.000453365424154864,-0.190222663932377,0.531,0.582,1
"SPTBN4","SPTBN4",0.000453426023922719,-0.296101266606738,0.197,0.25,1
"RWDD2B","RWDD2B",0.000454425015808895,-1.09724422511857,0.021,0.044,1
"FAM174A","FAM174A",0.0004558989657021,-0.46063118513562,0.154,0.203,1
"ENSG00000221990","ENSG00000221990",0.000461562390267644,-0.8041904102045,0.038,0.067,1
"ARPP19","ARPP19",0.000462141793816605,0.227786196271781,0.652,0.621,1
"YWHAQ","YWHAQ",0.000462216070603016,-0.173898135231897,0.692,0.741,1
"PBX3","PBX3",0.000463561290298052,-0.168089255225518,0.915,0.912,1
"STXBP5","STXBP5",0.000464863426896429,0.134265769799372,0.809,0.763,1
"ZBED5-AS1","ZBED5-AS1",0.000465361018528022,-0.601521938051822,0.137,0.182,1
"SERBP1","SERBP1",0.000467010131958131,0.308133352141881,0.422,0.365,1
"ENSG00000254860","ENSG00000254860",0.000467354480790921,-0.385752664093088,0.297,0.347,1
"DBF4B","DBF4B",0.000469427349729158,-0.232141764933235,0.334,0.389,1
"ENSG00000253394","ENSG00000253394",0.000470241273985454,0.609240370216245,0.109,0.073,1
"ENSG00000234584","ENSG00000234584",0.000471354944246093,1.31493698236584,0.027,0.01,1
"ENSG00000247765","ENSG00000247765",0.00047174157585152,0.804565281054789,0.052,0.027,1
"ENSG00000263146","ENSG00000263146",0.000473981732008634,-0.458568764087177,0.282,0.327,1
"MDM2","MDM2",0.000475544259722402,-0.264571749383692,0.553,0.588,1
"RNPEPL1","RNPEPL1",0.000475562384524301,0.275563232778279,0.267,0.209,1
"MED31","MED31",0.000478612168170211,0.445544950810308,0.16,0.116,1
"ENO1","ENO1",0.000480894572085987,0.249584032578757,0.392,0.335,1
"FNDC10","FNDC10",0.000481068344874591,-0.482692255996532,0.064,0.1,1
"DDX49","DDX49",0.00048143523903299,0.260523419276158,0.211,0.158,1
"PIGL","PIGL",0.000483247757913396,-0.245057072071417,0.404,0.468,1
"MCRIP2","MCRIP2",0.000483369104270435,0.376326516642796,0.09,0.056,1
"FAM227A","FAM227A",0.000483701712371493,0.774506321461363,0.079,0.048,1
"PHF14","PHF14",0.000485341068830481,0.138124549905554,0.851,0.848,1
"TUFM","TUFM",0.000485366831282173,0.27835184512869,0.402,0.339,1
"ENSG00000272933","ENSG00000272933",0.000485436166345489,1.24421661596402,0.036,0.016,1
"LINC02987","LINC02987",0.000486716140908687,-0.583337134058919,0.179,0.225,1
"ENSG00000266947","ENSG00000266947",0.000487469281069639,-0.763689564868725,0.05,0.082,1
"RAB11FIP3","RAB11FIP3",0.000488045524793088,-0.221152447241821,0.446,0.499,1
"NAF1","NAF1",0.000488765699055026,-0.330318399238392,0.228,0.284,1
"LINC01416","LINC01416",0.000489813175723365,-0.961982125379257,0.028,0.054,1
"ENSG00000236209","ENSG00000236209",0.000490328067147202,-1.4654989824434,0.008,0.024,1
"FHDC1","FHDC1",0.000492413312839493,0.671323562856249,0.066,0.038,1
"CDK6","CDK6",0.00049450367911659,0.229742635498514,0.754,0.71,1
"ENSG00000231201","ENSG00000231201",0.000495835477547187,1.70254332157761,0.021,0.007,1
"TNFAIP8","TNFAIP8",0.000496529184622832,-0.562907766458331,0.098,0.139,1
"ENSG00000167807","ENSG00000167807",0.000497011060787587,1.62481641491026,0.021,0.007,1
"PGRMC2","PGRMC2",0.00049770247741323,0.292836309301745,0.355,0.293,1
"SLC45A1","SLC45A1",0.000499525957804736,0.559854705722447,0.133,0.093,1
"ZNF771","ZNF771",0.000499550817596801,0.43223265326018,0.19,0.142,1
"SLC38A9","SLC38A9",0.000500802275910423,-0.253012597934545,0.563,0.608,1
"TNFRSF14","TNFRSF14",0.000500948467627581,1.35845746223693,0.021,0.007,1
"CHTF8","CHTF8",0.000503686665679806,0.439185715757332,0.198,0.15,1
"CNMD","CNMD",0.000504937633389314,0.958433072900749,0.06,0.033,1
"PIAS2","PIAS2",0.00050649827989753,-0.214029086172372,0.641,0.669,1
"ENSG00000255872","ENSG00000255872",0.00050783307322288,-0.311821686627033,0.281,0.339,1
"EEF1A1","EEF1A1",0.000508886334015367,0.344243517313408,0.7,0.722,1
"PTP4A2","PTP4A2",0.000513154933489295,0.309150881975764,0.42,0.364,1
"CALM1","CALM1",0.000514112391016613,0.174768003860525,0.907,0.91,1
"PLA2G4C-AS1","PLA2G4C-AS1",0.000519376923590314,1.81187529278705,0.023,0.008,1
"IFT25","IFT25",0.000519449808863572,-0.400632976040673,0.29,0.342,1
"PPM1M","PPM1M",0.000525241919578973,1.53830047019816,0.03,0.012,1
"TIAM1","TIAM1",0.000525479477023692,0.257876420613894,0.358,0.297,1
"LINC00276","LINC00276",0.000525607750901168,1.27821956368745,0.058,0.032,1
"DNAI7","DNAI7",0.00052591783566932,-1.18816401014446,0.015,0.035,1
"ENSG00000276166","ENSG00000276166",0.000525981135383973,1.6186476267779,0.023,0.008,1
"RUBCNL","RUBCNL",0.000528851081520666,-0.441801330582541,0.113,0.156,1
"USP25","USP25",0.000532865954017177,-0.271321178203828,0.418,0.475,1
"MPHOSPH9","MPHOSPH9",0.000533244741101143,-0.255658543463691,0.39,0.45,1
"DIAPH3","DIAPH3",0.000533355775708715,0.82734747986388,0.057,0.031,1
"HS3ST5","HS3ST5",0.000535914034084113,-0.198892189520379,0.894,0.897,1
"ENSG00000258844","ENSG00000258844",0.000536639811429348,-0.160243934686211,0.721,0.774,1
"SYCE2","SYCE2",0.000538600173341851,0.684352746966212,0.084,0.052,1
"RALGAPA1","RALGAPA1",0.000541858697612379,-0.12135573296496,0.938,0.949,1
"SLC23A2","SLC23A2",0.00054236703339454,0.179037591592339,0.812,0.773,1
"MOV10L1","MOV10L1",0.000543020696157814,0.619355327571316,0.074,0.044,1
"ANTKMT","ANTKMT",0.000544524633493953,0.262849873971987,0.254,0.198,1
"NOL12","NOL12",0.000544557684818835,2.11112243893154,0.017,0.004,1
"MED9","MED9",0.000544587471237307,0.483247681552888,0.177,0.131,1
"CSMD2","CSMD2",0.00054529329233711,-0.636254438337823,0.039,0.067,1
"TXNDC12","TXNDC12",0.000547539008438013,0.29658863097444,0.215,0.164,1
"PARD3B","PARD3B",0.000548768913941731,-0.186480427367887,0.798,0.812,1
"FAM222A","FAM222A",0.000553695568230814,0.166382668611748,0.735,0.693,1
"ABHD2","ABHD2",0.000554076786587156,-0.302674848029127,0.303,0.361,1
"STAMBP","STAMBP",0.000554235539286443,-0.245599921809308,0.581,0.618,1
"DNHD1","DNHD1",0.000556602539469705,0.248395095589067,0.507,0.446,1
"LRRC8C-DT","LRRC8C-DT",0.000559972698672034,-0.364347467178839,0.332,0.385,1
"UBE2I","UBE2I",0.000564744831715571,0.269196277461031,0.36,0.302,1
"NOP56","NOP56",0.000566119506111451,0.368804854534559,0.284,0.23,1
"ZNF44","ZNF44",0.000569891794837374,-0.271431736135546,0.359,0.418,1
"SLC38A4-AS1","SLC38A4-AS1",0.000570133678342096,-0.432687359491785,0.213,0.263,1
"LINC02112","LINC02112",0.000573245245259306,0.438370793250206,0.078,0.047,1
"XIAP","XIAP",0.000574542456132575,-0.226719226939005,0.512,0.558,1
"RCN2","RCN2",0.000574619459156249,-0.352735121229743,0.343,0.396,1
"SLU7","SLU7",0.00057521481015606,0.327100925167147,0.232,0.177,1
"GIPC2","GIPC2",0.000576213673326235,0.229254963860728,0.311,0.25,1
"ENSG00000236501","ENSG00000236501",0.000577490051201915,-1.42610766786159,0.015,0.034,1
"PNMA8C","PNMA8C",0.00057877944720834,0.584571285736323,0.086,0.054,1
"RAB11FIP2","RAB11FIP2",0.000579324098693835,0.197169930619195,0.622,0.568,1
"IREB2","IREB2",0.000580160314085059,-0.231571170902349,0.4,0.456,1
"SEMA4A","SEMA4A",0.000580287020393871,-1.65284119288029,0.009,0.025,1
"KIF19","KIF19",0.000582420928163378,-1.5338539884855,0.006,0.021,1
"NPC1","NPC1",0.000583743721952257,0.136520137819713,0.878,0.846,1
"CANX","CANX",0.000583987858399589,0.174016724659545,0.699,0.663,1
"LOC102723996","LOC102723996",0.000584395979736097,1.63061923344802,0.02,0.006,1
"PER1","PER1",0.00058452982006831,0.552791599297774,0.214,0.166,1
"JAK1","JAK1",0.000584659885290003,0.238602326882599,0.453,0.393,1
"LINC00877","LINC00877",0.000585493720290358,-0.227384768478547,0.507,0.565,1
"CCDC120","CCDC120",0.000585612343657262,-1.85732453978197,0.006,0.021,1
"HSD3B7","HSD3B7",0.000585861932883669,0.441216168332375,0.091,0.058,1
"ZNF644","ZNF644",0.000592393245786684,-0.14086086272962,0.876,0.895,1
"ILRUN-AS1","ILRUN-AS1",0.000594267892834859,0.575075161228469,0.112,0.075,1
"ADAM9","ADAM9",0.000594353807346591,0.350417132658693,0.335,0.285,1
"ENSG00000226179","ENSG00000226179",0.000596195803262631,0.338630732533197,0.383,0.33,1
"TCAP","TCAP",0.000596317412321519,0.718654938563066,0.057,0.031,1
"SYNAGE","SYNAGE",0.000596619184018566,1.14568801037759,0.04,0.019,1
"LOC100507053","LOC100507053",0.000600388766443687,-0.542252687909071,0.084,0.123,1
"NDUFAF4","NDUFAF4",0.00060210912983254,0.483525858099272,0.129,0.089,1
"ZNF770","ZNF770",0.000603745638973683,0.329037875320009,0.245,0.193,1
"NUP133","NUP133",0.000605035545199015,-0.261055106964595,0.445,0.501,1
"LCTL","LCTL",0.000605379333848452,0.548527883086392,0.081,0.05,1
"PRSS51","PRSS51",0.000606997683076497,0.997958042023761,0.053,0.029,1
"NECTIN2","NECTIN2",0.000613213513216275,0.815039187974612,0.042,0.02,1
"NDUFB2-AS1","NDUFB2-AS1",0.000617363137851491,-0.96621645225046,0.011,0.029,1
"POP7","POP7",0.000617455693461825,0.437823724352437,0.115,0.077,1
"SHANK3","SHANK3",0.00062147166156358,-0.214431914492189,0.543,0.593,1
"SNN","SNN",0.000626322836898858,0.491199531229822,0.088,0.055,1
"ENSG00000273217","ENSG00000273217",0.000626403046525834,0.991657279516866,0.035,0.015,1
"ENSG00000281021","ENSG00000281021",0.000628321188351583,1.13790759906195,0.037,0.017,1
"LETMD1","LETMD1",0.000628600790837334,-0.369290074042017,0.274,0.325,1
"SH3BP5L","SH3BP5L",0.000628965100237041,0.52647171957382,0.159,0.116,1
"SELENOF","SELENOF",0.000631834335628804,-0.247388331505377,0.4,0.461,1
"ENSG00000259103","ENSG00000259103",0.000633954950895889,0.427450630827392,0.118,0.081,1
"SNRK","SNRK",0.000635477909163014,-0.502395029670372,0.148,0.193,1
"RND2","RND2",0.000636294917766402,0.439462722225763,0.218,0.168,1
"CASP7","CASP7",0.000637123238552403,2.20555366193073,0.014,0.003,1
"SPMIP10","SPMIP10",0.000637488588818787,2.49992776126059,0.012,0.002,1
"GLG1","GLG1",0.000638483149387841,-0.131012683968362,0.832,0.846,1
"MRPL45P2","MRPL45P2",0.000640860386293677,1.23144737539082,0.044,0.022,1
"PUS7","PUS7",0.000641233568383258,0.299151980516621,0.323,0.267,1
"GTSE1-DT","GTSE1-DT",0.000641634044296741,2.37637336813121,0.012,0.002,1
"PRKCZ","PRKCZ",0.00064225136308803,0.190917151318233,0.681,0.636,1
"ENSG00000261976","ENSG00000261976",0.000643716161698649,2.2417498770153,0.012,0.002,1
"LTAP1","LTAP1",0.00064422721182957,0.262563566283802,0.505,0.465,1
"ZNF326","ZNF326",0.000644327261860845,-0.245020125911153,0.431,0.482,1
"BTG4","BTG4",0.000644913017750057,-1.51866109669312,0.006,0.02,1
"KIAA1958","KIAA1958",0.000646787254952074,0.150395187018756,0.851,0.805,1
"NEURL1B","NEURL1B",0.000646858518414824,-0.77537233355876,0.017,0.038,1
"IDH3B","IDH3B",0.000647872160616009,0.39882171391883,0.158,0.115,1
"CHRNA4","CHRNA4",0.000648102970052265,-0.750921591748809,0.108,0.146,1
"NTM-AS3","NTM-AS3",0.000649478775479698,0.910256790025648,0.064,0.037,1
"TSHZ1","TSHZ1",0.000650801727535249,0.453901697573911,0.282,0.233,1
"ENSG00000244701","ENSG00000244701",0.000650966029739722,0.420550857910911,0.321,0.271,1
"SERGEF","SERGEF",0.00065299762618998,0.217909032980332,0.46,0.396,1
"ARAP1","ARAP1",0.000653079477294557,0.2356731884585,0.306,0.248,1
"KYAT1","KYAT1",0.000653200635833901,0.456839110414967,0.238,0.187,1
"DHRS1","DHRS1",0.000655320918326575,-0.49285487460654,0.131,0.173,1
"HEATR3","HEATR3",0.000656617912530681,-0.368464540381633,0.171,0.221,1
"C9orf40","C9orf40",0.00065668442964636,0.533546163544165,0.12,0.082,1
"LINC01558","LINC01558",0.000657085050629882,-0.695416771445079,0.07,0.104,1
"WDR6","WDR6",0.000657642147544428,0.21775685213688,0.389,0.327,1
"COQ7-DT","COQ7-DT",0.00065828260460157,0.981773301226062,0.04,0.019,1
"SPDYA","SPDYA",0.000658539400423378,0.794791954015103,0.07,0.042,1
"UCN","UCN",0.000658718878237318,0.524566739924616,0.102,0.067,1
"ABL2","ABL2",0.000659993811698873,-0.193870776047556,0.545,0.594,1
"SZRD1","SZRD1",0.000661217509815834,0.243062382785988,0.314,0.256,1
"FAM177A1","FAM177A1",0.000661249457774994,-0.226902500994201,0.537,0.59,1
"ENSG00000274441","ENSG00000274441",0.00066175203251846,-0.94467471356977,0.028,0.052,1
"PSMB9","PSMB9",0.000664610481440552,0.566821063897456,0.099,0.065,1
"ENSG00000277144","ENSG00000277144",0.000664694498154823,-2.34591845919343,0.003,0.016,1
"THAP7-AS1","THAP7-AS1",0.000669752565260965,-0.75449659265079,0.035,0.062,1
"PHACTR2","PHACTR2",0.000671755425972309,-0.378845986652395,0.191,0.243,1
"ZGLP1","ZGLP1",0.000672408308233705,1.33841934985484,0.024,0.008,1
"ENSG00000196741","ENSG00000196741",0.000672643116113145,1.05283791392253,0.041,0.02,1
"DENND4A","DENND4A",0.000674128025152674,-0.127482016761576,0.806,0.827,1
"POT1-AS1","POT1-AS1",0.000674683063911109,-0.250541446363188,0.518,0.558,1
"CNPY3","CNPY3",0.000674820093029602,0.383668715120611,0.202,0.153,1
"USP28","USP28",0.000676201740492207,0.328023014289927,0.321,0.268,1
"MRPS15","MRPS15",0.000676398560037091,0.500686097993612,0.153,0.111,1
"STAG1","STAG1",0.000682348594780688,0.203704703109431,0.822,0.786,1
"CAVIN4","CAVIN4",0.000682713261658127,-0.306050903079055,0.241,0.294,1
"MEIS1","MEIS1",0.000684192011367672,-0.140560496183742,0.893,0.897,1
"RNF144A","RNF144A",0.000687166620804963,0.113436507274087,0.955,0.945,1
"CCNYL1","CCNYL1",0.000687239142212131,-0.372019961375768,0.293,0.342,1
"SENP7","SENP7",0.000690916087647764,-0.163720272917575,0.738,0.753,1
"KIAA0753","KIAA0753",0.000692184964666063,-0.57730156003415,0.117,0.159,1
"ENSG00000257303","ENSG00000257303",0.000692401212373947,-0.686078178506787,0.019,0.04,1
"CYTH1","CYTH1",0.000696955318178133,-0.124930187837754,0.849,0.856,1
"PLEKHA8","PLEKHA8",0.000696961688526733,0.225353653512813,0.344,0.282,1
"TPRG1L","TPRG1L",0.000701528129242616,0.342623656599297,0.172,0.125,1
"ODC1","ODC1",0.0007023653356375,-0.871911856953474,0.036,0.063,1
"TST","TST",0.000711286301994902,-0.511002069715577,0.095,0.135,1
"PDCD7","PDCD7",0.00071159942399653,-0.299244502394456,0.387,0.439,1
"SSPOP","SSPOP",0.000713701358165187,-0.518149869199614,0.106,0.148,1
"CFAP44","CFAP44",0.000714314710463005,0.333045339592701,0.242,0.191,1
"PM20D2","PM20D2",0.000715702849426938,-0.860544787421501,0.048,0.078,1
"DAP3","DAP3",0.000716145482778456,0.235316449042028,0.554,0.503,1
"CCNI2","CCNI2",0.000716721904007663,0.980372678887933,0.057,0.032,1
"MAGEH1","MAGEH1",0.000718193641374214,0.372544390143025,0.152,0.11,1
"RAPH1","RAPH1",0.000718256346466594,0.247834671628666,0.209,0.16,1
"ENSG00000272625","ENSG00000272625",0.000720399759110995,-1.86892947954719,0.008,0.023,1
"SHKBP1","SHKBP1",0.000722894883195255,0.508689837671108,0.143,0.102,1
"GNPDA1","GNPDA1",0.00072390398164589,0.371812063255446,0.176,0.129,1
"CDKAL1","CDKAL1",0.000725448900016733,-0.105780125384631,0.923,0.926,1
"FOXP4","FOXP4",0.000727787705510012,0.540497822820237,0.157,0.115,1
"UBE2E3","UBE2E3",0.000730082589291345,-0.186128682882195,0.67,0.708,1
"SNHG27","SNHG27",0.000735228414254333,-1.53958491516727,0.013,0.031,1
"TMEM160","TMEM160",0.000736683139861331,0.348986914136199,0.275,0.223,1
"CALCRL","CALCRL",0.000741249834126593,0.768169482210804,0.053,0.029,1
"ENSG00000230555","ENSG00000230555",0.000744827400975558,0.963313231236457,0.044,0.022,1
"SFT2D3","SFT2D3",0.000745320841589654,0.684893136780423,0.077,0.048,1
"METTL8","METTL8",0.000745321869516851,0.224643440998094,0.496,0.434,1
"CTSV","CTSV",0.000746647666860098,-0.983414646138307,0.035,0.061,1
"USP38","USP38",0.0007488001831227,0.347964071014768,0.351,0.299,1
"TRIM28","TRIM28",0.000748940345084742,0.284316564052555,0.332,0.276,1
"ENSG00000260923","ENSG00000260923",0.000749788621567716,0.459293087496002,0.201,0.154,1
"FAP","FAP",0.000753195611088796,1.11324343910707,0.047,0.024,1
"HACL2","HACL2",0.000754138022520327,0.357091754294394,0.267,0.214,1
"CARMIL3","CARMIL3",0.000754656337786721,0.898019210366836,0.047,0.024,1
"ENSG00000259521","ENSG00000259521",0.000756198203054978,1.08244289993264,0.033,0.014,1
"TUBA1B","TUBA1B",0.000756535671829879,-0.115918667945147,0.71,0.78,1
"RAB11B","RAB11B",0.000756842199178533,-0.214393455798834,0.527,0.586,1
"MIATNB","MIATNB",0.000757869474780553,-0.401800989361519,0.181,0.227,1
"TMX1","TMX1",0.000759869458510653,0.390589209909235,0.24,0.19,1
"BICD2","BICD2",0.000761093922968053,0.243105750207708,0.401,0.338,1
"SPINDOC","SPINDOC",0.000761135029641503,0.606099036986272,0.106,0.071,1
"FDPS","FDPS",0.000762169877494505,0.383582163442933,0.395,0.341,1
"PGPEP1","PGPEP1",0.000764924096930036,0.459366220664747,0.153,0.112,1
"C1QTNF4","C1QTNF4",0.000765285831992879,-0.751517497838962,0.029,0.054,1
"ZFP30","ZFP30",0.000765951287377434,-0.330255961406193,0.27,0.322,1
"INO80E","INO80E",0.000766888720502105,-0.40935876597971,0.207,0.254,1
"MAP3K3","MAP3K3",0.000774811166543032,-0.253557243690135,0.505,0.548,1
"NONO","NONO",0.00077569026097609,0.246103007893287,0.276,0.219,1
"CPSF6","CPSF6",0.00078024375266571,-0.183436963459209,0.699,0.738,1
"TADA2A","TADA2A",0.000780610114143709,-0.328819734140031,0.227,0.278,1
"LINC01340","LINC01340",0.000781362831639084,-1.16150050301958,0.03,0.054,1
"ENSG00000259595","ENSG00000259595",0.000784992355871619,0.646571775954292,0.104,0.07,1
"ENSG00000239828","ENSG00000239828",0.000786272180867584,0.221136126058023,0.292,0.234,1
"CCDC93","CCDC93",0.000786517619697542,0.239794257150666,0.501,0.439,1
"PDGFA","PDGFA",0.000788070081392045,-0.235161015699917,0.462,0.512,1
"DYNLRB2","DYNLRB2",0.000790704368014857,-1.41400648186517,0.015,0.033,1
"ROBO2","ROBO2",0.000791179342503495,-0.378784930555163,0.115,0.158,1
"PRDX6","PRDX6",0.000791861768349527,0.296057559299174,0.27,0.214,1
"SUPV3L1","SUPV3L1",0.000793122298085945,-0.307494220712477,0.182,0.233,1
"CEP250","CEP250",0.000794050117228569,0.539331445939225,0.131,0.093,1
"MATN1-AS1","MATN1-AS1",0.000795018655609619,-0.704018237104538,0.053,0.084,1
"ENSG00000251450","ENSG00000251450",0.000796558818693478,-0.652388339484443,0.068,0.102,1
"UQCC3","UQCC3",0.000797271146254971,0.368585012707724,0.144,0.103,1
"GDPD1","GDPD1",0.000800258248854566,0.292286181360905,0.264,0.21,1
"PIP4K2C","PIP4K2C",0.000802126243392956,0.403600962470595,0.162,0.118,1
"WBP2","WBP2",0.000803156306336314,0.181430289647921,0.677,0.645,1
"DARS2","DARS2",0.00080583576662025,0.719071376414957,0.075,0.046,1
"TSPAN33","TSPAN33",0.00080723568438717,1.00332048215106,0.044,0.022,1
"EPDR1","EPDR1",0.000808904765673764,0.345650652068684,0.24,0.19,1
"RAB3B","RAB3B",0.000809891769308274,1.33553090662933,0.021,0.007,1
"PARAIL","PARAIL",0.000810562058397811,0.195913114174993,0.604,0.561,1
"SARM1","SARM1",0.000813616232678268,-0.411033805364183,0.205,0.252,1
"CCER2","CCER2",0.000815330432613653,-1.01757239570831,0.028,0.052,1
"ENSG00000279762","ENSG00000279762",0.00081950664085711,-0.658543552942291,0.044,0.073,1
"GPATCH4","GPATCH4",0.000825673800324777,0.730247727626002,0.081,0.051,1
"PTRHD1","PTRHD1",0.00082869899629081,0.484856442991733,0.108,0.072,1
"DIS3L-AS1","DIS3L-AS1",0.000829616241603694,0.636250286725119,0.097,0.064,1
"CCDC112","CCDC112",0.000830959161945338,-0.193981670060561,0.423,0.481,1
"MIR4713HG","MIR4713HG",0.00083336258423075,0.760902292233968,0.036,0.016,1
"ZHX2","ZHX2",0.000834060235597408,0.217424306903013,0.819,0.766,1
"IDH2","IDH2",0.00083521650919667,-0.22412538848523,0.482,0.541,1
"ENSG00000275390","ENSG00000275390",0.000836600418771807,-1.00711431917729,0.013,0.031,1
"USP22","USP22",0.000837531841671346,0.19004490855411,0.619,0.567,1
"DICER1-AS1","DICER1-AS1",0.000838216137527268,-0.342485977310461,0.364,0.408,1
"LINC02226","LINC02226",0.000840524449802807,-0.377213176102032,0.247,0.299,1
"LOC105370921","LOC105370921",0.000845569218231307,-0.516177387983542,0.057,0.089,1
"TTLL5","TTLL5",0.000846727392887909,-0.138996130406966,0.921,0.928,1
"TMEM60","TMEM60",0.000848133542028756,0.514677761127963,0.102,0.067,1
"DUSP16","DUSP16",0.000854269479737425,0.207435928372739,0.644,0.589,1
"MAFF","MAFF",0.000862838139268609,1.12275680373307,0.046,0.024,1
"PPME1","PPME1",0.000863950284804793,-0.238191602980774,0.359,0.42,1
"HMX1","HMX1",0.000866585462363835,-2.45764938655014,0.001,0.011,1
"IGLL1","IGLL1",0.000866585462363835,-2.49720368350263,0.001,0.011,1
"ENSG00000227227","ENSG00000227227",0.000867856749007562,0.448591543109239,0.124,0.086,1
"CUZD1","CUZD1",0.0008704743585432,0.815123413025639,0.051,0.027,1
"ARAF","ARAF",0.000872683327360733,0.612798803263385,0.12,0.083,1
"SLC26A2","SLC26A2",0.000874444639281197,0.572070681261789,0.115,0.079,1
"SPRYD7","SPRYD7",0.000875351802544259,0.307977460575381,0.276,0.22,1
"LENG1","LENG1",0.000875440465659174,0.472661447303652,0.117,0.08,1
"LTO1","LTO1",0.000875473665243771,0.277422074988264,0.407,0.354,1
"KAT7","KAT7",0.000877217035552161,0.208200985714098,0.317,0.26,1
"HBA2","HBA2",0.000878210677759004,-1.75811847231469,0.001,0.011,1
"WDR43","WDR43",0.000879226375458394,-0.217470413405829,0.258,0.312,1
"AK4","AK4",0.000879388492951056,0.409600873071881,0.215,0.166,1
"GSTT2B","GSTT2B",0.000882411153021449,0.699072714995536,0.07,0.042,1
"MIR193BHG","MIR193BHG",0.000884450912494256,0.328317841568004,0.169,0.125,1
"PDXK","PDXK",0.000886654518204317,0.397254396203646,0.256,0.206,1
"ZDHHC2","ZDHHC2",0.000887448676649291,0.158646825143945,0.56,0.497,1
"AATF","AATF",0.000887727311892887,-0.290290604045881,0.442,0.488,1
"FMR1","FMR1",0.000892287975716986,-0.306921611662521,0.318,0.37,1
"ZNF20","ZNF20",0.000893330688364621,0.812043667514946,0.045,0.023,1
"CMSS1","CMSS1",0.000893876690319345,-0.192580165274009,0.547,0.597,1
"LINC01572","LINC01572",0.000901802639398515,-0.353017606032748,0.306,0.356,1
"GATAD1","GATAD1",0.000904324088940602,-0.177017592342654,0.598,0.643,1
"CEP152","CEP152",0.000910925101678468,0.502966917280793,0.12,0.084,1
"TRIM59","TRIM59",0.000912296380742667,-0.647765032459001,0.149,0.191,1
"NOS1AP","NOS1AP",0.000913909261658117,0.160730526309176,0.713,0.654,1
"ZDHHC5","ZDHHC5",0.000916798122219632,0.399462307197082,0.249,0.199,1
"KLRK1-AS1","KLRK1-AS1",0.000920695786819507,1.3525205272268,0.035,0.016,1
"TSC1","TSC1",0.000921236361260106,-0.227916198055281,0.486,0.546,1
"EPC2","EPC2",0.000921898367296232,0.190506535246586,0.687,0.631,1
"LAYN","LAYN",0.000922980100289699,-0.554391337161611,0.064,0.097,1
"GOLGA8A","GOLGA8A",0.000927101436591337,-0.337580808554979,0.344,0.389,1
"MCM4","MCM4",0.000928128806419273,-0.741717479579486,0.036,0.062,1
"CLDN9","CLDN9",0.000929851429994185,0.744330923819741,0.096,0.063,1
"ZDHHC13","ZDHHC13",0.000930399014633484,0.394127021107391,0.188,0.142,1
"MTX1","MTX1",0.000931355295264496,0.457495908804754,0.138,0.098,1
"MDH1B","MDH1B",0.000934105744982865,-1.75344619306992,0.008,0.024,1
"TOGARAM1","TOGARAM1",0.000934150886882584,-0.202216507580947,0.697,0.735,1
"GFAP","GFAP",0.000938313255331694,-0.248091779900586,0.168,0.216,1
"SDF2L1","SDF2L1",0.000939134551057025,0.365590025055231,0.136,0.095,1
"MPDU1-AS1","MPDU1-AS1",0.000940617481381315,1.00982926984044,0.046,0.024,1
"ASH2L","ASH2L",0.000944677054239624,-0.435003241440103,0.167,0.212,1
"PPP1R10","PPP1R10",0.000948701407537938,0.212043062875676,0.435,0.38,1
"H1-2","H1-2",0.000950963119858465,0.650141726975296,0.034,0.015,1
"ZNF81","ZNF81",0.000953205137349594,0.303499699830641,0.384,0.334,1
"STX3","STX3",0.000957272926092051,0.532313010472219,0.238,0.193,1
"DEDD","DEDD",0.00095895828217329,0.408226205839334,0.132,0.093,1
"MRTO4","MRTO4",0.000961390793235568,-0.594627427661273,0.068,0.101,1
"MRPS33","MRPS33",0.000962271598125384,0.403690202106908,0.236,0.185,1
"ENSG00000279851","ENSG00000279851",0.000966366405897842,-0.383804431911755,0.119,0.162,1
"ENSG00000274184","ENSG00000274184",0.000970560097496101,0.58306678183907,0.075,0.046,1
"ENSG00000265303","ENSG00000265303",0.000970663118107058,-1.34291840719231,0.01,0.027,1
"ENSG00000245904","ENSG00000245904",0.000974664438038159,-0.728464975438075,0.046,0.075,1
"LCP2","LCP2",0.000978136717789976,1.15643325151496,0.047,0.025,1
"ENSG00000255495","ENSG00000255495",0.000978577237985818,-0.738076005409044,0.051,0.081,1
"LINC01802","LINC01802",0.000980081625417103,1.89274918351445,0.015,0.003,1
"LMBRD1","LMBRD1",0.000981934976595878,-0.158119176230161,0.771,0.801,1
"TMEM81","TMEM81",0.000982174085828271,1.06784581240944,0.04,0.02,1
"SPATS2","SPATS2",0.000983520808065116,0.247380222150802,0.308,0.252,1
"SDHA","SDHA",0.000985088558891353,0.249197897801163,0.47,0.413,1
"MORF4L1","MORF4L1",0.00099256305212394,0.172728479770629,0.733,0.698,1
"ANKRD2","ANKRD2",0.000995899061071608,1.71225014183838,0.015,0.003,1
"ZNF181","ZNF181",0.00100712621938529,0.533356872402908,0.14,0.101,1
"TSEN34","TSEN34",0.00100974057218295,0.773232756116019,0.088,0.057,1
"LOC101927560","LOC101927560",0.00101082440655574,-0.55396291565909,0.1,0.138,1
"ZNG1B.1","ZNG1B.1",0.00101116157306034,0.462166089550743,0.12,0.083,1
"C6orf47","C6orf47",0.00101573706414132,0.683516324731908,0.11,0.075,1
"ENSG00000233367","ENSG00000233367",0.00101605170038711,0.843536010954067,0.057,0.032,1
"PINK1","PINK1",0.0010165897946292,0.32318682756179,0.217,0.167,1
"EPCAM","EPCAM",0.00101754035164975,-0.770476025270514,0.043,0.071,1
"ABCD1","ABCD1",0.00101756380844431,0.589970435622325,0.071,0.043,1
"SDHAF1","SDHAF1",0.00101861407749752,0.467568643030053,0.128,0.09,1
"LPXN","LPXN",0.00101953685667052,-0.336014559441008,0.201,0.25,1
"DESI1","DESI1",0.00102036203055764,0.283973897638509,0.319,0.266,1
"CAV1","CAV1",0.00102120447939468,0.502360007530212,0.154,0.114,1
"LAMP1","LAMP1",0.00102423221737079,0.20832050276135,0.704,0.684,1
"MTOR","MTOR",0.00102612344885645,-0.26997553697631,0.409,0.465,1
"BTN3A3","BTN3A3",0.00102670157781407,1.05621977936364,0.044,0.022,1
"MSANTD2-AS1","MSANTD2-AS1",0.00102894818701738,0.394297912556623,0.14,0.099,1
"ZNF592","ZNF592",0.00102904734368709,0.275016416375708,0.471,0.411,1
"CALN1","CALN1",0.0010290770679118,-0.22026217866562,0.783,0.799,1
"ASPHD2","ASPHD2",0.00103190983632609,1.23896243770201,0.021,0.007,1
"ENSG00000261507","ENSG00000261507",0.00103746746173099,0.967267522884272,0.03,0.012,1
"KHDRBS3","KHDRBS3",0.00103748718645589,0.299571605295459,0.485,0.426,1
"ZNF503-AS2","ZNF503-AS2",0.00104124760644971,2.76228629647937,0.01,0.001,1
"ENSG00000272990","ENSG00000272990",0.0010418422460062,1.33057659575732,0.026,0.01,1
"DAGLB","DAGLB",0.00104558010685146,0.560412790557741,0.136,0.098,1
"GPR62","GPR62",0.00104626019671671,0.410528078473027,0.266,0.216,1
"CRTAC1","CRTAC1",0.0010478551862918,0.518719818165294,0.124,0.086,1
"PPIE","PPIE",0.00104986785752228,-0.495879641053354,0.186,0.231,1
"RSAD2","RSAD2",0.0010524916063071,-2.29176653908691,0.003,0.015,1
"OPALIN","OPALIN",0.0010524916063071,-2.21544162100298,0.003,0.015,1
"KIF24","KIF24",0.00105387495977539,-2.10194500024142,0.003,0.014,1
"ENSG00000263424","ENSG00000263424",0.00105434205870595,0.451922165325028,0.102,0.069,1
"ENSG00000235575","ENSG00000235575",0.001056884695343,2.13355236951029,0.013,0.003,1
"PTAR1","PTAR1",0.00105770466864463,0.254757032921583,0.455,0.401,1
"KLHL22","KLHL22",0.00105873796848495,0.352828533943392,0.276,0.225,1
"EPN2-AS1","EPN2-AS1",0.00105911758326772,0.474370887747632,0.086,0.055,1
"TRPS1","TRPS1",0.00105968676481923,0.123194925470236,0.905,0.886,1
"CHAC1","CHAC1",0.00106111032408212,3.04792939893751,0.012,0.002,1
"ENSG00000283064","ENSG00000283064",0.0010622191623243,0.923218568464737,0.032,0.014,1
"ZFR2","ZFR2",0.00106314694776496,-0.546237541288077,0.187,0.227,1
"ENSG00000284745","ENSG00000284745",0.00106456083784347,1.11458203746168,0.023,0.008,1
"HYCC1","HYCC1",0.00106692481862735,0.19741104809097,0.399,0.333,1
"GBF1","GBF1",0.00106748643484295,-0.226519810863987,0.567,0.596,1
"ESRRA","ESRRA",0.00106952087216903,0.379760560223483,0.132,0.093,1
"ENSG00000245322","ENSG00000245322",0.00107281112922138,-0.653272724362313,0.055,0.086,1
"CHIC1","CHIC1",0.00107311962035966,0.196093015109988,0.644,0.594,1
"LY96","LY96",0.00107351349603626,1.31187244873561,0.026,0.01,1
"CYRIA","CYRIA",0.00107426964270164,-1.42649025512573,0.008,0.022,1
"RAPGEF1","RAPGEF1",0.00107468481181299,0.33805334984069,0.383,0.329,1
"CFAP298","CFAP298",0.00107930697947567,1.49924206833959,0.03,0.013,1
"AHSG","AHSG",0.0010799007312985,-1.56652203847738,0.004,0.016,1
"CMTM2","CMTM2",0.00108138145327013,-1.94303586247489,0.003,0.015,1
"ATP8B2","ATP8B2",0.00108209681153884,1.00611217300462,0.035,0.016,1
"TMCC1","TMCC1",0.00108248561752028,-0.104331039917948,0.891,0.886,1
"BTG3","BTG3",0.00108403068386167,-0.471401234523414,0.147,0.19,1
"PALM","PALM",0.00108550403779717,0.163589577917482,0.597,0.531,1
"SGTA","SGTA",0.00109097334702887,-0.256397675408278,0.547,0.586,1
"ENSG00000249883","ENSG00000249883",0.0010932539785939,2.29045629850856,0.012,0.002,1
"SAP25","SAP25",0.00109333090155386,0.524115229420266,0.107,0.073,1
"LINC02328","LINC02328",0.00109346408755691,-0.254679071114362,0.247,0.299,1
"ERICH6-AS1","ERICH6-AS1",0.00109521222296457,-1.05650426854169,0.023,0.044,1
"ZNF736","ZNF736",0.00109540239011876,-0.383272432573189,0.33,0.377,1
"SCYL3","SCYL3",0.00109692773766772,-0.34207470884478,0.142,0.188,1
"SAXO2","SAXO2",0.00109761402729795,-0.691014902871855,0.086,0.121,1
"SLC7A14","SLC7A14",0.00110443342803449,-0.173006925083589,0.495,0.547,1
"NDUFB11","NDUFB11",0.00110482304857749,0.221135497271578,0.347,0.292,1
"SSX2IP","SSX2IP",0.00110488607307446,0.412650793043806,0.31,0.261,1
"SYNE3","SYNE3",0.0011053805198807,-0.223900922379906,0.278,0.336,1
"RAB3IP","RAB3IP",0.00110979632446991,0.264415847778755,0.369,0.31,1
"FAM66B","FAM66B",0.00111046859843873,-0.357631383151165,0.259,0.31,1
"SECISBP2","SECISBP2",0.00111391315506768,-0.201351443982008,0.529,0.575,1
"QSOX2","QSOX2",0.00111538910967539,0.452938250407171,0.129,0.092,1
"NOP16","NOP16",0.00111677538864164,0.932506711453804,0.038,0.018,1
"SLC44A5","SLC44A5",0.00112011418764451,-1.39086648320551,0.013,0.031,1
"ANO4","ANO4",0.00112225814020431,-1.41572555242335,0.037,0.062,1
"RRP1","RRP1",0.00112252906838676,0.305916528492038,0.224,0.175,1
"PAXBP1","PAXBP1",0.00112353143257203,-0.195227329527489,0.63,0.666,1
"TMEM150A","TMEM150A",0.00112449944664739,0.771907707060119,0.07,0.042,1
"H4C3","H4C3",0.00112456117563141,0.402464065197658,0.155,0.114,1
"ING3","ING3",0.0011273810492129,0.394329824556192,0.223,0.176,1
"POLR3K","POLR3K",0.00112945215996851,0.632711244692326,0.068,0.041,1
"RAPGEF3","RAPGEF3",0.00113325937861184,0.190000240902469,0.346,0.283,1
"ENSG00000280195","ENSG00000280195",0.00113546616373085,0.866684942478068,0.047,0.025,1
"HCG23","HCG23",0.00114009371783535,0.184020784364566,0.499,0.429,1
"ENSG00000263033","ENSG00000263033",0.00114394259039317,-0.737744687452324,0.078,0.111,1
"RHOB","RHOB",0.00115124351459469,-0.115572853671486,0.619,0.693,1
"ZNF461","ZNF461",0.00115146082685342,-0.376570159078102,0.138,0.183,1
"PHKA2","PHKA2",0.00115381122820574,-0.263011616991313,0.408,0.454,1
"MLST8","MLST8",0.00115408926806929,0.459238085394608,0.163,0.122,1
"CCDC88C","CCDC88C",0.00115432002312764,0.373878585587193,0.225,0.178,1
"ABTB2","ABTB2",0.00115487662769553,-0.201632631435327,0.794,0.806,1
"SRSF4","SRSF4",0.00116042112524322,-0.238799201336697,0.456,0.509,1
"LINC01931","LINC01931",0.00116138362648116,-1.22195981150659,0.016,0.035,1
"FAM222A-AS1","FAM222A-AS1",0.00116229643180613,0.363583020082147,0.202,0.156,1
"AACS","AACS",0.00116459756210496,0.269189283694649,0.258,0.206,1
"LINC02119","LINC02119",0.0011661468194887,-1.12974289315094,0.02,0.041,1
"LOC124906209","LOC124906209",0.00117021943929579,-0.640180010134996,0.057,0.088,1
"SAT1","SAT1",0.00117089959918081,0.393037975350342,0.165,0.122,1
"CRKL","CRKL",0.00117200012372513,0.222792402325465,0.267,0.211,1
"ZCCHC3","ZCCHC3",0.00117295884379485,0.436518143628779,0.161,0.12,1
"PGM2","PGM2",0.00117421066207155,1.40887192887908,0.028,0.012,1
"FAM133B","FAM133B",0.00117581320161484,0.236920480112906,0.475,0.414,1
"ANP32E","ANP32E",0.00117607832336737,-0.808615913367002,0.059,0.09,1
"EOLA2-DT","EOLA2-DT",0.00117954787277478,-0.149812879982708,0.715,0.738,1
"ATP2B1-AS1","ATP2B1-AS1",0.00118070879838654,-1.92789625766536,0.009,0.024,1
"PRDX4","PRDX4",0.00118213057516868,0.28960194693217,0.187,0.141,1
"SNAI3","SNAI3",0.00118549940987761,0.711199111959319,0.038,0.018,1
"PANK2","PANK2",0.00118621900042635,0.354524414006026,0.295,0.244,1
"SCOC-AS1","SCOC-AS1",0.00119259510258006,-0.57643897863578,0.141,0.182,1
"UBE2T","UBE2T",0.00119455053114343,1.44665232157306,0.026,0.01,1
"THNSL2","THNSL2",0.00119847677913322,-0.362936374985503,0.172,0.218,1
"ENSG00000133475","ENSG00000133475",0.00120125472580427,0.578002452195729,0.159,0.119,1
"IPCEF1","IPCEF1",0.00120179325828447,-0.984086562049235,0.031,0.055,1
"MLF1-DT","MLF1-DT",0.0012072763575625,1.01317769833203,0.048,0.025,1
"MIA3","MIA3",0.00120771723184597,0.262815426939683,0.347,0.288,1
"ZBTB1","ZBTB1",0.00120923932700816,0.182322680768893,0.65,0.599,1
"KIAA0930","KIAA0930",0.00121215296676486,-0.283223713885314,0.357,0.408,1
"HTT","HTT",0.00121217080093573,-0.172196215109121,0.56,0.607,1
"TYMP","TYMP",0.00122736967795462,1.97883764272495,0.017,0.005,1
"RHEB","RHEB",0.00122909606219131,0.203766502323011,0.444,0.384,1
"LATS1","LATS1",0.0012300659797107,-0.24210663017133,0.525,0.563,1
"DENR","DENR",0.00123157496035337,-0.34447114961412,0.25,0.301,1
"SVOP","SVOP",0.00123174749196997,-1.51661612855695,0.009,0.024,1
"TXN","TXN",0.00123246720526854,0.286143989492504,0.24,0.19,1
"C19orf18","C19orf18",0.00123321517661066,-0.387991087729701,0.117,0.159,1
"DYNLL2","DYNLL2",0.00123332619461593,0.22995300333476,0.507,0.452,1
"NIPAL4","NIPAL4",0.00123422648368196,-0.345168710769842,0.276,0.326,1
"HMG20B","HMG20B",0.00123424444689251,0.294636208623792,0.213,0.164,1
"TWSG1-DT","TWSG1-DT",0.00124098905975992,2.04154961370324,0.017,0.005,1
"CACNA2D1","CACNA2D1",0.00124204717274952,-0.114833964652181,0.949,0.944,1
"WDR5B","WDR5B",0.00124472014777539,0.563195792777396,0.082,0.052,1
"SLC35C1","SLC35C1",0.00124499524642254,0.429263248303339,0.07,0.042,1
"ENSG00000254604","ENSG00000254604",0.00124575501574053,0.435225938415768,0.194,0.149,1
"TRIM33","TRIM33",0.0012463570505349,-0.189887891742556,0.657,0.696,1
"LYRM4","LYRM4",0.00124995768835757,0.319125579075244,0.404,0.346,1
"HSPB9","HSPB9",0.00125156032407206,1.78717855413585,0.017,0.005,1
"ZNF839","ZNF839",0.00125367411868789,-0.525233322489882,0.122,0.161,1
"PDE10A","PDE10A",0.00125459319408039,1.02303617410898,0.122,0.089,1
"IFIT2","IFIT2",0.00125490595833639,0.324420381125615,0.256,0.205,1
"PCYT1B-AS1","PCYT1B-AS1",0.00126522685165931,1.27130295181065,0.026,0.01,1
"EDA2R","EDA2R",0.00126715178850405,-0.589335657963066,0.046,0.074,1
"SEPTIN3","SEPTIN3",0.00127463097098748,0.702956597637047,0.112,0.078,1
"SLC35D2-HSD17B3","SLC35D2-HSD17B3",0.0012811500212064,0.326457167330107,0.238,0.189,1
"CLPTM1","CLPTM1",0.00128196545423301,0.236456603348872,0.473,0.422,1
"ENSG00000251523","ENSG00000251523",0.00128221286696857,1.31821761300279,0.024,0.009,1
"CFAP263","CFAP263",0.00128501293952179,-0.705917036746282,0.051,0.08,1
"WDR47","WDR47",0.00128525264942478,-0.209929691298231,0.296,0.358,1
"OSGEP","OSGEP",0.00128634029365207,-0.302446366715536,0.164,0.211,1
"CHD9","CHD9",0.00128787480042839,0.110539291945652,0.947,0.929,1
"EED","EED",0.00129058873119436,0.286191210331338,0.3,0.245,1
"TMEM151A","TMEM151A",0.00129694509388011,0.205604295234938,0.744,0.745,1
"ENSG00000228541","ENSG00000228541",0.00129994826660396,0.464608445715326,0.088,0.058,1
"WDR20","WDR20",0.00130708583620035,-0.144471177744227,0.85,0.863,1
"MAPKAPK5-AS1","MAPKAPK5-AS1",0.00131408692883752,0.43915340855637,0.151,0.11,1
"SRGAP3","SRGAP3",0.00131486887418098,0.15133166857325,0.862,0.817,1
"IDH1","IDH1",0.00131508773514093,0.377332631685717,0.276,0.226,1
"RBM41","RBM41",0.00131721280480022,0.233532614656825,0.419,0.361,1
"HMGN3","HMGN3",0.0013182606443602,0.137835742494702,0.766,0.729,1
"MRPS31","MRPS31",0.00131916365767201,0.247093049897036,0.512,0.458,1
"PAF1","PAF1",0.00131930288273913,0.358523889740733,0.182,0.139,1
"SPTBN1","SPTBN1",0.00132178987999076,0.110884813870341,0.941,0.92,1
"POLG2","POLG2",0.00132387289718294,-0.425622156535139,0.135,0.176,1
"PPP1R36","PPP1R36",0.0013300482866908,-0.556942659245668,0.11,0.148,1
"PRR22","PRR22",0.00133065340071534,-1.20044468421458,0.018,0.037,1
"ENSG00000231200","ENSG00000231200",0.00133311683265026,-1.21103420878751,0.037,0.062,1
"CFAP20","CFAP20",0.00133421387330446,0.353356271938182,0.253,0.202,1
"UBA3","UBA3",0.001336304818032,0.210136639307144,0.565,0.499,1
"ENSG00000285190","ENSG00000285190",0.00133983484744511,-0.987758500842033,0.024,0.046,1
"ENO2","ENO2",0.00134035335519363,0.26450827754803,0.351,0.297,1
"RPN1","RPN1",0.00134427610036004,0.292692738290298,0.358,0.305,1
"ENSG00000248138","ENSG00000248138",0.00134747334296545,-0.726593866732742,0.093,0.129,1
"GPALPP1","GPALPP1",0.00134794855273101,-0.243875522710051,0.363,0.414,1
"SLC25A39","SLC25A39",0.00135177819535363,0.2476000318151,0.323,0.265,1
"ZNF746","ZNF746",0.00136351445795844,0.401328993089239,0.197,0.153,1
"WDR62","WDR62",0.00136438632186104,0.961091349730589,0.049,0.027,1
"ENSG00000248458","ENSG00000248458",0.00136992565188364,0.559207053834348,0.077,0.048,1
"SERPINF2","SERPINF2",0.00137227433052073,1.31785897594655,0.029,0.012,1
"PTPRE","PTPRE",0.00137279136206066,0.200568322879368,0.771,0.723,1
"KCND3","KCND3",0.00137566380074897,-0.141731246702951,0.106,0.148,1
"ASIC1","ASIC1",0.00138269588078564,-0.928395066954287,0.026,0.048,1
"KCTD11","KCTD11",0.00138359273209122,0.701640245877025,0.059,0.035,1
"CCDC9B","CCDC9B",0.00138404820986519,0.655224378568489,0.08,0.051,1
"CCDC18","CCDC18",0.00138659698421438,0.34770854044902,0.181,0.136,1
"PEX11G","PEX11G",0.0013907822131348,-0.553041729102622,0.054,0.084,1
"ENSG00000273267","ENSG00000273267",0.00139718843343542,-1.54679423259123,0.008,0.023,1
"HES6","HES6",0.00139947214166659,0.382476097993949,0.278,0.233,1
"KALRN","KALRN",0.00140192358290132,-0.268062533325938,0.381,0.427,1
"ENSG00000260093","ENSG00000260093",0.00140485589281886,0.672479705563954,0.089,0.059,1
"ENSG00000257507","ENSG00000257507",0.00140807986229254,1.30870084204089,0.032,0.014,1
"LOC101927745","LOC101927745",0.00140871147564419,-1.50148955320267,0.008,0.023,1
"DCBLD2","DCBLD2",0.00140928844350174,0.273570450862395,0.319,0.263,1
"TOR4A","TOR4A",0.00140967639672387,2.10929281645109,0.015,0.004,1
"RABGAP1","RABGAP1",0.00141077004036978,-0.130263463721176,0.851,0.871,1
"ZNF346","ZNF346",0.00141091691527297,-0.283754342479425,0.227,0.279,1
"ZNF732","ZNF732",0.00141110868625742,-2.70639838219999,0.001,0.01,1
"SLC26A5","SLC26A5",0.00141786889817265,0.768008073661498,0.064,0.038,1
"LMAN2","LMAN2",0.00142171620345337,0.370281320006129,0.212,0.165,1
"PTRH1","PTRH1",0.00142481104910506,0.635529035943392,0.088,0.058,1
"PTGR1","PTGR1",0.00142512496648637,0.582763510542158,0.118,0.083,1
"FAM153A","FAM153A",0.00142671151535162,-2.26071221264908,0.001,0.01,1
"TRMT11","TRMT11",0.00142786720368224,-0.189737155138007,0.433,0.492,1
"ENSG00000233635","ENSG00000233635",0.00142918396513637,0.360751472625291,0.209,0.165,1
"MTRF1L","MTRF1L",0.00143157319830624,0.410468953222152,0.178,0.136,1
"CTNNAL1","CTNNAL1",0.00143519474465155,-0.851162568161973,0.041,0.067,1
"MAD1L1","MAD1L1",0.00143629519801643,0.291445170597848,0.5,0.458,1
"LHFPL4","LHFPL4",0.0014445383327876,-0.624840428166131,0.109,0.147,1
"TRAF3IP2-AS1","TRAF3IP2-AS1",0.00144469061679201,-0.176450788148145,0.679,0.725,1
"ZNF25","ZNF25",0.00144796472458147,-0.36281474547298,0.334,0.379,1
"ENSG00000236255","ENSG00000236255",0.00144831992779297,0.603859836305493,0.088,0.058,1
"GON7","GON7",0.00144989732261243,0.65960923561572,0.052,0.029,1
"CTSO","CTSO",0.00145114922124342,-0.929474774043318,0.053,0.081,1
"ZNF441","ZNF441",0.00145529840463102,-0.553194003374482,0.055,0.085,1
"NCK2","NCK2",0.00145655404403952,-0.305568704978415,0.213,0.262,1
"C20orf96","C20orf96",0.00146089256320531,0.554963694928317,0.102,0.07,1
"SOWAHC","SOWAHC",0.00146766737677755,0.393193010545166,0.115,0.08,1
"ENSG00000236723","ENSG00000236723",0.00147367646002611,0.712356170269772,0.078,0.05,1
"GRIP1","GRIP1",0.00147598876983308,-0.221445883137044,0.383,0.439,1
"PEX3","PEX3",0.00147901351598723,-0.236161916283893,0.434,0.48,1
"TNKS2","TNKS2",0.00148042383208326,-0.216061863791242,0.527,0.571,1
"KDM1A","KDM1A",0.00148055715198115,-0.336458176246019,0.258,0.307,1
"IRAK1","IRAK1",0.00148212413620669,0.412685258439323,0.152,0.112,1
"INTS5","INTS5",0.00148522983502224,0.624243855207602,0.042,0.022,1
"STXBP1","STXBP1",0.00148858796534899,0.189813022665498,0.466,0.401,1
"SELENOK","SELENOK",0.00148882804940786,0.344866852216528,0.211,0.167,1
"FBXL6","FBXL6",0.00148976939576089,1.10277028330058,0.032,0.014,1
"PABPC1L2B","PABPC1L2B",0.00149570539139212,1.1485485947771,0.019,0.006,1
"SMAD4","SMAD4",0.00149701067350533,0.284820824011792,0.311,0.258,1
"RGL2","RGL2",0.00149885342160729,0.386316797419277,0.131,0.094,1
"LONRF1","LONRF1",0.00150096395292222,-0.843982578693086,0.053,0.081,1
"TNIP1","TNIP1",0.00150301165811548,0.398481606657422,0.195,0.151,1
"ATG4C","ATG4C",0.00150318669525175,0.162118831424667,0.877,0.864,1
"PCNT","PCNT",0.00150600419018201,0.338771512757648,0.406,0.357,1
"BRD4","BRD4",0.00150605123357468,0.182891252627639,0.607,0.566,1
"TPM1","TPM1",0.00150611405950736,0.459429412801777,0.166,0.125,1
"LRCH2","LRCH2",0.00150839942230727,0.22226405691989,0.422,0.361,1
"ZC3H14","ZC3H14",0.00150975266709068,0.208972969074682,0.545,0.501,1
"ZFAND2B","ZFAND2B",0.00150985303083777,0.259500595122237,0.215,0.165,1
"MGA","MGA",0.0015111516207814,0.17122012943913,0.783,0.735,1
"GEMIN4","GEMIN4",0.00151226085564482,1.42011055888537,0.025,0.01,1
"PDZD7","PDZD7",0.00151552957348247,0.305950832311866,0.238,0.19,1
"NEDD1","NEDD1",0.00151637936513951,-0.582442294418657,0.143,0.184,1
"TSHR","TSHR",0.00151641446277116,0.597033702187065,0.1,0.067,1
"HNRNPH1","HNRNPH1",0.00152015560987944,0.220714649875121,0.549,0.501,1
"ENSG00000235423","ENSG00000235423",0.00152923638220741,0.938656386127383,0.047,0.025,1
"SEC24B","SEC24B",0.00153024213305286,0.178568487333278,0.652,0.59,1
"TMBIM6","TMBIM6",0.00153431518311654,0.133408435674122,0.84,0.842,1
"ADAMTS2","ADAMTS2",0.00153565669224742,1.1083516156845,0.035,0.016,1
"TCAF1","TCAF1",0.00153729155358509,0.269331321086337,0.411,0.354,1
"EMC10","EMC10",0.00153731367967052,0.161499152866885,0.569,0.522,1
"BAIAP2L2","BAIAP2L2",0.00154248939240714,0.194190732456343,0.397,0.333,1
"CUL1","CUL1",0.00154358462292061,0.146291100717958,0.615,0.551,1
"CD200","CD200",0.00154690089440988,-1.35257291453456,0.016,0.034,1
"CREB3L4","CREB3L4",0.00154733315732225,-0.983601232280457,0.02,0.04,1
"SULT2B1","SULT2B1",0.00154858779928428,-1.75681693761119,0.005,0.017,1
"TTBK1","TTBK1",0.0015509381856413,0.269584774723417,0.336,0.282,1
"METTL14-DT","METTL14-DT",0.00155387863962424,0.650613366573508,0.048,0.026,1
"ENSG00000261717","ENSG00000261717",0.00155911105220969,0.408260740176286,0.153,0.114,1
"MLLT3","MLLT3",0.00156162661347934,0.132770451606936,0.793,0.736,1
"DCC","DCC",0.00156277171366907,0.366384253918894,0.22,0.175,1
"JAKMIP2-AS1","JAKMIP2-AS1",0.00156398484075707,0.452112075737829,0.12,0.084,1
"TMEM31","TMEM31",0.00156421606576771,1.13694342313637,0.021,0.007,1
"DEPDC4","DEPDC4",0.00156507620451896,-0.665428743632817,0.059,0.09,1
"SPESP1","SPESP1",0.00157728190571066,-0.356708816424039,0.216,0.265,1
"PEX12","PEX12",0.00157735031834481,0.797825778924953,0.05,0.027,1
"SMIM29","SMIM29",0.00157747404158029,0.174498036822936,0.22,0.169,1
"ENSG00000240093","ENSG00000240093",0.00157876547244855,0.673459660017303,0.083,0.054,1
"ODAD3","ODAD3",0.00157965725837375,1.37266254379423,0.023,0.008,1
"GPR143","GPR143",0.00158082529327799,0.382120928289242,0.117,0.082,1
"ENSG00000228352","ENSG00000228352",0.00158240993849226,2.27008079263355,0.014,0.003,1
"ENSG00000250842","ENSG00000250842",0.00158266492498535,0.312396413697894,0.153,0.113,1
"ENSG00000250994","ENSG00000250994",0.00158507863730086,1.47589953585014,0.023,0.008,1
"KCNMB3","KCNMB3",0.00158525865091752,0.346182300075389,0.169,0.127,1
"IL6R-AS1","IL6R-AS1",0.00158615563544603,-2.58344594783398,0.004,0.016,1
"ZNF350-AS1","ZNF350-AS1",0.0015896323035602,0.502989587805065,0.1,0.067,1
"ENSG00000237166","ENSG00000237166",0.00158980990385727,-2.56824435471446,0.002,0.012,1
"AKR7A2","AKR7A2",0.00159041604734136,0.384748249134558,0.17,0.129,1
"BHMT2","BHMT2",0.00159677916217466,-1.23275605382932,0.013,0.03,1
"ARLN","ARLN",0.00160321583959953,0.235974668329718,0.322,0.266,1
"ENSG00000276997","ENSG00000276997",0.0016034269356085,-0.397004018373555,0.172,0.216,1
"PRDM8-AS1","PRDM8-AS1",0.00160370352642995,-0.748488395663822,0.026,0.048,1
"LLPH","LLPH",0.00160932563293232,0.317934142582736,0.208,0.16,1
"KLF11","KLF11",0.00161028516455758,-1.3744781387745,0.008,0.022,1
"KIF1C","KIF1C",0.00161242756527924,0.461417538671697,0.189,0.147,1
"APPL2","APPL2",0.0016147115817334,0.204786735477067,0.701,0.665,1
"PDK2","PDK2",0.0016158201057226,0.309534915125531,0.201,0.156,1
"INPP5D","INPP5D",0.00161798987413089,0.914419329866947,0.044,0.024,1
"RFFL","RFFL",0.00162013896058953,-0.209539009200722,0.516,0.578,1
"COQ6","COQ6",0.00162336302234409,-0.428954775766964,0.078,0.113,1
"POLR3D","POLR3D",0.00162775073511842,0.623701467184084,0.091,0.06,1
"ERMP1","ERMP1",0.00163479903431331,0.185539914216125,0.693,0.661,1
"SNAP47","SNAP47",0.00163862035194543,0.537214994037945,0.131,0.095,1
"YDJC","YDJC",0.00164053093151518,0.419726428969335,0.098,0.065,1
"SBNO1","SBNO1",0.00164841856310157,0.215123142241819,0.536,0.479,1
"HDAC3","HDAC3",0.00164865425018549,0.265654450686739,0.314,0.26,1
"ZNF93","ZNF93",0.00164972077403179,-0.673445964441493,0.035,0.059,1
"PSMG4","PSMG4",0.0016509585446316,-0.431567263865414,0.428,0.454,1
"ISOC2","ISOC2",0.00165170882223711,0.258021113987916,0.321,0.269,1
"CDKN2C","CDKN2C",0.00166074214457202,1.15088279342323,0.032,0.015,1
"RMND5A","RMND5A",0.00166554735927254,0.192235293923203,0.531,0.48,1
"STRC","STRC",0.00166647266941128,1.30236422019071,0.014,0.003,1
"GPLD1","GPLD1",0.00166788838299447,-1.00003325171009,0.019,0.038,1
"ENSG00000255968","ENSG00000255968",0.00167015508438702,0.659652207599603,0.032,0.014,1
"RTN1","RTN1",0.00167207058945669,0.126834857928416,0.832,0.767,1
"LUC7L","LUC7L",0.00167539161308347,-0.17678115214501,0.518,0.561,1
"SRSF10","SRSF10",0.00168394964832566,0.23012392112239,0.506,0.442,1
"PSPH","PSPH",0.00168647703370295,0.221520545268834,0.34,0.284,1
"SNRNP70","SNRNP70",0.00168685459092829,-0.117642282929864,0.789,0.835,1
"PASK","PASK",0.00168770481437464,1.16085905952405,0.035,0.017,1
"CYP4F11","CYP4F11",0.00169825239277622,-1.70462528947509,0.003,0.013,1
"STS","STS",0.0016998214685115,-0.573923543545995,0.057,0.086,1
"PGK1","PGK1",0.00170056261829446,0.268092010629385,0.341,0.286,1
"KIF5B","KIF5B",0.00170195410898455,0.174490150544057,0.648,0.604,1
"SWAP70","SWAP70",0.00170914759808062,-0.227568722233825,0.216,0.267,1
"SLC30A5","SLC30A5",0.00170942121216446,-0.395395495130318,0.218,0.265,1
"CIBAR1-DT","CIBAR1-DT",0.0017117343493924,-0.847154121612219,0.037,0.061,1
"PCLAF","PCLAF",0.00171381298162228,0.959814399661043,0.035,0.017,1
"MED11","MED11",0.00171445561234248,0.333675281808886,0.191,0.146,1
"ENSG00000275741","ENSG00000275741",0.00172041901779155,0.63631610866763,0.062,0.037,1
"PSMD3","PSMD3",0.00172275060094927,0.295605233032496,0.327,0.276,1
"NLGN4X","NLGN4X",0.00172661191820769,-0.191546603819863,0.487,0.524,1
"HMBOX1","HMBOX1",0.00172673657334836,0.160467403917564,0.77,0.73,1
"FERRY3","FERRY3",0.00172837907731642,0.210325754496819,0.4,0.343,1
"PMS2","PMS2",0.00173739905582917,-0.40092471792501,0.144,0.186,1
"POMC","POMC",0.00173833743681558,0.722912334884891,0.047,0.025,1
"ENSG00000269026","ENSG00000269026",0.0017386360183361,-0.373699239406157,0.077,0.111,1
"ZNF185","ZNF185",0.00174166105084085,-1.63292227629005,0.009,0.024,1
"REL-DT","REL-DT",0.00174738979856702,-1.41025762608107,0.012,0.029,1
"TPH1","TPH1",0.00174960721651115,-1.80414343981909,0.007,0.02,1
"SOD3","SOD3",0.00175308868862458,-1.15866743894026,0.018,0.037,1
"ST3GAL3-AS1","ST3GAL3-AS1",0.00175443504401132,1.00214806757755,0.032,0.015,1
"HCG25","HCG25",0.00175490251906758,-0.446685359818926,0.066,0.098,1
"ACAA1","ACAA1",0.00175502119412849,0.301060636455795,0.373,0.327,1
"ZNF106","ZNF106",0.00175914705497919,0.191614746058381,0.504,0.451,1
"HEXIM1","HEXIM1",0.00175927538195756,0.561165372506611,0.083,0.054,1
"SETD2","SETD2",0.00176563635656139,-0.148204707655626,0.796,0.807,1
"ARHGAP6","ARHGAP6",0.00176736385460969,-1.38397033462046,0.015,0.033,1
"ENSG00000231856","ENSG00000231856",0.0017685689772168,-0.884484730369225,0.022,0.042,1
"TUBG2","TUBG2",0.00177434579787235,0.271245689930636,0.346,0.298,1
"LINC02473","LINC02473",0.00177799283335287,-0.367165228412009,0.244,0.29,1
"ELAVL1","ELAVL1",0.0017797437179045,0.273480966444306,0.43,0.384,1
"ERGIC3","ERGIC3",0.00178624133644901,-0.390992784313262,0.196,0.237,1
"STAU2","STAU2",0.00178817808393814,0.234295781485294,0.621,0.575,1
"SNRNP200","SNRNP200",0.00179261985314656,0.223423945281588,0.339,0.287,1
"ENSG00000231170","ENSG00000231170",0.00179638507974466,-0.91391249058098,0.048,0.075,1
"ZNF491","ZNF491",0.00179642586864167,-0.599135883801017,0.042,0.069,1
"ENSG00000257999","ENSG00000257999",0.00180196320258553,0.894612489258408,0.035,0.017,1
"SRRM2-AS1","SRRM2-AS1",0.00180272520970486,-0.92426547317718,0.035,0.059,1
"CCDC77","CCDC77",0.00180706710413888,0.439986925038142,0.182,0.141,1
"GAR1","GAR1",0.00181275405806468,0.614280801534218,0.087,0.058,1
"NLRX1","NLRX1",0.00181920200055068,-0.673578676853604,0.046,0.073,1
"ENSG00000253197","ENSG00000253197",0.00182356432709122,0.697486491369142,0.078,0.05,1
"PQBP1","PQBP1",0.00182516089161403,0.374356249021643,0.136,0.099,1
"MTBP","MTBP",0.00182561570651078,-0.369035938681415,0.129,0.171,1
"PTPRC","PTPRC",0.00182781248649284,2.53581722927426,0.011,0.002,1
"GID8","GID8",0.00182907147027541,0.15752580829117,0.24,0.188,1
"CARNMT1","CARNMT1",0.00182929480504195,0.270986110166181,0.338,0.284,1
"RNF141","RNF141",0.00183262890491801,-0.21842681692869,0.585,0.62,1
"CEP41","CEP41",0.00184056477301502,-0.307000064537904,0.22,0.267,1
"ZNF28","ZNF28",0.00184200168006271,0.4563627259683,0.121,0.086,1
"COQ2","COQ2",0.0018420620050648,0.674085619440955,0.064,0.039,1
"ENSG00000260126","ENSG00000260126",0.00184708157025682,2.11829681192986,0.011,0.002,1
"ST7","ST7",0.00184840129945648,-0.228807935099025,0.356,0.41,1
"SRGAP2B","SRGAP2B",0.0018513011744859,0.596850260699192,0.134,0.099,1
"TRIM23","TRIM23",0.00185157461473414,-0.305056291522406,0.358,0.404,1
"TYW2","TYW2",0.00185665523902738,0.520430159999549,0.12,0.085,1
"ENSG00000279983","ENSG00000279983",0.00185872502217383,-0.630569516817351,0.055,0.084,1
"NUDT2","NUDT2",0.00186061622783802,-0.381852291413806,0.194,0.239,1
"NARS2","NARS2",0.00186162216281809,0.23575201044806,0.463,0.408,1
"IRS1","IRS1",0.00186348324062692,1.69077188056916,0.023,0.009,1
"ASIP","ASIP",0.00187389485244451,0.670037326765822,0.055,0.031,1
"CDK5","CDK5",0.00188198540882031,0.478388580621885,0.092,0.061,1
"TBC1D22B","TBC1D22B",0.00189376876495539,-0.321384058976685,0.264,0.31,1
"DTX3","DTX3",0.00189520746232797,0.218432967932284,0.243,0.191,1
"ARSK","ARSK",0.00191472684465221,0.519740520368157,0.12,0.086,1
"DYNLRB1","DYNLRB1",0.00191503727416026,0.195739302040357,0.668,0.642,1
"LINC00845","LINC00845",0.00193733243135472,-0.80960533722018,0.021,0.041,1
"YWHAH","YWHAH",0.0019390096927933,0.369710438483421,0.214,0.169,1
"CENPB","CENPB",0.00194840709855257,0.295329346849809,0.133,0.095,1
"RAB5A","RAB5A",0.00194971494941691,-0.248148938287181,0.49,0.531,1
"YIF1B","YIF1B",0.00195241216718243,0.391238955036625,0.263,0.219,1
"TRANK1","TRANK1",0.00195350646840077,-1.07027799001838,0.037,0.061,1
"PYGO2","PYGO2",0.00195688262167645,0.350785765638126,0.189,0.146,1
"DOCK7","DOCK7",0.00195810790675723,0.170552823856234,0.603,0.544,1
"CLSTN2","CLSTN2",0.00196252229229102,-0.459181181553971,0.149,0.191,1
"KLF7","KLF7",0.00197399461456077,0.137047838079762,0.894,0.88,1
"LINC02250","LINC02250",0.00197439775901588,-1.60418366557479,0.006,0.019,1
"ENSG00000276649","ENSG00000276649",0.00197494610576141,-0.466613378370488,0.08,0.114,1
"ENSG00000259755","ENSG00000259755",0.00197986656355026,0.650752771403632,0.059,0.035,1
"ENSG00000267388","ENSG00000267388",0.00198249112018996,1.90182293094569,0.016,0.005,1
"DUSP8","DUSP8",0.00198698015512061,0.308587517766861,0.158,0.117,1
"ZNF658","ZNF658",0.00198741774984954,-0.524759224161953,0.104,0.141,1
"FAM20A","FAM20A",0.00199465619392171,0.887406939618777,0.023,0.009,1
"XPOT","XPOT",0.00199877642793413,0.310425200578842,0.31,0.258,1
"SERTAD2","SERTAD2",0.00200924484008856,-0.431900192301416,0.279,0.324,1
"ATRNL1","ATRNL1",0.00201151437004359,-1.00287938195033,0.018,0.037,1
"PDE3B","PDE3B",0.00202115651346959,0.915136293599065,0.066,0.041,1
"SPMIP6","SPMIP6",0.00202409927744301,0.407735327257832,0.083,0.054,1
"HMG20A","HMG20A",0.00202412598747514,-0.282127874508331,0.475,0.511,1
"ENSG00000249096","ENSG00000249096",0.00203127942840106,-0.769507265767702,0.031,0.054,1
"ZNF160","ZNF160",0.0020317729419189,-0.242220374739392,0.429,0.475,1
"TECTA","TECTA",0.00203288130893781,-0.654547828575334,0.039,0.065,1
"LOC105371574","LOC105371574",0.00203769464765378,0.64775093616648,0.055,0.032,1
"RNF139","RNF139",0.00204064425166979,0.463446396060462,0.188,0.147,1
"CYP2R1","CYP2R1",0.00204264578338708,-0.457693446944273,0.173,0.215,1
"FRK","FRK",0.00204937792357698,-0.24042955361211,0.458,0.503,1
"BMP2K-DT","BMP2K-DT",0.002051098805727,1.02924647114892,0.016,0.005,1
"ZSWIM4","ZSWIM4",0.0020588739086587,0.884108232531941,0.058,0.035,1
"STC2","STC2",0.00206073246319586,0.716674542654618,0.049,0.027,1
"TDRD6-AS1","TDRD6-AS1",0.00206131122200949,0.938231634419103,0.039,0.02,1
"ENSG00000237640","ENSG00000237640",0.00206168798703384,-2.32990404374951,0.006,0.018,1
"NAA40","NAA40",0.00206366825560616,-0.661086514263006,0.076,0.108,1
"CREB3","CREB3",0.00207113096942676,0.418282002705245,0.132,0.095,1
"ZNF554","ZNF554",0.00207379066933624,-0.810027746789148,0.032,0.056,1
"ADO","ADO",0.00207500396555918,0.277262250148971,0.364,0.312,1
"MED16","MED16",0.00207881614509917,0.566647010659253,0.147,0.11,1
"MAPK10","MAPK10",0.00208281396610201,0.103238812892535,0.962,0.95,1
"LRRC37A.1","LRRC37A.1",0.00208380089706089,0.289251261327621,0.366,0.314,1
"TTC13","TTC13",0.00208428693760869,-0.250077187989015,0.489,0.534,1
"PCCB","PCCB",0.0020847570941581,0.164963459160823,0.672,0.616,1
"RPP14","RPP14",0.00208868274998115,0.397957819223376,0.111,0.078,1
"NUMA1","NUMA1",0.00208961563411988,-0.21102759947953,0.672,0.682,1
"BAX","BAX",0.0020933150219833,0.462164835458305,0.147,0.11,1
"SGCD","SGCD",0.00209639851149837,0.106766008286333,0.898,0.862,1
"TMEM150C","TMEM150C",0.0021013751059047,0.31553954282507,0.159,0.119,1
"ENSG00000237975","ENSG00000237975",0.00210214001044776,-0.525995541603666,0.162,0.203,1
"PARVB","PARVB",0.00210850979233183,0.276274116492524,0.383,0.337,1
"ENSG00000274605","ENSG00000274605",0.00211489120891084,0.803709880768113,0.049,0.027,1
"ANKRD40","ANKRD40",0.00211738086357453,0.309256716888178,0.403,0.358,1
"POLI","POLI",0.00212137454173259,-0.397411404665497,0.292,0.337,1
"SPSB3","SPSB3",0.00212302324647807,0.174343259887419,0.295,0.242,1
"ATP9A","ATP9A",0.0021249608426522,-0.211867576662407,0.595,0.629,1
"BOP1","BOP1",0.00212591033157799,0.643928837357685,0.082,0.054,1
"ZNF774","ZNF774",0.00212638735800324,0.512893651015212,0.086,0.056,1
"CDS2","CDS2",0.00212669203951047,0.17627284548521,0.657,0.612,1
"NEO1","NEO1",0.00212956071176879,0.113730217067166,0.959,0.929,1
"ALG11","ALG11",0.00213461646679076,-0.319007912058348,0.094,0.131,1
"KATNB1","KATNB1",0.00214039730341148,0.575069106383055,0.083,0.054,1
"ZNF18","ZNF18",0.00214101489965278,-0.469813154822886,0.104,0.141,1
"CCDC150","CCDC150",0.00214534253652302,-0.487864107340909,0.141,0.181,1
"FOXO4","FOXO4",0.00215074801387179,0.767666659255092,0.053,0.031,1
"TPTE","TPTE",0.00215169428528529,-0.837251124963263,0.039,0.063,1
"TMLHE","TMLHE",0.00215507390806793,0.236820502174643,0.343,0.29,1
"LRWD1","LRWD1",0.0021569664519308,0.814653738133644,0.053,0.031,1
"SEC23IP","SEC23IP",0.00217068374319809,-0.239566998744574,0.342,0.395,1
"PRUNE1","PRUNE1",0.0021746879050573,0.419123434250189,0.127,0.091,1
"LINC02715","LINC02715",0.00218521278442197,2.04247645252206,0.018,0.006,1
"KBTBD11","KBTBD11",0.00218618014256901,0.260454345662031,0.379,0.326,1
"EIF4EBP2","EIF4EBP2",0.0021875243144583,0.362020301221213,0.187,0.143,1
"LOC124907725","LOC124907725",0.00218842776900466,0.869487176553432,0.04,0.021,1
"BUD13","BUD13",0.00219760180791419,-0.583591416126223,0.108,0.143,1
"TRIQK","TRIQK",0.00219885175876021,0.194872785254292,0.54,0.488,1
"ZBTB25","ZBTB25",0.002201231850436,-0.295563860732961,0.315,0.365,1
"SAMD4B","SAMD4B",0.00220205280811433,-0.104054342107586,0.871,0.889,1
"ALOX12","ALOX12",0.00220691265865456,1.21941510250644,0.026,0.011,1
"ZNF3","ZNF3",0.00221484137824266,-0.30905332163051,0.28,0.325,1
"RTKN","RTKN",0.0022199071485337,-0.152927654144068,0.594,0.636,1
"TEX30","TEX30",0.0022246254016988,0.665062101669917,0.061,0.037,1
"MFGE8","MFGE8",0.00222475909743797,0.275530216047742,0.413,0.362,1
"MOB1B","MOB1B",0.00222580718038907,0.365172457014507,0.289,0.244,1
"APPBP2","APPBP2",0.00223311878732928,-0.154133005100274,0.755,0.78,1
"SUCLA2-AS1","SUCLA2-AS1",0.00223845139630479,1.3730415795159,0.024,0.01,1
"ENSG00000277602","ENSG00000277602",0.00224228300553009,0.844667766601368,0.031,0.014,1
"CWC15","CWC15",0.00224988006723,0.221857928025234,0.234,0.184,1
"NUDT22","NUDT22",0.00225172473365732,0.546457686961398,0.092,0.062,1
"CEP131","CEP131",0.00225982018079942,-0.612361316789484,0.046,0.072,1
"UBASH3B","UBASH3B",0.00226284016210413,0.36962915434761,0.147,0.108,1
"CDYL","CDYL",0.00226950124055381,-0.274378777327626,0.287,0.336,1
"TLE1-DT","TLE1-DT",0.00227263453095097,-0.609417783332744,0.131,0.167,1
"PRCC","PRCC",0.00227478977133466,-0.383334426827787,0.278,0.318,1
"EN2-DT","EN2-DT",0.00228599210778352,1.86772690077649,0.02,0.007,1
"ENSG00000268564","ENSG00000268564",0.00228722883957183,-2.67423861172854,0.001,0.01,1
"NAGLU","NAGLU",0.00228734157769926,0.260749688114103,0.313,0.261,1
"AKIRIN2","AKIRIN2",0.00229374720903245,0.380794320255434,0.216,0.171,1
"HIF1AN","HIF1AN",0.00229661236689345,0.212181670367383,0.299,0.248,1
"LOC105374059","LOC105374059",0.00230459565437983,0.793157539139618,0.05,0.029,1
"PIK3C3","PIK3C3",0.00231708650353152,-0.151160447994302,0.71,0.742,1
"TMEM250","TMEM250",0.00231933319295623,0.496277728785214,0.09,0.06,1
"MADCAM1","MADCAM1",0.00232079467001063,0.428990092983883,0.18,0.141,1
"ENSG00000267523","ENSG00000267523",0.0023288398875987,1.05484311983831,0.035,0.017,1
"ETV3","ETV3",0.00232904542947242,0.680807213258519,0.062,0.037,1
"ANKLE1","ANKLE1",0.00233698815766916,1.54156886136073,0.02,0.007,1
"C1QA","C1QA",0.00233745210758076,1.92963570160691,0.015,0.004,1
"LAT2","LAT2",0.00233803355564127,0.77603067782885,0.044,0.024,1
"LINC03041","LINC03041",0.00235266898359904,0.937222817278284,0.024,0.01,1
"TRIP11","TRIP11",0.00235725317120824,-0.141334142594346,0.63,0.671,1
"TMED8","TMED8",0.00235770711587236,-0.375273790128279,0.182,0.225,1
"LIG1","LIG1",0.00236006468847054,0.323683965164993,0.207,0.163,1
"TFAP4","TFAP4",0.00236211615160683,0.773797269159579,0.077,0.05,1
"AIFM1","AIFM1",0.00236271855792985,-0.368737412043496,0.179,0.222,1
"ACSL5","ACSL5",0.00236707473398245,1.03550627106018,0.02,0.007,1
"RELN","RELN",0.00236766858312204,1.01076711983673,0.048,0.027,1
"CAMTA2","CAMTA2",0.00237642253084105,0.250590552539953,0.235,0.188,1
"ENSG00000227192","ENSG00000227192",0.00237644850419766,-1.42625030349835,0.008,0.021,1
"ZNF148","ZNF148",0.00238197848973668,-0.138144729104258,0.786,0.805,1
"ENSG00000229321","ENSG00000229321",0.00238394233276334,1.47336381282346,0.02,0.007,1
"UCKL1","UCKL1",0.00238448474950377,0.364046351390836,0.153,0.114,1
"INTS1","INTS1",0.00238500856193834,0.214953673807405,0.32,0.267,1
"HTRA2","HTRA2",0.00238871992924049,0.503370029348273,0.102,0.071,1
"FZD1","FZD1",0.00239343288322255,1.02932681579688,0.024,0.01,1
"NCKAP5-AS2","NCKAP5-AS2",0.00239517387226677,0.691129552294771,0.083,0.055,1
"ITIH4","ITIH4",0.00239542498443944,-1.2543252468103,0.005,0.016,1
"KLHL2","KLHL2",0.00239552399888299,-0.154432127183054,0.781,0.814,1
"CLIC2","CLIC2",0.00240164914994066,-0.739911112374425,0.037,0.061,1
"MYBBP1A","MYBBP1A",0.0024133917993474,-0.430097992698047,0.084,0.118,1
"PPM1G","PPM1G",0.00241662230462992,0.23475227275223,0.349,0.3,1
"SWT1","SWT1",0.00241678375063027,0.246042762149306,0.489,0.437,1
"ZNF573","ZNF573",0.00241968700211642,-0.284931548684291,0.276,0.324,1
"ZNF614","ZNF614",0.00242413562077627,0.417380805567414,0.146,0.108,1
"TBRG1","TBRG1",0.00242510009741342,0.219388135197062,0.385,0.328,1
"CMPK1","CMPK1",0.00243163995979992,0.18098400887282,0.361,0.302,1
"SETD5","SETD5",0.00243305649866575,0.186894778767444,0.688,0.654,1
"TENM2","TENM2",0.00243370905958842,-0.755551327763485,0.08,0.112,1
"UVSSA","UVSSA",0.00245502350114211,-0.296857021486664,0.314,0.358,1
"SCAI","SCAI",0.00246107159378503,-0.256624626915936,0.347,0.397,1
"AP2S1","AP2S1",0.00246396200528674,0.184269709878667,0.297,0.244,1
"CDK16","CDK16",0.00247899054569075,-0.514142264231467,0.15,0.187,1
"PSMC4","PSMC4",0.00247919840540722,0.331409020923028,0.206,0.161,1
"LOC102723831","LOC102723831",0.00249162089009749,0.628196139276895,0.057,0.034,1
"JAGN1","JAGN1",0.00249273963516848,0.401330818666628,0.127,0.092,1
"RGS16","RGS16",0.00251311060832149,0.566150876616211,0.075,0.048,1
"MPC2","MPC2",0.00251316001688731,0.296807072626668,0.209,0.165,1
"ABCA10","ABCA10",0.00251642453113638,-0.412834950175437,0.169,0.209,1
"GET1","GET1",0.00251754180015044,-0.242313033142183,0.399,0.453,1
"CNRIP1","CNRIP1",0.00251910356096992,-0.291500945255747,0.158,0.202,1
"C2","C2",0.00251962041238182,-0.759020939344945,0.03,0.052,1
"TPBG","TPBG",0.00252004320842811,0.285994937204619,0.091,0.061,1
"SKIC2","SKIC2",0.00252291309761271,0.662776039967947,0.096,0.066,1
"SOCS4","SOCS4",0.00252532132790178,0.359338153412851,0.306,0.261,1
"SYTL3","SYTL3",0.00252667180987489,0.688713041703195,0.068,0.042,1
"ENSG00000264968","ENSG00000264968",0.00252781852399565,0.431285232830882,0.157,0.119,1
"C1QTNF6","C1QTNF6",0.00253175582201525,0.380943116682273,0.171,0.131,1
"HERC6","HERC6",0.00254107382988409,-0.691064423755584,0.04,0.065,1
"MESP1","MESP1",0.00255013346870277,0.456654626246572,0.073,0.046,1
"TRAF3IP1","TRAF3IP1",0.00255062963319991,-0.273438164673298,0.223,0.267,1
"ENTPD5","ENTPD5",0.00255410770171452,-0.347681649695315,0.164,0.205,1
"KLHDC8B","KLHDC8B",0.0025562571950655,-2.30570860276311,0.002,0.011,1
"HERPUD2-AS1","HERPUD2-AS1",0.00256155468888988,0.513734219221673,0.138,0.103,1
"GRID2IP","GRID2IP",0.00256867035573533,-0.875755069210517,0.025,0.045,1
"CHMP7","CHMP7",0.0025731386807032,-0.324709783143765,0.137,0.177,1
"ENSG00000246889","ENSG00000246889",0.00257329128144183,0.367962040275258,0.167,0.127,1
"CIC","CIC",0.00257333314453143,0.371011197886231,0.194,0.151,1
"ACR","ACR",0.00258058932645234,-2.56519975599326,0.003,0.012,1
"ZNF571","ZNF571",0.00258242904137399,0.342434829695189,0.279,0.233,1
"MECR","MECR",0.0025855371435922,-0.362305886361208,0.178,0.221,1
"ACP7","ACP7",0.00259611075148252,1.06558150224688,0.065,0.041,1
"HOOK3","HOOK3",0.00259719716407597,-0.1410186355908,0.768,0.79,1
"TMEM223","TMEM223",0.0025985260326831,0.461667124603426,0.144,0.107,1
"GTF2H2","GTF2H2",0.00260039285810554,0.205000714016192,0.343,0.288,1
"MCOLN2","MCOLN2",0.00260060824217374,-1.76191696992017,0.007,0.02,1
"HSD11B1","HSD11B1",0.00261178981263758,-0.670798178485288,0.057,0.086,1
"DAXX","DAXX",0.00262533024480754,0.465355492507979,0.111,0.078,1
"LOC105374780","LOC105374780",0.00262562128148031,1.986987420017,0.013,0.003,1
"CFAP96","CFAP96",0.00262618856203513,0.288251930731422,0.136,0.101,1
"SRSF6","SRSF6",0.00262806261262144,-0.235546234191846,0.338,0.39,1
"ZNRD2","ZNRD2",0.0026419358077617,-0.829674224179082,0.03,0.052,1
"HUS1","HUS1",0.00264568937395086,-0.268039768839348,0.262,0.308,1
"ENSG00000260430","ENSG00000260430",0.00264712154897052,1.82484388674458,0.013,0.003,1
"ENSG00000244286","ENSG00000244286",0.00264720152618687,1.36835062749339,0.025,0.01,1
"SAMD5","SAMD5",0.0026512848684204,-1.69593744009856,0.003,0.014,1
"PRKCZ-AS1","PRKCZ-AS1",0.00265913556036063,1.61251140872956,0.013,0.003,1
"KIAA0232","KIAA0232",0.00266460027627752,0.147187967634532,0.883,0.85,1
"AMZ2","AMZ2",0.00266616628959343,0.270108409721449,0.199,0.155,1
"ENSG00000235872","ENSG00000235872",0.0026666301045496,1.63914033134372,0.017,0.005,1
"LINC02150","LINC02150",0.00266690942275663,1.32497397254495,0.025,0.01,1
"LDB2","LDB2",0.00266740077551012,0.313985868853665,0.119,0.085,1
"DNAJC10","DNAJC10",0.00267831597555479,-0.1750282136626,0.372,0.427,1
"LINC02145","LINC02145",0.00268466971340403,-0.73698639858507,0.053,0.08,1
"ENSG00000258868","ENSG00000258868",0.00269060558827402,1.5265520393302,0.013,0.003,1
"MCUB","MCUB",0.00269229232221044,0.388108104535664,0.321,0.279,1
"HDAC8","HDAC8",0.00270351156984245,-0.198799820211743,0.704,0.715,1
"BCL2L2","BCL2L2",0.00270370807167308,0.731800232071629,0.052,0.03,1
"MRNIP-DT","MRNIP-DT",0.00270715311534359,-1.08092441331134,0.02,0.039,1
"LINC02671","LINC02671",0.00271174339436337,1.15921536213338,0.025,0.01,1
"PDCD4","PDCD4",0.00272169586598311,-0.229661028874163,0.4,0.45,1
"NINL","NINL",0.00272205803226811,0.245729081817361,0.48,0.422,1
"SMARCAL1","SMARCAL1",0.00272325745990473,-0.198978506047741,0.377,0.425,1
"CCNL2","CCNL2",0.00272614273624796,-0.181029655389928,0.443,0.497,1
"ENSG00000272855","ENSG00000272855",0.0027284996921094,0.794461278048345,0.038,0.02,1
"DPP7","DPP7",0.0027290387912902,0.260060729838648,0.34,0.29,1
"GPR89B.1","GPR89B.1",0.00273077708784538,0.256955263688285,0.377,0.325,1
"SNX25","SNX25",0.0027365427777283,0.400414379243926,0.243,0.198,1
"NR1D1","NR1D1",0.00275696773658692,0.914773994833302,0.017,0.005,1
"ENSG00000269495","ENSG00000269495",0.00275715781358619,1.18025712689777,0.023,0.009,1
"ENSG00000236449","ENSG00000236449",0.00275922437551842,0.144179991688541,0.592,0.55,1
"PODXL2","PODXL2",0.00276370266151715,0.210686509711511,0.469,0.42,1
"AK6","AK6",0.00277634960055351,0.269565730323021,0.207,0.162,1
"TAC4","TAC4",0.00278799947131427,1.07938145525011,0.025,0.01,1
"SPCS1","SPCS1",0.00279117650041723,0.224839178475567,0.46,0.418,1
"CCT8","CCT8",0.00279343785904935,0.351717093292894,0.215,0.171,1
"SNHG15","SNHG15",0.00280167401000605,0.715953786513197,0.085,0.058,1
"STPG2","STPG2",0.00280692223557004,0.168992246329298,0.706,0.661,1
"ENSG00000281849","ENSG00000281849",0.00280895857624798,-0.610549680648785,0.034,0.057,1
"C9orf57","C9orf57",0.00281120452917034,1.57585508239435,0.019,0.007,1
"SNRPA","SNRPA",0.002811811468678,0.377213307832592,0.149,0.112,1
"ENSG00000215159","ENSG00000215159",0.00281271173505711,-0.478316413819226,0.046,0.072,1
"KMT5B","KMT5B",0.00281280471379863,-0.174290777124657,0.63,0.679,1
"ARL14EPL","ARL14EPL",0.00281499067682083,1.03280360290695,0.032,0.016,1
"MBOAT2","MBOAT2",0.00282100259770668,0.117300767406133,0.914,0.905,1
"ZNF672","ZNF672",0.00282387684315591,0.474725607393177,0.13,0.095,1
"ENSG00000272343","ENSG00000272343",0.00282425157941707,1.04981547334752,0.025,0.01,1
"PGAM1","PGAM1",0.00282890195729804,0.294080978658701,0.396,0.352,1
"ENSG00000260170","ENSG00000260170",0.00282966227605988,1.57955990100061,0.019,0.007,1
"TAPBP","TAPBP",0.00282977700247547,0.366233295018418,0.15,0.112,1
"SELENOS","SELENOS",0.00284509248191182,0.223716917885326,0.359,0.31,1
"PLCD4","PLCD4",0.00284528251844908,-0.54008058828272,0.03,0.052,1
"ARFGAP1","ARFGAP1",0.00285134360452968,-0.336118900565678,0.254,0.301,1
"ENSG00000224795","ENSG00000224795",0.00285370625577675,0.375768492147707,0.123,0.088,1
"SET","SET",0.00285647716109325,0.236200354434068,0.469,0.416,1
"OOSP3","OOSP3",0.00285651886968737,1.27686349966248,0.019,0.007,1
"CHEK2","CHEK2",0.00285895639761806,0.707237273011648,0.039,0.02,1
"ALG3","ALG3",0.0028623437342467,0.591785627528556,0.12,0.088,1
"EIF4A2","EIF4A2",0.0028654631840776,0.185290866005438,0.554,0.519,1
"ENSG00000265393","ENSG00000265393",0.00286858929176212,2.43425382864121,0.012,0.003,1
"SCP2","SCP2",0.00287306149641636,-0.185493815060886,0.469,0.52,1
"IER5L","IER5L",0.00287687183970749,2.42827705895726,0.012,0.003,1
"TMEM38B","TMEM38B",0.00288384935554602,0.294481883675774,0.326,0.274,1
"IGF2BP2","IGF2BP2",0.00288662517636847,1.29625751254237,0.028,0.012,1
"PSMD5","PSMD5",0.00289450405794142,-0.30454219347122,0.223,0.269,1
"HESX1","HESX1",0.00290083254205942,-0.680019903719073,0.028,0.05,1
"ASPDH","ASPDH",0.00290296826528829,0.449184639492727,0.077,0.05,1
"ENSG00000234336","ENSG00000234336",0.00290543723166141,-0.920312324980315,0.048,0.073,1
"RTL8A","RTL8A",0.00291107523815036,0.329591761001945,0.236,0.192,1
"ARHGEF25","ARHGEF25",0.00291301574056542,1.93795039452288,0.012,0.003,1
"LRPPRC","LRPPRC",0.00291783910936764,-0.176970660496448,0.56,0.596,1
"SCYL1","SCYL1",0.00291898426808801,0.394728240092682,0.207,0.167,1
"ENSG00000232455","ENSG00000232455",0.00292422003632125,1.99267827248325,0.012,0.003,1
"CEP68","CEP68",0.00292460831199535,-0.383733952010107,0.193,0.237,1
"CKAP4","CKAP4",0.00294855921670284,-0.556611904145036,0.1,0.134,1
"MALRD1","MALRD1",0.0029498320436901,-0.718927033765776,0.041,0.066,1
"ADCY5","ADCY5",0.00295329883821792,0.169687746952112,0.762,0.735,1
"BOC","BOC",0.00296843656293615,-1.41822408525863,0.006,0.018,1
"DNAJC18","DNAJC18",0.00296955746726027,-0.276307974433036,0.29,0.339,1
"MVB12A","MVB12A",0.00297473097157199,0.349223512424497,0.182,0.141,1
"SP2-AS1","SP2-AS1",0.00297558912375035,-0.475121573156225,0.095,0.128,1
"NALF1","NALF1",0.00297643899691567,-0.305909101277634,0.057,0.086,1
"PKD1L3","PKD1L3",0.00299110242753426,0.962392189891195,0.042,0.023,1
"C2orf49","C2orf49",0.00299458342423225,0.345052541346353,0.228,0.185,1
"SPATA33","SPATA33",0.00300322781046961,0.361096932118405,0.127,0.092,1
"PAFAH1B2","PAFAH1B2",0.00300734207390709,-0.147787580934283,0.728,0.75,1
"EIF4H","EIF4H",0.00301218921314182,-0.19858853607442,0.517,0.563,1
"CDH26","CDH26",0.00302445448967938,0.356872339172443,0.209,0.165,1
"ABHD10","ABHD10",0.00302731075082462,-0.451700490090216,0.142,0.181,1
"SNX8","SNX8",0.00303131520316916,-0.380888027029338,0.188,0.227,1
"NDUFA1","NDUFA1",0.00303623439129257,0.189086112383755,0.299,0.246,1
"FGD6","FGD6",0.00303901354990645,-0.618756827686885,0.041,0.065,1
"ERICH3","ERICH3",0.00303929165842733,0.927213613769577,0.03,0.014,1
"XRRA1","XRRA1",0.00304136447085864,0.209091229653401,0.532,0.482,1
"C9orf85","C9orf85",0.00305860995546193,-0.206443531719176,0.638,0.672,1
"ENSG00000249673","ENSG00000249673",0.00306554898293471,-0.465792590303849,0.075,0.107,1
"PPP1CA","PPP1CA",0.00307879694023178,0.212909868554576,0.399,0.343,1
"SUDS3","SUDS3",0.00308471867071363,-0.317715447348732,0.216,0.258,1
"THOC2","THOC2",0.0030857151166429,-0.145482551976034,0.708,0.747,1
"ANKRD6","ANKRD6",0.00308601813153349,0.713759530610792,0.072,0.046,1
"ENSG00000258695","ENSG00000258695",0.00309090200343895,0.464125524462071,0.152,0.116,1
"SLC35A4","SLC35A4",0.00309348284406461,0.224883880132707,0.151,0.112,1
"SEPTIN10","SEPTIN10",0.00310028926933864,-0.140240218894559,0.73,0.756,1
"ENSG00000224919","ENSG00000224919",0.00310766162707299,1.28639772680775,0.026,0.011,1
"ENSG00000267173","ENSG00000267173",0.00310836141560528,-0.838375894108355,0.026,0.046,1
"TMF1","TMF1",0.0031157110454526,-0.287480146167144,0.337,0.382,1
"FEZ1","FEZ1",0.00311675579991151,0.135900652755045,0.952,0.967,1
"MAP2K1","MAP2K1",0.00311741946163781,0.251620530626262,0.352,0.301,1
"ENSG00000272368","ENSG00000272368",0.00311784913866825,0.268701433984537,0.417,0.365,1
"LINC02204","LINC02204",0.00311975619554454,1.05009830790039,0.044,0.024,1
"DIPK2A","DIPK2A",0.00312132722405814,-0.334113193293264,0.418,0.454,1
"RHOXF1","RHOXF1",0.00312642152960149,2.14762530092844,0.01,0.002,1
"DCXR","DCXR",0.00314184796578931,0.143436809853536,0.363,0.308,1
"RELT","RELT",0.00314415615414768,-1.07920064288141,0.024,0.044,1
"VSTM2L","VSTM2L",0.00315026029518479,-0.903915224165024,0.008,0.022,1
"PTGR3","PTGR3",0.00315200171044149,0.292638829805393,0.283,0.236,1
"ENSG00000248092","ENSG00000248092",0.00315969364996593,0.217868651977018,0.511,0.471,1
"CLTA","CLTA",0.00316267408876365,-0.180594936032712,0.658,0.702,1
"E2F6","E2F6",0.00316688972213816,0.26707127672288,0.229,0.182,1
"NPIPA1","NPIPA1",0.00317369775337811,0.404018771025464,0.169,0.131,1
"CCDC174","CCDC174",0.00317634624887241,0.303367206403977,0.24,0.197,1
"AFG3L2","AFG3L2",0.00318421422968871,-0.344115437585984,0.276,0.32,1
"ZNF565","ZNF565",0.00318536835021079,0.137470357707339,0.634,0.576,1
"KLHL35","KLHL35",0.00318789185145025,-0.735509890806044,0.059,0.086,1
"PCAT1","PCAT1",0.00319736378233872,0.189587375673359,0.102,0.071,1
"CLN3","CLN3",0.00320385386071314,1.20115727193749,0.026,0.011,1
"SREK1IP1","SREK1IP1",0.00321244516774556,0.173056106273783,0.372,0.317,1
"A1BG-AS1","A1BG-AS1",0.00321922708979287,0.374532512495775,0.151,0.114,1
"SEMA6D","SEMA6D",0.00321931190251622,-1.02034626675962,0.019,0.037,1
"ARMCX6","ARMCX6",0.00322063338890967,0.354561289611285,0.117,0.084,1
"FBXO25","FBXO25",0.00322462988222008,-0.18530046545234,0.481,0.522,1
"DESI2","DESI2",0.0032421505490104,0.130791709753777,0.312,0.255,1
"CBFA2T2","CBFA2T2",0.00324707347087152,-0.150429856420357,0.876,0.89,1
"PKD2L2","PKD2L2",0.00325146296779982,0.648549897122896,0.099,0.069,1
"UTP4","UTP4",0.00325432651018035,0.446498685245455,0.149,0.113,1
"ZNF791","ZNF791",0.00328671423212096,0.267866488103466,0.369,0.322,1
"BLTP3B","BLTP3B",0.0032878166176923,-0.215888498358254,0.287,0.335,1
"NAPG","NAPG",0.00329453709674957,0.161425575243423,0.625,0.578,1
"ENSG00000265749","ENSG00000265749",0.00329777516768617,1.35772722676126,0.035,0.018,1
"STOX1","STOX1",0.00330198799603481,-1.54384700239942,0.008,0.02,1
"HSBP1","HSBP1",0.00330569799198212,0.243304358603712,0.458,0.418,1
"ENSG00000249141","ENSG00000249141",0.00330668650617035,0.609264956222466,0.026,0.011,1
"THAP8","THAP8",0.00330959964975036,0.284251097699086,0.17,0.129,1
"CLPTM1L","CLPTM1L",0.00331247559326937,0.305331481582987,0.191,0.15,1
"ATOSA","ATOSA",0.00331390980764005,-0.134247708571854,0.664,0.692,1
"COQ4","COQ4",0.00331779745788983,-0.321004672367976,0.238,0.277,1
"SAP30BP","SAP30BP",0.00332227690835299,-0.285055810523145,0.364,0.41,1
"VSIG10L","VSIG10L",0.00332538381970055,0.836106082581514,0.037,0.019,1
"INSYN1","INSYN1",0.00332593875952205,-0.768142822703824,0.041,0.065,1
"SNAPC2","SNAPC2",0.00333890843976358,0.557376849777501,0.077,0.05,1
"TMEM263-DT","TMEM263-DT",0.00334497147779946,0.665760403423635,0.039,0.021,1
"THBS4","THBS4",0.00334900458139573,-0.364591277593204,0.19,0.231,1
"ENSG00000249916","ENSG00000249916",0.00335332774069619,1.10498052807967,0.031,0.015,1
"PRR14","PRR14",0.00335545768777603,0.358403046189573,0.142,0.107,1
"ADAMTS7","ADAMTS7",0.0033555091397446,2.0049056238092,0.017,0.006,1
"SPRED3","SPRED3",0.00335707980701485,0.552354843417454,0.082,0.055,1
"FHIP2B","FHIP2B",0.00337112659687661,0.245725738450139,0.227,0.181,1
"SPATA2","SPATA2",0.00337172550623782,0.200371617249298,0.328,0.275,1
"DSTYK","DSTYK",0.00337183798967329,0.164235346189683,0.632,0.58,1
"ZNF543","ZNF543",0.00337388883069137,0.565289546505059,0.078,0.052,1
"GSAP","GSAP",0.00338466657700733,-0.359819881984324,0.173,0.214,1
"PPP1R3F","PPP1R3F",0.00338484486074336,0.213537636204577,0.38,0.335,1
"RSPH3","RSPH3",0.00338898947775376,0.469067859956044,0.105,0.075,1
"LOC107984010","LOC107984010",0.00341104178503966,2.07155089079248,0.017,0.006,1
"ENSG00000254733","ENSG00000254733",0.00341175345629736,0.833585933265435,0.105,0.076,1
"ENSG00000230325","ENSG00000230325",0.00341666622464418,0.370031404414696,0.102,0.071,1
"BEX2","BEX2",0.00342049108739009,0.300069623003822,0.249,0.205,1
"KLC1","KLC1",0.0034210462131587,0.145298223713677,0.62,0.574,1
"P4HTM","P4HTM",0.00342577345605275,0.222993870820737,0.412,0.356,1
"MLF2","MLF2",0.00342680297587372,0.242444385925198,0.355,0.307,1
"RCAN2","RCAN2",0.00342755061958982,-0.178785790152501,0.879,0.88,1
"ZXDA","ZXDA",0.00344268393376224,0.765503369759586,0.055,0.033,1
"HAX1","HAX1",0.00345830050506934,0.377942379367428,0.223,0.181,1
"GPR39","GPR39",0.00345900185766907,-1.05583289639694,0.011,0.025,1
"CCDC127","CCDC127",0.00346147000044477,0.446151806194315,0.139,0.105,1
"ZNF514","ZNF514",0.00346741028855099,0.443060401563179,0.145,0.109,1
"VMO1","VMO1",0.00347257605259712,1.38512959689059,0.017,0.006,1
"TAF11","TAF11",0.00348132400646981,-0.31891968202413,0.276,0.319,1
"CDK7","CDK7",0.00349219212587131,-0.313036234764045,0.137,0.176,1
"DNAH2","DNAH2",0.00349457698558747,-1.38867601044695,0.012,0.027,1
"SMCR8","SMCR8",0.00349961734758809,0.513777698786825,0.084,0.056,1
"NDN","NDN",0.0035005582149108,0.351055070745825,0.193,0.152,1
"C3orf49","C3orf49",0.00350372052003706,1.32762429595143,0.017,0.006,1
"TACR1-AS1","TACR1-AS1",0.00350385613048308,-0.530300945659034,0.059,0.087,1
"ZSWIM9","ZSWIM9",0.00351155567670718,0.294846055293147,0.163,0.124,1
"PCDHB4","PCDHB4",0.0035150425524551,0.419336079867916,0.109,0.078,1
"FMO4","FMO4",0.00351637607712602,-0.483190100781798,0.199,0.239,1
"ALG8","ALG8",0.00351992203064278,-0.297611243180082,0.211,0.258,1
"SOAT1","SOAT1",0.00352739032909988,0.519836848785035,0.147,0.112,1
"BMAL1","BMAL1",0.00352875041036036,-0.361802746156263,0.16,0.2,1
"TMPRSS11D","TMPRSS11D",0.00352881651852977,1.31298258567654,0.021,0.008,1
"MORC2-AS1","MORC2-AS1",0.00353377954612003,-0.961631880344266,0.017,0.033,1
"BEAN1","BEAN1",0.00353383467282708,-0.803570495197897,0.035,0.057,1
"TMEM14C","TMEM14C",0.00353553751381518,0.314525691501057,0.164,0.125,1
"ENSG00000269937","ENSG00000269937",0.00353701778656168,-1.11043162665008,0.011,0.025,1
"SH3RF1","SH3RF1",0.00353868995637954,-0.14618878258973,0.659,0.708,1
"ENSG00000254731","ENSG00000254731",0.00354642466376355,-1.84789422884921,0.005,0.016,1
"IP6K1","IP6K1",0.00354648119616748,-0.208224749884025,0.469,0.509,1
"PAPPA2","PAPPA2",0.00355074733772905,-0.416639154150418,0.242,0.286,1
"SLCO4A1-AS1","SLCO4A1-AS1",0.00355153887943772,1.23476647569654,0.019,0.007,1
"YJU2B","YJU2B",0.00355522241907595,-0.310624837879311,0.356,0.4,1
"RNF103-CHMP3","RNF103-CHMP3",0.00355979757640623,-0.909555765633323,0.033,0.055,1
"MOCS1","MOCS1",0.00356294293459069,0.314725569032598,0.202,0.158,1
"PIGF","PIGF",0.0035659545349797,-0.23815925908892,0.445,0.493,1
"CMYA5","CMYA5",0.00357825332230747,0.706944563601855,0.075,0.049,1
"WDR13","WDR13",0.00359487909733971,0.17427920048354,0.341,0.288,1
"SYT3","SYT3",0.00361194172560629,1.10135831686178,0.026,0.012,1
"TOP3A","TOP3A",0.00362187686959684,-0.361424395723738,0.164,0.205,1
"SH3BGRL2","SH3BGRL2",0.00362298820344372,-0.326551601392449,0.273,0.318,1
"ENSG00000269028","ENSG00000269028",0.00362312909022161,-0.389566682367511,0.305,0.344,1
"ENSG00000226445","ENSG00000226445",0.00363252613673678,0.603097215906503,0.135,0.102,1
"SBF1","SBF1",0.00363657018589556,0.172924956367713,0.522,0.478,1
"GSK3A","GSK3A",0.00363841361028695,0.228349440168346,0.236,0.19,1
"NCBP2AS2","NCBP2AS2",0.00365471539477559,0.402677860406226,0.15,0.113,1
"NMNAT3","NMNAT3",0.00365900677325075,-0.60848134881642,0.099,0.131,1
"CAMSAP2","CAMSAP2",0.00365966791389432,0.111306683904362,0.823,0.776,1
"ENSG00000225214","ENSG00000225214",0.00367031477698328,1.82370786338289,0.014,0.004,1
"DYM","DYM",0.00367043389197669,-0.11338090464563,0.924,0.918,1
"SAP30L-AS1","SAP30L-AS1",0.00367104011588854,-0.311704054738437,0.14,0.179,1
"NOL8","NOL8",0.00367513304575263,0.288151994422412,0.314,0.269,1
"LOC101928008","LOC101928008",0.00368555528547472,0.507879966409328,0.108,0.076,1
"LRRK2","LRRK2",0.00369157175100375,-0.845358538503426,0.033,0.055,1
"RESF1","RESF1",0.00369816570837593,0.201760491231859,0.431,0.375,1
"OAF","OAF",0.0037157743732631,0.528031748726411,0.078,0.052,1
"SOCS3","SOCS3",0.00371715056907443,1.70824489089932,0.014,0.004,1
"CETN3","CETN3",0.00371908781277181,-0.314868124282285,0.229,0.273,1
"CDCA3","CDCA3",0.00372658267254191,1.39435953023319,0.014,0.004,1
"SCLT1","SCLT1",0.00374409863268161,-0.197261844932256,0.568,0.601,1
"CREB3L2","CREB3L2",0.00374486763634441,0.254942718862034,0.313,0.266,1
"LPCAT4","LPCAT4",0.0037542426058031,0.392063361399512,0.071,0.046,1
"ENSG00000254343","ENSG00000254343",0.00376931252586227,0.530277149493448,0.137,0.103,1
"POLR3H","POLR3H",0.00377735898264906,0.220101420063162,0.182,0.141,1
"FLVCR1","FLVCR1",0.00378609514940471,-0.254357824068359,0.196,0.241,1
"LINC01315","LINC01315",0.00379633100773287,0.380135861341033,0.319,0.275,1
"ANKDD1B","ANKDD1B",0.0037964954541816,0.581597362994293,0.082,0.056,1
"RGS2-AS1","RGS2-AS1",0.00379831125372374,0.587473711247279,0.083,0.056,1
"MAEA","MAEA",0.00379904806025169,0.219267177486032,0.286,0.237,1
"MEX3C","MEX3C",0.00380182025387136,0.372131415543627,0.194,0.154,1
"WRAP73","WRAP73",0.00380690923034368,0.300372075216915,0.126,0.092,1
"LOC105372480","LOC105372480",0.003811386044785,0.396612394315811,0.145,0.11,1
"SLC36A1","SLC36A1",0.00382098944976904,0.249445464911734,0.235,0.189,1
"ENSG00000255621","ENSG00000255621",0.00382360312589375,-0.342851657693569,0.017,0.033,1
"UBQLN1","UBQLN1",0.00383752496938642,0.130969828028566,0.634,0.588,1
"JADE1","JADE1",0.00383814666789781,0.434722841703472,0.244,0.205,1
"PABPC1L2A","PABPC1L2A",0.00384422211095396,1.54182872235473,0.027,0.012,1
"SF3B1","SF3B1",0.00384631042542077,0.132299566240414,0.705,0.654,1
"MAPK8IP3","MAPK8IP3",0.00384843819544531,0.126066221729256,0.754,0.726,1
"ENSG00000253535","ENSG00000253535",0.00385504661284748,0.574056499530388,0.103,0.074,1
"NOMO1","NOMO1",0.00386836086594117,0.25258115891772,0.349,0.301,1
"ENSG00000232934","ENSG00000232934",0.00387268074234689,0.985527773153003,0.038,0.02,1
"FIZ1","FIZ1",0.00387479281467596,0.619158099399152,0.086,0.059,1
"ENSG00000271218","ENSG00000271218",0.003877309847416,0.530810974914212,0.118,0.087,1
"GYG1","GYG1",0.00387893957003203,0.393684547664457,0.181,0.142,1
"KLHDC2","KLHDC2",0.00388106667881933,0.209421940905406,0.355,0.303,1
"HERC5","HERC5",0.00388151361715923,-0.940498148069568,0.017,0.034,1
"MSX1","MSX1",0.0038874740104924,0.903216362814042,0.054,0.033,1
"FAM210B","FAM210B",0.003889956727075,0.463826091391945,0.189,0.152,1
"ENSG00000278996","ENSG00000278996",0.00388996336632025,-0.116481843511236,0.715,0.752,1
"TDP2","TDP2",0.00389322372050485,0.297213293678106,0.234,0.19,1
"RSAD1","RSAD1",0.00389453332127522,0.398984984791716,0.153,0.118,1
"EIPR1","EIPR1",0.00389494368104111,-0.235629172793374,0.272,0.316,1
"ZNF320","ZNF320",0.00390721990166355,0.918734777291415,0.038,0.02,1
"KIRREL3","KIRREL3",0.00390815929016086,0.21102179290897,0.704,0.679,1
"ENSG00000260729","ENSG00000260729",0.00390994304515513,-0.179416197548519,0.489,0.535,1
"TREH","TREH",0.00391292846722374,-1.26098726434077,0.01,0.024,1
"GPR37L1","GPR37L1",0.00391951357749044,-0.383878176439854,0.254,0.293,1
"DUSP14","DUSP14",0.00392523367389766,0.786043787375202,0.049,0.029,1
"ADI1","ADI1",0.00392917733988472,-0.209457717534578,0.339,0.39,1
"MAP7D3","MAP7D3",0.00392970766706253,0.431402765570817,0.093,0.064,1
"ENSG00000266877","ENSG00000266877",0.00393966644714421,1.20630834154234,0.024,0.01,1
"NCOA3","NCOA3",0.00394337606409884,-0.188711931414376,0.501,0.538,1
"RFX8","RFX8",0.00394820645085206,-1.59869105916398,0.013,0.028,1
"DNAJC15","DNAJC15",0.00394838294391448,-0.319035203423409,0.279,0.322,1
"FAM234A","FAM234A",0.00395617626052016,0.251890224788911,0.341,0.29,1
"ESYT3","ESYT3",0.00395685182537398,1.37869925987206,0.027,0.012,1
"MSRB2","MSRB2",0.00396267251939795,0.220550928853132,0.408,0.357,1
"TPCN2","TPCN2",0.00396929009425988,-0.602995033639982,0.051,0.077,1
"SLC38A6","SLC38A6",0.00397018203345752,-0.332619172660502,0.258,0.297,1
"DPH3","DPH3",0.004006268212401,0.383653816574999,0.109,0.077,1
"ENSG00000271727","ENSG00000271727",0.00401961541244586,-0.725358958585415,0.032,0.053,1
"LOC101928988","LOC101928988",0.00402140105560096,-1.0171628784314,0.007,0.019,1
"TMEM178B","TMEM178B",0.00404282628791133,-0.178024792880561,0.643,0.688,1
"PTPN21","PTPN21",0.0040443371162355,-0.333944198565919,0.144,0.184,1
"BRMS1","BRMS1",0.00404979718219228,0.429398104054498,0.111,0.079,1
"ENSG00000266111","ENSG00000266111",0.00405200319259932,-0.399269529139757,0.178,0.218,1
"CD320","CD320",0.00405426183768377,0.435461916690671,0.132,0.098,1
"N4BP2","N4BP2",0.00406503088797839,-0.946399682498952,0.051,0.076,1
"FGFRL1","FGFRL1",0.00406917141842445,0.330052043648339,0.205,0.164,1
"TYMS","TYMS",0.00407095061235414,-1.72456415687639,0.003,0.013,1
"GUCY1B1","GUCY1B1",0.00407275833066629,-0.602650345401438,0.055,0.082,1
"PSMA1","PSMA1",0.00407289657372256,0.63604426099168,0.077,0.052,1
"PRKAR1A","PRKAR1A",0.00408193064276818,0.167686659471169,0.71,0.691,1
"EIF3G","EIF3G",0.00408399741940421,0.288924811839173,0.245,0.199,1
"VTA1","VTA1",0.00409785285798172,0.236723590172631,0.424,0.368,1
"NTPCR","NTPCR",0.0040984165055392,0.201838698332833,0.302,0.253,1
"ADAM22","ADAM22",0.00411028357298226,-0.281563680482494,0.463,0.498,1
"ARHGAP27","ARHGAP27",0.00411045863366389,-1.08026190462269,0.017,0.034,1
"MAPT","MAPT",0.00411647197498376,0.185405749968895,0.846,0.826,1
"GGT7","GGT7",0.00411648029317288,0.188739000180491,0.382,0.331,1
"CAMSAP1","CAMSAP1",0.0041313477454605,0.171404503157079,0.511,0.459,1
"ENSG00000282142","ENSG00000282142",0.00413850263115816,-2.1900830600478,0.003,0.012,1
"SLC35D4","SLC35D4",0.00414551616747284,-0.128019771466353,0.173,0.216,1
"NAT9","NAT9",0.00414663558800076,0.268839405721863,0.182,0.142,1
"GTPBP8","GTPBP8",0.00415504608593907,0.321247086991318,0.215,0.172,1
"ARV1","ARV1",0.00415599386846521,0.289070464699596,0.252,0.208,1
"MAT2B","MAT2B",0.00415736926925992,0.373545143432569,0.148,0.113,1
"MSANTD1","MSANTD1",0.00416099516777496,0.787224496353798,0.064,0.041,1
"UXT","UXT",0.00416569270035295,0.389147919094434,0.181,0.142,1
"LIMK1","LIMK1",0.00417515189449875,-0.773115259073554,0.042,0.065,1
"ENSG00000255507","ENSG00000255507",0.00417695154800323,1.51900988860517,0.016,0.005,1
"GLCE","GLCE",0.00417725639480515,0.178337713376444,0.751,0.702,1
"NPIPB4","NPIPB4",0.0041783303103767,-0.410672440877208,0.13,0.167,1
"SENP1","SENP1",0.00418456428697183,-0.289750292528599,0.214,0.26,1
"ENSG00000255028","ENSG00000255028",0.00418964400092608,0.983728001166108,0.046,0.027,1
"ENSG00000251537","ENSG00000251537",0.00419297958255703,1.39910585462946,0.016,0.005,1
"ENSG00000276302","ENSG00000276302",0.00420634563888486,-0.976404869316005,0.028,0.048,1
"ATP6V1B2","ATP6V1B2",0.00420794500077845,0.264056799385042,0.298,0.252,1
"TMEM170B","TMEM170B",0.00421384334095804,0.326539994881907,0.284,0.241,1
"TPR","TPR",0.00422321295476717,0.168905682624483,0.534,0.49,1
"SAYSD1","SAYSD1",0.00423796622999004,0.456446761076645,0.112,0.082,1
"C1QB","C1QB",0.00425648267219068,0.938843531404092,0.022,0.009,1
"ENSG00000283374","ENSG00000283374",0.0042571074100583,-0.60081682694884,0.058,0.085,1
"CCT6B","CCT6B",0.00426104121177021,-0.377992516506102,0.102,0.136,1
"PLOD1","PLOD1",0.00426705077495112,0.474858287028644,0.153,0.118,1
"RYK","RYK",0.00427213171448093,0.198404729841764,0.527,0.481,1
"PPEF2","PPEF2",0.00427238949298682,1.79730152948979,0.012,0.003,1
"RNF214","RNF214",0.00427399037524891,-0.326896093056765,0.265,0.307,1
"MYLIP","MYLIP",0.00427746939688494,-0.317787231425255,0.233,0.276,1
"ENSG00000228536","ENSG00000228536",0.00427839695283134,1.67755978305852,0.018,0.007,1
"NR1H2","NR1H2",0.0042839558208023,0.181950943924901,0.317,0.266,1
"CTDSP1","CTDSP1",0.00428451604614253,-0.323297032969475,0.155,0.196,1
"VOPP1","VOPP1",0.00428998002448044,0.185482730000678,0.628,0.572,1
"PRICKLE3","PRICKLE3",0.00429970681678457,1.51774732273948,0.018,0.007,1
"RPAP1","RPAP1",0.00431823158765755,0.387849747914103,0.173,0.135,1
"C11orf68","C11orf68",0.0043337939474005,0.322935524757767,0.18,0.141,1
"ENSG00000267892","ENSG00000267892",0.00433720879131957,1.49333409288051,0.012,0.003,1
"NOL9","NOL9",0.00436399006712823,-0.342651238009847,0.195,0.237,1
"PDHX","PDHX",0.00436915564660001,-0.189468598238213,0.417,0.459,1
"SRSF5","SRSF5",0.00437156654070638,-0.121705648595572,0.748,0.765,1
"FKBP1C","FKBP1C",0.00437575299577578,1.38919293590804,0.012,0.003,1
"ENSG00000223935","ENSG00000223935",0.00437595747038539,-1.23079795472,0.008,0.021,1
"ENSG00000241990","ENSG00000241990",0.0043817602244561,0.710229687796091,0.035,0.018,1
"PSTK","PSTK",0.00438482142183446,-0.35304890828574,0.327,0.366,1
"RIPK2","RIPK2",0.00438597718656561,0.264338051563355,0.231,0.187,1
"KAT6A","KAT6A",0.00438631998985813,0.118431943287295,0.803,0.768,1
"ENSG00000268015","ENSG00000268015",0.0043873766544131,1.46766205514997,0.012,0.003,1
"F8","F8",0.00438903066465413,-0.522832755414483,0.091,0.122,1
"ENSG00000269604","ENSG00000269604",0.00439839096106627,0.780466459911431,0.027,0.012,1
"UQCRC1","UQCRC1",0.00439903730224364,0.305259112537954,0.225,0.183,1
"SNW1","SNW1",0.00442611901346035,-0.276760942367135,0.305,0.349,1
"LINC00106","LINC00106",0.00442638725094469,-0.439853561618263,0.119,0.153,1
"LRP5","LRP5",0.00444202617758127,0.236474944395028,0.333,0.281,1
"POLD1","POLD1",0.00445110526313436,0.924825677695197,0.036,0.019,1
"ENSG00000267484","ENSG00000267484",0.00445789218090428,0.840598663098964,0.018,0.007,1
"ENSG00000282840","ENSG00000282840",0.00445921045794035,-1.53291387800344,0.01,0.023,1
"PDE6B","PDE6B",0.00447708659619939,-0.447776636465051,0.268,0.307,1
"EFTUD2","EFTUD2",0.00447788140927771,-0.312551448650473,0.192,0.237,1
"ARL6IP5","ARL6IP5",0.00447813284690723,0.206151301561735,0.658,0.632,1
"DEXI","DEXI",0.00449458740585356,0.335159581582839,0.178,0.141,1
"ABHD17B","ABHD17B",0.00449975574716173,-0.195075156780415,0.637,0.663,1
"ENSG00000281721","ENSG00000281721",0.00450252029808777,-0.340144026060492,0.194,0.237,1
"TRAF3IP2","TRAF3IP2",0.0045041687709698,0.658025427371915,0.073,0.048,1
"KLC2","KLC2",0.0045157889738909,0.195806107695523,0.167,0.127,1
"KLHDC1","KLHDC1",0.00451850028973735,-0.202842161069468,0.575,0.608,1
"FBXO11","FBXO11",0.00452800487135392,0.115872982542153,0.817,0.792,1
"CPTP","CPTP",0.00453084729053766,0.449063121249447,0.087,0.059,1
"ENTREP3","ENTREP3",0.00453552557097169,0.468765329907471,0.145,0.111,1
"KIFC2","KIFC2",0.00453962723840106,0.542606052322744,0.083,0.056,1
"DISP2","DISP2",0.0045474712180928,0.92382731399074,0.044,0.025,1
"IGBP1","IGBP1",0.00454843620706167,-0.312104680691733,0.276,0.317,1
"ARL15","ARL15",0.00455176076614638,0.202974633377976,0.645,0.614,1
"CRPPA","CRPPA",0.00455337512469464,-0.273516391624696,0.326,0.369,1
"RPRD1A","RPRD1A",0.00455573706558646,-0.134437908360854,0.672,0.701,1
"CTSL","CTSL",0.00456275537464051,0.188674167624237,0.249,0.201,1
"ENSG00000253636","ENSG00000253636",0.00456575677948188,0.427134200834847,0.12,0.088,1
"SAP130","SAP130",0.00456859947018452,-0.204731892171437,0.324,0.37,1
"CIAO3","CIAO3",0.00457220446505962,0.328966548768579,0.154,0.118,1
"AIP","AIP",0.00458017865586674,0.269153193325087,0.276,0.231,1
"CHRFAM7A","CHRFAM7A",0.00458263540400637,-1.44323526229636,0.01,0.023,1
"SURF1","SURF1",0.00458731156439781,0.367043283896235,0.133,0.099,1
"XPO5","XPO5",0.0045958542563731,0.179245628047669,0.377,0.325,1
"AMBRA1","AMBRA1",0.00461806192999044,-0.13677268413246,0.782,0.803,1
"SPATS2L","SPATS2L",0.0046263139809443,0.178619507053671,0.724,0.671,1
"WDR7","WDR7",0.00463588643898642,-0.110190833917788,0.869,0.88,1
"CIB1","CIB1",0.00464356150774949,0.242604439930143,0.168,0.129,1
"ENSG00000241449","ENSG00000241449",0.00464606791790673,1.27152419811604,0.028,0.013,1
"COQ10B","COQ10B",0.004646493702869,-0.377770100355683,0.173,0.212,1
"NOL6","NOL6",0.0046469701241249,0.803244855379893,0.056,0.035,1
"LOC157273","LOC157273",0.00465253401094612,-1.24887438117465,0.01,0.023,1
"EEF1A2","EEF1A2",0.00465261062325342,-0.237566250360973,0.256,0.3,1
"NIP7","NIP7",0.0046558193933184,0.452808241218793,0.078,0.052,1
"SLC9B2","SLC9B2",0.00465740269748576,0.231189195290441,0.317,0.268,1
"ZNF579","ZNF579",0.00465745079187586,0.403254230661855,0.153,0.118,1
"SLFNL1-AS1","SLFNL1-AS1",0.00466094462008939,0.665131364918929,0.055,0.034,1
"CCS","CCS",0.00466508723135083,-0.363248204741704,0.169,0.208,1
"RABL6","RABL6",0.00467307897092586,0.127406398409822,0.604,0.561,1
"CCNA2","CCNA2",0.00467919945663868,0.88770713079626,0.048,0.028,1
"PRKCB","PRKCB",0.00469109995724371,-0.136549286277924,0.61,0.657,1
"CINP","CINP",0.00469291879992187,-0.285872865693173,0.27,0.316,1
"TNFSF13B","TNFSF13B",0.00469421351359224,0.715842515531174,0.073,0.048,1
"DAB2IP","DAB2IP",0.00470471843116253,-0.476730636431055,0.058,0.085,1
"DEUP1","DEUP1",0.00471042291398207,-0.639618146525064,0.041,0.064,1
"CCNG2","CCNG2",0.00471846078761945,0.549020597561739,0.077,0.052,1
"ACTR3","ACTR3",0.0047232642147819,0.178803937728316,0.63,0.586,1
"YTHDF1","YTHDF1",0.00472738381951161,0.19732502265488,0.26,0.213,1
"RFC5","RFC5",0.00473232861334236,-0.992035263051569,0.021,0.039,1
"ENSG00000230612","ENSG00000230612",0.00474098175770833,0.499547473287468,0.09,0.062,1
"CENPI","CENPI",0.00475149050146163,-0.732398903191593,0.049,0.074,1
"H2BC6","H2BC6",0.00476954856006513,0.515469214784486,0.101,0.072,1
"PHTF1","PHTF1",0.00477304876632402,-0.649132323285536,0.083,0.113,1
"DIO1","DIO1",0.00477334680288944,1.49114262534493,0.023,0.01,1
"PSMD4","PSMD4",0.00477418191756395,0.261972518854706,0.377,0.327,1
"LINC02055","LINC02055",0.00478211087949911,0.700600278490818,0.05,0.029,1
"ZSCAN16","ZSCAN16",0.00478717985241476,-0.822469013036824,0.043,0.066,1
"COQ5","COQ5",0.00479641337884545,-0.351409540131559,0.209,0.248,1
"YWHAE","YWHAE",0.0047990221641798,0.122239498975462,0.808,0.808,1
"ZNF112","ZNF112",0.00480040872877081,0.791936760424407,0.06,0.038,1
"FLNC","FLNC",0.00480685428047399,0.238015583654581,0.214,0.171,1
"SPDL1","SPDL1",0.00482461983860214,0.393680291506093,0.086,0.059,1
"BPNT1","BPNT1",0.00482465328132547,-0.269031159592729,0.122,0.158,1
"SMTN","SMTN",0.00483930467732894,0.491003967222639,0.079,0.053,1
"GNL1","GNL1",0.00484198150450476,-0.463086230057164,0.132,0.167,1
"PRPF8","PRPF8",0.00484264238789952,0.213871092658598,0.402,0.35,1
"STX17","STX17",0.00485370872025105,-0.233467538157689,0.312,0.361,1
"MT1X","MT1X",0.00485919012253468,0.448674120960058,0.072,0.047,1
"HMGCS1","HMGCS1",0.00485998863048375,0.414009184732623,0.275,0.232,1
"HPS6","HPS6",0.00486139126228027,1.01515818723561,0.023,0.01,1
"ENSG00000264187","ENSG00000264187",0.0048707502664898,0.556866297186389,0.069,0.045,1
"MCM8","MCM8",0.00487091297044859,0.544197756590213,0.148,0.114,1
"GATM","GATM",0.00487516393796184,-0.130231827759188,0.828,0.852,1
"RIMKLA","RIMKLA",0.00487727640103645,0.53859476288775,0.107,0.078,1
"BLOC1S4","BLOC1S4",0.00487762423005251,0.377543509625812,0.087,0.059,1
"DDX24","DDX24",0.00489049745172172,-0.16633557298767,0.671,0.714,1
"LOC101927787","LOC101927787",0.00489180603515447,-1.75414757420643,0.006,0.016,1
"NOB1","NOB1",0.00490138513127507,0.450480771618443,0.089,0.061,1
"ERG28","ERG28",0.00490896953553112,0.270241678759885,0.332,0.286,1
"GAL3ST2","GAL3ST2",0.00491631979585653,1.0901128310393,0.034,0.018,1
"ENSG00000228539","ENSG00000228539",0.00492051708235758,1.73829134982771,0.015,0.005,1
"POLR2F-AS1","POLR2F-AS1",0.00493184802812096,-1.08839078364872,0.011,0.025,1
"ZNF692","ZNF692",0.00493235290185231,0.172230090372277,0.283,0.235,1
"SPTLC2","SPTLC2",0.00495015980791146,-0.148983111077737,0.836,0.85,1
"SPTBN2","SPTBN2",0.00495638495495149,0.596922475746976,0.043,0.024,1
"KLHL5","KLHL5",0.00496254518092678,-0.339098269457088,0.229,0.269,1
"CECR2","CECR2",0.00496785358867736,-0.143850815993522,0.674,0.707,1
"LRRTM1","LRRTM1",0.00497150432559547,1.61218527179411,0.015,0.005,1
"RANBP3","RANBP3",0.00498266942708618,0.241786342672453,0.381,0.336,1
"SART3","SART3",0.00499115792657197,-0.31705011577626,0.249,0.293,1
"TTPAL","TTPAL",0.00500157841053449,0.460698331075815,0.112,0.081,1
"FAM228A","FAM228A",0.00501013658090728,-0.961962872285981,0.012,0.027,1
"SLC25A1","SLC25A1",0.00501089102290858,0.193201547262786,0.294,0.244,1
"FAM13A","FAM13A",0.00501566267130125,0.280112144982717,0.33,0.284,1
"PCDH9-AS1","PCDH9-AS1",0.00502606265962634,0.351076389988168,0.237,0.195,1
"GNAS","GNAS",0.00504054787900992,0.131692305303035,0.84,0.825,1
"PRTG","PRTG",0.00504578374494781,0.219164783214111,0.576,0.529,1
"ADARB1","ADARB1",0.00504773574112959,0.545555709513747,0.164,0.129,1
"OLA1","OLA1",0.0050573089175846,-0.146267454067758,0.671,0.698,1
"EFCAB3","EFCAB3",0.00505855511332667,0.679985551386296,0.047,0.027,1
"SLC9D1","SLC9D1",0.00506637608502574,-0.243026094377336,0.43,0.465,1
"MLF1","MLF1",0.00506789695392093,-0.400729429395092,0.114,0.149,1
"MPST","MPST",0.00507695087469415,0.165771202818272,0.33,0.278,1
"ENSG00000231113","ENSG00000231113",0.00508184039382237,0.608441733745255,0.087,0.06,1
"ENSG00000259943","ENSG00000259943",0.00510336695815302,0.431659531482113,0.093,0.065,1
"TRPV5","TRPV5",0.00511204872307028,-0.257263530071984,0.26,0.306,1
"MADD","MADD",0.00511729536646269,0.245865714941716,0.38,0.333,1
"USP13","USP13",0.00511745060017632,-0.222005357986858,0.379,0.423,1
"ENSG00000260563","ENSG00000260563",0.00512235834020827,0.530856169842261,0.082,0.056,1
"SLC15A4","SLC15A4",0.00513068418364998,0.223516683534631,0.381,0.334,1
"EIF3B","EIF3B",0.00513097099221388,0.219984831411005,0.406,0.354,1
"GATC","GATC",0.00514770546725115,0.336542886501082,0.24,0.197,1
"MAGED2","MAGED2",0.005150297717048,0.263166131058269,0.232,0.19,1
"ENSG00000234418","ENSG00000234418",0.00515677539759979,-0.838698642549364,0.032,0.052,1
"ENSG00000270147","ENSG00000270147",0.00516107931860616,1.09484958850248,0.021,0.008,1
"ZCCHC8","ZCCHC8",0.00516296675116284,0.192593700929694,0.314,0.27,1
"ENSG00000257759","ENSG00000257759",0.00516525016260034,0.327488574805425,0.299,0.255,1
"DSE","DSE",0.00516689706163361,-0.242618012834937,0.472,0.503,1
"SHISA6","SHISA6",0.0051671429548463,-0.906331019916329,0.03,0.05,1
"ENSG00000267168","ENSG00000267168",0.00516863352492523,0.993538057461788,0.037,0.02,1
"TNKS1BP1","TNKS1BP1",0.0051718279598721,-0.783707383307443,0.012,0.027,1
"FBL","FBL",0.00517476655250262,0.328474614462617,0.094,0.065,1
"UFD1","UFD1",0.00517849085016212,0.196080485643419,0.274,0.229,1
"PPP1R21","PPP1R21",0.00518208629445838,-0.136889559894684,0.791,0.806,1
"TET3","TET3",0.00519045717621375,-0.184340102414117,0.567,0.609,1
"ZBTB45","ZBTB45",0.00519772274100075,0.743590893912915,0.077,0.052,1
"SNHG7","SNHG7",0.0051995668903521,0.146530001013756,0.361,0.312,1
"ENSG00000251279","ENSG00000251279",0.00520227645282697,-0.526905903956087,0.075,0.104,1
"ENSG00000258378","ENSG00000258378",0.00521343640566698,0.643445869032078,0.088,0.061,1
"VIRMA","VIRMA",0.00521597300580345,-0.256118272334286,0.368,0.416,1
"LINC02615","LINC02615",0.00521643220072004,-0.239651546728584,0.527,0.561,1
"WDR70","WDR70",0.005222132832944,-0.114220709019648,0.829,0.833,1
"PTPN7","PTPN7",0.00522806405963221,-0.712432456556269,0.047,0.071,1
"TMSB15B","TMSB15B",0.00522910124919376,2.15326342718347,0.01,0.002,1
"IZUMO4","IZUMO4",0.00523552448863822,-0.369282920431062,0.261,0.3,1
"LINC00382","LINC00382",0.00524497346290688,2.03860734971473,0.01,0.002,1
"TMPRSS12","TMPRSS12",0.00525027386478777,2.06108579304243,0.01,0.002,1
"TMEM45A","TMEM45A",0.00525111376435058,0.555598972376448,0.061,0.039,1
"AKR1B1","AKR1B1",0.0052559881067938,0.302015298304881,0.187,0.148,1
"BLTP1","BLTP1",0.00526015085261007,-0.109055431276851,0.883,0.895,1
"EFCAB6-DT","EFCAB6-DT",0.0052646433686967,-0.855757871311075,0.022,0.04,1
"PFN1","PFN1",0.00527138938075291,0.254961760310808,0.528,0.505,1
"ENSG00000237031","ENSG00000237031",0.00527152389479151,1.74612669054305,0.01,0.002,1
"SNX30","SNX30",0.00527660946312202,0.151022659398374,0.786,0.759,1
"DOT1L","DOT1L",0.00528913890862191,0.355133970986848,0.257,0.218,1
"SLC39A4","SLC39A4",0.00529819567203616,1.44957939913774,0.01,0.002,1
"GARRE1","GARRE1",0.00530097984490576,-0.103343862352921,0.592,0.639,1
"PLAA","PLAA",0.00530399514263624,0.24483298889946,0.337,0.293,1
"GPC1","GPC1",0.00530717270124235,0.268798115747999,0.131,0.097,1
"BRCC3","BRCC3",0.00531179987764862,-0.300859567010865,0.259,0.301,1
"GPI","GPI",0.0053141658712648,0.186275822720085,0.586,0.537,1
"HADHB","HADHB",0.00532165177478522,0.160980638814868,0.554,0.514,1
"ENSG00000272647","ENSG00000272647",0.00532713482326938,-0.817886571176111,0.022,0.04,1
"ENSG00000235085","ENSG00000235085",0.00533279103178118,0.973124642146217,0.035,0.018,1
"PPP6R1","PPP6R1",0.00533339752484843,0.230977625897042,0.281,0.233,1
"NUP50","NUP50",0.00534037837555863,-0.35606763300154,0.129,0.165,1
"ENSG00000236498","ENSG00000236498",0.00534530737471336,0.937960745745387,0.034,0.018,1
"SMYD5","SMYD5",0.00535425899778845,0.395484075408456,0.109,0.078,1
"ENSG00000272077","ENSG00000272077",0.00536335610046783,0.782593538163671,0.034,0.018,1
"SBDS","SBDS",0.00537129943752609,-0.165621974630378,0.476,0.525,1
"CSTF2","CSTF2",0.00537244375753255,0.489970860222478,0.082,0.056,1
"CDK10","CDK10",0.00537301227223484,0.337891300435564,0.229,0.187,1
"SIN3A","SIN3A",0.00537332274422378,-0.305652137636115,0.238,0.28,1
"INPP5E","INPP5E",0.00538682881734357,0.568078277643306,0.092,0.065,1
"FREM3","FREM3",0.00538758446023708,-1.21428919631675,0.016,0.031,1
"ARHGEF11","ARHGEF11",0.00538931264047347,0.132226657811199,0.336,0.285,1
"ENSG00000282885","ENSG00000282885",0.00539736798327891,0.40223677094125,0.133,0.1,1
"NMT1","NMT1",0.00541450851146896,0.219942305174176,0.474,0.427,1
"MBTPS1","MBTPS1",0.00543300467297736,0.196116223090417,0.478,0.422,1
"UHMK1","UHMK1",0.00543315496898134,0.194253281620671,0.418,0.373,1
"CCDC148","CCDC148",0.00543346651889109,0.204349079882398,0.424,0.371,1
"POPDC1-AS1","POPDC1-AS1",0.00543939611080131,0.266620920062858,0.339,0.293,1
"MCM2","MCM2",0.00544222023216035,-1.03620248978941,0.009,0.022,1
"ENSG00000261737","ENSG00000261737",0.00544932032304276,0.902483049692735,0.019,0.007,1
"ENSG00000249392","ENSG00000249392",0.00545562008127208,-1.21285476308478,0.009,0.022,1
"EPHA7","EPHA7",0.00545626317754882,-0.397228698912826,0.066,0.095,1
"LINC02901","LINC02901",0.00546037352910285,1.1233052441753,0.019,0.007,1
"LINC00504","LINC00504",0.00546887179342277,-0.856249673073116,0.039,0.061,1
"ENSG00000236021","ENSG00000236021",0.0054813434648536,-0.385325925681959,0.182,0.221,1
"FSD2","FSD2",0.00548331539538819,-0.83291656020624,0.024,0.042,1
"MEX3A","MEX3A",0.0054879434308015,1.12886070950905,0.017,0.006,1
"DPY19L1","DPY19L1",0.00549358839525664,0.154746938755414,0.755,0.704,1
"ENSG00000246451","ENSG00000246451",0.00549834248198965,0.402799942161645,0.089,0.061,1
"RIMS1","RIMS1",0.00549923601648326,-0.222516964570813,0.422,0.465,1
"KCNJ5","KCNJ5",0.0055013327319631,0.759407829553311,0.054,0.033,1
"SHANK2","SHANK2",0.00551515786783732,-0.744863678349495,0.049,0.073,1
"ZSWIM3","ZSWIM3",0.00551557101191355,-0.445634150867456,0.049,0.074,1
"PID1","PID1",0.00551817121335131,0.737443932936047,0.067,0.044,1
"KIF22","KIF22",0.00552390571303845,-0.715863618871465,0.067,0.093,1
"MATN2","MATN2",0.00554844719907582,0.619665794767315,0.18,0.147,1
"LAMTOR1","LAMTOR1",0.00554942946157285,0.22145036439159,0.431,0.388,1
"PDK1","PDK1",0.00555982820410452,0.559529027475477,0.164,0.129,1
"BCAP31","BCAP31",0.00556111983857996,0.195105975651016,0.348,0.299,1
"THAP2","THAP2",0.00556921059553571,0.321728186779012,0.169,0.132,1
"KHK","KHK",0.00556951996873282,0.474916004772901,0.051,0.031,1
"FAAP100","FAAP100",0.00557693433328017,-0.630367985896258,0.052,0.076,1
"LACTB","LACTB",0.0055860881155747,0.383982561497788,0.127,0.094,1
"GNB4","GNB4",0.00559530846572137,-0.421881416733316,0.19,0.226,1
"SSR4","SSR4",0.00560119434694274,0.367419698770086,0.2,0.161,1
"MPP2","MPP2",0.00560313782643517,-0.145700982019244,0.572,0.614,1
"ZFY","ZFY",0.00560918211586691,0.320628453686078,0.193,0.153,1
"TMED4","TMED4",0.00564332939090101,-0.257256975862319,0.304,0.35,1
"TEFM","TEFM",0.00564364597006564,0.257039042584768,0.294,0.247,1
"TGFB1","TGFB1",0.00564839048731048,0.686650365078395,0.075,0.051,1
"ENSG00000283554","ENSG00000283554",0.00565276656121682,0.734086589205541,0.044,0.025,1
"ENSG00000251488","ENSG00000251488",0.00565333484448314,-0.43765859938317,0.103,0.135,1
"ARMCX2","ARMCX2",0.00565410729763774,0.446634104838169,0.115,0.084,1
"PTPRZ1","PTPRZ1",0.00566961394951434,-0.859876128751323,0.021,0.038,1
"IQSEC2","IQSEC2",0.00567394408519916,0.236200563866388,0.109,0.078,1
"SRPK3","SRPK3",0.0056763235702121,0.535628171171237,0.088,0.061,1
"ENSG00000235450","ENSG00000235450",0.00567650965556394,-0.260435572430942,0.196,0.238,1
"ZBED3","ZBED3",0.00567809928636321,-0.320519165113279,0.194,0.234,1
"RGS22","RGS22",0.00568056761337799,1.17339744723148,0.023,0.01,1
"TRIM9","TRIM9",0.00568173493569254,0.244415711835405,0.522,0.471,1
"NCOA7-AS1","NCOA7-AS1",0.0056825616345252,0.659810829477492,0.053,0.033,1
"VPS54","VPS54",0.00571164922225667,-0.127633867202641,0.631,0.668,1
"LINC01260","LINC01260",0.0057145468022243,-0.402721179089151,0.069,0.097,1
"SUPT3H","SUPT3H",0.005745237769906,0.101457436684925,0.88,0.846,1
"ENSG00000277151","ENSG00000277151",0.00575106625158342,0.967575853050268,0.023,0.01,1
"PABPN1","PABPN1",0.00575467666756007,-0.195224330153091,0.33,0.379,1
"TRRAP","TRRAP",0.00575605519345592,0.183631558423007,0.621,0.575,1
"UTP20","UTP20",0.00576430187306461,-0.288827902833323,0.306,0.349,1
"TMEM225B","TMEM225B",0.00578409479406428,-2.00018533151867,0.004,0.014,1
"YEATS4","YEATS4",0.00578495501117665,0.194217990859924,0.173,0.135,1
"ASTE1","ASTE1",0.00579059533895236,-0.403134588760903,0.121,0.155,1
"TRPM7","TRPM7",0.00579318748141251,0.129157120362828,0.737,0.691,1
"ENSG00000262412","ENSG00000262412",0.00579777001361458,-1.03399201009009,0.012,0.025,1
"ZNF676","ZNF676",0.005799840085473,-0.32823381322424,0.088,0.121,1
"ENSG00000231731","ENSG00000231731",0.00581220231443557,0.553204088163382,0.079,0.054,1
"PFKL","PFKL",0.00581333997854403,-0.220294914635839,0.614,0.658,1
"PIH1D1","PIH1D1",0.00581732914561117,0.358467710301103,0.155,0.12,1
"ENSG00000250156","ENSG00000250156",0.00581894031823586,1.06571090961984,0.023,0.01,1
"NDUFS1","NDUFS1",0.00582918940722089,0.163738402657958,0.657,0.605,1
"MAP1LC3A","MAP1LC3A",0.00583070605668709,-0.175659359395519,0.437,0.484,1
"NCAPG","NCAPG",0.00583672189478071,1.98228676493574,0.013,0.004,1
"MCFD2","MCFD2",0.00584013863977668,0.362507444729507,0.207,0.167,1
"CFAP410","CFAP410",0.00584447291537929,-0.371061814534201,0.177,0.213,1
"TMEM79","TMEM79",0.0058489496381121,0.474033717307415,0.101,0.072,1
"PYCR1","PYCR1",0.00586368997340492,0.969368702747353,0.029,0.014,1
"ENSG00000271554","ENSG00000271554",0.00586425367235557,0.47022039946842,0.09,0.063,1
"NTMT1","NTMT1",0.00586922741893333,0.241831723750328,0.185,0.146,1
"ENSG00000184068","ENSG00000184068",0.00589294889446523,0.813833373034222,0.035,0.018,1
"LAMTOR4","LAMTOR4",0.00590044516894627,0.185832070481631,0.528,0.495,1
"ENO3","ENO3",0.00590452319994118,1.69196754523765,0.013,0.004,1
"ENSG00000266049","ENSG00000266049",0.00592552625658654,-0.578614560530454,0.129,0.161,1
"PHKA1","PHKA1",0.00593379758208749,1.6230245594432,0.013,0.004,1
"SNHG19","SNHG19",0.00597017546946167,0.43070109579717,0.086,0.059,1
"ENOX2","ENOX2",0.00597735487495803,-0.187998907604917,0.393,0.439,1
"NBEAL2","NBEAL2",0.00597891571571982,0.863196862776703,0.042,0.024,1
"GPM6A","GPM6A",0.00598575352998768,-0.554385817270268,0.058,0.084,1
"PHIP","PHIP",0.00599084931017128,-0.11079409109086,0.909,0.924,1
"TBRG4","TBRG4",0.00599562808765837,0.331813090835699,0.167,0.131,1
"ENSG00000276612","ENSG00000276612",0.00600005334778423,0.90783129806996,0.046,0.027,1
"NUDT21","NUDT21",0.00600534635040656,-0.276157422532978,0.341,0.383,1
"GPR19","GPR19",0.00602722628701978,-0.508682830279199,0.07,0.097,1
"GOLGA8M","GOLGA8M",0.00602733642384551,-0.466187698738882,0.062,0.09,1
"FUCA1","FUCA1",0.00603084624649937,0.438426016966572,0.126,0.095,1
"ENSG00000275674","ENSG00000275674",0.00603157475465411,0.444299247337316,0.173,0.138,1
"PCMT1","PCMT1",0.00603397620403491,0.155445559671115,0.621,0.577,1
"ENSG00000253853","ENSG00000253853",0.00604193437536952,-0.419718452509735,0.037,0.059,1
"SOS2","SOS2",0.00604610730497441,-0.149555278166032,0.67,0.686,1
"TSNAX-DT","TSNAX-DT",0.00604848338305565,0.73124561608292,0.049,0.029,1
"ENSG00000214189","ENSG00000214189",0.00605007126661147,0.416018736819837,0.093,0.065,1
"ERP29","ERP29",0.00605093911137368,0.294361643937848,0.286,0.244,1
"LINC01772","LINC01772",0.00605141987537226,0.677450307946971,0.038,0.021,1
"ENSG00000237877","ENSG00000237877",0.00605768069957385,-0.335456449217821,0.287,0.322,1
"ENSG00000265313","ENSG00000265313",0.00608248069806214,0.950200726860944,0.039,0.022,1
"COMMD5","COMMD5",0.006085041883975,0.343039614860032,0.135,0.101,1
"IL3RA","IL3RA",0.00608889116170823,0.279810182403972,0.212,0.171,1
"MAGEF1","MAGEF1",0.00609453845609841,0.303886061975614,0.155,0.118,1
"ZBED4","ZBED4",0.00610363981109695,0.376084406948877,0.239,0.201,1
"HILPDA","HILPDA",0.00610466578306302,0.624099097272656,0.058,0.037,1
"DDX6","DDX6",0.00611887282557118,0.140862480447452,0.67,0.621,1
"KLF6","KLF6",0.00613088966124322,0.220151141709124,0.32,0.271,1
"MINAR1","MINAR1",0.00613280623268798,0.486565347598087,0.094,0.067,1
"TWF1","TWF1",0.00613495262914903,-0.450820439922642,0.188,0.222,1
"REC8","REC8",0.00617989207193924,0.486156920552611,0.093,0.067,1
"RPGRIP1L","RPGRIP1L",0.00618894202222757,-0.287096064469051,0.085,0.116,1
"EGFR-AS1","EGFR-AS1",0.00621784033492437,-1.81799117715459,0.003,0.012,1
"LEAP2","LEAP2",0.00622427580902243,1.09443307631283,0.032,0.017,1
"CCDC196","CCDC196",0.00622825737092749,-1.89088220283698,0.003,0.012,1
"PHLDA3","PHLDA3",0.00623751129793235,0.146029673715305,0.638,0.617,1
"HIC2","HIC2",0.00627358678330694,0.350911227853281,0.289,0.248,1
"NSA2","NSA2",0.00628145935849863,0.273126758555582,0.259,0.218,1
"COX4I1","COX4I1",0.00628437999591087,-0.129864744181762,0.557,0.609,1
"ENSG00000258830","ENSG00000258830",0.00628583242870808,-1.80520937288223,0.003,0.012,1
"MGAT5B","MGAT5B",0.00628583242870808,-1.75151689278832,0.003,0.012,1
"AZIN1","AZIN1",0.00628766600929993,0.235684164482102,0.326,0.278,1
"ARFGAP3","ARFGAP3",0.00629454666070635,0.251424384200425,0.392,0.342,1
"CDK19","CDK19",0.00629838026003096,0.116779434081,0.965,0.954,1
"UTP18","UTP18",0.00630334541742581,0.218978435579563,0.288,0.241,1
"MRTFA-AS1","MRTFA-AS1",0.00630350535989024,1.71641004142416,0.015,0.005,1
"IMMP2L","IMMP2L",0.00630738795774001,-0.16948977619729,0.473,0.523,1
"PATL1","PATL1",0.00630983017481867,0.423267293963026,0.212,0.176,1
"SALL2","SALL2",0.00632586625630097,0.576699827683671,0.046,0.027,1
"CEP57","CEP57",0.00632652944776325,0.180926368792414,0.451,0.395,1
"RC3H1","RC3H1",0.00632659113915259,-0.121537289904921,0.617,0.663,1
"LRRC36","LRRC36",0.00635449303572419,-1.52996163435146,0.003,0.012,1
"NXPE3","NXPE3",0.00636925077802777,0.146081975126395,0.737,0.713,1
"ZNF586","ZNF586",0.00636933582937824,0.229887060924881,0.457,0.409,1
"ANKRD52","ANKRD52",0.00637578130363778,0.269609528450817,0.2,0.159,1
"HSPA5-DT","HSPA5-DT",0.00638074826563071,1.09051765079599,0.024,0.011,1
"PRPS2","PRPS2",0.00639192989803138,-1.12690521209584,0.019,0.035,1
"TFE3","TFE3",0.00639408165045666,0.473247892402631,0.171,0.136,1
"WASHC1","WASHC1",0.00639488969436032,0.173122674714615,0.659,0.628,1
"THOC6","THOC6",0.00641388317468536,0.512678352257776,0.053,0.033,1
"NRBF2","NRBF2",0.00641615678527386,0.343197186237952,0.174,0.138,1
"SCAT2","SCAT2",0.00642661236164513,1.05740807256368,0.027,0.013,1
"ENSG00000267922","ENSG00000267922",0.00645652936833617,0.254496945948611,0.512,0.463,1
"NUS1","NUS1",0.0064730504007431,-0.261764412891143,0.268,0.312,1
"CCDC141","CCDC141",0.00649007630978958,1.18775677848173,0.019,0.008,1
"ALKBH2","ALKBH2",0.00649330598858142,-0.629094741393004,0.05,0.075,1
"C4orf51","C4orf51",0.00650932446050663,1.47612189078897,0.015,0.005,1
"ABI1","ABI1",0.00651465812675235,-0.196469563699402,0.373,0.42,1
"CD74","CD74",0.00652218873188525,1.0649317210152,0.04,0.023,1
"CHIT1","CHIT1",0.00652843188481106,-1.83052766985217,0.003,0.011,1
"POLRMT","POLRMT",0.00653625729850234,0.33655499024399,0.091,0.063,1
"TIMP1","TIMP1",0.00655171111842741,-1.67809261053387,0.003,0.011,1
"LOC105370764","LOC105370764",0.00655171111842741,-1.73391246644726,0.003,0.011,1
"ENSG00000238221","ENSG00000238221",0.00655889298219726,0.725485774259559,0.056,0.035,1
"SNX10","SNX10",0.0065681361025478,-0.245494302127363,0.256,0.3,1
"ENSG00000272335","ENSG00000272335",0.00659014607720521,0.472684310869455,0.102,0.074,1
"STARD13","STARD13",0.00659125422155094,0.213276623991893,0.677,0.651,1
"SPRYD3","SPRYD3",0.00659135235089565,0.238863601478716,0.171,0.133,1
"MYH9-DT","MYH9-DT",0.00659725260293956,0.52979852979862,0.058,0.037,1
"RABL3","RABL3",0.0066003940723908,-0.278382957623521,0.244,0.289,1
"OSMR","OSMR",0.00660919440988744,-0.700395394200835,0.057,0.081,1
"ZNF569","ZNF569",0.00661531569458757,-0.328308498031678,0.243,0.28,1
"GATA1","GATA1",0.0066161144354349,-1.36552798725353,0.003,0.011,1
"SORBS2","SORBS2",0.00661926464312671,-0.432872511714996,0.025,0.043,1
"STKLD1","STKLD1",0.00663410361001812,0.392914124624218,0.066,0.043,1
"METTL5","METTL5",0.00663668570111751,0.285845518930446,0.205,0.164,1
"LRRFIP1","LRRFIP1",0.0066698420252907,-0.382458255624635,0.174,0.211,1
"SNRPD2","SNRPD2",0.00667732344518704,0.262251721970523,0.253,0.211,1
"PABPC1","PABPC1",0.00667796410300137,0.147543536803682,0.53,0.48,1
"SLC4A9","SLC4A9",0.00667862133156488,0.843190492220313,0.063,0.041,1
"BCL2L13","BCL2L13",0.00668125357179106,0.156768394141277,0.577,0.539,1
"ZNF211","ZNF211",0.00670928332258782,-0.60926743011278,0.052,0.076,1
"LNCROPM","LNCROPM",0.00671004259779941,1.20204005227984,0.017,0.007,1
"ENSG00000276345","ENSG00000276345",0.00671466813938218,-0.971372330174632,0.006,0.017,1
"MAD2L2","MAD2L2",0.00672489282932563,0.382814823430756,0.118,0.088,1
"NVL","NVL",0.00672790971416939,-0.134992432750968,0.411,0.461,1
"MGLL","MGLL",0.0067319506541135,-0.100969495058663,0.22,0.27,1
"NR2F6","NR2F6",0.00673480275769104,0.489057574477269,0.101,0.073,1
"RAB1B","RAB1B",0.00673529425512194,0.235087003245467,0.312,0.264,1
"ENSG00000261526","ENSG00000261526",0.00673784394305874,0.392570919298812,0.064,0.041,1
"ZNRF3","ZNRF3",0.00676259820342244,-0.220022955116845,0.211,0.254,1
"ZNF385D","ZNF385D",0.00676314600721677,-0.602363268203934,0.034,0.054,1
"GMEB1","GMEB1",0.00676508049236726,0.30131303926476,0.232,0.192,1
"P4HA2","P4HA2",0.00677502255552147,0.900737478151362,0.04,0.023,1
"CASD1","CASD1",0.00680228331321064,-0.150471188645949,0.656,0.682,1
"TSIX","TSIX",0.00680847681457973,2.35741894829813,0.012,0.003,1
"TESK1","TESK1",0.00681727672249252,0.261318393115539,0.148,0.112,1
"SURF4","SURF4",0.0068218798117504,0.193695072859679,0.359,0.309,1
"GOLM2","GOLM2",0.00682528001649793,0.10000491427361,0.838,0.805,1
"PLEKHH2","PLEKHH2",0.00682694682539714,-0.619151359972197,0.049,0.073,1
"LRRC49","LRRC49",0.00684087877499582,-0.280669172356088,0.266,0.307,1
"CEL","CEL",0.00684289306705895,0.768340307437008,0.039,0.022,1
"CEP57L1","CEP57L1",0.00685216491020036,-0.211886566393335,0.337,0.384,1
"ZNF451","ZNF451",0.00685472827061358,-0.114524985092247,0.865,0.875,1
"ENSG00000238018","ENSG00000238018",0.00686518955436483,0.668907590300631,0.048,0.029,1
"C3orf20","C3orf20",0.00686545117496682,0.379452825964755,0.136,0.103,1
"ENSG00000282034","ENSG00000282034",0.00688551835525713,1.95272277146372,0.012,0.003,1
"RNF43","RNF43",0.00689147694371339,1.8941864272419,0.012,0.003,1
"ENSG00000260465","ENSG00000260465",0.0069031336756727,0.769582829897816,0.047,0.028,1
"UGP2","UGP2",0.00690325749488836,0.163966263175057,0.551,0.504,1
"PPIL3","PPIL3",0.00691909511179166,-0.443116669527229,0.164,0.201,1
"MAP2K6","MAP2K6",0.00692291661311067,0.126851902620065,0.721,0.675,1
"SCAMP3","SCAMP3",0.00697833699186998,0.204602337258623,0.343,0.29,1
"LINC01098","LINC01098",0.00698105228208653,-0.431275743502166,0.017,0.032,1
"ZC3H15","ZC3H15",0.00698456714098056,0.19398311525712,0.388,0.338,1
"EVA1A","EVA1A",0.00700588859695057,0.971207288633244,0.041,0.024,1
"UQCC1","UQCC1",0.00700761343200413,-0.203842356895628,0.419,0.465,1
"C8orf76","C8orf76",0.00700857116387498,0.571064595866206,0.073,0.05,1
"LRRIQ3","LRRIQ3",0.00702374717926246,0.263238379467033,0.13,0.097,1
"SAV1","SAV1",0.00703127533924055,-0.294605609317692,0.261,0.303,1
"TYW3","TYW3",0.00703697765540959,0.286239574250483,0.231,0.19,1
"MISFA","MISFA",0.00704303661291518,0.184417976514065,0.165,0.127,1
"CEPT1","CEPT1",0.00706034719066125,-0.163525928397702,0.428,0.486,1
"ENSG00000277425","ENSG00000277425",0.0071013697079992,-1.71613868236784,0.006,0.016,1
"GRPEL1","GRPEL1",0.00710141091759843,0.24083669547214,0.114,0.083,1
"GRHPR","GRHPR",0.00710370042735172,0.169842115297774,0.433,0.381,1
"RSRC1","RSRC1",0.00710908654780655,-0.161759537606993,0.73,0.75,1
"STRIP1","STRIP1",0.00712767145819472,0.318897476528369,0.214,0.174,1
"GORAB-AS1","GORAB-AS1",0.00713689303150066,0.993085103142917,0.022,0.01,1
"ENSG00000258938","ENSG00000258938",0.00715290082467879,0.672729408023413,0.057,0.036,1
"METTL6","METTL6",0.0071529674709047,-0.291619831593429,0.353,0.393,1
"EXTL1","EXTL1",0.0071570693390796,0.481025220323915,0.113,0.084,1
"TCTN3","TCTN3",0.00715977585643961,-0.337991760405254,0.135,0.171,1
"COL7A1","COL7A1",0.00716002618543078,-0.634004972373168,0.05,0.075,1
"KRIT1","KRIT1",0.00716695398927927,-0.15606963997019,0.661,0.703,1
"ENSG00000251867","ENSG00000251867",0.00716751212824356,-0.624466475539629,0.039,0.06,1
"ZNF570","ZNF570",0.0071715451752597,0.302623093620826,0.142,0.108,1
"DENND2A","DENND2A",0.00717240620037682,-0.384542767506055,0.097,0.128,1
"ENSG00000251148","ENSG00000251148",0.00718351766626656,0.901533599354051,0.022,0.01,1
"ANO10","ANO10",0.00719407922252692,0.131163512784514,0.7,0.644,1
"ITPRID2","ITPRID2",0.00719927084707836,0.190382774770315,0.534,0.491,1
"ZNF598","ZNF598",0.00719969463566638,0.337977890037956,0.07,0.046,1
"PENK-AS1","PENK-AS1",0.00720136288587679,0.984967281064929,0.028,0.014,1
"ENSG00000241520","ENSG00000241520",0.00721405787893977,-1.54021763437154,0.006,0.016,1
"BTD","BTD",0.00723172881643148,0.253823926690084,0.27,0.225,1
"PRELID1","PRELID1",0.00725066221585867,0.291455513314848,0.188,0.152,1
"HSPBP1","HSPBP1",0.00725093092517256,0.270533572943475,0.158,0.123,1
"PHKB","PHKB",0.00725310512676925,-0.142136818656519,0.753,0.771,1
"FRY","FRY",0.00725723422075455,-0.816906651006836,0.033,0.053,1
"FOXK1","FOXK1",0.00725921474912998,0.172988625775502,0.63,0.588,1
"UNC13B","UNC13B",0.0072639530182574,-0.298040360601794,0.438,0.475,1
"ZFPM1-AS1","ZFPM1-AS1",0.00729496210066132,-0.539505766945387,0.066,0.092,1
"BMX","BMX",0.00730008937657707,0.46528689726327,0.071,0.048,1
"UBE2Q2P7","UBE2Q2P7",0.00731095999069649,-0.782972332074385,0.032,0.052,1
"NTRK3","NTRK3",0.00732075304894615,-0.765087544144872,0.021,0.037,1
"FADS2","FADS2",0.00733059026303008,-0.639300969299823,0.042,0.064,1
"PSORS1C1","PSORS1C1",0.0073437843835113,0.533689058295767,0.077,0.053,1
"LMTK3","LMTK3",0.00735064198492312,-0.220219994461403,0.185,0.224,1
"RAB15","RAB15",0.00735201757237522,0.672415777018996,0.08,0.056,1
"TCEAL1","TCEAL1",0.00736191920024953,0.429783617627954,0.111,0.082,1
"ZNF549","ZNF549",0.007380517188155,0.265867494182901,0.299,0.255,1
"NELL1","NELL1",0.00739795473806027,0.619224004576441,0.048,0.029,1
"RFC4","RFC4",0.00741036537687114,0.761172112849128,0.065,0.043,1
"COPS6","COPS6",0.0074133856598795,0.235791337504942,0.404,0.356,1
"TARS2","TARS2",0.00741986970854088,-0.420493933194115,0.137,0.171,1
"ENSG00000253154","ENSG00000253154",0.00742361362561737,0.517068643674652,0.048,0.029,1
"IDS","IDS",0.00743529116470115,0.147592890440483,0.592,0.558,1
"OAZ2","OAZ2",0.00745082648877695,0.208647758523642,0.471,0.428,1
"TMEM156","TMEM156",0.00747193054825418,-0.7871299681988,0.016,0.031,1
"BTBD3","BTBD3",0.00748164498629094,-0.113416749577632,0.79,0.812,1
"MAPKAPK3","MAPKAPK3",0.00748419795412822,0.470271537527212,0.039,0.022,1
"ENSG00000253426","ENSG00000253426",0.00752430872460928,-0.886693768915714,0.034,0.054,1
"ZW10","ZW10",0.00752509987595692,-0.374276907641692,0.16,0.195,1
"ATP6V0A1","ATP6V0A1",0.00752605281005412,0.129177633021727,0.866,0.866,1
"ENSG00000203472","ENSG00000203472",0.00753609281541925,0.309703533764655,0.125,0.093,1
"CA10","CA10",0.00754939545169085,-1.63974821371976,0.009,0.021,1
"ENSG00000271344","ENSG00000271344",0.0075517649639711,0.65776191334631,0.067,0.045,1
"PRPF38B","PRPF38B",0.00756033719801142,-0.216212813767655,0.502,0.534,1
"SRPK1","SRPK1",0.00758177630176823,0.237978494317264,0.403,0.357,1
"CWC27","CWC27",0.0075817959162399,-0.19073250215866,0.588,0.62,1
"ENSG00000223727","ENSG00000223727",0.00758611561827936,-0.228429661219303,0.341,0.384,1
"ATP5MJ","ATP5MJ",0.00759811989959717,0.215469012600273,0.401,0.352,1
"CERCAM","CERCAM",0.0076018356369512,-0.180543058745597,0.922,0.93,1
"PDIA2","PDIA2",0.00760335987941249,-0.175571161012849,0.331,0.383,1
"BCORL1","BCORL1",0.00760451312124949,-0.467981307257145,0.109,0.139,1
"CHM","CHM",0.00761124775663202,-0.140104449706379,0.549,0.572,1
"BCKDHB","BCKDHB",0.00762442634969965,-0.165948524672887,0.714,0.718,1
"SIAE","SIAE",0.00762547028372749,0.307269293950992,0.196,0.159,1
"LINC01409","LINC01409",0.00763786011939846,-0.361303427944265,0.24,0.277,1
"ZNF701","ZNF701",0.00766998792226787,0.293731166951178,0.211,0.171,1
"MTERF3","MTERF3",0.00769205485227002,-0.350763210992696,0.113,0.146,1
"UQCRQ","UQCRQ",0.007695982203522,0.250557993490472,0.317,0.273,1
"SVEP1","SVEP1",0.00770275131589257,-0.925420994760239,0.062,0.086,1
"WIPI2","WIPI2",0.00771852585238858,-0.219001551932014,0.349,0.393,1
"LINC01608","LINC01608",0.007724524312338,-1.32203197547128,0.015,0.029,1
"BRWD3","BRWD3",0.00773469832348404,-0.213626507823676,0.341,0.387,1
"SRGAP2-AS1","SRGAP2-AS1",0.00773577402247543,1.75602118237089,0.016,0.006,1
"ENSG00000271265","ENSG00000271265",0.00773590293338769,1.70847814849953,0.014,0.005,1
"MRPL27","MRPL27",0.0077389122559021,0.254370014964373,0.261,0.22,1
"GPC4","GPC4",0.00775493333273935,-0.318101588629751,0.185,0.222,1
"NSUN6","NSUN6",0.00776057276679631,0.162272817499184,0.608,0.574,1
"SH3BGR","SH3BGR",0.00776062210535752,-0.303285049646804,0.172,0.209,1
"MOSPD1","MOSPD1",0.00776403251493607,0.516940121474963,0.095,0.069,1
"ZNF460","ZNF460",0.00776468692885192,0.400629947255314,0.186,0.15,1
"HACD2","HACD2",0.00776786534271749,0.16544452397946,0.547,0.502,1
"CHP2","CHP2",0.00777657205188875,1.00457594227447,0.02,0.008,1
"SH3GLB1","SH3GLB1",0.00777827314182918,-0.164927417253256,0.579,0.614,1
"GOLGA3","GOLGA3",0.00781378361297565,0.160783445684051,0.432,0.386,1
"PTAFR","PTAFR",0.00781426787482104,-0.836017081111648,0.023,0.04,1
"CNGB3","CNGB3",0.00781534378774717,0.91476424004501,0.046,0.028,1
"DCT","DCT",0.00781587402962262,-1.89076794406745,0.005,0.014,1
"LINC02352","LINC02352",0.00781847662604375,-0.328718710848086,0.073,0.101,1
"LIX1L","LIX1L",0.00783532344162767,0.303084162711497,0.131,0.099,1
"ST3GAL4","ST3GAL4",0.00784073108123466,-0.167149617624955,0.668,0.701,1
"SLC9A9-AS1","SLC9A9-AS1",0.00784378632680095,-1.11991643556229,0.01,0.023,1
"MTREX","MTREX",0.00785115043623814,-0.129748109759292,0.672,0.696,1
"KLC3","KLC3",0.00786226744506755,1.78518722469271,0.014,0.005,1
"SPATA2L","SPATA2L",0.00789991846328136,1.13686377845494,0.028,0.014,1
"ANAPC15","ANAPC15",0.00790856143920582,0.41911412642461,0.077,0.053,1
"SPAG1","SPAG1",0.00792721297831018,0.56305481330569,0.07,0.047,1
"MAEL","MAEL",0.00793304184021302,-1.80478258278416,0.005,0.014,1
"ENSG00000261267","ENSG00000261267",0.00794137837377822,1.68535966060697,0.016,0.006,1
"PRICKLE2-AS1","PRICKLE2-AS1",0.00794141667104064,1.33865844386475,0.014,0.005,1
"ENSG00000261684","ENSG00000261684",0.00794753452935876,1.40372990650473,0.014,0.005,1
"TBP","TBP",0.00795475770568324,-0.377096248513806,0.127,0.16,1
"CBLIF","CBLIF",0.00796591343738386,1.20578773120803,0.014,0.005,1
"COA3","COA3",0.00796875820670092,0.203019082274939,0.253,0.209,1
"ENSG00000267561","ENSG00000267561",0.0079763830211813,1.59026109788171,0.01,0.003,1
"ENSG00000268678","ENSG00000268678",0.00799833806350164,1.74753513571712,0.01,0.003,1
"ENSG00000273113","ENSG00000273113",0.00801300480528106,1.3834706891692,0.01,0.003,1
"PSMG2","PSMG2",0.00802005034130139,-0.204463790134521,0.386,0.431,1
"GOLGA6L7","GOLGA6L7",0.00803964719373574,0.665838786081098,0.061,0.04,1
"ENSG00000267214","ENSG00000267214",0.00803981026668116,1.04014906133624,0.014,0.005,1
"ZNF652-AS1","ZNF652-AS1",0.00806550852192358,0.457162854507272,0.173,0.139,1
"PDE6G","PDE6G",0.00808670034781511,1.3115362815828,0.01,0.003,1
"ZDHHC21","ZDHHC21",0.00809929317784178,-0.145893312531512,0.771,0.797,1
"PYCR3","PYCR3",0.0081021064146807,-0.840602733948268,0.021,0.038,1
"MYL11","MYL11",0.00812853579212387,0.557660078019977,0.041,0.024,1
"CDK8","CDK8",0.00813087987372598,-0.187934355209319,0.527,0.575,1
"SEC24B-AS1","SEC24B-AS1",0.00813197398563167,-0.43113810374297,0.11,0.141,1
"ENSG00000269807","ENSG00000269807",0.00813264948285856,1.22359642662306,0.026,0.012,1
"ENSG00000266846","ENSG00000266846",0.00813270761823519,1.10138761209435,0.018,0.007,1
"ENSG00000236017","ENSG00000236017",0.00815897604697876,-0.675680978513451,0.046,0.069,1
"ENSG00000260077","ENSG00000260077",0.00817816581018448,-1.22806085041564,0.005,0.014,1
"MECOM","MECOM",0.00817925552931244,0.349598549446719,0.215,0.178,1
"SLC43A1","SLC43A1",0.00818068687502052,1.32964798055009,0.016,0.006,1
"ENSG00000231838","ENSG00000231838",0.0081922418385846,1.41781967594702,0.016,0.006,1
"SPARCL1","SPARCL1",0.00819387197252732,0.39193512097381,0.1,0.073,1
"RHOBTB3","RHOBTB3",0.00819588298077429,0.205055375475057,0.542,0.503,1
"SPCS2","SPCS2",0.00821814149705797,0.100101864237842,0.534,0.49,1
"ENSG00000267108","ENSG00000267108",0.00822556131729699,-0.933820451163353,0.012,0.025,1
"MRPS30","MRPS30",0.00822998722070217,0.289236959929267,0.176,0.138,1
"PFAS","PFAS",0.0082355921983784,0.637730087233095,0.07,0.048,1
"GCC2","GCC2",0.00824172056794251,-0.143199576965101,0.521,0.565,1
"ENSG00000223813","ENSG00000223813",0.00826737593484277,-0.450000670076913,0.04,0.061,1
"KCTD2","KCTD2",0.00826996372978117,-0.258740587735276,0.367,0.4,1
"CAV2","CAV2",0.00830511842780367,0.43179955987137,0.173,0.141,1
"DDX18","DDX18",0.00831488092032508,0.187721478211182,0.444,0.406,1
"TP53BP1","TP53BP1",0.00831591585363123,-0.228384682308912,0.412,0.443,1
"HIPK3","HIPK3",0.00833132144501839,0.212594205699222,0.589,0.544,1
"ENSG00000237764","ENSG00000237764",0.00834472500634255,0.310498732214181,0.219,0.182,1
"AHCY","AHCY",0.00834778048068167,0.311602606903207,0.213,0.177,1
"LINC00640","LINC00640",0.00836888665193568,1.07981783206044,0.026,0.012,1
"CCND3","CCND3",0.00837822566943458,0.224422677938664,0.171,0.135,1
"SMDT1","SMDT1",0.0083855493456628,0.239142910979718,0.24,0.197,1
"CEP350","CEP350",0.00842339970819118,-0.12038965524683,0.862,0.858,1
"MBTPS2","MBTPS2",0.00842401324787762,-0.199037656526939,0.229,0.271,1
"CPEB2-DT","CPEB2-DT",0.00843162516449811,0.152268467455916,0.115,0.084,1
"ENSG00000230724","ENSG00000230724",0.00844611028747126,-0.720744063746088,0.055,0.079,1
"STAM-DT","STAM-DT",0.00844756520635395,0.362493860693579,0.098,0.071,1
"RTTN","RTTN",0.00845844862841471,-0.120880534785841,0.702,0.724,1
"TESK2","TESK2",0.00847012031933585,-0.133782110369949,0.775,0.795,1
"CRADD-AS1","CRADD-AS1",0.00847389990154626,0.318136413478017,0.09,0.063,1
"PTPN4","PTPN4",0.00847882831745724,-0.162580355256553,0.713,0.733,1
"CLCA4-AS1","CLCA4-AS1",0.00848528147795836,0.435956295473052,0.082,0.058,1
"ATG16L1","ATG16L1",0.00849427246507962,-0.264950543768745,0.297,0.336,1
"ZMYND10","ZMYND10",0.00852252122704735,0.610944723762193,0.038,0.022,1
"WDR35","WDR35",0.00855173750291582,-0.407684145369059,0.225,0.258,1
"PRR7","PRR7",0.00858497529412975,-0.459362956517368,0.072,0.099,1
"ENSG00000260572","ENSG00000260572",0.00860745337331239,0.652762109627582,0.05,0.031,1
"ADGRA1","ADGRA1",0.00861551928167854,0.611340525805034,0.065,0.043,1
"UCK1","UCK1",0.00863149961511868,0.456120242711128,0.147,0.115,1
"DDX3X","DDX3X",0.00864293871096296,0.158640950716784,0.458,0.407,1
"PCNX4-DT","PCNX4-DT",0.00864814365078511,-0.479664816958653,0.109,0.141,1
"CEBPZOS","CEBPZOS",0.00865460654399591,0.295209962060546,0.378,0.339,1
"ENSG00000247228","ENSG00000247228",0.00865515947242669,0.55069498079511,0.075,0.051,1
"ERBB2","ERBB2",0.00866190281754868,-0.578023224400219,0.031,0.05,1
"CAPZA1","CAPZA1",0.0086647168213329,-0.138644969474335,0.601,0.641,1
"EPB41L2","EPB41L2",0.00870058186696595,-0.108468524651047,0.953,0.947,1
"NDUFB4","NDUFB4",0.00870452872698798,0.18719617741688,0.383,0.34,1
"AP3B2","AP3B2",0.00871482859319771,0.265882471319058,0.302,0.257,1
"NR1H3","NR1H3",0.00872761925340716,0.534778563823156,0.101,0.074,1
"ENSG00000276110","ENSG00000276110",0.00877037023006845,-1.81476496015918,0.004,0.013,1
"ENSG00000267383","ENSG00000267383",0.00878470391585352,0.1682939976965,0.252,0.207,1
"UHRF2","UHRF2",0.00878856830276823,-0.141470889913915,0.523,0.56,1
"ITGB3BP","ITGB3BP",0.00880214546089798,0.231605679268595,0.381,0.334,1
"FARSB","FARSB",0.00880411140674477,-0.242185997040902,0.334,0.375,1
"ABCC6","ABCC6",0.00883424618967121,0.774730288178212,0.032,0.017,1
"SYVN1","SYVN1",0.00884734259202163,0.323023589759673,0.192,0.156,1
"ENSG00000268112","ENSG00000268112",0.00884868759607283,1.1354579760813,0.026,0.013,1
"GLRX3","GLRX3",0.00885736527782502,-0.202661119478855,0.308,0.352,1
"GGT1","GGT1",0.00887536926448909,0.348429855339707,0.155,0.122,1
"SLC26A11","SLC26A11",0.00887875609615017,0.316275381697074,0.243,0.205,1
"UGGT2","UGGT2",0.00890098060000676,-0.1199230514459,0.867,0.875,1
"CCDC167","CCDC167",0.00890374464811592,0.192649428248449,0.239,0.195,1
"ENSG00000263990","ENSG00000263990",0.00891608098371272,0.715057057621482,0.043,0.025,1
"ENSG00000283518","ENSG00000283518",0.00893873016958742,-0.490764407399336,0.039,0.059,1
"ARMCX4","ARMCX4",0.00895820853880562,-0.251979578122646,0.435,0.471,1
"PLGRKT","PLGRKT",0.00899998952757604,-0.25651557390236,0.243,0.281,1
"GPR155","GPR155",0.0090109160142632,-0.218993002320736,0.247,0.288,1
"ZFAND6","ZFAND6",0.00902473206000605,0.101101404235558,0.735,0.678,1
"IL10RA","IL10RA",0.0090493839872701,1.07207900066925,0.026,0.013,1
"PLEKHA1","PLEKHA1",0.00905098339434351,0.126954420386042,0.736,0.71,1
"PTCH2","PTCH2",0.00907018689027234,0.606027749650079,0.062,0.041,1
"GLRX","GLRX",0.00907897369158665,0.730999513554631,0.043,0.025,1
"EDF1","EDF1",0.00908112215076118,-0.188419369229564,0.482,0.535,1
"NOC2L","NOC2L",0.00909532919882374,0.187939256257935,0.193,0.154,1
"GTF3C2-AS2","GTF3C2-AS2",0.00909968067562852,0.50365371156885,0.133,0.103,1
"A3GALT2","A3GALT2",0.00910327240257467,-1.67753148668752,0.006,0.016,1
"IMP3","IMP3",0.00911238950717236,0.252767642219015,0.162,0.129,1
"NHLH2","NHLH2",0.00911462885024155,-0.513622824915204,0.038,0.059,1
"TMEM167B","TMEM167B",0.00911805241037381,-0.330116167378508,0.166,0.2,1
"NFYC","NFYC",0.00912693487963849,-0.2700001374838,0.35,0.38,1
"NCKIPSD","NCKIPSD",0.00913154837963757,0.197040382556056,0.22,0.179,1
"DACT3-AS1","DACT3-AS1",0.00913948079261302,-0.493198433656426,0.061,0.086,1
"HBS1L","HBS1L",0.00915112199859898,-0.148162859601359,0.809,0.814,1
"ENSG00000259201","ENSG00000259201",0.00915256351649024,1.15569311637648,0.023,0.011,1
"ZCRB1","ZCRB1",0.0091719670716619,-0.262083346623924,0.273,0.314,1
"SLC35F5","SLC35F5",0.00919293276687654,-0.156119075381111,0.62,0.651,1
"RAB3GAP2","RAB3GAP2",0.00920500914357561,-0.158379095983703,0.605,0.64,1
"ITGB5","ITGB5",0.00921245073020708,0.163662333006023,0.364,0.312,1
"MAPKAP1","MAPKAP1",0.00921819350487239,-0.143505650786573,0.671,0.704,1
"SEMA5A","SEMA5A",0.00923772650608472,-0.105790751750033,0.916,0.919,1
"ENSG00000268584","ENSG00000268584",0.00926344318882698,-0.946096807067486,0.014,0.027,1
"ENSG00000267318","ENSG00000267318",0.00926366993043708,0.731153683615418,0.039,0.023,1
"CHI3L1","CHI3L1",0.00929395645623398,1.3446281448885,0.019,0.008,1
"KCNN2","KCNN2",0.00930187096805515,0.136586119537268,0.196,0.156,1
"PIK3C2A","PIK3C2A",0.0093101283997655,-0.158131666063718,0.565,0.601,1
"ENSG00000234177","ENSG00000234177",0.00931504716763645,-1.33634496177165,0.006,0.016,1
"PTPRF","PTPRF",0.00932231392696283,-0.103788733015175,0.726,0.736,1
"DHPS","DHPS",0.00932603743157381,0.206240327298826,0.244,0.201,1
"LEMD2","LEMD2",0.0093284595298686,0.245630711956697,0.342,0.301,1
"ENSG00000249407","ENSG00000249407",0.00934655850332898,-1.67850014954695,0.006,0.016,1
"SLC24A1","SLC24A1",0.00934681075057294,-0.883609599473954,0.01,0.022,1
"ITPRID1","ITPRID1",0.00934690830473561,1.38415117367039,0.019,0.008,1
"RGPD2","RGPD2",0.00936551092217039,-1.30768397869088,0.006,0.016,1
"ASMTL","ASMTL",0.00939230678536838,-0.449661676894247,0.135,0.167,1
"TMA16","TMA16",0.0093934621029611,-0.29260195135469,0.144,0.178,1
"SCARA3","SCARA3",0.0094038188824739,0.276553252852795,0.29,0.246,1
"FXYD1","FXYD1",0.00940934757477384,1.02913059745623,0.023,0.011,1
"TOE1","TOE1",0.00941157194522356,-0.836496336474428,0.033,0.052,1
"TACC2","TACC2",0.00943858466715333,-0.452540996195012,0.065,0.091,1
"ERBB3","ERBB3",0.00944107998159208,-0.187004727199816,0.6,0.615,1
"ENSG00000271963","ENSG00000271963",0.00944277786901746,1.22892359903038,0.012,0.004,1
"CAMK2N2","CAMK2N2",0.00946344950004466,0.451889955990437,0.05,0.031,1
"SCOC","SCOC",0.00946445420842453,-0.155156455205975,0.596,0.64,1
"CDK15","CDK15",0.00946550831089077,1.40539845912543,0.012,0.004,1
"HEATR4","HEATR4",0.00948983821676648,0.49090569673657,0.084,0.059,1
"CDR2-DT","CDR2-DT",0.00951032589631901,0.773478411511866,0.032,0.018,1
"THNSL1","THNSL1",0.00952971253923343,-0.493290898320382,0.078,0.105,1
"MINDY3","MINDY3",0.0095430101385311,-0.179915007101591,0.422,0.466,1
"PGM1","PGM1",0.00954998958834405,0.399460405392391,0.143,0.112,1
"SF3A2","SF3A2",0.00955600942223609,-0.378893765830045,0.163,0.196,1
"DDX4","DDX4",0.00957380475796457,-0.309113336194422,0.046,0.068,1
"ENSG00000225335","ENSG00000225335",0.00959523833116796,1.04050237793814,0.012,0.004,1
"ST7-AS2","ST7-AS2",0.00960258920956031,0.790668491766651,0.032,0.018,1
"ZNF253","ZNF253",0.00960956343712699,-0.238536476330955,0.316,0.356,1
"FEM1A","FEM1A",0.009613361856978,0.257436419388746,0.155,0.12,1
"ENSG00000269967","ENSG00000269967",0.00962126010009498,0.821483690911347,0.04,0.024,1
"ENSG00000268266","ENSG00000268266",0.0096310521994358,-1.75876064702156,0.003,0.012,1
"CORO6","CORO6",0.00963125571584558,-0.948392315252336,0.011,0.024,1
"EHD4","EHD4",0.00963184015169213,0.28520469965239,0.206,0.169,1
"ADORA1","ADORA1",0.00963984997187306,-0.215448548604208,0.403,0.446,1
"COL19A1","COL19A1",0.00964306487284803,0.111512826384544,0.558,0.499,1
"PLGLB1","PLGLB1",0.00965361895281512,0.330109468924211,0.195,0.16,1
"LRRC42","LRRC42",0.0096661508446024,0.466220648496136,0.102,0.075,1
"LOC124909376","LOC124909376",0.00966874407945465,0.884184110826367,0.033,0.018,1
"NABP2","NABP2",0.00969998378861762,0.385652487562519,0.137,0.106,1
"RAB3C","RAB3C",0.00970516162968647,0.589503310468063,0.105,0.078,1
"LOC112268208","LOC112268208",0.00972101614824234,-1.12524255846656,0.021,0.037,1
"FNBP4","FNBP4",0.00974532315183323,-0.140471933030721,0.624,0.665,1
"ZNF512B","ZNF512B",0.00974937499674264,-0.576558575912691,0.059,0.084,1
"EMC6","EMC6",0.00975276570237966,0.197412982679029,0.224,0.182,1
"ENSG00000237978","ENSG00000237978",0.0097754911878517,0.210208467996439,0.094,0.067,1
"SLC7A5","SLC7A5",0.00978290956624651,0.715079429326873,0.058,0.038,1
"DPY19L3-DT","DPY19L3-DT",0.00978367865348701,0.545825696692284,0.039,0.023,1
"UFSP2","UFSP2",0.0098004773411034,0.200260353935421,0.328,0.28,1
"CNOT10","CNOT10",0.00980122266361244,-0.226430754308456,0.36,0.403,1
"MYOM2","MYOM2",0.00980274247604819,-0.599420500137071,0.047,0.069,1
"OCIAD1-AS1","OCIAD1-AS1",0.0098078966819003,1.06561280994759,0.03,0.016,1
"GNPAT","GNPAT",0.00986381209026769,-0.24168088966534,0.341,0.381,1
"TSEN15","TSEN15",0.00986433925469092,0.163228135905551,0.633,0.611,1
"ADNP","ADNP",0.00986467971203867,0.128011676997767,0.784,0.746,1
"STX16-NPEPL1","STX16-NPEPL1",0.00992691039948124,-0.743761381759794,0.039,0.059,1
"ENSG00000258285","ENSG00000258285",0.00992955398844315,-0.809141339921032,0.017,0.032,1
"TAF1A-AS1","TAF1A-AS1",0.0099398088110219,1.24404571798407,0.015,0.005,1
"SPSB1","SPSB1",0.00995799743528215,0.241651297203907,0.408,0.37,1
"ZBTB32","ZBTB32",0.00997235823251118,-1.46963800325802,0.008,0.018,1
"HNRNPK","HNRNPK",0.00997836200900632,0.141373970866441,0.688,0.659,1
"LINC02803","LINC02803",0.00998342708605593,0.552778462527482,0.057,0.037,1
"ANP32A","ANP32A",0.00999421200471755,0.117217950408946,0.674,0.633,1
"KCNC1","KCNC1",0.00999806059719921,0.684850062430548,0.048,0.03,1
"TMEM120B","TMEM120B",0.0100506792690367,0.321112993049182,0.245,0.209,1
"MAML3","MAML3",0.0100515845343068,0.190100183434493,0.752,0.718,1
"ZPLD1","ZPLD1",0.010054088288952,-2.20425266130633,0.003,0.01,1
"ENSG00000259371","ENSG00000259371",0.0100826588891336,0.863874670757113,0.03,0.016,1
"MYBL2","MYBL2",0.0100891904427943,-2.06844090497723,0.003,0.01,1
"MYOCOS","MYOCOS",0.0101017882906671,1.29588815408754,0.024,0.012,1
"PKP4-AS1","PKP4-AS1",0.0101186773573115,0.417010390259485,0.085,0.06,1
"NRAS","NRAS",0.0101657028443466,-0.310453573689022,0.165,0.201,1
"ENSG00000259899","ENSG00000259899",0.0101809244672746,0.558550612116466,0.057,0.037,1
"NPTN","NPTN",0.0101939824519635,-0.134186490060469,0.408,0.46,1
"AMOTL2","AMOTL2",0.0101977998669872,-0.175419593527724,0.441,0.48,1
"LIPH","LIPH",0.0102067701749136,0.941409404934554,0.017,0.007,1
"PTP4A3","PTP4A3",0.0102217974622079,-1.64312151655242,0.003,0.01,1
"BCDIN3D-AS1","BCDIN3D-AS1",0.0102244737139533,-1.45910136280703,0.01,0.022,1
"CLDN16","CLDN16",0.0102485042948328,-1.99716250901723,0.003,0.01,1
"ENSG00000253392","ENSG00000253392",0.0102553608418193,-0.680721749594055,0.029,0.047,1
"ENSG00000262877","ENSG00000262877",0.0102558381757791,-0.747714659437793,0.03,0.049,1
"ANAPC10","ANAPC10",0.0102588664303834,0.205136690677701,0.522,0.482,1
"PRKCSH","PRKCSH",0.0103013367056576,-0.187030507974914,0.58,0.605,1
"ENSG00000267952","ENSG00000267952",0.0103200264202119,-1.65085826967735,0.003,0.01,1
"CTPS1","CTPS1",0.0103212583778744,0.323109674542655,0.157,0.124,1
"ATG16L2","ATG16L2",0.0103374896788343,0.513235833994836,0.057,0.037,1
"OTOP1","OTOP1",0.0103379281098432,1.01941361885358,0.024,0.012,1
"ACTR8","ACTR8",0.0103487269501697,0.489350433306911,0.083,0.059,1
"ZNF718","ZNF718",0.0103862829406341,0.14679652363286,0.661,0.618,1
"YES1","YES1",0.0104245949288495,-0.445189311856298,0.156,0.188,1
"MYO15A","MYO15A",0.0104263871047931,1.08835766644898,0.021,0.01,1
"CNTLN","CNTLN",0.0104344051164448,0.248925435908597,0.381,0.339,1
"RNF150","RNF150",0.0104537328918739,-1.00285177408514,0.019,0.035,1
"AQP7B","AQP7B",0.0104553286480397,-0.839801830192284,0.003,0.01,1
"COG6","COG6",0.0104590177934552,-0.189426458838141,0.509,0.546,1
"ZNF789","ZNF789",0.0104709760843853,-0.192309688000925,0.233,0.279,1
"ENSG00000266288","ENSG00000266288",0.0104828623622874,-0.849194810246506,0.03,0.048,1
"ZNF75D","ZNF75D",0.010488925326673,-0.21604981691356,0.18,0.218,1
"PCID2","PCID2",0.0105168291472431,0.228919197073942,0.4,0.352,1
"SRBD1","SRBD1",0.010524751917792,-0.176718680321699,0.385,0.425,1
"LGR4-AS1","LGR4-AS1",0.0105262185934064,0.962860838311532,0.03,0.016,1
"SEC13","SEC13",0.0105351220036018,0.238897243512033,0.236,0.196,1
"ENSG00000226622","ENSG00000226622",0.0105393913621106,0.884178776846167,0.024,0.012,1
"PROCR","PROCR",0.0105468884587113,0.710074315159797,0.066,0.045,1
"DNAJC30","DNAJC30",0.0105516826170807,-0.501260405917568,0.086,0.114,1
"STX8","STX8",0.0105608348450611,0.123713119047712,0.739,0.682,1
"DGKH","DGKH",0.0105659946673562,-0.454869578621513,0.098,0.127,1
"ENSG00000272894","ENSG00000272894",0.0106315537734483,-0.412166913517719,0.085,0.114,1
"ENSG00000283809","ENSG00000283809",0.0106324506457476,-0.572208800989367,0.026,0.044,1
"EGLN3","EGLN3",0.0106818790725312,0.211650402271734,0.419,0.376,1
"PSMF1","PSMF1",0.0106842035381864,0.182124803604743,0.473,0.425,1
"SCMH1","SCMH1",0.0106853525731583,-0.128407498476451,0.632,0.656,1
"SPDYE5","SPDYE5",0.010694380775819,0.330142501015008,0.189,0.154,1
"ZNF765","ZNF765",0.0107037345261659,0.20768812818641,0.281,0.239,1
"NAP1L3","NAP1L3",0.0107134140542285,0.17373107398986,0.2,0.163,1
"GPKOW","GPKOW",0.0107185394398527,0.321678024309742,0.106,0.078,1
"FBXL18","FBXL18",0.0107373556405836,0.212275842245278,0.289,0.244,1
"TM2D2","TM2D2",0.0107968744242548,0.335680651405598,0.091,0.065,1
"ACO2","ACO2",0.0108006282437814,0.130753506343759,0.469,0.422,1
"FERMT3","FERMT3",0.0108248119248941,0.9871621814553,0.034,0.019,1
"KIAA2012","KIAA2012",0.0108365592968731,0.847807580589848,0.024,0.012,1
"NETO2","NETO2",0.0108614158954817,0.394125670588254,0.057,0.037,1
"CNTD1","CNTD1",0.0108651009270917,0.597923344334332,0.041,0.025,1
"REXO4","REXO4",0.0108736109759197,0.234707641918275,0.234,0.195,1
"NECAP1","NECAP1",0.0108843690582881,-0.373836235115459,0.129,0.162,1
"AP4S1","AP4S1",0.0109016229683835,-0.314126720378531,0.189,0.224,1
"GTF3C1","GTF3C1",0.0109050591781964,-0.200194076854468,0.309,0.353,1
"DUSP12","DUSP12",0.0109137113066523,0.290224507116053,0.149,0.116,1
"BRINP3","BRINP3",0.0109160144268078,-0.959891148606407,0.009,0.02,1
"WASL-DT","WASL-DT",0.0109212712230461,0.554110156209571,0.064,0.042,1
"ENSG00000234998","ENSG00000234998",0.0109348053247995,0.680825322276068,0.066,0.045,1
"ENSG00000257151","ENSG00000257151",0.0109632981005881,0.200676744714447,0.527,0.481,1
"ASNSD1","ASNSD1",0.0109785333120428,0.324725259403073,0.203,0.168,1
"ENSG00000260141","ENSG00000260141",0.0109995318572034,0.667556454842772,0.05,0.031,1
"ZNF138","ZNF138",0.0110041692971052,0.188689398448687,0.58,0.533,1
"DYNLT2","DYNLT2",0.0110085730575788,0.443202829545885,0.077,0.054,1
"ZNF572","ZNF572",0.0110178902330059,-0.541977731180581,0.019,0.035,1
"ENSG00000285085","ENSG00000285085",0.0110427428667676,2.08108451982266,0.011,0.003,1
"EFNA5","EFNA5",0.0110507597625278,-0.801564851777264,0.009,0.02,1
"AEN","AEN",0.0110664139298918,0.770416264432789,0.034,0.019,1
"ABHD13","ABHD13",0.0110719777991347,0.371141782718095,0.167,0.133,1
"WEE2-AS1","WEE2-AS1",0.0110767522374365,-1.06059652089422,0.01,0.022,1
"ONECUT1","ONECUT1",0.0110893115401921,1.70616556017967,0.011,0.003,1
"SRGAP1","SRGAP1",0.0110976281998683,-0.173354878979254,0.498,0.534,1
"ZNF584","ZNF584",0.0111070050127963,0.741516808832311,0.055,0.035,1
"GOSR1","GOSR1",0.0111127920340544,-0.175893403805544,0.483,0.515,1
"UBE2Q2","UBE2Q2",0.0111440134234204,-0.223958774334779,0.359,0.396,1
"ISCA1","ISCA1",0.0111453863769349,0.24966577267018,0.308,0.267,1
"LENG8","LENG8",0.0111460571727736,-0.18899582868933,0.518,0.559,1
"MFAP3","MFAP3",0.011146260799386,-0.443390143911006,0.191,0.224,1
"ENSG00000271714","ENSG00000271714",0.0111920014183503,-0.898482361966301,0.012,0.024,1
"ENSG00000240063","ENSG00000240063",0.0111923772040716,1.60382567551519,0.011,0.003,1
"UBFD1","UBFD1",0.0112036334021012,-0.420440068992487,0.082,0.108,1
"CTBP1","CTBP1",0.0112240243898575,0.245933840906715,0.386,0.344,1
"TBC1D23","TBC1D23",0.01123507967818,-0.222515459484475,0.445,0.486,1
"GAGE10","GAGE10",0.0112489526695182,1.41224523122851,0.011,0.003,1
"OTUD1","OTUD1",0.0112494247003839,0.449975383537226,0.064,0.042,1
"SLC48A1","SLC48A1",0.0112661739669394,-0.114226812361322,0.726,0.773,1
"IL11RA","IL11RA",0.0112793144875393,0.393349175026152,0.131,0.101,1
"FLYWCH1","FLYWCH1",0.0112817893029844,-0.134011408075446,0.426,0.469,1
"PARP2","PARP2",0.011296596908966,-0.525762897407933,0.057,0.081,1
"NAV2-AS3","NAV2-AS3",0.0112981988816816,1.02503256646197,0.019,0.008,1
"BMERB1","BMERB1",0.0113178176037939,0.133019026108985,0.507,0.455,1
"DDX19B","DDX19B",0.0113342920608076,1.23372173538004,0.011,0.003,1
"VARS2","VARS2",0.0113413145797593,0.270631370092039,0.165,0.131,1
"ADSS1","ADSS1",0.0113464777664232,-0.496030405294776,0.059,0.082,1
"FAM178B","FAM178B",0.0113562420707652,0.274366034958888,0.332,0.293,1
"TTC23","TTC23",0.0113583849733741,-0.295180186961675,0.249,0.286,1
"TBC1D20","TBC1D20",0.011360618953516,0.273310787615706,0.291,0.25,1
"DCLK1","DCLK1",0.0113855532520342,0.543087154560223,0.145,0.116,1
"CHCHD5","CHCHD5",0.0113875960048653,0.286389642430466,0.113,0.084,1
"PRPF3","PRPF3",0.0113975380610571,-0.251178532210858,0.292,0.33,1
"AMPH","AMPH",0.011399446129129,-0.247259969288072,0.152,0.188,1
"ENSG00000284735","ENSG00000284735",0.0114076887658987,0.755490443199147,0.034,0.019,1
"AIF1L","AIF1L",0.0114083372113361,0.141206896196752,0.614,0.575,1
"ENSG00000261191","ENSG00000261191",0.0114274940919883,0.850899370264571,0.038,0.022,1
"RFX4","RFX4",0.0114311793112235,-0.81256958752286,0.01,0.022,1
"ENSG00000276266","ENSG00000276266",0.0114390321931013,0.562166859902007,0.059,0.039,1
"OGA","OGA",0.0114752288495644,0.110098511484431,0.746,0.731,1
"LOC100287944","LOC100287944",0.0114752401582012,-0.563791198248283,0.039,0.059,1
"HTR3B","HTR3B",0.0114987416639785,1.05779168048024,0.025,0.012,1
"CCNB2","CCNB2",0.011499500980097,-1.07522266096824,0.015,0.029,1
"ENSG00000240875","ENSG00000240875",0.0115075801149086,0.241718394896312,0.184,0.148,1
"TFAP2E-AS1","TFAP2E-AS1",0.0115276592375106,1.5974864449478,0.017,0.007,1
"ENSG00000276449","ENSG00000276449",0.011560941185849,0.515095693700099,0.041,0.024,1
"CAMK2D","CAMK2D",0.0115638191017068,0.168468645940136,0.634,0.593,1
"PIGX","PIGX",0.0115691409516982,0.297243733893704,0.238,0.201,1
"KLF13","KLF13",0.0115704776620519,-0.150991949964751,0.538,0.575,1
"STOML2","STOML2",0.0115903423879618,0.243653491932305,0.133,0.102,1
"CRTAP","CRTAP",0.0115950420457149,-0.271941151448758,0.108,0.139,1
"GPIHBP1","GPIHBP1",0.0115955415274646,-0.167115527856598,0.681,0.725,1
"GALNT10","GALNT10",0.0116066886090053,-0.253542769862501,0.14,0.173,1
"DMPK","DMPK",0.0116211261474729,0.276934128716067,0.177,0.141,1
"NDUFA8","NDUFA8",0.0116232030724407,0.302618247299862,0.208,0.172,1
"BOLA1","BOLA1",0.0116319914989969,0.365639604465688,0.084,0.059,1
"SLIRP","SLIRP",0.0116495027589134,0.14945336367699,0.431,0.382,1
"EAF1","EAF1",0.0116547493550399,-0.356167296384098,0.097,0.126,1
"PICSAR","PICSAR",0.011661011460596,0.390853152742869,0.111,0.084,1
"DNER","DNER",0.0116738264630806,0.143161675109184,0.8,0.765,1
"VAC14","VAC14",0.0116927329665226,0.169925115200982,0.381,0.334,1
"LSG1","LSG1",0.0117314192347927,0.29257261953382,0.207,0.171,1
"KDM6A","KDM6A",0.01173885945435,-0.103740416478602,0.893,0.865,1
"MTHFS","MTHFS",0.0117418911523258,0.636235530102109,0.083,0.059,1
"ENSG00000272619","ENSG00000272619",0.0117730051482945,0.297301365521648,0.04,0.024,1
"NETO1","NETO1",0.0117765947365719,0.598072570909602,0.093,0.069,1
"ZWILCH","ZWILCH",0.0117896546466549,-0.471881312733696,0.03,0.048,1
"EIF2B2","EIF2B2",0.0117996262386106,0.140798695426181,0.191,0.152,1
"GUF1","GUF1",0.0118145196121311,-0.308166091148887,0.216,0.25,1
"RAB22A","RAB22A",0.0118224142650405,0.236785694808667,0.457,0.422,1
"DOCK6","DOCK6",0.0118258865278375,0.302475033339229,0.132,0.101,1
"LRRC14","LRRC14",0.0118382085481614,0.359491700072153,0.111,0.083,1
"LGI3","LGI3",0.0118502023570933,0.178533979260572,0.632,0.605,1
"SYNE2","SYNE2",0.0118525737824446,0.410627101240016,0.099,0.073,1
"ZNG1F","ZNG1F",0.011897837318191,0.361038962803252,0.117,0.088,1
"NKRF","NKRF",0.0119060920961911,0.266704123265709,0.115,0.086,1
"DNASE1L1","DNASE1L1",0.0119122876496655,0.552025880689157,0.028,0.014,1
"GOLPH3","GOLPH3",0.0119299805216896,0.137909662201375,0.575,0.537,1
"PLEKHJ1","PLEKHJ1",0.0119375486644223,0.400992686079044,0.158,0.125,1
"LINC01036","LINC01036",0.0119679580310723,-0.563596441526831,0.049,0.071,1
"RXYLT1","RXYLT1",0.01197855593441,-0.381907456624591,0.18,0.214,1
"ABCC2","ABCC2",0.011984691447746,0.726902750438352,0.047,0.029,1
"ZNF583","ZNF583",0.0119917164594875,0.19747727269707,0.205,0.167,1
"APH1B","APH1B",0.0120168060726599,-0.261989558328179,0.257,0.293,1
"ST7-AS1","ST7-AS1",0.0120188046090556,-1.45355144801165,0.005,0.014,1
"FAM89B","FAM89B",0.0120328501926391,0.18761499700379,0.16,0.125,1
"NYAP1","NYAP1",0.0120835607283385,1.74334096901286,0.013,0.005,1
"KIAA1328","KIAA1328",0.0121001720688977,-0.13705940768691,0.713,0.72,1
"NALCN-AS1","NALCN-AS1",0.0121331884935619,0.932250710185433,0.032,0.018,1
"FRMPD4","FRMPD4",0.0121345449512931,-0.81253058948921,0.024,0.041,1
"HTR3E-AS1","HTR3E-AS1",0.0121360222528195,1.09976958466595,0.026,0.013,1
"BMPR2","BMPR2",0.0121687996443967,-0.179468349884165,0.614,0.631,1
"STXBP4","STXBP4",0.0121778584796717,-0.26256036400519,0.288,0.323,1
"PPP1R8","PPP1R8",0.0122010391235065,-0.281795917725461,0.173,0.21,1
"ENSG00000267179","ENSG00000267179",0.0122123157033561,0.567244767450861,0.068,0.047,1
"ENSG00000258472","ENSG00000258472",0.0122161498054218,0.371575921444501,0.118,0.09,1
"CBLB","CBLB",0.0122221066897118,-0.139123440063981,0.628,0.655,1
"CYB5R3","CYB5R3",0.0122254797144219,0.145217538455175,0.544,0.507,1
"LRRC34","LRRC34",0.0122272505101382,-0.47916737162384,0.085,0.112,1
"PPP1R15A","PPP1R15A",0.0122286020696573,0.593024551153737,0.046,0.029,1
"SDE2","SDE2",0.0122367173523422,-0.539000773229005,0.078,0.104,1
"PXDNL","PXDNL",0.0122519426113204,0.460581392515467,0.176,0.144,1
"HR","HR",0.0122902489198486,-1.23038509274711,0.019,0.034,1
"MRPS5","MRPS5",0.0123007152408449,0.138456633610153,0.63,0.591,1
"RAB12","RAB12",0.0123262103345777,-0.21593546205052,0.42,0.453,1
"CCDC124","CCDC124",0.0123444174175847,0.198332786873577,0.263,0.222,1
"ATP10D","ATP10D",0.012348538459777,0.194784486878065,0.275,0.234,1
"LINC00607","LINC00607",0.0123544536164464,1.43648863526551,0.015,0.006,1
"CTU1","CTU1",0.0123589296521783,0.330898906815492,0.117,0.089,1
"DIRC3","DIRC3",0.0123776489765011,-0.485074542121185,0.099,0.127,1
"MUSK","MUSK",0.0123995422769742,-0.616163531292326,0.048,0.07,1
"CHLSN","CHLSN",0.0124044544238711,-0.158073134607846,0.339,0.382,1
"XKR9","XKR9",0.0124061907731228,0.260897626218747,0.224,0.187,1
"C17orf100","C17orf100",0.0124218438179848,-0.453246991307668,0.097,0.125,1
"C11orf24","C11orf24",0.0124234195453108,-0.425357459828374,0.138,0.171,1
"UPK2","UPK2",0.012430862790063,1.28040395054482,0.015,0.006,1
"LLGL1","LLGL1",0.0124366160514333,0.251439987224922,0.234,0.197,1
"OPCML","OPCML",0.0124418109561393,-0.733938721051944,0.084,0.11,1
"DBR1","DBR1",0.0124421136183426,-0.507248309381132,0.095,0.122,1
"SP1","SP1",0.0124536377747367,0.280005290380706,0.314,0.273,1
"ENSG00000228614","ENSG00000228614",0.0124564253604668,1.21046170226478,0.015,0.006,1
"ITPR1-DT","ITPR1-DT",0.0124649565562685,0.867121083257325,0.015,0.006,1
"STK4","STK4",0.0124678865486743,0.220800271567244,0.419,0.384,1
"RNASEH2B","RNASEH2B",0.0124713570194603,-0.200892947231936,0.5,0.535,1
"NFKBIL1","NFKBIL1",0.0124812962016976,0.278357871072921,0.125,0.095,1
"EEF2","EEF2",0.0124903687841323,0.201290057173246,0.669,0.656,1
"TRIAP1","TRIAP1",0.0125021606706694,0.591614160163446,0.068,0.047,1
"RAB8B","RAB8B",0.0125309621984342,-0.165886741602225,0.509,0.542,1
"PGM5","PGM5",0.0125476369724084,0.293130557911602,0.185,0.151,1
"LINC00870","LINC00870",0.0125637899151861,-0.485991728978424,0.075,0.101,1
"ENSG00000271380","ENSG00000271380",0.012575267160509,0.621258962595303,0.031,0.017,1
"ENSG00000272906","ENSG00000272906",0.0125855934027958,0.357908014164559,0.043,0.026,1
"TMEM8B","TMEM8B",0.0126216235079597,-0.32830278498276,0.164,0.199,1
"ENSG00000267628","ENSG00000267628",0.0126237112244636,-0.612879733420705,0.102,0.129,1
"RALGPS1","RALGPS1",0.0126344622663326,-0.104117854969798,0.926,0.924,1
"ABCB10","ABCB10",0.0126350785863894,-0.24248716650813,0.291,0.33,1
"GLYAT","GLYAT",0.0126445865118461,0.827601995922117,0.028,0.015,1
"CLUL1","CLUL1",0.0126452864455793,-0.998544645428469,0.008,0.019,1
"SSBP4","SSBP4",0.0126515645970539,0.340442522660628,0.095,0.07,1
"MCM7","MCM7",0.012691057074089,0.245647539571269,0.136,0.105,1
"CDCA4","CDCA4",0.0127010665837841,0.48871668560067,0.052,0.033,1
"CLPX","CLPX",0.0127121052446573,-0.299267244388271,0.265,0.301,1
"ENSG00000284772","ENSG00000284772",0.0127411360115238,0.414030807135079,0.12,0.092,1
"ENSG00000250012","ENSG00000250012",0.0127607073579566,-1.15186152651885,0.016,0.029,1
"ZNF738","ZNF738",0.0127641812251366,-0.370186962055892,0.146,0.178,1
"MRE11","MRE11",0.012784703975233,-0.174071386358474,0.249,0.292,1
"ENSG00000258053","ENSG00000258053",0.0128101980624202,1.0124792846883,0.029,0.016,1
"ENSG00000259001","ENSG00000259001",0.0128360988977263,2.21280724360505,0.01,0.003,1
"ENSG00000269102","ENSG00000269102",0.012841436789547,1.10915692990843,0.023,0.011,1
"ENSG00000249870","ENSG00000249870",0.0128600163815672,0.326466237766333,0.104,0.077,1
"PCDHB14","PCDHB14",0.0128729229046184,-0.900081706460412,0.008,0.019,1
"NAXE","NAXE",0.0128751872665859,0.200434188188622,0.237,0.197,1
"LYPD5","LYPD5",0.0128870992232458,0.466119672829612,0.152,0.122,1
"ENSG00000272744","ENSG00000272744",0.0129050746490428,1.89682011187585,0.01,0.003,1
"SEC61G-DT","SEC61G-DT",0.0129176126525845,-1.08087459478886,0.019,0.034,1
"MASTL","MASTL",0.0129367589100811,-0.596196599021635,0.05,0.072,1
"ENSG00000255015","ENSG00000255015",0.0129459063605046,-0.581082117305746,0.036,0.055,1
"FANK1","FANK1",0.0129467866117713,0.534874434733208,0.106,0.08,1
"ENSG00000258677","ENSG00000258677",0.0129483010478934,1.00952847041137,0.02,0.009,1
"BIRC5","BIRC5",0.0129743781177627,1.87268342610315,0.01,0.003,1
"NEFL","NEFL",0.0129789599319822,-0.955303501741829,0.012,0.025,1
"ZNF287","ZNF287",0.0129801211178278,-0.533112238014755,0.083,0.109,1
"DHX9","DHX9",0.0130074408579075,0.179241692949966,0.563,0.523,1
"SMIM12","SMIM12",0.0130455855880929,0.24451797494513,0.261,0.22,1
"TAB1","TAB1",0.0130989099300703,-0.14159254880928,0.346,0.392,1
"SLC25A31","SLC25A31",0.0131022899621406,1.51439271087642,0.01,0.003,1
"AAMDC","AAMDC",0.0131137808114459,0.113151333179216,0.533,0.486,1
"ENSG00000276136","ENSG00000276136",0.013113973427162,1.50389755969557,0.01,0.003,1
"MEOX1","MEOX1",0.0131178423392817,-1.76478076060393,0.004,0.012,1
"PHB1","PHB1",0.0131341956159684,0.148458905234482,0.331,0.29,1
"ENSG00000265091","ENSG00000265091",0.0131421086505483,0.992196831458407,0.023,0.011,1
"SLC31A1","SLC31A1",0.0131467261785577,-0.200311671492164,0.091,0.119,1
"CBS","CBS",0.0131490791199664,1.20314047407232,0.01,0.003,1
"ATF2","ATF2",0.0131546060578386,0.149329020153046,0.643,0.603,1
"CSRP1","CSRP1",0.0131595147054715,0.194900926219625,0.71,0.697,1
"KLC4","KLC4",0.0131627417599618,0.246497885528655,0.21,0.175,1
"DNAH8","DNAH8",0.0131855504669978,-0.412828938153128,0.022,0.038,1
"ENSG00000228275","ENSG00000228275",0.0131960159657006,1.31175924209773,0.01,0.003,1
"LOC105379230","LOC105379230",0.0132627605937194,1.27161825980744,0.026,0.014,1
"CAPN13","CAPN13",0.0132645594966377,-0.56891459754125,0.039,0.058,1
"ISCU","ISCU",0.0132732380766543,0.297075657097963,0.207,0.172,1
"STK36","STK36",0.0133047021589481,-0.576561524070769,0.033,0.052,1
"ANKRD18DP","ANKRD18DP",0.0133063644312442,-0.734063675052119,0.012,0.025,1
"CNOT2","CNOT2",0.0133064569582698,-0.12095913587577,0.829,0.848,1
"NARS1","NARS1",0.0133117049215129,0.188023165369688,0.351,0.308,1
"PRDM5","PRDM5",0.0133225696765985,-0.308134737953877,0.185,0.22,1
"EEF1B2","EEF1B2",0.0133411943739001,0.213648553495717,0.197,0.159,1
"PLCE1","PLCE1",0.013343911790772,0.598978063432827,0.058,0.039,1
"WDR37","WDR37",0.0133550094026812,-0.196019505157877,0.469,0.497,1
"ENSG00000264083","ENSG00000264083",0.0133629184985742,-0.491585235744612,0.023,0.039,1
"CSPP1","CSPP1",0.0134295677956487,0.170968161181516,0.735,0.695,1
"MAGEC3","MAGEC3",0.0134515363962395,-0.16221939560627,0.383,0.427,1
"TUBB4B","TUBB4B",0.0134524783428251,-0.387496451304991,0.24,0.272,1
"GGACT","GGACT",0.0134581360382138,0.231048371316272,0.255,0.216,1
"GLB1L","GLB1L",0.0134624127985843,-0.618423375031093,0.01,0.021,1
"LOC101927788","LOC101927788",0.0134696822770006,-0.397436155526624,0.164,0.194,1
"DEPTOR","DEPTOR",0.013470159113096,0.240394459360906,0.545,0.51,1
"EMC7","EMC7",0.0134816906488404,0.28297088241997,0.276,0.239,1
"ENSG00000262049","ENSG00000262049",0.0134837015781575,0.68664837869321,0.049,0.031,1
"RBM27-POU4F3","RBM27-POU4F3",0.0135183786645552,-0.51375770962435,0.055,0.077,1
"HNMT","HNMT",0.0135742951695965,0.214471676892878,0.244,0.203,1
"NDUFC2-KCTD14","NDUFC2-KCTD14",0.0135769743625783,0.885283862244541,0.032,0.018,1
"ENSG00000268744","ENSG00000268744",0.0135784155273386,0.639849609166989,0.048,0.031,1
"C2orf72","C2orf72",0.0136025428310184,-0.711111180032911,0.059,0.082,1
"KCTD6","KCTD6",0.0136171651999002,0.190642036037934,0.245,0.205,1
"NPDC1","NPDC1",0.0136326952832087,-0.657111703315431,0.036,0.055,1
"ERCC1","ERCC1",0.0136336534043842,0.344858713301532,0.201,0.166,1
"PARD6B","PARD6B",0.0136441437086375,0.247883453572852,0.135,0.103,1
"STRN4","STRN4",0.0136497334695667,0.273282284112626,0.204,0.169,1
"CASQ2","CASQ2",0.0136742615443604,-1.09156024243627,0.004,0.012,1
"GDNF","GDNF",0.0136983272022663,-1.38366992789227,0.006,0.016,1
"SIL1","SIL1",0.0137075093120534,-0.131602211599544,0.61,0.651,1
"SOCS2","SOCS2",0.0137155299221047,-1.16830717822698,0.004,0.012,1
"PRIMA1","PRIMA1",0.0137261815442157,0.181248226884048,0.798,0.784,1
"ENSG00000264666","ENSG00000264666",0.0137504070580942,0.552722468737629,0.039,0.024,1
"ERI2","ERI2",0.0137650011441988,-0.424534929041801,0.169,0.202,1
"KDM2B","KDM2B",0.0137669543726134,-0.184541708043497,0.403,0.435,1
"TMEM208","TMEM208",0.0137843402999352,0.302878950421959,0.201,0.167,1
"EIF1AD","EIF1AD",0.0138059851973883,0.607268053399377,0.073,0.051,1
"ATP5F1B","ATP5F1B",0.0138155193265506,0.187882784523059,0.361,0.32,1
"LINC02108","LINC02108",0.0138156906860053,-1.17298746240311,0.006,0.016,1
"ZNF623","ZNF623",0.0138268673928739,0.273945370042367,0.195,0.16,1
"RILPL2","RILPL2",0.0138362464546386,0.682054521413945,0.062,0.042,1
"MRM1","MRM1",0.0138375361439613,0.5860509393741,0.039,0.024,1
"RABEP1","RABEP1",0.0138415731393523,0.119862077638283,0.824,0.791,1
"TMEM70","TMEM70",0.013878309697561,0.287288155419441,0.101,0.075,1
"RGPD1","RGPD1",0.0138791140572552,1.0380062181315,0.026,0.014,1
"BLVRB","BLVRB",0.0138896346869924,0.214124890824162,0.173,0.137,1
"KLK14","KLK14",0.0138951917960321,0.656762901403985,0.023,0.011,1
"HECTD2","HECTD2",0.0139170399630833,0.26205962333285,0.253,0.216,1
"BEND7","BEND7",0.013923608028235,-0.57416349092163,0.019,0.034,1
"HSF2BP","HSF2BP",0.013946284847569,-0.562455366175792,0.06,0.083,1
"PEX7","PEX7",0.013952012204293,-0.216118688388004,0.216,0.254,1
"NPHP4","NPHP4",0.0139640374060165,-0.328989851933681,0.162,0.195,1
"PLPP7","PLPP7",0.013970696874374,0.305282036582968,0.151,0.119,1
"NDUFA5","NDUFA5",0.0140086237421467,-0.2373649866131,0.215,0.252,1
"ENSG00000264808","ENSG00000264808",0.0140215605885143,-0.487199282507457,0.069,0.093,1
"SAMD13","SAMD13",0.0140472709009594,-0.291541048167455,0.097,0.126,1
"TEK","TEK",0.0140690371020958,1.18024821508881,0.023,0.012,1
"MACROH2A1","MACROH2A1",0.0140757252102069,-0.158781949577592,0.463,0.503,1
"CEBPZ","CEBPZ",0.0140957364210864,0.16091299008104,0.265,0.221,1
"COA6","COA6",0.0141049341233911,0.535249919214876,0.097,0.072,1
"CEP120","CEP120",0.0141200862475623,0.192364995516382,0.258,0.218,1
"KLF3","KLF3",0.0141551150888905,-0.18940378415546,0.444,0.475,1
"CZIB","CZIB",0.0141568947307952,-0.282456267710165,0.252,0.286,1
"PDAP1","PDAP1",0.014179028177553,0.224096601033738,0.25,0.21,1
"ENSG00000269843","ENSG00000269843",0.0141823969804726,-0.983303362875812,0.006,0.016,1
"SAMD9","SAMD9",0.0141888385020307,0.899156881745989,0.046,0.029,1
"TTLL1","TTLL1",0.0142096484050199,-0.42606757419427,0.099,0.127,1
"ATP6V1H","ATP6V1H",0.0142283697726512,0.166148405253815,0.497,0.447,1
"VDAC2","VDAC2",0.0142325598944687,0.227057396257886,0.299,0.259,1
"ARHGAP15","ARHGAP15",0.0142731150991733,0.840094842012042,0.05,0.033,1
"HSPA13","HSPA13",0.0142788114467251,0.317593600997744,0.216,0.181,1
"LMO4","LMO4",0.0142948170427397,0.301702305817637,0.247,0.211,1
"DPP10","DPP10",0.01431016283281,-0.535395210713768,0.084,0.111,1
"ENSG00000273269","ENSG00000273269",0.0143260786853271,0.731958940855852,0.018,0.008,1
"IFT81","IFT81",0.014342443827999,-0.281870949303041,0.104,0.135,1
"LINC01978","LINC01978",0.0143649516128684,-0.452881490746566,0.043,0.063,1
"BORCS5","BORCS5",0.0143726277260368,-0.155632438038058,0.56,0.601,1
"NHP2","NHP2",0.014376833406159,0.211564234309981,0.325,0.282,1
"LRP6","LRP6",0.0143833984112744,0.223193223121053,0.258,0.217,1
"GEMIN5","GEMIN5",0.0144085105236376,-0.386790908410075,0.188,0.222,1
"SDHAF4","SDHAF4",0.0144098950722409,-0.394900033746286,0.091,0.119,1
"RDH14","RDH14",0.0144317212700301,0.309879813394681,0.11,0.083,1
"MELTF-AS1","MELTF-AS1",0.0144503149661397,-0.819534520726273,0.018,0.032,1
"ENSG00000175170","ENSG00000175170",0.0144545695671391,0.196338706226687,0.446,0.401,1
"ENSG00000227627","ENSG00000227627",0.0144682780172248,-0.455601848224316,0.106,0.134,1
"SLC9A7","SLC9A7",0.0144927386573368,-1.42869068118766,0.008,0.018,1
"SAXO4","SAXO4",0.0144953057836568,0.416373250818947,0.039,0.024,1
"GSR","GSR",0.0145027177613222,0.309378391138769,0.21,0.175,1
"AGBL3","AGBL3",0.0145133491455939,-0.444422817375282,0.147,0.179,1
"FANCI","FANCI",0.0145502403821129,0.334482950652544,0.103,0.077,1
"PHYKPL","PHYKPL",0.0145854387883929,0.13604040757079,0.546,0.497,1
"ACAP3","ACAP3",0.0145879312738903,0.127155621886222,0.399,0.348,1
"NOMO2","NOMO2",0.0146157760598705,0.295877118145612,0.109,0.082,1
"TRIM24","TRIM24",0.0146445761027123,0.170775773324368,0.592,0.556,1
"COPG2","COPG2",0.0146611571089133,-0.19361802533368,0.401,0.439,1
"HID1","HID1",0.014671375120068,-0.232874109558112,0.379,0.412,1
"ENSG00000273301","ENSG00000273301",0.0146878271979325,1.48984908882395,0.012,0.004,1
"FN1","FN1",0.0146912751602905,-0.47049534566481,0.093,0.118,1
"FAM225A","FAM225A",0.0146980295058948,0.460738196694918,0.04,0.024,1
"POMZP3","POMZP3",0.0147012977939486,0.429722613789472,0.134,0.106,1
"STARD3NL","STARD3NL",0.0147065358827689,0.126166242402515,0.322,0.28,1
"ZSCAN1","ZSCAN1",0.0147089318495852,-1.0172435837484,0.013,0.025,1
"ENSG00000267461","ENSG00000267461",0.0147107183715147,1.66389242023191,0.012,0.004,1
"DUSP23","DUSP23",0.0147568891107669,0.323724831988564,0.087,0.063,1
"LOC124902727","LOC124902727",0.0147600665659481,0.504854266665868,0.055,0.036,1
"CNTRL","CNTRL",0.0147679245764393,-0.226019059918193,0.48,0.511,1
"FBXL12","FBXL12",0.0147772848654281,-0.401719558011075,0.124,0.154,1
"ENSG00000261273","ENSG00000261273",0.0147862669697488,-1.10214717211524,0.008,0.018,1
"TMEM266","TMEM266",0.0147994648280158,-0.660323896013018,0.02,0.035,1
"RDH10-AS1","RDH10-AS1",0.0148025978205975,1.62145959213555,0.012,0.004,1
"ENSG00000218018","ENSG00000218018",0.0148261249542047,-1.234534581127,0.003,0.011,1
"GAA","GAA",0.0148286968585968,-0.381597675219486,0.148,0.178,1
"STARD10","STARD10",0.0148440212224202,0.580776779208526,0.04,0.024,1
"ENSG00000229918","ENSG00000229918",0.0148487269015073,1.26626840551731,0.012,0.004,1
"TNIK","TNIK",0.014861283993958,0.365268510224694,0.195,0.161,1
"ZBTB34","ZBTB34",0.0148620557098576,0.282766742693906,0.263,0.224,1
"MPPED1","MPPED1",0.0148803389416113,0.296190567771876,0.298,0.259,1
"ENSG00000230303","ENSG00000230303",0.0148804664723138,-0.462519476869476,0.065,0.09,1
"CAPN10-DT","CAPN10-DT",0.0148838345015119,0.493385703319836,0.07,0.049,1
"PLA2G6","PLA2G6",0.0149204856801448,-0.34118617702403,0.252,0.286,1
"RAB1A","RAB1A",0.014921878685007,0.124532476176599,0.643,0.594,1
"ZNF707","ZNF707",0.0149374088645104,-0.509629248534648,0.037,0.056,1
"PDZD9","PDZD9",0.0149459195313822,0.867588861926219,0.021,0.01,1
"UQCRB","UQCRB",0.0149461917586039,0.328535778729557,0.276,0.237,1
"AXL","AXL",0.0149485713694232,-0.948774581443527,0.008,0.018,1
"KCNJ11","KCNJ11",0.0149610922242758,1.05570759422217,0.016,0.007,1
"HSF1","HSF1",0.0149863290599092,0.157237958230233,0.304,0.258,1
"ENSG00000239265","ENSG00000239265",0.0149959997647198,0.72925931301459,0.021,0.01,1
"RHBDD1","RHBDD1",0.0150011253653446,0.110376631839897,0.659,0.624,1
"GOLGA8N","GOLGA8N",0.0150289484853945,-0.223766592829433,0.128,0.16,1
"TAP1","TAP1",0.0150484321299241,0.536688231400779,0.072,0.05,1
"HPCAL1","HPCAL1",0.0150598252027642,0.233743213331111,0.323,0.28,1
"PDCD5","PDCD5",0.0150667810495369,-0.329200091785482,0.131,0.163,1
"YRDC","YRDC",0.0150720824678653,0.467919985609624,0.066,0.045,1
"LINC00571","LINC00571",0.0150860088751928,-0.822711497951684,0.034,0.052,1
"GPR85","GPR85",0.0150977398255678,0.852811944406723,0.016,0.007,1
"ENSG00000259543","ENSG00000259543",0.0151019077137867,-0.803478658518384,0.022,0.037,1
"ATRAID","ATRAID",0.0151256461938269,0.311911188618908,0.196,0.163,1
"SRM","SRM",0.0151311631750342,0.235741068768592,0.207,0.173,1
"RFX2","RFX2",0.0151428119991238,-0.280308592329298,0.118,0.148,1
"FNIP2","FNIP2",0.015159098085556,-0.140459129682105,0.597,0.624,1
"DNAJC13","DNAJC13",0.015161015637762,-0.191089438411381,0.478,0.507,1
"MLANA","MLANA",0.0151654551003041,1.28563034066801,0.014,0.005,1
"RRM2B","RRM2B",0.015171409177157,-0.390386719835729,0.152,0.183,1
"ENSG00000271653","ENSG00000271653",0.0151868118040356,1.3939528138728,0.014,0.005,1
"ZNF513","ZNF513",0.0151965607272964,0.454381232066847,0.064,0.044,1
"HUWE1","HUWE1",0.0152010557064566,-0.109805402491148,0.686,0.718,1
"SAP30L","SAP30L",0.0152133875283425,0.303721399928386,0.162,0.131,1
"ENSG00000255250","ENSG00000255250",0.0152185157756831,-0.959401830724125,0.012,0.024,1
"ENSG00000249258","ENSG00000249258",0.0152192716341011,0.510622031563709,0.05,0.032,1
"MGAM2","MGAM2",0.0152832450458376,1.13976165166812,0.014,0.005,1
"TP53TG3","TP53TG3",0.0152832450458376,1.19998294230439,0.014,0.005,1
"CENPW","CENPW",0.0153047723049473,0.911278911445766,0.016,0.007,1
"ATAD3A","ATAD3A",0.0153111107502814,0.407532231867658,0.124,0.096,1
"PIK3CA","PIK3CA",0.0153327849221835,0.16299860547696,0.606,0.563,1
"B4GALT2","B4GALT2",0.0153997354703511,0.156212711896992,0.27,0.229,1
"RNF166","RNF166",0.0154110596887701,0.589419743408376,0.062,0.042,1
"ZNF134","ZNF134",0.0154182478735959,0.344765918771648,0.116,0.089,1
"STRADB","STRADB",0.0154581630168434,-0.21508019966814,0.267,0.306,1
"FSIP2-AS2","FSIP2-AS2",0.0154953049146505,-0.38586967323168,0.143,0.175,1
"TICAM1","TICAM1",0.0155076896650984,0.77934985003396,0.047,0.03,1
"ENSG00000258751","ENSG00000258751",0.0155170591603611,1.52531511762799,0.019,0.008,1
"ERN1","ERN1",0.0155180861168869,-0.158660625512606,0.063,0.086,1
"SYNGAP1","SYNGAP1",0.0155666252714145,0.402926749141478,0.112,0.086,1
"NUP93","NUP93",0.0155695326403162,0.239090071193492,0.539,0.52,1
"LCAT","LCAT",0.0155902982821654,-1.51704541693024,0.006,0.014,1
"IL17RD","IL17RD",0.0156104896223665,-0.548184271033155,0.053,0.074,1
"ATL1","ATL1",0.0156129994573385,0.102966685411343,0.728,0.675,1
"SEC22C","SEC22C",0.0156477395040003,0.131537103861233,0.469,0.42,1
"ILF3","ILF3",0.0156676559453259,0.176565966852724,0.409,0.372,1
"BCDIN3D","BCDIN3D",0.0156972259003882,0.326192212884783,0.147,0.116,1
"DKK2","DKK2",0.0156978595646637,0.490261162219025,0.057,0.038,1
"KDM4B","KDM4B",0.0157034141254194,-0.181384628545342,0.543,0.576,1
"ENSG00000224565","ENSG00000224565",0.0157327346973514,-2.01776351669289,0.003,0.01,1
"RIOX2","RIOX2",0.0157468079941601,0.241422303237584,0.187,0.153,1
"ZBTB43","ZBTB43",0.0157482264233978,0.206686244778627,0.481,0.446,1
"ENSG00000248202","ENSG00000248202",0.0157692030889399,-0.66124145655491,0.01,0.022,1
"EPB41L5","EPB41L5",0.015784165622631,-0.247936896776258,0.268,0.304,1
"SRA1","SRA1",0.0158156921942132,0.328649606090065,0.153,0.123,1
"PPM1K-DT","PPM1K-DT",0.0158245729320088,0.280361935064136,0.147,0.115,1
"DNAJC9-AS1","DNAJC9-AS1",0.0158687028357406,0.474061709971965,0.033,0.019,1
"DUS1L","DUS1L",0.0158874784278924,0.238252148608462,0.176,0.142,1
"UFC1","UFC1",0.015928238653915,0.28238508789505,0.198,0.165,1
"PRIM2","PRIM2",0.0159439493300339,0.211473165183387,0.421,0.381,1
"RHOT1","RHOT1",0.0159507027097393,-0.129946115730941,0.599,0.622,1
"DUSP6","DUSP6",0.0159674139026181,0.799195338384999,0.027,0.014,1
"RALGAPA2","RALGAPA2",0.0159874519591839,0.111194630906612,0.802,0.756,1
"FAM193A","FAM193A",0.016030676950547,0.114648260745492,0.658,0.614,1
"TRNAU1AP","TRNAU1AP",0.0160337667515023,0.183186905250966,0.374,0.329,1
"LOC101927040","LOC101927040",0.0160397504478093,0.928052303222866,0.024,0.012,1
"PARK7","PARK7",0.0160445442929549,0.133973033104282,0.463,0.42,1
"OCEL1","OCEL1",0.016045770678391,0.40255712750265,0.085,0.061,1
"ALAD","ALAD",0.0160495046179997,-0.262347439724503,0.189,0.224,1
"ENSG00000256742","ENSG00000256742",0.016062826323766,0.524659445036061,0.169,0.138,1
"IQCK-AS1","IQCK-AS1",0.0160997916150839,1.08679390612022,0.035,0.02,1
"ZDHHC18","ZDHHC18",0.0161005624873579,0.48489425017811,0.137,0.109,1
"METTL27","METTL27",0.0161380624286038,-1.12459875608203,0.003,0.01,1
"GSKIP","GSKIP",0.0161435529148486,-0.397509612668051,0.187,0.218,1
"FAM81A","FAM81A",0.0161918038468493,-0.426156236786108,0.12,0.149,1
"VRK2","VRK2",0.0162101877107957,-0.209733123441257,0.751,0.751,1
"ECI2","ECI2",0.0162241258168747,0.180063458013673,0.205,0.169,1
"TOP1MT","TOP1MT",0.0162547121130419,0.625884391240038,0.082,0.059,1
"BARD1","BARD1",0.0162781220675785,0.153168327531277,0.305,0.261,1
"UBA2","UBA2",0.0162815270671159,0.16730960914944,0.537,0.487,1
"PNMA1","PNMA1",0.0163227721896425,0.212758328257971,0.178,0.144,1
"PRKD2","PRKD2",0.0163250624971957,0.640035023020783,0.053,0.035,1
"PLEKHG4","PLEKHG4",0.0163303300304364,-0.47669341254168,0.048,0.069,1
"TTLL9","TTLL9",0.016354100979398,-0.267619013911056,0.35,0.386,1
"DCTN3","DCTN3",0.0164134985915425,0.259728668158169,0.259,0.223,1
"WNK2","WNK2",0.0164248528655518,1.30078177980628,0.024,0.012,1
"PHF11","PHF11",0.0164964512171498,0.274650093996247,0.332,0.294,1
"SETMAR","SETMAR",0.0165241187021646,0.353762961675452,0.168,0.137,1
"TTC9C","TTC9C",0.0165370797709755,0.282045367305134,0.188,0.156,1
"AP3M2","AP3M2",0.0165859516036734,0.261441780550641,0.265,0.229,1
"ENSG00000255455","ENSG00000255455",0.0165870554171575,-0.603487386838565,0.051,0.072,1
"XKR8","XKR8",0.0166025701531978,0.491662998004978,0.078,0.056,1
"ENSG00000267345","ENSG00000267345",0.016647280267363,0.577827243003881,0.073,0.052,1
"XPO4","XPO4",0.0166736338641493,-0.135353067998536,0.558,0.595,1
"TTC17","TTC17",0.0167168625003227,-0.10530813309727,0.814,0.834,1
"PPFIA3","PPFIA3",0.0167276985463162,0.572444692163449,0.059,0.04,1
"LINC02693","LINC02693",0.0167279703375225,0.279918859430235,0.134,0.105,1
"BIN3","BIN3",0.0167453433282259,0.272259354316538,0.245,0.207,1
"ENSG00000276087","ENSG00000276087",0.016751191584501,-0.544407037328355,0.015,0.028,1
"ENSG00000254333","ENSG00000254333",0.0167561371981272,-0.762184657026309,0.032,0.049,1
"SLC16A8","SLC16A8",0.016766017785611,-0.520983402854932,0.044,0.063,1
"CNOT3","CNOT3",0.0167686773806759,0.26915015681516,0.155,0.124,1
"MCRIP1","MCRIP1",0.0167931147025606,0.136577125194619,0.44,0.395,1
"AGAP2-AS1","AGAP2-AS1",0.0168032269260591,0.886561131489701,0.028,0.015,1
"ENSG00000231441","ENSG00000231441",0.0168129569201647,0.424826971497225,0.069,0.048,1
"LOC124901151","LOC124901151",0.016841023444194,0.561565765414167,0.06,0.041,1
"TRIM16","TRIM16",0.016854118139539,0.239839451622534,0.314,0.274,1
"ZNF627","ZNF627",0.0168648671911985,-0.281730960116459,0.17,0.205,1
"UBAP2","UBAP2",0.0168784000755799,-0.161776694405241,0.487,0.518,1
"PIP5K1B","PIP5K1B",0.0168831930596133,-0.580016877094708,0.077,0.101,1
"NT5DC3","NT5DC3",0.0169295370078807,-0.93151785217876,0.014,0.026,1
"SLC22A1","SLC22A1",0.0169414272321658,0.820595675737694,0.021,0.01,1
"GALNS","GALNS",0.0169597002519964,0.265875894798592,0.157,0.125,1
"POLR2M","POLR2M",0.0169701145167427,0.238546380453035,0.197,0.163,1
"PRDM10","PRDM10",0.0169724752201858,0.294712614899794,0.253,0.22,1
"EFCAB14-AS1","EFCAB14-AS1",0.0169762891382806,1.54680270999232,0.017,0.007,1
"KIF27","KIF27",0.0170144318451879,0.282656606595267,0.314,0.277,1
"LMAN2L","LMAN2L",0.0170191282771119,-0.29727831420674,0.134,0.165,1
"HCRT","HCRT",0.0170220065016728,0.426010824153169,0.024,0.012,1
"KCTD17","KCTD17",0.0170595548857765,0.282898246719967,0.14,0.111,1
"ZNF727","ZNF727",0.0170676592700917,-0.29582829251772,0.151,0.184,1
"FHL1P1","FHL1P1",0.0170738832348962,1.37321585577742,0.022,0.011,1
"MEMO1","MEMO1",0.0170997781718077,0.313318238538947,0.217,0.184,1
"EFNB2","EFNB2",0.0171419931836678,0.410574010681024,0.112,0.087,1
"ENSG00000271904","ENSG00000271904",0.0171458684734106,-1.17312469441219,0.007,0.016,1
"ENSG00000264365","ENSG00000264365",0.0171551291252598,1.34035737935527,0.025,0.013,1
"CCR10","CCR10",0.0171789592375333,-1.10026860941799,0.012,0.024,1
"MRPL51","MRPL51",0.0171962669914762,0.173369576007267,0.313,0.271,1
"TBC1D19","TBC1D19",0.0172035948389793,-0.106139162309338,0.628,0.678,1
"NDUFB1","NDUFB1",0.0172066055299863,0.121787675417831,0.274,0.231,1
"ENSG00000259846","ENSG00000259846",0.01721883723682,-1.44192544159776,0.008,0.018,1
"ENSG00000259038","ENSG00000259038",0.0172647287618925,0.555160835990318,0.039,0.024,1
"GPX4","GPX4",0.0172782044324769,0.211523688291149,0.512,0.482,1
"TMEM191B","TMEM191B",0.0172914255094936,0.683213547694663,0.039,0.024,1
"ZNF14","ZNF14",0.0173049072983247,-0.390696212307887,0.137,0.167,1
"METTL18","METTL18",0.017311960644093,0.697001498910756,0.039,0.024,1
"STX5","STX5",0.0173339058136761,0.280264646522964,0.256,0.22,1
"RBM18","RBM18",0.0173519868583357,0.286973289871921,0.185,0.152,1
"PTPN13","PTPN13",0.0173587407069657,0.141216223075251,0.6,0.565,1
"VPS9D1","VPS9D1",0.017375424998216,0.253895941207704,0.302,0.262,1
"CENPBD2P","CENPBD2P",0.0173957690879903,0.463373379370674,0.093,0.069,1
"TLNRD1","TLNRD1",0.017398027310531,0.208610689722639,0.22,0.184,1
"CPNE9","CPNE9",0.0174138116402378,1.24084977711646,0.017,0.007,1
"POGK","POGK",0.0174829933078668,0.181679562375455,0.353,0.317,1
"NOSIP","NOSIP",0.0175064749455213,0.133682212651676,0.283,0.24,1
"MAPK1","MAPK1",0.017526988879027,-0.107396518057769,0.728,0.748,1
"CCNG1","CCNG1",0.0175278656778564,0.336314331852771,0.19,0.158,1
"ENSG00000276030","ENSG00000276030",0.0175437234826227,1.15825963049278,0.017,0.007,1
"ZNF684","ZNF684",0.0175513443856887,-0.312051619538502,0.147,0.178,1
"ZFHX3-AS1","ZFHX3-AS1",0.0175955240048895,-0.206703814364959,0.146,0.18,1
"GALR1","GALR1",0.0176176098608546,-1.91478644950606,0.005,0.013,1
"MTA1-DT","MTA1-DT",0.0176417141713711,0.884309465433268,0.017,0.007,1
"ENSG00000282988","ENSG00000282988",0.0177182604883014,0.929051785025681,0.017,0.007,1
"PCYT1A","PCYT1A",0.0177309118258336,-0.240920144631004,0.259,0.295,1
"COPS4","COPS4",0.0177665919939618,-0.271968857447879,0.286,0.318,1
"ENSG00000270638","ENSG00000270638",0.0177736008333817,-1.20465569443326,0.01,0.02,1
"NEMP1","NEMP1",0.0177766457312548,-0.439121922845545,0.057,0.08,1
"ENSG00000223910","ENSG00000223910",0.017790427784049,-0.449980285265926,0.019,0.033,1
"RAI1","RAI1",0.0178271219410903,-0.266767202158094,0.249,0.285,1
"ZFAND2A-DT","ZFAND2A-DT",0.0178468668328433,0.214133347807778,0.081,0.058,1
"GYS2","GYS2",0.0178611904302427,1.02279090672357,0.017,0.007,1
"MAP3K2-DT","MAP3K2-DT",0.017905936686139,0.334089781030783,0.07,0.05,1
"CFAP44-AS1","CFAP44-AS1",0.0179272299187829,1.28808826802044,0.01,0.003,1
"LOC105377261","LOC105377261",0.017971095043909,1.21239626772322,0.01,0.003,1
"RABIF","RABIF",0.0179748771051913,0.331147298333121,0.163,0.133,1
"MAP3K14","MAP3K14",0.0179977079071545,0.463717537510792,0.187,0.157,1
"ADAMTS1","ADAMTS1",0.0179977473683112,0.758442011121292,0.032,0.018,1
"CNIH4","CNIH4",0.0179992155384525,0.318388696914581,0.234,0.201,1
"CDSN","CDSN",0.0180003906671497,0.769817457637095,0.01,0.003,1
"CA5B","CA5B",0.0180279899623077,-0.224808346662842,0.374,0.404,1
"SLC38A12","SLC38A12",0.018074136388932,0.205435328494017,0.348,0.306,1
"PINLYP","PINLYP",0.018085277464396,1.50902078824933,0.015,0.006,1
"SNX22","SNX22",0.0180857021128387,-0.409121458933873,0.135,0.163,1
"PDK3","PDK3",0.0181372998478324,-0.204340292144988,0.134,0.166,1
"SLC2A8","SLC2A8",0.0181772570229296,-0.361009734906281,0.07,0.095,1
"DBNL","DBNL",0.0181798546831974,-0.271300541374551,0.256,0.291,1
"RNF41","RNF41",0.0181810385031992,0.342785883885788,0.191,0.159,1
"IQANK1","IQANK1",0.0181952347557271,-1.02224702353685,0.01,0.02,1
"BCO1","BCO1",0.0181952347557271,-0.564771932999557,0.01,0.02,1
"FBRSL1","FBRSL1",0.0181966683022711,0.21041894667607,0.297,0.258,1
"SLC46A1","SLC46A1",0.0182227341901769,0.281079309142657,0.134,0.105,1
"KNTC1","KNTC1",0.0182253460321896,-0.316382464787635,0.074,0.098,1
"EXOC7","EXOC7",0.0182256751247885,-0.153245996334456,0.448,0.488,1
"TMTC3","TMTC3",0.0182396635179388,-0.173792677984988,0.359,0.399,1
"NOP53-AS1","NOP53-AS1",0.0182697087408928,0.568047818610903,0.044,0.028,1
"CEP15","CEP15",0.0183082328766378,0.218372809541756,0.218,0.183,1
"NCAPD3","NCAPD3",0.0183289957108998,0.358542394993695,0.201,0.17,1
"BAHCC1","BAHCC1",0.0183533801847747,0.362770097436707,0.245,0.214,1
"ACD","ACD",0.0183668573191249,0.37820220453495,0.069,0.048,1
"PUM3","PUM3",0.0183781536951324,0.170136459331253,0.677,0.65,1
"CCNB1IP1","CCNB1IP1",0.0183808981521491,-0.380708952384154,0.113,0.14,1
"HEG1","HEG1",0.0183934935701176,0.167869390702069,0.734,0.688,1
"IMMT","IMMT",0.0183984342482369,-0.206101047372499,0.346,0.386,1
"ENSG00000231193","ENSG00000231193",0.0184373469407065,1.39494954324621,0.015,0.006,1
"RGS12","RGS12",0.0184384607414289,0.299843390700227,0.272,0.235,1
"CCDC9","CCDC9",0.0184428825937243,1.16612355208855,0.026,0.014,1
"CLNS1A","CLNS1A",0.0184832838597101,-0.191907487457999,0.483,0.519,1
"RAD17","RAD17",0.018490214016131,-0.300336059396437,0.296,0.329,1
"TIGD5","TIGD5",0.0185354842392243,0.796306985003776,0.052,0.035,1
"MYCBPAP","MYCBPAP",0.0185416277147682,-0.720576522768091,0.028,0.044,1
"CCDC152","CCDC152",0.0185482551202185,0.389746971082906,0.171,0.14,1
"PSAT1","PSAT1",0.018548528633782,0.220789868806096,0.453,0.407,1
"KIAA0319L","KIAA0319L",0.0185676266043972,-0.118772315214815,0.668,0.693,1
"HSF4","HSF4",0.0185767335303767,-0.547102384850305,0.094,0.119,1
"MORN4","MORN4",0.0185859953073369,-0.412583460505823,0.104,0.131,1
"ALDH8A1","ALDH8A1",0.0186041399983546,0.160888960937141,0.135,0.105,1
"ZNF135","ZNF135",0.0186370776769466,0.189351698722756,0.469,0.434,1
"TERF2IP","TERF2IP",0.0187077264390385,-0.128250600532874,0.719,0.746,1
"SLC50A1","SLC50A1",0.0187254066664534,0.525674860695918,0.056,0.038,1
"KBTBD6","KBTBD6",0.018728486677159,0.229222683946233,0.209,0.174,1
"ADAMTS19","ADAMTS19",0.0187516091784769,-0.378693378630824,0.132,0.162,1
"RIOK3","RIOK3",0.0188022610313412,-0.180111050250949,0.484,0.525,1
"ENSG00000256377","ENSG00000256377",0.0188038496458552,0.936614366427592,0.019,0.009,1
"UNC119B","UNC119B",0.0188090739299803,0.438696673973234,0.044,0.027,1
"HCG20","HCG20",0.0188094207067702,-1.2243749203367,0.013,0.025,1
"ZNF101","ZNF101",0.0188124704501877,0.453801900368068,0.073,0.052,1
"RMDN2","RMDN2",0.0188132383069204,-0.598103418738041,0.082,0.105,1
"ZNF711","ZNF711",0.0188153016867054,-0.296660306267982,0.054,0.075,1
"METTL9","METTL9",0.0188153951287421,0.174883429173569,0.362,0.324,1
"ZNF562","ZNF562",0.0188302331301706,0.225540049822682,0.314,0.273,1
"ENSG00000284716","ENSG00000284716",0.0188702354229291,1.07661869226192,0.015,0.006,1
"DIO2-AS1","DIO2-AS1",0.0189492400113431,0.560195052996639,0.049,0.032,1
"TOR1AIP1","TOR1AIP1",0.0191187359562132,0.184341009858419,0.355,0.318,1
"ENSG00000259066","ENSG00000259066",0.0192137760801802,0.46169402367158,0.072,0.051,1
"RNF168","RNF168",0.0192174238090629,0.218623865373455,0.334,0.297,1
"TAF15","TAF15",0.0192574181489448,-0.106086778446913,0.763,0.754,1
"COP1","COP1",0.0192936126832907,-0.104243261059994,0.806,0.825,1
"ENSG00000227681","ENSG00000227681",0.0193220298100105,-1.67510972773177,0.006,0.015,1
"ALG5","ALG5",0.0193622854311469,-0.242437943530099,0.327,0.36,1
"TMEM14B-DT","TMEM14B-DT",0.019396437933845,-0.641286761589851,0.018,0.031,1
"ARMCX1","ARMCX1",0.019396455050386,0.476685753614602,0.069,0.049,1
"ALG1L2","ALG1L2",0.0194168218074303,-0.671133571487822,0.026,0.042,1
"USF1","USF1",0.0194909517120649,-0.540278366004493,0.033,0.05,1
"RBBP9","RBBP9",0.0195000830114137,0.469626776276411,0.077,0.056,1
"ENSG00000233852","ENSG00000233852",0.0195155749920403,-0.727297980789547,0.015,0.027,1
"LPO","LPO",0.0195575905335408,-1.02565268072466,0.013,0.025,1
"POLD4","POLD4",0.0196358954952971,-0.677251012077531,0.026,0.042,1
"CDC42EP1","CDC42EP1",0.0196571393928967,0.140610706863089,0.585,0.569,1
"ENSG00000230955","ENSG00000230955",0.0196929342261338,0.299149366582869,0.125,0.097,1
"NADK","NADK",0.0196999599693835,0.179057929948098,0.211,0.174,1
"CENPN","CENPN",0.0197069236477454,0.436489990487818,0.078,0.056,1
"USP46-DT","USP46-DT",0.0197209224245975,-1.27167519375221,0.006,0.015,1
"MAMDC2-AS1","MAMDC2-AS1",0.0197210567727878,-0.518119369132249,0.077,0.101,1
"DDX19A","DDX19A",0.0197446624362773,0.357090190996486,0.114,0.088,1
"CAPRIN2","CAPRIN2",0.019749306336309,0.342288858091195,0.14,0.112,1
"MAN1C1","MAN1C1",0.0197588952645429,0.141511812465271,0.549,0.505,1
"SLC28A2","SLC28A2",0.0198091326747115,-1.22644862999502,0.006,0.015,1
"ADAP2","ADAP2",0.0198096105853623,-0.392727350934995,0.074,0.097,1
"POLR2L","POLR2L",0.0198306112762173,0.133690357728028,0.312,0.271,1
"EBP","EBP",0.0198634775487108,0.415535689386351,0.075,0.054,1
"TMEM19","TMEM19",0.019865848378721,0.213076850900453,0.178,0.146,1
"ENSG00000278766","ENSG00000278766",0.019879185220987,0.416876969956873,0.044,0.028,1
"TM2D1","TM2D1",0.0199114896138436,-0.150782976754865,0.461,0.49,1
"TMEM68","TMEM68",0.0199264775303265,0.176110674597585,0.2,0.164,1
"TPX2","TPX2",0.0199338575028525,1.27205535300705,0.017,0.008,1
"PIPOX","PIPOX",0.0199495806475091,0.688332683909424,0.073,0.053,1
"AMPD2","AMPD2",0.0199554022686773,0.155908156189041,0.16,0.127,1
"SPAAR","SPAAR",0.01997775404667,-1.51503629221191,0.004,0.012,1
"B3GNT6","B3GNT6",0.01997775404667,-1.63287116198689,0.004,0.012,1
"TIMM10","TIMM10",0.0199834551929697,0.294553525107252,0.115,0.089,1
"PANK4","PANK4",0.0200228325756556,0.564895609298895,0.056,0.038,1
"SETBP1","SETBP1",0.020059610388841,0.156038992786725,0.709,0.696,1
"ENSG00000228629","ENSG00000228629",0.0200944028556718,0.813504427716611,0.033,0.02,1
"PRPF40B","PRPF40B",0.0201418225213035,-0.261415597334092,0.378,0.406,1
"DLD","DLD",0.0201441747804275,0.182531663491956,0.246,0.208,1
"XRN2","XRN2",0.020161642271411,0.120972709055268,0.537,0.492,1
"NLGN3","NLGN3",0.02022766954625,0.205716159244757,0.379,0.341,1
"FPGT-TNNI3K","FPGT-TNNI3K",0.0202433018631476,-1.56272406453199,0.004,0.012,1
"WDR49","WDR49",0.0202556572131089,0.742301248048055,0.029,0.016,1
"GNPNAT1","GNPNAT1",0.0202646731209041,0.227567933710138,0.132,0.104,1
"DCTN4","DCTN4",0.020305011561789,-0.154958377245764,0.518,0.552,1
"ZNF511-PRAP1","ZNF511-PRAP1",0.0203176095328551,-1.58046088690485,0.004,0.012,1
"VASP","VASP",0.0203432365297587,0.648082265008568,0.064,0.045,1
"ENSG00000271806","ENSG00000271806",0.0203632320669155,1.09273630564849,0.017,0.008,1
"ENSG00000236266","ENSG00000236266",0.0204423175920911,0.834147549928435,0.026,0.014,1
"KRT81","KRT81",0.0204597369825047,-1.29442729808034,0.008,0.017,1
"PYGL","PYGL",0.0204798307419624,0.907779004594369,0.034,0.02,1
"MTCL2","MTCL2",0.0204879241162118,-0.170392619823275,0.389,0.429,1
"SLC38A10","SLC38A10",0.0205643930077915,0.196164026389138,0.378,0.339,1
"STEEP1","STEEP1",0.0205774670030213,-0.497697925153012,0.076,0.099,1
"FAM131B","FAM131B",0.0206089507960308,-0.213738833618673,0.376,0.408,1
"COX18","COX18",0.0206308808198007,-0.362139706540352,0.133,0.16,1
"CDKL2","CDKL2",0.0206968060348708,0.148996729067922,0.491,0.443,1
"TMEM126A","TMEM126A",0.0207243060680892,0.266725754786574,0.117,0.09,1
"RNF114","RNF114",0.0207387026473606,0.200110111467284,0.35,0.31,1
"ENSG00000260000","ENSG00000260000",0.0207611895812562,-1.11917537377003,0.01,0.021,1
"MELK","MELK",0.0207611895812562,-1.17197436919647,0.01,0.021,1
"ECH1","ECH1",0.0207770313865067,0.219164625144028,0.29,0.25,1
"C2orf92","C2orf92",0.0207822547546009,-0.158627586837303,0.256,0.297,1
"ENSG00000266076","ENSG00000266076",0.0208091102332255,0.761484555612218,0.023,0.012,1
"ENSG00000255422","ENSG00000255422",0.0208285038660324,0.172845003507859,0.132,0.103,1
"CCDC110","CCDC110",0.0208410583237867,1.13340586516737,0.02,0.01,1
"CC2D2A","CC2D2A",0.0208581783132646,0.206585647739775,0.185,0.154,1
"SHLD2","SHLD2",0.0208750948084037,-0.240807242550556,0.331,0.363,1
"ULK3","ULK3",0.0208784329913727,0.372333053855657,0.114,0.088,1
"ENSG00000273204","ENSG00000273204",0.020884459428298,0.836193716030249,0.026,0.014,1
"PRR12","PRR12",0.020917786032102,0.184681359258858,0.23,0.194,1
"PABIR3","PABIR3",0.0209475733394558,-0.352775092373907,0.151,0.182,1
"CLIP3","CLIP3",0.0209504378158195,0.150848097989875,0.357,0.315,1
"SLC30A9","SLC30A9",0.0209778551588415,-0.185438023530354,0.625,0.631,1
"CIRSR","CIRSR",0.0209830193567073,0.123338706132365,0.455,0.412,1
"MOCS2-DT","MOCS2-DT",0.020998651127494,0.30989189349772,0.1,0.075,1
"RAD1","RAD1",0.0210401870919754,0.306262096494767,0.151,0.121,1
"NUP42","NUP42",0.0210577274988524,-0.277652154238018,0.249,0.284,1
"ENSG00000275964","ENSG00000275964",0.0210878952094399,-0.583700313065542,0.045,0.064,1
"ATP7B","ATP7B",0.0211029217972495,0.710286868422346,0.053,0.036,1
"ENSG00000259106","ENSG00000259106",0.0211182129121471,0.897000147631434,0.034,0.02,1
"CAPN7","CAPN7",0.0211319449293602,-0.164246121361404,0.612,0.631,1
"RAB2B","RAB2B",0.0212376016213999,-0.301570578405381,0.236,0.271,1
"ECHDC1","ECHDC1",0.021240466957621,-0.160659107906118,0.573,0.584,1
"FAM32A","FAM32A",0.0212616619569908,0.460270457632877,0.098,0.075,1
"ENSG00000255158","ENSG00000255158",0.0212620619919658,0.534628444051402,0.058,0.04,1
"RASA1","RASA1",0.0212864072325948,-0.120826270781823,0.811,0.823,1
"RABL2B","RABL2B",0.0212967160140752,-0.252747787626804,0.253,0.286,1
"UBP1","UBP1",0.0213195999032606,-0.204806184294867,0.339,0.371,1
"NEDD4","NEDD4",0.0213858426133776,0.167851585387789,0.458,0.42,1
"ENSG00000285258","ENSG00000285258",0.0214089054986367,-0.338736879572637,0.111,0.14,1
"ZNF853","ZNF853",0.0214147859731931,0.313558172555045,0.061,0.042,1
"MYL12B","MYL12B",0.02141903519063,0.202906385914476,0.27,0.232,1
"OBSL1","OBSL1",0.0214355740205692,-0.741524560652493,0.023,0.037,1
"CPXM2","CPXM2",0.0214959558814821,-0.103624938180869,0.309,0.354,1
"DZANK1","DZANK1",0.0215028125131013,-0.303475460210709,0.18,0.211,1
"ENSG00000242798","ENSG00000242798",0.0215121275584974,0.544351288875742,0.046,0.03,1
"FBXL16","FBXL16",0.0215214920277651,0.741089755378769,0.048,0.032,1
"TSPAN15","TSPAN15",0.0215272739593988,-0.143046062527105,0.616,0.644,1
"SPAG6","SPAG6",0.0216413536737635,-0.473911873538965,0.116,0.142,1
"ATXN7L2","ATXN7L2",0.0216451232786025,0.402636782131154,0.037,0.022,1
"FUZ","FUZ",0.0216522849799829,0.312370438300623,0.149,0.119,1
"EFCAB13","EFCAB13",0.0216527869150573,0.340164822721948,0.13,0.103,1
"C14orf132","C14orf132",0.0216553624563875,-0.23328377951809,0.284,0.32,1
"CHCHD4","CHCHD4",0.0216640128286631,0.497705195711362,0.068,0.048,1
"CDKN2A","CDKN2A",0.0216677886807218,-0.826664524499512,0.009,0.019,1
"KRCC1","KRCC1",0.0217455587896884,-0.183172387320063,0.475,0.504,1
"TRMT112","TRMT112",0.0218253476167358,0.282058591015697,0.27,0.237,1
"YBX1","YBX1",0.0218770455508503,0.248842226258464,0.358,0.322,1
"WBP1L","WBP1L",0.0219259242189535,-0.200271196554115,0.377,0.41,1
"ENSG00000254461","ENSG00000254461",0.021925946468288,-1.77567129841632,0.006,0.014,1
"ERLIN1","ERLIN1",0.0219755483041635,0.196564070208045,0.216,0.182,1
"NEU1","NEU1",0.0219864969941333,0.42659091493489,0.064,0.044,1
"TMEM87A","TMEM87A",0.021989514458001,0.100723638316589,0.836,0.82,1
"C14orf93","C14orf93",0.0220105858887568,0.335058926508665,0.113,0.087,1
"HTATSF1","HTATSF1",0.0220926727689057,0.233428966322251,0.219,0.183,1
"PAOX","PAOX",0.022114081066937,0.479481359177307,0.096,0.073,1
"TIGD4","TIGD4",0.022200944860673,0.656278510496703,0.054,0.037,1
"FAM20B","FAM20B",0.0222404286272349,0.174937446474003,0.471,0.435,1
"CLSTN3","CLSTN3",0.0222546295544384,0.807672467814373,0.015,0.007,1
"SLC15A2","SLC15A2",0.0222776014888261,0.393739908974367,0.069,0.049,1
"DDX60L","DDX60L",0.0222933859873125,0.787122706219217,0.03,0.018,1
"LMBR1L","LMBR1L",0.0223015930365932,0.3193051495229,0.192,0.161,1
"IBTK","IBTK",0.0223243991139364,-0.113749224574352,0.818,0.816,1
"METTL25B","METTL25B",0.0223365689378068,0.165067061903192,0.236,0.199,1
"LOC124901355","LOC124901355",0.0223596749115121,0.834215661433564,0.03,0.018,1
"BRCA1","BRCA1",0.0223756765317037,-0.182993070127914,0.246,0.282,1
"PDGFC","PDGFC",0.0224078183982695,-1.02419857265608,0.003,0.01,1
"ENSG00000260657","ENSG00000260657",0.0224120891461291,-0.941035713262779,0.014,0.025,1
"THAP3","THAP3",0.0224324648955361,0.247889153804731,0.149,0.118,1
"ENSG00000273487","ENSG00000273487",0.0224471560892209,0.62453004086669,0.034,0.02,1
"ENSG00000267175","ENSG00000267175",0.0224596692711634,-0.575716198683442,0.065,0.087,1
"ART4","ART4",0.0224598335177315,-1.57854504301696,0.003,0.01,1
"BCAT2","BCAT2",0.0224922658849686,0.25130284619849,0.321,0.29,1
"COL12A1","COL12A1",0.0224945685480193,-0.984805290779954,0.003,0.01,1
"ENSG00000259442","ENSG00000259442",0.0225286465999601,-0.309060305924899,0.029,0.045,1
"ENSG00000226803","ENSG00000226803",0.022550910330826,0.361282959015439,0.12,0.094,1
"ITGAE","ITGAE",0.0225644386789425,0.218525729902528,0.211,0.178,1
"SLC35B3","SLC35B3",0.0225667102779427,-0.196515805243541,0.371,0.401,1
"TM4SF20","TM4SF20",0.0225780557144493,0.800663645361548,0.015,0.007,1
"AP1G2","AP1G2",0.022594059013496,0.423131383407016,0.098,0.075,1
"PHF13","PHF13",0.0226085737316931,0.312642850403201,0.086,0.064,1
"PCMTD2","PCMTD2",0.0226276909286803,0.107790147397303,0.445,0.403,1
"ENSG00000257767","ENSG00000257767",0.0226356753045772,0.484060512276076,0.048,0.031,1
"LOC124904544","LOC124904544",0.0226754842375677,-1.35310142453046,0.006,0.014,1
"SMARCA1","SMARCA1",0.0226795596358056,0.269870970845848,0.291,0.255,1
"SPATA20","SPATA20",0.0226849465810357,0.461132791000689,0.084,0.062,1
"NUP88","NUP88",0.0227324625023785,0.191956378862337,0.364,0.322,1
"CYGB","CYGB",0.0227565729035902,-0.949081325411804,0.003,0.01,1
"UCP3","UCP3",0.0227800656364512,0.863945760297869,0.035,0.022,1
"CCDC34","CCDC34",0.0228087372414184,0.436350270944663,0.034,0.02,1
"CEP135","CEP135",0.0228281871858195,0.199188333303392,0.196,0.161,1
"ERICH6","ERICH6",0.0228708560047998,-0.271728466784898,0.015,0.027,1
"TRIM45","TRIM45",0.0229373147704688,-0.99710459110541,0.018,0.031,1
"PPARG","PPARG",0.0229474603321647,1.31715670900207,0.013,0.005,1
"MAX-AS1","MAX-AS1",0.0229579770364634,0.842982686711234,0.027,0.015,1
"CARHSP1","CARHSP1",0.0229586994013616,0.135092722745844,0.27,0.233,1
"BTF3L4","BTF3L4",0.0229624513453117,-0.19520199327577,0.358,0.395,1
"ENSG00000267042","ENSG00000267042",0.0229777311712231,-0.286550447548592,0.142,0.172,1
"SPOCK2","SPOCK2",0.0230426780053536,0.22656709066331,0.145,0.117,1
"GNL2","GNL2",0.0230694703862604,-0.399217193162106,0.112,0.139,1
"ENSG00000254571","ENSG00000254571",0.023088329444117,1.06866784452736,0.013,0.005,1
"AVEN","AVEN",0.0230895713872462,-0.24252399162493,0.353,0.384,1
"FEM1C","FEM1C",0.0230984162525228,0.174525350028656,0.296,0.257,1
"MARF1","MARF1",0.0231311315336923,-0.205887118696998,0.471,0.497,1
"DNMBP","DNMBP",0.0231410955718028,0.511678503701932,0.082,0.061,1
"SULT1A2","SULT1A2",0.0231587779075315,0.886555419115136,0.021,0.01,1
"DIP2C-AS2","DIP2C-AS2",0.0231731373167185,-0.157977399219685,0.166,0.2,1
"TEX29","TEX29",0.0231845784581302,1.02855592653131,0.018,0.008,1
"NRXN3","NRXN3",0.0231945593572103,-0.128766133883627,0.959,0.901,1
"LINC02102","LINC02102",0.0232026678795644,-0.785467414983048,0.006,0.014,1
"ARIH1","ARIH1",0.0232416576603534,-0.128808759314654,0.76,0.767,1
"MIR22HG","MIR22HG",0.0232547803600954,-1.00033192985333,0.012,0.024,1
"MAN2C1","MAN2C1",0.0232591788130166,0.189194989634656,0.301,0.26,1
"MLXIP","MLXIP",0.0232624932460648,0.232972334679581,0.288,0.252,1
"LOC124901051","LOC124901051",0.0232926391304747,-1.52577472368651,0.01,0.02,1
"ENSG00000235010","ENSG00000235010",0.0232931326401808,0.984741714218792,0.013,0.005,1
"DYRK4","DYRK4",0.0233558383282039,0.983752073977748,0.018,0.008,1
"DNAJB11","DNAJB11",0.0233945255950087,0.231301632123464,0.134,0.106,1
"ENSG00000267552","ENSG00000267552",0.0234175184150129,0.789735396752377,0.045,0.029,1
"SFSWAP","SFSWAP",0.0234255374678715,-0.141950232064191,0.599,0.622,1
"CD151","CD151",0.0234478133557638,0.827158152740438,0.011,0.004,1
"ZFP3","ZFP3",0.0234795412478896,0.327820682422516,0.088,0.066,1
"CYBRD1","CYBRD1",0.0234849333970647,-0.155373152333557,0.521,0.545,1
"ENSG00000235888","ENSG00000235888",0.0235006825644822,1.25459511369053,0.011,0.004,1
"SLC27A1","SLC27A1",0.0235125596853976,0.16264196489349,0.704,0.678,1
"CARD19","CARD19",0.0235192321428661,0.191535330662862,0.24,0.207,1
"SEC24D","SEC24D",0.0235211493832088,0.520451084674043,0.095,0.073,1
"GRIK2","GRIK2",0.0235809802893907,-0.258511590545737,0.345,0.38,1
"GCFC2","GCFC2",0.0235873266459449,0.129807193873646,0.498,0.456,1
"ELOF1","ELOF1",0.0236405986947408,0.234496266510215,0.151,0.121,1
"PPIB","PPIB",0.0236630560963196,0.240107807081638,0.389,0.361,1
"CLINT1","CLINT1",0.0237340371173208,-0.185832758101778,0.273,0.308,1
"MTMR4","MTMR4",0.023744482872633,0.185969940319917,0.346,0.305,1
"MED21","MED21",0.0237619486402957,0.270699105254191,0.16,0.13,1
"ADRM1","ADRM1",0.0237760469725087,0.273074982935579,0.212,0.177,1
"MZT2A","MZT2A",0.0237900283006211,0.269120226306539,0.282,0.245,1
"CCDC59","CCDC59",0.0238054193110138,0.278042741819551,0.348,0.32,1
"PRKAR2A-AS1","PRKAR2A-AS1",0.0238086143034587,-0.739957034598007,0.022,0.036,1
"ZMYM3","ZMYM3",0.0238223441700479,0.357085227128344,0.14,0.112,1
"AK2","AK2",0.023824212365245,-0.311241497134565,0.286,0.316,1
"TMEM37","TMEM37",0.0238368527467609,-1.3085744053352,0.007,0.016,1
"APOL2","APOL2",0.0238501041060127,0.356765781005441,0.092,0.069,1
"TRADD","TRADD",0.0238934818532832,0.27438001405548,0.168,0.139,1
"ENSG00000273702","ENSG00000273702",0.0238946798129184,0.10967426685626,0.142,0.112,1
"TTC31","TTC31",0.0239238148265883,0.546529849290968,0.104,0.08,1
"HK1","HK1",0.0239429960651422,0.498653782742236,0.07,0.051,1
"RNF181","RNF181",0.0239438408465865,0.184686806497978,0.158,0.127,1
"MATCAP1","MATCAP1",0.0239881471394327,-0.366145394650841,0.133,0.16,1
"POP4","POP4",0.0239966006099814,0.350392788266094,0.125,0.099,1
"DNAJC19","DNAJC19",0.0240555011198471,0.299746610479365,0.201,0.17,1
"SSB","SSB",0.0240747747547718,0.186524691603062,0.283,0.246,1
"CLHC1","CLHC1",0.0241007995206664,-0.280436183657904,0.207,0.241,1
"WNK3","WNK3",0.0241297068543822,-0.251619842220028,0.22,0.252,1
"GPR180","GPR180",0.0241357627187587,-0.235556233389329,0.283,0.32,1
"CHPF","CHPF",0.0241960100893835,0.312213770722737,0.105,0.08,1
"DGKQ","DGKQ",0.0242129218204806,0.513751136249077,0.076,0.056,1
"CGREF1","CGREF1",0.0242282731834873,-1.28926654327465,0.007,0.016,1
"GTF3C5","GTF3C5",0.0242504203774729,0.114153568102424,0.28,0.238,1
"CST3","CST3",0.024267395871018,-0.36791747726565,0.093,0.119,1
"ENSG00000228108","ENSG00000228108",0.0242755396361703,0.634570781456121,0.066,0.048,1
"ENSG00000284644","ENSG00000284644",0.0242768212603504,0.95668799178422,0.024,0.013,1
"NUP85","NUP85",0.0242796747935764,-0.409890674240471,0.161,0.189,1
"ZSCAN31","ZSCAN31",0.0242827237438795,0.152081799837433,0.317,0.28,1
"HOMER2","HOMER2",0.0242871545711757,-0.265910378677451,0.232,0.266,1
"TPM3","TPM3",0.0243010159300843,-0.209427077105818,0.365,0.399,1
"NUDT18","NUDT18",0.0243306575644133,-1.07361830022457,0.007,0.016,1
"ENSG00000272572","ENSG00000272572",0.0244013871941945,-0.483079184444533,0.018,0.031,1
"PARD6A","PARD6A",0.0244698640498405,0.510662586448661,0.039,0.025,1
"TNRC6A","TNRC6A",0.0244771832123475,0.102299734224021,0.956,0.948,1
"ENSG00000228043","ENSG00000228043",0.0244856269515797,0.188436583406269,0.258,0.221,1
"RAD50","RAD50",0.0244991544190671,-0.961298328616778,0.01,0.02,1
"SDF2","SDF2",0.0245048484927007,0.22627441507316,0.22,0.185,1
"ZNF766","ZNF766",0.0245164537498348,0.27076764560186,0.219,0.186,1
"TMEM50B","TMEM50B",0.0245221004832198,-0.179094992418237,0.435,0.47,1
"NFRKB","NFRKB",0.02452460790237,0.32374014383342,0.144,0.116,1
"LYPLAL1","LYPLAL1",0.0245354444411363,0.115157981904058,0.692,0.652,1
"MRPL9","MRPL9",0.0245901682212533,0.393651344164536,0.097,0.075,1
"TAFA5","TAFA5",0.0246108821558091,-0.174287190610198,0.426,0.461,1
"C5orf58","C5orf58",0.0246255783002942,0.5210873451326,0.04,0.025,1
"NCKAP5-AS1","NCKAP5-AS1",0.024626615986483,0.408907689282617,0.065,0.046,1
"ENSG00000285210","ENSG00000285210",0.0246410172050168,-1.24755083158823,0.008,0.018,1
"SNAPIN","SNAPIN",0.0247001882845254,0.102148375530408,0.159,0.127,1
"LRIG2","LRIG2",0.024712385755255,-0.116470481177925,0.512,0.554,1
"UBL4A","UBL4A",0.0247171314023976,0.272204290722098,0.121,0.095,1
"PPP2R3B","PPP2R3B",0.0247259966471996,0.262494132125684,0.182,0.151,1
"SMAP1","SMAP1",0.0247497197717596,-0.115421734417894,0.576,0.607,1
"RUSC2","RUSC2",0.0247678626134807,0.135955646203626,0.4,0.358,1
"PLAG1","PLAG1",0.0247827595122718,-0.21202595529282,0.286,0.321,1
"APTR","APTR",0.0247916305762368,0.23946290687165,0.216,0.182,1
"SH2B3","SH2B3",0.0247956260584016,-0.451861771642975,0.131,0.157,1
"GGA2","GGA2",0.0248171368422907,0.250396973216908,0.285,0.25,1
"PRKCH","PRKCH",0.0248644114997884,-0.249562741896551,0.071,0.095,1
"ARMH1","ARMH1",0.0249358049922769,-0.306687851412413,0.068,0.09,1
"ENDOV","ENDOV",0.0249443614260638,0.285816526134735,0.223,0.189,1
"LRP2BP","LRP2BP",0.0249492102802165,0.170821892239705,0.261,0.221,1
"BCS1L","BCS1L",0.0249544937012261,0.378735472311218,0.082,0.061,1
"ABCA9-AS1","ABCA9-AS1",0.0249652224733414,-0.602004984171919,0.068,0.09,1
"ZNF347","ZNF347",0.0250110918686636,0.166177245405278,0.341,0.298,1
"ENSG00000231955","ENSG00000231955",0.0250405234611799,0.81515084335776,0.032,0.019,1
"EFL1","EFL1",0.0250725691884913,-0.170894406817176,0.315,0.354,1
"LASP1","LASP1",0.0251007520125446,-0.401919037018432,0.114,0.141,1
"TOP2B","TOP2B",0.0251689740155146,-0.115081213215113,0.598,0.631,1
"BEND3","BEND3",0.025347991166582,-0.869544593531445,0.021,0.034,1
"CFAP68","CFAP68",0.0254016895190763,0.369493517251437,0.096,0.073,1
"DACT1","DACT1",0.0254292006475845,1.34596553865251,0.019,0.009,1
"ERGIC2","ERGIC2",0.0254608732855367,-0.201790372012164,0.403,0.437,1
"UBXN1","UBXN1",0.0254625956884526,0.189385728430782,0.283,0.248,1
"OSBPL7","OSBPL7",0.02548848243284,0.394043419777692,0.134,0.108,1
"ZNF681","ZNF681",0.0254912417960875,-0.543691133121654,0.056,0.076,1
"RNF19A","RNF19A",0.0254920069806771,0.150468007819906,0.44,0.398,1
"NEFH","NEFH",0.0255797348566518,-0.629118587051569,0.027,0.042,1
"ENSG00000226363","ENSG00000226363",0.0255808509199931,0.561158213664788,0.031,0.018,1
"MUTYH","MUTYH",0.0256326001245693,0.267937862118477,0.137,0.109,1
"MYO1F","MYO1F",0.0256369962232206,0.398684088914987,0.075,0.055,1
"HAGLR","HAGLR",0.0256571684385366,0.147977791897804,0.413,0.376,1
"STN1","STN1",0.0256588385455518,0.304189949747755,0.229,0.197,1
"SNTA1","SNTA1",0.0256592190150271,-0.328258204596428,0.139,0.167,1
"SLC2A5","SLC2A5",0.0256654540736724,1.09603653909638,0.016,0.007,1
"LOC101930100","LOC101930100",0.0257039595884777,-0.238161390420808,0.384,0.412,1
"ENSG00000255073","ENSG00000255073",0.0257091150513448,1.02189312554769,0.025,0.014,1
"UQCRH","UQCRH",0.0257112426058618,0.209143935828344,0.246,0.21,1
"IDNK","IDNK",0.0257378008594775,-0.317618602504417,0.169,0.197,1
"TRNP1","TRNP1",0.0257400220676636,0.831510000367831,0.037,0.023,1
"ARHGAP24","ARHGAP24",0.0257552131605557,0.925067624058859,0.056,0.039,1
"GZF1","GZF1",0.025781643106141,0.245964035878073,0.102,0.078,1
"KRT83","KRT83",0.0257834830755619,0.87583037525053,0.037,0.023,1
"GHITM","GHITM",0.025799304526591,0.199383395471975,0.233,0.197,1
"KLF8","KLF8",0.0258050583642956,-0.386285524964981,0.053,0.073,1
"DALRD3","DALRD3",0.0258759966696778,0.343239484046098,0.076,0.056,1
"DBP","DBP",0.0259219980891706,0.293195856513834,0.131,0.104,1
"ENSG00000258455","ENSG00000258455",0.0259344758552962,0.613144142815719,0.053,0.036,1
"ARL8A","ARL8A",0.0259429737990158,-0.154576012717166,0.701,0.733,1
"GNE","GNE",0.0259605423796802,-0.17401952127577,0.287,0.326,1
"LOC124905564","LOC124905564",0.0259621491978539,0.283580312153224,0.21,0.178,1
"WDR83","WDR83",0.0259855040419952,0.410825531193692,0.093,0.07,1
"DVL1","DVL1",0.0259989495272691,0.177118466614981,0.24,0.202,1
"ENSG00000256632","ENSG00000256632",0.0260212009072399,0.652634823601021,0.021,0.011,1
"NSL1","NSL1",0.0260424338619112,0.116320920492874,0.588,0.552,1
"COX7A2","COX7A2",0.0260668227658064,0.186354376741637,0.352,0.315,1
"GOLM1","GOLM1",0.0261072710691597,0.196411735766389,0.468,0.434,1
"SLC11A1","SLC11A1",0.026116981571636,-0.833738880878414,0.017,0.029,1
"LINC00906","LINC00906",0.0261261967366464,0.563740006042377,0.021,0.011,1
"ME3","ME3",0.0261350871339026,-0.268802667685315,0.214,0.244,1
"WDR44","WDR44",0.0261668522569642,-0.191380399703103,0.525,0.545,1
"ENSG00000233571","ENSG00000233571",0.0261762342879607,0.833969863060397,0.016,0.007,1
"C5orf34","C5orf34",0.026177519538641,-0.797465427218683,0.019,0.031,1
"PCOLCE2","PCOLCE2",0.0262231304723972,0.605623158617492,0.102,0.079,1
"VGLL3","VGLL3",0.0262345678806011,-0.474891101760708,0.037,0.054,1
"ZKSCAN5","ZKSCAN5",0.0262508738694606,0.294685472101608,0.169,0.139,1
"HSPA2-AS1","HSPA2-AS1",0.0262526999041865,0.251061287264216,0.098,0.075,1
"COG8","COG8",0.0262568942134823,0.240164712858067,0.19,0.159,1
"CCDC134","CCDC134",0.0263181843721158,0.850423048515984,0.042,0.027,1
"MAD2L1BP","MAD2L1BP",0.0263482534035761,0.479319835323302,0.062,0.044,1
"ELOB","ELOB",0.0263519485780506,0.100399587154533,0.549,0.524,1
"FOXRED1","FOXRED1",0.0264011736874844,0.201767242162447,0.289,0.25,1
"CENPK","CENPK",0.0264306967040464,-1.3448893770651,0.005,0.012,1
"ALG6","ALG6",0.0264409960803932,-0.197650540058401,0.149,0.181,1
"ENSG00000231305","ENSG00000231305",0.026445728770872,1.03963174857227,0.019,0.009,1
"ENSG00000258312","ENSG00000258312",0.0264486787139763,-1.15375462211049,0.005,0.012,1
"SEL1L","SEL1L",0.0264503017843013,0.141486799276106,0.629,0.6,1
"PPIL6","PPIL6",0.0264546940374574,-0.285234917830131,0.068,0.092,1
"UBE2E1","UBE2E1",0.0264721617001194,-0.151195712409578,0.575,0.603,1
"ENSG00000250407","ENSG00000250407",0.0265030464199782,-0.588362514775638,0.024,0.039,1
"PDZD4","PDZD4",0.0265672349273523,-0.337602270875434,0.035,0.051,1
"ZRANB1","ZRANB1",0.0266000371894132,0.115637025137016,0.451,0.405,1
"NME3","NME3",0.026615589394376,0.114873378082435,0.523,0.489,1
"KARS1","KARS1",0.0266512979523738,0.266374481359631,0.18,0.15,1
"RNF139-DT","RNF139-DT",0.0266569493084818,0.455643159387603,0.057,0.039,1
"HAUS5","HAUS5",0.026713403110674,0.267156386062538,0.18,0.15,1
"IGSF3","IGSF3",0.026748011342683,0.433347372203136,0.05,0.033,1
"THG1L","THG1L",0.0267542807161187,0.529651125671947,0.052,0.035,1
"CGRRF1","CGRRF1",0.0267631761103543,0.202423505616562,0.26,0.223,1
"ACTR3C","ACTR3C",0.0267657809314572,0.99005831070381,0.037,0.023,1
"NDUFS6","NDUFS6",0.0267870838741678,-0.227314979484526,0.321,0.358,1
"RUVBL2","RUVBL2",0.0268323595786648,0.294511891213911,0.137,0.109,1
"DBNDD1","DBNDD1",0.0268535979086182,-0.524719519342511,0.061,0.081,1
"CLMP","CLMP",0.026912414205005,0.272231674399331,0.303,0.266,1
"LRRC40","LRRC40",0.0269392954167957,-0.262226207141199,0.285,0.318,1
"CDC42EP4","CDC42EP4",0.02695648401237,-0.865852575223691,0.005,0.012,1
"SATB2-AS1","SATB2-AS1",0.0269854607226007,0.27470180069889,0.044,0.029,1
"CMTR1","CMTR1",0.0269912866714159,-0.311362645366077,0.175,0.207,1
"THEMIS","THEMIS",0.0270004996172057,-0.951430167911675,0.031,0.046,1
"TMEM115","TMEM115",0.0270054622156984,0.138572469572419,0.103,0.078,1
"DENND6B","DENND6B",0.0270219819466952,-0.463141419058971,0.048,0.067,1
"OR9A2","OR9A2",0.0270765368561203,-0.859753263132727,0.013,0.024,1
"ARRDC1","ARRDC1",0.0270985901207689,-0.565933005028683,0.049,0.068,1
"DCTN2","DCTN2",0.0271018097142389,0.136555483561742,0.479,0.442,1
"MUL1","MUL1",0.0271143669426166,0.268682926224411,0.138,0.11,1
"ODAPH","ODAPH",0.0271427637705696,-0.560723108677244,0.03,0.045,1
"FRMD4A","FRMD4A",0.0272562796772276,-0.160036463729026,0.124,0.153,1
"CLPP","CLPP",0.027260942629276,0.182740800917848,0.185,0.153,1
"LOC105378798","LOC105378798",0.0272719472947492,-0.94608818521904,0.012,0.022,1
"PPP2CB","PPP2CB",0.0273077758123597,0.146932986651815,0.606,0.581,1
"ACKR2","ACKR2",0.0273378565360551,-0.557579550836793,0.031,0.047,1
"ZSCAN25","ZSCAN25",0.0273766509407213,-0.290378714297306,0.092,0.116,1
"CD247","CD247",0.0274183565560871,0.954792433852957,0.029,0.017,1
"ENSG00000233739","ENSG00000233739",0.0274596168413938,0.606100722291237,0.068,0.049,1
"C8orf58","C8orf58",0.0274767264411775,0.436691122553632,0.021,0.011,1
"ENSG00000261604","ENSG00000261604",0.0274979075285066,1.02035287045334,0.014,0.006,1
"CHCHD1","CHCHD1",0.0275170210616416,0.163494485279032,0.121,0.094,1
"UBTF","UBTF",0.0275207194543089,-0.256846632192318,0.261,0.294,1
"ENSG00000228839","ENSG00000228839",0.0275893833809088,-0.356918801514752,0.11,0.136,1
"ENSG00000233967","ENSG00000233967",0.0276091604663519,0.304723559275718,0.07,0.05,1
"ABCA13","ABCA13",0.0276215015192666,1.31673005616348,0.014,0.006,1
"ENSG00000249988","ENSG00000249988",0.0276412556400295,0.350719877737516,0.046,0.03,1
"ACKR3","ACKR3",0.0276569019701805,1.04903156654114,0.014,0.006,1
"ATP5MG","ATP5MG",0.0276865658504389,0.129527880529231,0.419,0.376,1
"CYP3A43","CYP3A43",0.0276968946343593,-0.371349403761291,0.017,0.029,1
"BANK1","BANK1",0.0276978710323817,0.519605849833773,0.037,0.023,1
"C1orf56","C1orf56",0.0276983244732085,0.169135202666077,0.211,0.178,1
"ENSG00000260760","ENSG00000260760",0.0277003785840321,0.223300689369907,0.2,0.167,1
"ENSG00000259354","ENSG00000259354",0.0277024527730616,0.561259756360851,0.042,0.027,1
"TMED7-TICAM2","TMED7-TICAM2",0.0277553693903572,0.241720441793683,0.206,0.173,1
"ETS1","ETS1",0.0277585029540794,-0.150337030996649,0.045,0.064,1
"TMEM14A","TMEM14A",0.0277611674926237,0.130320278886008,0.234,0.197,1
"BCL2L15","BCL2L15",0.0277792125350989,-0.916965022511063,0.012,0.022,1
"PLK1","PLK1",0.0278096128704155,0.518490464294065,0.075,0.055,1
"ENSG00000260971","ENSG00000260971",0.0278326769779881,0.809043924736655,0.026,0.014,1
"ASPM","ASPM",0.0278369732491825,0.675264063325575,0.037,0.023,1
"POLR2J2-UPK3BL1","POLR2J2-UPK3BL1",0.0278430206556024,0.221638038238233,0.272,0.234,1
"MRPS2","MRPS2",0.027861620735349,0.270373575477588,0.094,0.071,1
"ATPAF1","ATPAF1",0.0278849342416364,-0.215389248101116,0.392,0.422,1
"CHRNA6","CHRNA6",0.0278890227352007,-0.646848205533125,0.033,0.049,1
"RBBP5","RBBP5",0.0278892576045051,0.233159684805329,0.3,0.266,1
"MTA1","MTA1",0.0279120138169102,-0.281844086604008,0.208,0.237,1
"EPS15L1","EPS15L1",0.0279264543192316,0.188479142979143,0.455,0.417,1
"CCSAP","CCSAP",0.0279336618423858,0.125643008281601,0.458,0.42,1
"PTCD1","PTCD1",0.0279441267147185,0.393368707024559,0.05,0.034,1
"RACGAP1","RACGAP1",0.0279572198413017,0.210141292295962,0.16,0.129,1
"ENSG00000255663","ENSG00000255663",0.0279622683534032,0.749842986353706,0.037,0.024,1
"ARHGAP29","ARHGAP29",0.0279750309004552,0.270521931358489,0.14,0.112,1
"ACACB","ACACB",0.0280241915031984,-0.237368369207481,0.236,0.269,1
"AGBL5","AGBL5",0.0280304213579615,0.417193567726593,0.149,0.122,1
"EPHB3","EPHB3",0.0280309752361453,0.840041691275669,0.014,0.006,1
"PIM1","PIM1",0.0280620269132669,0.931724529339589,0.022,0.012,1
"ENSG00000233797","ENSG00000233797",0.0280737119715744,-0.419964849509029,0.093,0.118,1
"TCEAL7","TCEAL7",0.0280812875698582,-0.166792674885674,0.341,0.38,1
"ENSG00000254536","ENSG00000254536",0.028082585504973,0.76010585669525,0.033,0.02,1
"RRP12","RRP12",0.0280987928635628,0.312191661302012,0.146,0.118,1
"ENSG00000260360","ENSG00000260360",0.0281206804011822,0.988146721746235,0.014,0.006,1
"ANKRD30B","ANKRD30B",0.0281261258168406,-1.24526099461089,0.006,0.014,1
"GALNT6","GALNT6",0.0281369359685108,-0.154748565487177,0.386,0.424,1
"TOMM20","TOMM20",0.0281530011778615,-0.144006659049467,0.526,0.56,1
"TMEM94","TMEM94",0.0281564801157695,0.139551966912552,0.486,0.452,1
"ENSG00000272564","ENSG00000272564",0.028162781894699,-0.890084592049371,0.019,0.032,1
"MFAP5","MFAP5",0.0281756666641565,1.87454958967445,0.01,0.003,1
"ZNF385B","ZNF385B",0.0281760680346146,-0.336262226586332,0.021,0.034,1
"RAB5IF","RAB5IF",0.0281797555665041,0.409786197173157,0.072,0.052,1
"VAMP5","VAMP5",0.0282501495847156,0.138109708702172,0.114,0.088,1
"BNIPL","BNIPL",0.0282510354549337,0.373504145305604,0.041,0.026,1
"MGAT4A","MGAT4A",0.0282575658713064,0.328561745148579,0.2,0.169,1
"UNKL","UNKL",0.028266379426876,-0.275166257304005,0.148,0.176,1
"C5orf24","C5orf24",0.0282891238316841,0.163037693292389,0.399,0.359,1
"MAPK9","MAPK9",0.0283125324255227,0.1314835517318,0.46,0.42,1
"ENSG00000255839","ENSG00000255839",0.0283537144640602,1.14468939889307,0.01,0.003,1
"RIGI","RIGI",0.0284074531309805,0.334707881196555,0.175,0.146,1
"BRF1","BRF1",0.0284221367922191,0.118067091484261,0.631,0.597,1
"ENSG00000277420","ENSG00000277420",0.0284932653688952,-1.15610995882165,0.006,0.014,1
"CGAS","CGAS",0.0285101825152099,-0.472869153078889,0.046,0.065,1
"LSM7","LSM7",0.0285199180415119,0.11112025836922,0.437,0.398,1
"ENSG00000282951","ENSG00000282951",0.0285415553509516,0.473733635362771,0.037,0.023,1
"ZNF83","ZNF83",0.0285619355522149,-0.101873346653483,0.653,0.665,1
"MOK","MOK",0.0286474836248434,-0.298314143394829,0.092,0.116,1
"ENSG00000273483","ENSG00000273483",0.028693717964583,1.40172062074101,0.012,0.005,1
"RITA1","RITA1",0.0287085872738917,0.439645934886814,0.057,0.04,1
"ATF7IP2","ATF7IP2",0.0287909943367974,-0.156106942726547,0.332,0.368,1
"MAP1LC3B","MAP1LC3B",0.0288111130288662,0.104888668649794,0.462,0.417,1
"KICS2","KICS2",0.0288165824397792,0.397159945159483,0.146,0.12,1
"ARMC10","ARMC10",0.0288541424203194,-0.28838513050945,0.314,0.344,1
"ZNF264","ZNF264",0.0288605753452052,0.151243718184822,0.395,0.353,1
"ENSG00000232162","ENSG00000232162",0.0288647439815784,1.14795326210602,0.017,0.008,1
"MRTFA","MRTFA",0.0289051116714933,0.119801808424127,0.764,0.746,1
"TCEAL4","TCEAL4",0.0289082538355046,0.180693701108355,0.476,0.448,1
"ENSG00000225746","ENSG00000225746",0.0289143137948029,-1.24325149516888,0.008,0.016,1
"ZNF43","ZNF43",0.0289255378307468,-0.171941736234647,0.258,0.293,1
"ANKRD45","ANKRD45",0.0289357120103151,-0.906222832653604,0.006,0.014,1
"ZNF517","ZNF517",0.0289452534115861,-0.546852868161056,0.04,0.058,1
"MBD2","MBD2",0.0289581436710311,0.147678429999742,0.491,0.459,1
"EHD1","EHD1",0.0289714437516277,-0.283855036356599,0.272,0.299,1
"TNXB","TNXB",0.0289854111901991,-0.782196576585892,0.019,0.032,1
"RHOBTB2","RHOBTB2",0.0289901341999021,0.631928658066054,0.042,0.027,1
"MICALL2","MICALL2",0.0290050542768778,-0.564740125661175,0.028,0.042,1
"IGSF6","IGSF6",0.0290136733029067,1.14737250077512,0.017,0.008,1
"LINC02694","LINC02694",0.0290687671814543,-0.501462429408114,0.015,0.027,1
"ENSG00000230437","ENSG00000230437",0.0290843553138439,-0.837943606810357,0.01,0.02,1
"GRK2","GRK2",0.0291178516457208,0.20396012410473,0.209,0.176,1
"HNRNPR","HNRNPR",0.0291433614219223,-0.149612168136836,0.531,0.56,1
"ENSG00000259250","ENSG00000259250",0.029179925591157,0.754415835670223,0.017,0.008,1
"DDX20","DDX20",0.0291996897329302,-0.696881167715176,0.033,0.049,1
"DACH1","DACH1",0.0292042362553652,0.133986959720814,0.254,0.22,1
"MGME1","MGME1",0.0292104569908042,-0.32880061688639,0.187,0.214,1
"CPAP","CPAP",0.0292112322049327,0.254189564515337,0.182,0.151,1
"PEG10","PEG10",0.0292275116672144,0.216572303584651,0.314,0.282,1
"GFRA2","GFRA2",0.0292402526768918,0.96721242259962,0.012,0.005,1
"AP1M1","AP1M1",0.0292577066942903,0.190777226782256,0.311,0.275,1
"ACOXL","ACOXL",0.0292763492316214,-0.830238290936604,0.01,0.02,1
"BAG6","BAG6",0.0292963800845587,0.169040449573429,0.252,0.214,1
"ENSG00000141979","ENSG00000141979",0.0292973258836564,0.696074453341883,0.029,0.017,1
"POMK","POMK",0.0293088118871095,0.278486651255857,0.144,0.116,1
"METAP1","METAP1",0.0293103907027574,0.212709875607609,0.28,0.243,1
"PSMD7","PSMD7",0.0293173182881726,0.169546465662969,0.398,0.363,1
"ETFRF1","ETFRF1",0.0293931584454572,0.105043911999934,0.379,0.337,1
"CDCA2","CDCA2",0.02940389939867,0.680587035647344,0.012,0.005,1
"LDHA","LDHA",0.0294107182393242,0.34510140017096,0.093,0.071,1
"ISOC1","ISOC1",0.029423126017008,0.144708799622499,0.155,0.125,1
"EBLN3P","EBLN3P",0.0294311773644304,-0.147237102459431,0.274,0.31,1
"PDHA1","PDHA1",0.0294356863540154,0.188204549042483,0.252,0.214,1
"TEX46","TEX46",0.0294384633729597,-0.661986425886534,0.023,0.037,1
"ENSG00000273888","ENSG00000273888",0.0295355204725506,-0.525785164814669,0.033,0.049,1
"ZBTB8A","ZBTB8A",0.0296020110994866,-0.263636316781182,0.075,0.098,1
"PIWIL4","PIWIL4",0.0296059724964714,-0.17051704679792,0.202,0.235,1
"EMC1-AS1","EMC1-AS1",0.0296269251560667,0.18848757721143,0.249,0.213,1
"YBEY","YBEY",0.029631140697465,-0.304860142970014,0.223,0.25,1
"CKS2","CKS2",0.0296667008612329,1.09382977487384,0.017,0.008,1
"TM7SF2","TM7SF2",0.0296934201275842,-0.241966934198546,0.279,0.312,1
"MSANTD3","MSANTD3",0.0297312113433828,0.408285554848258,0.111,0.087,1
"LOC105375517","LOC105375517",0.0297513295901601,0.814145221113956,0.017,0.008,1
"ELP2","ELP2",0.0297844864658313,0.103482410458013,0.633,0.593,1
"LINC02263","LINC02263",0.0297895416985103,-1.58373093962941,0.004,0.011,1
"BAD","BAD",0.0297897154696292,0.145230696997313,0.249,0.213,1
"TUSC1","TUSC1",0.029822039472504,0.390704420702412,0.066,0.047,1
"USP4","USP4",0.0298401059172608,-0.204560787571377,0.318,0.35,1
"ATAD5","ATAD5",0.0298420218348509,-0.393548177423469,0.101,0.125,1
"UBA1","UBA1",0.0298649890909742,0.155443506635422,0.509,0.475,1
"NEIL1","NEIL1",0.0298655457994637,0.426505038524576,0.08,0.059,1
"CTTNBP2NL","CTTNBP2NL",0.0298826693876466,0.227212446755425,0.397,0.364,1
"ENSG00000251567","ENSG00000251567",0.0299041844658638,0.73244643400316,0.017,0.008,1
"CIZ1","CIZ1",0.0299257559464886,0.243984048279184,0.246,0.214,1
"ENSG00000257322","ENSG00000257322",0.0299267332343301,-0.398929034857566,0.057,0.076,1
"USP18","USP18",0.0299381085945696,-1.53767357351191,0.004,0.011,1
"NBEAL1","NBEAL1",0.0299521318736337,-0.116307264899007,0.79,0.809,1
"DTWD1","DTWD1",0.0299606731270027,-0.174972787091595,0.433,0.467,1
"LONRF3","LONRF3",0.0299617913160444,0.776135579768968,0.039,0.025,1
"ENSG00000265888","ENSG00000265888",0.0299806730894219,-1.75465442546617,0.004,0.011,1
"STRAP","STRAP",0.0300315958863126,0.230453870941408,0.268,0.235,1
"HLCS","HLCS",0.0300386200240438,-0.151669274703187,0.567,0.595,1
"GPANK1","GPANK1",0.0300606985155336,0.395373434851293,0.139,0.113,1
"EZR","EZR",0.0301514516426101,-1.31568417943755,0.004,0.011,1
"PHC1","PHC1",0.0302532360637546,0.376498101288533,0.108,0.085,1
"PPFIA2-AS2","PPFIA2-AS2",0.030272897926123,0.228693123652371,0.295,0.262,1
"ENSG00000276256","ENSG00000276256",0.0302773429520225,-0.527468089912071,0.038,0.055,1
"CSKMT","CSKMT",0.0303000866262885,-0.645156544312786,0.031,0.046,1
"TCEANC2","TCEANC2",0.0303156240309865,0.183340242233416,0.249,0.215,1
"CPSF3","CPSF3",0.0303717835101157,-0.177991041719581,0.167,0.199,1
"TWSG1","TWSG1",0.0304224826869448,-0.231187918110129,0.296,0.325,1
"ENSG00000259071","ENSG00000259071",0.0304373423215403,0.56525097023977,0.042,0.027,1
"APLP1","APLP1",0.030445074541608,0.12187576111615,0.971,0.98,1
"ENSG00000273449","ENSG00000273449",0.0304739154112855,-1.05531805202561,0.004,0.011,1
"C3orf18","C3orf18",0.0304965563620875,-0.511516429603401,0.039,0.056,1
"E4F1","E4F1",0.0305785966368278,-0.559245422689531,0.076,0.097,1
"NUBPL","NUBPL",0.0306013908936867,0.127041013634953,0.632,0.594,1
"ENSG00000255946","ENSG00000255946",0.0306172952673373,0.507416706488231,0.019,0.01,1
"PRPF40A","PRPF40A",0.0306772776143067,-0.173920324746824,0.493,0.524,1
"EPS8","EPS8",0.0306934455864757,0.149110681184951,0.732,0.72,1
"SLC12A9-AS1","SLC12A9-AS1",0.0307137049006546,-0.556138362943994,0.029,0.044,1
"BTN2A1","BTN2A1",0.0307219441885765,0.173020232848267,0.147,0.118,1
"ADGRB2","ADGRB2",0.0307229390683786,0.210498458035473,0.115,0.091,1
"LOC124906712","LOC124906712",0.0307406051367602,-1.10542739910246,0.012,0.023,1
"RAB3A","RAB3A",0.0308054173916268,0.396681116676012,0.075,0.056,1
"CFAP53","CFAP53",0.0308484952729485,0.202297058504497,0.102,0.078,1
"SPACA6-AS1","SPACA6-AS1",0.0308497673149719,0.821981323561624,0.023,0.012,1
"ZNF423","ZNF423",0.0309827874160074,-0.638738296881212,0.049,0.067,1
"ENSG00000229044","ENSG00000229044",0.0310054600436343,0.464707107695883,0.062,0.044,1
"DCP1B","DCP1B",0.031026966636241,-0.221572678832025,0.293,0.324,1
"SCO1","SCO1",0.0310310096596684,0.317883175440414,0.166,0.138,1
"FAM193B","FAM193B",0.0310392773804834,0.163850113937003,0.405,0.367,1
"SUCO","SUCO",0.0310881875918768,-0.172954085144701,0.5,0.516,1
"ENSG00000272840","ENSG00000272840",0.0311165091290323,0.684208535464365,0.05,0.035,1
"AMACR","AMACR",0.0311427033188943,1.45595902005458,0.015,0.007,1
"RPGR","RPGR",0.03117325370921,0.317204980944306,0.252,0.22,1
"WDR24","WDR24",0.0311751007166333,0.495262248889959,0.064,0.046,1
"KAT5","KAT5",0.0311919160420501,0.221232188307618,0.238,0.204,1
"ENSG00000285385","ENSG00000285385",0.0311929508343081,-0.605416069004857,0.04,0.057,1
"TTC21B","TTC21B",0.0312454407041503,-0.135352981890825,0.457,0.501,1
"CASK","CASK",0.031247299125111,0.110823334881848,0.415,0.373,1
"ACTR10","ACTR10",0.0312637775187372,-0.20072678787928,0.436,0.464,1
"PNKD","PNKD",0.0312641259638685,0.126645035800906,0.388,0.348,1
"ENSG00000258696","ENSG00000258696",0.0312899450439526,0.605441952939196,0.052,0.036,1
"MEPCE","MEPCE",0.0313858058731765,0.249685859765145,0.121,0.096,1
"HDDC2","HDDC2",0.0313927215867865,0.193376825001076,0.185,0.153,1
"REEP2","REEP2",0.0314420097673046,-0.55159667520974,0.039,0.056,1
"LSM6","LSM6",0.0314880573371897,-0.347562128028774,0.158,0.184,1
"ENSG00000272948","ENSG00000272948",0.0315100842598612,1.10553400577118,0.02,0.01,1
"MHENCR","MHENCR",0.0315255679908781,0.266048850749693,0.125,0.099,1
"ENSG00000254427","ENSG00000254427",0.0315381524056812,-1.2902178288741,0.011,0.021,1
"IL12RB1","IL12RB1",0.0315887826697037,0.88852759749687,0.031,0.019,1
"STAT5A","STAT5A",0.0316111905009502,-0.300126049439768,0.073,0.095,1
"RNF34","RNF34",0.0316151708281291,-0.179537661785481,0.423,0.454,1
"ZNF618","ZNF618",0.0316316826681157,-0.362350746965614,0.057,0.076,1
"APBA3","APBA3",0.0316707662158171,0.408075540399774,0.079,0.059,1
"LY6G5C","LY6G5C",0.0317086191398101,-1.16588293925536,0.011,0.021,1
"NPHS1","NPHS1",0.0317313657662785,0.560282724790406,0.049,0.033,1
"CR1","CR1",0.0318033573776138,-0.613949897505397,0.034,0.05,1
"MEGF8","MEGF8",0.0318918882296527,0.334426181065303,0.197,0.167,1
"PSMC2","PSMC2",0.0319283965425548,0.163034778173978,0.413,0.378,1
"MSANTD3-TMEFF1","MSANTD3-TMEFF1",0.0319824449723072,0.208223707754245,0.1,0.077,1
"CLUAP1","CLUAP1",0.0319865356238331,-0.180088580245649,0.171,0.205,1
"FAM217B","FAM217B",0.0319944886666256,0.144741597041808,0.359,0.318,1
"PLXDC2","PLXDC2",0.0320417364200183,-0.360612139622113,0.071,0.092,1
"DGKD","DGKD",0.0320430036642751,0.141934758575031,0.706,0.678,1
"ENSG00000226465","ENSG00000226465",0.0320456701167176,1.01581378407877,0.015,0.007,1
"ENOPH1","ENOPH1",0.0320487609868626,-0.192060156844801,0.416,0.451,1
"TRIP6","TRIP6",0.0320914110722038,-0.610303666117465,0.062,0.081,1
"SPATA6L","SPATA6L",0.0321347731020881,-0.223121625056468,0.127,0.155,1
"ENSG00000271955","ENSG00000271955",0.0321476321762025,-0.940173002003066,0.026,0.039,1
"LINC02482","LINC02482",0.0321499865157993,0.147983198563262,0.163,0.133,1
"SAPCD2","SAPCD2",0.0321771230161031,-0.517064493723018,0.055,0.073,1
"IMPDH2","IMPDH2",0.0322293978704283,0.1563617846541,0.16,0.131,1
"IMPACT","IMPACT",0.0322385409090039,-0.281579675765896,0.148,0.176,1
"LUZP1","LUZP1",0.03225750831818,-0.426605555386871,0.096,0.12,1
"STXBP5L","STXBP5L",0.0322672769495322,0.805401752309717,0.097,0.076,1
"ZNF835","ZNF835",0.0322745919666098,0.490169367483021,0.064,0.046,1
"LINC02367","LINC02367",0.0322797791576109,1.08355600718903,0.015,0.007,1
"CYLD","CYLD",0.032282309003288,0.116609563423904,0.777,0.754,1
"CDH10","CDH10",0.0323299320509758,-1.511677937676,0.006,0.013,1
"NRDE2","NRDE2",0.0323522261176731,-0.205346325414038,0.359,0.384,1
"RAB35","RAB35",0.0323797444382056,0.403624060516156,0.14,0.115,1
"RASAL2-AS1","RASAL2-AS1",0.0323977594642343,0.89995738212636,0.02,0.01,1
"CKM","CKM",0.0324366646992059,0.971847814452544,0.015,0.007,1
"DDX46","DDX46",0.0324719547759008,-0.118489112286792,0.638,0.65,1
"ENSG00000259635","ENSG00000259635",0.0324752332246724,1.17528962740998,0.017,0.008,1
"MED30","MED30",0.0325134424255324,0.17275090720585,0.15,0.122,1
"SCN2A","SCN2A",0.0325330097745773,-0.187482460754781,0.197,0.23,1
"ZP3","ZP3",0.032549623902551,-0.567305034529658,0.05,0.068,1
"CBX7","CBX7",0.0325603398398649,0.189480515383233,0.43,0.403,1
"ADISSP","ADISSP",0.0325820965136565,0.252089067187418,0.085,0.064,1
"B3GAT2","B3GAT2",0.0325837451914087,0.621901661288527,0.035,0.022,1
"VEPH1","VEPH1",0.0325987979282596,-1.49111370657358,0.006,0.013,1
"TTC38","TTC38",0.0326018742111934,0.302729224263036,0.113,0.089,1
"ENSG00000268458","ENSG00000268458",0.0326693029597579,0.600577252963379,0.051,0.035,1
"CCZ1B","CCZ1B",0.0326909583811055,-0.200716148030537,0.202,0.233,1
"PLOD2","PLOD2",0.0327015553771516,-0.425137900807127,0.09,0.114,1
"ITM2C","ITM2C",0.032749480362603,0.433211808139078,0.057,0.04,1
"H2AZ2-DT","H2AZ2-DT",0.0327652039085046,-1.25803787259002,0.006,0.013,1
"NR2F2-AS1","NR2F2-AS1",0.0327860557109929,-1.3933923392326,0.006,0.013,1
"GUK1","GUK1",0.0327884002495849,0.138724202165641,0.585,0.562,1
"FBXO15","FBXO15",0.0328303624347801,-0.281113535132657,0.185,0.214,1
"ALDOB","ALDOB",0.0328775105206478,-0.897928763902327,0.015,0.025,1
"ENSG00000260773","ENSG00000260773",0.0328818333568087,-1.19892179745709,0.01,0.019,1
"PDE8B","PDE8B",0.0329134944217713,0.347062917722765,0.078,0.058,1
"DCXR-DT","DCXR-DT",0.0329237872823507,0.768973446775985,0.027,0.016,1
"VPS29","VPS29",0.0329241817933641,0.161154449219587,0.337,0.299,1
"XKR4","XKR4",0.0329813857612746,-0.605188591695101,0.044,0.061,1
"TAF12","TAF12",0.032984210673596,0.223772736879012,0.207,0.175,1
"PTGES2","PTGES2",0.033022592616531,0.22087208056007,0.132,0.106,1
"CTSB","CTSB",0.0330526330626727,0.247438545024538,0.285,0.253,1
"ENSG00000260042","ENSG00000260042",0.0330701010317094,-0.494036769029056,0.104,0.127,1
"SPATA17","SPATA17",0.0330817628492617,-1.39510023901075,0.013,0.024,1
"NDUFV2-AS1","NDUFV2-AS1",0.0330852850278749,0.258167243056532,0.125,0.101,1
"SIGMAR1","SIGMAR1",0.0330890738238717,0.117125514564631,0.126,0.1,1
"NEB","NEB",0.0330894583651142,0.435113530373024,0.057,0.04,1
"GAMT","GAMT",0.0331269784072869,-0.221947887282987,0.281,0.316,1
"NDUFA6","NDUFA6",0.03316178567233,-0.346863967097938,0.121,0.146,1
"DNAAF10","DNAAF10",0.0331656082662024,-0.34967970769174,0.085,0.107,1
"ENSG00000269758","ENSG00000269758",0.0331813457765015,0.896261061961928,0.023,0.013,1
"HMBS","HMBS",0.0331999526630094,0.118177199546887,0.177,0.145,1
"ARHGAP25","ARHGAP25",0.0332135143082548,-2.06434318264238,0.007,0.015,1
"TSEN54","TSEN54",0.0333408903877004,0.111804609402187,0.267,0.227,1
"SOX30","SOX30",0.0333756245284155,0.507397334586494,0.027,0.016,1
"LMAN1","LMAN1",0.0335469230497013,-0.255981138515174,0.291,0.319,1
"GALNT17","GALNT17",0.0336231075671822,-0.627161444233645,0.035,0.051,1
"THEM6","THEM6",0.0336430314488505,0.348260803231449,0.114,0.09,1
"ENSG00000276259","ENSG00000276259",0.033646405068154,0.635351619528079,0.027,0.016,1
"ENSG00000256947","ENSG00000256947",0.033665805999064,0.608358345205179,0.054,0.038,1
"HS6ST2","HS6ST2",0.0337674147556192,-0.263865296187981,0.011,0.021,1
"ZNF318","ZNF318",0.0338189915838553,0.189736973382469,0.301,0.267,1
"INPP1","INPP1",0.0338313913643697,0.210361364148883,0.536,0.508,1
"ENSG00000258168","ENSG00000258168",0.0338330582632146,-1.37152416433387,0.008,0.017,1
"ENSG00000277368","ENSG00000277368",0.0338407014061192,-1.4792771520297,0.007,0.015,1
"PABPC5-AS1","PABPC5-AS1",0.033864887413751,-1.85444647838448,0.003,0.01,1
"ORC6","ORC6",0.0339396084847233,-1.22301320334405,0.007,0.015,1
"ENSG00000260271","ENSG00000260271",0.0339663690022904,-1.29957489561688,0.003,0.01,1
"FBXO16","FBXO16",0.0339937684831409,-0.417906577667558,0.073,0.095,1
"GPR89B","GPR89B",0.0339957432237695,0.236220172000976,0.209,0.178,1
"JKAMP","JKAMP",0.03403279585,0.190979479680765,0.359,0.322,1
"RTRAF","RTRAF",0.0340521034273829,0.15054260505689,0.373,0.333,1
"DIXDC1","DIXDC1",0.0340762468027499,0.123521038200519,0.81,0.781,1
"FAM200A","FAM200A",0.0341137580473101,-0.228507204486367,0.163,0.193,1
"CIROP","CIROP",0.0341190788044166,-1.25916210419891,0.003,0.01,1
"CYP4F26P","CYP4F26P",0.0341557526176306,0.677918264671537,0.036,0.023,1
"GATAD2A","GATAD2A",0.0341802643148346,-0.169513783832288,0.355,0.387,1
"RAB39A","RAB39A",0.0342111405864599,1.10449460100558,0.021,0.011,1
"ZFP28","ZFP28",0.0342227831966011,-0.27380473663302,0.114,0.139,1
"ARMC7","ARMC7",0.0342255382212146,0.46131190671668,0.064,0.046,1
"FAAH","FAAH",0.0342821646942542,-0.18869223947961,0.418,0.449,1
"LRGUK","LRGUK",0.034283232732989,0.707411563840783,0.055,0.039,1
"CFAP92","CFAP92",0.0342877749350802,0.414049907295119,0.039,0.025,1
"TXNRD1-AS1","TXNRD1-AS1",0.0343177629571616,1.51717241824563,0.012,0.005,1
"FBXL13","FBXL13",0.0343179626171544,-0.283514528888607,0.218,0.248,1
"LCORL","LCORL",0.0343479324586118,0.135487707886536,0.692,0.659,1
"PLCD1","PLCD1",0.0343737979556856,0.54484224900452,0.035,0.022,1
"JOSD2","JOSD2",0.0344962952660078,-0.196029341383624,0.42,0.452,1
"QRICH1","QRICH1",0.0346233630153526,-0.165963820027277,0.304,0.342,1
"B3GALT1-AS1","B3GALT1-AS1",0.0346339917764414,1.08538400446858,0.012,0.005,1
"ENSG00000255819","ENSG00000255819",0.0346339917764414,1.03721776712598,0.012,0.005,1
"LINC02652","LINC02652",0.0346389020560739,-1.19398893502121,0.007,0.015,1
"MYO3B","MYO3B",0.0346683906852188,-0.815142734541984,0.021,0.033,1
"GATD3","GATD3",0.0347300126322392,-0.366039206383023,0.063,0.083,1
"TDP1","TDP1",0.0347451807676868,0.334593337347011,0.176,0.148,1
"ARL17A","ARL17A",0.0347816242935528,0.241689406974042,0.437,0.409,1
"WWC2","WWC2",0.0347955799564529,-0.119990836778455,0.558,0.593,1
"HDGFL3","HDGFL3",0.0347975135148877,0.10656406687555,0.559,0.52,1
"CCDC28A-AS1","CCDC28A-AS1",0.034800119397579,-0.632995355190355,0.039,0.055,1
"NAA30","NAA30",0.0348683664080646,-0.280646695306172,0.183,0.213,1
"NARS2-AS1","NARS2-AS1",0.0348785682803352,0.56786823423721,0.023,0.013,1
"PSMD14-DT","PSMD14-DT",0.0348903729711214,-0.665437089515613,0.046,0.063,1
"SLC66A3","SLC66A3",0.0349283329624888,0.312758602146206,0.18,0.152,1
"TRMT6","TRMT6",0.0349331169178731,0.48440647349503,0.091,0.071,1
"ENSG00000281883","ENSG00000281883",0.0349893357802596,-0.260205316492922,0.056,0.076,1
"VRK3","VRK3",0.0350004763816235,0.291834003858516,0.294,0.259,1
"ENSG00000226899","ENSG00000226899",0.035021327040525,0.943810284843833,0.012,0.005,1
"COMMD2","COMMD2",0.0350329557917498,0.182071316606499,0.357,0.32,1
"QTRT1","QTRT1",0.0350403371518884,-0.242328769856819,0.262,0.293,1
"WDR1","WDR1",0.0350602771991219,0.140846379568641,0.262,0.226,1
"TIGAR","TIGAR",0.0350989462445116,0.205733671337132,0.183,0.152,1
"SRPRA","SRPRA",0.0351008609453929,0.357032366962862,0.151,0.125,1
"ZNF436","ZNF436",0.0351405132579343,0.444405048326976,0.052,0.036,1
"VPS18","VPS18",0.0351654901319981,0.295491083854282,0.144,0.117,1
"MED28-DT","MED28-DT",0.0351746956408281,-0.435941257891191,0.084,0.105,1
"TMTC4","TMTC4",0.0352272012450766,0.164360208599317,0.78,0.766,1
"ZMYND12","ZMYND12",0.0352449452894197,-0.361077215294112,0.04,0.057,1
"ZDHHC7","ZDHHC7",0.035278229818258,0.22705881279871,0.222,0.19,1
"ARHGAP26","ARHGAP26",0.0353467591196165,-0.152310756377181,0.527,0.562,1
"TRAPPC1","TRAPPC1",0.0353555242731473,0.102053334522632,0.218,0.182,1
"NAIF1","NAIF1",0.0353797458999656,0.403460093415997,0.039,0.025,1
"USP8","USP8",0.0355103392398806,-0.102095388807655,0.488,0.522,1
"NDFIP2","NDFIP2",0.0355497209503238,0.104095841386639,0.449,0.403,1
"CIITA","CIITA",0.0355712022149983,1.41727148008536,0.01,0.004,1
"RSPH10B","RSPH10B",0.0356228179633859,1.34178763240003,0.01,0.004,1
"FAM221B","FAM221B",0.0356228179633859,1.3838176222561,0.01,0.004,1
"TSPAN11","TSPAN11",0.0357003613761217,1.24532100216329,0.01,0.004,1
"RNF138","RNF138",0.0357129570713833,0.122176620017195,0.303,0.268,1
"ECHS1","ECHS1",0.0358136609616462,0.149906410503902,0.393,0.361,1
"SLC25A11","SLC25A11",0.0358139499605298,0.121290457286249,0.259,0.222,1
"SLC41A2","SLC41A2",0.0358279792231808,0.549028710101554,0.108,0.086,1
"SNX4","SNX4",0.0359079619015195,-0.177517437873227,0.464,0.486,1
"SGO1","SGO1",0.0359598800847314,1.34507960853235,0.01,0.004,1
"HMOX1","HMOX1",0.035960702428182,0.342031535823769,0.082,0.062,1
"NOD2","NOD2",0.0359707314675819,0.115247723397775,0.012,0.005,1
"ENSG00000253980","ENSG00000253980",0.0359859202083969,1.42606599084857,0.01,0.004,1
"ENSG00000249998","ENSG00000249998",0.036016415764021,0.758970306770926,0.024,0.014,1
"CCDC90B","CCDC90B",0.0360175275120941,0.19137434168895,0.523,0.497,1
"NCOA6","NCOA6",0.0360269312874954,-0.123360437172174,0.748,0.764,1
"ITGA8","ITGA8",0.0360359998073809,-0.592680500055689,0.013,0.024,1
"DCP2","DCP2",0.0360644033621308,-0.196132784982484,0.284,0.322,1
"COMMD4","COMMD4",0.0361367864598342,-0.224498685121443,0.213,0.241,1
"AR","AR",0.0361424988275593,0.89923243986838,0.01,0.004,1
"ENSG00000270099","ENSG00000270099",0.0361511344845924,0.246866077997844,0.07,0.051,1
"GARIN2","GARIN2",0.0361675243500009,0.565918092599265,0.059,0.042,1
"SMC1A","SMC1A",0.0361884405230225,0.125113235138756,0.34,0.296,1
"SEPHS2","SEPHS2",0.0361912034732791,0.259834623583322,0.122,0.098,1
"ENSG00000196826","ENSG00000196826",0.0362424952396533,-0.473824447810824,0.021,0.033,1
"SGSM3","SGSM3",0.0363607763336779,0.536418407984642,0.055,0.039,1
"EXOSC1","EXOSC1",0.0363632066603854,0.21795114869359,0.312,0.277,1
"ENSG00000262528","ENSG00000262528",0.0363897968903396,-0.500232543155009,0.03,0.044,1
"ENSG00000225442","ENSG00000225442",0.0364323903751594,0.734768803164227,0.032,0.02,1
"NPM2","NPM2",0.03645170558948,1.17732771094586,0.015,0.007,1
"CCDC85A","CCDC85A",0.0365262036330643,-0.477450791356888,0.039,0.055,1
"GDAP2","GDAP2",0.0365866615440178,-0.194813979655885,0.265,0.3,1
"PCSK6-AS1","PCSK6-AS1",0.0366803151760253,1.09804868253288,0.025,0.014,1
"PRKAG1","PRKAG1",0.0366938471897702,-0.269960927978845,0.231,0.262,1
"LINC01508","LINC01508",0.0367169053430515,-0.824082331877379,0.015,0.026,1
"DEPP1","DEPP1",0.036726242749582,1.11544320820954,0.015,0.007,1
"SSH3","SSH3",0.0367976082057066,0.24587825313886,0.211,0.179,1
"COA5","COA5",0.0368485061375125,0.244031558837745,0.22,0.189,1
"CWC25","CWC25",0.0368500871282396,0.294618484853552,0.16,0.133,1
"EIF2B3","EIF2B3",0.0368523343326924,-0.136137918418564,0.367,0.403,1
"NXPH1","NXPH1",0.0368729993027348,-1.14464738971336,0.012,0.022,1
"GLIPR1L2","GLIPR1L2",0.0368748714304246,-0.244030242334431,0.179,0.209,1
"MT1M","MT1M",0.0369081910947475,0.913879094362298,0.018,0.009,1
"ADA2","ADA2",0.0369340965230185,0.171673098619368,0.142,0.116,1
"ENSG00000272949","ENSG00000272949",0.036958148574532,0.114440663873577,0.111,0.087,1
"PNPLA1","PNPLA1",0.0369812230480847,0.972062411615464,0.015,0.007,1
"ENSG00000273230","ENSG00000273230",0.0369909002989312,0.63195395929213,0.024,0.014,1
"RALB","RALB",0.0369910413447202,0.239384766282062,0.187,0.157,1
"TEKT4","TEKT4",0.0370196914338259,-0.359801751902476,0.013,0.024,1
"FIGN","FIGN",0.0371112149309618,0.903210192929796,0.028,0.017,1
"ALS2","ALS2",0.0371160584026269,-0.185369278068617,0.397,0.421,1
"TMEM220-AS1","TMEM220-AS1",0.0371161536687067,-0.896248387515445,0.012,0.022,1
"LACTB2","LACTB2",0.0371453498733668,0.273601835131307,0.167,0.139,1
"TSPAN4","TSPAN4",0.037152046123791,0.822740309576284,0.015,0.007,1
"KCNV2","KCNV2",0.0371884678335155,0.579945855181498,0.024,0.014,1
"SEPTIN9","SEPTIN9",0.0372425173539827,-0.235237775306832,0.21,0.24,1
"ARF5","ARF5",0.037246629491434,0.17211232456015,0.161,0.133,1
"RRAS2","RRAS2",0.0372961429231513,0.670608485495455,0.048,0.033,1
"NR2F2","NR2F2",0.0373081600297647,-0.866434894299447,0.012,0.022,1
"ENSG00000265128","ENSG00000265128",0.0373359194914174,0.79688210870128,0.018,0.009,1
"ASB16-AS1","ASB16-AS1",0.0373556937902367,0.330224639102456,0.111,0.088,1
"FAT4","FAT4",0.0374845544497879,0.626592898170425,0.067,0.05,1
"ENSG00000225605","ENSG00000225605",0.0375388556865743,1.01878508231433,0.015,0.007,1
"RB1CC1","RB1CC1",0.0375798839291854,-0.133634670925765,0.652,0.69,1
"ENSG00000238280","ENSG00000238280",0.0375820453218588,0.790815759538275,0.015,0.007,1
"TMA7","TMA7",0.0376187504979957,0.10438009683969,0.409,0.359,1
"NKX2-8","NKX2-8",0.0376454544663599,-0.381282216168985,0.092,0.114,1
"ABRAXAS1","ABRAXAS1",0.0376951999456861,-0.495700675026526,0.071,0.092,1
"ENSG00000231740","ENSG00000231740",0.0377118680077006,0.730419731283678,0.015,0.007,1
"LINC01750","LINC01750",0.0377121229841851,-1.65393990284754,0.005,0.012,1
"ZNF582","ZNF582",0.0377160521586491,0.212342815074738,0.133,0.107,1
"TTC33","TTC33",0.0378592865386336,0.224263942394978,0.332,0.297,1
"ELP5","ELP5",0.0379053130518125,0.503055831560569,0.115,0.093,1
"EIF2AK3","EIF2AK3",0.0379119163812981,-0.258303398205105,0.236,0.263,1
"WDR25","WDR25",0.0379549278435396,-0.168877087336059,0.256,0.292,1
"ENSG00000259995","ENSG00000259995",0.0379991465727273,0.112195724454299,0.088,0.067,1
"PCDHGA1","PCDHGA1",0.0380801709709316,1.01174273361737,0.034,0.022,1
"NUDT17","NUDT17",0.038081225845696,0.877935948116686,0.025,0.014,1
"ATXN7L3","ATXN7L3",0.0380877705683931,0.191606822014467,0.154,0.127,1
"ALKBH4","ALKBH4",0.0380961365714872,0.40411006198131,0.103,0.081,1
"KCNAB3","KCNAB3",0.0381117078830921,-1.29888385468182,0.005,0.012,1
"ZNF26","ZNF26",0.0381266038539885,-0.191802248378614,0.214,0.244,1
"USF2","USF2",0.0381648513432275,0.115621013188181,0.423,0.384,1
"ENSG00000223528","ENSG00000223528",0.0381925467061369,0.470374183617382,0.067,0.049,1
"ZBTB2","ZBTB2",0.0382010347546503,0.401804519905137,0.107,0.085,1
"CES3","CES3",0.0382876551336733,-1.2910737298614,0.005,0.012,1
"ENSG00000278610","ENSG00000278610",0.0383376546974384,0.323677205691084,0.059,0.042,1
"RAD51AP1","RAD51AP1",0.0383737953731912,0.683869621390087,0.037,0.024,1
"DGKA","DGKA",0.0384322571618217,0.472872609783824,0.061,0.044,1
"ENSG00000248510","ENSG00000248510",0.0384573898077319,-0.569115700350332,0.03,0.045,1
"NEK5","NEK5",0.038475436603428,-0.757431867084824,0.039,0.054,1
"AKAP3","AKAP3",0.0385298190308668,0.350537284078109,0.091,0.07,1
"APC","APC",0.0385478966312303,-0.129696753835496,0.635,0.659,1
"ENSG00000267131","ENSG00000267131",0.0385584830326987,0.468712241122653,0.053,0.037,1
"UBE2R2-AS1","UBE2R2-AS1",0.0385963209221037,-0.524800466359855,0.014,0.024,1
"PNRC2","PNRC2",0.0386481441037734,0.217517316326195,0.219,0.186,1
"POLR3F","POLR3F",0.0387124795610595,-0.260526290154907,0.109,0.133,1
"LINC01144","LINC01144",0.0387178327250099,-0.836045400887709,0.005,0.012,1
"ENSG00000237152","ENSG00000237152",0.0387256367279284,-0.93673230654221,0.02,0.032,1
"ACSF3","ACSF3",0.0387376413089023,-0.263905927070675,0.202,0.233,1
"FBLN2","FBLN2",0.038743264674966,-0.578743892057421,0.005,0.012,1
"ENSG00000259618","ENSG00000259618",0.0387723345214611,-0.945539652328891,0.01,0.02,1
"PRKCI","PRKCI",0.0387836779420526,-0.260545878599516,0.348,0.373,1
"DKK3","DKK3",0.0388297913906947,0.142713669996859,0.433,0.394,1
"MGC16275","MGC16275",0.0388506903678599,-0.386074842241084,0.059,0.078,1
"ENSG00000265737","ENSG00000265737",0.0388865684485326,-1.35890038231193,0.009,0.018,1
"ENSG00000251034","ENSG00000251034",0.0388961546262521,-0.676573709552268,0.005,0.012,1
"ARK2C","ARK2C",0.0388961546262521,-1.00052639060698,0.005,0.012,1
"TNFAIP1","TNFAIP1",0.0389261816859469,0.258177899648167,0.162,0.135,1
"LOC105370645","LOC105370645",0.0389720523018266,-0.522435993550538,0.027,0.041,1
"TSR2","TSR2",0.0390599064481649,0.354988311548307,0.141,0.116,1
"GRAMD4","GRAMD4",0.0391113948115204,0.407885280118175,0.153,0.129,1
"LINS1","LINS1",0.0391196802241847,-0.273269934459273,0.162,0.191,1
"FGF22","FGF22",0.039127433378415,0.515565995451963,0.066,0.048,1
"MOGAT1","MOGAT1",0.0391777842060102,-0.834483846419626,0.005,0.012,1
"KMT2D","KMT2D",0.0391976908728403,0.175630640888881,0.285,0.25,1
"PTEN","PTEN",0.0392470017628197,0.100134570061359,0.598,0.567,1
"ENSG00000271976","ENSG00000271976",0.039362252142856,0.543581495325587,0.05,0.035,1
"WDR53","WDR53",0.0393951391471702,0.223169965634204,0.12,0.097,1
"DIPK1B","DIPK1B",0.0393976034634779,0.393458593168554,0.109,0.087,1
"ELOVL5","ELOVL5",0.0394015935604805,-0.133434633617341,0.802,0.826,1
"IFRD2","IFRD2",0.0394480495150795,0.243751482325183,0.131,0.106,1
"ETFB","ETFB",0.039475962358078,-0.213722579114047,0.46,0.484,1
"MRPL46","MRPL46",0.0394916830399714,0.312979141819609,0.107,0.085,1
"RNMT","RNMT",0.0395500532493024,-0.113979225620982,0.519,0.557,1
"PEX10","PEX10",0.0395516147388164,0.225132867111861,0.186,0.157,1
"ENSG00000273291","ENSG00000273291",0.0396293801822286,-0.247595225804845,0.079,0.101,1
"ZFYVE19","ZFYVE19",0.039735922000041,0.161207574104864,0.356,0.317,1
"AP1B1","AP1B1",0.0397482816774962,0.212347350641154,0.349,0.313,1
"ZNF19","ZNF19",0.039759040140897,-0.71841284804156,0.014,0.024,1
"KDR","KDR",0.039780946825028,-0.965194729999661,0.016,0.027,1
"POC5","POC5",0.0398879848894161,-0.276779631622886,0.262,0.293,1
"LURAP1L-AS1","LURAP1L-AS1",0.0399095345121306,-0.5615495136165,0.178,0.201,1
"ZSCAN29","ZSCAN29",0.0399285476316247,0.358368695697633,0.131,0.107,1
"SLC60A2","SLC60A2",0.0399537423297188,0.408524776014897,0.093,0.073,1
"ATF1","ATF1",0.0399594171676909,0.163250001986464,0.27,0.237,1
"SCG2","SCG2",0.0399846763500805,-0.545017203753212,0.014,0.024,1
"ENSG00000167747","ENSG00000167747",0.0399915667866853,-0.478910922206291,0.07,0.09,1
"DCTPP1","DCTPP1",0.0399937038265342,0.369586088164974,0.077,0.058,1
"ARHGEF10","ARHGEF10",0.0400589433619642,-1.47398864612796,0.006,0.014,1
"ENSG00000259959","ENSG00000259959",0.0400771065136627,0.405676686415495,0.048,0.033,1
"BMP1","BMP1",0.0400930064982821,0.300568676486934,0.18,0.153,1
"NPIPB2","NPIPB2",0.0401533661515338,0.365529757960003,0.049,0.034,1
"PABPC5","PABPC5",0.0401899700436038,-0.510162774759937,0.066,0.086,1
"ENSG00000204860","ENSG00000204860",0.0402107988140638,0.125864298325626,0.131,0.105,1
"ENSG00000264668","ENSG00000264668",0.0402429897498825,0.465379922410712,0.05,0.035,1
"LINC00351","LINC00351",0.0402827287980477,-1.06264395162797,0.009,0.018,1
"EPG5","EPG5",0.0402952456513052,-0.134606223543321,0.451,0.482,1
"RNF121","RNF121",0.0403707114169192,-0.263335414502516,0.223,0.249,1
"LMCD1","LMCD1",0.0403717581390576,0.193559168959923,0.259,0.225,1
"POLR1H","POLR1H",0.0403902692327421,0.506641467093587,0.044,0.029,1
"GABRA2","GABRA2",0.0404234362963051,-0.939933712692676,0.012,0.022,1
"ENSG00000278831","ENSG00000278831",0.0404430644079399,-1.01394844015373,0.006,0.014,1
"DPY19L2","DPY19L2",0.0404501153567847,-0.401736478354183,0.042,0.059,1
"NAGA","NAGA",0.0404546073058904,0.574281890683829,0.044,0.029,1
"DDX55","DDX55",0.0404785159478238,-0.186695670327983,0.171,0.201,1
"EPCIP","EPCIP",0.0404865093673566,0.419646609490974,0.048,0.033,1
"ENSG00000196096","ENSG00000196096",0.0404912984093548,-1.04476125990314,0.006,0.014,1
"USF3","USF3",0.0404960185443993,0.215337124808255,0.379,0.346,1
"MAP3K4","MAP3K4",0.0404965533031061,0.121147670533705,0.534,0.486,1
"NCBP2","NCBP2",0.040505125375825,0.36734108754707,0.122,0.099,1
"ENSG00000229495","ENSG00000229495",0.0406362931413572,-0.977385377002648,0.006,0.014,1
"HNRNPL","HNRNPL",0.0406674809200749,-0.21855903110711,0.408,0.433,1
"ENSG00000254990","ENSG00000254990",0.0407168536499183,1.13843200966739,0.013,0.006,1
"MEX3D","MEX3D",0.040718767054833,-0.372198370330245,0.059,0.078,1
"CHL1","CHL1",0.0407532168026707,0.957766434722036,0.03,0.018,1
"MIR34AHG","MIR34AHG",0.0408293347723861,-1.03419824500598,0.008,0.016,1
"OSCP1","OSCP1",0.0408329923038257,-0.856397077778355,0.033,0.048,1
"AHDC1","AHDC1",0.0408603087038498,0.280411390563739,0.224,0.195,1
"DOP1B","DOP1B",0.0409608279809238,-0.386657506023199,0.091,0.114,1
"USP11","USP11",0.0409767078603571,-0.197152592452603,0.351,0.393,1
"ENSG00000254089","ENSG00000254089",0.0410085588031723,-0.492294795835193,0.04,0.056,1
"EIF2B1","EIF2B1",0.0410145767997289,0.228153437854267,0.247,0.217,1
"USHBP1","USHBP1",0.0410795423231446,0.732412068637198,0.053,0.037,1
"SPATA12","SPATA12",0.0410916291486296,0.809533963824902,0.019,0.01,1
"STAG1-DT","STAG1-DT",0.0411227915332788,-0.850803551757993,0.006,0.014,1
"DEPDC7","DEPDC7",0.0412761655198298,-0.363570241654349,0.027,0.041,1
"WDR33","WDR33",0.0412767743665993,0.1191767947032,0.693,0.664,1
"BRD8","BRD8",0.0412941776847509,0.236158433164321,0.366,0.335,1
"EMP3","EMP3",0.0413189630538781,0.486652999643129,0.029,0.018,1
"LINC00237","LINC00237",0.0413197611391823,0.727968829107848,0.019,0.01,1
"PRKAG2","PRKAG2",0.0413833450534827,-0.417736813335207,0.041,0.057,1
"CDK5RAP1","CDK5RAP1",0.041394416190578,-0.188221937069612,0.261,0.293,1
"CASP10","CASP10",0.0414411212348151,1.07373694919384,0.016,0.008,1
"NECTIN1-AS1","NECTIN1-AS1",0.0414495765922858,-1.06863606839319,0.015,0.025,1
"SCARB1","SCARB1",0.0414846891684082,-0.182111280671105,0.236,0.271,1
"ENSG00000226266","ENSG00000226266",0.0414958413165772,-0.300351496362925,0.104,0.128,1
"SNAI3-AS1","SNAI3-AS1",0.0414996518893452,0.396018957994667,0.101,0.08,1
"SKIL","SKIL",0.0415069990425818,-0.290657724587383,0.176,0.203,1
"TSR3","TSR3",0.0415112563592079,0.313088390069271,0.218,0.192,1
"ENSG00000255886","ENSG00000255886",0.0415541023238635,0.491806827071941,0.039,0.025,1
"HARBI1","HARBI1",0.0415801143412886,0.365875757257183,0.109,0.087,1
"SNIP1","SNIP1",0.0416217365137748,-0.278240012912437,0.088,0.11,1
"ENSG00000269873","ENSG00000269873",0.0416925838895422,1.12786261845913,0.016,0.008,1
"CIT","CIT",0.0417684641080783,-0.105199162736401,0.303,0.343,1
"PUS3","PUS3",0.0418228983577631,0.331459534662694,0.062,0.045,1
"CRTC3","CRTC3",0.0418468248306542,-0.101338481487934,0.869,0.878,1
"ENSG00000271855","ENSG00000271855",0.0418739015853897,-0.375222452553701,0.022,0.035,1
"RPS27AP5","RPS27AP5",0.0419422078549427,0.161320556049633,0.12,0.095,1
"MTPAP","MTPAP",0.0421322617894744,-0.259742378383893,0.185,0.212,1
"C6orf136","C6orf136",0.0421981374789161,0.226168988549259,0.146,0.12,1
"LNX2","LNX2",0.0422039066360326,0.226302373180064,0.162,0.135,1
"ENSG00000261312","ENSG00000261312",0.0422181686677745,0.776909815956698,0.022,0.012,1
"FBRS","FBRS",0.042272155489333,0.15695850222618,0.264,0.227,1
"ADCY7","ADCY7",0.0423036888723704,0.512879133892134,0.016,0.008,1
"SLC30A10","SLC30A10",0.0423322174177469,-0.685449827344343,0.026,0.039,1
"KLHL1","KLHL1",0.0423445728265342,-1.03864827350881,0.019,0.03,1
"PDE12","PDE12",0.0423467843819348,-0.200530485671172,0.143,0.17,1
"RRAGC","RRAGC",0.0423557124362774,0.147087034839777,0.32,0.281,1
"CDRT15P3","CDRT15P3",0.0423850464269385,0.677783038710905,0.03,0.019,1
"SPAG8","SPAG8",0.0423876485176544,-0.687740556442926,0.045,0.061,1
"DOCK11","DOCK11",0.0424574919084158,0.367537975731595,0.175,0.15,1
"TMEM235","TMEM235",0.042479104486536,-0.192362453385759,0.265,0.297,1
"ENSG00000283696","ENSG00000283696",0.0425212204810888,-0.390031815801364,0.024,0.037,1
"OTULIN","OTULIN",0.0425224027652841,0.161795585975026,0.328,0.292,1
"ENSG00000224764","ENSG00000224764",0.0425472682078848,0.909773261723652,0.03,0.019,1
"MEAF6","MEAF6",0.0425649416149852,-0.281937083522872,0.294,0.323,1
"UBE2G1","UBE2G1",0.0425934673961343,-0.129786532901118,0.67,0.68,1
"ALDH5A1","ALDH5A1",0.0426263026705026,-0.735272549523329,0.041,0.056,1
"ENSG00000263494","ENSG00000263494",0.0426291071908582,0.500457373690738,0.066,0.049,1
"GTF2E2","GTF2E2",0.0426642805726252,-0.194300687291742,0.267,0.299,1
"FGF13","FGF13",0.0426774234044975,0.638235584835578,0.03,0.019,1
"AGL","AGL",0.0427535902944845,-0.136172683564693,0.372,0.403,1
"QTRT2","QTRT2",0.0427650392136076,-0.250362448692508,0.126,0.152,1
"SDF4","SDF4",0.0428108510037473,0.197487414747873,0.287,0.254,1
"CNN3-DT","CNN3-DT",0.0428230149590105,-0.188823441602719,0.089,0.112,1
"DNAL1","DNAL1",0.04282450231996,-0.448097015221097,0.084,0.105,1
"AURKAIP1","AURKAIP1",0.0428863358467089,0.16523052364875,0.339,0.308,1
"ARID4A","ARID4A",0.0428992494824477,-0.111598629107712,0.576,0.614,1
"ENSG00000240291","ENSG00000240291",0.0429808939797093,0.181813045584861,0.309,0.272,1
"SYP","SYP",0.0429862115605876,-0.240813525835446,0.362,0.393,1
"ITGB7","ITGB7",0.0429928720513988,0.991664629123407,0.016,0.008,1
"DCAF5","DCAF5",0.0431333435093183,0.101329209595757,0.578,0.545,1
"LOC105369187","LOC105369187",0.0431459952628071,0.721983050103888,0.016,0.008,1
"UPK1A","UPK1A",0.0431667876259414,1.27251481253762,0.011,0.005,1
"RPP25","RPP25",0.0431690763482152,0.20361651177494,0.239,0.208,1
"PI4KB","PI4KB",0.0431803182413031,-0.157427749174251,0.301,0.333,1
"PDP2","PDP2",0.04318242802792,0.399762641197452,0.111,0.089,1
"EIF3H","EIF3H",0.0431873146253068,0.1401791909213,0.544,0.511,1
"STON2","STON2",0.0431981526947368,-0.209762101698916,0.409,0.442,1
"ENSG00000233478","ENSG00000233478",0.0432003304523266,0.409833310342161,0.059,0.042,1
"ZNF70","ZNF70",0.0432255283275884,0.363824999953289,0.067,0.05,1
"B4GALT4-AS1","B4GALT4-AS1",0.0432308023068971,0.454413063648515,0.034,0.022,1
"MAP3K5","MAP3K5",0.0432515307863956,0.560133973425657,0.053,0.037,1
"CXXC4","CXXC4",0.0432818584064981,-0.899033454378412,0.015,0.025,1
"FAM229A","FAM229A",0.0433276330894537,-0.385567610882973,0.037,0.053,1
"MAP1S","MAP1S",0.0433755515260545,0.225361402071993,0.196,0.167,1
"RFC3","RFC3",0.0434754974550663,0.360604788737208,0.161,0.135,1
"ZNF248","ZNF248",0.0435246139442456,-0.167174528723019,0.625,0.635,1
"PLPP5","PLPP5",0.043529241476931,0.511043374375471,0.046,0.031,1
"ENSG00000261845","ENSG00000261845",0.0435482319113309,0.60201084965431,0.03,0.019,1
"GRIK5","GRIK5",0.0435578114712419,0.594308499853376,0.04,0.027,1
"NTN5","NTN5",0.0435718541890016,-1.0604920038276,0.011,0.02,1
"NABP1","NABP1",0.0435864094697889,0.521190386186321,0.04,0.027,1
"ZSCAN22","ZSCAN22",0.0435875915278892,0.879893498890175,0.036,0.024,1
"CCDC85C","CCDC85C",0.0435955363364739,0.193318758509116,0.305,0.269,1
"RTN4IP1","RTN4IP1",0.0436552960975076,-0.254769719713974,0.224,0.253,1
"ECSIT","ECSIT",0.0436946199809493,0.202204776287709,0.236,0.205,1
"ENSG00000263624","ENSG00000263624",0.0436954258870746,-0.834081164906107,0.011,0.02,1
"USP21","USP21",0.0437383147639387,0.344285496688876,0.057,0.041,1
"ABHD12B","ABHD12B",0.0437434770950106,-0.614613910707958,0.033,0.048,1
"SMIM2-AS1","SMIM2-AS1",0.0438214218545619,-0.60944854766464,0.028,0.041,1
"HAUS8","HAUS8",0.0438333465892945,0.644222958978395,0.048,0.034,1
"TRAK2","TRAK2",0.0438507150677091,-0.178466697935041,0.525,0.542,1
"STAT1","STAT1",0.0439021982531041,-0.325507474806371,0.211,0.237,1
"ENSG00000274425","ENSG00000274425",0.0439204148743624,0.474921199576802,0.022,0.012,1
"ENSG00000223884","ENSG00000223884",0.043995859419426,-1.51493039356263,0.004,0.01,1
"ZNG1E","ZNG1E",0.0440357065683202,0.155280190226963,0.426,0.391,1
"NSD2","NSD2",0.0440540611523685,0.121775199755117,0.648,0.615,1
"PPP5C","PPP5C",0.0440624835200653,0.208024141659922,0.317,0.282,1
"LOC105370947","LOC105370947",0.0440649353066977,-0.464439716651352,0.098,0.12,1
"TSPAN13","TSPAN13",0.0440755277664265,0.905475015572538,0.011,0.005,1
"LINC01229","LINC01229",0.0440876485350453,0.743845725164594,0.019,0.01,1
"ENSG00000269900","ENSG00000269900",0.0441470085612418,-1.02763452866676,0.004,0.01,1
"NR1D2","NR1D2",0.0441479256732654,0.10794827548142,0.484,0.445,1
"COL22A1","COL22A1",0.0441939525438518,0.837573326762019,0.011,0.005,1
"MIIP","MIIP",0.0443324208877934,0.229277475604849,0.115,0.092,1
"MOSPD3","MOSPD3",0.0443542218814728,0.402354022983654,0.073,0.054,1
"TMEM25","TMEM25",0.0443637378204674,0.26648774994977,0.134,0.11,1
"TSPAN31","TSPAN31",0.0443671656583158,0.158396894435843,0.194,0.163,1
"NADK2","NADK2",0.044431028105738,-0.157981523414462,0.218,0.25,1
"ZFAND2A","ZFAND2A",0.0444437772099867,0.279556601595811,0.143,0.118,1
"CRIM1","CRIM1",0.0444529270209266,0.907392686416598,0.068,0.052,1
"MAP10","MAP10",0.0444848312979667,-0.621473061435161,0.015,0.025,1
"HOMER1","HOMER1",0.0444936371081108,0.220537951549622,0.196,0.168,1
"DCST2","DCST2",0.04451708016696,-1.31824249958622,0.01,0.018,1
"ENSG00000278266","ENSG00000278266",0.0445420489321499,-1.18801548931923,0.004,0.01,1
"CHKB-DT","CHKB-DT",0.0445420489321499,-1.1202907794813,0.004,0.01,1
"ENSG00000214955","ENSG00000214955",0.0445619471140282,1.08661642902148,0.019,0.01,1
"TCP10L","TCP10L",0.0445691288566252,0.630194657154356,0.026,0.016,1
"DCAF8L2","DCAF8L2",0.0445806894473206,0.339803356283564,0.011,0.005,1
"GLE1","GLE1",0.0446445165578929,-0.144761880468549,0.144,0.173,1
"SAMSN1","SAMSN1",0.0446473665434584,0.785759466732235,0.023,0.013,1
"ENSG00000249602","ENSG00000249602",0.0446533752621402,0.339826220915064,0.035,0.022,1
"UBAC2-AS1","UBAC2-AS1",0.0446535738843137,0.629115597456508,0.03,0.019,1
"ENSG00000248296","ENSG00000248296",0.0446611246197187,0.350630377118136,0.068,0.051,1
"ZNF45","ZNF45",0.0446759339198589,-0.262131217896354,0.086,0.108,1
"ATP5MC3","ATP5MC3",0.0446882026090907,0.18725654116292,0.287,0.254,1
"SPG21","SPG21",0.044692037008215,-0.30384300770923,0.265,0.293,1
"YARS2","YARS2",0.0447927100339054,-0.185083491205437,0.265,0.296,1
"ENSG00000272030","ENSG00000272030",0.0448258146185871,0.866958019490809,0.023,0.013,1
"TMEM216","TMEM216",0.0448400792948613,0.586276699694311,0.03,0.019,1
"GABPA","GABPA",0.0448600327038985,0.144598573903513,0.379,0.341,1
"SEMA6C","SEMA6C",0.0448606052534378,-0.504283971061977,0.015,0.025,1
"ENSG00000230415","ENSG00000230415",0.0448825583913203,-0.373081193674827,0.019,0.03,1
"DNAJC17","DNAJC17",0.0449796609588949,-0.199478154253623,0.256,0.289,1
"PAK3","PAK3",0.044984646710183,-0.600153520752128,0.019,0.03,1
"ENSG00000258998","ENSG00000258998",0.0450323427053135,-1.03090106341615,0.004,0.01,1
"ZNF728","ZNF728",0.045038815713806,-0.581799131634579,0.052,0.069,1
"GAPDH","GAPDH",0.0450777159887869,0.145350227227961,0.899,0.921,1
"HARS1","HARS1",0.0450786694726161,0.111875372937823,0.337,0.298,1
"RCL1","RCL1",0.0451150740558482,-0.105800085806599,0.477,0.509,1
"MBLAC2","MBLAC2",0.0451630902251595,0.294147920456852,0.155,0.129,1
"ENDOG","ENDOG",0.045199526193459,-0.466544834178841,0.086,0.107,1
"SLC16A1","SLC16A1",0.0452861556268704,-0.408339453693629,0.09,0.112,1
"SUPT7L","SUPT7L",0.0453030164365095,-0.214001364746449,0.223,0.25,1
"PFN2","PFN2",0.0453295604185523,-0.664239817932527,0.023,0.036,1
"ENSG00000234614","ENSG00000234614",0.0453638645226111,-0.632452110695791,0.026,0.039,1
"CPE","CPE",0.0453811437587285,0.113789690046906,0.33,0.294,1
"ZNF768","ZNF768",0.0453893011612877,0.35648419274032,0.104,0.082,1
"ZFP90","ZFP90",0.0453965132818215,0.142794169635944,0.481,0.441,1
"LINC01099","LINC01099",0.045412124814114,-0.814176256264175,0.019,0.03,1
"TFPI","TFPI",0.0454650752192961,-0.756497920900458,0.004,0.01,1
"HPR","HPR",0.0455014227587573,0.633903090400276,0.019,0.01,1
"TBCC","TBCC",0.0455108247352208,0.150025183877939,0.148,0.122,1
"RNF187","RNF187",0.0456053412099933,0.178798974212669,0.362,0.326,1
"DNPH1","DNPH1",0.0456668087175948,0.350737946556372,0.081,0.061,1
"LOC105378289","LOC105378289",0.0457343381985992,-0.215333863825687,0.051,0.069,1
"RPUSD4","RPUSD4",0.0457398027412247,-0.336616763968274,0.082,0.104,1
"LINC00326","LINC00326",0.0457408204048009,1.21684907545909,0.017,0.008,1
"COCH","COCH",0.0457676507747435,0.187424212930037,0.084,0.064,1
"ZNG1B","ZNG1B",0.0457722881523535,0.164436070803866,0.234,0.203,1
"ANKLE2","ANKLE2",0.0457805774190791,-0.203431340373641,0.258,0.285,1
"ZFP82","ZFP82",0.0457957982052916,0.110056770202752,0.296,0.262,1
"ZNF784","ZNF784",0.0458056200569237,-0.711000371266968,0.019,0.031,1
"THORLNC","THORLNC",0.0458079511747763,0.661823490996924,0.023,0.013,1
"ENSG00000280683","ENSG00000280683",0.0458107991851795,-1.04750624184921,0.027,0.04,1
"ZNF654","ZNF654",0.0458885026768603,0.126629187123061,0.553,0.531,1
"CUL7","CUL7",0.0460452014586769,0.221875499184432,0.051,0.036,1
"ENSG00000100068","ENSG00000100068",0.0460531567097895,0.476866790650381,0.097,0.076,1
"TUBE1","TUBE1",0.0460862987401328,-0.155749489564192,0.498,0.523,1
"VPS13B-DT","VPS13B-DT",0.0461557627294375,0.219388207976488,0.38,0.353,1
"TULP3","TULP3",0.0461925312072198,0.153340013427658,0.245,0.212,1
"EPHB4","EPHB4",0.0462039027489595,-0.88761183442429,0.01,0.018,1
"DNASE1","DNASE1",0.0462047528808913,0.173146266701506,0.399,0.364,1
"ATP2B1","ATP2B1",0.0462450669313471,0.134172387506156,0.372,0.337,1
"ENSG00000188185","ENSG00000188185",0.0463164091808959,-0.205539656303201,0.13,0.156,1
"CENPO","CENPO",0.0463337148524895,0.266937387846164,0.065,0.048,1
"ZNF345","ZNF345",0.0465367712300533,0.129892869910531,0.451,0.413,1
"TRAPPC6A","TRAPPC6A",0.0465720865619688,-0.237867920973467,0.233,0.258,1
"ELAC2","ELAC2",0.0466267315842162,-0.357086766243013,0.167,0.192,1
"PIN4","PIN4",0.0466605449117143,0.174746904471631,0.276,0.243,1
"HIF3A","HIF3A",0.0466703502921152,0.859567300360401,0.027,0.016,1
"MARCHF6-DT","MARCHF6-DT",0.0466987369835642,0.878285193084999,0.014,0.007,1
"WDR73","WDR73",0.0467010354401503,0.222048555993025,0.209,0.18,1
"POFUT3","POFUT3",0.0467120261047032,-0.344535409169493,0.126,0.152,1
"LRRC9","LRRC9",0.0467347801194821,-0.736180073729006,0.013,0.023,1
"MIRLET7IHG","MIRLET7IHG",0.0468222286108305,-0.457837590621822,0.085,0.106,1
"KPNA4","KPNA4",0.0468551863766773,-0.122002891733453,0.538,0.556,1
"CHST9","CHST9",0.0468559285614685,-1.44002078590228,0.006,0.012,1
"PEX11A","PEX11A",0.0468803958478558,0.388145983960939,0.069,0.052,1
"PLCB3","PLCB3",0.0469026667588728,0.529626285068995,0.032,0.02,1
"PITPNM2","PITPNM2",0.0470461284439344,-0.727814222557337,0.021,0.033,1
"NRIP3-DT","NRIP3-DT",0.0470586616473031,0.903879463984334,0.017,0.008,1
"RECQL5","RECQL5",0.0470640064109587,-0.297677450580922,0.216,0.244,1
"PCNX4","PCNX4",0.0470705730341972,-0.128856913330747,0.463,0.491,1
"BBOX1-AS1","BBOX1-AS1",0.0470811102964871,0.982036057253151,0.014,0.007,1
"SLC9C2","SLC9C2",0.0470832678289478,-1.00717640369784,0.015,0.025,1
"SLBP","SLBP",0.0470863540838524,0.175023934366065,0.203,0.173,1
"CCNO-DT","CCNO-DT",0.0470891701151822,0.449353111411019,0.049,0.035,1
"TCF15","TCF15",0.0471123287535962,0.673356818290918,0.027,0.016,1
"ENSG00000249426","ENSG00000249426",0.047135949456414,1.01520112167914,0.014,0.007,1
"GADD45GIP1","GADD45GIP1",0.0471638814732411,0.139630274568147,0.316,0.282,1
"SEC14L2","SEC14L2",0.0472179463796624,0.334896949531841,0.082,0.063,1
"TCEA3","TCEA3",0.0472183089296355,0.492228045660504,0.014,0.007,1
"OPA1","OPA1",0.0472785243164389,-0.109852985917066,0.636,0.658,1
"DIO2","DIO2",0.0472792492090822,0.437928072316125,0.073,0.055,1
"TMX4","TMX4",0.0473685268767007,-0.240911619073097,0.188,0.218,1
"SCAP","SCAP",0.0473762575028,0.135474257274053,0.444,0.405,1
"MANEA-DT","MANEA-DT",0.0474205915954079,0.198345459690795,0.064,0.046,1
"PHKG1","PHKG1",0.0475088434269315,0.315313494085288,0.117,0.095,1
"ZKSCAN2-DT","ZKSCAN2-DT",0.0475601073298523,0.398797256620837,0.108,0.086,1
"LINC01483","LINC01483",0.0475914069886528,0.645732101066482,0.049,0.035,1
"COQ3","COQ3",0.0475962774457682,-0.267330985935617,0.061,0.08,1
"FUCA2","FUCA2",0.0476063103167636,0.22606339889887,0.187,0.159,1
"KIAA1549","KIAA1549",0.0476121063334303,0.855531108187859,0.028,0.017,1
"VARS1","VARS1",0.0476370565484007,0.275758804150717,0.129,0.106,1
"IL17RC","IL17RC",0.0476961728738289,-1.08747479440125,0.006,0.012,1
"ACOX3","ACOX3",0.0477374352707016,0.231399487230176,0.301,0.271,1
"PFKFB1","PFKFB1",0.0477503287613427,-0.551281272913543,0.044,0.059,1
"LRP3","LRP3",0.047789923106018,-0.342692675202064,0.034,0.048,1
"IGHMBP2","IGHMBP2",0.0478113557625626,0.415296854616628,0.1,0.08,1
"ENSG00000268107","ENSG00000268107",0.0478130566272016,-0.937051972452769,0.006,0.012,1
"TIMM13","TIMM13",0.0479186902640682,0.161350289889034,0.292,0.261,1
"USP19","USP19",0.0479237981073553,0.222058805306286,0.091,0.07,1
"POFUT4","POFUT4",0.0479789558810196,0.247249629565165,0.242,0.212,1
"SV2A","SV2A",0.0479940888941916,0.222233772763748,0.241,0.211,1
"ATP2A1","ATP2A1",0.0480003025374758,0.394334660559248,0.055,0.04,1
"PDC-AS1","PDC-AS1",0.0480673980625098,-0.212769378678796,0.314,0.342,1
"CDKN2B-AS1","CDKN2B-AS1",0.0480678758837604,-0.818098594428626,0.008,0.016,1
"DOK6","DOK6",0.0480764056139898,0.348824602169064,0.048,0.033,1
"LGALSL","LGALSL",0.0481063196465607,-0.797694946784581,0.006,0.012,1
"KCNQ4","KCNQ4",0.0481071421788861,-0.495677565344613,0.023,0.036,1
"PVALEF","PVALEF",0.0481650710637779,-0.736184736349542,0.032,0.046,1
"ENSG00000267662","ENSG00000267662",0.0481651532425755,-1.02993763311376,0.006,0.012,1
"CACNA1A","CACNA1A",0.0481764753374915,-0.191439217644591,0.225,0.254,1
"ENSG00000272831","ENSG00000272831",0.048212329351876,0.221034544417984,0.176,0.149,1
"FBXO6","FBXO6",0.0482909268756091,0.611847106316196,0.023,0.014,1
"ENSG00000270761","ENSG00000270761",0.0483072213272851,-0.867122986442897,0.008,0.016,1
"TRAF7","TRAF7",0.0483092758973193,0.454279285300673,0.071,0.054,1
"DDX5","DDX5",0.0483647648335382,-0.103536356179351,0.86,0.869,1
"FAM110B","FAM110B",0.048391736599375,0.136493814781566,0.032,0.02,1
"ENSG00000283003","ENSG00000283003",0.0483947426621627,-0.295625127904493,0.066,0.085,1
"PEX26","PEX26",0.0483975386684471,0.152942407524472,0.227,0.192,1
"SMC2","SMC2",0.0484114068939692,0.250566650877723,0.142,0.116,1
"ECI1","ECI1",0.0484177368645151,0.242947889947965,0.225,0.193,1
"LENG8-AS1","LENG8-AS1",0.0484661064663659,-0.148700506653692,0.115,0.14,1
"MCPH1-DT","MCPH1-DT",0.0484764480683987,0.315837511054244,0.046,0.032,1
"ENSG00000284721","ENSG00000284721",0.0485335930216048,-0.456427647292833,0.027,0.04,1
"CEP97","CEP97",0.0485375319912532,0.129535894247363,0.517,0.476,1
"ENSG00000232598","ENSG00000232598",0.0485615002534037,0.515174454904805,0.023,0.014,1
"THAP6","THAP6",0.0485626244921505,-0.18579757932851,0.393,0.422,1
"AP1S1","AP1S1",0.0485924689502073,0.255746465548804,0.185,0.158,1
"TRIM13","TRIM13",0.0485936819415132,0.129436427958008,0.485,0.448,1
"IKBKE","IKBKE",0.0486249965784862,0.705032745308462,0.02,0.011,1
"ENSG00000251357","ENSG00000251357",0.0486604497344518,0.343510018817396,0.047,0.033,1
"PPP6C","PPP6C",0.0486622453010477,-0.153098859363596,0.386,0.423,1
"ENSG00000238035","ENSG00000238035",0.0486642346331344,-0.377706683719835,0.075,0.095,1
"RFK","RFK",0.0486781109498992,0.195315599509494,0.082,0.063,1
"EID2","EID2",0.0487283561292025,0.3571686356707,0.079,0.06,1
"GAPVD1","GAPVD1",0.0488394724548117,-0.13405007020783,0.512,0.544,1
"DUOX1","DUOX1",0.0488406933837825,-0.493103181708285,0.115,0.137,1
"IQCE","IQCE",0.0488695263461195,-0.389673201035715,0.103,0.125,1
"NSMCE4A","NSMCE4A",0.0488797874657865,0.264505266488432,0.189,0.162,1
"PITX1-AS1","PITX1-AS1",0.0488927330157167,1.39527143181346,0.024,0.014,1
"FBXL14","FBXL14",0.0489112672918346,0.163206375099755,0.231,0.199,1
"COQ8B","COQ8B",0.0489498556918301,-0.230867617705786,0.124,0.149,1
"ENSG00000205236","ENSG00000205236",0.0490375365705184,0.230647994437695,0.126,0.103,1
"MIOS","MIOS",0.049182031242434,-0.236995154189039,0.153,0.181,1
"EXOC6","EXOC6",0.04919231093536,0.147006920401639,0.529,0.495,1
"HAPSTR1","HAPSTR1",0.0492499941372581,-0.164360347406552,0.389,0.417,1
"ENSG00000260578","ENSG00000260578",0.0492879472016344,-0.428059873505274,0.038,0.053,1
"PSMC6","PSMC6",0.0493086368438289,-0.130222441861202,0.395,0.424,1
"UBOX5","UBOX5",0.0493178544258592,-0.331354796515738,0.133,0.157,1
"ZNF778","ZNF778",0.0493844390892574,0.283870975072633,0.155,0.13,1
"ZNF493","ZNF493",0.0493906319267838,0.180961614436957,0.383,0.348,1
"VMA12","VMA12",0.0494017911218637,0.23623379388129,0.127,0.103,1
"GFM1","GFM1",0.049415547281834,-0.160161702765572,0.274,0.31,1
"ENSG00000265287","ENSG00000265287",0.0494375514535708,0.483312922714498,0.048,0.033,1
"TMEM11-DT","TMEM11-DT",0.0494425818689842,-0.285370733783037,0.086,0.108,1
"ENSG00000272994","ENSG00000272994",0.0494786851309218,0.250461377198838,0.069,0.052,1
"ENSG00000242539","ENSG00000242539",0.049547183152447,1.33935325059003,0.021,0.012,1
"ATP6V1C1","ATP6V1C1",0.0495768923771656,-0.175096866732323,0.336,0.364,1
"DIAPH2","DIAPH2",0.0495891946073717,0.153720918950148,0.423,0.394,1
"ZNF724.1","ZNF724.1",0.0496072007941645,-0.545002391261214,0.035,0.05,1
"AKAP1-DT","AKAP1-DT",0.0496295172320321,-0.460212271152941,0.035,0.049,1
"CPED1","CPED1",0.0497023725525756,0.895855492206609,0.024,0.014,1
"ENSG00000251556","ENSG00000251556",0.0497742138080615,0.445008824872203,0.073,0.056,1
"ZNF57","ZNF57",0.0497842327825185,0.558038012821286,0.023,0.014,1
"SYF2","SYF2",0.0498485018498226,0.172091046025402,0.17,0.142,1
"ENSG00000244260","ENSG00000244260",0.0498660021372391,-0.818351468127324,0.02,0.031,1
"PGAM5","PGAM5",0.0498785271677225,0.410437459798878,0.042,0.029,1
"ENSG00000274776","ENSG00000274776",0.049890800837407,0.916814269416028,0.024,0.014,1
"MAST2","MAST2",0.0499185211539563,0.132298091671321,0.642,0.612,1
"MAGEE1","MAGEE1",0.0499617323775896,0.346068466100079,0.048,0.033,1
"ZNF280C","ZNF280C",0.0500683501144164,-0.313979883537429,0.158,0.184,1
"MTMR14","MTMR14",0.0501380845404022,0.293560234448623,0.302,0.275,1
"SLC8A1","SLC8A1",0.050178335695027,0.553033133688867,0.059,0.044,1
"ARK2N","ARK2N",0.0502005757006544,0.140897075970408,0.295,0.261,1
"ETNK1","ETNK1",0.050208962895825,-0.112313457685109,0.706,0.704,1
"DTYMK","DTYMK",0.0502686542297969,0.171990044094644,0.156,0.13,1
"HNRNPD","HNRNPD",0.0502997775411531,-0.115801073766357,0.663,0.676,1
"FSTL3","FSTL3",0.0503029137151508,0.46100276354491,0.073,0.056,1
"ENTPD7","ENTPD7",0.0503582177349878,-0.511134553127096,0.017,0.028,1
"ENSG00000271918","ENSG00000271918",0.0504368737053028,0.250616832647909,0.031,0.02,1
"METTL22","METTL22",0.0504639834900558,0.379221674320957,0.171,0.146,1
"GALK1","GALK1",0.050504726093221,0.436428125272254,0.042,0.029,1
"IVNS1ABP","IVNS1ABP",0.0505153513962344,0.253056926811883,0.294,0.263,1
"MRPL57","MRPL57",0.0506720809213922,0.193457643203132,0.252,0.22,1
"VTI1B","VTI1B",0.0506907821516191,0.187118361191852,0.182,0.154,1
"CYC1","CYC1",0.0506947467893791,0.167313507656549,0.21,0.182,1
"EIF4E","EIF4E",0.050763676036026,0.16569137143116,0.473,0.433,1
"COMMD9","COMMD9",0.0507932513880049,-0.256190479964139,0.151,0.177,1
"SUSD1","SUSD1",0.0508252751133915,0.743322919902037,0.028,0.018,1
"NECTIN1","NECTIN1",0.0508575549362994,0.102334225809391,0.556,0.512,1
"ATP1A2","ATP1A2",0.0508670474609066,-0.509466426798277,0.025,0.037,1
"LINC02997","LINC02997",0.0509230951103284,-0.552364978751481,0.044,0.059,1
"GFER","GFER",0.0509315536731142,0.238435653948716,0.086,0.066,1
"CEMIP2","CEMIP2",0.0509404428240478,0.165050786360232,0.12,0.097,1
"ENSG00000284292","ENSG00000284292",0.0509633746284735,-0.792432556342876,0.016,0.026,1
"ENSG00000250910","ENSG00000250910",0.0510324797900398,-1.14267908701358,0.01,0.019,1
"DPP8","DPP8",0.0510348799797549,-0.156359497318476,0.552,0.578,1
"FGF11","FGF11",0.0510762923282733,1.22673127814345,0.012,0.005,1
"TMEM231","TMEM231",0.0510869893717749,-0.372795026905141,0.026,0.039,1
"DVL2","DVL2",0.0511979554624287,0.212198082365089,0.176,0.148,1
"FAM78B","FAM78B",0.0512317570171102,0.528092891109639,0.028,0.017,1
"TRIM41","TRIM41",0.0512444081921987,0.291106118203854,0.126,0.104,1
"ZFPM2","ZFPM2",0.0512485937704036,-0.565675640608529,0.063,0.081,1
"ENSG00000108448","ENSG00000108448",0.0512521072506001,-0.110333656690958,0.48,0.512,1
"CAVIN1","CAVIN1",0.0513580046808421,-0.18905722504012,0.349,0.376,1
"LAPTM4B","LAPTM4B",0.0513796674375751,-0.232491967824651,0.175,0.2,1
"TEKTIP1","TEKTIP1",0.0514602515877545,1.07846216390975,0.021,0.012,1
"ENSG00000273063","ENSG00000273063",0.0514629388676731,1.13099358710103,0.012,0.005,1
"PITPNA-AS1","PITPNA-AS1",0.0514984007005404,0.341806102840558,0.085,0.066,1
"B3GNT2","B3GNT2",0.0516491875458114,0.293015595903753,0.135,0.112,1
"SNHG12","SNHG12",0.0516685555756558,0.379214574961832,0.09,0.071,1
"ZNF396","ZNF396",0.0516854388712883,-0.41363502811288,0.032,0.046,1
"ENSG00000258955","ENSG00000258955",0.0517220618582405,1.072683492666,0.012,0.005,1
"SETX","SETX",0.0517329483410978,-0.123263214291789,0.757,0.772,1
"SLC8A2","SLC8A2",0.0517625716774973,-0.207686664012915,0.077,0.098,1
"TIMM22","TIMM22",0.0518253837402572,0.290057290460132,0.096,0.076,1
"ENSG00000269802","ENSG00000269802",0.0520148792799161,0.627191762994245,0.012,0.005,1
"HNRNPA1L3","HNRNPA1L3",0.0520533394385154,0.64691350801301,0.039,0.026,1
"CIAPIN1","CIAPIN1",0.0520768799597977,-0.192138963839229,0.11,0.133,1
"PGD","PGD",0.0520861034426174,0.223410168678835,0.195,0.165,1
"CASP8AP2","CASP8AP2",0.0521294347712599,-0.137562319515821,0.385,0.415,1
"RAF1","RAF1",0.0521365750661899,0.123307981927607,0.604,0.565,1
"WDR55","WDR55",0.052157190262688,0.311145251443518,0.115,0.093,1
"RANGRF","RANGRF",0.0522261307129922,0.309305443068373,0.075,0.057,1
"RNASEK","RNASEK",0.0522483043096701,1.0240710058655,0.015,0.007,1
"NECAP2","NECAP2",0.0522576111679896,0.137964836823394,0.182,0.154,1
"ADCK5","ADCK5",0.0523030665787625,-0.667455825270812,0.031,0.044,1
"EPHA10","EPHA10",0.0524520973064534,-0.206682071317629,0.04,0.056,1
"TMEM87B","TMEM87B",0.052471128758993,0.208466442649884,0.306,0.273,1
"PAICS","PAICS",0.0524743713983785,-0.349291108603143,0.179,0.203,1
"BIRC2","BIRC2",0.0525224870550344,0.142562429628665,0.366,0.335,1
"RRAGD","RRAGD",0.0525382602202257,0.534513007341721,0.111,0.091,1
"ACAP1","ACAP1",0.0525433960001737,-0.604886752821831,0.014,0.024,1
"ZNF624","ZNF624",0.0525767103455399,0.237953995238246,0.201,0.175,1
"C20orf204","C20orf204",0.0526306300886346,-0.786019857870901,0.01,0.019,1
"SBK1","SBK1",0.0526339348397196,0.597409374917989,0.039,0.027,1
"B3GALNT2","B3GALNT2",0.0526376192094926,-0.244883395495368,0.233,0.258,1
"CUL2","CUL2",0.0527572294449236,0.170282667185168,0.388,0.354,1
"FKBPL","FKBPL",0.0527856200196988,0.795577597538657,0.021,0.012,1
"DCTN6-DT","DCTN6-DT",0.052838228174951,0.299647503220462,0.081,0.062,1
"ARL3","ARL3",0.0529164744679414,-0.17561693504653,0.323,0.352,1
"EHBP1-AS1","EHBP1-AS1",0.0529474061175839,0.925051226910566,0.015,0.007,1
"KCNJ2-AS1","KCNJ2-AS1",0.0529673728343529,0.422954808383985,0.082,0.064,1
"RLIM","RLIM",0.0530238498983222,0.110063919166639,0.269,0.236,1
"BLNK","BLNK",0.0530646796482452,0.985588845073349,0.015,0.007,1
"ENSG00000258101","ENSG00000258101",0.0530760092714874,1.03965022756224,0.025,0.015,1
"ENSG00000232611","ENSG00000232611",0.053080140098068,-0.247063557056596,0.296,0.325,1
"TRIM32","TRIM32",0.0531253418197015,0.323567152209482,0.086,0.067,1
"SHISA8","SHISA8",0.0531454350238807,0.565940172724377,0.021,0.012,1
"ENSG00000233885","ENSG00000233885",0.0532352308996853,-0.420681058090664,0.044,0.059,1
"CD44","CD44",0.0532593666627451,-0.103266676906755,0.308,0.341,1
"ENSG00000254434","ENSG00000254434",0.0532704305240728,0.666345409146333,0.015,0.007,1
"HAUS1","HAUS1",0.0532856951591553,0.44083906611778,0.091,0.072,1
"ENSG00000273064","ENSG00000273064",0.0534059920183377,0.156438971563066,0.111,0.088,1
"RPA2","RPA2",0.0534108386779839,0.227819534706259,0.197,0.17,1
"ZZEF1","ZZEF1",0.0534438181522676,-0.142596749213247,0.573,0.588,1
"WAPL","WAPL",0.0534466198067496,-0.114459257771992,0.509,0.537,1
"TTC8","TTC8",0.0535470674289278,-0.293322479831472,0.082,0.103,1
"MAPK6","MAPK6",0.0535871422596444,-0.107373864838952,0.516,0.544,1
"AMPD1","AMPD1",0.0536600516131285,-0.672659822090428,0.01,0.019,1
"HPS5","HPS5",0.0537063070485899,0.109674325730096,0.32,0.287,1
"CYP2D6","CYP2D6",0.0537496792570301,0.662040966955215,0.021,0.012,1
"KCNH7","KCNH7",0.0537573809991251,-0.281434333732155,0.067,0.086,1
"ENSG00000271949","ENSG00000271949",0.0537631807965542,-0.743837004995684,0.021,0.032,1
"ZNF528","ZNF528",0.0538982010046687,-0.26839307663275,0.167,0.193,1
"ZFX-AS1","ZFX-AS1",0.0539214190348555,0.754190054486465,0.015,0.007,1
"ENSG00000264513","ENSG00000264513",0.0539232373259053,0.536004272743234,0.029,0.018,1
"MTRFR","MTRFR",0.0539478538929482,0.206117028650242,0.196,0.167,1
"MMP15","MMP15",0.053993880038713,-0.336017134936597,0.04,0.055,1
"PSMC5","PSMC5",0.0540582231088215,0.123301308456922,0.274,0.242,1
"ENSG00000275409","ENSG00000275409",0.054068302701145,1.56081439216991,0.01,0.004,1
"MIR210HG","MIR210HG",0.0540963724328961,-0.95541202343511,0.009,0.017,1
"SPTLC1","SPTLC1",0.0541405191814965,-0.149948748953748,0.518,0.533,1
"TMEM33","TMEM33",0.0541939652214323,-0.203677135167706,0.401,0.425,1
"ENSG00000268170","ENSG00000268170",0.0542340612111149,-0.585946159861155,0.037,0.051,1
"ENSG00000266933","ENSG00000266933",0.054347987657234,0.81991646426623,0.025,0.015,1
"STYXL1","STYXL1",0.0543491045207715,-0.17309236683112,0.366,0.394,1
"ANKS6","ANKS6",0.0543874601621065,-0.170394888344952,0.334,0.365,1
"LRIF1","LRIF1",0.0544131749270329,0.226429161502981,0.236,0.209,1
"PRDX6-AS1","PRDX6-AS1",0.0544134876569643,-0.103730751144359,0.501,0.533,1
"ALKBH5","ALKBH5",0.0544145109295581,0.186197057856289,0.359,0.328,1
"RXRG","RXRG",0.054442733949392,0.174803054251162,0.135,0.11,1
"AKAP17A","AKAP17A",0.0545308269168462,-0.265779055568371,0.156,0.183,1
"SORBS3","SORBS3",0.0545366499710455,-0.241650113416046,0.201,0.229,1
"ENSG00000237473","ENSG00000237473",0.0545397624415604,1.2171371323737,0.021,0.012,1
"ENSG00000249483","ENSG00000249483",0.0546351961118766,1.43764731722293,0.01,0.004,1
"BTBD10","BTBD10",0.0546502721409358,-0.144045961780948,0.472,0.5,1
"LINC01692","LINC01692",0.0546731646178351,1.21193795396437,0.01,0.004,1
"DCN","DCN",0.0546762343249642,0.447442932466536,0.068,0.051,1
"TAF2","TAF2",0.0546857608990532,-0.111754068692732,0.417,0.451,1
"SLC16A3","SLC16A3",0.054726127663396,-0.295172421626676,0.138,0.162,1
"CACNB4","CACNB4",0.0547485798324552,0.278137926873942,0.123,0.101,1
"ENSG00000273295","ENSG00000273295",0.0547576960966587,-0.222296519620407,0.01,0.019,1
"GLO1","GLO1",0.0547670489730037,0.110579241192451,0.359,0.325,1
"NECTIN3","NECTIN3",0.0548259310469565,-0.131140840899342,0.672,0.671,1
"ARL14EP","ARL14EP",0.0548375927154164,0.205542089624374,0.224,0.195,1
"ENSG00000265218","ENSG00000265218",0.0550122313553161,-0.684526716459331,0.021,0.032,1
"IZUMO1","IZUMO1",0.0550731628269848,0.81946078583547,0.01,0.004,1
"CCNP","CCNP",0.0550922725019283,0.99138866438576,0.01,0.004,1
"ZSWIM7","ZSWIM7",0.0550954465828773,0.171012101941802,0.375,0.343,1
"BCAN","BCAN",0.0551533699394874,-0.760243133488284,0.012,0.022,1
"DRAP1","DRAP1",0.0551553727953202,0.133838863762493,0.297,0.265,1
"FAM117B","FAM117B",0.0551906907444738,0.176522532660534,0.308,0.273,1
"MFSD8","MFSD8",0.0552139606735036,-0.149701812914718,0.245,0.276,1
"ZNF717","ZNF717",0.0552322247982069,0.17852025834554,0.484,0.457,1
"NEUROG2-AS1","NEUROG2-AS1",0.0552453379114181,0.968583538170154,0.01,0.004,1
"ARPC1B","ARPC1B",0.0552453379114181,1.01638423831086,0.01,0.004,1
"DNAJB5-DT","DNAJB5-DT",0.0552836595998022,1.22679962903988,0.01,0.004,1
"ZNF622","ZNF622",0.0553567391120219,0.361553819892793,0.089,0.071,1
"ENSG00000230310","ENSG00000230310",0.0554241867864984,-1.39940122153257,0.005,0.011,1
"ANKH","ANKH",0.0554922240830707,0.101308722018693,0.918,0.924,1
"KMT5C","KMT5C",0.0555365513540703,0.171186371087832,0.233,0.204,1
"TGFB2","TGFB2",0.0555840009436566,0.991327566343145,0.021,0.012,1
"ESRP1","ESRP1",0.0555910313990692,0.971929753345642,0.01,0.004,1
"PDE4A","PDE4A",0.0556630784200204,-1.0521455681516,0.008,0.015,1
"ZNF445","ZNF445",0.0557679162721712,0.231696739091893,0.295,0.266,1
"TAF5L","TAF5L",0.0557763615729715,-0.109930286759548,0.213,0.246,1
"SLC35G5","SLC35G5",0.0558004448669651,-1.48037686077397,0.006,0.013,1
"POLR1B","POLR1B",0.0558140893941082,0.452493064157427,0.084,0.065,1
"MCM3AP","MCM3AP",0.0558334578452572,-0.185506282412576,0.341,0.367,1
"LINC02018","LINC02018",0.0558597529765335,0.309722751477385,0.113,0.092,1
"C18orf32","C18orf32",0.055935078255767,0.267288458728501,0.095,0.075,1
"ENSG00000246851","ENSG00000246851",0.0559409619647846,0.440927969952362,0.081,0.063,1
"TPRKB","TPRKB",0.055954929375148,0.235883060901856,0.12,0.098,1
"ENSG00000224541","ENSG00000224541",0.0559974035896834,0.708884257596004,0.036,0.024,1
"FREM2","FREM2",0.056058823895218,-0.88753336193511,0.005,0.011,1
"CNTNAP3B","CNTNAP3B",0.056072134582198,-0.598519085203215,0.056,0.073,1
"ENSG00000241324","ENSG00000241324",0.0561688233720006,-1.16721062140306,0.008,0.015,1
"C1orf159","C1orf159",0.0561815353749962,-0.245746217164137,0.225,0.251,1
"FAM88E","FAM88E",0.0562571620018366,0.868861484632966,0.018,0.01,1
"WASF3","WASF3",0.0562780302750144,-0.216846478745157,0.412,0.431,1
"ENSG00000268750","ENSG00000268750",0.0564907319948729,0.747808270112189,0.026,0.016,1
"CSTF3","CSTF3",0.05656731975146,-0.155593556389898,0.484,0.513,1
"DCTN1-AS1","DCTN1-AS1",0.0565735616473665,-0.367372324536825,0.047,0.063,1
"ENSG00000184441","ENSG00000184441",0.0565903805419883,-0.543901688612097,0.026,0.038,1
"ZNF277","ZNF277",0.0566837046168507,-0.103854627962717,0.52,0.542,1
"AOC2","AOC2",0.0567383532716272,0.422807995971024,0.025,0.015,1
"ENSG00000224228","ENSG00000224228",0.0567496490436537,0.753303854247796,0.018,0.01,1
"JPH3","JPH3",0.05676871016503,-0.928737143707706,0.008,0.015,1
"MROH8","MROH8",0.0568487555950526,-0.31366611444551,0.1,0.122,1
"DDHD1-DT","DDHD1-DT",0.0569195120575306,-0.925081774533723,0.008,0.015,1
"HNRNPA1","HNRNPA1",0.0569288469589903,0.14765040186561,0.262,0.231,1
"IFT22","IFT22",0.0569457643178099,-0.717629261469419,0.036,0.05,1
"MTCH2","MTCH2",0.057029485150737,-0.229114110242467,0.357,0.381,1
"ENSG00000260509","ENSG00000260509",0.0571917953388782,-0.507381131462248,0.008,0.015,1
"B4GALNT3","B4GALNT3",0.0572081651393994,0.695550276798191,0.056,0.041,1
"USP16","USP16",0.0572519406141298,-0.14508585388686,0.388,0.418,1
"KRI1","KRI1",0.0573382099247436,0.217492819125932,0.142,0.118,1
"ENSG00000232406","ENSG00000232406",0.0573626112688334,-0.369667757311797,0.037,0.052,1
"LINC00578","LINC00578",0.0573680209492378,0.147005580975002,0.03,0.019,1
"PSTPIP2","PSTPIP2",0.057470363887626,0.574215139477507,0.021,0.012,1
"BCL9L","BCL9L",0.0575165985613469,0.758120360350544,0.022,0.013,1
"RAE1","RAE1",0.0575289299980251,0.265348675075828,0.158,0.133,1
"MACO1","MACO1",0.0575946115462684,0.166813924775545,0.585,0.546,1
"NEXN","NEXN",0.0576670536554208,-0.437733115451704,0.051,0.067,1
"SLIT1","SLIT1",0.0577021370156576,0.646385197044617,0.035,0.024,1
"ADPRHL1","ADPRHL1",0.0577301428771083,0.257034021940344,0.1,0.08,1
"JHY","JHY",0.0577522476508458,0.192098002662373,0.346,0.312,1
"NFIL3","NFIL3",0.0577529127491758,0.492173955745207,0.046,0.033,1
"SLC61A1","SLC61A1",0.0577727176896146,0.260545501332052,0.101,0.08,1
"RELL2","RELL2",0.0578560680707886,0.659381435431315,0.03,0.02,1
"SMIM47","SMIM47",0.0579217001310226,-0.498256850903953,0.006,0.013,1
"ZNF813","ZNF813",0.0579426272099313,0.282861787730157,0.084,0.066,1
"FN3K","FN3K",0.0579753868631253,0.212526700531146,0.328,0.301,1
"NUDT16L1","NUDT16L1",0.0579841602387406,0.159146732668969,0.217,0.188,1
"BRD3OS","BRD3OS",0.0580290419787747,0.265242894360918,0.066,0.05,1
"MAP2K3","MAP2K3",0.0580341081920033,0.388144457683333,0.061,0.045,1
"C16orf95-DT","C16orf95-DT",0.0580765318216984,-0.531867563832584,0.008,0.015,1
"HLA-DRA","HLA-DRA",0.0581128750484726,1.50542970492683,0.012,0.006,1
"SLC9A8","SLC9A8",0.0581549031083251,-0.139076866668527,0.288,0.321,1
"ENSG00000271200","ENSG00000271200",0.0581832021971789,-0.565137924316228,0.041,0.056,1
"ADCK2","ADCK2",0.0582417905509691,-0.404875031208302,0.045,0.061,1
"GRM1","GRM1",0.0582633891505375,-0.528799858359384,0.026,0.038,1
"TBC1D30","TBC1D30",0.058283773866797,-0.690029776565127,0.053,0.069,1
"UAP1L1","UAP1L1",0.0583688495503737,0.237005520824837,0.18,0.154,1
"ZNF74","ZNF74",0.0584573183079681,0.158973956707386,0.083,0.064,1
"CSRNP2","CSRNP2",0.0584583360428535,-0.328477765462289,0.158,0.181,1
"LINC00649","LINC00649",0.0584768137864457,0.980112237425344,0.015,0.008,1
"RDH10","RDH10",0.0584815176774993,0.485634421477374,0.035,0.023,1
"IGFLR1","IGFLR1",0.0585191735028573,-0.905206291400326,0.011,0.02,1
"STYX","STYX",0.0585211343689107,-0.238906330533809,0.218,0.248,1
"DDX11-AS1","DDX11-AS1",0.0585445398359891,0.55719493026819,0.058,0.043,1
"TADA1","TADA1",0.0586445445527674,-0.38972198700231,0.135,0.158,1
"LOC105376713","LOC105376713",0.0587682856770178,0.286634023528506,0.045,0.031,1
"P3H1","P3H1",0.0587742365758439,-0.382019520336325,0.106,0.127,1
"TFG","TFG",0.0587931401007541,-0.131043204775944,0.427,0.458,1
"PSIP1","PSIP1",0.0588189452823348,0.104410668756496,0.604,0.58,1
"LZTFL1","LZTFL1",0.0589288126251483,0.314742246096118,0.133,0.11,1
"SPRING1","SPRING1",0.0589321788485674,-0.304025136839508,0.113,0.135,1
"GAK","GAK",0.0589540535274964,0.105387117722965,0.457,0.414,1
"RAP2A","RAP2A",0.0589981937952536,0.130224380843222,0.487,0.447,1
"SLC6A16","SLC6A16",0.0590457808035459,-0.784507399679673,0.033,0.046,1
"ARHGAP45","ARHGAP45",0.0590487190123211,1.27137783093538,0.012,0.006,1
"LOC124900609","LOC124900609",0.0590971048264211,0.94584013309399,0.015,0.008,1
"E2F3","E2F3",0.0591170432411016,-0.402970773895704,0.084,0.105,1
"FBXO17","FBXO17",0.0591594332054773,0.998540466599431,0.015,0.008,1
"H2AC8","H2AC8",0.0591691303360721,1.00992294668238,0.019,0.01,1
"ZNRF1","ZNRF1",0.0591873592514839,0.168211544903661,0.473,0.439,1
"FBXO34","FBXO34",0.0591981974938424,0.221541621376009,0.26,0.231,1
"PBDC1","PBDC1",0.0592302980440189,0.352035523540402,0.046,0.033,1
"ABRAXAS2","ABRAXAS2",0.0592716986468127,0.226113997166922,0.196,0.168,1
"ENSG00000229334","ENSG00000229334",0.0592933769799622,1.13622753091123,0.012,0.006,1
"RFX1","RFX1",0.0593196851409927,0.295146468370989,0.142,0.12,1
"NLE1","NLE1",0.0593375505132694,0.556330371890762,0.042,0.029,1
"ENSG00000268870","ENSG00000268870",0.059340950951246,0.30201100816909,0.073,0.056,1
"TTC4","TTC4",0.0593424734943055,0.703138005706358,0.026,0.016,1
"MED1","MED1",0.0595736439791097,0.25600343939885,0.225,0.199,1
"LOC105377858","LOC105377858",0.059594142382596,0.751532757838752,0.037,0.025,1
"POLR3C","POLR3C",0.0596070667213291,-0.300338086948157,0.133,0.156,1
"ERVK3-1","ERVK3-1",0.0596285513849424,0.397238261013235,0.062,0.046,1
"ZFHX3","ZFHX3",0.0596424368439008,-0.137727518530885,0.334,0.365,1
"PELP1-DT","PELP1-DT",0.0596443460679363,0.999415620610435,0.012,0.006,1
"KY","KY",0.0597148606972162,0.252901916996049,0.082,0.063,1
"ZNHIT3","ZNHIT3",0.0597755436202634,0.133960977687988,0.205,0.175,1
"GAS1RR","GAS1RR",0.059976457320964,-0.566331609457015,0.036,0.05,1
"C1orf162","C1orf162",0.0600031113575707,-0.318683320454315,0.023,0.035,1
"CARF","CARF",0.0600118960907836,-0.170946232256327,0.5,0.524,1
"STMN2","STMN2",0.0600162402322167,-0.456276531688038,0.021,0.033,1
"ENSG00000241295","ENSG00000241295",0.0600670131704559,-0.635401354911049,0.03,0.042,1
"MOCS3","MOCS3",0.0601081727768227,0.587828776903792,0.022,0.013,1
"ENSG00000223969","ENSG00000223969",0.0601385991093429,0.460505006419661,0.012,0.006,1
"A2M-AS1","A2M-AS1",0.0601579190814618,0.341929370327714,0.088,0.07,1
"PNO1","PNO1",0.0601726366464879,-0.24700419099721,0.09,0.111,1
"ENSG00000256427","ENSG00000256427",0.0602317582767223,0.216659249370567,0.177,0.153,1
"TBC1D7","TBC1D7",0.0602345036028244,-0.256052503040776,0.135,0.159,1
"USP2","USP2",0.0602637067896763,0.186193333451803,0.176,0.148,1
"KDSR-DT","KDSR-DT",0.0602817791024884,0.320131805849993,0.145,0.121,1
"ENSG00000263603","ENSG00000263603",0.0603153892950025,-0.46327850093242,0.04,0.055,1
"NUP188","NUP188",0.0603212834656705,0.124528746886881,0.217,0.186,1
"PVR","PVR",0.0603279426807237,0.58720940974998,0.061,0.046,1
"ENSG00000249209","ENSG00000249209",0.0603703916967582,0.229090991646035,0.099,0.078,1
"UGGT1","UGGT1",0.060398891476121,0.127824588131991,0.484,0.454,1
"ENSG00000238009","ENSG00000238009",0.0604815116406651,0.402399113265941,0.07,0.054,1
"NDUFAF5","NDUFAF5",0.0605558350596809,-0.206293980594996,0.205,0.23,1
"FLI1","FLI1",0.060564942026928,0.584576569021101,0.012,0.006,1
"ENSG00000273437","ENSG00000273437",0.0606026333701375,0.160511601781201,0.058,0.042,1
"NANOS1","NANOS1",0.0606156865522648,-0.800566299923746,0.015,0.025,1
"SUGCT","SUGCT",0.0606841024584968,0.29778794355519,0.167,0.142,1
"PARN","PARN",0.0607053452075971,-0.126873945383911,0.623,0.637,1
"SNRPB","SNRPB",0.0608204709382455,0.228667302309029,0.154,0.129,1
"RFWD3","RFWD3",0.0608734449868331,-0.192327311630225,0.207,0.237,1
"RAB6C","RAB6C",0.0608782908334358,-1.08563042991682,0.01,0.018,1
"PAFAH2","PAFAH2",0.0608933964004212,-0.28444957980837,0.186,0.212,1
"UCHL3","UCHL3",0.0609385325586759,0.146218641459239,0.262,0.229,1
"COG7","COG7",0.0610026323655005,-0.16200786019024,0.37,0.403,1
"ENSG00000249459","ENSG00000249459",0.0610215785445248,0.353458665037366,0.155,0.133,1
"SHANK1","SHANK1",0.0611682166874757,0.800156195306673,0.019,0.01,1
"UNC13C","UNC13C",0.0611699533741935,-1.2195191988315,0.01,0.018,1
"ENSG00000273442","ENSG00000273442",0.0612333699799417,-0.731920651482059,0.013,0.022,1
"SLC16A1-AS1","SLC16A1-AS1",0.0613375715001984,-0.120689227060706,0.65,0.659,1
"LOC124902438","LOC124902438",0.0613746314607507,0.310169293047541,0.022,0.013,1
"GNPDA2","GNPDA2",0.061436086880417,0.182722624505884,0.225,0.195,1
"SPCS3","SPCS3",0.0615007575371519,0.14376141689119,0.489,0.454,1
"WIZ","WIZ",0.0615171642004318,0.274980419005205,0.115,0.093,1
"ENSG00000285446","ENSG00000285446",0.061597638476698,0.77662652109196,0.019,0.01,1
"MYLK3","MYLK3",0.0616263551115302,0.860539385788552,0.019,0.01,1
"ENSG00000256050","ENSG00000256050",0.0616638020838349,0.624747924909302,0.031,0.02,1
"CERK","CERK",0.0616649292813243,-0.641618687829884,0.115,0.134,1
"LOC100129203","LOC100129203",0.0616715134400474,-0.52307027376504,0.118,0.139,1
"YJEFN3","YJEFN3",0.06182037408073,0.22801363928698,0.059,0.043,1
"THUMPD2","THUMPD2",0.0618375159791786,0.186541501936627,0.362,0.329,1
"ELP1","ELP1",0.0618481036084008,-0.13898399903956,0.388,0.416,1
"EML3","EML3",0.0620445161753943,-0.230272954877273,0.165,0.192,1
"NRCAM","NRCAM",0.0620649305383163,-0.727089352654876,0.026,0.037,1
"MED28","MED28",0.062071301591913,0.169042767257465,0.352,0.318,1
"ASB16","ASB16",0.0620719405246428,0.39696605322715,0.03,0.02,1
"DNAJC2","DNAJC2",0.0620809743915409,0.212189461737412,0.239,0.21,1
"ZBTB47","ZBTB47",0.0620926383479671,0.383786069696532,0.073,0.056,1
"ALDH1B1","ALDH1B1",0.0620978747555652,1.00450725629644,0.023,0.014,1
"ENSG00000266368","ENSG00000266368",0.0621904839410004,-0.348327516461819,0.068,0.086,1
"GFOD2","GFOD2",0.0622653348535634,0.296152356658191,0.123,0.101,1
"MORN2","MORN2",0.062267776424794,0.249134479409368,0.059,0.043,1
"STAM","STAM",0.0622765821095273,-0.205855580574098,0.437,0.464,1
"ATPAF2","ATPAF2",0.0622801498455976,0.161796062749174,0.212,0.182,1
"STAMBPL1","STAMBPL1",0.0623239086769669,0.396821714339457,0.087,0.069,1
"ARPP21","ARPP21",0.0624821699481457,-0.335449500052356,0.017,0.027,1
"ZNF844","ZNF844",0.0626767241827768,0.40832263325009,0.111,0.092,1
"RNPC3","RNPC3",0.0626969914204127,0.12057445471843,0.598,0.571,1
"BAZ1A-AS1","BAZ1A-AS1",0.0627052167545901,1.16410563302816,0.016,0.008,1
"SMUG1","SMUG1",0.0627317413787539,0.259584740049231,0.123,0.101,1
"SMARCD3","SMARCD3",0.0628485946018709,0.196655405046287,0.213,0.186,1
"HM13","HM13",0.0628900270965511,0.124615945269679,0.433,0.392,1
"LINC03011","LINC03011",0.0630102002080144,0.364889686153794,0.088,0.07,1
"PACRG-AS3","PACRG-AS3",0.0631052297363468,-0.200667823228258,0.377,0.333,1
"ZMAT5","ZMAT5",0.0631069046257645,0.198646388381554,0.147,0.123,1
"ENSG00000228548","ENSG00000228548",0.0631259964373669,0.83728045943078,0.027,0.017,1
"PUSL1","PUSL1",0.0631558307757866,0.258945353335142,0.046,0.033,1
"MYO1C","MYO1C",0.0631566059311791,0.66161264787476,0.031,0.02,1
"RPAP2","RPAP2",0.063199010366048,0.128353490171495,0.704,0.667,1
"HADHA","HADHA",0.0632444114927526,0.123588423198206,0.574,0.543,1
"DCAF16","DCAF16",0.0632539011322373,-0.131621848465688,0.312,0.344,1
"ENSG00000270071","ENSG00000270071",0.0633042589594227,-0.637874714297475,0.01,0.018,1
"PTOV1-AS1","PTOV1-AS1",0.0633588060646563,0.492080453181833,0.073,0.057,1
"RSL1D1","RSL1D1",0.0633980900071421,0.243535368284725,0.174,0.15,1
"ENSG00000250410","ENSG00000250410",0.0634471225373999,0.553253246472504,0.053,0.039,1
"CMAS","CMAS",0.0636878115664632,0.121074296587279,0.296,0.265,1
"ENSG00000267707","ENSG00000267707",0.0637098144515474,-0.570202705576549,0.015,0.025,1
"SGCE","SGCE",0.063865492415778,-0.144961518368027,0.656,0.666,1
"CADM4","CADM4",0.0639973985400323,-0.155556586675767,0.574,0.583,1
"ENSG00000266490","ENSG00000266490",0.0640403142583242,-0.420506592464857,0.017,0.027,1
"NBPF1","NBPF1",0.0640652630806072,0.111823879517281,0.785,0.78,1
"ENSG00000283415","ENSG00000283415",0.0641107351276284,-0.925629097285625,0.012,0.02,1
"ENSG00000285000","ENSG00000285000",0.0641188370279498,0.270848274863958,0.153,0.13,1
"PBX1","PBX1",0.0641565094084651,-0.109476048095473,0.469,0.507,1
"FADS1","FADS1",0.0642779090895782,-0.376298876358031,0.106,0.126,1
"ENSG00000228804","ENSG00000228804",0.064284084683143,1.55586989072348,0.01,0.005,1
"CDHR3","CDHR3",0.0643857510411451,-0.348540649459284,0.054,0.071,1
"ENSG00000275198","ENSG00000275198",0.0644084873348208,1.38924362844647,0.01,0.005,1
"EFCAB5","EFCAB5",0.0644221886462424,-0.422448661869887,0.084,0.103,1
"H2AZ2","H2AZ2",0.0644301715371465,0.137312321939086,0.443,0.407,1
"UBXN6","UBXN6",0.0644393344123181,0.235692952766371,0.216,0.19,1
"TEKT5","TEKT5",0.0644915327827978,1.31329095075609,0.01,0.005,1
"ENSG00000272720","ENSG00000272720",0.0645624100225493,-0.270788903081364,0.082,0.102,1
"ENSG00000278955","ENSG00000278955",0.0646218873415574,-0.948003357942495,0.014,0.023,1
"ALDH7A1","ALDH7A1",0.0646872620278861,-0.142805610491247,0.337,0.366,1
"LINC01239","LINC01239",0.0647013255342764,-0.846936232558107,0.014,0.023,1
"ZCCHC10","ZCCHC10",0.0647102343551863,-0.223103646210407,0.153,0.18,1
"OAZ3","OAZ3",0.0647793002545564,-1.7232079127664,0.004,0.01,1
"ENSG00000255856","ENSG00000255856",0.0647793002545564,-1.39740080472813,0.004,0.01,1
"TMPRSS15","TMPRSS15",0.0647793002545564,-1.38195189482445,0.004,0.01,1
"ZNF793-AS1","ZNF793-AS1",0.0648065540939019,0.263101910971609,0.084,0.066,1
"ABCD4","ABCD4",0.0648215080095924,0.112756667988715,0.59,0.558,1
"FAM88C","FAM88C",0.0648337300573466,0.870231736614869,0.016,0.008,1
"SUB1","SUB1",0.0648474520205674,-0.122930796035468,0.403,0.433,1
"SPATA3","SPATA3",0.0648646902504374,-1.33427497818595,0.004,0.01,1
"RP1L1","RP1L1",0.0648664331083683,0.93994010504795,0.016,0.008,1
"SLC6A20","SLC6A20",0.0649080866776131,1.5480543048637,0.01,0.005,1
"HCN2","HCN2",0.0649153745729964,-0.136593566649799,0.776,0.785,1
"ENSG00000268533","ENSG00000268533",0.0649411789552649,0.310113444217202,0.116,0.095,1
"RAB26","RAB26",0.0649646239282153,0.903405889435657,0.016,0.008,1
"FSIP1","FSIP1",0.0649839658588604,0.307522165701378,0.051,0.037,1
"TSPAN12","TSPAN12",0.0649916632530334,1.14545949625851,0.01,0.005,1
"ENSG00000206129","ENSG00000206129",0.0649916632530334,1.27726874722342,0.01,0.005,1
"PSMB5","PSMB5",0.0650497987738758,0.161847292737853,0.471,0.452,1
"ENSG00000253774","ENSG00000253774",0.065159082732515,1.25579819157877,0.01,0.005,1
"RECQL","RECQL",0.0652226280280545,-0.148637552227087,0.182,0.209,1
"NCR3LG1","NCR3LG1",0.0652291162738002,-0.689726769750759,0.012,0.02,1
"MYL12A","MYL12A",0.0652308299168536,0.180814294677154,0.126,0.104,1
"ENSG00000229195","ENSG00000229195",0.0652487313212844,0.508523576098916,0.038,0.026,1
"VESTAR","VESTAR",0.0652634248593472,0.610456127317843,0.023,0.014,1
"UBE2D4","UBE2D4",0.0652735395765319,-0.230180587656831,0.187,0.212,1
"PLEKHH3","PLEKHH3",0.0652789222788012,0.419985538360426,0.06,0.045,1
"SGCG","SGCG",0.0652848806417324,1.05127244482691,0.01,0.005,1
"ENSG00000271911","ENSG00000271911",0.0653289853286471,-0.764274641896,0.012,0.02,1
"ENSG00000272896","ENSG00000272896",0.0653586141301574,0.822203970817477,0.016,0.008,1
"ENSG00000261130","ENSG00000261130",0.0654183818051137,0.911881026683657,0.023,0.014,1
"SEC22A","SEC22A",0.0654516631335327,-0.154138341718649,0.395,0.421,1
"ENSG00000271119","ENSG00000271119",0.0654650238256936,-1.20775458338614,0.004,0.01,1
"ENSG00000251088","ENSG00000251088",0.0655942609596808,-1.05062798784104,0.004,0.01,1
"FBXO4","FBXO4",0.0656094806301543,-0.269465936231531,0.1,0.121,1
"ENSG00000273456","ENSG00000273456",0.0656553980769023,0.719840325160404,0.016,0.008,1
"PGAM2","PGAM2",0.0657066130693355,-1.2851096100133,0.007,0.014,1
"ENSG00000267070","ENSG00000267070",0.0657244705575343,-0.313228407626441,0.144,0.166,1
"ZNF229","ZNF229",0.0657338386857398,0.238171149662313,0.112,0.091,1
"ENSG00000231794","ENSG00000231794",0.0657669042538565,-1.00742038147606,0.004,0.01,1
"PLEKHG2","PLEKHG2",0.0657876581980753,-0.6905419041416,0.008,0.016,1
"SKA2","SKA2",0.0658055842734752,0.164965152181505,0.312,0.287,1
"GUCA1C","GUCA1C",0.0658533662539893,-1.02877156629736,0.004,0.01,1
"KLRG2","KLRG2",0.0658533662539893,-0.823872338773259,0.004,0.01,1
"UQCR11","UQCR11",0.0658682471746908,0.178598224423761,0.066,0.049,1
"CD276","CD276",0.0658927565256259,0.303572064574377,0.082,0.064,1
"RTL5","RTL5",0.0658968082726727,0.826454391468437,0.023,0.014,1
"FAM78A","FAM78A",0.0659591898133981,0.737081799185063,0.01,0.005,1
"CFAP298-TCP10L","CFAP298-TCP10L",0.0659596205827667,-0.541111400591002,0.012,0.02,1
"CHCHD7","CHCHD7",0.0659876759913647,0.244502497430831,0.1,0.08,1
"ENSG00000203386","ENSG00000203386",0.0660054633270444,-0.144896056569813,0.032,0.046,1
"FAM131A","FAM131A",0.0660152708665046,0.172450006234726,0.182,0.154,1
"LARP4","LARP4",0.066081627199379,0.132594196686475,0.499,0.474,1
"ENSG00000262020","ENSG00000262020",0.0661217826358355,0.697119386151481,0.047,0.034,1
"ENSG00000261135","ENSG00000261135",0.0662222958697856,-0.663396155048935,0.016,0.025,1
"ZNF500","ZNF500",0.0663477627273729,-0.255459982863954,0.1,0.122,1
"SLC25A32","SLC25A32",0.0663779112721769,0.122186371499628,0.357,0.325,1
"CDIP1","CDIP1",0.0664372758502981,0.100539322435792,0.341,0.305,1
"SLC6A12","SLC6A12",0.0665653312073783,1.17894135262621,0.013,0.007,1
"OPHN1","OPHN1",0.0665849176464856,-0.335901439676897,0.219,0.244,1
"ATP11C","ATP11C",0.0666541732559391,0.121890517133827,0.162,0.138,1
"DHX38","DHX38",0.0667303240551568,0.262822106691351,0.198,0.173,1
"SRRD","SRRD",0.0667425471429687,0.171761566838035,0.084,0.065,1
"IL20RB","IL20RB",0.0668353372007684,0.78106812256846,0.023,0.014,1
"DDX31","DDX31",0.0668475586787432,0.244494456564876,0.259,0.231,1
"SMARCD1","SMARCD1",0.066858761975256,-0.23860511216252,0.232,0.256,1
"ENSG00000230510","ENSG00000230510",0.0668796988875022,-0.227981908381909,0.159,0.185,1
"MAN1A1","MAN1A1",0.0669983813805714,-0.331807618728867,0.007,0.014,1
"TPRG1","TPRG1",0.0670184836363887,0.462264604869989,0.059,0.044,1
"POGLUT2","POGLUT2",0.0671292956817072,0.264547541500779,0.077,0.06,1
"MCEE","MCEE",0.0671587335040086,-0.222062362930104,0.187,0.214,1
"FALEC","FALEC",0.0671599635212734,0.466071981290727,0.053,0.039,1
"DISP3","DISP3",0.0671660399513053,0.529931374488777,0.028,0.018,1
"LOC101928894","LOC101928894",0.0671891293624752,-0.485835110442151,0.023,0.034,1
"TBC1D24","TBC1D24",0.06719996179492,0.953361274425765,0.013,0.007,1
"DHRS4","DHRS4",0.0672149732895734,0.380914021831656,0.105,0.086,1
"LTBP3","LTBP3",0.0672248247195835,-0.137128098711874,0.337,0.363,1
"ENSG00000248693","ENSG00000248693",0.0672519706508148,-0.83981163359783,0.007,0.014,1
"STRADA","STRADA",0.0672519706508148,-0.969449994389824,0.007,0.014,1
"AADAT","AADAT",0.0673144233389133,-0.338756652158635,0.092,0.112,1
"ENSG00000258646","ENSG00000258646",0.0673463948713276,0.418915341161497,0.05,0.037,1
"ENSG00000230826","ENSG00000230826",0.0673500081402394,1.00510850686262,0.013,0.007,1
"SHISA4","SHISA4",0.0673858829674465,-0.251170668686013,0.27,0.296,1
"PLEKHM2","PLEKHM2",0.0674339495706233,0.15853715199249,0.357,0.324,1
"RAD51B","RAD51B",0.0674415820202949,-0.10661816197768,0.903,0.906,1
"ENSG00000232348","ENSG00000232348",0.0674760885758683,0.248972362250911,0.052,0.038,1
"ENSG00000228786","ENSG00000228786",0.0675100826268245,-0.518526145859465,0.02,0.031,1
"TMEM11","TMEM11",0.0675106037429392,0.209421913346866,0.121,0.099,1
"ELP6","ELP6",0.067534202280787,-0.157568715498634,0.21,0.241,1
"CES2","CES2",0.0675778292855493,-0.342598830675843,0.134,0.155,1
"ZNF689","ZNF689",0.0676475086305133,0.354818895648971,0.053,0.039,1
"TMLHE-AS1","TMLHE-AS1",0.0676664584295947,-0.440894521740872,0.101,0.12,1
"ENSG00000272374","ENSG00000272374",0.0676746764581649,-0.275338000326602,0.022,0.033,1
"XYLB","XYLB",0.0677460793850676,-0.156660901556068,0.265,0.294,1
"L3MBTL1","L3MBTL1",0.0677931772660275,0.223344215385709,0.254,0.228,1
"ENSG00000232386","ENSG00000232386",0.0677994877826314,0.353899941979317,0.117,0.097,1
"STK17A","STK17A",0.0678251819645629,0.411481666140252,0.044,0.031,1
"TMEM9","TMEM9",0.0678612878801267,0.180629032957428,0.156,0.131,1
"ENSG00000277969","ENSG00000277969",0.0679151393587263,0.765315685494813,0.013,0.007,1
"STK24","STK24",0.0679430578730691,0.22533754907312,0.176,0.152,1
"GABPB1","GABPB1",0.067965345241462,0.152950661202246,0.369,0.338,1
"PLEKHM1","PLEKHM1",0.0680440488288971,0.178047660184111,0.402,0.369,1
"ARF6","ARF6",0.0680570700213832,0.201652386023123,0.138,0.114,1
"SBNO1-AS1","SBNO1-AS1",0.0681559705374219,-0.481796762303779,0.023,0.034,1
"SMIM14-DT","SMIM14-DT",0.0681890532795129,-0.372626963631116,0.104,0.124,1
"NAE1","NAE1",0.0683283494673352,-0.208254902998909,0.356,0.376,1
"PLK3","PLK3",0.0683646422957837,-0.519952977703193,0.026,0.037,1
"IPP","IPP",0.0684684383081049,-0.194050025683018,0.178,0.204,1
"KBTBD2","KBTBD2",0.0685373540704518,0.113832793455072,0.424,0.392,1
"ENSG00000268191","ENSG00000268191",0.0686426973524918,0.589546794843353,0.028,0.018,1
"ZNF16","ZNF16",0.0686665490166032,-0.384399142952857,0.082,0.1,1
"ENSG00000231901","ENSG00000231901",0.0687711752089153,0.419753315806505,0.063,0.048,1
"OR2L3","OR2L3",0.0687768916552868,0.470545265083833,0.14,0.12,1
"SCN11A","SCN11A",0.0688159436259341,-0.540215794220184,0.035,0.048,1
"CPB2-AS1","CPB2-AS1",0.0688173396296208,-0.100760125996023,0.824,0.842,1
"ADAT2","ADAT2",0.0688348747518425,-0.498059455280752,0.055,0.071,1
"CNOT8","CNOT8",0.0688593854312414,0.109967121053577,0.263,0.234,1
"ZNF596","ZNF596",0.0688847135820834,-0.160346275351479,0.14,0.165,1
"LYRM9","LYRM9",0.0689537250087145,0.596361994374893,0.034,0.023,1
"C5orf22","C5orf22",0.0689805226567122,0.227049138380051,0.216,0.191,1
"ZNF475","ZNF475",0.0690773236312278,0.401820450351241,0.023,0.014,1
"ZSCAN2","ZSCAN2",0.0691305724877427,0.586225642467094,0.047,0.034,1
"MTNAP1","MTNAP1",0.0692026574107695,-0.20309718831935,0.095,0.116,1
"G0S2","G0S2",0.0692218856447313,0.519952635979399,0.028,0.018,1
"CCDC154","CCDC154",0.0692303940647454,-0.166668929832008,0.039,0.054,1
"ADAM28","ADAM28",0.069256853810409,-0.188958792672377,0.078,0.097,1
"MMP16","MMP16",0.0693642575443127,-0.587341212846481,0.014,0.023,1
"MMADHC","MMADHC",0.0694099219870527,0.170026810269355,0.21,0.184,1
"CSNK2A2IP","CSNK2A2IP",0.0694142729322164,-0.957140775262759,0.01,0.018,1
"ATG12","ATG12",0.0694967377929346,-0.12858674882563,0.398,0.423,1
"DNAH10","DNAH10",0.0695497654303354,-0.282445485673196,0.165,0.19,1
"ENSG00000234281","ENSG00000234281",0.0695940238462072,0.110446202170325,0.247,0.216,1
"LOC107984827","LOC107984827",0.0696508662886857,0.971048667600336,0.02,0.012,1
"MORC4","MORC4",0.0696680129381773,0.20600924414847,0.155,0.132,1
"ATAD1","ATAD1",0.0696998624815225,-0.170135900935658,0.376,0.399,1
"CMTM6","CMTM6",0.0697096260871107,0.322803246217894,0.124,0.104,1
"H2BC4","H2BC4",0.0698449737402492,0.431022332488452,0.068,0.052,1
"AMDHD1","AMDHD1",0.0698702685704919,-0.619744429339164,0.029,0.041,1
"LTN1","LTN1",0.0700555156149194,-0.133959715789173,0.509,0.529,1
"ENSG00000250390","ENSG00000250390",0.0700822484705015,-0.586984179535177,0.01,0.018,1
"ZFAS1","ZFAS1",0.0700862578241221,0.154925701026613,0.304,0.276,1
"ZNF257","ZNF257",0.0700901102618915,-0.274512584359092,0.085,0.105,1
"TM9SF4","TM9SF4",0.0702063664303071,0.103007060121862,0.434,0.395,1
"EPAS1","EPAS1",0.0703060757877014,1.37417268070596,0.01,0.018,1
"ZNF470","ZNF470",0.0703180838246653,0.214722243704593,0.155,0.131,1
"GOT1-DT","GOT1-DT",0.0703491123460461,-0.254010031142732,0.094,0.114,1
"TMEM74","TMEM74",0.0703618387348158,0.425412634061682,0.023,0.014,1
"CC2D1B","CC2D1B",0.0704137939670144,0.162441691372512,0.222,0.194,1
"MIX23","MIX23",0.0704229298336646,-0.140966081184887,0.113,0.135,1
"RAD9B","RAD9B",0.0704940173978034,-0.434188288735735,0.026,0.038,1
"ZNF836","ZNF836",0.070553332315661,0.298485070179118,0.077,0.06,1
"ZNF2","ZNF2",0.0705546357156172,0.387701103694372,0.093,0.075,1
"WDR91","WDR91",0.070629298202112,0.29641654350512,0.084,0.066,1
"GPATCH3","GPATCH3",0.0706411710879328,-0.511739693807055,0.054,0.069,1
"ENSG00000278630","ENSG00000278630",0.0706972760767375,1.15535115505508,0.017,0.009,1
"RBPMS","RBPMS",0.0707104750855282,-0.928147810365322,0.012,0.021,1
"ZNF776","ZNF776",0.0707327235759067,0.226201691027972,0.072,0.056,1
"AGAP6","AGAP6",0.0708438751035452,0.184247819804996,0.328,0.302,1
"ANKRD54","ANKRD54",0.0709865999232063,-0.222404034023763,0.175,0.199,1
"ENSG00000255672","ENSG00000255672",0.0710741323349437,0.844243691252916,0.017,0.009,1
"ENSG00000237585","ENSG00000237585",0.0710778836752324,-0.43988376757411,0.041,0.055,1
"ASXL2","ASXL2",0.0710795809554343,0.103962922746809,0.645,0.623,1
"RBM38","RBM38",0.0712333114779876,0.364496977692783,0.061,0.046,1
"ENSG00000235749","ENSG00000235749",0.0712776314818919,-0.732856290953086,0.026,0.038,1
"BRPF3","BRPF3",0.0713194771590343,0.230210142481047,0.148,0.125,1
"ERO1B","ERO1B",0.0714623184669217,0.130254022504443,0.35,0.316,1
"ARL2-SNX15","ARL2-SNX15",0.0718327858390917,0.755427320765094,0.017,0.009,1
"ZNF737","ZNF737",0.0718460801330273,0.199399925845667,0.297,0.271,1
"ITGAL","ITGAL",0.0718589555032038,0.844899531743361,0.03,0.02,1
"RPUSD3","RPUSD3",0.0718774564418388,0.168916901476265,0.114,0.093,1
"PIP5K1C","PIP5K1C",0.0719012741955494,0.157114512926144,0.168,0.143,1
"ENSG00000268401","ENSG00000268401",0.0719387992477901,-0.762871230531694,0.015,0.024,1
"ASTN1","ASTN1",0.0721012639823436,0.101422223745566,0.413,0.375,1
"LINC00940","LINC00940",0.0721860969975392,-0.371078959872222,0.073,0.09,1
"SLC30A7","SLC30A7",0.0722012956053976,-0.131922340333658,0.384,0.41,1
"EPHA3","EPHA3",0.0722576093968764,-0.732653549397714,0.042,0.056,1
"ENSG00000253932","ENSG00000253932",0.0723886902917312,0.55049918079856,0.017,0.009,1
"ENSG00000230839","ENSG00000230839",0.072680415636981,-0.577272826214997,0.015,0.024,1
"ELOA","ELOA",0.0726996831951031,0.343680715828909,0.218,0.192,1
"ZNF808","ZNF808",0.0727980954537151,0.316069735066361,0.122,0.101,1
"NRSN2-AS1","NRSN2-AS1",0.072846994606899,0.356884348437557,0.04,0.028,1
"FAHD1","FAHD1",0.072862808909831,0.240787139636751,0.142,0.118,1
"ENSG00000228084","ENSG00000228084",0.0729280800237834,1.11157510424472,0.026,0.016,1
"P2RY12","P2RY12",0.0729445500349152,0.32644148696506,0.096,0.078,1
"SRSF2","SRSF2",0.0730236240109028,-0.20086625059161,0.366,0.387,1
"RFPL3S","RFPL3S",0.0730823166844791,-0.686164937606666,0.021,0.032,1
"TMEM191C","TMEM191C",0.0731889895163192,-0.888101813586863,0.019,0.029,1
"ENSG00000272667","ENSG00000272667",0.0732025877890872,0.449842600517375,0.068,0.052,1
"FARSA","FARSA",0.0732596652506154,0.269261810000035,0.174,0.15,1
"PTGER4P2-CDK2AP2P2","PTGER4P2-CDK2AP2P2",0.0732775862088738,-0.405486501914941,0.021,0.032,1
"SLC39A1","SLC39A1",0.073348144412034,0.283820342007013,0.117,0.097,1
"CHFR","CHFR",0.0735006081198076,0.132897546169339,0.551,0.516,1
"MAP2K2","MAP2K2",0.0735093345002664,0.141668630379703,0.506,0.483,1
"NEK6","NEK6",0.07355653869345,-0.215928774414215,0.082,0.101,1
"ENSG00000267063","ENSG00000267063",0.0735816851538802,0.267767368982663,0.017,0.009,1
"SP140L","SP140L",0.073639693664244,-0.679923894368413,0.03,0.042,1
"CCDC178","CCDC178",0.0736709444708932,0.356439520919308,0.028,0.018,1
"P3H2","P3H2",0.073673070349364,0.243294304842269,0.223,0.197,1
"ENSG00000236358","ENSG00000236358",0.0736864996451082,0.191859248365168,0.113,0.093,1
"FCHO2","FCHO2",0.0738527371022037,-0.11377603338278,0.404,0.432,1
"GSG1L","GSG1L",0.0739061387442352,-0.433647301271569,0.015,0.024,1
"ZNF107","ZNF107",0.0740556571497559,0.154925047489017,0.312,0.282,1
"MB21D2","MB21D2",0.0740588890759911,-0.14939943715228,0.229,0.258,1
"ENSG00000258214","ENSG00000258214",0.0740724148286322,-0.449933516968133,0.035,0.048,1
"VANGL2","VANGL2",0.0740882460207084,0.439683044521865,0.058,0.044,1
"ATP5F1C","ATP5F1C",0.0740955436450875,0.126722301304388,0.364,0.333,1
"CDR2L","CDR2L",0.074096305593114,0.101061233181424,0.36,0.329,1
"PPFIA1","PPFIA1",0.0741246770558906,-0.117385584023576,0.577,0.599,1
"NT5C3B","NT5C3B",0.0741263885819758,0.295836773778265,0.097,0.078,1
"ENSG00000265394","ENSG00000265394",0.0741799787274777,0.658491839023355,0.025,0.016,1
"PSMC3IP","PSMC3IP",0.0742675554557732,0.42923624674413,0.034,0.023,1
"LOC105374338","LOC105374338",0.0744328971782975,0.226083142248516,0.02,0.012,1
"ENSG00000258386","ENSG00000258386",0.0744644531677454,0.641101450791221,0.025,0.016,1
"SPOCD1","SPOCD1",0.0745020693767537,-0.4766913959331,0.05,0.065,1
"ERCC3","ERCC3",0.074518684383146,-0.20790694932387,0.267,0.29,1
"DNAH6","DNAH6",0.0745221620676023,-0.422874115123393,0.057,0.073,1
"ENSG00000231187","ENSG00000231187",0.0745605970504115,0.489312717975526,0.088,0.071,1
"UBE2H","UBE2H",0.0746442885920344,-0.101308037851147,0.699,0.717,1
"FKBP8","FKBP8",0.0746582566076395,0.123937238418692,0.613,0.607,1
"ENSG00000280109","ENSG00000280109",0.0746678539363197,1.2828927689053,0.011,0.005,1
"SLC52A1","SLC52A1",0.074679285451549,0.951827758841657,0.014,0.007,1
"ENSG00000284664","ENSG00000284664",0.0746833829923363,-0.74754335044513,0.009,0.016,1
"UBE3C","UBE3C",0.0746968173933519,0.100809506781287,0.767,0.747,1
"ZC3HAV1","ZC3HAV1",0.0747210646757418,-0.290856989554268,0.124,0.145,1
"ORAI1","ORAI1",0.0747273217163522,0.40494979621615,0.047,0.034,1
"PLCXD3","PLCXD3",0.0747583953497032,1.03429712094441,0.014,0.007,1
"ENSG00000258317","ENSG00000258317",0.0747632395461894,0.77334059185338,0.021,0.012,1
"PIERCE2","PIERCE2",0.0748069984344632,0.708355957795969,0.025,0.016,1
"ENSG00000231104","ENSG00000231104",0.0749941297500685,0.368745489765451,0.053,0.039,1
"EIF5A2","EIF5A2",0.0750635102991988,0.333323335751107,0.144,0.121,1
"GABRR2","GABRR2",0.0750755197382422,0.935285826125832,0.014,0.007,1
"RNF157-AS1","RNF157-AS1",0.0751549722371047,0.721739459843933,0.014,0.007,1
"CCDC186","CCDC186",0.0751605513069889,0.239415000651425,0.283,0.262,1
"ENSG00000250015","ENSG00000250015",0.0751805864215431,0.915676491318883,0.017,0.01,1
"CYCS","CYCS",0.0752065350812012,0.134576099399,0.242,0.212,1
"ENSG00000236528","ENSG00000236528",0.075271342209534,0.299051802405214,0.029,0.019,1
"SLC1A3-AS1","SLC1A3-AS1",0.0752997417681734,-1.16787205683195,0.011,0.019,1
"ENSG00000273367","ENSG00000273367",0.0753333169441144,0.588092683656146,0.021,0.012,1
"TMEM127","TMEM127",0.0753377543944024,0.222584523172735,0.143,0.121,1
"NDUFAF2","NDUFAF2",0.0754398025299452,0.123461501642085,0.552,0.512,1
"ENSG00000272582","ENSG00000272582",0.0754435759783628,0.292015916130243,0.029,0.019,1
"ENSG00000249307","ENSG00000249307",0.0754932036507357,0.183805868392376,0.319,0.29,1
"MAP2K7","MAP2K7",0.075535882093884,0.124185728128775,0.323,0.295,1
"SETD9","SETD9",0.0756156729067445,-0.446993364909422,0.086,0.105,1
"OPA1-AS1","OPA1-AS1",0.0756862257378636,0.560933033538581,0.03,0.02,1
"ENSG00000259088","ENSG00000259088",0.0757124633577817,0.500804764897246,0.03,0.02,1
"ATP2A1-AS1","ATP2A1-AS1",0.075713063971022,0.444652923525862,0.014,0.007,1
"CDC25B","CDC25B",0.0758493562191981,0.32744913556192,0.122,0.101,1
"ANK2-AS1","ANK2-AS1",0.0759149120721458,-0.353439264935127,0.077,0.094,1
"CWF19L2","CWF19L2",0.0759194079885578,0.130908357056086,0.592,0.567,1
"LRRC75B","LRRC75B",0.0759198545053922,-0.612391125630489,0.039,0.053,1
"MXRA7","MXRA7",0.0759290204776923,-0.203013215660187,0.129,0.153,1
"LINC02133","LINC02133",0.0759902870537194,1.01356327817437,0.017,0.01,1
"ENSG00000230379","ENSG00000230379",0.076160829350385,0.872494964835482,0.011,0.005,1
"BATF3","BATF3",0.0762592351234441,0.646533652210545,0.021,0.012,1
"PISD","PISD",0.0762768520449181,0.135620339944639,0.274,0.241,1
"TNFAIP8L1","TNFAIP8L1",0.0763339370153106,0.911899489814354,0.021,0.013,1
"PAXIP1","PAXIP1",0.0763339762552893,-0.203123440329888,0.23,0.256,1
"MEIS1-AS2","MEIS1-AS2",0.0764583691600407,0.354164280922877,0.04,0.028,1
"DYRK3","DYRK3",0.0765933226394022,0.751994667977707,0.017,0.01,1
"CRYBG3","CRYBG3",0.0766081725279843,0.136921481427998,0.86,0.859,1
"MYO16","MYO16",0.0766337665911441,0.436269791435913,0.119,0.099,1
"ACOT1","ACOT1",0.0768015268209455,0.404786367907887,0.011,0.005,1
"MAPK4","MAPK4",0.0768115034162145,-0.945668841968591,0.023,0.033,1
"ATRIP","ATRIP",0.0770163514718318,-0.547880021099502,0.055,0.071,1
"MEIOC","MEIOC",0.0770442597243658,0.736738980569788,0.026,0.016,1
"PTDSS2","PTDSS2",0.0770721943393454,0.122098085059452,0.37,0.337,1
"ALDH9A1","ALDH9A1",0.0771184645081553,0.106037241482607,0.296,0.271,1
"ZNF121","ZNF121",0.0771500943254293,0.139062568027662,0.21,0.18,1
"ENSG00000259647","ENSG00000259647",0.0771670020973583,0.388612374246366,0.03,0.02,1
"HPSE2","HPSE2",0.0772173289301173,0.367737542972113,0.068,0.053,1
"FHIP1B","FHIP1B",0.0772879942317805,-0.269103606348269,0.132,0.154,1
"ENSG00000260905","ENSG00000260905",0.0775290741850389,-0.908464548666545,0.008,0.014,1
"CTDP1-DT","CTDP1-DT",0.077712255057923,-0.327309148976052,0.049,0.064,1
"MARCHF2","MARCHF2",0.0777577698545491,-0.16903363611569,0.328,0.353,1
"EVI5","EVI5",0.0777601478858006,-0.170230159201647,0.699,0.697,1
"ZNF180","ZNF180",0.0777895791575799,0.348923505785464,0.109,0.09,1
"SNU13","SNU13",0.0778018111450093,0.118538833669716,0.349,0.32,1
"OSGIN2","OSGIN2",0.0778127330871048,0.250784368982893,0.147,0.125,1
"CDCA8","CDCA8",0.0779248415717084,0.531238159952934,0.03,0.02,1
"ENSG00000255517","ENSG00000255517",0.0779542257799995,-0.763338183304362,0.013,0.022,1
"ENTREP1","ENTREP1",0.0779648221790467,-0.879790735430971,0.008,0.014,1
"MYO1A","MYO1A",0.0780329375379085,0.525654015230335,0.06,0.046,1
"NPIPB6","NPIPB6",0.0780842933286894,0.336689993005405,0.076,0.059,1
"MANEAL","MANEAL",0.0780925426517075,0.62951098275532,0.036,0.025,1
"CHODL","CHODL",0.0781395113020328,-0.370663332087534,0.199,0.222,1
"NKPD1","NKPD1",0.0781765745588564,-0.832008783458251,0.013,0.022,1
"MXD1","MXD1",0.0781925787353267,0.169084494570661,0.319,0.292,1
"ACTMAP","ACTMAP",0.0782457602550393,0.369354268325413,0.057,0.042,1
"YIF1A","YIF1A",0.0782565795030227,0.14759071665167,0.213,0.186,1
"ENSG00000272312","ENSG00000272312",0.0782808661487144,0.272165422728915,0.017,0.01,1
"ENSG00000255418","ENSG00000255418",0.0783485019691529,-0.528503269787858,0.034,0.046,1
"IBA57","IBA57",0.0783713899258998,0.321371473316211,0.1,0.081,1
"MOSMO","MOSMO",0.0783933363878562,0.125631598844127,0.502,0.465,1
"MX2","MX2",0.0783997332114906,-1.6189415822009,0.005,0.01,1
"MPV17","MPV17",0.0786257676819405,0.122063556200928,0.28,0.252,1
"U2AF2","U2AF2",0.0786353688769457,0.121154405871006,0.238,0.21,1
"RNF44","RNF44",0.0786725736352597,0.338904582065576,0.101,0.083,1
"BNIP1","BNIP1",0.0787253407786589,-0.371443489411228,0.085,0.103,1
"ZKSCAN7-AS1","ZKSCAN7-AS1",0.0787472286433155,-0.201948485523017,0.246,0.273,1
"ENSG00000272677","ENSG00000272677",0.0787598354472336,-0.503571709960565,0.073,0.09,1
"ENSG00000253766","ENSG00000253766",0.0787612956583142,-0.435460441803044,0.091,0.11,1
"EML6","EML6",0.0788436042927944,-0.262336762068971,0.205,0.23,1
"NCL","NCL",0.0788495671484208,-0.117359793948284,0.352,0.38,1
"HECTD1","HECTD1",0.078849673568897,-0.109656002773023,0.712,0.715,1
"MPZL1","MPZL1",0.0789932516116968,0.589477118037038,0.044,0.031,1
"ENSG00000261848","ENSG00000261848",0.0791086602597556,-1.19294401041836,0.006,0.012,1
"SVBP","SVBP",0.0791553102573236,-0.401844527101832,0.093,0.112,1
"HSD17B3","HSD17B3",0.0793049717914584,-0.913020979707635,0.006,0.012,1
"SLC37A4","SLC37A4",0.0793134854679653,0.480991672036509,0.03,0.02,1
"RIC1","RIC1",0.0793767911797307,0.105987723754416,0.477,0.442,1
"PDXP-DT","PDXP-DT",0.079406520877399,-1.40813579772188,0.005,0.01,1
"NIF3L1","NIF3L1",0.0794117146989866,0.109629878588689,0.097,0.078,1
"ENSG00000268093","ENSG00000268093",0.079531874700765,0.61531397939009,0.026,0.017,1
"SLC35A5","SLC35A5",0.0796464299588992,0.109540892380073,0.361,0.33,1
"ANOS1","ANOS1",0.079654033174045,0.39163650716597,0.062,0.047,1
"TMEM139","TMEM139",0.0796821487341407,0.13888325911611,0.15,0.127,1
"ENSG00000254267","ENSG00000254267",0.0796827153866101,0.712769003961808,0.021,0.013,1
"CCR3","CCR3",0.0796960960454677,-1.24689825813157,0.005,0.01,1
"SMN1.1","SMN1.1",0.0797682377953659,-0.509840782395472,0.008,0.014,1
"EARS2","EARS2",0.0797781737645023,0.186088537986828,0.119,0.097,1
"ADCY6","ADCY6",0.0798760810375009,-0.249128242732943,0.084,0.103,1
"ENSG00000225610","ENSG00000225610",0.0798799583282081,0.384555777064679,0.03,0.02,1
"DTD1-AS1","DTD1-AS1",0.0798896250997111,-1.04907940707503,0.005,0.01,1
"SCRN3","SCRN3",0.0799576496447993,-0.199282510004027,0.309,0.332,1
"IRAK4","IRAK4",0.0800060613760468,-0.173036629368727,0.203,0.23,1
"ACBD3","ACBD3",0.0800595001475223,-0.226174071430843,0.304,0.329,1
"SLC2A13","SLC2A13",0.08009114194224,-0.956533819825933,0.039,0.053,1
"CNEP1R1","CNEP1R1",0.0801472137501496,-0.225120540932577,0.116,0.138,1
"ODF2L","ODF2L",0.0801715073359841,-0.13963840058314,0.574,0.576,1
"LOC124900217","LOC124900217",0.080176536159428,-0.60022785750431,0.025,0.036,1
"PAQR7","PAQR7",0.0801999611592179,-0.432739926956755,0.058,0.074,1
"CD2BP2","CD2BP2",0.0802990762193018,0.154218868773935,0.2,0.174,1
"TRPV4","TRPV4",0.0803145309088438,-0.734172120395763,0.006,0.012,1
"METTL4","METTL4",0.0803303581977859,0.178764572889605,0.306,0.278,1
"ZNF131","ZNF131",0.0803447345191977,-0.109497217812322,0.559,0.578,1
"SLC25A26","SLC25A26",0.0805314122997157,0.116868264898901,0.571,0.541,1
"ATXN10","ATXN10",0.0805903258242287,0.105069110230755,0.818,0.801,1
"ENSG00000274922","ENSG00000274922",0.0806238521095406,-0.752852386034804,0.006,0.012,1
"MCU","MCU",0.0806473035196067,0.124535832895615,0.268,0.237,1
"LINC02492","LINC02492",0.0806675580376996,-0.95036854024494,0.005,0.01,1
"ZYX","ZYX",0.0806786370188819,0.233804286215144,0.088,0.071,1
"MDH1","MDH1",0.0807147320049339,0.124187060567882,0.379,0.352,1
"ITGB2","ITGB2",0.0807567141824763,-0.352869570021743,0.006,0.012,1
"DCAF13","DCAF13",0.0808253788182027,-0.216324741523459,0.144,0.166,1
"PCYOX1","PCYOX1",0.0808558919367026,0.158502131285824,0.301,0.272,1
"ENSG00000267072","ENSG00000267072",0.0808640298738628,0.248462302179211,0.08,0.063,1
"ZNF331","ZNF331",0.0809083226744304,0.186365681891504,0.337,0.311,1
"ENSG00000263655","ENSG00000263655",0.0809439617673,-0.744004701854058,0.018,0.027,1
"PIK3C2G","PIK3C2G",0.0809461887758022,0.468345054531198,0.021,0.013,1
"ZNF226","ZNF226",0.0809591678065966,-0.161822769900986,0.359,0.384,1
"CFLAR-AS1","CFLAR-AS1",0.0809888013445848,0.367148127506844,0.031,0.021,1
"OR2M3","OR2M3",0.0810938570258478,1.01134387778239,0.018,0.01,1
"PCDH7","PCDH7",0.081159244638581,-0.925411288275146,0.026,0.037,1
"DRC11","DRC11",0.081177649338189,0.359397698784639,0.021,0.013,1
"IQCH","IQCH",0.0811990844567346,-0.403627084393132,0.104,0.122,1
"TEP1","TEP1",0.0813915028701384,-0.402676469019416,0.065,0.082,1
"ENSG00000231024","ENSG00000231024",0.0816564954571904,-0.402990885108406,0.015,0.024,1
"PPP1R2","PPP1R2",0.0816924475587833,-0.17924976519443,0.18,0.205,1
"OPN3","OPN3",0.0816981495865361,-0.208982508783069,0.059,0.076,1
"SLC9C1","SLC9C1",0.0817364772084982,-0.540177168752508,0.006,0.012,1
"HDGF","HDGF",0.0817908492986261,0.116871044821733,0.308,0.278,1
"ENSG00000230131","ENSG00000230131",0.0819194340380259,0.868115233467717,0.022,0.014,1
"LINC00243","LINC00243",0.0819344108345352,0.806904753354758,0.018,0.01,1
"ENSG00000249319","ENSG00000249319",0.0819406098745835,0.39644216656347,0.109,0.09,1
"APOC1","APOC1",0.0820078352198356,0.847940431834274,0.018,0.01,1
"ENSG00000249806","ENSG00000249806",0.0820863020748106,-0.649980391185379,0.023,0.033,1
"TSSK6","TSSK6",0.082108869277372,0.175236254057902,0.021,0.013,1
"RPA3","RPA3",0.0821266690915426,0.302534423776631,0.118,0.099,1
"SLAIN2","SLAIN2",0.082141337902166,-0.106597505332016,0.368,0.395,1
"ACLY","ACLY",0.0821731225711324,0.163004698674152,0.269,0.242,1
"ENSG00000254539","ENSG00000254539",0.0822663309267042,0.372472957782226,0.031,0.021,1
"ENSG00000248265","ENSG00000248265",0.0823484270393771,0.259377399155391,0.031,0.021,1
"CACHD1","CACHD1",0.082386648432085,-0.807224144342275,0.01,0.017,1
"RNFT1-DT","RNFT1-DT",0.0825431282759015,0.57893197811203,0.022,0.014,1
"CCDC15","CCDC15",0.082543924726247,-0.235755085673168,0.055,0.071,1
"GLYATL1-AS1","GLYATL1-AS1",0.0825575893462248,0.899710626738625,0.015,0.008,1
"TMEM169","TMEM169",0.082610070851203,-0.330896271316383,0.155,0.178,1
"LSM8","LSM8",0.0827114575809995,0.201720842639493,0.216,0.191,1
"ENSG00000275759","ENSG00000275759",0.0827657711075467,0.376185163578545,0.015,0.008,1
"FAM3C","FAM3C",0.0828389899850379,0.178227374940424,0.258,0.229,1
"TUBGCP6","TUBGCP6",0.0828535332367343,0.157906048774418,0.147,0.124,1
"ENSG00000272555","ENSG00000272555",0.0828908842506966,0.672273690880232,0.015,0.008,1
"PSG9","PSG9",0.0829166738891402,-0.966667605808466,0.01,0.017,1
"ZNF442","ZNF442",0.0829801481668348,-0.528700360651127,0.023,0.033,1
"ENSG00000274363","ENSG00000274363",0.0830306095003082,-0.621788620509993,0.01,0.017,1
"ELF4","ELF4",0.0830579401352473,0.743145406753579,0.015,0.008,1
"IPO4","IPO4",0.0830784978875616,0.477394981139304,0.018,0.01,1
"CABYR","CABYR",0.0831089623553285,0.193534214371438,0.149,0.127,1
"MPI","MPI",0.0831198589177563,0.152567971852922,0.162,0.139,1
"SLC25A14","SLC25A14",0.0832531844448514,-0.214399400966033,0.057,0.073,1
"HLA-F","HLA-F",0.0833090353369035,0.772111888501117,0.015,0.008,1
"ATG9A","ATG9A",0.0833111315633576,0.46563258194072,0.031,0.021,1
"CUL3","CUL3",0.0833661614712624,-0.104240276516,0.625,0.654,1
"FRG1","FRG1",0.0834171519677769,0.239657946728849,0.233,0.206,1
"FAM47E-STBD1","FAM47E-STBD1",0.0835025219144566,0.322484948286798,0.053,0.039,1
"DPCD","DPCD",0.0835409108911319,-0.894809394324286,0.014,0.022,1
"SPINK5","SPINK5",0.0835621126682509,0.464823790223481,0.018,0.01,1
"H1-4","H1-4",0.0837387728714962,-0.875673545718033,0.014,0.022,1
"TIPRL","TIPRL",0.0837425964039696,-0.286481840430644,0.218,0.241,1
"ENSG00000228351","ENSG00000228351",0.0837560732087093,-0.586459035288578,0.028,0.04,1
"NDST3","NDST3",0.0837717867291171,-1.24488746794349,0.014,0.022,1
"ENSG00000231772","ENSG00000231772",0.083786087156364,0.682136618530341,0.018,0.01,1
"EOLA1-DT","EOLA1-DT",0.0837958914240177,-0.661968819840596,0.021,0.031,1
"FH","FH",0.083806075710032,-0.25148440979995,0.123,0.144,1
"TMEM69","TMEM69",0.0841068926947061,0.262701219945461,0.158,0.134,1
"DNAJA2-DT","DNAJA2-DT",0.0842155419035697,-0.496403835679977,0.026,0.037,1
"GCA","GCA",0.0842270497816788,0.123371326974007,0.573,0.546,1
"EBF4","EBF4",0.0842725256631482,0.259062340993264,0.099,0.08,1
"EXO5","EXO5",0.0843892102745951,-0.58585957192862,0.023,0.033,1
"ZCCHC14","ZCCHC14",0.084431816852688,0.216982722988932,0.383,0.358,1
"VAMP1","VAMP1",0.0844497168771422,-0.184259219374954,0.355,0.381,1
"ENSG00000270316","ENSG00000270316",0.0844880170910717,0.351306566062157,0.108,0.089,1
"ENSG00000271382","ENSG00000271382",0.0844985480685028,0.587217501272735,0.018,0.01,1
"APEX2","APEX2",0.0845175391120445,0.44362522452387,0.053,0.039,1
"ARID3B","ARID3B",0.0846296573478129,-0.190102805320739,0.159,0.184,1
"ENSG00000254180","ENSG00000254180",0.0846941011689253,-0.326237156522944,0.15,0.169,1
"ENSG00000250195","ENSG00000250195",0.0847577113710274,0.318844930826328,0.216,0.193,1
"SDCBP2","SDCBP2",0.0847622661267628,0.446607050617689,0.018,0.01,1
"ENSG00000234826","ENSG00000234826",0.0848016532469094,-0.718961583891115,0.012,0.02,1
"SNRPA1-DT","SNRPA1-DT",0.0848183279138018,0.28598902227354,0.075,0.059,1
"SPAG17","SPAG17",0.0848708906507296,-0.47425547754986,0.01,0.017,1
"SLC18A2","SLC18A2",0.0848730818882466,-0.782813733873984,0.012,0.02,1
"LOC339260","LOC339260",0.0849159962276323,0.145105374420867,0.143,0.12,1
"SEMA6B","SEMA6B",0.0849469809528014,1.11457707143105,0.012,0.006,1
"MYBPHL","MYBPHL",0.0850433322816723,0.617240693376537,0.05,0.037,1
"IDE","IDE",0.0852162457726263,0.151269142319624,0.334,0.307,1
"ENSG00000267760","ENSG00000267760",0.0852584046632803,-0.4331302499364,0.01,0.017,1
"PLXNA1","PLXNA1",0.0853591965824857,0.191186075797794,0.105,0.086,1
"KCNQ1-AS1","KCNQ1-AS1",0.0853796759532377,0.785076994642023,0.023,0.014,1
"LINC02302","LINC02302",0.0854405354113655,0.361781446079171,0.026,0.017,1
"FAN1","FAN1",0.0854428521138471,0.111675556826844,0.49,0.443,1
"FBXO22","FBXO22",0.085569790673171,-0.152090158186768,0.321,0.348,1
"SH3PXD2B","SH3PXD2B",0.0856399054306975,0.215084002221779,0.589,0.564,1
"BRD1","BRD1",0.0857157010180003,-0.204399755691433,0.289,0.312,1
"ENSG00000266573","ENSG00000266573",0.085734026914203,-0.847522143231598,0.012,0.02,1
"SYCP2L","SYCP2L",0.0858245399545335,0.354863690601034,0.112,0.093,1
"C1QC","C1QC",0.0858609990511529,0.703410685217903,0.012,0.006,1
"RBM15-AS1","RBM15-AS1",0.085945688980872,0.320703037039444,0.065,0.05,1
"FTCD","FTCD",0.0860246271389602,0.284259415813958,0.118,0.098,1
"SVOPL","SVOPL",0.0860948308480625,-0.625771378804715,0.012,0.02,1
"PGBD4","PGBD4",0.0861824407173816,0.234434891437426,0.117,0.096,1
"DUSP19","DUSP19",0.0862098042630064,0.391630769878224,0.053,0.039,1
"SLFNL1","SLFNL1",0.0862779809053255,0.601453904760282,0.032,0.022,1
"NUCB1","NUCB1",0.0863374728741476,0.205493126359808,0.253,0.223,1
"CSNK1A1L","CSNK1A1L",0.0863452437742109,0.823307941128219,0.012,0.006,1
"FAM107A","FAM107A",0.086361121605432,-0.505528166425492,0.029,0.041,1
"GRWD1","GRWD1",0.0863843459222282,0.342769449900493,0.078,0.062,1
"TEX11","TEX11",0.0864468013291417,0.583609248969828,0.033,0.023,1
"GMCL1","GMCL1",0.086478022176134,-0.138332403125394,0.377,0.403,1
"S100A1","S100A1",0.0865367798841792,0.171589235895593,0.759,0.792,1
"FAM218A","FAM218A",0.086538386014822,-0.343482043193784,0.059,0.075,1
"CILK1","CILK1",0.086625749395292,-0.20056107913783,0.348,0.367,1
"ENSG00000265334","ENSG00000265334",0.086688710297161,0.302837705151676,0.144,0.124,1
"WDR54","WDR54",0.0867734994973597,0.334809602047667,0.027,0.018,1
"CYB5R2","CYB5R2",0.0868882729080526,0.225891144377564,0.064,0.049,1
"ISG15","ISG15",0.0869424106811608,-0.576901722481952,0.008,0.015,1
"UQCC5","UQCC5",0.0870172350849451,0.209399951687857,0.227,0.202,1
"LRIG1","LRIG1",0.0870322324113667,-0.189639621594777,0.307,0.333,1
"BMP8B","BMP8B",0.087038664194902,-0.45837557288781,0.012,0.02,1
"ITSN2","ITSN2",0.0870654254693732,0.113738305941879,0.684,0.669,1
"ENSG00000274400","ENSG00000274400",0.0871216584540626,0.656392443808678,0.028,0.018,1
"POU5F1","POU5F1",0.087124621268323,0.542238339280806,0.012,0.006,1
"ENSG00000255471","ENSG00000255471",0.0872400126053766,-0.601884736392234,0.019,0.028,1
"LOC101929566","LOC101929566",0.0873693378248994,0.633224853081262,0.012,0.006,1
"LMNB2","LMNB2",0.0873968629141527,0.232310840321551,0.072,0.056,1
"GABRR1","GABRR1",0.0874038934897227,-0.612396866835733,0.012,0.02,1
"ZC3HC1","ZC3HC1",0.087539350001269,-0.348104737414197,0.129,0.149,1
"USP43","USP43",0.0876185827222129,-0.431474124281032,0.008,0.015,1
"ISG20L2","ISG20L2",0.0876225342058905,0.168287220933868,0.144,0.122,1
"POM121C","POM121C",0.0877267331722883,0.193342081466456,0.574,0.573,1
"SLC67A2","SLC67A2",0.0877346851851332,0.418452209638209,0.046,0.034,1
"RWDD1","RWDD1",0.0877496593550664,0.19236468451957,0.296,0.268,1
"CA3","CA3",0.0878196590493492,0.195581247908396,0.062,0.048,1
"SLC25A22","SLC25A22",0.0878845008610399,0.457378484496298,0.023,0.014,1
"SPTAN1","SPTAN1",0.0879113632725093,0.113967487392404,0.142,0.119,1
"XRCC2","XRCC2",0.0879376305839726,-0.598255021577189,0.026,0.037,1
"POLR3GL","POLR3GL",0.0882442957127054,0.384907083809301,0.055,0.041,1
"APCDD1","APCDD1",0.0883366127600855,0.238575725905476,0.117,0.096,1
"DHX58","DHX58",0.0883927313945081,-0.997712672377144,0.022,0.032,1
"CCDC184","CCDC184",0.0884270424207083,1.16789487720341,0.015,0.008,1
"TTC28","TTC28",0.0885142627611693,-0.115738476636989,0.715,0.731,1
"PRAG1","PRAG1",0.0885585142340165,-0.390292119494692,0.065,0.081,1
"EME2","EME2",0.0886607385608187,0.35908927521411,0.046,0.034,1
"RASSF7","RASSF7",0.0887692401246246,1.0128485069147,0.015,0.008,1
"COL4A3","COL4A3",0.0887965986364177,-0.672466322900602,0.03,0.042,1
"HEBP2","HEBP2",0.0888405525049746,0.509398550670322,0.047,0.035,1
"SNHG32","SNHG32",0.0889199950347107,-0.309750325139795,0.175,0.194,1
"GFM2","GFM2",0.0890435554912321,0.140917088062573,0.281,0.253,1
"TIMM17A","TIMM17A",0.089187475348506,-0.293089365793059,0.113,0.133,1
"PNMA6A","PNMA6A",0.0891984870106924,-0.74744218412595,0.008,0.015,1
"ALDH18A1","ALDH18A1",0.0892219197122282,-0.28167446043797,0.158,0.18,1
"WDR5B-DT","WDR5B-DT",0.0892686192441834,-0.242917851948433,0.178,0.2,1
"FAM53B-AS1","FAM53B-AS1",0.0893182260231137,0.311379429521751,0.062,0.048,1
"ENSG00000256591","ENSG00000256591",0.0893615320636371,-0.182692556490874,0.361,0.386,1
"GLT8D1","GLT8D1",0.0894012538962499,-0.284441971045271,0.118,0.138,1
"TYW1B","TYW1B",0.089678830904964,0.16154525434929,0.481,0.461,1
"KHNYN","KHNYN",0.0897281234852921,0.327225563972121,0.102,0.084,1
"MIDEAS-AS1","MIDEAS-AS1",0.0898081146291688,-0.868246591599807,0.019,0.029,1
"PSKH1","PSKH1",0.0898290230232547,0.162768267369674,0.22,0.195,1
"ETFBKMT","ETFBKMT",0.0898652678823319,-0.358818301091115,0.083,0.101,1
"PNCK","PNCK",0.0899642440287676,-0.350235316634146,0.086,0.103,1
"ZNF567","ZNF567",0.090040838226464,-0.293458067039145,0.108,0.127,1
"GGA3","GGA3",0.0900648888391644,0.12325706731033,0.293,0.259,1
"STARD5","STARD5",0.0901053475387428,-0.516972022716767,0.008,0.015,1
"SPATA9","SPATA9",0.0901575700100695,-0.978810332305375,0.019,0.029,1
"ENSG00000233246","ENSG00000233246",0.0901998898206361,0.334743993729683,0.071,0.056,1
"EDNRA","EDNRA",0.0904160149094357,-0.850845577255305,0.01,0.018,1
"TMEM229A","TMEM229A",0.0904449228747153,0.23062793684016,0.12,0.1,1
"CLEC20A","CLEC20A",0.090454486505238,0.528431053333174,0.019,0.011,1
"MMACHC","MMACHC",0.0905029760572953,-0.238896864539052,0.093,0.112,1
"CTHRC1","CTHRC1",0.0905397863289852,0.827390758580584,0.015,0.008,1
"HSD17B8","HSD17B8",0.090575081828196,-0.626417863762148,0.01,0.018,1
"LRATD2","LRATD2",0.0905980954500072,0.424678966970864,0.048,0.035,1
"NUDT3","NUDT3",0.0906595416158565,0.264414096055007,0.141,0.12,1
"ARL5B","ARL5B",0.0906860680380615,0.185561375027263,0.153,0.131,1
"ENSG00000259481","ENSG00000259481",0.0907313086053916,-0.73114873796448,0.015,0.023,1
"ENSG00000253582","ENSG00000253582",0.0907742319678835,-0.959101047107487,0.01,0.018,1
"PRADC1","PRADC1",0.0908231307192978,0.310138618147386,0.111,0.092,1
"ANKK1","ANKK1",0.0908938910023195,-0.866696306638076,0.01,0.018,1
"ZNF697","ZNF697",0.090932220511117,0.571030999250383,0.015,0.008,1
"C2orf74","C2orf74",0.0909328894605312,0.153595728151259,0.202,0.176,1
"NME6","NME6",0.0909938626116371,0.227137354614391,0.101,0.082,1
"CYP2U1","CYP2U1",0.0911949350270584,-0.397668561574279,0.075,0.091,1
"NOL4","NOL4",0.0913209217130017,-0.624955526301508,0.015,0.023,1
"SEMA6A-AS1","SEMA6A-AS1",0.0913970345999553,0.119022363915553,0.234,0.208,1
"ENSG00000253133","ENSG00000253133",0.0914197942056118,-0.247738672737696,0.029,0.041,1
"UBA6-DT","UBA6-DT",0.0914451158229366,0.171121672859708,0.703,0.693,1
"SLC60A1","SLC60A1",0.0914537139121521,0.551724277188904,0.062,0.048,1
"ENSG00000273448","ENSG00000273448",0.0915243145009658,0.243548571658398,0.139,0.118,1
"ENSG00000270605","ENSG00000270605",0.0915663506663844,-0.748371950677517,0.019,0.029,1
"ELK4","ELK4",0.0916396565335124,0.114784764151621,0.287,0.26,1
"SLC7A7","SLC7A7",0.0918548185756978,-0.892323999611684,0.007,0.013,1
"ASTN2-AS1","ASTN2-AS1",0.0918910029032093,0.916374326185612,0.019,0.012,1
"CLDN20","CLDN20",0.0919249060947289,0.37879453552411,0.039,0.027,1
"ENSG00000223576","ENSG00000223576",0.0919312215291936,0.398079846395856,0.04,0.029,1
"DCAF4L1","DCAF4L1",0.0919680184104729,0.883041545250646,0.019,0.012,1
"PRAF2","PRAF2",0.0920022267182198,0.125217396812631,0.2,0.173,1
"FUNDC2","FUNDC2",0.092091417439405,0.206877634776541,0.219,0.193,1
"DGCR8","DGCR8",0.0921001537399857,-0.224301376150344,0.174,0.197,1
"ENSG00000277611","ENSG00000277611",0.092138947743327,-0.345993876902896,0.073,0.09,1
"OVGP1","OVGP1",0.0921782854414806,-0.622058474993219,0.028,0.039,1
"MPP3","MPP3",0.0922105205603881,0.274839524374568,0.164,0.141,1
"AKAP1","AKAP1",0.0924048005438925,0.151559214596735,0.218,0.192,1
"SLC10A3","SLC10A3",0.0924673599167461,0.325396577098363,0.041,0.029,1
"ZNF142","ZNF142",0.0924909028775967,0.375372488717904,0.124,0.106,1
"ENSG00000272696","ENSG00000272696",0.0925156553559311,0.442405551819087,0.015,0.008,1
"AP5Z1","AP5Z1",0.092875572020055,-0.231269809571755,0.155,0.178,1
"CYP4F22","CYP4F22",0.0930971295545785,-0.910493116951994,0.007,0.013,1
"ACOT9","ACOT9",0.0931160222021287,-0.195559931460659,0.068,0.084,1
"ING4","ING4",0.093145209288761,0.171981872946093,0.286,0.258,1
"SLC9A2","SLC9A2",0.0932665418607109,-0.534681713677482,0.017,0.025,1
"C2CD4D","C2CD4D",0.093279971811328,0.267196602554671,0.078,0.062,1
"VCP","VCP",0.0933179993866657,0.110899938277384,0.544,0.516,1
"ZNF613","ZNF613",0.0935148326844314,0.282241093755949,0.088,0.072,1
"PELI3","PELI3",0.0936095523102335,0.289388630039343,0.028,0.019,1
"SETD6","SETD6",0.0936312868965685,0.371630432261124,0.062,0.048,1
"ENSG00000232682","ENSG00000232682",0.0936750340852435,-0.619998618977438,0.007,0.013,1
"ENSG00000270876","ENSG00000270876",0.0937457480380204,-0.625771904447507,0.015,0.023,1
"ANKZF1","ANKZF1",0.0937601459895281,0.121725800921725,0.291,0.261,1
"ENSG00000253100","ENSG00000253100",0.0937716306717401,-0.76854554590975,0.007,0.013,1
"ENSG00000260425","ENSG00000260425",0.0939166753298909,-0.5271623733682,0.007,0.013,1
"TTC1","TTC1",0.0940133107303133,0.132825826204007,0.558,0.541,1
"PHYHIPL","PHYHIPL",0.0940993532887204,-0.260348384956121,0.52,0.525,1
"OPLAH","OPLAH",0.0942273470503493,-0.411958563824872,0.037,0.05,1
"ENSG00000236800","ENSG00000236800",0.0942621051974136,1.19798176769615,0.012,0.007,1
"NPR2","NPR2",0.0942633981974504,0.538498139597743,0.019,0.012,1
"CASTOR2","CASTOR2",0.0943447637350658,0.214821943211932,0.353,0.326,1
"FNDC7","FNDC7",0.0944177331562139,-0.742854348691022,0.012,0.02,1
"MIS18BP1","MIS18BP1",0.0944770171378355,0.326383012115971,0.134,0.114,1
"CSRNP1","CSRNP1",0.094513407721919,1.01843951500797,0.012,0.007,1
"SHMT2","SHMT2",0.0945293030690283,0.295614912851931,0.068,0.053,1
"ENSG00000235790","ENSG00000235790",0.0945387528737797,0.691683731662068,0.019,0.012,1
"TIRAP","TIRAP",0.0945526964833174,-0.254799209515088,0.041,0.055,1
"LINC03152","LINC03152",0.0945541642766011,-0.288256966667385,0.054,0.069,1
"SHROOM3","SHROOM3",0.0946644468012907,1.15849011194078,0.012,0.007,1
"LINC00624","LINC00624",0.0946969230644242,0.523887791219857,0.079,0.064,1
"NAA20","NAA20",0.0947412089702877,0.193990491225077,0.355,0.327,1
"LRRC17","LRRC17",0.0949200914538206,-0.707041790681019,0.046,0.059,1
"TRAPPC11","TRAPPC11",0.0949623093427037,-0.171076127779032,0.349,0.377,1
"BRIX1","BRIX1",0.0949636304105818,-0.209049880959657,0.128,0.149,1
"ZNF66","ZNF66",0.094979591908124,-0.297611523474962,0.1,0.119,1
"LOC124902013","LOC124902013",0.0949853516523732,0.523977110717097,0.041,0.03,1
"ENSG00000267375","ENSG00000267375",0.0950143447253407,0.986509949694181,0.016,0.009,1
"NOMO3","NOMO3",0.0950416064122352,0.241652723522725,0.086,0.069,1
"JMJD8","JMJD8",0.095052167869875,0.346605316080522,0.082,0.065,1
"GTF3C6","GTF3C6",0.0950879250600413,0.211542033043318,0.18,0.158,1
"CHRNB4","CHRNB4",0.0950913960456082,0.541699601919308,0.019,0.012,1
"ENSG00000203496","ENSG00000203496",0.0952787691379419,1.03803270833515,0.016,0.009,1
"SULF1","SULF1",0.0952962198736312,-1.12597227859378,0.006,0.011,1
"TFB2M","TFB2M",0.0953093812550781,0.368594205490662,0.063,0.049,1
"ENSG00000255639","ENSG00000255639",0.0953155014886578,0.148300012109808,0.189,0.166,1
"SLC5A10","SLC5A10",0.0953211859880665,0.826506937567285,0.012,0.007,1
"MID1","MID1",0.0953342434657948,-0.343722331672697,0.141,0.16,1
"ENSG00000283088","ENSG00000283088",0.0953395355387796,0.225610040739417,0.028,0.019,1
"LOC105372424","LOC105372424",0.0954044085274399,0.389923422120394,0.029,0.02,1
"IER3","IER3",0.0954645631814835,1.50551373406244,0.01,0.005,1
"ENSG00000276445","ENSG00000276445",0.0954732581964448,0.858037066756929,0.012,0.007,1
"ENSG00000275055","ENSG00000275055",0.0954746267306057,0.601319991243716,0.024,0.016,1
"PIP4K2B","PIP4K2B",0.0956964633971555,0.114757178664475,0.389,0.354,1
"EDC3","EDC3",0.0958566161125153,0.139090029259779,0.28,0.251,1
"LIN54","LIN54",0.0959290451710945,-0.111178714240152,0.552,0.58,1
"HTR3E","HTR3E",0.0959424091534697,0.941651134939978,0.016,0.009,1
"ENSG00000264443","ENSG00000264443",0.0959815691085061,0.915266529932794,0.012,0.007,1
"ZNF516","ZNF516",0.0959867830452067,0.844586442741774,0.016,0.009,1
"ZNF497","ZNF497",0.0959964355933965,-0.417456336724419,0.042,0.056,1
"PP2D1","PP2D1",0.0960311733619669,0.924987121940864,0.016,0.009,1
"MAOA","MAOA",0.0960486155179048,-0.830111812317424,0.006,0.011,1
"MED18","MED18",0.0962032966906814,0.333367314970423,0.029,0.02,1
"PRSS27","PRSS27",0.0962104600872805,-0.774956096227212,0.006,0.011,1
"GNL3L","GNL3L",0.0962236363238272,-0.263317158036617,0.073,0.09,1
"LOC101928965","LOC101928965",0.0962274491820837,1.31085106450243,0.01,0.005,1
"ENSG00000228918","ENSG00000228918",0.0963307835334047,-0.481894407799653,0.015,0.023,1
"CHST15","CHST15",0.0963452480721629,1.2029463766336,0.01,0.005,1
"FCGBP","FCGBP",0.0964408988225481,0.688800905960482,0.012,0.007,1
"TRMT13","TRMT13",0.0964560589944134,-0.135063251495048,0.518,0.544,1
"COL4A4","COL4A4",0.0964759807604245,0.981023612532496,0.016,0.009,1
"SLC8B1","SLC8B1",0.0964796449264959,-0.337943424638515,0.1,0.118,1
"MRPL49","MRPL49",0.0964849209086525,0.172624238019144,0.075,0.059,1
"NEK9","NEK9",0.0966807344700331,-0.130458880432912,0.444,0.465,1
"ENSG00000267559","ENSG00000267559",0.0966993371570804,0.87089362869183,0.01,0.005,1
"NCK1-DT","NCK1-DT",0.0967295875692945,0.296773525207742,0.133,0.113,1
"ENSG00000272159","ENSG00000272159",0.0967436554027608,0.711204425500037,0.016,0.009,1
"SEC24C","SEC24C",0.0967603216576521,0.113468791935364,0.291,0.261,1
"ENSG00000213888","ENSG00000213888",0.0968743766869663,-0.86286998182671,0.015,0.024,1
"ARL14EP-DT","ARL14EP-DT",0.0969254646702799,0.428177039355528,0.019,0.012,1
"RAC3","RAC3",0.0969641133901033,0.243113277507694,0.028,0.019,1
"LOC107986178","LOC107986178",0.0971014785689852,-0.71205460390174,0.009,0.016,1
"TNN","TNN",0.0971137558412864,0.793869062113085,0.01,0.005,1
"NBPF20","NBPF20",0.0971263035004662,0.445889910724946,0.051,0.039,1
"S100Z","S100Z",0.0972324216456026,0.891218110845192,0.01,0.005,1
"SBF2-AS1","SBF2-AS1",0.0972539743411563,0.146440055951585,0.055,0.042,1
"SMAD7","SMAD7",0.0972674166996237,-0.146559833259543,0.188,0.214,1
"ENSG00000260007","ENSG00000260007",0.0972807865580079,0.906268970143823,0.016,0.009,1
"ENSG00000266599","ENSG00000266599",0.0972956811792747,0.240450689411046,0.088,0.071,1
"ENSG00000254239","ENSG00000254239",0.0973512033445917,0.684051410956506,0.01,0.005,1
"SERP1","SERP1",0.0974600611326156,0.111336094618378,0.555,0.529,1
"ENSG00000233862","ENSG00000233862",0.097603869763048,-0.29116475224921,0.134,0.154,1
"SHQ1","SHQ1",0.0976104003156978,-0.158648423035376,0.334,0.36,1
"URB2","URB2",0.097658764828578,-0.290269696523746,0.099,0.118,1
"INAFM1","INAFM1",0.0976790475771376,0.396253268921925,0.053,0.041,1
"ENSG00000272688","ENSG00000272688",0.0977302147059918,0.678166636106753,0.016,0.009,1
"ENSG00000225643","ENSG00000225643",0.0978138094240003,-0.66376215714013,0.02,0.029,1
"ENSG00000234160","ENSG00000234160",0.0978653662135226,0.556424382992646,0.016,0.009,1
"ABLIM3","ABLIM3",0.0978670920408967,-0.149366259048336,0.422,0.454,1
"ENSG00000281566","ENSG00000281566",0.0978871571167255,0.652330894734362,0.01,0.005,1
"MRPS27","MRPS27",0.0979321594671295,-0.125649802532972,0.372,0.399,1
"PCSK5","PCSK5",0.0979327478553991,-0.185825029784935,0.031,0.042,1
"BACH1","BACH1",0.0980872593146666,0.226336226667572,0.306,0.282,1
"FOSL2","FOSL2",0.0980909505381376,0.584308339196122,0.016,0.009,1
"MYBL1","MYBL1",0.0981357239793923,-0.337233907425387,0.151,0.169,1
"ENSG00000224220","ENSG00000224220",0.0981575240167484,0.415110103559508,0.041,0.03,1
"DCUN1D2","DCUN1D2",0.0982105681735398,-0.160286799796201,0.416,0.44,1
"CDS1","CDS1",0.098316950047724,0.451244051612458,0.016,0.009,1
"ENSG00000203279","ENSG00000203279",0.0983247013656096,-0.68060516851423,0.035,0.047,1
"MAML2","MAML2",0.0983916013610409,0.119492496370143,0.741,0.723,1
"LOC285638","LOC285638",0.0984412981728691,-0.676163221200409,0.063,0.077,1
"CALCOCO2","CALCOCO2",0.0984636893782565,0.151213104663378,0.433,0.41,1
"ENSG00000184258","ENSG00000184258",0.0985886981853714,0.617222798714153,0.016,0.009,1
"PEX6","PEX6",0.0987592259048664,-0.209493812956776,0.247,0.273,1
"R3HDM1","R3HDM1",0.0987710574381676,-0.106502134475854,0.764,0.767,1
"IDH1-AS1","IDH1-AS1",0.0988156128066792,-0.597070938042932,0.009,0.016,1
"ENSG00000064489","ENSG00000064489",0.098870187636268,-0.359988162111973,0.039,0.051,1
"NIFK-AS1","NIFK-AS1",0.0988742015541848,0.155766485862742,0.386,0.358,1
"SNRPF","SNRPF",0.0988951064652704,0.336518523371196,0.17,0.149,1
"ENSG00000177822","ENSG00000177822",0.0989064953137496,-0.565073985751996,0.009,0.016,1
"SEPTIN11","SEPTIN11",0.0989212805426252,0.124007417436205,0.155,0.133,1
"PRXL2B","PRXL2B",0.0989932453731081,0.201891552272473,0.064,0.05,1
"LOC730183","LOC730183",0.099038428842832,0.367119216519772,0.041,0.03,1
"CSTF1","CSTF1",0.0990800978647453,0.178054878366381,0.117,0.097,1
"CEP20","CEP20",0.0991462536591846,0.154554819869811,0.29,0.263,1
"C7orf25","C7orf25",0.099179543209776,0.742132748925889,0.016,0.009,1
"BID","BID",0.0992565719382785,0.589232704877484,0.024,0.016,1
"ZBTB7B","ZBTB7B",0.0992675323868853,0.1024494798314,0.195,0.169,1
"PDE7B","PDE7B",0.0992710059418494,-0.463385143229105,0.053,0.067,1
"ZC3H3","ZC3H3",0.0993778979414243,0.133688836086027,0.227,0.198,1
"SYNCRIP","SYNCRIP",0.0993898475038011,0.267692156645899,0.086,0.069,1
"C1QBP","C1QBP",0.0993981232836002,0.149944913767682,0.224,0.198,1
"WFDC2","WFDC2",0.0995332077640187,0.255888355788571,0.035,0.024,1
"DAG1","DAG1",0.0995341398311424,0.218750888902572,0.189,0.165,1
"IL12A-AS1","IL12A-AS1",0.0998012782682594,0.245407495522639,0.024,0.016,1
"NLRP14","NLRP14",0.0999084837379092,-0.484247178849634,0.035,0.047,1
"LOC101929609","LOC101929609",0.099922684634729,0.119334739034942,0.05,0.037,1
"LOC105378644","LOC105378644",0.100070342989778,0.771949525309646,0.02,0.012,1
"MIEF2","MIEF2",0.100093079889431,0.288290727026402,0.05,0.038,1
"NOM1","NOM1",0.100096025350135,0.256376668609012,0.169,0.147,1
"AUNIP","AUNIP",0.100231886176354,0.713208634005166,0.02,0.012,1
"ENSG00000267581","ENSG00000267581",0.100476062035822,-0.312737733672325,0.041,0.054,1
"ENSG00000250039","ENSG00000250039",0.100594727717575,-0.717362176188948,0.011,0.018,1
"ENSG00000278834","ENSG00000278834",0.100597304513232,-0.559332174524184,0.013,0.021,1
"PGS1","PGS1",0.10062133837132,0.107543331925498,0.317,0.288,1
"GPS2","GPS2",0.100940141038136,0.183315375876343,0.206,0.182,1
"PPP1R14C","PPP1R14C",0.10097601930657,-0.808931201328147,0.011,0.018,1
"ZNF852","ZNF852",0.101344405346638,0.312609926149099,0.082,0.066,1
"ZNF558","ZNF558",0.10153161977622,0.20525335205943,0.124,0.104,1
"STMN3","STMN3",0.101674576665782,0.226258442444327,0.16,0.139,1
"ENSG00000231236","ENSG00000231236",0.101755661758244,1.06022985823463,0.026,0.017,1
"MARVELD2","MARVELD2",0.101859785397326,0.851968041743658,0.017,0.01,1
"ZNRF2","ZNRF2",0.101936138976115,-0.195723027589013,0.293,0.318,1
"ENSG00000177946","ENSG00000177946",0.101964228194349,0.323394834703621,0.065,0.051,1
"TRERF1","TRERF1",0.102502228498731,-0.36485443807826,0.037,0.05,1
"ZNF862","ZNF862",0.102677363545247,-0.14216978054781,0.383,0.414,1
"NOP14","NOP14",0.102877763249566,0.234395084595149,0.12,0.101,1
"SLC12A6","SLC12A6",0.102887265933488,-0.145320025449142,0.448,0.474,1
"USP49","USP49",0.102899817869999,-0.240368982709136,0.265,0.282,1
"USP7","USP7",0.103059844623082,0.15782869826785,0.354,0.329,1
"SPAST","SPAST",0.103091512054398,-0.10236475203833,0.546,0.566,1
"SARNP","SARNP",0.103121931021605,0.595157338451615,0.037,0.026,1
"ZNF773","ZNF773",0.103168369769736,0.463999523560517,0.054,0.041,1
"ENSG00000277959","ENSG00000277959",0.103234270067759,-1.23971943680266,0.008,0.014,1
"ST6GALNAC4","ST6GALNAC4",0.103255264390692,0.730776700658852,0.021,0.013,1
"SRP72","SRP72",0.103312252481476,-0.125020103554291,0.319,0.348,1
"PRPF6","PRPF6",0.103371653596394,-0.163517310683715,0.368,0.387,1
"CCNT2","CCNT2",0.103444334682357,-0.139645483075479,0.592,0.61,1
"ZNF782","ZNF782",0.103455945430738,0.10622929061393,0.552,0.517,1
"ENSG00000283692","ENSG00000283692",0.103470042332438,-0.264367790173575,0.017,0.026,1
"ZFAND1","ZFAND1",0.103477076068336,-0.190506409016173,0.223,0.246,1
"MOGS","MOGS",0.103489313609073,0.219471472047081,0.094,0.077,1
"DCDC2","DCDC2",0.103502574547226,0.62234939045052,0.017,0.01,1
"ALPK3","ALPK3",0.103632219558808,0.974205879652485,0.013,0.007,1
"ERCC4","ERCC4",0.103652229723414,-0.107191123576418,0.29,0.316,1
"EZH2","EZH2",0.103681106243149,-0.302623899228553,0.045,0.058,1
"LINC02453","LINC02453",0.103791338427913,-0.935873872248436,0.008,0.014,1
"GRIN2C","GRIN2C",0.103791338427913,-1.07510985500688,0.008,0.014,1
"GALNT18","GALNT18",0.103812199307182,-0.208923729725778,0.107,0.126,1
"ACSM1","ACSM1",0.10382443813611,0.692899685600219,0.017,0.01,1
"NARF","NARF",0.103863323650614,-0.172042390331453,0.298,0.323,1
"HMGN5","HMGN5",0.103915373899567,-0.349639933682608,0.083,0.099,1
"TNFSF9","TNFSF9",0.10394656504608,0.574232820621721,0.021,0.013,1
"DHDH","DHDH",0.103946600828273,1.04429062187023,0.013,0.007,1
"CARM1","CARM1",0.103973691796647,-0.159128503805018,0.16,0.183,1
"TRDMT1","TRDMT1",0.103975886604066,-0.258239648970513,0.12,0.139,1
"CHMP3-AS1","CHMP3-AS1",0.103989100020232,0.289959094843254,0.052,0.039,1
"TSPAN2","TSPAN2",0.104051562815836,1.04962169880424,0.013,0.007,1
"FGF12","FGF12",0.104110314780942,0.100852922380761,0.046,0.059,1
"TMEM186","TMEM186",0.104223984305463,0.429761027484252,0.058,0.045,1
"IL6R","IL6R",0.104276674301105,-0.214572391998166,0.1,0.119,1
"ENSG00000273373","ENSG00000273373",0.104320328435703,0.315265312624197,0.067,0.053,1
"ENSG00000236947","ENSG00000236947",0.104350792890966,-1.0318023135878,0.008,0.014,1
"DOK3","DOK3",0.104366954059109,0.940522655319536,0.013,0.007,1
"CCHCR1","CCHCR1",0.104367376912824,0.263062040942845,0.052,0.039,1
"ENSG00000251619","ENSG00000251619",0.104419593008121,0.805885979235851,0.013,0.007,1
"TRAPPC5","TRAPPC5",0.104431792039105,0.474620793542104,0.026,0.017,1
"MT1E","MT1E",0.104450313269233,-0.388753924212554,0.045,0.058,1
"ATP6V1G2","ATP6V1G2",0.104504693103718,0.500143571286702,0.03,0.021,1
"INPP4B","INPP4B",0.104648985840192,-0.125992036990642,0.359,0.388,1
"STRN3","STRN3",0.104726521907826,-0.112141499279378,0.753,0.758,1
"IPO11","IPO11",0.104751465078321,0.119802248572783,0.364,0.333,1
"CEP72","CEP72",0.104752848736609,-0.300719170146575,0.035,0.046,1
"HNRNPA0","HNRNPA0",0.1047832898047,0.150282379079084,0.272,0.245,1
"ERG","ERG",0.1048414640306,0.931158654507397,0.013,0.007,1
"SRSF9","SRSF9",0.104843301153344,0.119629662491876,0.198,0.173,1
"DDB2","DDB2",0.104910059324099,0.166479274621974,0.265,0.24,1
"PCBP3","PCBP3",0.104952393603525,-0.128952025325953,0.502,0.518,1
"RORA-AS1","RORA-AS1",0.104962672022867,0.125323890783559,0.433,0.403,1
"TAF6L","TAF6L",0.105019825058489,0.153795986145147,0.103,0.086,1
"CDKN2AIPNL","CDKN2AIPNL",0.105032015508444,-0.465864297417597,0.091,0.108,1
"MRPS18C","MRPS18C",0.105274955889713,0.203392613587899,0.175,0.154,1
"ZNF726","ZNF726",0.105369322223699,-0.446242291415007,0.038,0.05,1
"LINC02237","LINC02237",0.105370704370147,0.679789121193214,0.013,0.007,1
"ENSG00000273203","ENSG00000273203",0.105427590207977,-0.47867371133858,0.026,0.037,1
"TBX19","TBX19",0.105480527102267,0.514018199470966,0.064,0.051,1
"GABARAPL2","GABARAPL2",0.105540668118604,0.134638223976988,0.506,0.488,1
"PARP12","PARP12",0.105852430013853,-0.579010525513393,0.026,0.037,1
"ENSG00000273014","ENSG00000273014",0.105906506664474,0.593537634717792,0.032,0.022,1
"NTM-AS2","NTM-AS2",0.105961298449879,0.222171212346432,0.114,0.095,1
"ENSG00000256966","ENSG00000256966",0.106008588643234,0.533764545994397,0.013,0.007,1
"TJP3","TJP3",0.106086306811436,0.603287929715066,0.026,0.017,1
"TMEM106A","TMEM106A",0.106094266348598,0.336100805940736,0.084,0.068,1
"EQTN","EQTN",0.106097575013839,-0.515049733891907,0.052,0.065,1
"DMRTA2","DMRTA2",0.106149428398154,0.326600383216653,0.03,0.021,1
"SEPTIN6","SEPTIN6",0.106188782805863,-0.332928345290499,0.023,0.033,1
"NOD1","NOD1",0.106305198283866,-0.541465066570111,0.018,0.027,1
"HSD17B1-AS1","HSD17B1-AS1",0.10632786763672,0.421769107455446,0.038,0.027,1
"CLCA4","CLCA4",0.106340011091128,0.150690088608605,0.229,0.204,1
"ZNF568","ZNF568",0.106404777286277,0.202416206626837,0.311,0.287,1
"SNRNP35","SNRNP35",0.106421268321506,0.136922701202542,0.292,0.267,1
"DHODH","DHODH",0.106443369631323,0.408583135905405,0.097,0.08,1
"ENSG00000258657","ENSG00000258657",0.106501901344619,-0.886231305263856,0.014,0.022,1
"KBTBD12","KBTBD12",0.106664451240246,-0.747237346242405,0.008,0.014,1
"NPAS2","NPAS2",0.106706448175545,0.95196833393142,0.026,0.018,1
"ORMDL1","ORMDL1",0.106732831767148,-0.162619859374691,0.289,0.312,1
"CHAC2","CHAC2",0.106791091147082,0.450112418117396,0.026,0.017,1
"NOVA1-DT","NOVA1-DT",0.106834538541921,-0.40748470886406,0.023,0.033,1
"RNF208","RNF208",0.10685249957144,-0.491273416552287,0.036,0.048,1
"CELF4","CELF4",0.106900463807124,-0.124122965846751,0.094,0.112,1
"PINX1","PINX1",0.106979359540551,-0.575804774523495,0.042,0.055,1
"ENSG00000268583","ENSG00000268583",0.107106950472426,0.795092717857355,0.021,0.014,1
"BLID","BLID",0.107108240103367,-0.603960704891672,0.03,0.041,1
"MCF2","MCF2",0.10722769466253,-0.344448410416085,0.108,0.125,1
"PTPRG","PTPRG",0.107235171872799,-0.248848292623113,0.063,0.078,1
"ENSG00000273314","ENSG00000273314",0.107305873906272,-1.24025537814559,0.012,0.019,1
"ZNF646","ZNF646",0.107361576590507,0.252227344442151,0.07,0.056,1
"NXT2","NXT2",0.107414888767282,0.156547932742342,0.043,0.031,1
"GOLGA5","GOLGA5",0.107500928436234,-0.109842789266092,0.272,0.299,1
"KIN","KIN",0.107517923726691,-0.174087550423755,0.255,0.28,1
"FMN2","FMN2",0.107650479747521,0.129371907327238,0.308,0.281,1
"RAB8A","RAB8A",0.107657662989834,-0.312226650480614,0.164,0.183,1
"TRPV3","TRPV3",0.107789721343734,-0.346046146428023,0.066,0.081,1
"ENSG00000226605","ENSG00000226605",0.107808088363572,0.694009123226635,0.033,0.024,1
"VPS25","VPS25",0.107901957533617,0.193842202109239,0.094,0.077,1
"PHB2","PHB2",0.107925584303743,0.102642360135536,0.198,0.173,1
"ENSG00000231533","ENSG00000231533",0.107938928415652,0.320580140694553,0.017,0.01,1
"KAT8","KAT8",0.107964810942755,0.124581172317431,0.247,0.22,1
"SCNN1D","SCNN1D",0.107979528540989,0.171436233340149,0.075,0.059,1
"ABITRAM","ABITRAM",0.108076400073036,-0.429334584213993,0.104,0.122,1
"FRMPD1","FRMPD1",0.108093167190822,0.521197013688718,0.048,0.036,1
"WSB2","WSB2",0.10810264210723,0.135085109663991,0.451,0.425,1
"CAMKK1","CAMKK1",0.108116745189558,1.06207720928893,0.017,0.01,1
"LCA5L","LCA5L",0.108136145362747,-0.92130996353403,0.012,0.019,1
"SOX13","SOX13",0.108251158774838,0.144742037371743,0.419,0.39,1
"GYS1","GYS1",0.108270352431032,-0.249670223210501,0.152,0.174,1
"PPP1R3E","PPP1R3E",0.108333156068502,0.117948561250225,0.349,0.321,1
"ATF5","ATF5",0.108512001151402,-0.34079863044328,0.048,0.061,1
"ENSG00000234261","ENSG00000234261",0.108528643835656,-0.793431559962944,0.021,0.031,1
"CD302","CD302",0.10854625561427,1.35895236707603,0.01,0.005,1
"LRRC23","LRRC23",0.108555268657244,0.161589076997394,0.223,0.198,1
"MMP23B","MMP23B",0.108557546687691,0.224065954591632,0.017,0.01,1
"POLL","POLL",0.108576062267407,-0.292116015238804,0.125,0.144,1
"ENSG00000255104","ENSG00000255104",0.108577789233285,-0.767862060326357,0.014,0.022,1
"DBT","DBT",0.108681905523188,-0.137122779348549,0.31,0.333,1
"ENSG00000112096","ENSG00000112096",0.108794211529279,1.17715536132472,0.01,0.005,1
"FBF1","FBF1",0.108797116644328,-0.186648592974236,0.101,0.12,1
"PEX11B","PEX11B",0.108834524100136,-0.276738212300422,0.113,0.131,1
"ENSG00000254988","ENSG00000254988",0.109032321835059,0.64910583943445,0.026,0.018,1
"ENSG00000231829","ENSG00000231829",0.10915256647471,-0.263014837916154,0.049,0.063,1
"LINC00957","LINC00957",0.109166526666231,0.288701917425284,0.079,0.064,1
"ENSG00000227307","ENSG00000227307",0.109178966777112,-0.753444235696272,0.01,0.016,1
"ATAD3B","ATAD3B",0.109313744814278,0.17834750235754,0.148,0.127,1
"SLC24A3","SLC24A3",0.109378257651514,0.709915791742997,0.027,0.018,1
"GPATCH11","GPATCH11",0.109455500629123,0.157252862650794,0.217,0.193,1
"IRAG1","IRAG1",0.109478400967945,0.970972622150045,0.01,0.005,1
"NDUFV3","NDUFV3",0.109528924914569,0.165973904321433,0.424,0.399,1
"COTL1","COTL1",0.109529685360109,-0.299170553411934,0.14,0.161,1
"ENSG00000250488","ENSG00000250488",0.109603163721788,0.835520458187223,0.01,0.005,1
"LOC124902108","LOC124902108",0.109665587230444,1.03561076588237,0.01,0.005,1
"RBM33","RBM33",0.109730513564185,0.114593524408717,0.779,0.761,1
"JRK","JRK",0.109732655981144,-0.195488808681486,0.127,0.148,1
"ENSG00000241770","ENSG00000241770",0.109753152839026,-1.17167123513055,0.006,0.012,1
"LYRM7","LYRM7",0.109776588740967,-0.253640688077427,0.299,0.317,1
"ENSG00000250371","ENSG00000250371",0.109790518549743,0.991617576132788,0.01,0.005,1
"NXPE1","NXPE1",0.109790518549743,0.840262029925853,0.01,0.005,1
"CSF1","CSF1",0.109895833604319,0.129429906565247,0.393,0.369,1
"PPP1R35","PPP1R35",0.110098029844597,-0.439899160245355,0.073,0.089,1
"GABRA3","GABRA3",0.110201833506893,0.115491142982862,0.031,0.022,1
"ENSG00000237126","ENSG00000237126",0.110228664146776,1.08892167603192,0.01,0.005,1
"FRA10AC1","FRA10AC1",0.11026932279678,-0.151191024242864,0.461,0.48,1
"CPNE5","CPNE5",0.110273446977178,-0.992521051584473,0.006,0.012,1
"TRIOBP","TRIOBP",0.110273594241831,-0.140751761221725,0.278,0.303,1
"ENSG00000265818","ENSG00000265818",0.110297530593212,0.646824448752511,0.021,0.014,1
"MICOS10-DT","MICOS10-DT",0.110333590914985,-0.319456381883584,0.01,0.016,1
"ENSG00000225880","ENSG00000225880",0.110434482981014,-0.691619349391632,0.012,0.019,1
"DYNLT3","DYNLT3",0.11056111888825,0.166399261671132,0.088,0.072,1
"ENSG00000230658","ENSG00000230658",0.110668189945551,0.861464475325463,0.01,0.005,1
"FRMD3","FRMD3",0.110713222727997,0.249977643132395,0.122,0.103,1
"PPP3CA-DT","PPP3CA-DT",0.110731092168756,0.708970258728397,0.01,0.005,1
"ENSG00000267265","ENSG00000267265",0.110794553786267,-0.332908353226499,0.035,0.047,1
"CHD5","CHD5",0.110853834757123,-0.8879784857167,0.006,0.012,1
"CDK4","CDK4",0.110914865826043,0.19771582125122,0.128,0.108,1
"AGBL1","AGBL1",0.11092665698615,0.225003863480331,0.292,0.269,1
"NDUFAF7","NDUFAF7",0.110948344932352,0.327861508692198,0.201,0.183,1
"SNTB2","SNTB2",0.111188218458974,0.118490294365926,0.136,0.117,1
"EDEM2","EDEM2",0.111214796909626,-0.294768829752166,0.124,0.143,1
"ENSG00000262050","ENSG00000262050",0.11125985267418,0.700449171647047,0.017,0.01,1
"ENSG00000224063","ENSG00000224063",0.111327780570121,-0.10860653797073,0.177,0.202,1
"MRM3","MRM3",0.111370466415916,0.399133070252211,0.049,0.037,1
"ETV1","ETV1",0.111467305430929,1.1410285883986,0.014,0.008,1
"STK10","STK10",0.111468464203853,-0.125011398045765,0.36,0.38,1
"TMEM220","TMEM220",0.111553102454569,-0.52979846325888,0.012,0.019,1
"POLN","POLN",0.111590127446647,0.155484315352403,0.322,0.296,1
"CALU","CALU",0.111593254448402,0.118780192929749,0.332,0.3,1
"FAM8A1","FAM8A1",0.111675107743247,0.231273681176735,0.211,0.19,1
"LINC01982","LINC01982",0.111732908391488,-0.526463171704584,0.012,0.019,1
"TMEM259","TMEM259",0.111748074834552,-0.153210938981455,0.525,0.554,1
"RAB28","RAB28",0.111755860505266,-0.108881432246379,0.519,0.541,1
"LOC105373418","LOC105373418",0.111765760540241,0.270678034534773,0.068,0.054,1
"ENSG00000254186","ENSG00000254186",0.111877049495171,-0.151221826308534,0.505,0.528,1
"ATP8A2","ATP8A2",0.111928606166641,-0.262854632493938,0.068,0.054,1
"R3HCC1L","R3HCC1L",0.112003897358069,-0.128378997278668,0.511,0.525,1
"ENSG00000272129","ENSG00000272129",0.112021843982258,-0.598386642301874,0.006,0.012,1
"ABHD11","ABHD11",0.112096916041706,-0.512761595501005,0.03,0.041,1
"ENSG00000236234","ENSG00000236234",0.112125388915746,0.6046664318033,0.028,0.019,1
"DPM1","DPM1",0.112139926441606,-0.16290490680908,0.321,0.339,1
"TMEM18-DT","TMEM18-DT",0.112191944024363,-1.02606042328758,0.015,0.022,1
"ENSG00000272735","ENSG00000272735",0.112238679262509,-1.34789508561198,0.005,0.01,1
"ENSG00000189366","ENSG00000189366",0.112238679262509,-1.27965589986295,0.005,0.01,1
"RGN","RGN",0.112250750498483,-0.337982997322741,0.157,0.176,1
"IGFL2-AS1","IGFL2-AS1",0.112276871175457,0.529604308609952,0.027,0.018,1
"MYT1L","MYT1L",0.112278318258174,-0.362470861789545,0.021,0.031,1
"LINC00880","LINC00880",0.112316635043118,-0.850979846550035,0.017,0.025,1
"ENSG00000271717","ENSG00000271717",0.112408087069845,0.253672139670345,0.085,0.069,1
"GOLT1B","GOLT1B",0.112500791176962,-0.221618874336329,0.196,0.216,1
"ENSG00000281016","ENSG00000281016",0.112520064934842,-0.244405896524626,0.054,0.068,1
"DAPK3","DAPK3",0.112729072389001,0.335647126127059,0.131,0.112,1
"C21orf58","C21orf58",0.11273287837332,0.249845112249894,0.103,0.086,1
"TRAPPC10","TRAPPC10",0.112766808972543,-0.101867424115573,0.71,0.722,1
"DGKB","DGKB",0.112940214809199,-0.882884558141344,0.029,0.039,1
"SLX9","SLX9",0.113044963278963,-0.342747894462467,0.051,0.065,1
"MIR4500HG","MIR4500HG",0.113151727019479,-1.27435358962244,0.005,0.01,1
"ZNF276","ZNF276",0.113238309385701,-0.124791952090901,0.348,0.37,1
"CHTF18","CHTF18",0.113310508200882,-0.551876549400911,0.021,0.031,1
"TRIM37","TRIM37",0.113392723623685,-0.191370213772845,0.378,0.396,1
"LOC102723305","LOC102723305",0.113448571225545,-0.170168243311231,0.202,0.225,1
"TTC19","TTC19",0.113477934797009,0.124668552031622,0.531,0.51,1
"CHKB","CHKB",0.113522726578831,0.788248976576698,0.014,0.008,1
"HGD","HGD",0.113631729501681,0.555217121092763,0.014,0.008,1
"ENSG00000258760","ENSG00000258760",0.113635398704358,0.311862099044109,0.039,0.029,1
"ATP13A3","ATP13A3",0.113645311442205,-0.129956737683206,0.354,0.38,1
"FGFBP3","FGFBP3",0.113680293951913,-0.488190566801278,0.012,0.019,1
"ENSG00000227492","ENSG00000227492",0.113807479609234,-0.825388278460889,0.005,0.01,1
"TTC29","TTC29",0.114059466208297,0.346672896025518,0.066,0.052,1
"ALDH6A1","ALDH6A1",0.114072070230396,-0.124432064711265,0.449,0.473,1
"ENSG00000258272","ENSG00000258272",0.114255836998953,-0.505120477512199,0.024,0.034,1
"MARVELD3","MARVELD3",0.114342250623983,0.760031025943068,0.014,0.008,1
"ENSG00000235159","ENSG00000235159",0.114426128486026,0.494295764769787,0.017,0.01,1
"ENSG00000269968","ENSG00000269968",0.114451871268533,0.722345584170516,0.014,0.008,1
"ICMT","ICMT",0.114479473948408,0.123254724375319,0.134,0.113,1
"NIPSNAP2","NIPSNAP2",0.114481851875774,-0.109585304212149,0.56,0.573,1
"PPRC1","PPRC1",0.114604195048127,0.132216575238697,0.126,0.106,1
"TMEM39A","TMEM39A",0.114614608190725,-0.209800657330597,0.18,0.201,1
"KLHL28","KLHL28",0.114788822421458,-0.148572434564284,0.48,0.491,1
"ENSG00000269693","ENSG00000269693",0.114915117393066,0.119600991485255,0.075,0.06,1
"GPC3","GPC3",0.114988217886962,-0.803771297766452,0.015,0.022,1
"TCN2","TCN2",0.115043694350007,-0.312207092955784,0.054,0.068,1
"ENSG00000275709","ENSG00000275709",0.115056263955002,0.696437741815364,0.014,0.008,1
"EIF1AX","EIF1AX",0.11514184701334,-0.113935724636343,0.532,0.558,1
"IFFO2","IFFO2",0.115156814142955,0.258375160107398,0.129,0.11,1
"MIR3667HG","MIR3667HG",0.115194298763018,-0.652071876362137,0.005,0.01,1
"CPEB1-AS1","CPEB1-AS1",0.115427596098702,0.112778762464393,0.529,0.499,1
"PM20D1","PM20D1",0.115516742336355,0.857524724748256,0.018,0.011,1
"ENSG00000272750","ENSG00000272750",0.115607887770268,0.272538425100768,0.014,0.008,1
"ENSG00000237167","ENSG00000237167",0.115706369324989,-0.819541825874854,0.015,0.022,1
"ENSG00000268713","ENSG00000268713",0.115844089185609,0.37813452930078,0.049,0.037,1
"C2CD3","C2CD3",0.115849235839181,0.104266882517514,0.427,0.397,1
"LRRC47","LRRC47",0.115929627647074,0.166982973924782,0.165,0.142,1
"UBE2A","UBE2A",0.116014807798608,-0.250993098914316,0.218,0.239,1
"SUFU","SUFU",0.116098714400727,-0.108092263297467,0.317,0.344,1
"TMEM107","TMEM107",0.116273181166077,-0.330102685356829,0.037,0.049,1
"SNRPD3","SNRPD3",0.116495986493505,-0.124022950944882,0.37,0.392,1
"GNA12","GNA12",0.116516560249359,-0.132499610006006,0.441,0.461,1
"PLD2","PLD2",0.116793975013661,-0.209065495515587,0.073,0.088,1
"CCDC146","CCDC146",0.116809677194418,-0.171968448688567,0.332,0.357,1
"GPRASP2","GPRASP2",0.116823482031013,0.280080705852894,0.048,0.036,1
"QTGAL","QTGAL",0.116922888079269,-0.256994593450443,0.097,0.114,1
"SLC30A4","SLC30A4",0.117074510326522,-0.130396974669476,0.206,0.229,1
"EP400","EP400",0.117159019669778,0.127976810026127,0.541,0.518,1
"SLC4A10","SLC4A10",0.117201420871137,-0.397652007624984,0.024,0.034,1
"ENSG00000245281","ENSG00000245281",0.11733827031085,-0.261979862714789,0.024,0.034,1
"LMTK2","LMTK2",0.117590650743604,0.125867103369029,0.293,0.264,1
"ENSG00000258847","ENSG00000258847",0.117630275906431,-0.929961822721322,0.008,0.014,1
"ENSG00000285424","ENSG00000285424",0.117684655504209,-0.561955246748274,0.008,0.014,1
"GNA14-AS1","GNA14-AS1",0.117845431889989,0.272663116322151,0.059,0.046,1
"JTB-DT","JTB-DT",0.117897270032642,0.372127309413854,0.022,0.014,1
"OSBPL6","OSBPL6",0.11796438499341,0.448185077969525,0.035,0.025,1
"SPATA45","SPATA45",0.118010962444561,-0.769335688639323,0.015,0.022,1
"UBQLN4","UBQLN4",0.118127761220943,0.256191221747998,0.16,0.141,1
"ANGPT1","ANGPT1",0.118229537089979,-0.852986539732119,0.008,0.014,1
"TSPEAR","TSPEAR",0.118312324356373,-0.482542377658187,0.015,0.022,1
"ENSG00000267223","ENSG00000267223",0.11840886408747,0.563925783758535,0.018,0.011,1
"MAP3K11","MAP3K11",0.118508086212275,0.122433230043196,0.42,0.387,1
"SGSM2","SGSM2",0.118542267882648,0.221536188144363,0.122,0.103,1
"ENSG00000238045","ENSG00000238045",0.11890406657383,0.632898278241203,0.023,0.015,1
"AQP6","AQP6",0.118940839086535,-0.954381554835219,0.008,0.014,1
"SELENOO","SELENOO",0.119023214279017,0.210308794337988,0.425,0.408,1
"ZNF845","ZNF845",0.119024272769645,0.333474515042339,0.076,0.061,1
"LIMD1","LIMD1",0.119067324252905,0.130084933599377,0.426,0.401,1
"PCDHB5","PCDHB5",0.119068923997537,0.392693856739577,0.035,0.025,1
"ENSG00000230156","ENSG00000230156",0.119140694355469,0.575342693086842,0.018,0.011,1
"ENSG00000254607","ENSG00000254607",0.119169958349542,0.401435395678829,0.028,0.019,1
"ORC5","ORC5",0.119199539498573,-0.171844058396554,0.361,0.385,1
"CALY","CALY",0.119288441618068,-0.717447344494992,0.025,0.035,1
"EFS","EFS",0.119290414627129,-0.121712374261931,0.484,0.516,1
"UPP1","UPP1",0.119325179330033,0.41396047777902,0.028,0.019,1
"RPTOR","RPTOR",0.11939398893595,0.127577430291759,0.717,0.692,1
"SYNJ1","SYNJ1",0.119427586146614,-0.122941390900612,0.425,0.439,1
"MAP4K2","MAP4K2",0.119505229985364,0.253185529263352,0.147,0.126,1
"ALOX5","ALOX5",0.119523942138801,0.556719880405219,0.036,0.026,1
"PET100","PET100",0.119684625364035,0.128009208550336,0.075,0.059,1
"ADAT1","ADAT1",0.119716931993487,0.107888967868357,0.238,0.213,1
"NPAT","NPAT",0.1197637032494,-0.135376657051583,0.298,0.322,1
"CD63-AS1","CD63-AS1",0.11985950220735,0.215934850498775,0.048,0.037,1
"ENSG00000283217","ENSG00000283217",0.119889393635465,0.191918078314228,0.151,0.131,1
"FANCA","FANCA",0.119993824864154,-0.51689423176735,0.035,0.046,1
"TINCR","TINCR",0.12002489372272,0.141207210363307,0.083,0.067,1
"GLIPR1L1","GLIPR1L1",0.120111494811222,0.10989695200333,0.064,0.05,1
"RANBP3-DT","RANBP3-DT",0.120140069028668,0.36303228457896,0.035,0.025,1
"SATL1","SATL1",0.120191304372506,-0.85528334687767,0.012,0.02,1
"ARFIP2","ARFIP2",0.120195386005897,0.149676790863944,0.131,0.111,1
"SMG5","SMG5",0.12029204150331,0.118542619755199,0.432,0.402,1
"C4orf36.1","C4orf36.1",0.120319561378857,-0.136448050638857,0.136,0.156,1
"LAMA5","LAMA5",0.120378010333787,-0.70960469760321,0.012,0.02,1
"PHYHD1","PHYHD1",0.120539675461325,0.94320553081114,0.015,0.008,1
"MIGA2","MIGA2",0.120551535254553,0.17562825937647,0.142,0.122,1
"RSBN1","RSBN1",0.120658135429883,0.165368632878387,0.317,0.29,1
"MYD88","MYD88",0.120783500814819,1.23845047336692,0.011,0.006,1
"CHRNB1","CHRNB1",0.120843357521603,0.209282251277393,0.084,0.069,1
"ENSG00000249069","ENSG00000249069",0.120894193235617,0.841339875909088,0.019,0.012,1
"GCH1","GCH1",0.120967312578441,-0.408436253246937,0.019,0.028,1
"NFIB","NFIB",0.120994693902699,0.306242631749746,0.178,0.158,1
"ENSG00000215271","ENSG00000215271",0.121087089429091,0.106333176635238,0.155,0.133,1
"TEX41","TEX41",0.121103698735787,0.542068768892052,0.036,0.026,1
"COPS8","COPS8",0.121223643345197,-0.143341710965495,0.216,0.241,1
"BRCA2","BRCA2",0.121366317530519,1.07076610113534,0.011,0.006,1
"RBSN","RBSN",0.121371778380188,-0.162807164094008,0.288,0.314,1
"VWC2L","VWC2L",0.121390606476641,0.441807242304028,0.029,0.02,1
"RUBCN","RUBCN",0.12143717795304,0.10328883950858,0.348,0.319,1
"FJX1","FJX1",0.121480940057542,-0.572061257209318,0.026,0.035,1
"USP51","USP51",0.12158421328225,-0.544043118422315,0.026,0.035,1
"ENSG00000273088","ENSG00000273088",0.12168126672744,0.660993574153473,0.023,0.016,1
"ANKRD13A","ANKRD13A",0.121747215104755,-0.184690745011149,0.287,0.306,1
"PPP4R4","PPP4R4",0.121762684035885,0.238697900276128,0.028,0.02,1
"CFL1","CFL1",0.12180252407525,0.167664132450773,0.728,0.758,1
"CALCOCO1","CALCOCO1",0.121872106422716,0.155303661608846,0.322,0.295,1
"PSEN2","PSEN2",0.121906225738464,-0.382028697618677,0.032,0.043,1
"ENSG00000263627","ENSG00000263627",0.122099294394207,0.707578655312759,0.015,0.008,1
"DPM2","DPM2",0.122162566236361,0.264844760051311,0.164,0.143,1
"FAM219B","FAM219B",0.122249886396039,0.192408124650816,0.149,0.129,1
"BRPF1","BRPF1",0.122262872344495,-0.479770040956732,0.048,0.06,1
"AIMP1","AIMP1",0.122308490495345,-0.148288653953378,0.325,0.347,1
"GMNC","GMNC",0.122329412723167,-0.338712270941283,0.015,0.022,1
"ENSG00000241743","ENSG00000241743",0.122407864714386,0.670604357371939,0.011,0.006,1
"LINC03021.1","LINC03021.1",0.122407864714386,1.18703183704124,0.011,0.006,1
"SCAMP1-AS1","SCAMP1-AS1",0.122431357722362,-0.407506925935142,0.077,0.093,1
"ENSG00000273381","ENSG00000273381",0.122435541664407,0.797987871275295,0.015,0.008,1
"LOC124902178","LOC124902178",0.12253854775494,0.75062852619978,0.011,0.006,1
"TSACC","TSACC",0.122543346076305,0.503113948519481,0.029,0.02,1
"PLD6","PLD6",0.122586118843546,-0.303759894606271,0.049,0.062,1
"DSG1-AS1","DSG1-AS1",0.122603930141463,0.426203844327036,0.011,0.006,1
"ENSG00000269535","ENSG00000269535",0.123104088973611,0.67802912389817,0.023,0.016,1
"FGF7","FGF7",0.123135789208576,0.157255872750635,0.077,0.063,1
"REXO1","REXO1",0.123163644150005,0.226268640074085,0.16,0.141,1
"DOK1","DOK1",0.123331876686443,0.550811221262198,0.019,0.012,1
"COL25A1","COL25A1",0.123348095592358,-0.343636489344,0.061,0.075,1
"LINC01963","LINC01963",0.123358950554032,-0.622555999111136,0.03,0.04,1
"HTR2C","HTR2C",0.123488985770826,-0.32544277975868,0.017,0.025,1
"LOC100128993","LOC100128993",0.123618107770946,0.331050682837644,0.015,0.008,1
"ENSG00000259048","ENSG00000259048",0.123701634506037,-0.147992017966863,0.533,0.545,1
"IPO8","IPO8",0.123744306183869,-0.163872620985108,0.243,0.265,1
"LOC102723566","LOC102723566",0.123804903679998,-0.292099775089201,0.038,0.05,1
"CRISPLD2","CRISPLD2",0.124016264556667,0.670027383631451,0.023,0.016,1
"UBE4B","UBE4B",0.124098787406828,0.102527709427264,0.921,0.912,1
"SPCS3-AS1","SPCS3-AS1",0.124181053328218,0.447030367324151,0.046,0.035,1
"TRIB2","TRIB2",0.124218778472841,0.860085113481958,0.019,0.012,1
"POMGNT2","POMGNT2",0.12423590995862,0.380497155464904,0.113,0.097,1
"SFTA3","SFTA3",0.124245485577304,-0.667417402098954,0.015,0.023,1
"PLPP4","PLPP4",0.124287999020644,0.35264459314439,0.182,0.162,1
"TP53INP2","TP53INP2",0.124338616993406,-0.263200800626567,0.138,0.158,1
"STX16","STX16",0.124343839407817,-1.23420332747819,0.007,0.012,1
"VIPAS39","VIPAS39",0.124441841450274,-0.258215699202957,0.227,0.248,1
"TOR3A","TOR3A",0.124528796260216,0.133649957484933,0.076,0.061,1
"H2BC18","H2BC18",0.124672918131722,0.219602479123211,0.05,0.039,1
"PPA2","PPA2",0.124795356837479,0.106814993376205,0.592,0.562,1
"TGFBR1","TGFBR1",0.124880806607091,-0.195840789174792,0.2,0.222,1
"ENSG00000284726","ENSG00000284726",0.125060969341115,0.56470400202301,0.019,0.012,1
"SLC7A9","SLC7A9",0.125116430650801,0.496800070322668,0.024,0.016,1
"FAM83H","FAM83H",0.125144454287597,-0.847989976240047,0.007,0.012,1
"RNF32","RNF32",0.125214235527658,-0.251995744981974,0.075,0.091,1
"ENSG00000233840","ENSG00000233840",0.125295295909615,0.515992248100754,0.048,0.037,1
"ENSG00000261485","ENSG00000261485",0.125319950461644,-0.474540310264215,0.017,0.025,1
"RIT1","RIT1",0.125392367271477,-0.208766310959588,0.089,0.106,1
"ADAM17","ADAM17",0.125392458945132,-0.124276508309903,0.468,0.49,1
"MCM3","MCM3",0.12542576881225,-0.316147728916743,0.063,0.077,1
"OIP5","OIP5",0.12548225868185,-0.319255634909359,0.02,0.029,1
"NKX2-2","NKX2-2",0.125483506318785,-0.152372459898324,0.502,0.518,1
"POMT2","POMT2",0.125552307844805,-0.136041525586619,0.299,0.321,1
"TPP2","TPP2",0.125639651587742,-0.124784616724006,0.494,0.507,1
"GREB1L-AS1","GREB1L-AS1",0.125739015135656,-0.454411108787479,0.017,0.025,1
"PCDH1","PCDH1",0.125740080378944,0.22002029489837,0.196,0.174,1
"TCF7L1","TCF7L1",0.125835805520086,0.894348493910408,0.019,0.012,1
"CUX2","CUX2",0.125957545826448,0.406834472268758,0.019,0.012,1
"SAMTOR","SAMTOR",0.126186843021213,0.125997169593904,0.189,0.167,1
"VAX2","VAX2",0.126201246453508,-0.448782352020274,0.017,0.025,1
"WDR27","WDR27",0.126211854161538,-0.148486430920488,0.442,0.456,1
"LINC02201","LINC02201",0.126252519059777,-0.306279011596812,0.01,0.017,1
"GPR137C","GPR137C",0.126302849791591,-0.228677319861931,0.633,0.627,1
"ZNF213","ZNF213",0.126573760099072,0.183701790844949,0.168,0.146,1
"FRG1-DT","FRG1-DT",0.126589033782481,0.105844910335532,0.39,0.364,1
"TEPSIN","TEPSIN",0.12659197369616,0.14207524917971,0.1,0.084,1
"KLRD1","KLRD1",0.126624701607385,0.176199951775597,0.111,0.093,1
"ATP6V0E2","ATP6V0E2",0.126687391551577,-0.164271518451907,0.398,0.42,1
"TXNRD3","TXNRD3",0.126842287271869,-0.358358684434066,0.068,0.083,1
"SLC1A4","SLC1A4",0.126918679606273,0.386525313932585,0.059,0.047,1
"ESPNL","ESPNL",0.127020926606059,1.15697709838925,0.015,0.009,1
"CACNA1C","CACNA1C",0.12707278883483,0.195534162845082,0.501,0.479,1
"THSD1","THSD1",0.127091739549078,-0.497601188175813,0.03,0.04,1
"TMEM218","TMEM218",0.12718449677804,-0.366211985590734,0.079,0.095,1
"WFDC10B","WFDC10B",0.127194832672434,-0.580384272199329,0.007,0.012,1
"SLC22A2","SLC22A2",0.127382519393769,-0.66589031966391,0.007,0.012,1
"METTL24","METTL24",0.127537703165139,0.308592959545151,0.044,0.033,1
"SH3BP2","SH3BP2",0.127570421507134,-0.539307642534517,0.007,0.012,1
"SLCO6A1","SLCO6A1",0.127570421507134,-0.471886367386585,0.007,0.012,1
"BCL2L12","BCL2L12",0.127574224772929,-0.653697613594868,0.021,0.029,1
"LINC01852","LINC01852",0.127579701067017,-0.580420219088268,0.015,0.023,1
"LINC01609","LINC01609",0.127587090184396,-0.610810470760121,0.024,0.033,1
"PIGW","PIGW",0.127594338124891,0.445966075075868,0.024,0.016,1
"USP46","USP46",0.127777284478109,-0.218072982510494,0.191,0.213,1
"ZNF212","ZNF212",0.128011927731306,0.293473990881072,0.111,0.094,1
"MCM5","MCM5",0.128028236301005,-0.385772642170238,0.057,0.07,1
"MORN1","MORN1",0.128069318616842,-0.416695260838908,0.035,0.046,1
"GPR63","GPR63",0.128171265759971,0.550687800903393,0.037,0.027,1
"IFT27","IFT27",0.128193178476475,-0.157898429953442,0.222,0.244,1
"TRIM14","TRIM14",0.128603886990648,-0.575548527329897,0.023,0.033,1
"C10orf88","C10orf88",0.129003494903525,-0.131103615833096,0.205,0.227,1
"HEXIM2","HEXIM2",0.12916341891771,0.309270743399873,0.046,0.035,1
"ASB15","ASB15",0.129341829892081,0.747820659816612,0.019,0.012,1
"RGS8","RGS8",0.129352729764537,0.3688582458514,0.054,0.042,1
"ENSG00000240401","ENSG00000240401",0.129459481561936,-0.297037496569652,0.164,0.182,1
"PLS1","PLS1",0.129490565627843,0.41547421801739,0.038,0.028,1
"CWF19L1","CWF19L1",0.129526516137757,-0.218645709411234,0.233,0.253,1
"EPHA5","EPHA5",0.129541587451368,0.418441994280521,0.019,0.012,1
"GRAP2","GRAP2",0.129577410514775,0.551356877129521,0.024,0.016,1
"ZNF404","ZNF404",0.12965191190639,-0.181643362233898,0.174,0.194,1
"ADGRE5","ADGRE5",0.129946679461945,-0.235520205759419,0.091,0.107,1
"ENSG00000258851","ENSG00000258851",0.130022783754869,0.913571912336812,0.015,0.009,1
"C17orf58","C17orf58",0.130040222273098,-0.457669473596052,0.018,0.026,1
"TRAM1L1","TRAM1L1",0.130077178280201,-0.443894459939763,0.057,0.07,1
"MYCN","MYCN",0.13009872820828,-0.598989094900809,0.057,0.069,1
"ENSG00000249112","ENSG00000249112",0.130140547772773,0.3701605999794,0.048,0.037,1
"IFNGR2","IFNGR2",0.130187693188883,0.140135422515183,0.189,0.167,1
"ENSG00000228113","ENSG00000228113",0.130218452798077,0.515570096379441,0.048,0.037,1
"LLGL2","LLGL2",0.130304578071165,0.104584463730701,0.301,0.277,1
"MIER2","MIER2",0.130385514444583,0.199493702618058,0.19,0.169,1
"ENSG00000242154","ENSG00000242154",0.130393230694838,0.629876663602001,0.019,0.012,1
"RNF227","RNF227",0.130480638471654,0.853986753045151,0.015,0.009,1
"SYS1-DBNDD2","SYS1-DBNDD2",0.130490333836633,0.361042060045225,0.1,0.084,1
"RNF217","RNF217",0.130599798753481,0.108467439900045,0.422,0.394,1
"APP-DT","APP-DT",0.130694845732152,0.421277505711298,0.019,0.012,1
"C2orf68","C2orf68",0.130735363246554,-0.198792785160514,0.191,0.208,1
"GTF2H3","GTF2H3",0.130905625095462,-0.19517109496706,0.28,0.297,1
"CCDC183-AS1","CCDC183-AS1",0.131090563533779,-1.15616823099433,0.006,0.01,1
"UNC13A","UNC13A",0.131134224381304,-0.330053210716286,0.026,0.036,1
"C1QTNF1","C1QTNF1",0.131227319060586,-0.716303147216318,0.009,0.015,1
"ENSG00000259664","ENSG00000259664",0.131284892973554,0.805912634149021,0.015,0.009,1
"LOC642361","LOC642361",0.131370163118655,0.109024036773629,0.128,0.108,1
"BAG4","BAG4",0.131409958937736,-0.162179490888609,0.219,0.24,1
"SLC35G2","SLC35G2",0.131422398300808,0.379045530018868,0.062,0.049,1
"GDA","GDA",0.13146602688907,0.591676782777058,0.031,0.022,1
"TOMM70","TOMM70",0.131491289617486,0.111161107667672,0.279,0.254,1
"FOXP1-AS1","FOXP1-AS1",0.131659947938237,0.933969758111275,0.012,0.007,1
"PPP1R1B","PPP1R1B",0.1317079813696,-0.706588174672265,0.011,0.018,1
"ENSG00000253194","ENSG00000253194",0.131713203280073,-0.363752965113208,0.059,0.072,1
"FAAP24","FAAP24",0.131724467118414,-1.08494509051178,0.006,0.01,1
"ENSG00000256982","ENSG00000256982",0.131746024321858,-0.528920553860412,0.018,0.026,1
"LINC01643","LINC01643",0.131803939837274,0.589723188522014,0.015,0.009,1
"IL10RB","IL10RB",0.13187465460088,-0.492412072455243,0.018,0.026,1
"ENSG00000228467","ENSG00000228467",0.131977308408364,0.66967258074396,0.015,0.009,1
"CDH1","CDH1",0.131977308408364,0.879135841174927,0.015,0.009,1
"COA4","COA4",0.132046099492572,0.130623338053324,0.223,0.199,1
"OR2L5","OR2L5",0.132111841714256,0.256461241421941,0.107,0.091,1
"RERGL","RERGL",0.13215085362216,-0.663332854831,0.009,0.015,1
"KCNN4","KCNN4",0.132289929029372,-1.11771047181079,0.006,0.01,1
"LOC105371090","LOC105371090",0.132333343211667,0.159451624577044,0.045,0.034,1
"MED29","MED29",0.13235704965447,-0.259582683724961,0.311,0.327,1
"ZNF234","ZNF234",0.132399563123949,-0.155159614663302,0.197,0.218,1
"RPGRIP1","RPGRIP1",0.132431587887881,-0.301806747678154,0.006,0.01,1
"ENSG00000279072","ENSG00000279072",0.132502461361641,-0.777171713989479,0.006,0.01,1
"LOC101927572","LOC101927572",0.132522684710955,0.498405345699076,0.041,0.031,1
"PPM1L","PPM1L",0.13255228007388,-0.282643815489403,0.331,0.347,1
"RASGRP2","RASGRP2",0.132794866833856,0.883471285314563,0.012,0.007,1
"TUBB2A","TUBB2A",0.132817781691271,-0.209766729823208,0.243,0.263,1
"QARS1","QARS1",0.132829144396651,0.12186388257409,0.127,0.108,1
"VCL","VCL",0.132898946309082,0.485458319253469,0.032,0.024,1
"ACER2","ACER2",0.132955699682479,0.503003568047067,0.039,0.029,1
"SFXN5","SFXN5",0.132998561667828,0.102098215150516,0.486,0.459,1
"LOC101927948","LOC101927948",0.133016983507384,-0.26656359069747,0.036,0.047,1
"ZNF239","ZNF239",0.133025171017947,-0.539837721551885,0.042,0.054,1
"HAUS6","HAUS6",0.133059219657988,-0.177052911184048,0.169,0.188,1
"POU6F1","POU6F1",0.133096099766047,0.127709972697602,0.31,0.282,1
"UNC5D","UNC5D",0.133114835319509,0.194290260315002,0.063,0.05,1
"ENSG00000276418","ENSG00000276418",0.133130104043378,0.864238567784013,0.012,0.007,1
"ENSG00000268193","ENSG00000268193",0.133141645182863,-0.796963652068583,0.006,0.01,1
"ENSG00000250501","ENSG00000250501",0.133197230027278,0.750588635329662,0.012,0.007,1
"LINC01504","LINC01504",0.133284009622336,-0.661247269373084,0.006,0.01,1
"CEACAM16-AS1","CEACAM16-AS1",0.133305507700492,0.311653117648996,0.037,0.027,1
"INSIG2","INSIG2",0.133529885317886,0.169095670993719,0.253,0.229,1
"LOC124904048","LOC124904048",0.133569091915553,-0.726515853238048,0.006,0.01,1
"CHRM5","CHRM5",0.133569729711586,-0.1601548586838,0.61,0.536,1
"GMPS","GMPS",0.133574382825026,-0.206253453398024,0.289,0.312,1
"ENSG00000270019","ENSG00000270019",0.133605212122907,-0.316356312130648,0.033,0.044,1
"NEU4","NEU4",0.133667845663251,0.885650834526008,0.012,0.007,1
"ENSG00000271996","ENSG00000271996",0.133711809877627,-0.531735034386561,0.006,0.01,1
"SLC5A9","SLC5A9",0.133734214443263,0.67241663008027,0.026,0.018,1
"AP5S1","AP5S1",0.133754769678945,-0.243208943778785,0.055,0.069,1
"ZDHHC24","ZDHHC24",0.13378773572289,0.138878440719699,0.167,0.146,1
"P2RY14","P2RY14",0.133824634271736,0.722876702921296,0.02,0.013,1
"IFT43","IFT43",0.133831635061093,-0.163522091784936,0.433,0.449,1
"TSPYL5","TSPYL5",0.133884336952649,-0.266416638113651,0.096,0.112,1
"PAPOLG","PAPOLG",0.133896400159387,0.223027223784645,0.218,0.197,1
"KDELR1","KDELR1",0.133982914331221,-0.221699180011672,0.216,0.236,1
"ENSG00000272993","ENSG00000272993",0.134004784946145,0.934706665808477,0.012,0.007,1
"CHRNA7","CHRNA7",0.134068659302583,-0.380445840892181,0.024,0.033,1
"DNAH7","DNAH7",0.13408637326486,0.536499089016759,0.025,0.017,1
"DHX29","DHX29",0.134355125903029,-0.1352540071686,0.457,0.471,1
"SETD1A","SETD1A",0.134427294323681,0.234581673304536,0.113,0.096,1
"SNX30-DT","SNX30-DT",0.134533754039532,-0.699544831507056,0.014,0.021,1
"TRMT10C","TRMT10C",0.134709886045791,0.368929396350437,0.113,0.097,1
"ENSG00000265750","ENSG00000265750",0.134721980744304,-0.223546436956471,0.054,0.067,1
"LRRC24","LRRC24",0.134825068755968,0.417900691131126,0.059,0.047,1
"ASB7","ASB7",0.134884838319437,-0.192301832282038,0.202,0.224,1
"RNF26","RNF26",0.134934187652574,0.115007156368073,0.109,0.091,1
"RCCD1","RCCD1",0.134965166562918,0.512051899026189,0.032,0.023,1
"ENSG00000242440","ENSG00000242440",0.135019551503828,0.196429850448039,0.012,0.007,1
"CCDC13","CCDC13",0.135046185882368,-0.207891829511606,0.117,0.135,1
"GSTM4","GSTM4",0.135083072341406,0.352151671055427,0.059,0.047,1
"ENSG00000256349","ENSG00000256349",0.135145485618848,-0.282049485665514,0.006,0.01,1
"ENSG00000259349","ENSG00000259349",0.135150948180997,-0.241522835614682,0.138,0.157,1
"GLYATL2","GLYATL2",0.135152741878906,-0.327056199158772,0.087,0.103,1
"ENSG00000271474","ENSG00000271474",0.135306509008425,-0.245663879267288,0.079,0.095,1
"PPP1R3D","PPP1R3D",0.135316384142576,0.261797145681605,0.039,0.029,1
"ENSG00000278376","ENSG00000278376",0.135337361920125,0.607091172976901,0.02,0.013,1
"ENSG00000233070","ENSG00000233070",0.135359122883786,0.458563768164764,0.012,0.007,1
"IHO1","IHO1",0.135631254708288,0.468458020945588,0.012,0.007,1
"TCTN2","TCTN2",0.135649846133297,0.596710139139903,0.041,0.031,1
"PLAUR","PLAUR",0.135726406597167,0.571173738056182,0.026,0.018,1
"ZC4H2","ZC4H2",0.135891497629766,-0.148526290605369,0.407,0.424,1
"NIPSNAP3A","NIPSNAP3A",0.135997697353889,-0.197425958660678,0.204,0.224,1
"DYRK1B","DYRK1B",0.136038464426632,0.226154286482756,0.101,0.084,1
"LINC01431","LINC01431",0.136257103977293,-0.654760600909855,0.019,0.027,1
"SORCS3","SORCS3",0.136328577237796,0.501859461387832,0.032,0.024,1
"FBXW11","FBXW11",0.136379807121335,-0.100701011604354,0.657,0.667,1
"ENSG00000276523","ENSG00000276523",0.136450185814076,0.293629103010052,0.012,0.007,1
"C15orf61","C15orf61",0.136483153276175,0.145883650949624,0.07,0.057,1
"FAM117A","FAM117A",0.136560389920338,0.286435763730465,0.087,0.072,1
"FLOT2","FLOT2",0.136726168452333,0.131129672231238,0.257,0.233,1
"PNPO","PNPO",0.136810913137452,-0.266144111024843,0.048,0.061,1
"CAPN12","CAPN12",0.136914357173351,0.500630208280749,0.02,0.013,1
"LINC01591","LINC01591",0.137063232938678,-0.902215707854573,0.022,0.031,1
"FSTL4","FSTL4",0.137219775321325,0.710860292658794,0.021,0.014,1
"NCAM1-AS2","NCAM1-AS2",0.137595834015896,-0.902504368072983,0.014,0.021,1
"HOXD1","HOXD1",0.137745375206798,-0.211979926610876,0.158,0.177,1
"WRAP53","WRAP53",0.137829238096131,0.400203204275679,0.05,0.039,1
"ECM2","ECM2",0.13787020359407,0.48421377378239,0.032,0.024,1
"SPATC1L","SPATC1L",0.137951219957997,0.219937579764056,0.14,0.122,1
"AMN1-AS1","AMN1-AS1",0.137971596276052,0.412878355849037,0.05,0.039,1
"SAE1","SAE1",0.137984834018763,0.151051629999059,0.296,0.276,1
"ENSG00000272854","ENSG00000272854",0.137990673188307,0.432277995475757,0.02,0.013,1
"KDM2A","KDM2A",0.137993386103687,-0.107378462811918,0.714,0.71,1
"RNASEH1","RNASEH1",0.138095054365249,0.442571906873011,0.032,0.023,1
"ZBTB39","ZBTB39",0.138267469509106,0.129472560709249,0.044,0.033,1
"NRIP3","NRIP3",0.138281844586551,-0.669032786212201,0.022,0.031,1
"SFR1","SFR1",0.138428437903127,0.264755293657816,0.098,0.082,1
"SV2C","SV2C",0.138433104714855,-0.483802450855003,0.016,0.024,1
"CPPED1","CPPED1",0.138848734228348,0.101907435295134,0.65,0.633,1
"RFTN1","RFTN1",0.138870824183258,0.236204568937032,0.026,0.018,1
"FIRRE","FIRRE",0.138877687059913,0.117461203720671,0.476,0.457,1
"TFDP1","TFDP1",0.139007821145581,-0.180031541739475,0.212,0.233,1
"LOC124900372","LOC124900372",0.139025330642237,0.381875794512027,0.041,0.031,1
"ZNF814","ZNF814",0.139096687008276,0.13954085563064,0.279,0.256,1
"KDM3A","KDM3A",0.139259242408404,-0.149314943679618,0.415,0.427,1
"LMO7-AS1","LMO7-AS1",0.139323617253616,0.60715276515613,0.033,0.024,1
"DENND2C","DENND2C",0.139369282674932,-0.561298710861744,0.035,0.046,1
"CRIPT","CRIPT",0.139433809056238,0.204950390707285,0.258,0.238,1
"ENSG00000268279","ENSG00000268279",0.139504464748858,0.764987738473644,0.016,0.01,1
"MRPL42","MRPL42",0.139548405399339,-0.192506967925463,0.355,0.367,1
"RSU1","RSU1",0.139605834486668,0.128758598952325,0.479,0.452,1
"WDR74","WDR74",0.139606672143038,0.259140400259498,0.084,0.07,1
"VPS37D","VPS37D",0.139665374032611,0.138974044148828,0.041,0.031,1
"PPP1R14B","PPP1R14B",0.139878336881631,0.439517808573845,0.033,0.024,1
"SUMO1","SUMO1",0.139995873798044,0.176668714950853,0.275,0.257,1
"ENSG00000262560","ENSG00000262560",0.140103653486166,0.664910082901875,0.021,0.014,1
"NUP50-DT","NUP50-DT",0.140160699675406,0.132127061235685,0.42,0.396,1
"PCNA","PCNA",0.140217894658047,0.221054698503691,0.12,0.103,1
"ENSG00000273416","ENSG00000273416",0.140328970080572,0.717374942464079,0.016,0.01,1
"GM2A","GM2A",0.140331282380535,-0.148005308851778,0.227,0.249,1
"ENSG00000256994","ENSG00000256994",0.140374365626798,-0.857820004257873,0.008,0.013,1
"RIMKLB","RIMKLB",0.140374593666806,-0.172488770766861,0.197,0.219,1
"GLA","GLA",0.140394674677977,0.217923082348851,0.039,0.029,1
"TMEM244","TMEM244",0.14053682469262,-0.378677076225836,0.05,0.062,1
"ENSG00000254031","ENSG00000254031",0.140555034247476,0.545592342524635,0.043,0.033,1
"KCNMA1-AS1","KCNMA1-AS1",0.140716685244019,0.64257834964138,0.021,0.014,1
"SMU1","SMU1",0.140720210289266,-0.202918443928186,0.314,0.333,1
"TUBB8","TUBB8",0.140766534425434,-0.999236379249163,0.008,0.013,1
"ENSG00000258666","ENSG00000258666",0.141280440057625,0.26271382122558,0.021,0.014,1
"POLR2K","POLR2K",0.141334142668272,0.156871624330426,0.16,0.14,1
"C6","C6",0.141335188196039,0.52145829650224,0.016,0.01,1
"ENSG00000260733","ENSG00000260733",0.141367516892219,0.280787456070474,0.039,0.029,1
"UROS","UROS",0.141429997320411,0.132639967233226,0.39,0.369,1
"KCNK10","KCNK10",0.14145393041029,0.401136191628357,0.016,0.01,1
"NBPF26","NBPF26",0.141521744630999,0.621570639509748,0.036,0.027,1
"ENSG00000278002","ENSG00000278002",0.141572291830777,-0.575675760232548,0.022,0.031,1
"ZNF668","ZNF668",0.141602784425605,0.34887830325541,0.083,0.069,1
"TMEM54","TMEM54",0.141628876252682,0.189640009394212,0.032,0.023,1
"RCBTB2","RCBTB2",0.141814113517192,0.138959217905045,0.218,0.195,1
"IQCH-AS1","IQCH-AS1",0.142018786365934,-0.209412138382087,0.102,0.118,1
"MSTO1","MSTO1",0.142052125599953,-0.291920223629818,0.062,0.076,1
"ENSG00000237133","ENSG00000237133",0.142059639847592,0.206989538804033,0.079,0.065,1
"TMPO","TMPO",0.142190446389845,0.21800631849803,0.147,0.129,1
"ENSG00000269806","ENSG00000269806",0.142201772224972,0.582868533980851,0.034,0.025,1
"CBY1","CBY1",0.142277003369236,-0.299853273869093,0.119,0.136,1
"FBXO24","FBXO24",0.142287273404691,-0.945393450256463,0.01,0.016,1
"MYO3A","MYO3A",0.142466336377691,-0.899674740932097,0.01,0.016,1
"RCN3","RCN3",0.142491798565952,1.01361122291306,0.012,0.007,1
"LOH12CR2","LOH12CR2",0.142506067615326,0.320492838042467,0.064,0.051,1
"TMOD1","TMOD1",0.142586342095607,0.552085257128266,0.035,0.025,1
"PLET1","PLET1",0.142601746501903,-0.608935487028549,0.019,0.027,1
"MDH2","MDH2",0.142602782856249,0.119898290454506,0.185,0.161,1
"LOC124902769","LOC124902769",0.14265708608952,0.31917884371353,0.032,0.023,1
"EFCAB14","EFCAB14",0.142757024399384,-0.122516948356349,0.482,0.498,1
"GATD1-DT","GATD1-DT",0.142769049441682,0.175779523699482,0.18,0.159,1
"EAF2","EAF2",0.142782651363821,-0.434409006930632,0.082,0.096,1
"DCTN1","DCTN1",0.142814719654743,-0.170519480541715,0.104,0.122,1
"SCIRT","SCIRT",0.143304251868753,-0.667674382528274,0.01,0.016,1
"TRABD-AS1","TRABD-AS1",0.143315258127896,-0.544935571200901,0.026,0.035,1
"ZBTB22","ZBTB22",0.143344691594268,0.430712089945978,0.055,0.044,1
"RTCB","RTCB",0.143398526235674,0.113774448724895,0.381,0.354,1
"HCLS1","HCLS1",0.143462445085852,-0.366981115948617,0.012,0.018,1
"OTOF","OTOF",0.143535342294596,-0.724632969963675,0.008,0.013,1
"ENSG00000259408","ENSG00000259408",0.143577889406627,0.845686700087663,0.021,0.014,1
"UBXN11","UBXN11",0.143670142201568,-0.401570140992983,0.017,0.024,1
"ELOVL4","ELOVL4",0.143817680445928,0.20626025354944,0.101,0.085,1
"GPD1L","GPD1L",0.143852210135553,0.121968899277554,0.183,0.161,1
"ENSG00000251273","ENSG00000251273",0.143862093595078,0.727328310919176,0.012,0.007,1
"RAD51C","RAD51C",0.143983861523728,-0.23805654687926,0.209,0.228,1
"LINC02549","LINC02549",0.143995362479851,-0.795291412032794,0.01,0.016,1
"ENSG00000273329","ENSG00000273329",0.144009477837234,0.197207669831576,0.11,0.093,1
"ENSG00000227407","ENSG00000227407",0.1440118650612,0.347867206727484,0.033,0.024,1
"REELD1","REELD1",0.144128672372858,0.533424408841526,0.035,0.025,1
"CCDC22","CCDC22",0.144203531874215,-0.386709109013165,0.053,0.065,1
"PYURF","PYURF",0.144328315598453,0.130539085153896,0.238,0.216,1
"TAF13","TAF13",0.144388935741391,0.150498277898274,0.211,0.19,1
"ARHGEF28","ARHGEF28",0.14440289809332,-0.154105547355321,0.176,0.197,1
"FAM86C1P","FAM86C1P",0.144529310539013,-0.526848866567375,0.017,0.024,1
"LYN","LYN",0.144535341275011,0.948227265525184,0.017,0.01,1
"ENSG00000258982","ENSG00000258982",0.144683904806266,-0.320528340675961,0.083,0.098,1
"ENSG00000257271","ENSG00000257271",0.144846736282466,-0.371901193987512,0.036,0.046,1
"RUSF1-DT","RUSF1-DT",0.14490094340263,-0.344947604805159,0.025,0.034,1
"MYRIP","MYRIP",0.144939882332828,-0.199852171180984,0.158,0.18,1
"TGFBRAP1","TGFBRAP1",0.145423660365789,-0.162998394247742,0.211,0.233,1
"ENSG00000225421","ENSG00000225421",0.14563290119624,0.638861091314562,0.028,0.02,1
"UBAP2L","UBAP2L",0.145689385738315,-0.202558162038667,0.34,0.358,1
"ZNF132","ZNF132",0.145702207651667,0.529602180443608,0.035,0.026,1
"ENSG00000226310","ENSG00000226310",0.145921799583177,-0.480008059199955,0.017,0.024,1
"PSME3IP1","PSME3IP1",0.145935650653846,-0.138419963332191,0.382,0.402,1
"ATAD3C","ATAD3C",0.145953356861837,-0.175839360680977,0.157,0.175,1
"MRPL3","MRPL3",0.146025985951399,0.177329987264802,0.279,0.253,1
"JOSD1","JOSD1",0.146387561024044,0.142565942443789,0.317,0.292,1
"KDM5C","KDM5C",0.146439522122088,-0.175587892252037,0.226,0.247,1
"EIF2D","EIF2D",0.146574688176871,0.127999220539509,0.226,0.202,1
"NSUN4","NSUN4",0.146632303399211,-0.153199663153591,0.173,0.193,1
"MROH7-TTC4","MROH7-TTC4",0.146867044923211,0.41771536856456,0.065,0.053,1
"ERICH2","ERICH2",0.14691228667505,0.362516420403043,0.012,0.007,1
"KAT14","KAT14",0.146930142103158,0.185397120540872,0.189,0.169,1
"SLC35F4","SLC35F4",0.146945696394118,-0.470234930065902,0.019,0.027,1
"PITHD1","PITHD1",0.146950544550607,0.109519444845207,0.369,0.341,1
"TMEM18","TMEM18",0.146952728091119,-0.268590037438942,0.114,0.131,1
"KIAA1671","KIAA1671",0.146962618491307,-0.153661746515731,0.034,0.044,1
"HFE","HFE",0.147121420437102,0.474619410612426,0.033,0.024,1
"NOLC1","NOLC1",0.147158569416262,0.173661835501138,0.129,0.11,1
"ZMIZ1","ZMIZ1",0.147180309528027,0.174374838554041,0.737,0.727,1
"LINC00937","LINC00937",0.147285612202635,0.335658615814899,0.104,0.09,1
"CTNS","CTNS",0.147381923922332,0.183581343734169,0.187,0.167,1
"STON1-GTF2A1L","STON1-GTF2A1L",0.147472142452909,0.367005957440572,0.012,0.007,1
"PAIP2B","PAIP2B",0.147523100731527,-0.322896323123047,0.154,0.17,1
"PXDC1","PXDC1",0.147692613063751,0.297722233766253,0.046,0.035,1
"RASSF3","RASSF3",0.147893347826506,0.380628056675875,0.027,0.019,1
"GTF2F2","GTF2F2",0.147923211730198,0.109694554166633,0.28,0.252,1
"RASGRP1","RASGRP1",0.147944857508338,0.438708978559665,0.028,0.02,1
"ENSG00000279080","ENSG00000279080",0.148280844546436,0.383751150167932,0.017,0.01,1
"RNF8","RNF8",0.148383626093142,-0.150100019879357,0.296,0.32,1
"VHL","VHL",0.1484670008075,0.122630396213311,0.225,0.201,1
"SSRP1","SSRP1",0.148473417544599,0.268099066045155,0.144,0.127,1
"LOC105375366","LOC105375366",0.148555378028336,0.139265184156972,0.155,0.135,1
"SLC35G1","SLC35G1",0.148629299690676,-0.665791558803697,0.02,0.028,1
"ACAD8","ACAD8",0.148717010756402,0.11703686742841,0.128,0.11,1
"EBPL","EBPL",0.148727697296869,0.157369018473809,0.128,0.11,1
"EMD","EMD",0.148810081958748,-0.255267982388507,0.14,0.157,1
"ACTR5","ACTR5",0.148947451120636,0.346058615893149,0.096,0.081,1
"RDH16","RDH16",0.149062873376201,0.584873324195946,0.017,0.01,1
"SHOC1","SHOC1",0.149154210237786,0.241955839448022,0.087,0.073,1
"PLRG1","PLRG1",0.149251264739742,-0.185105438516135,0.165,0.184,1
"AIFM2","AIFM2",0.149295178891336,-0.353385058593384,0.073,0.086,1
"NUP155","NUP155",0.149381203539357,-0.207693538507488,0.194,0.214,1
"HDGFL2","HDGFL2",0.149386629289369,-0.227682518894418,0.181,0.198,1
"NAA60","NAA60",0.149387623772411,0.10559158492452,0.242,0.218,1
"OSBP","OSBP",0.149389674724921,-0.278495123462693,0.264,0.282,1
"GMPPB","GMPPB",0.149442270618649,0.617986788506661,0.028,0.02,1
"HEY2-AS1","HEY2-AS1",0.149458785893016,-0.560898014724526,0.034,0.044,1
"MLLT1","MLLT1",0.149798935763676,0.114068740670382,0.267,0.245,1
"P4HB","P4HB",0.150026586525398,0.102692680688634,0.361,0.333,1
"VCF2","VCF2",0.15006593713811,0.14043218627971,0.135,0.117,1
"LOC107984588","LOC107984588",0.150105241897639,-1.01805064430896,0.006,0.011,1
"AIDA","AIDA",0.150213815736534,-0.234349701773163,0.144,0.162,1
"H2AJ","H2AJ",0.150251594710891,-0.161051291396089,0.386,0.407,1
"GLIS3","GLIS3",0.150257468384467,0.680623653117727,0.048,0.037,1
"ENSG00000167774","ENSG00000167774",0.150330327579321,-0.827208255383208,0.006,0.011,1
"NDUFA2","NDUFA2",0.150349197935428,-0.247651553757245,0.205,0.223,1
"SOX4","SOX4",0.150464656229049,0.789359942821386,0.03,0.022,1
"ENSG00000260473","ENSG00000260473",0.150480527614562,-0.830484412489646,0.006,0.011,1
"UQCC4","UQCC4",0.15060502997216,0.137997120254029,0.054,0.042,1
"FKBP9","FKBP9",0.150702953891799,-0.16309855877892,0.237,0.259,1
"TRPC5","TRPC5",0.150709122478456,1.11999149381624,0.023,0.016,1
"ENSG00000260927","ENSG00000260927",0.15073023588009,-0.338558333632814,0.057,0.069,1
"EHMT2-AS1","EHMT2-AS1",0.150769594048139,0.64203188986271,0.023,0.016,1
"MAGI3","MAGI3",0.150803874756789,-0.195964325456583,0.381,0.399,1
"TTC12-DT","TTC12-DT",0.150968298956467,0.803049533735509,0.017,0.011,1
"RARB","RARB",0.151084143522455,-0.219209647626992,0.084,0.1,1
"GPC5","GPC5",0.151119038848246,0.779715818931854,0.188,0.173,1
"LARS1","LARS1",0.151137257052903,0.133798074340953,0.537,0.515,1
"ENSG00000267750","ENSG00000267750",0.1511973370685,0.264529438289918,0.055,0.043,1
"CEP126","CEP126",0.151222295109046,0.147268167646367,0.314,0.293,1
"WDR5","WDR5",0.151428481168473,0.145437083873035,0.24,0.214,1
"UBAC1","UBAC1",0.151653484802872,0.172435604410924,0.229,0.207,1
"ENSG00000248969","ENSG00000248969",0.151672021061099,-0.993111034032104,0.01,0.016,1
"NADSYN1","NADSYN1",0.151834547482902,-0.134129883090848,0.428,0.452,1
"TOPBP1","TOPBP1",0.151847664391284,0.182977052784321,0.182,0.161,1
"BCL9","BCL9",0.151918286134473,-0.163190652431585,0.222,0.241,1
"ENSG00000269172","ENSG00000269172",0.152160205225638,0.782250930976877,0.017,0.011,1
"CHRNA5","CHRNA5",0.152319103470905,0.216242255554261,0.028,0.02,1
"ENSG00000257986","ENSG00000257986",0.152388412568848,-0.967826948808781,0.012,0.019,1
"CLNK","CLNK",0.152416722220684,-0.662007762464951,0.012,0.019,1
"DPY30","DPY30",0.152438974536798,0.146378183461159,0.341,0.317,1
"CHMP5","CHMP5",0.15266151752814,0.135905780062384,0.321,0.293,1
"C19orf44","C19orf44",0.152696952311134,-0.235378513823024,0.039,0.05,1
"WNT9A","WNT9A",0.152774136257505,0.389416878899743,0.028,0.02,1
"ENSG00000261242","ENSG00000261242",0.152788904059732,0.574815319031195,0.022,0.015,1
"ENSG00000249249","ENSG00000249249",0.152800476050037,-0.457382283907569,0.055,0.067,1
"ENSG00000238058","ENSG00000238058",0.15281855372247,0.40496337947261,0.048,0.038,1
"LAMA1","LAMA1",0.152841863507332,-0.718042355508286,0.012,0.019,1
"ENSG00000261140","ENSG00000261140",0.152882035858587,-0.233726274953309,0.112,0.129,1
"TNK2","TNK2",0.15296412394766,0.166911947677141,0.263,0.242,1
"ZNF487","ZNF487",0.153049400931274,0.293199823203559,0.105,0.09,1
"BRK1","BRK1",0.153126009261316,0.135768574598131,0.258,0.237,1
"SLC6A11","SLC6A11",0.153127584011416,-0.132053464161375,0.006,0.011,1
"SLC9A5","SLC9A5",0.15314208859643,0.245223256932589,0.113,0.097,1
"MUS81","MUS81",0.153158915795829,0.134791142189311,0.162,0.142,1
"ENSG00000235077","ENSG00000235077",0.15327990739434,-0.598379004816743,0.006,0.011,1
"AFP","AFP",0.153281060573158,-0.480999873788226,0.02,0.028,1
"OSTF1","OSTF1",0.153306602469683,-0.158020671349422,0.356,0.381,1
"BMF","BMF",0.153346094746281,0.77334752067655,0.013,0.008,1
"PRKAB2","PRKAB2",0.15343682975287,-0.239857114536387,0.273,0.293,1
"PGAP3","PGAP3",0.153459540225547,-0.177852143688807,0.085,0.101,1
"ALG9","ALG9",0.153475537291863,-0.368020215532155,0.045,0.056,1
"STPG4","STPG4",0.153659777226983,0.42992763882444,0.029,0.021,1
"MYO9A-AS1","MYO9A-AS1",0.15369187166953,0.506756600644109,0.048,0.038,1
"GALT","GALT",0.153716516850368,-0.449471224499783,0.064,0.077,1
"OR1L8","OR1L8",0.153737568982259,-0.272637796905202,0.006,0.011,1
"ENSG00000271576","ENSG00000271576",0.153769220048936,0.298640143229692,0.081,0.067,1
"MTX3","MTX3",0.153823126474508,0.123067507484755,0.254,0.231,1
"DARS1-AS1","DARS1-AS1",0.153915097570576,0.351016985795023,0.036,0.027,1
"APPL1","APPL1",0.154005850873486,-0.133064739546778,0.49,0.501,1
"ZNF777","ZNF777",0.154076358505637,-0.267850156391606,0.082,0.097,1
"PILRA","PILRA",0.154346497932779,-0.120358631334597,0.205,0.226,1
"NBPF19","NBPF19",0.154349399445535,-0.432930244855181,0.006,0.011,1
"ENSG00000272501","ENSG00000272501",0.154358321110576,-0.464768408913659,0.023,0.032,1
"KCNQ5","KCNQ5",0.154364403347764,0.215946094475902,0.044,0.033,1
"CNPY4","CNPY4",0.154406447512808,0.374825350988032,0.058,0.046,1
"MALSU1","MALSU1",0.15450199525127,0.169017926950576,0.288,0.265,1
"ENSG00000230258","ENSG00000230258",0.15453717840944,0.759845439150695,0.013,0.008,1
"ENSG00000263307","ENSG00000263307",0.15459549162007,-0.104562923631053,0.217,0.239,1
"HMGA1","HMGA1",0.1546650155265,0.195620801398218,0.042,0.032,1
"NHERF1","NHERF1",0.154739567325219,0.15127265999366,0.317,0.291,1
"PHF5A","PHF5A",0.154803716096283,0.108124450912216,0.109,0.092,1
"ATP2C2","ATP2C2",0.154887401428109,-0.384675756307557,0.032,0.042,1
"ELMOD1","ELMOD1",0.154963078232396,-0.127320270962736,0.006,0.011,1
"KTN1-AS1","KTN1-AS1",0.154971824747851,-0.104842552581731,0.104,0.12,1
"CPO","CPO",0.155164170752597,0.387472652943187,0.059,0.047,1
"CCDC97","CCDC97",0.15533439990965,0.480901144646907,0.096,0.082,1
"ZFHX2","ZFHX2",0.155454220151812,0.14099111068451,0.267,0.245,1
"C17orf78","C17orf78",0.155523337411252,0.578429646346986,0.013,0.008,1
"LINC01840","LINC01840",0.155596439850278,0.427027193187708,0.017,0.011,1
"KCNJ3","KCNJ3",0.155735277306733,0.911216373866558,0.013,0.008,1
"SNX5","SNX5",0.155794115015391,0.158053221139931,0.245,0.227,1
"ENSG00000237019","ENSG00000237019",0.155867411958165,1.16300336404128,0.01,0.005,1
"PCDHB7","PCDHB7",0.155868905964195,-0.400804155207444,0.01,0.016,1
"SUGP1","SUGP1",0.155872487578116,0.10212649480497,0.186,0.166,1
"ARHGEF3-AS1","ARHGEF3-AS1",0.155957553105347,-0.815755534445055,0.008,0.014,1
"GPRIN3","GPRIN3",0.15603514309178,1.12424617425198,0.01,0.005,1
"CPNE3","CPNE3",0.156075380254109,-0.16193780706567,0.266,0.286,1
"ENSG00000257553","ENSG00000257553",0.156119059996044,1.1022429925775,0.01,0.005,1
"ENSG00000260349","ENSG00000260349",0.156258660098083,0.636678114913551,0.023,0.016,1
"ENSG00000254314","ENSG00000254314",0.156265625767281,0.347520377640935,0.037,0.027,1
"LINC02377","LINC02377",0.156286996514599,0.940685435735968,0.01,0.005,1
"UBE2J1","UBE2J1",0.156603139527752,-0.165886848168631,0.317,0.336,1
"CDC20-DT","CDC20-DT",0.156640007051009,0.444971052004116,0.073,0.06,1
"EPX","EPX",0.15665621699002,0.627154889507169,0.013,0.008,1
"AMOTL1","AMOTL1",0.156782463681861,-0.717707399445684,0.008,0.014,1
"LINC02080","LINC02080",0.156791628255548,0.9668994576731,0.01,0.005,1
"ENSG00000249856","ENSG00000249856",0.156869096634378,-0.753237375701961,0.01,0.016,1
"TTC9B","TTC9B",0.156875853521311,0.743570038302139,0.01,0.005,1
"ENSG00000271795","ENSG00000271795",0.156960113084486,0.823931236521053,0.01,0.005,1
"GTPBP2","GTPBP2",0.157160591217887,0.402960544708266,0.1,0.085,1
"SP4","SP4",0.157167676888516,0.109566387154645,0.443,0.422,1
"TACO1","TACO1",0.157389670935447,0.374359069953174,0.07,0.058,1
"MPZ","MPZ",0.157403314520802,-0.595724454230092,0.008,0.014,1
"ZNF10","ZNF10",0.157433838161334,-0.590651461144129,0.01,0.016,1
"ENSG00000257657","ENSG00000257657",0.157540905774518,0.416811183412499,0.071,0.059,1
"MEGF11","MEGF11",0.157640393455441,-0.398744640459267,0.027,0.036,1
"CTU2","CTU2",0.157841421531923,0.255354841591313,0.044,0.034,1
"TMEM243","TMEM243",0.157970333559793,0.330505676043941,0.074,0.061,1
"DNAJB5","DNAJB5",0.157985637199379,0.312641137107572,0.063,0.051,1
"ENSG00000259463","ENSG00000259463",0.158081102834109,0.372569521558325,0.013,0.008,1
"ENSG00000278642","ENSG00000278642",0.158143352109087,0.540457484416203,0.01,0.005,1
"ZFYVE26","ZFYVE26",0.158179695963046,-0.167121174422279,0.272,0.292,1
"PSMC3","PSMC3",0.15820431154122,0.144912032074529,0.172,0.151,1
"NTNG1","NTNG1",0.158270760094303,-0.576643636049922,0.015,0.022,1
"C13orf46","C13orf46",0.158312936242323,0.495230350595418,0.01,0.005,1
"MIS18A-AS1","MIS18A-AS1",0.158377713116905,-0.638494133031599,0.015,0.022,1
"LY6G5B","LY6G5B",0.158397779929367,1.00910895611741,0.01,0.005,1
"ENSG00000228302","ENSG00000228302",0.158397779929367,0.471697849084427,0.01,0.005,1
"LRRC4","LRRC4",0.158441625225433,-0.440830392608014,0.01,0.016,1
"ENSG00000223839","ENSG00000223839",0.15851551943501,0.138058116144485,0.028,0.02,1
"GOLGA6L4.1","GOLGA6L4.1",0.158610935058862,-0.562703602538953,0.018,0.025,1
"LINC01492","LINC01492",0.158810142214788,0.233608740332003,0.029,0.021,1
"ENSG00000257239","ENSG00000257239",0.158894615742985,0.47875456708326,0.037,0.028,1
"HSPA14","HSPA14",0.158924046655987,-0.292004095910501,0.087,0.101,1
"CABLES2","CABLES2",0.159092181119894,-0.356614660099235,0.038,0.048,1
"RRS1-DT","RRS1-DT",0.15920066524525,-0.396113737121962,0.01,0.016,1
"SMC3","SMC3",0.159310459001496,0.161869931641353,0.395,0.372,1
"TRAPPC2L","TRAPPC2L",0.159422559733795,-0.197725578313972,0.234,0.25,1
"ANAPC7","ANAPC7",0.159425585631513,-0.155593751254987,0.311,0.332,1
"GJA1","GJA1",0.159708132427302,-0.548200047515319,0.023,0.032,1
"LINC00907","LINC00907",0.159710823989991,-0.438689994273009,0.114,0.129,1
"ASIC3","ASIC3",0.159801815772807,0.14969894726211,0.1,0.084,1
"RPP25L","RPP25L",0.159817126535237,0.283600139837495,0.058,0.046,1
"TMEM237","TMEM237",0.15985084326366,-0.291974146407067,0.097,0.113,1
"ENSG00000250421","ENSG00000250421",0.160084119623558,0.47148793843624,0.03,0.022,1
"THAP11","THAP11",0.160410110867269,0.253776556998099,0.084,0.069,1
"RRP36","RRP36",0.160505574638588,0.166005192471946,0.23,0.21,1
"CCDC137","CCDC137",0.160801219504698,0.126454697818458,0.111,0.095,1
"ZBTB5","ZBTB5",0.160942201861699,0.15745575472379,0.167,0.148,1
"NXNL2","NXNL2",0.161448928323574,-0.350579135279498,0.015,0.022,1
"AFG2B","AFG2B",0.161489980988799,0.336505522016905,0.154,0.139,1
"FBXO5","FBXO5",0.16151037728882,0.561511387853037,0.023,0.016,1
"TRPV1","TRPV1",0.161833108894159,-0.312132634653956,0.094,0.108,1
"ITGA2B","ITGA2B",0.161838763063435,-0.478219675451089,0.065,0.078,1
"MEF2C-AS1","MEF2C-AS1",0.162151092875522,-0.426782421428921,0.031,0.041,1
"BRICD5","BRICD5",0.162156399817953,0.300365961009028,0.077,0.063,1
"RGS17","RGS17",0.162182045153555,0.34260950834793,0.03,0.022,1
"HSD17B11","HSD17B11",0.162183630658754,-0.188619182800927,0.196,0.217,1
"TCEAL5","TCEAL5",0.162184541220772,-0.55170885150345,0.021,0.029,1
"TAB3","TAB3",0.162210803499079,-0.137795946938293,0.196,0.217,1
"FBH1","FBH1",0.162266550251552,0.107662816271128,0.395,0.371,1
"LINC01414","LINC01414",0.162368534322111,-0.604569339741643,0.035,0.045,1
"AP1AR","AP1AR",0.162524364177368,0.196557090575704,0.166,0.147,1
"ABTB3","ABTB3",0.162591695157198,-0.233627730035158,0.015,0.022,1
"ENSG00000260409","ENSG00000260409",0.162770608271106,0.122078190540331,0.091,0.076,1
"AGK","AGK",0.162886058266395,0.10690863319917,0.424,0.398,1
"ETHE1","ETHE1",0.16299256572911,0.196409390710556,0.084,0.07,1
"ENSG00000255224","ENSG00000255224",0.163116338068435,0.15735061770532,0.031,0.023,1
"TRAPPC14","TRAPPC14",0.163273555211635,0.392435950567037,0.039,0.03,1
"BYSL","BYSL",0.163296503942205,0.297523626459524,0.03,0.022,1
"FAM193B-DT","FAM193B-DT",0.163343812896472,0.450276031159012,0.023,0.016,1
"MTHFSD","MTHFSD",0.163471717803452,-0.146046070076383,0.147,0.165,1
"ENSG00000283118","ENSG00000283118",0.163537141026709,-0.563563815921299,0.028,0.037,1
"QPCTL","QPCTL",0.163633762784985,0.138141986382941,0.046,0.036,1
"ADCY2","ADCY2",0.163694560841883,-0.323703421885114,0.066,0.08,1
"HS3ST4","HS3ST4",0.163715298827516,0.652631495595769,0.061,0.05,1
"FAM98A","FAM98A",0.163727801902192,0.107990005590168,0.302,0.279,1
"LOC124900192","LOC124900192",0.163940483605587,0.532945325281192,0.018,0.012,1
"JAG2","JAG2",0.163956631972068,0.303391379367221,0.023,0.016,1
"ZNF79","ZNF79",0.164125547677219,0.428512539975397,0.051,0.041,1
"INTS7","INTS7",0.16457939353168,0.133313149408567,0.456,0.444,1
"PRPF18","PRPF18",0.164601867443105,-0.158001899062722,0.154,0.171,1
"SLIT3","SLIT3",0.164748659921503,0.21579781781279,0.045,0.035,1
"TARBP2","TARBP2",0.164754033267693,-0.368236289480461,0.064,0.076,1
"ENSG00000277476","ENSG00000277476",0.164787027515214,0.146521489452386,0.045,0.035,1
"ENSG00000263264","ENSG00000263264",0.164922344999901,-0.47279856499474,0.021,0.029,1
"TOR2A","TOR2A",0.165022261617087,0.219428924917231,0.038,0.029,1
"WDR75","WDR75",0.165301026069507,-0.17411995049415,0.258,0.278,1
"GCNT7","GCNT7",0.16550120223647,0.765560812353221,0.014,0.008,1
"NGDN","NGDN",0.165554877066576,-0.34874063270935,0.097,0.112,1
"TP53TG1","TP53TG1",0.165821463862228,0.339294303030975,0.111,0.096,1
"LRP1","LRP1",0.165943819920347,0.194466713226583,0.038,0.029,1
"NUP37","NUP37",0.166031286183674,-0.232707356492735,0.12,0.137,1
"LINC01258","LINC01258",0.166118994926249,-0.360300251139538,0.013,0.02,1
"TTLL12","TTLL12",0.16617936989705,0.246417416013452,0.087,0.073,1
"SUPT16H","SUPT16H",0.166205873712191,-0.164446411125773,0.314,0.335,1
"ENSG00000243155","ENSG00000243155",0.166216743057032,-0.30027678008717,0.027,0.036,1
"DCAF8","DCAF8",0.166295681431497,-0.208487944064021,0.246,0.262,1
"ENSG00000246982","ENSG00000246982",0.166348308636292,0.118908923175471,0.272,0.246,1
"MAST1","MAST1",0.166435987621319,0.701223526722552,0.014,0.008,1
"ENSG00000237838","ENSG00000237838",0.166508058287489,0.78908986856312,0.014,0.008,1
"PRICKLE1","PRICKLE1",0.166706484324518,-1.11506456965622,0.011,0.017,1
"WASHC4","WASHC4",0.166731094294954,-0.122471704315435,0.63,0.634,1
"FAM24B","FAM24B",0.166744427015107,-0.427429392248694,0.074,0.088,1
"BFSP1","BFSP1",0.166771267972113,-0.549701430424391,0.013,0.02,1
"ENSG00000253106","ENSG00000253106",0.16691865939859,0.464608980281908,0.019,0.012,1
"C2CD2L","C2CD2L",0.166954271408321,0.123181341196869,0.151,0.131,1
"MCMBP","MCMBP",0.167038249667865,0.169011891679888,0.341,0.317,1
"PIK3R3","PIK3R3",0.167072330886662,-1.41819584157954,0.009,0.014,1
"SCAF1","SCAF1",0.167170258338212,-0.224521504848844,0.244,0.263,1
"INTS8","INTS8",0.167180046466426,-0.107831063338521,0.301,0.32,1
"ENSG00000273674","ENSG00000273674",0.167218712773903,0.116556876290332,0.217,0.194,1
"DLEC1","DLEC1",0.16723005589671,0.48671067366479,0.014,0.008,1
"ENSG00000282278","ENSG00000282278",0.167387859050542,0.27205903923089,0.13,0.114,1
"ENSG00000261326","ENSG00000261326",0.167431154530293,0.195180313509988,0.153,0.134,1
"SIKE1","SIKE1",0.167660261708362,0.109730143388682,0.211,0.192,1
"CSF1R","CSF1R",0.167664382096827,0.573626782859428,0.014,0.008,1
"VWA1","VWA1",0.167694082488228,-0.156438440411083,0.52,0.543,1
"SEC24A","SEC24A",0.167696742733714,0.100645308409075,0.277,0.251,1
"RNF128","RNF128",0.167730336847013,-0.320364974617365,0.024,0.033,1
"KANK2","KANK2",0.167818911743157,0.325314117201327,0.023,0.016,1
"SLC20A1","SLC20A1",0.167830109823824,-0.109530365417298,0.25,0.272,1
"IGFBP7","IGFBP7",0.16783987235766,-0.563680527904082,0.016,0.023,1
"RARS2","RARS2",0.168040619453087,-0.118367047442668,0.494,0.516,1
"CCL28","CCL28",0.168154931466401,0.307069816731436,0.05,0.04,1
"SLC7A2","SLC7A2",0.168156967533195,-0.307159834122571,0.051,0.063,1
"CEP76","CEP76",0.168274282210201,-0.277965562922117,0.116,0.131,1
"ZNF200","ZNF200",0.168316761533742,-0.322402024508329,0.031,0.041,1
"GUCD1","GUCD1",0.168523217781694,0.112401385985518,0.176,0.156,1
"LBR","LBR",0.168739402639122,0.10612917765717,0.402,0.376,1
"PITPNC1","PITPNC1",0.168755390823966,0.306472207066913,0.084,0.071,1
"BCL10","BCL10",0.168839482692913,0.255141957124767,0.07,0.058,1
"C16orf96","C16orf96",0.169106822221019,-0.642470117138608,0.016,0.023,1
"ANKRD35","ANKRD35",0.169122797638488,-0.86472213230315,0.007,0.012,1
"TNFRSF10B","TNFRSF10B",0.169201919994946,-0.645179262099752,0.007,0.012,1
"SLC9A3","SLC9A3",0.169289181376657,0.552283880813477,0.025,0.018,1
"ENSG00000249513","ENSG00000249513",0.169329919416574,-0.795876682384657,0.009,0.014,1
"ENSG00000244036","ENSG00000244036",0.169433691623263,-0.450203547965408,0.022,0.03,1
"CDC42SE2","CDC42SE2",0.169477631107421,-0.106098962478481,0.598,0.606,1
"LITATS1","LITATS1",0.169520823188469,-0.152531916837133,0.185,0.203,1
"TAF8","TAF8",0.169552293136781,0.150736817894327,0.197,0.175,1
"WNT2B","WNT2B",0.169754648228464,0.150385996275284,0.138,0.122,1
"OR3A2","OR3A2",0.169946107122293,-0.357168081651055,0.044,0.054,1
"LINC03015","LINC03015",0.170210362485718,0.406597806778852,0.058,0.047,1
"PDE6C","PDE6C",0.170378079878923,0.333338435094484,0.019,0.012,1
"SWSAP1","SWSAP1",0.17040231321769,0.246194680271907,0.05,0.04,1
"TMEM17","TMEM17",0.170405439202579,0.470957504746458,0.032,0.024,1
"CFAP47","CFAP47",0.170420040455202,-0.617491730576959,0.026,0.034,1
"ENSG00000263826","ENSG00000263826",0.170551251367926,-0.8292209011387,0.007,0.012,1
"ITGA7","ITGA7",0.170628176383883,-0.561412991095216,0.025,0.033,1
"ZKSCAN3","ZKSCAN3",0.170701935895486,-0.450567032228218,0.062,0.075,1
"SNAP25","SNAP25",0.17071173618707,0.35749680887074,0.101,0.087,1
"LAMTOR3","LAMTOR3",0.170715960753364,0.130564105186405,0.127,0.11,1
"MTF1","MTF1",0.170778858030472,0.134698748122099,0.292,0.271,1
"KCNMB2","KCNMB2",0.170806437480379,0.933262766162593,0.01,0.006,1
"ENSG00000272040","ENSG00000272040",0.170916076294363,0.496471576030629,0.032,0.024,1
"LAMB2","LAMB2",0.170974100537564,-0.215378635975839,0.011,0.017,1
"ACSL6-AS1","ACSL6-AS1",0.17110952084861,-0.592519861473414,0.009,0.014,1
"ENSG00000255823","ENSG00000255823",0.171171751654657,-0.130179165541188,0.2,0.222,1
"ZNF260","ZNF260",0.171184749129673,0.149053761103134,0.237,0.216,1
"ENSG00000244337","ENSG00000244337",0.171236972092062,0.806368308403974,0.01,0.006,1
"CIMAP1D","CIMAP1D",0.171252491732607,-0.957676295415168,0.009,0.014,1
"ENSG00000263731","ENSG00000263731",0.171324010707505,-0.631082866386865,0.009,0.014,1
"RYR3","RYR3",0.171428259013949,0.172685815840086,0.052,0.041,1
"RP9","RP9",0.171504626504041,0.181412077910394,0.167,0.15,1
"EXOSC8","EXOSC8",0.171544149592637,-0.192959945886763,0.155,0.173,1
"DCDC2B","DCDC2B",0.171828559554342,-0.589481452131956,0.007,0.012,1
"NOS1","NOS1",0.171958137308346,-0.820331965153229,0.019,0.027,1
"DOC2A","DOC2A",0.172013981195869,1.09960993182554,0.01,0.006,1
"PUS10","PUS10",0.17223210596119,0.190668168501396,0.234,0.214,1
"TSTD2","TSTD2",0.172240781860506,-0.251651937846236,0.332,0.348,1
"ASF1A","ASF1A",0.172503434211809,0.148582734061054,0.144,0.126,1
"TMC4","TMC4",0.172615178896134,0.862840710983261,0.015,0.009,1
"TAX1BP1-AS1","TAX1BP1-AS1",0.172615178896134,-0.499568270021662,0.009,0.014,1
"CSNK1E","CSNK1E",0.172786567948334,0.126756699824611,0.334,0.307,1
"PNPLA4","PNPLA4",0.172919107867208,0.178629381269729,0.065,0.053,1
"ENSG00000257497","ENSG00000257497",0.172975123551554,0.712661192789104,0.015,0.009,1
"TRMT10B","TRMT10B",0.173020030392499,0.102249354164364,0.309,0.286,1
"DNALI1","DNALI1",0.173105594376601,-0.359204765732725,0.025,0.033,1
"SPNS1","SPNS1",0.173136772487832,0.122473582112344,0.175,0.154,1
"EP300-AS1","EP300-AS1",0.173140980912124,0.368291882670134,0.01,0.006,1
"APBB3","APBB3",0.173230782502343,-0.203968625357665,0.129,0.146,1
"CTBP1-DT","CTBP1-DT",0.173303931775131,0.108702833188802,0.214,0.191,1
"ENSG00000275645","ENSG00000275645",0.173406590803249,0.194527521165851,0.024,0.017,1
"ENG","ENG",0.173603617174996,0.301907439502135,0.032,0.024,1
"LRRC66","LRRC66",0.173769522057954,0.118047562099427,0.126,0.11,1
"ENSG00000247134","ENSG00000247134",0.174054243279705,-0.385826530462887,0.053,0.065,1
"ASXL3","ASXL3",0.174086692620798,-0.150865851623545,0.261,0.282,1
"ENSG00000250643","ENSG00000250643",0.174130534310148,-0.713700662022136,0.014,0.02,1
"SRRM5","SRRM5",0.174361434151498,0.457308395851578,0.034,0.025,1
"RUNX1T1","RUNX1T1",0.174655696342936,-0.161906129501594,0.019,0.026,1
"ENSG00000250592","ENSG00000250592",0.174952401064774,0.544142409272444,0.019,0.013,1
"ACVR2B","ACVR2B",0.174977599646575,-0.156210304664537,0.239,0.261,1
"SLC39A9","SLC39A9",0.17505704198454,-0.208564387551902,0.363,0.377,1
"TEN1","TEN1",0.175057423368133,0.216717467679942,0.074,0.061,1
"KHDC4","KHDC4",0.17505849595932,-0.152685693429187,0.265,0.287,1
"IL16","IL16",0.175076796395766,0.54778878742306,0.019,0.013,1
"NEK10","NEK10",0.175172951642222,-0.338858802033571,0.109,0.124,1
"RRP7A","RRP7A",0.175195892961724,0.132077252022273,0.244,0.22,1
"MYOT","MYOT",0.175315253264817,0.345938424709808,0.088,0.075,1
"TMPRSS11A","TMPRSS11A",0.175437652539625,0.883370165628224,0.015,0.009,1
"ILDR2","ILDR2",0.175538407704972,-0.384473919047924,0.033,0.042,1
"STARD4-AS1","STARD4-AS1",0.175606211949056,0.608047236355038,0.019,0.013,1
"FAR2-AS1","FAR2-AS1",0.175654878399918,-0.187367263910281,0.063,0.076,1
"ENSG00000229694","ENSG00000229694",0.175663683121596,0.506463805413857,0.026,0.018,1
"ENSG00000272853","ENSG00000272853",0.175927232539059,0.441780189253339,0.041,0.032,1
"AK1","AK1",0.175939930480794,0.183109040915761,0.085,0.072,1
"MKRN2","MKRN2",0.176007959446653,0.175889106351846,0.138,0.122,1
"TRPC4","TRPC4",0.176020853363828,0.437686756595077,0.015,0.009,1
"SFRP4","SFRP4",0.176057349946178,0.670837526344707,0.015,0.009,1
"WDR18","WDR18",0.176080742578651,0.210460339443463,0.114,0.098,1
"AGO1","AGO1",0.176391335716478,-0.144998895086627,0.281,0.302,1
"TIMM50","TIMM50",0.176617180373351,-0.262667610430738,0.128,0.144,1
"SHC4","SHC4",0.1766191690514,0.113340771144901,0.516,0.509,1
"C1orf74","C1orf74",0.176913573062306,-0.530921246725456,0.014,0.02,1
"RMND5B","RMND5B",0.176929375530431,-0.142755084908826,0.249,0.267,1
"SHISA5","SHISA5",0.177186808102197,-0.221831483551081,0.135,0.151,1
"THBS3","THBS3",0.177717285520671,-0.383839202178817,0.041,0.051,1
"INTS12","INTS12",0.177753563140795,0.185363105488893,0.201,0.18,1
"TTC3-AS1","TTC3-AS1",0.177779128535411,0.391892155446803,0.015,0.009,1
"ENSG00000272663","ENSG00000272663",0.177779197942595,0.26906454691584,0.025,0.018,1
"ITGA1","ITGA1",0.177894338714314,0.395148859880228,0.106,0.092,1
"ENSG00000257004","ENSG00000257004",0.177926239609231,0.333111770481551,0.015,0.009,1
"BDNF","BDNF",0.178059340771835,0.868938910314161,0.02,0.014,1
"ENSG00000274029","ENSG00000274029",0.17808991427572,0.214998193810273,0.032,0.024,1
"SNHG21","SNHG21",0.178175826521342,0.318090695212767,0.089,0.076,1
"LINC00910","LINC00910",0.178215056672315,-0.228557181660189,0.026,0.034,1
"GOLGA6L4","GOLGA6L4",0.17823182209138,-1.04170904782636,0.012,0.018,1
"ZNF76","ZNF76",0.178328400120612,0.188775231612819,0.296,0.275,1
"GLOD5","GLOD5",0.17845417553329,-1.43026810991754,0.006,0.01,1
"OLFML2B","OLFML2B",0.178502208479631,0.317603144733311,0.034,0.025,1
"MRPS25","MRPS25",0.178585100245591,-0.101163876867763,0.322,0.345,1
"ZNF780A","ZNF780A",0.178847819770452,0.165044892965579,0.116,0.1,1
"SEMA4G","SEMA4G",0.178901594619718,-0.245577213753083,0.084,0.098,1
"SAR1A","SAR1A",0.179050529570423,-0.120651624650349,0.29,0.31,1
"NDP","NDP",0.179184967869088,0.615307539327405,0.027,0.02,1
"METTL2A","METTL2A",0.179255798227297,-0.29817961069173,0.096,0.111,1
"HBB","HBB",0.179360429845433,-0.307875126954686,0.014,0.02,1
"PKIA","PKIA",0.179410482214848,0.174643517156389,0.349,0.33,1
"ROBO3","ROBO3",0.179524809817163,-0.727720546639246,0.06,0.071,1
"ARHGAP11A","ARHGAP11A",0.17959910295526,0.242678122947074,0.019,0.013,1
"BTN3A1","BTN3A1",0.179681723234394,0.212738901033446,0.094,0.08,1
"ZCCHC9","ZCCHC9",0.179721452286206,-0.156727567097824,0.199,0.218,1
"HHIP-AS1","HHIP-AS1",0.179908854045554,0.333400702562458,0.056,0.045,1
"FAH","FAH",0.179981688295956,-0.172905606525883,0.139,0.156,1
"TMCO1","TMCO1",0.180038425860514,-0.205183101219283,0.449,0.45,1
"FRMD6","FRMD6",0.180285826605243,0.294989903606096,0.122,0.108,1
"ENSG00000249898","ENSG00000249898",0.180510444541935,0.107650952993738,0.448,0.422,1
"LINC02742","LINC02742",0.180542124574733,0.511558339955906,0.02,0.014,1
"DONSON","DONSON",0.180758754174242,-0.188610292757729,0.122,0.138,1
"PLPP6","PLPP6",0.180824127694096,0.169900254527278,0.056,0.045,1
"ARMCX5","ARMCX5",0.180873482714161,0.199762260785577,0.071,0.059,1
"CASZ1","CASZ1",0.180970966607514,1.33919908424977,0.011,0.007,1
"ARHGAP11B-DT","ARHGAP11B-DT",0.180977185373803,-0.228947948421405,0.057,0.069,1
"EFCAB8","EFCAB8",0.181284950463771,-0.924618102535969,0.006,0.01,1
"WDR19","WDR19",0.181351625333803,0.268786430063083,0.198,0.182,1
"SCPEP1","SCPEP1",0.181507500104104,-0.192140442507673,0.234,0.25,1
"ARNT","ARNT",0.181539315016931,-0.123314450343621,0.458,0.482,1
"HMCN2","HMCN2",0.181836671169939,-1.01457448360862,0.006,0.01,1
"NGEF","NGEF",0.182012253292004,-0.610157438254193,0.012,0.018,1
"SLC2A12","SLC2A12",0.182050824736531,0.594507895093151,0.036,0.027,1
"CASP2","CASP2",0.182137075881457,0.110970511988807,0.256,0.233,1
"C1QTNF2","C1QTNF2",0.182297389204741,-0.926181623194096,0.006,0.01,1
"ZNF230-DT","ZNF230-DT",0.182300837010887,0.729222697931813,0.015,0.01,1
"B4GALT4","B4GALT4",0.182514789687904,0.232976116581746,0.152,0.137,1
"TTC39B","TTC39B",0.182622241980643,0.136702161583228,0.086,0.073,1
"UAP1","UAP1",0.18271820793018,-0.25695857116107,0.063,0.075,1
"ABR","ABR",0.182720356503402,-0.147720472571399,0.051,0.063,1
"SKAP2","SKAP2",0.182862872172336,0.133151419839578,0.185,0.165,1
"SMAP2","SMAP2",0.18288234522481,-0.159745589641036,0.321,0.335,1
"ENSG00000256206","ENSG00000256206",0.182922334665105,0.461635988694404,0.027,0.02,1
"LINC01535","LINC01535",0.182968832078429,0.210082111831944,0.185,0.165,1
"H3-3A","H3-3A",0.18297901703705,0.16783887245416,0.155,0.138,1
"RADIL","RADIL",0.183129002907263,-0.126132147227613,0.158,0.176,1
"LOC105376070","LOC105376070",0.183239894556437,0.163255485718896,0.198,0.178,1
"TBC1D25","TBC1D25",0.18327190880875,0.193836137916714,0.144,0.128,1
"ENSG00000245482","ENSG00000245482",0.183323411352983,0.688451104273213,0.015,0.01,1
"GRPEL2","GRPEL2",0.183422680810225,0.261922723079489,0.057,0.046,1
"ENSG00000230091","ENSG00000230091",0.183424466373079,-0.280973889345083,0.138,0.152,1
"MORN5","MORN5",0.183429006359896,0.356550691616842,0.02,0.014,1
"FKBP7","FKBP7",0.183444322138587,0.235013134016422,0.035,0.026,1
"DLL1","DLL1",0.183482741424185,-0.255306658938545,0.17,0.187,1
"LINC00574","LINC00574",0.183490617033002,-1.17952764478016,0.008,0.012,1
"PIP4P1","PIP4P1",0.183524891052876,0.115266618737441,0.149,0.132,1
"ENSG00000233684","ENSG00000233684",0.183574371368427,1.03679493104322,0.011,0.007,1
"SLC35H1","SLC35H1",0.183651453143989,0.189349369995454,0.236,0.217,1
"DMAP1","DMAP1",0.183661423164542,-0.208289819431845,0.171,0.189,1
"LINC01990","LINC01990",0.183744846938733,0.373731782218234,0.02,0.014,1
"ENSG00000259314","ENSG00000259314",0.183748913046863,0.852380454635519,0.011,0.007,1
"ENSG00000285471","ENSG00000285471",0.183770438053945,-0.907084700077043,0.015,0.021,1
"HLX-AS1","HLX-AS1",0.183805676512146,-0.5467132710118,0.035,0.044,1
"POLH","POLH",0.183866398574696,-0.153339106060293,0.125,0.142,1
"LINC02345","LINC02345",0.184191193603309,-0.297219672750009,0.023,0.031,1
"ABHD14A-ACY1","ABHD14A-ACY1",0.184360774956349,0.695181900323861,0.011,0.007,1
"TXNDC11","TXNDC11",0.184409686544109,0.145205445018142,0.254,0.235,1
"TSN","TSN",0.184568893093503,-0.203660087041056,0.283,0.299,1
"LINC02606","LINC02606",0.184613103245743,-0.314571196195248,0.037,0.046,1
"GLIS1","GLIS1",0.18467419010635,0.544927369747264,0.021,0.014,1
"RARG","RARG",0.18476806661373,-0.636304723667867,0.012,0.018,1
"BBS10","BBS10",0.185004875727302,0.335557213209646,0.102,0.089,1
"TNC","TNC",0.185079889362396,-0.31094235243044,0.006,0.01,1
"LOHAN2","LOHAN2",0.185149673438266,0.559861984836667,0.011,0.007,1
"RRM1","RRM1",0.185157104260786,-0.284315479002365,0.124,0.138,1
"LGALS9","LGALS9",0.18516000090629,0.363471395473879,0.015,0.01,1
"ASMT","ASMT",0.185325322418242,1.09340289088779,0.011,0.007,1
"GON4L","GON4L",0.185625201825336,0.104658060273165,0.457,0.441,1
"CHRNA10","CHRNA10",0.185764984036755,0.410518527821941,0.011,0.007,1
"SMG7","SMG7",0.185952013838992,-0.193649795023394,0.491,0.493,1
"ARL17A.1","ARL17A.1",0.186012471163348,0.174216148855485,0.276,0.256,1
"TRMT1","TRMT1",0.186014522203131,0.12873183763089,0.146,0.127,1
"ENSG00000235426","ENSG00000235426",0.186087759346643,0.494794207136978,0.028,0.02,1
"STIL","STIL",0.186105734449618,-0.242510659098281,0.037,0.047,1
"LOC105370460","LOC105370460",0.186119237899018,-0.142494507856125,0.199,0.218,1
"NIPAL2","NIPAL2",0.186194417359748,-0.59365153572175,0.01,0.015,1
"FIGNL2","FIGNL2",0.186350486015151,-0.785355556102717,0.008,0.012,1
"TLR1","TLR1",0.186381805215602,0.475305449729187,0.011,0.007,1
"TAF10","TAF10",0.186408852646178,0.108980669710521,0.207,0.189,1
"GORASP2","GORASP2",0.186538075136626,-0.157459526100071,0.296,0.317,1
"TWNK","TWNK",0.186552551996062,0.67805278833369,0.028,0.021,1
"POPDC2","POPDC2",0.186610905984829,0.493168124980643,0.021,0.014,1
"SNRPB2","SNRPB2",0.186638764985849,0.112648746543178,0.24,0.219,1
"BASP1-AS1","BASP1-AS1",0.186823317495406,0.283000989826364,0.011,0.007,1
"C19orf47","C19orf47",0.186920496367707,0.370277990089648,0.099,0.086,1
"NCLN","NCLN",0.187046246280845,-0.175726080977333,0.162,0.18,1
"SEH1L","SEH1L",0.187061579411025,-0.141346853200942,0.167,0.184,1
"SACM1L","SACM1L",0.187189170894563,-0.106684403124497,0.381,0.397,1
"ECT2","ECT2",0.187243408788844,0.326187445419964,0.089,0.076,1
"ARPC5L","ARPC5L",0.187261281246021,0.188787542001055,0.147,0.129,1
"ENSG00000260267","ENSG00000260267",0.187414213514177,0.340441555747681,0.035,0.027,1
"GABRB2","GABRB2",0.18754607810915,-0.288178550755427,0.015,0.021,1
"SPACDR","SPACDR",0.18757894376408,0.131142603361081,0.135,0.118,1
"ZNF225","ZNF225",0.188059198905849,-0.348566154329796,0.047,0.058,1
"PLS3-AS1","PLS3-AS1",0.188085997470785,-0.142257300895884,0.166,0.184,1
"PALLD","PALLD",0.188214313971549,0.329070089751646,0.067,0.056,1
"ENSG00000272905","ENSG00000272905",0.188247680990058,-0.650068020734506,0.008,0.012,1
"MED15","MED15",0.188315309784488,-0.131009189947647,0.478,0.493,1
"TTF1","TTF1",0.188386788750943,0.161079551558291,0.236,0.216,1
"SORCS1","SORCS1",0.188405939104111,0.239307789531253,0.06,0.049,1
"SYNPO2","SYNPO2",0.188425394844249,-0.615064699831966,0.01,0.015,1
"TMEM255B","TMEM255B",0.188436219303978,0.351027306804351,0.021,0.014,1
"LDHD","LDHD",0.188463916845228,-0.501748656090256,0.064,0.076,1
"DOCK8","DOCK8",0.188545823629615,-0.277729742969144,0.015,0.021,1
"SNRNP25","SNRNP25",0.188649011889612,0.256719929607416,0.103,0.089,1
"PRDM11","PRDM11",0.188655526855117,-0.191225244480361,0.132,0.148,1
"ENSG00000255467","ENSG00000255467",0.188878778757691,0.470312862247527,0.021,0.014,1
"LOC102723323","LOC102723323",0.188894403144641,-0.29647583520302,0.034,0.043,1
"ZNF785","ZNF785",0.189179861662887,0.162361428565321,0.218,0.198,1
"RNF113A","RNF113A",0.189512676270169,0.159515283084606,0.066,0.054,1
"LOC105370906","LOC105370906",0.189623282289285,-0.352295573599356,0.01,0.015,1
"LEO1","LEO1",0.189635504845541,0.207678416629622,0.178,0.159,1
"MEF2D","MEF2D",0.189722112255559,0.131617613048983,0.287,0.262,1
"PEX14","PEX14",0.189864825954334,-0.109761239754423,0.348,0.364,1
"IRF3","IRF3",0.190499913831833,-0.258550306408831,0.145,0.162,1
"MTMR1","MTMR1",0.190800337415286,-0.161854937899523,0.237,0.257,1
"CENPH","CENPH",0.191185147011625,-0.244427054894357,0.017,0.024,1
"ENSG00000267731","ENSG00000267731",0.191223515342667,0.603418070718587,0.016,0.01,1
"GALNT7-DT","GALNT7-DT",0.191257525804547,0.109665592143615,0.346,0.316,1
"SUN1","SUN1",0.191499166576356,-0.118751617411182,0.453,0.468,1
"MVD","MVD",0.191613199057299,-0.191953871176327,0.24,0.261,1
"ALG14","ALG14",0.191750312606814,-0.162181031050442,0.341,0.362,1
"AURKC","AURKC",0.191757420433019,0.261141181900121,0.037,0.028,1
"TRIM35","TRIM35",0.191899725788875,-0.171416409444658,0.305,0.319,1
"LOC107986400","LOC107986400",0.192033705578068,-0.359868466572077,0.023,0.031,1
"GHRLOS","GHRLOS",0.192201896795793,-0.616735971822742,0.012,0.018,1
"ENSG00000231212","ENSG00000231212",0.192201896795793,-0.555770556871208,0.012,0.018,1
"SMIM17","SMIM17",0.192350655084237,0.386043034393293,0.039,0.03,1
"ENSG00000247970","ENSG00000247970",0.192458420550518,-0.32804588417474,0.063,0.075,1
"NRG4","NRG4",0.192464887077627,0.404806100180621,0.029,0.022,1
"FADD","FADD",0.192480827529377,0.144100855866975,0.053,0.042,1
"PXYLP1","PXYLP1",0.192554991360427,-0.20680718771864,0.104,0.119,1
"ENSG00000256116","ENSG00000256116",0.192560386219136,0.696216161160801,0.022,0.016,1
"TMUB2","TMUB2",0.192576687608451,-0.333163988171013,0.145,0.159,1
"PRPS1","PRPS1",0.192604538895168,0.204886195931574,0.096,0.082,1
"EIF2B4","EIF2B4",0.19271702981736,0.162388287227565,0.14,0.124,1
"ENSG00000174680","ENSG00000174680",0.19281319971707,-0.100381354364119,0.043,0.033,1
"HYOU1","HYOU1",0.193226215731208,0.121166882153224,0.151,0.133,1
"EML5","EML5",0.193438170628645,0.246661084125483,0.101,0.087,1
"PRKAB1-AS1","PRKAB1-AS1",0.193546883246081,-0.653740146978264,0.031,0.04,1
"HSD17B14","HSD17B14",0.193588495564778,0.370849009361867,0.016,0.01,1
"MON1B","MON1B",0.193724164010098,0.336841795358652,0.091,0.079,1
"MVP","MVP",0.193956514738428,-0.188296511133496,0.26,0.278,1
"HECW1","HECW1",0.194266816217191,-0.644563664736424,0.015,0.022,1
"GRIK1","GRIK1",0.194268548789685,0.605594402090865,0.041,0.033,1
"ENSG00000259589","ENSG00000259589",0.194281116140664,0.268208765417487,0.048,0.039,1
"CA13","CA13",0.194332464379316,-0.382367709461383,0.077,0.09,1
"TBCCD1","TBCCD1",0.194361225258551,0.211569698131326,0.139,0.123,1
"LNC-LBCS","LNC-LBCS",0.194416092617393,-0.314416007096283,0.059,0.071,1
"P4HA3","P4HA3",0.194532432039353,0.346164808042514,0.036,0.027,1
"SYMPK","SYMPK",0.194590490226494,-0.105739012166026,0.526,0.538,1
"DDO","DDO",0.194599193177143,0.222413386850663,0.118,0.103,1
"ENSG00000258380","ENSG00000258380",0.194650678079034,1.01227581067928,0.012,0.007,1
"PMM2","PMM2",0.194697173677162,0.183728776094026,0.252,0.234,1
"ENSG00000269476","ENSG00000269476",0.194699151734095,-0.453712340201911,0.035,0.044,1
"RAD54L2","RAD54L2",0.194891493417181,-0.153015513382164,0.321,0.337,1
"ENSG00000273237","ENSG00000273237",0.195051891510466,0.449350646886483,0.029,0.022,1
"KCNB2","KCNB2",0.195064919503225,1.08492885591661,0.031,0.024,1
"ENSG00000223732","ENSG00000223732",0.195114330515108,0.296522634226482,0.059,0.049,1
"CETN2","CETN2",0.195153386960972,0.466412118997561,0.054,0.044,1
"VSTM4","VSTM4",0.195233333372712,-0.128179793607626,0.266,0.286,1
"EBF2","EBF2",0.195322888525325,0.40673681202762,0.039,0.03,1
"DAGLA","DAGLA",0.195360272458569,0.466871364656387,0.022,0.016,1
"ENSG00000279073","ENSG00000279073",0.195449300671532,-0.356680129554815,0.044,0.054,1
"LOC112267968","LOC112267968",0.195466420083708,0.468073285954846,0.021,0.015,1
"ENSG00000260999","ENSG00000260999",0.195610588366712,0.564617558572014,0.022,0.016,1
"TEX22","TEX22",0.19563326564073,-0.212144674855005,0.084,0.097,1
"TOMM34","TOMM34",0.195757757012831,0.224177464010783,0.049,0.039,1
"EFNA3","EFNA3",0.195794624500818,0.838891227255034,0.012,0.007,1
"CRAMP1","CRAMP1",0.19588366792673,-0.224224691824633,0.05,0.061,1
"P3H4","P3H4",0.19600968315638,0.556560460562838,0.03,0.022,1
"RINT1","RINT1",0.196026419706659,-0.169292681052781,0.146,0.163,1
"SETDB1","SETDB1",0.196026434735841,-0.159441099609135,0.284,0.3,1
"PMEPA1","PMEPA1",0.196212753151834,-0.163725262449907,0.214,0.231,1
"CCZ1","CCZ1",0.196261799348758,-0.229287540963088,0.213,0.227,1
"LINC00158","LINC00158",0.196262070167562,0.224278037889319,0.088,0.075,1
"JMJD4","JMJD4",0.196298062977326,-0.336384591354795,0.059,0.07,1
"ENTPD1","ENTPD1",0.196633777568878,0.290601690533007,0.039,0.03,1
"PLXNB2","PLXNB2",0.196696214723739,0.408774618594056,0.047,0.037,1
"UBIAD1","UBIAD1",0.196735574861418,-0.163072103325471,0.22,0.237,1
"NDUFB5","NDUFB5",0.196809984672998,-0.178290068419972,0.245,0.262,1
"LOC102723413","LOC102723413",0.196822960138817,0.615459930226638,0.017,0.011,1
"SLCO2B1","SLCO2B1",0.19689628639679,0.919892984954707,0.017,0.011,1
"DLGAP4-AS1","DLGAP4-AS1",0.197122061962025,0.203838399607235,0.048,0.039,1
"ENSG00000273107","ENSG00000273107",0.197326665249496,-0.982324634614814,0.01,0.016,1
"CACFD1","CACFD1",0.19737763022418,0.125271038393302,0.127,0.111,1
"ENSG00000257221","ENSG00000257221",0.197564151435683,0.738538170381223,0.012,0.007,1
"ENSG00000273141","ENSG00000273141",0.197703368349644,-0.89416641641797,0.01,0.016,1
"LYRM4-AS1","LYRM4-AS1",0.197705056115878,-0.354891865125528,0.012,0.018,1
"TTC21A","TTC21A",0.197771345917228,-0.250100434166565,0.076,0.09,1
"TIPIN","TIPIN",0.197791452869155,-0.117877648565492,0.138,0.154,1
"KLHDC3","KLHDC3",0.197852233773098,0.133746132207121,0.195,0.176,1
"INTS6-AS1","INTS6-AS1",0.197902699860459,0.124564434444779,0.223,0.201,1
"ENSG00000229178","ENSG00000229178",0.197962259666832,-0.35476289392517,0.059,0.071,1
"SMPDL3A","SMPDL3A",0.198102412304258,-0.28897808569746,0.061,0.073,1
"FHAD1","FHAD1",0.198177472649574,-0.495914712746789,0.018,0.025,1
"CYFIP1","CYFIP1",0.19857091282459,-0.267705295789475,0.128,0.143,1
"TDRP","TDRP",0.198744172953614,0.371713723504637,0.084,0.072,1
"TRDN-AS1","TRDN-AS1",0.198898956579071,0.521505952681975,0.012,0.007,1
"ITGB8-AS1","ITGB8-AS1",0.198898956579071,0.483342463662398,0.012,0.007,1
"VPS26B","VPS26B",0.198917110597651,0.200600855393415,0.243,0.224,1
"RRAD","RRAD",0.199077427469245,0.533265347765728,0.012,0.007,1
"ENSG00000284773","ENSG00000284773",0.199113115267455,-0.546711161159258,0.022,0.029,1
"COX7B2","COX7B2",0.199179331402125,0.619171661090764,0.017,0.011,1
"TRPV6","TRPV6",0.199403775765172,-0.177116664066356,0.131,0.148,1
"LARS2","LARS2",0.199471387437231,0.108375948264677,0.325,0.303,1
"CAND2","CAND2",0.199720975214913,0.39548996779113,0.098,0.085,1
"RPUSD2","RPUSD2",0.199836028923025,-0.481748667454487,0.028,0.037,1
"PRDX3","PRDX3",0.199853258169798,0.172436562779735,0.24,0.222,1
"SNX9-AS1","SNX9-AS1",0.199994076416105,0.50549827969194,0.017,0.011,1
"ENSG00000284057","ENSG00000284057",0.20004890328126,0.514300142317109,0.064,0.054,1
"ENSG00000277501","ENSG00000277501",0.200126734497433,-0.744337660849161,0.01,0.016,1
"CCDC61","CCDC61",0.200242101961693,-0.153989858984563,0.058,0.07,1
"OSGEPL1","OSGEPL1",0.200421567868466,0.105308258088865,0.173,0.154,1
"RASA3","RASA3",0.200571887563734,0.113689178815483,0.245,0.222,1
"STK32B","STK32B",0.200705995124771,0.50828536543209,0.031,0.024,1
"VCPKMT","VCPKMT",0.200747182840223,-0.158651969008281,0.146,0.162,1
"TMEM222","TMEM222",0.200928237661325,-0.142400156134379,0.254,0.275,1
"TFAM","TFAM",0.201113526428729,0.203397861342016,0.157,0.142,1
"CTAGE1","CTAGE1",0.201193750481079,-0.696999985181722,0.01,0.016,1
"ZNF367","ZNF367",0.201337392124143,0.323692966771521,0.083,0.071,1
"MORC2","MORC2",0.201568901351574,0.119810981623365,0.178,0.159,1
"MRPL2","MRPL2",0.201698237844065,0.164160842837148,0.095,0.081,1
"EPHX2","EPHX2",0.201786226147539,0.164593295114149,0.192,0.174,1
"SPI1","SPI1",0.201805334077195,-0.60759539952591,0.01,0.016,1
"SLC35E2B","SLC35E2B",0.202416579427895,0.159441802078099,0.244,0.225,1
"NEURL2","NEURL2",0.202430893279033,0.784879394293153,0.024,0.018,1
"KRABD4","KRABD4",0.202543461001834,0.128535949324387,0.392,0.371,1
"RSPH1","RSPH1",0.202609636319061,-1.08043511595103,0.006,0.01,1
"ZNF480","ZNF480",0.202761378008008,0.185741652809964,0.173,0.156,1
"RNF19B","RNF19B",0.203244606560484,0.327247195860802,0.096,0.083,1
"CHAF1B","CHAF1B",0.20326327504559,-0.373548225573903,0.01,0.016,1
"MAIP1","MAIP1",0.203442986897724,0.183195222266681,0.216,0.199,1
"ENSG00000272092","ENSG00000272092",0.203443768073992,-0.836548639657107,0.008,0.013,1
"PABIR2","PABIR2",0.203453973649589,0.217126923550072,0.138,0.123,1
"ZNF594","ZNF594",0.203457179360737,-0.114502499913893,0.273,0.295,1
"HAFML","HAFML",0.203567688718981,-0.906182142845495,0.006,0.01,1
"CENPU","CENPU",0.203625177669067,-0.563297967936551,0.016,0.022,1
"PLEKHF1","PLEKHF1",0.203656022498717,0.332932514414725,0.061,0.05,1
"PACSIN3","PACSIN3",0.203664410310736,-0.159401978523567,0.217,0.239,1
"ENSG00000269473","ENSG00000269473",0.203783528918558,-0.716944230143483,0.008,0.013,1
"CORO7","CORO7",0.203864645906763,0.869583698378208,0.017,0.012,1
"TFPT","TFPT",0.204091959163118,0.289581466781379,0.078,0.066,1
"ENSG00000271743","ENSG00000271743",0.204144100800077,-0.951283762243052,0.006,0.01,1
"PGGT1B","PGGT1B",0.204163888021435,-0.132364986259796,0.3,0.317,1
"FBXO10","FBXO10",0.204167141762898,-0.24421878229623,0.021,0.029,1
"EXPH5","EXPH5",0.204240284820799,-0.767860542243981,0.006,0.01,1
"PLCG1-AS1","PLCG1-AS1",0.204444341383909,-0.459373036617865,0.033,0.042,1
"LGALS8","LGALS8",0.204681092074283,0.124461877920453,0.258,0.237,1
"SCAMP4","SCAMP4",0.20480259822517,-0.130858325474158,0.438,0.452,1
"RHBDL3","RHBDL3",0.204858197148707,0.22705797482965,0.017,0.011,1
"LINC03007","LINC03007",0.205010944118233,-0.886676509685884,0.006,0.01,1
"TAF1C","TAF1C",0.205021197124748,0.269424938879951,0.112,0.098,1
"SEC16A","SEC16A",0.205079419285134,-0.147557085686758,0.231,0.248,1
"ITIH5","ITIH5",0.205232120007628,-0.647103721186324,0.008,0.013,1
"ENSG00000255330","ENSG00000255330",0.205259067127734,0.146543632091762,0.175,0.157,1
"ENSG00000274372","ENSG00000274372",0.205300485738792,-0.870359085585788,0.006,0.01,1
"TENT5D","TENT5D",0.205317563754863,-1.02610856135416,0.008,0.013,1
"ENSG00000273382","ENSG00000273382",0.205345545230792,0.280609265437139,0.03,0.023,1
"CAPN1","CAPN1",0.205374970847209,0.874250751214861,0.017,0.012,1
"NPB","NPB",0.205509613470671,-0.19648783057586,0.143,0.159,1
"PMM1","PMM1",0.205628747643106,-0.215183798729915,0.131,0.145,1
"ENSG00000237436","ENSG00000237436",0.205670613949689,0.647484453100426,0.017,0.012,1
"ENSG00000249207","ENSG00000249207",0.205687003432627,-0.598303024391119,0.006,0.01,1
"ABHD1","ABHD1",0.205730474809935,0.212822651658501,0.057,0.046,1
"CRHBP","CRHBP",0.205763613854582,-0.429867923105999,0.037,0.046,1
"ZNF593","ZNF593",0.205920157995813,0.123422518758711,0.079,0.066,1
"NANOG","NANOG",0.206429642994625,-0.410717058542962,0.026,0.033,1
"ENSG00000239407","ENSG00000239407",0.206448699983411,0.202620633403249,0.079,0.067,1
"RNF212B","RNF212B",0.206580729890606,-0.628474670574334,0.016,0.022,1
"ZC3H12C","ZC3H12C",0.206877787835401,0.121178381719425,0.39,0.366,1
"ENO4","ENO4",0.207071120195345,0.130264134911375,0.203,0.184,1
"ENSG00000267277","ENSG00000267277",0.20713657769974,-0.148470205107707,0.01,0.016,1
"ACSBG2","ACSBG2",0.207169704298552,-0.658488367656658,0.019,0.026,1
"RAI2","RAI2",0.207289911249439,-0.747382482491084,0.008,0.013,1
"ENSG00000225806","ENSG00000225806",0.207289911249439,-0.673992127723856,0.008,0.013,1
"ENSG00000237753","ENSG00000237753",0.2075449815537,0.148899926340115,0.07,0.058,1
"PIH1D2","PIH1D2",0.20782230451956,-0.443049895582369,0.006,0.01,1
"ACVR1C","ACVR1C",0.207857593272472,-0.244224912915267,0.283,0.292,1
"GEMIN6","GEMIN6",0.20836702779641,0.222557175416855,0.053,0.043,1
"LOC105375341","LOC105375341",0.20849465773301,0.377496906665535,0.017,0.012,1
"MCM6","MCM6",0.208507239863456,-0.258923762517672,0.044,0.054,1
"SEC61A2","SEC61A2",0.208730683974686,-0.149886542683561,0.411,0.425,1
"ENSG00000229491","ENSG00000229491",0.209108786169085,-0.30666821241185,0.032,0.041,1
"NKIRAS2","NKIRAS2",0.209139541806561,0.167647835529185,0.113,0.099,1
"PHF23","PHF23",0.209328693134457,0.333226745952065,0.057,0.046,1
"NCAPG2","NCAPG2",0.209394780242447,-0.197785160490654,0.142,0.158,1
"KCTD12","KCTD12",0.209526577247865,0.870891706071271,0.012,0.008,1
"MREG","MREG",0.209548933414822,-0.126087027156317,0.167,0.186,1
"ENSG00000254553","ENSG00000254553",0.209813859407263,-0.36584650907527,0.042,0.052,1
"ENSG00000242628","ENSG00000242628",0.209910170389921,-0.265625802355521,0.035,0.044,1
"ENSG00000248758","ENSG00000248758",0.209974614174041,0.625703592479566,0.012,0.008,1
"ADAM11","ADAM11",0.210053434446897,-0.516341939072487,0.026,0.034,1
"CLYBL","CLYBL",0.21005450573093,0.197353406094707,0.205,0.188,1
"ZPBP","ZPBP",0.210333542731884,0.216953113951501,0.012,0.008,1
"LOC100129540","LOC100129540",0.210363926912709,-0.30865768224216,0.114,0.127,1
"SCX","SCX",0.210367845353395,0.38655385753023,0.017,0.012,1
"B4GALT7","B4GALT7",0.210597549008257,-0.432994798681758,0.075,0.087,1
"MRPL15","MRPL15",0.210683197119856,-0.356448622833402,0.07,0.082,1
"ENSG00000273486","ENSG00000273486",0.211081892686104,0.336254909665432,0.023,0.017,1
"TMEM164","TMEM164",0.211227069790247,0.32219023149193,0.087,0.075,1
"MID2","MID2",0.211231164694195,-0.126047906863395,0.149,0.166,1
"XIRP2","XIRP2",0.211244327226348,0.695259284345686,0.018,0.012,1
"ASPN","ASPN",0.211244327226348,0.646612708776488,0.018,0.012,1
"ANGEL1","ANGEL1",0.211273747506343,0.124466713263384,0.43,0.414,1
"ENSG00000227945","ENSG00000227945",0.211288100385336,-0.419609273182582,0.033,0.042,1
"CYYR1-AS1","CYYR1-AS1",0.211412991917687,0.550401257657616,0.012,0.008,1
"VASN","VASN",0.211422134890555,0.534547344983315,0.017,0.012,1
"HDX","HDX",0.211567219138153,-0.178772714816033,0.205,0.224,1
"TPGS2","TPGS2",0.211669423304116,0.119392178748258,0.365,0.346,1
"NAT10","NAT10",0.211894663538151,-0.203936694624796,0.194,0.21,1
"ANKMY2","ANKMY2",0.212453024618939,0.130305603531726,0.214,0.193,1
"WBP4","WBP4",0.212457487700826,0.152276265291694,0.361,0.345,1
"MCL1","MCL1",0.21267986172218,0.163846681602249,0.138,0.122,1
"CDK20","CDK20",0.212886848531219,0.487841405980677,0.025,0.018,1
"SGTB","SGTB",0.212922127087773,0.166611268800474,0.323,0.303,1
"NPIPA6","NPIPA6",0.212974015643022,-0.873083283086364,0.011,0.016,1
"PCGF3","PCGF3",0.212995774685813,0.165955995506384,0.29,0.271,1
"CAD","CAD",0.213216682627456,0.125253681468543,0.166,0.149,1
"ENSG00000255139","ENSG00000255139",0.213260589754179,-0.676650452540958,0.023,0.031,1
"DCUN1D5","DCUN1D5",0.213545782948271,-0.149960301192085,0.21,0.225,1
"ENSG00000282246","ENSG00000282246",0.213704816074519,0.124573757919977,0.319,0.3,1
"ENSG00000276116","ENSG00000276116",0.21375541304265,-0.385811332200405,0.026,0.033,1
"RCOR2","RCOR2",0.213829334511823,-0.678849584607399,0.011,0.016,1
"ENSG00000238266","ENSG00000238266",0.214208312010338,0.477476810870652,0.018,0.012,1
"PNPLA3","PNPLA3",0.214296915249386,-0.47128122558962,0.011,0.016,1
"AMMECR1","AMMECR1",0.214342645310156,-0.240520084341548,0.169,0.183,1
"THUMPD1","THUMPD1",0.214527982103859,-0.110593908052947,0.247,0.266,1
"NR4A2","NR4A2",0.214740388065751,-0.510736165361913,0.045,0.054,1
"PNKP","PNKP",0.214844502308617,-0.146958086665905,0.111,0.125,1
"TMEM183A","TMEM183A",0.214968403987197,0.141871357452577,0.102,0.088,1
"ENSG00000229337","ENSG00000229337",0.215038744392774,0.151103993342543,0.102,0.09,1
"HINFP","HINFP",0.215048391567454,0.22927392473348,0.135,0.12,1
"LINC02241","LINC02241",0.215079967659948,0.130277646174732,0.591,0.575,1
"ENSG00000285053","ENSG00000285053",0.21519848572507,0.141564139561984,0.18,0.163,1
"RAPGEFL1","RAPGEFL1",0.215203845800667,0.157459793134224,0.086,0.073,1
"ENSG00000268392","ENSG00000268392",0.215358073345646,-0.615252895108648,0.019,0.026,1
"CARMIL1","CARMIL1",0.215565684368818,-0.535164508903567,0.017,0.023,1
"RFESD","RFESD",0.21587238140502,0.220630541568573,0.043,0.034,1
"POLG","POLG",0.215896684682087,-0.145586156364887,0.209,0.227,1
"PARP16","PARP16",0.216294897703132,0.211680928788831,0.176,0.161,1
"NME4","NME4",0.216341224766748,0.177717676653507,0.032,0.025,1
"RWDD2A","RWDD2A",0.216588388797634,-0.27211214505438,0.037,0.046,1
"ZNF563","ZNF563",0.216627026163221,0.233833971803202,0.062,0.052,1
"XYLT2","XYLT2",0.21684586797177,-0.198775554659498,0.064,0.075,1
"TMCO4","TMCO4",0.217111488030788,-0.703542367477119,0.014,0.02,1
"DHFR","DHFR",0.217156911676649,-0.206147363441472,0.593,0.58,1
"SLC35D2","SLC35D2",0.217244613827466,0.125567558697834,0.375,0.354,1
"ENSG00000251410","ENSG00000251410",0.217439648140685,0.350935215830139,0.129,0.114,1
"LRRC20","LRRC20",0.217686219882506,-0.290276145637875,0.097,0.111,1
"ZNF266","ZNF266",0.217746958065815,-0.228487700583992,0.16,0.175,1
"KHDC1","KHDC1",0.217771512802624,0.156072751965549,0.122,0.107,1
"LINC01844","LINC01844",0.21791027389368,0.196755912152705,0.097,0.084,1
"SPART-AS1","SPART-AS1",0.218122643211902,0.358526380136269,0.085,0.073,1
"SF3B5","SF3B5",0.218129617636828,-0.244048408713666,0.241,0.254,1
"HUNK","HUNK",0.218130742080628,-0.653761212957423,0.017,0.023,1
"TFIP11-DT","TFIP11-DT",0.218143109262492,-0.384900211639556,0.011,0.016,1
"MAML1","MAML1",0.218211805751246,0.146526855947114,0.216,0.197,1
"ENSG00000262810","ENSG00000262810",0.218257101670566,0.426275557375026,0.018,0.012,1
"MAN2B1","MAN2B1",0.21830941005444,0.269517131356733,0.11,0.097,1
"ATP8B1-AS1","ATP8B1-AS1",0.218428521354143,1.02198887573216,0.013,0.008,1
"ENSG00000260806","ENSG00000260806",0.218490045322491,0.393931156039444,0.025,0.018,1
"KXD1","KXD1",0.218514206517127,-0.169975568601975,0.311,0.326,1
"CACNA2D3","CACNA2D3",0.218560523090263,-0.408713689665447,0.073,0.085,1
"RAB3IL1","RAB3IL1",0.218573179530637,0.269807303290328,0.024,0.018,1
"BICRAL","BICRAL",0.218616260317192,-0.109914944535177,0.773,0.763,1
"ASAH2B","ASAH2B",0.218871565925111,0.244568463769272,0.025,0.018,1
"ASL","ASL",0.218918708889104,0.202230852764323,0.063,0.052,1
"ENSG00000263063","ENSG00000263063",0.218937211590402,0.476311785563961,0.018,0.012,1
"SYCP2","SYCP2",0.219071684496412,-0.223405797898333,0.087,0.101,1
"BCL7B","BCL7B",0.219536072645392,0.104668884998562,0.144,0.127,1
"RAB40C","RAB40C",0.219542192741299,0.109315627379266,0.337,0.32,1
"RFC1","RFC1",0.21958051900046,-0.102023483506314,0.609,0.622,1
"ENSG00000270171","ENSG00000270171",0.219806576942141,-0.408184778084102,0.011,0.016,1
"ENSG00000259639","ENSG00000259639",0.219987681852082,0.517155331309763,0.026,0.019,1
"ZNF833P","ZNF833P",0.220052262147629,-0.504849043629861,0.017,0.023,1
"SELENON","SELENON",0.220081357001575,0.303683341273667,0.033,0.025,1
"GINS1","GINS1",0.220096249250251,-0.30834588235594,0.019,0.026,1
"LINC01284","LINC01284",0.220131230625782,0.772205306439454,0.013,0.008,1
"A1BG","A1BG",0.220214370955025,0.175324645435373,0.256,0.237,1
"SLC12A8","SLC12A8",0.22039014686522,0.162377053384653,0.032,0.024,1
"CACNB2","CACNB2",0.220806629911012,-0.253550323220006,0.097,0.111,1
"C1orf174","C1orf174",0.220846805667007,-0.293475384505614,0.078,0.09,1
"ZNF578","ZNF578",0.22085087074044,-0.257717915278687,0.062,0.073,1
"ENSG00000254885","ENSG00000254885",0.221166531328876,0.249033348505122,0.024,0.018,1
"GID4","GID4",0.221314927306292,0.138993318377019,0.15,0.133,1
"YPEL3-DT","YPEL3-DT",0.221394561900513,0.207224185777586,0.069,0.058,1
"HDHD2","HDHD2",0.22146037957214,0.13850567774454,0.174,0.158,1
"SEPTIN14","SEPTIN14",0.221547935318125,-0.666477914199582,0.009,0.014,1
"WDR88","WDR88",0.221737987994553,-0.4920351005764,0.035,0.044,1
"LOC388282","LOC388282",0.22190194189074,0.204292964840805,0.018,0.012,1
"LCMT2","LCMT2",0.222050575804023,0.333114926331549,0.036,0.028,1
"ENSG00000249996","ENSG00000249996",0.222234560488574,-0.289607082985966,0.052,0.062,1
"VAX1","VAX1",0.222249645510834,-0.97892252444641,0.009,0.014,1
"LPAR6","LPAR6",0.22232605531825,0.521528900379374,0.038,0.03,1
"TMEM278","TMEM278",0.222817856293843,-0.390317540322239,0.031,0.039,1
"CD27","CD27",0.222919498502859,-1.23754254260997,0.007,0.011,1
"PARP10","PARP10",0.222937110034809,0.301398221900894,0.035,0.027,1
"RHD","RHD",0.223085570019831,0.363017618015077,0.026,0.019,1
"DRAM1","DRAM1",0.223168776525701,-0.23877279601014,0.014,0.02,1
"ENSG00000124593","ENSG00000124593",0.223292685852225,0.204176124106064,0.013,0.008,1
"LOC105372165","LOC105372165",0.223393316476532,-0.536238896017275,0.009,0.014,1
"GTF3C3","GTF3C3",0.223617074236911,0.115108586638657,0.348,0.331,1
"ENSG00000260517","ENSG00000260517",0.223737920677917,-0.147223708163437,0.336,0.356,1
"RN7SL832P","RN7SL832P",0.223765106951056,-0.151920597631111,0.033,0.042,1
"ENSG00000267011","ENSG00000267011",0.223824400779248,-0.224375618350562,0.03,0.038,1
"ENSG00000267436","ENSG00000267436",0.224002273680382,0.121152152556976,0.046,0.037,1
"STRBP","STRBP",0.224010971989334,-0.129998548205402,0.511,0.516,1
"VPS11","VPS11",0.224266883017706,-0.247936366246092,0.138,0.154,1
"ENSG00000239791","ENSG00000239791",0.22437594686117,0.710546970391721,0.028,0.021,1
"GLI4","GLI4",0.224535603415537,0.131617133046186,0.161,0.144,1
"LOC124904039","LOC124904039",0.224547554687693,-0.198736224286028,0.151,0.165,1
"ENPEP","ENPEP",0.224938615364853,0.402383912239317,0.019,0.013,1
"ZNF154","ZNF154",0.225097079471043,-0.975483735624749,0.007,0.011,1
"H2BC15","H2BC15",0.22513402598391,0.198243582513164,0.165,0.149,1
"HNRNPA1L2","HNRNPA1L2",0.225153831987085,-0.345152697062714,0.02,0.027,1
"ANKHD1-EIF4EBP3","ANKHD1-EIF4EBP3",0.225344472257604,0.148688673373258,0.082,0.07,1
"CSMD3","CSMD3",0.225783779804901,-0.688166648973682,0.052,0.061,1
"ENSG00000272086","ENSG00000272086",0.226025097526519,0.549836454602831,0.027,0.02,1
"DRC1","DRC1",0.226191549745066,-0.778579091438371,0.007,0.011,1
"ENSG00000265008","ENSG00000265008",0.226191549745066,-0.687827965706619,0.007,0.011,1
"ENSG00000242686","ENSG00000242686",0.226404343825918,-0.366217859279731,0.009,0.014,1
"MRPS12","MRPS12",0.226422560293994,0.107765753163,0.126,0.11,1
"TNFSF4","TNFSF4",0.226637208953444,0.327391022479627,0.052,0.042,1
"FAT3","FAT3",0.226646567208127,-0.238896526113804,0.021,0.027,1
"C12orf54","C12orf54",0.226989909717808,-0.431112981969059,0.007,0.011,1
"CKAP2","CKAP2",0.22701103828276,0.346459215000487,0.053,0.043,1
"ZNF616","ZNF616",0.227249786976445,0.234715764372909,0.082,0.07,1
"ENSG00000259035","ENSG00000259035",0.227295425534657,-0.235947841543986,0.009,0.014,1
"POC1A","POC1A",0.227330629668823,0.220271870370413,0.048,0.039,1
"BAIAP2-DT","BAIAP2-DT",0.227336503150705,0.718755916581844,0.027,0.02,1
"LIMS2","LIMS2",0.227448230368295,-0.563837532445246,0.021,0.027,1
"GNL3","GNL3",0.227746276825265,0.206135252710097,0.15,0.135,1
"PTPRT","PTPRT",0.227790336237587,0.248653337314807,0.05,0.041,1
"PSMD12","PSMD12",0.227843190728243,0.133200733076888,0.291,0.271,1
"RMP64","RMP64",0.228019712369004,0.126692129936188,0.235,0.217,1
"OBSCN","OBSCN",0.228181522624366,0.699552582338847,0.04,0.032,1
"NMUR2","NMUR2",0.228295422927145,-0.131352391943941,0.058,0.069,1
"USP34-DT","USP34-DT",0.228318313061947,-0.327417735360919,0.124,0.137,1
"KIF15","KIF15",0.22864728913988,0.281941791156905,0.037,0.029,1
"NUSAP1","NUSAP1",0.228693091641705,-0.646134400528171,0.007,0.011,1
"ENSG00000248559","ENSG00000248559",0.228785306835106,0.363407359030047,0.019,0.014,1
"LINC01238","LINC01238",0.228815997069918,0.683028518001493,0.014,0.009,1
"PAK5","PAK5",0.228927282138316,-0.650235042854305,0.024,0.031,1
"ENSG00000253347","ENSG00000253347",0.229035224433509,-0.155696017430589,0.191,0.208,1
"HS6ST3","HS6ST3",0.229087257317728,-0.405575374205688,0.027,0.035,1
"ENSG00000270050","ENSG00000270050",0.229444203166787,0.580316721629386,0.02,0.014,1
"ENSG00000248554","ENSG00000248554",0.229598451024333,-0.312908136943105,0.007,0.011,1
"ENSG00000260664","ENSG00000260664",0.229919637588849,-0.184199130439816,0.382,0.393,1
"SPATC1","SPATC1",0.229959527747351,0.729875775268412,0.02,0.014,1
"MNT","MNT",0.2303728341128,0.170432716656649,0.134,0.12,1
"GLI2","GLI2",0.230413672027088,-0.552763559917064,0.012,0.017,1
"SLC2A4RG","SLC2A4RG",0.230429241605912,-0.310754917707388,0.1,0.112,1
"OBI1","OBI1",0.23047444567787,-0.205801506389143,0.167,0.182,1
"CCDC28B","CCDC28B",0.230535385644898,0.147340156102042,0.035,0.027,1
"LRFN3","LRFN3",0.230598688375853,0.231032202608052,0.05,0.041,1
"PTN","PTN",0.230927283381294,0.189114097339826,0.173,0.158,1
"GNG4","GNG4",0.231516997664645,0.669937642088287,0.014,0.009,1
"EXOSC9","EXOSC9",0.231557174156383,-0.206404455884982,0.108,0.122,1
"RPS21-DT","RPS21-DT",0.231737047841748,-0.454225733393361,0.021,0.027,1
"DYNC1LI1","DYNC1LI1",0.231772317840245,0.123977226195365,0.349,0.332,1
"ENSG00000272070","ENSG00000272070",0.231878834901292,0.646087063618209,0.014,0.009,1
"ACOT2","ACOT2",0.231941861205079,-0.426462638185184,0.012,0.017,1
"MICAL1","MICAL1",0.231976780120529,-0.391022475006622,0.068,0.079,1
"ERICH2-DT","ERICH2-DT",0.232055205876899,0.602270382163976,0.029,0.022,1
"RIMOC1","RIMOC1",0.232111739004601,-0.256243853717076,0.227,0.239,1
"ENSG00000205682","ENSG00000205682",0.23224107346448,0.494311295178029,0.014,0.009,1
"ENSG00000256538","ENSG00000256538",0.232251573113526,0.725318885887888,0.02,0.014,1
"GALNT16","GALNT16",0.232718589960788,-0.568621739758958,0.028,0.036,1
"SAP30-DT","SAP30-DT",0.232812465310719,-0.112207018117426,0.227,0.242,1
"RNF152","RNF152",0.233149772671941,-0.102787378495028,0.527,0.539,1
"ITPR3","ITPR3",0.233453772884093,-0.361217369390792,0.015,0.02,1
"ENSG00000182057","ENSG00000182057",0.233664364273297,0.485658087636131,0.02,0.014,1
"ENSG00000269973","ENSG00000269973",0.233916620109415,0.180099076141158,0.019,0.014,1
"RGMB-AS1","RGMB-AS1",0.234149415449058,0.582945367942098,0.014,0.009,1
"ENSG00000229487","ENSG00000229487",0.23443866247109,0.398468316623618,0.028,0.021,1
"SETD3","SETD3",0.235058298847531,-0.109959067755982,0.425,0.44,1
"ENSG00000271774","ENSG00000271774",0.235062044400749,0.105938027715704,0.014,0.009,1
"VPS16","VPS16",0.235195187447596,0.340050190279446,0.058,0.048,1
"CHD8","CHD8",0.235219006551157,-0.113031923712417,0.474,0.486,1
"ODAD2","ODAD2",0.235304836283673,-1.05756389836345,0.01,0.014,1
"AHR","AHR",0.235658029788791,-0.476936529520076,0.018,0.024,1
"CBLN3","CBLN3",0.235834978535613,1.07559536756316,0.01,0.006,1
"GRSF1","GRSF1",0.235883729644119,-0.180757400363324,0.245,0.256,1
"VWA5A","VWA5A",0.235915930096509,0.171731207613688,0.05,0.041,1
"ENSG00000268133","ENSG00000268133",0.236016866904331,0.765359307049667,0.015,0.01,1
"KRT10-AS1","KRT10-AS1",0.236071230936832,0.136778826383173,0.077,0.065,1
"PCGF1","PCGF1",0.236153625013601,0.277317242114629,0.027,0.02,1
"NUBP1","NUBP1",0.236358571143337,0.20358763010914,0.104,0.091,1
"LOC102467226","LOC102467226",0.236391271824491,0.686606874607618,0.01,0.006,1
"ENSG00000266604","ENSG00000266604",0.236391271824491,0.7664762679892,0.01,0.006,1
"ITIH2","ITIH2",0.236508197801393,0.492865444329677,0.02,0.014,1
"TANGO6","TANGO6",0.236696927147523,0.109624237220655,0.451,0.425,1
"ENSG00000260273","ENSG00000260273",0.236730418787,-0.828915924979104,0.01,0.014,1
"LOC105371200","LOC105371200",0.236839851276459,0.884789658324904,0.021,0.016,1
"MEGF6","MEGF6",0.236911178772808,0.497292732551258,0.021,0.015,1
"PCGF2","PCGF2",0.23691396492645,0.56463377476284,0.046,0.038,1
"RNF112","RNF112",0.23692380149257,-0.445691222329723,0.025,0.032,1
"ENSG00000235635","ENSG00000235635",0.237060047789828,0.68820625887548,0.01,0.006,1
"CDH7","CDH7",0.237171640320343,0.687328911530606,0.01,0.006,1
"PRSS55","PRSS55",0.237219598460374,-0.364618946520144,0.039,0.048,1
"ENSG00000267251","ENSG00000267251",0.237506640615836,0.789516333630655,0.01,0.006,1
"PTGER4","PTGER4",0.237591098427383,0.248257223306633,0.049,0.04,1
"MESP2","MESP2",0.237618381627325,0.238403859180991,0.01,0.006,1
"ANTXR1","ANTXR1",0.23771404423372,-0.733108355921758,0.01,0.014,1
"C2CD4C","C2CD4C",0.237841975040754,0.655030677757624,0.01,0.006,1
"SF3B6","SF3B6",0.237998523983914,-0.247703034952752,0.206,0.218,1
"TFB1M","TFB1M",0.237999707851515,-0.116191830718653,0.394,0.412,1
"ANO8","ANO8",0.238171608170292,0.170589020836902,0.103,0.09,1
"ENSG00000253553","ENSG00000253553",0.238465414098338,0.559112862798808,0.021,0.015,1
"MTHFD2L","MTHFD2L",0.238587543179757,-0.183171127353484,0.373,0.386,1
"DBN1","DBN1",0.238748468578192,-0.561561076872334,0.015,0.021,1
"IDUA","IDUA",0.238854165999949,0.25896147601684,0.074,0.063,1
"TCOF1","TCOF1",0.239007946742428,0.177669756727437,0.205,0.19,1
"ARAP2-AS1","ARAP2-AS1",0.239059996430427,-0.69093876473501,0.01,0.014,1
"CUL4B","CUL4B",0.239145331894321,-0.159619889001611,0.244,0.258,1
"VEGFA","VEGFA",0.23920402347612,-0.143030994004009,0.021,0.027,1
"LINC01103","LINC01103",0.239256736321475,0.138433094440688,0.089,0.077,1
"ZSCAN21","ZSCAN21",0.239417533948879,0.224086916473915,0.106,0.093,1
"ENSG00000251185","ENSG00000251185",0.23950983956915,0.783385825991854,0.015,0.01,1
"FOXRED2","FOXRED2",0.239631681362374,0.128730971418242,0.098,0.085,1
"RASA2","RASA2",0.239717381435217,-0.104614353484284,0.572,0.575,1
"SCAMP1","SCAMP1",0.239757695499826,-0.126011537834991,0.44,0.454,1
"LINC01085","LINC01085",0.240071349951231,-0.307999522320995,0.264,0.276,1
"SIX3","SIX3",0.24013333219871,-0.647438620807113,0.012,0.018,1
"ENSG00000273374","ENSG00000273374",0.240230829548775,0.312006270692972,0.015,0.01,1
"SHC3","SHC3",0.240250152356835,-0.369798315342524,0.065,0.075,1
"TAOK2","TAOK2",0.240250941988959,0.144253669620677,0.219,0.203,1
"RELB","RELB",0.240321060723489,0.560983188270442,0.015,0.01,1
"ENSG00000259546","ENSG00000259546",0.240582985165896,-0.104173022953624,0.292,0.309,1
"SLC35B1","SLC35B1",0.240644140773857,0.153466467730294,0.14,0.126,1
"TTC23L","TTC23L",0.240808538748308,-0.200064988176622,0.151,0.167,1
"DHRS13","DHRS13",0.241298931161559,-0.523549137130012,0.049,0.058,1
"ILK","ILK",0.241396410959478,0.118320920658076,0.244,0.224,1
"COL6A1","COL6A1",0.241405697839648,0.659315723196962,0.015,0.01,1
"ENSG00000274341","ENSG00000274341",0.241496239569913,-0.658631363299023,0.01,0.014,1
"ENSG00000284041","ENSG00000284041",0.24167187849248,-0.477566065670354,0.012,0.018,1
"NAPB","NAPB",0.241864647457375,0.163778806423914,0.384,0.364,1
"CYKILR","CYKILR",0.241923533758615,-0.630910762132777,0.019,0.025,1
"KCNH3","KCNH3",0.242312190888365,0.33477303383854,0.015,0.01,1
"COQ10A","COQ10A",0.242344930789973,0.464322146847273,0.021,0.015,1
"GP6","GP6",0.242432109751884,0.61036930633984,0.032,0.025,1
"ZNF219","ZNF219",0.24245488026223,0.273875999393999,0.039,0.031,1
"SV2B","SV2B",0.242584605092209,0.448430061067162,0.015,0.01,1
"CNPPD1","CNPPD1",0.24263721556297,0.141467841267977,0.19,0.174,1
"ENSG00000268352","ENSG00000268352",0.242718568766856,0.287219029034115,0.042,0.034,1
"ENSG00000250049","ENSG00000250049",0.242795407719257,0.376828375059822,0.021,0.015,1
"SLC35A1","SLC35A1",0.243011758476125,0.109247429047553,0.066,0.056,1
"ENSG00000284512","ENSG00000284512",0.243096052551665,0.297050733237141,0.021,0.015,1
"SLC25A21-AS1","SLC25A21-AS1",0.243138988028861,-0.307137498108382,0.057,0.067,1
"ENSG00000253875","ENSG00000253875",0.24355622227171,-0.511562091218641,0.026,0.033,1
"TOX","TOX",0.243564096573817,-0.529746285554733,0.015,0.021,1
"PRR16","PRR16",0.243609546232631,-1.17182721992503,0.008,0.012,1
"ENSG00000260276","ENSG00000260276",0.243793537982103,-0.286183273437018,0.025,0.032,1
"TIGD1","TIGD1",0.243944952871606,-0.360444323113454,0.056,0.065,1
"PFKFB4","PFKFB4",0.244095841775457,-0.107060999741156,0.214,0.232,1
"CHD3","CHD3",0.24421252209661,-0.159692436906297,0.025,0.032,1
"VSNL1","VSNL1",0.244295700684419,0.663287100130405,0.015,0.01,1
"LINC01748","LINC01748",0.244304940038951,-0.604062804222322,0.019,0.025,1
"DHX40","DHX40",0.24431504232474,0.217321888751957,0.22,0.207,1
"ENSG00000279068","ENSG00000279068",0.244421637189401,-0.862678264179363,0.008,0.012,1
"PPP4C","PPP4C",0.244516357071905,0.151693246631506,0.171,0.154,1
"PLEKHO1","PLEKHO1",0.244661444864251,0.119017687493582,0.028,0.022,1
"BASP1","BASP1",0.244820088915377,-0.417330611521946,0.033,0.041,1
"TERF2","TERF2",0.244888084844661,-0.103237322716738,0.223,0.241,1
"ENSG00000233848","ENSG00000233848",0.244937554707278,0.176441343047753,0.044,0.035,1
"SYNE4","SYNE4",0.245031951357849,-0.714527694303127,0.008,0.012,1
"SUSD4","SUSD4",0.245179433569533,-0.186383988644248,0.012,0.018,1
"LOC105375421","LOC105375421",0.24525610225371,-0.271708169029474,0.07,0.082,1
"RAD9A","RAD9A",0.245685255561748,0.14698601731725,0.198,0.182,1
"KLHL3","KLHL3",0.245695104984155,0.174918052650876,0.504,0.495,1
"ENSG00000237188","ENSG00000237188",0.245890344267174,-0.17871063888154,0.516,0.515,1
"ENSG00000231755","ENSG00000231755",0.245949426200325,-1.06041144556234,0.008,0.012,1
"ZNF664","ZNF664",0.245962096018116,-0.205439179243016,0.01,0.014,1
"ZUP1","ZUP1",0.246171365782493,-0.149204254027447,0.23,0.246,1
"LINC01396","LINC01396",0.24618237076507,0.736578086860696,0.023,0.018,1
"SULF2","SULF2",0.246329097673347,-0.285904658575239,0.012,0.018,1
"METTL13","METTL13",0.246331416961865,0.124594371088381,0.098,0.085,1
"PPOX","PPOX",0.246584114936956,-0.355269876205926,0.104,0.116,1
"TACR1","TACR1",0.246702757275415,-0.4555144897955,0.019,0.025,1
"BAG1","BAG1",0.246846187344748,0.207260639086878,0.177,0.161,1
"ART3","ART3",0.246869306798098,-0.651090752205116,0.008,0.012,1
"PPP1R42","PPP1R42",0.24691379466982,-0.206387252699348,0.089,0.101,1
"ZAP70","ZAP70",0.246971664326947,-0.61282009742264,0.008,0.012,1
"LOXL2","LOXL2",0.246988630220297,-0.202219358476313,0.102,0.114,1
"LINC02223","LINC02223",0.247381391691939,-0.671259647713432,0.008,0.012,1
"AGPAT3","AGPAT3",0.247402231677153,-0.117758950423171,0.455,0.47,1
"WDR12","WDR12",0.247729824861783,-0.194782888421924,0.226,0.239,1
"TBKBP1","TBKBP1",0.24809955932741,-0.441715483668266,0.008,0.012,1
"CHRM3","CHRM3",0.248195035727031,-0.694734138021137,0.016,0.022,1
"SMIM18","SMIM18",0.248318562613884,0.676932765963706,0.015,0.01,1
"RAP1GAP2","RAP1GAP2",0.248496335737679,0.160220048236492,0.053,0.044,1
"ENSG00000267152","ENSG00000267152",0.248543333429083,0.343090327367324,0.054,0.045,1
"IFI44","IFI44",0.248580919632103,-0.452763963501387,0.03,0.037,1
"ENSG00000213981","ENSG00000213981",0.248716291678749,-0.64485438292185,0.008,0.012,1
"ENSG00000260750","ENSG00000260750",0.248716291678749,-0.759252779887127,0.008,0.012,1
"NPHP3-ACAD11","NPHP3-ACAD11",0.248767471177673,0.127928024817511,0.072,0.061,1
"HNRNPUL1","HNRNPUL1",0.248999344863275,0.127159015918046,0.394,0.375,1
"ENSG00000283141","ENSG00000283141",0.249036344953027,-0.110522331818738,0.135,0.15,1
"ENSG00000250765","ENSG00000250765",0.249038346577576,0.82716424071552,0.01,0.007,1
"HVCN1","HVCN1",0.249038562319188,1.05614907157413,0.015,0.01,1
"ENSG00000227769","ENSG00000227769",0.24912804174248,-0.600095231102008,0.008,0.012,1
"INCA1","INCA1",0.249218790070827,0.453801817819396,0.015,0.01,1
"SWI5","SWI5",0.249244327987889,0.134461598782291,0.167,0.151,1
"DR1","DR1",0.249417861902496,-0.223177733231589,0.162,0.177,1
"UCKL1-AS1","UCKL1-AS1",0.249592920581747,0.833243246564869,0.01,0.007,1
"GALNTL6","GALNTL6",0.249920105496181,-0.334473502030286,0.067,0.078,1
"TDRD5","TDRD5",0.250482032893837,0.769966114730734,0.01,0.007,1
"LOC101927377","LOC101927377",0.250482937249016,0.525813166153286,0.015,0.01,1
"TRIM65","TRIM65",0.250578368226192,0.12406675017128,0.141,0.125,1
"ENSG00000282998","ENSG00000282998",0.250704656084636,0.854040958017946,0.01,0.007,1
"USB1","USB1",0.250756530476859,0.100728675249381,0.088,0.076,1
"FBXO28","FBXO28",0.250836806518532,0.109960374449816,0.451,0.431,1
"GINS3","GINS3",0.250871028780859,0.278485197849563,0.046,0.038,1
"ENSG00000253496","ENSG00000253496",0.250968932006245,-0.982487823905422,0.013,0.018,1
"IGF2BP3","IGF2BP3",0.251172914222363,-0.611689190152404,0.013,0.018,1
"RASIP1","RASIP1",0.251207313918289,0.268638300154348,0.015,0.01,1
"TRHDE","TRHDE",0.25129796367324,0.535582280454668,0.015,0.01,1
"ENSG00000271761","ENSG00000271761",0.251552595360416,-0.570021222718112,0.016,0.022,1
"UTP14C","UTP14C",0.251863565288669,0.123242672070788,0.198,0.181,1
"HYAL3","HYAL3",0.251931552487614,0.729340559472265,0.01,0.007,1
"ALDH3A2","ALDH3A2",0.252059709547028,0.185255679945977,0.339,0.321,1
"ENSG00000260041","ENSG00000260041",0.2522668860028,0.362761727888198,0.01,0.007,1
"GLB1","GLB1",0.252273933158819,-0.101463297168709,0.337,0.348,1
"ATP5MK","ATP5MK",0.252313643586822,0.129887862913324,0.24,0.224,1
"ENSG00000272162","ENSG00000272162",0.25234225249273,0.21804989116556,0.13,0.116,1
"EMSY-DT","EMSY-DT",0.252485743379484,0.232898233973899,0.106,0.093,1
"ENSG00000268751","ENSG00000268751",0.252698154520946,0.34737370667365,0.045,0.037,1
"FGF17","FGF17",0.252751464267433,0.315763676947837,0.015,0.01,1
"TTC39C","TTC39C",0.252751464267433,-0.955538090016764,0.01,0.015,1
"CDNF","CDNF",0.252770773663835,-0.26101254778006,0.042,0.051,1
"RAB32","RAB32",0.252880391996937,0.178568475868882,0.104,0.092,1
"MTFMT","MTFMT",0.253084829699013,-0.113864684553834,0.125,0.14,1
"ENSG00000273271","ENSG00000273271",0.253611330922007,0.501013193123137,0.01,0.007,1
"CCDC43","CCDC43",0.253660359542479,0.211386628125625,0.124,0.111,1
"CDC37L1-DT","CDC37L1-DT",0.25371814915113,0.231274111241127,0.046,0.037,1
"ENSG00000269939","ENSG00000269939",0.253720636217989,0.161117510882396,0.075,0.063,1
"ENSG00000261172","ENSG00000261172",0.253750371271905,-0.146253654091589,0.026,0.033,1
"GHRL","GHRL",0.253936739011244,0.251961910544568,0.015,0.01,1
"ENSG00000237352","ENSG00000237352",0.253950417032197,-0.113628951831548,0.116,0.131,1
"LOC124904917","LOC124904917",0.25409624332944,0.241979038820326,0.043,0.035,1
"MAP3K15","MAP3K15",0.254112104657323,0.351672355771949,0.023,0.017,1
"ENSG00000261369","ENSG00000261369",0.254139363183047,0.667001622463967,0.016,0.011,1
"MSRB1","MSRB1",0.254238215242528,-0.341393916349999,0.059,0.069,1
"TPST2","TPST2",0.254563581263566,-0.401463279033242,0.016,0.022,1
"ENSG00000262903","ENSG00000262903",0.254622932902423,0.243068675607149,0.01,0.007,1
"GABRB1","GABRB1",0.254736806104122,0.43258008154492,0.06,0.051,1
"RASL11A","RASL11A",0.254960756449957,0.405462119784796,0.01,0.007,1
"MRPL20","MRPL20",0.254992619943777,-0.12497161067934,0.304,0.319,1
"RMND1","RMND1",0.255005778221289,-0.190357253319001,0.254,0.266,1
"BRDT","BRDT",0.255217509293276,-0.560170881490127,0.01,0.015,1
"ENSG00000265073","ENSG00000265073",0.255217509293276,-0.582658895792023,0.01,0.015,1
"KIAA1549L","KIAA1549L",0.255415943579516,-0.326817749153133,0.019,0.025,1
"ATP8B4","ATP8B4",0.255660688932212,0.347445313544524,0.023,0.017,1
"IER5","IER5",0.255750223104439,0.132173867663374,0.01,0.007,1
"MRS2","MRS2",0.255791664661024,-0.11836480864254,0.176,0.192,1
"PCDH11X","PCDH11X",0.25598782639151,0.358051923276766,0.048,0.04,1
"MAP6","MAP6",0.256021010342574,-0.123159640494281,0.394,0.403,1
"ACBD5","ACBD5",0.256254405131035,-0.105263510275852,0.336,0.351,1
"ITGB4","ITGB4",0.256351458920493,-0.73458530832577,0.013,0.018,1
"ENSG00000254263","ENSG00000254263",0.256463069632936,0.632064243647708,0.016,0.011,1
"SLC47A1","SLC47A1",0.256776740747924,0.180007312944118,0.073,0.063,1
"PGM3","PGM3",0.256850331927195,0.128173498058239,0.301,0.282,1
"ENSG00000262633","ENSG00000262633",0.256934425692273,0.124081869949928,0.267,0.25,1
"RAB36","RAB36",0.256962870468557,-0.521470792014769,0.01,0.015,1
"ENSG00000230177","ENSG00000230177",0.257093328612059,0.414939932431697,0.024,0.018,1
"ADGRL1-AS1","ADGRL1-AS1",0.257143922008874,0.319290510166586,0.069,0.059,1
"NUDT7","NUDT7",0.257147943863135,-0.176458732837895,0.092,0.104,1
"WTIP","WTIP",0.257294826196702,-0.438484990776946,0.016,0.022,1
"FHL1","FHL1",0.257344715217042,0.150899229128306,0.066,0.056,1
"POLE4","POLE4",0.25737189305622,0.12671007344282,0.173,0.158,1
"ARFGAP2","ARFGAP2",0.257539793242546,-0.109974978142927,0.303,0.316,1
"ENSG00000244676","ENSG00000244676",0.257644615355908,0.350435636810129,0.032,0.025,1
"ENSG00000273011","ENSG00000273011",0.257720389157758,0.486015136780657,0.016,0.011,1
"TMEM267","TMEM267",0.257791435717664,-0.107143111550747,0.234,0.25,1
"FBXO3","FBXO3",0.258287001613023,0.11211133176881,0.384,0.363,1
"PLPPR5-AS1","PLPPR5-AS1",0.258551932477691,-0.348288046476687,0.019,0.025,1
"ARRDC1-AS1","ARRDC1-AS1",0.258574014196588,-0.293256842876427,0.093,0.104,1
"GLUD1","GLUD1",0.258608422525332,-0.101122062250469,0.549,0.565,1
"PARVA","PARVA",0.258744485182154,-0.227208715287717,0.016,0.022,1
"SLC25A38","SLC25A38",0.258902943975233,0.19034635361526,0.114,0.101,1
"TXLNB","TXLNB",0.258994260886111,-1.00545377850614,0.014,0.019,1
"CEP162","CEP162",0.259067859078921,-0.159759767838219,0.423,0.433,1
"PLCB1","PLCB1",0.259095173022269,-0.363070690521872,0.043,0.052,1
"TIMM23","TIMM23",0.259095541658152,-0.229424942239573,0.19,0.205,1
"PRXL2C","PRXL2C",0.259126432504035,0.27003877167374,0.113,0.1,1
"MRGBP","MRGBP",0.259221338517255,0.152045785597536,0.069,0.059,1
"GSPT2","GSPT2",0.259277058943593,0.242326831857129,0.046,0.038,1
"LINC01567","LINC01567",0.259436655604706,0.413432202122499,0.035,0.028,1
"ZEB1","ZEB1",0.259736840616509,-0.290134622948272,0.03,0.037,1
"ACSS2","ACSS2",0.259961597787166,-0.102482836699038,0.445,0.458,1
"ZDHHC6","ZDHHC6",0.260046263128627,-0.1744127037939,0.115,0.128,1
"ZNF597","ZNF597",0.26008632635355,0.221711972804203,0.05,0.042,1
"KSR1","KSR1",0.260156389325344,0.162534006768717,0.365,0.35,1
"ADCY1","ADCY1",0.260184150788726,-0.692793856059222,0.017,0.022,1
"ENSG00000267191","ENSG00000267191",0.26036249186384,-0.179114787272892,0.113,0.127,1
"SNTG1","SNTG1",0.260450583069101,-0.258657577430829,0.039,0.047,1
"MAOB","MAOB",0.260863648099152,-0.835701497417929,0.017,0.022,1
"ZBTB11","ZBTB11",0.261149362246893,0.147325925991718,0.295,0.276,1
"CREB1","CREB1",0.26115409375539,-0.123082012280977,0.497,0.502,1
"ENSG00000250101","ENSG00000250101",0.26119972362139,0.287610177452845,0.048,0.04,1
"NUDT15","NUDT15",0.26161666192757,0.356956877300569,0.055,0.046,1
"ENSG00000272356","ENSG00000272356",0.261714508662526,-0.198542999157028,0.019,0.025,1
"LRRN1","LRRN1",0.261811598112496,0.392827626441509,0.095,0.083,1
"SPIRE2","SPIRE2",0.26190464024456,0.180515593398415,0.105,0.093,1
"PDE3A","PDE3A",0.262191831696182,-0.413937490710771,0.013,0.018,1
"ENSG00000267022","ENSG00000267022",0.262519817209595,0.320631388269591,0.046,0.037,1
"CFAP100","CFAP100",0.262860661678252,0.247303794127334,0.034,0.027,1
"HARS2","HARS2",0.26291233389907,0.195411095822352,0.068,0.058,1
"ASAP3","ASAP3",0.263007490335647,-0.182394828935205,0.023,0.029,1
"ZNF317","ZNF317",0.263164311318805,0.112648396218332,0.131,0.117,1
"MYORG","MYORG",0.263377281472015,0.189143911168186,0.108,0.095,1
"PLXNB3","PLXNB3",0.263533894572042,-0.136854699254989,0.023,0.029,1
"CDKL4","CDKL4",0.263570148264128,0.870098872596786,0.011,0.007,1
"KLF16","KLF16",0.263763548895354,0.381798928187494,0.056,0.047,1
"IFT20","IFT20",0.263984269863494,-0.257337217711266,0.218,0.231,1
"ENSG00000275807","ENSG00000275807",0.264257835859282,-0.864585627809413,0.008,0.012,1
"ENSG00000280029","ENSG00000280029",0.264279539732582,-0.317686823497843,0.017,0.022,1
"ORMDL3","ORMDL3",0.264284363599655,0.112371945964965,0.078,0.067,1
"ENSG00000263257","ENSG00000263257",0.264347706797641,0.565448965963469,0.011,0.007,1
"MXD3","MXD3",0.2645028728221,-0.380407530053199,0.062,0.071,1
"DCLRE1A","DCLRE1A",0.264667152149473,-0.257082495429922,0.045,0.054,1
"ENSG00000235298","ENSG00000235298",0.264786769104038,0.403428653275333,0.024,0.018,1
"LOC112268431","LOC112268431",0.264829252307935,-0.714712095810431,0.008,0.012,1
"STAB1","STAB1",0.264904073092038,0.70474612836091,0.011,0.007,1
"RERG","RERG",0.264965470197607,0.22945920262106,0.023,0.018,1
"LACC1","LACC1",0.265004711190114,-0.726307517332176,0.014,0.019,1
"WIPF3","WIPF3",0.26533389598203,0.438790135881957,0.017,0.012,1
"ETAA1","ETAA1",0.265645301653411,0.125630651897761,0.191,0.174,1
"CPB2","CPB2",0.265787976645654,0.140167739924514,0.177,0.161,1
"NIBAN2","NIBAN2",0.265818253552643,-0.822264871040393,0.008,0.012,1
"ENSG00000274444","ENSG00000274444",0.265871918343659,0.48079243328038,0.017,0.012,1
"ENSG00000250790","ENSG00000250790",0.266026787585245,-0.645305769008288,0.008,0.012,1
"ENSG00000271784","ENSG00000271784",0.266578011152616,0.690984851120516,0.011,0.007,1
"ASPH","ASPH",0.266612520506781,-0.141637571763145,0.33,0.347,1
"CCDC81","CCDC81",0.266717089797432,0.435280249357903,0.048,0.04,1
"MRPL16","MRPL16",0.266726552477215,-0.135959994555094,0.089,0.101,1
"ENSG00000229848","ENSG00000229848",0.266860242362529,0.518489613766462,0.017,0.012,1
"ENSG00000237844","ENSG00000237844",0.266903730818952,-0.613107067881606,0.021,0.027,1
"FAM200C","FAM200C",0.266923272926188,0.173924442931688,0.138,0.124,1
"TRMT10A","TRMT10A",0.266975289224433,-0.136849697635904,0.234,0.25,1
"ENSG00000267198","ENSG00000267198",0.266990519427797,-0.301896979479348,0.02,0.026,1
"PROM2","PROM2",0.2670082408039,0.281043986429958,0.035,0.028,1
"ENSG00000256100","ENSG00000256100",0.267085004840639,-0.51022688635262,0.014,0.019,1
"ENSG00000223390","ENSG00000223390",0.26713760431421,0.510523227080737,0.011,0.007,1
"TGS1","TGS1",0.267239690883356,-0.133595108741852,0.195,0.21,1
"PBX4","PBX4",0.267251585773234,-0.687262033274338,0.021,0.027,1
"C1orf21","C1orf21",0.267415257240401,0.194875007825577,0.059,0.05,1
"ENSG00000271327","ENSG00000271327",0.267473747687995,0.552876446047565,0.011,0.007,1
"SLC38A3","SLC38A3",0.267630683891004,-0.125835679645658,0.145,0.159,1
"SERP2","SERP2",0.267704389242797,0.137381200565328,0.34,0.322,1
"DNAH5","DNAH5",0.267748121932128,-0.670235077878029,0.011,0.016,1
"SAMD3","SAMD3",0.268118697940118,-0.690869632875501,0.017,0.023,1
"USP36","USP36",0.268169598495244,-0.129006525526991,0.359,0.376,1
"ZNF879","ZNF879",0.268243436412927,0.279246950541308,0.051,0.042,1
"HCRTR2","HCRTR2",0.268483921987443,0.121465310664934,0.011,0.007,1
"DNAAF5","DNAAF5",0.268554004844424,0.112558154423822,0.191,0.173,1
"OTOGL","OTOGL",0.268580281184102,-0.696038294704219,0.011,0.016,1
"PIWIL2","PIWIL2",0.268678446827218,0.330089990431299,0.073,0.063,1
"MED19","MED19",0.268720827582009,0.230784822830929,0.106,0.094,1
"ENSG00000285382","ENSG00000285382",0.26881893228658,-0.325177904157741,0.037,0.044,1
"ENSG00000272076","ENSG00000272076",0.268821228301462,0.374752317365051,0.011,0.007,1
"CCDC71","CCDC71",0.268840557183425,0.33879392402839,0.024,0.018,1
"ZNF804A","ZNF804A",0.268958090988326,-0.869039188007643,0.008,0.012,1
"ASB8","ASB8",0.269203070216022,-0.201707245340544,0.22,0.232,1
"TMEM134","TMEM134",0.269366373958361,-0.242628265565142,0.219,0.229,1
"ENSG00000280136","ENSG00000280136",0.269426892340856,-0.162512375773353,0.051,0.061,1
"DECR2","DECR2",0.269642401818519,0.286418162198897,0.036,0.029,1
"TIGD6","TIGD6",0.269758292241149,-0.305358277728893,0.062,0.072,1
"LMOD3","LMOD3",0.269834892527675,0.1160318465516,0.011,0.007,1
"ENSG00000236514","ENSG00000236514",0.269903078619272,0.4168296599101,0.025,0.019,1
"LOC105370169","LOC105370169",0.269947120553011,-0.127915240298853,0.136,0.12,1
"WDR45B","WDR45B",0.269994077935541,-0.128201718440204,0.379,0.393,1
"DNTTIP2","DNTTIP2",0.270067583964538,0.128679393714481,0.129,0.114,1
"LINC00871","LINC00871",0.27010635411899,-0.360668814542106,0.02,0.026,1
"ENSG00000260163","ENSG00000260163",0.270115718787262,-0.411402444105778,0.008,0.012,1
"POLE2","POLE2",0.27062848204879,-0.218956601383627,0.104,0.116,1
"FILIP1L","FILIP1L",0.270883427508591,0.273235079511302,0.115,0.103,1
"ENSG00000263635","ENSG00000263635",0.2709642576811,0.15513507218898,0.011,0.007,1
"WDR76","WDR76",0.271162877909613,0.323976592311219,0.037,0.029,1
"CNKSR2","CNKSR2",0.271460194168784,-0.596707253976716,0.011,0.016,1
"TMEM64","TMEM64",0.271466561032434,-0.137239213220668,0.619,0.618,1
"NPIPB3","NPIPB3",0.271520522002086,-0.51598504127284,0.021,0.027,1
"CYB5A","CYB5A",0.271722914010756,-0.181929353155011,0.254,0.267,1
"ENSG00000267059","ENSG00000267059",0.272000652854116,-0.527617954433096,0.017,0.023,1
"AAR2","AAR2",0.272227541711323,-0.157587341421895,0.181,0.194,1
"ENSG00000240499","ENSG00000240499",0.272230195337435,-0.664485637013701,0.017,0.023,1
"UBQLN1-AS1","UBQLN1-AS1",0.272269035562496,0.188270589577352,0.053,0.044,1
"CATSPERB","CATSPERB",0.272325362840756,-0.456277363033188,0.028,0.035,1
"RGS2","RGS2",0.272441210375128,0.543389356814963,0.045,0.037,1
"PCDHB12","PCDHB12",0.272552719340586,0.471554955690981,0.017,0.012,1
"SLC10A6","SLC10A6",0.272638374632363,0.58913812690339,0.026,0.02,1
"ADPRM","ADPRM",0.27275784184104,0.296546628190825,0.066,0.056,1
"DENND5B-AS1","DENND5B-AS1",0.272956463268929,0.287605674979511,0.054,0.045,1
"TMEM246-AS1","TMEM246-AS1",0.273027858220496,-0.222208478683701,0.213,0.225,1
"SOX2","SOX2",0.27312108422602,-0.116401098841929,0.596,0.597,1
"ACADSB","ACADSB",0.273136802603583,0.128794040479695,0.404,0.393,1
"MGAT4EP","MGAT4EP",0.273356383386479,0.467871241420233,0.017,0.012,1
"CSK","CSK",0.273471043247324,0.101319988727418,0.117,0.104,1
"NLRC3","NLRC3",0.273533440188464,-0.508935930139669,0.017,0.023,1
"DNAJC22","DNAJC22",0.27359864572704,-0.419672863016843,0.037,0.044,1
"GGT5","GGT5",0.273635072730504,-0.708224519199835,0.006,0.01,1
"PHEX","PHEX",0.273659250639056,0.117550422127966,0.085,0.074,1
"ENSG00000267940","ENSG00000267940",0.273893058692208,0.461339454169909,0.017,0.012,1
"ENSG00000261058","ENSG00000261058",0.273997353820572,-0.681395688664304,0.006,0.01,1
"POLR3E","POLR3E",0.274066674192917,-0.113804343445097,0.179,0.192,1
"SHLD1","SHLD1",0.274069851351297,-0.199343027502618,0.18,0.192,1
"THSD8","THSD8",0.274118186985326,-0.487586261251507,0.006,0.01,1
"CTNNA1-AS1","CTNNA1-AS1",0.274239056553783,-0.655688176789215,0.006,0.01,1
"IFITM3","IFITM3",0.274242174521642,-0.27216163599711,0.017,0.022,1
"GTF2E1","GTF2E1",0.27434467756963,-0.273166020556518,0.112,0.124,1
"RIT2","RIT2",0.274496834332179,-0.238228585768311,0.014,0.019,1
"ADGRG2","ADGRG2",0.274504477661405,-0.295694930579515,0.073,0.083,1
"ZNF394","ZNF394",0.274736440805086,-0.230222344429196,0.154,0.168,1
"ENSG00000233766","ENSG00000233766",0.27512133616619,0.155182102239191,0.05,0.042,1
"KL","KL",0.275150133483697,1.00151641069912,0.012,0.008,1
"GNS","GNS",0.27516480464652,-0.138801150492965,0.248,0.262,1
"PGM2L1","PGM2L1",0.275257247558135,0.228557576833314,0.094,0.083,1
"FHOD3","FHOD3",0.275433096357544,-0.553837651133582,0.014,0.019,1
"ENSG00000261766","ENSG00000261766",0.275448788225867,-0.189942467825319,0.07,0.081,1
"HHLA2","HHLA2",0.27557102496092,-0.671870671227804,0.006,0.01,1
"CCDC78","CCDC78",0.275668020759111,-0.660322357429745,0.021,0.027,1
"ENSG00000272277","ENSG00000272277",0.275687174420912,0.396619004819276,0.017,0.012,1
"ENSG00000258081","ENSG00000258081",0.275687174420912,0.205174788781036,0.017,0.012,1
"ENSG00000267475","ENSG00000267475",0.275791248405627,0.502358732816775,0.018,0.013,1
"ENSG00000235271","ENSG00000235271",0.275835187395402,-0.301823075170688,0.02,0.026,1
"SARS2","SARS2",0.276043852355244,-0.303709021204419,0.024,0.031,1
"TMEM238","TMEM238",0.276177922001908,-0.284393602669897,0.006,0.01,1
"CDH4","CDH4",0.276306342515441,0.158077264294093,0.344,0.333,1
"NHSL2","NHSL2",0.276385380300532,-0.28018159369886,0.058,0.067,1
"TFEC","TFEC",0.276420935841005,-0.184725896326882,0.006,0.01,1
"EBAG9","EBAG9",0.276432482543524,-0.234881736262611,0.157,0.17,1
"WAS","WAS",0.276476099333763,0.630049301805358,0.012,0.008,1
"KCTD5","KCTD5",0.276585392291723,-0.130895232822675,0.118,0.132,1
"FGF14","FGF14",0.276751298056177,-0.405525575983554,0.13,0.142,1
"ENSG00000254692","ENSG00000254692",0.277005763649759,0.166551646928474,0.152,0.137,1
"RYR2","RYR2",0.277013880914371,0.212113280597817,0.182,0.169,1
"VIPR1","VIPR1",0.277140713253119,0.564512533220753,0.012,0.008,1
"DCX","DCX",0.277197919171651,0.162109009102596,0.088,0.078,1
"ENSG00000260018","ENSG00000260018",0.27723618578076,-0.369434625107025,0.017,0.023,1
"POLR1F","POLR1F",0.277569722043693,-0.113040279807076,0.102,0.115,1
"COPS7B","COPS7B",0.277814781818824,-0.151569184623843,0.216,0.233,1
"CDADC1","CDADC1",0.278094724265529,0.135236413571179,0.176,0.163,1
"DTD1","DTD1",0.278209133789867,-0.188915283622654,0.213,0.226,1
"SOX11","SOX11",0.278303636718638,-0.260975056629796,0.055,0.065,1
"BOD1","BOD1",0.278614149306392,0.193331464636391,0.142,0.128,1
"RBM42","RBM42",0.278689316026242,-0.255845166607347,0.207,0.216,1
"SYNJ2BP-COX16","SYNJ2BP-COX16",0.278893072647053,0.104577026115963,0.025,0.019,1
"TOMM40L","TOMM40L",0.27890446030844,0.324204546835151,0.059,0.05,1
"ENSG00000269534","ENSG00000269534",0.278918335403161,0.639988156803981,0.012,0.008,1
"TMCC1-DT","TMCC1-DT",0.279152198729738,0.29076903450555,0.088,0.077,1
"ENSG00000261103","ENSG00000261103",0.279384743678367,0.265924693391728,0.026,0.02,1
"NF2","NF2",0.279402450421013,-0.126454998588847,0.221,0.237,1
"AKAP13","AKAP13",0.279491931193278,-0.116646546981587,0.305,0.316,1
"ZNF324","ZNF324",0.279738262175158,0.138475373163453,0.119,0.106,1
"THYN1","THYN1",0.279795316505236,0.126127962442039,0.12,0.107,1
"SNRPG","SNRPG",0.279801188657206,-0.250581566922916,0.165,0.178,1
"GALNT3","GALNT3",0.279874510098796,0.387766710827844,0.027,0.021,1
"ENSG00000256101","ENSG00000256101",0.280075691037629,-0.277282745031472,0.032,0.04,1
"HYPK","HYPK",0.280256630977801,0.378242850495294,0.012,0.008,1
"ITGB1-DT","ITGB1-DT",0.280307183002459,0.233817845782708,0.088,0.077,1
"FDXR","FDXR",0.280310310224514,0.270796212685251,0.04,0.033,1
"SEMA4F","SEMA4F",0.2803275903083,-0.170886392845381,0.066,0.076,1
"ATAT1","ATAT1",0.280343376787068,-0.131850979962877,0.229,0.242,1
"MAGED1","MAGED1",0.280558771131942,-0.129529847975392,0.425,0.439,1
"MYO18B","MYO18B",0.280607616490794,-0.503460178539644,0.021,0.027,1
"ENSG00000255046","ENSG00000255046",0.280786224682424,0.429721998010732,0.041,0.034,1
"ABHD14A","ABHD14A",0.281039314745072,0.123224766556003,0.012,0.008,1
"CSRP1-AS1","CSRP1-AS1",0.281085638125475,-0.11463852519758,0.286,0.303,1
"ENSG00000250132","ENSG00000250132",0.281282954408828,0.382975032929728,0.018,0.013,1
"HPN-AS1","HPN-AS1",0.281592085699631,-0.241393770401859,0.197,0.21,1
"LINC02603","LINC02603",0.281935625854279,0.245887384657882,0.012,0.008,1
"CFAP418-AS1","CFAP418-AS1",0.281992638655389,-0.400820275614777,0.079,0.09,1
"NMNAT2","NMNAT2",0.282390008972204,0.639669425117999,0.048,0.04,1
"ENSG00000214106","ENSG00000214106",0.282496803870249,0.26120222726346,0.012,0.008,1
"TYW5","TYW5",0.282539676499029,-0.151473248040954,0.192,0.207,1
"ZNF519","ZNF519",0.282612149592223,-0.175213318949836,0.139,0.152,1
"PRKAR1B","PRKAR1B",0.282792635611054,-0.107204081940021,0.249,0.261,1
"ENSG00000256287","ENSG00000256287",0.282903659213484,0.89936574065363,0.019,0.014,1
"FZD4","FZD4",0.282910742975575,-1.12955328647894,0.009,0.013,1
"C19orf12","C19orf12",0.28357759411885,-0.131781181603517,0.304,0.32,1
"BCAS4","BCAS4",0.283620115739616,-0.287541808433354,0.028,0.035,1
"ENSG00000255910","ENSG00000255910",0.283866787512321,0.65342789938262,0.047,0.039,1
"TMPO-AS1","TMPO-AS1",0.283966678583287,-0.765004188407221,0.009,0.013,1
"ENSG00000275383","ENSG00000275383",0.284045246426254,0.536825587814643,0.028,0.022,1
"GASK1B","GASK1B",0.284676578597408,-0.920171621245881,0.015,0.02,1
"OGFOD3","OGFOD3",0.285107816903414,-0.318008547762892,0.141,0.152,1
"GABBR2","GABBR2",0.285271585327085,-0.110328433806857,0.018,0.024,1
"SPDYE16","SPDYE16",0.2852873202453,0.334440285215989,0.045,0.037,1
"NPIPA2","NPIPA2",0.28534337909778,-0.700291648680042,0.009,0.013,1
"GTF3C2","GTF3C2",0.285397315846413,-0.114498894263846,0.242,0.256,1
"TENT5A","TENT5A",0.285427120972807,-0.700021302900262,0.018,0.024,1
"SLK","SLK",0.285860137511876,-0.103708379073466,0.469,0.479,1
"ARIH2OS","ARIH2OS",0.285877195686414,-0.442377604040643,0.039,0.047,1
"KCNQ1DN","KCNQ1DN",0.285980117672985,0.443682203365221,0.061,0.052,1
"RGS20","RGS20",0.285980298872989,-0.45406089642971,0.009,0.013,1
"LMNB1-DT","LMNB1-DT",0.286119246090961,-0.655682518486275,0.012,0.016,1
"ENSG00000230074","ENSG00000230074",0.286387616146656,0.453092611310689,0.041,0.033,1
"TBX2","TBX2",0.286614619180995,0.693389297310444,0.019,0.014,1
"PSMG3-AS1","PSMG3-AS1",0.286811819609861,-0.266672028891958,0.053,0.062,1
"POGLUT1","POGLUT1",0.286979107581848,0.126239594144903,0.214,0.197,1
"ENSG00000269427","ENSG00000269427",0.287014145865183,0.515751067957003,0.019,0.014,1
"SEC11A","SEC11A",0.28731094897931,-0.104804414163128,0.355,0.371,1
"MYO10","MYO10",0.287814875565103,-0.20719638364766,0.089,0.101,1
"POGLUT3","POGLUT3",0.287896818628144,-0.464846299549562,0.009,0.013,1
"COL5A3","COL5A3",0.287896818628144,-0.693893980558212,0.009,0.013,1
"RCAN2-DT","RCAN2-DT",0.287958494360204,-0.135798770845593,0.139,0.151,1
"GCLM","GCLM",0.287970419714242,0.105628959870672,0.256,0.239,1
"HMGXB3","HMGXB3",0.28803480238856,-0.199711585622513,0.281,0.291,1
"SATB2","SATB2",0.288175930502058,-0.138793374292251,0.387,0.401,1
"MYL12-AS1","MYL12-AS1",0.288331008837666,0.483376874203072,0.012,0.008,1
"MIR9-3HG","MIR9-3HG",0.288490746833245,-0.322892396620671,0.037,0.045,1
"RUSC1-AS1","RUSC1-AS1",0.288537579257936,-0.519274705129571,0.009,0.013,1
"GRIN2B","GRIN2B",0.288537579257936,-0.440408925178213,0.009,0.013,1
"ENSG00000259821","ENSG00000259821",0.288551419135828,0.657305628612601,0.012,0.008,1
"ESR1","ESR1",0.288732415401328,0.609800517451858,0.03,0.024,1
"CSGALNACT2-DT","CSGALNACT2-DT",0.28917930051861,-0.277288218724236,0.009,0.013,1
"ENSG00000239498","ENSG00000239498",0.289213331337621,0.551292349030033,0.012,0.008,1
"LOC101928516","LOC101928516",0.289376625949731,0.942631478823738,0.044,0.037,1
"SPHKAP","SPHKAP",0.289393421106742,-0.230572223444788,0.009,0.013,1
"PDE4B-AS1","PDE4B-AS1",0.289434195862274,0.530312087020373,0.012,0.008,1
"ZSCAN32","ZSCAN32",0.289693495215582,0.16068233245054,0.121,0.108,1
"CITED4","CITED4",0.289729245720429,0.215642827671172,0.063,0.054,1
"TUBA8","TUBA8",0.289876265636049,0.619175651327387,0.012,0.008,1
"ANKRD30A","ANKRD30A",0.289929189666329,-0.23306685685819,0.009,0.013,1
"ZNF98","ZNF98",0.290003727210153,0.185437618214687,0.106,0.095,1
"RUNDC3A","RUNDC3A",0.290150799047993,-0.240637231975521,0.194,0.205,1
"ENSG00000253500","ENSG00000253500",0.290183461241063,0.559363518411549,0.019,0.014,1
"ENSG00000279064","ENSG00000279064",0.290953287070225,0.19361952260555,0.063,0.054,1
"GRAMD1B","GRAMD1B",0.291116042696184,-0.147948200884203,0.09,0.102,1
"COL26A1","COL26A1",0.291367679425242,-0.137538262699819,0.032,0.04,1
"TSPAN19","TSPAN19",0.291647073607787,0.483449670688946,0.033,0.027,1
"NEURL4","NEURL4",0.291863482700076,-0.133789188886686,0.009,0.013,1
"ALG10","ALG10",0.291977422835129,0.106710243076086,0.044,0.037,1
"SUV39H1","SUV39H1",0.292165164866111,-0.47727605611213,0.026,0.032,1
"ENSG00000258301","ENSG00000258301",0.292284317709086,0.33531016068209,0.108,0.097,1
"EMC3","EMC3",0.292643217817014,0.103375402670159,0.288,0.273,1
"ENSG00000232725","ENSG00000232725",0.292650270517477,0.369444242913267,0.03,0.024,1
"GPATCH1","GPATCH1",0.292684722403519,-0.117500808428637,0.111,0.124,1
"TMEM187","TMEM187",0.293004702171716,0.205703112345038,0.067,0.058,1
"LINC00636","LINC00636",0.293329545735617,0.228438964249022,0.028,0.022,1
"ENSG00000268030","ENSG00000268030",0.293333050322409,0.466044321840642,0.031,0.025,1
"LASP1NB","LASP1NB",0.29356565759118,-0.10610567003703,0.154,0.169,1
"ENSG00000272145","ENSG00000272145",0.293959719039813,0.512529234198192,0.032,0.025,1
"SYCE1","SYCE1",0.294088323717825,-0.558751498135262,0.015,0.02,1
"BBS4","BBS4",0.294119459294764,-0.133425149557171,0.28,0.295,1
"STK16","STK16",0.29462479063128,0.170370237064446,0.103,0.092,1
"ENAH","ENAH",0.294693345443825,-0.109519973952625,0.436,0.448,1
"BRSK2","BRSK2",0.294925219961017,0.131314924692538,0.358,0.339,1
"ENSG00000132832","ENSG00000132832",0.294975556971528,-0.183956673250328,0.129,0.142,1
"OS9","OS9",0.295079244545178,0.116229666795423,0.295,0.278,1
"TEX36","TEX36",0.295459855928864,0.264921464630474,0.019,0.014,1
"NINJ1","NINJ1",0.295538859515848,-1.00106025782052,0.007,0.01,1
"BMPR1A","BMPR1A",0.295578524214086,-0.105377841841384,0.597,0.601,1
"BFAR","BFAR",0.29568390204355,0.14405834927292,0.238,0.222,1
"AGER","AGER",0.295805823154584,-0.548057277249865,0.015,0.02,1
"ENSG00000254064","ENSG00000254064",0.29612594629684,-0.459550174170243,0.019,0.024,1
"LCP1","LCP1",0.296680108919994,-0.273632926183274,0.183,0.194,1
"ENSG00000250064","ENSG00000250064",0.296737079039885,0.919289448352042,0.013,0.009,1
"ADNP-AS1","ADNP-AS1",0.29675441131444,-0.447424795862098,0.019,0.024,1
"RGS6","RGS6",0.296842008877199,-0.151517734060429,0.039,0.046,1
"SP2","SP2",0.296870655840309,0.149110666675331,0.161,0.148,1
"ENSG00000260167","ENSG00000260167",0.296947968645504,-0.525389956630874,0.051,0.059,1
"ENSG00000272661","ENSG00000272661",0.297198584255498,-0.318261863896599,0.031,0.038,1
"PCDH11X.1","PCDH11X.1",0.297226853602877,-0.301477337804971,0.03,0.037,1
"DOCK2","DOCK2",0.297494625962008,-0.104094923797963,0.012,0.016,1
"CD82","CD82",0.297574427185643,-0.613660588119596,0.023,0.029,1
"ZNF649","ZNF649",0.297637623409404,-0.149216553752448,0.131,0.143,1
"C5orf15","C5orf15",0.297707277450511,-0.176101505550974,0.24,0.252,1
"GFRA1","GFRA1",0.297744208233762,-0.49589557318644,0.007,0.01,1
"ETNPPL","ETNPPL",0.298112832714994,-0.714501139993403,0.007,0.01,1
"ENSG00000273080","ENSG00000273080",0.298294623694013,-0.451180997650953,0.023,0.029,1
"LINC02356","LINC02356",0.298482956286111,0.950952196665737,0.013,0.009,1
"ENSG00000255121","ENSG00000255121",0.298493310999475,0.214972938155576,0.044,0.036,1
"SLC9A6","SLC9A6",0.298622053778501,-0.112711342527952,0.305,0.325,1
"RNF25","RNF25",0.298675439941894,-0.344552816350449,0.078,0.088,1
"WIPI1","WIPI1",0.298701225308959,0.136855349037815,0.24,0.229,1
"TSSK3","TSSK3",0.298794032184174,-0.153912045440096,0.087,0.098,1
"ZNF699","ZNF699",0.298797002577139,0.154893485525549,0.08,0.07,1
"ENSG00000228251","ENSG00000228251",0.298850995879578,-0.421886004506691,0.007,0.01,1
"ENSG00000241073","ENSG00000241073",0.298949995699023,0.114950828513873,0.03,0.024,1
"SMIM30","SMIM30",0.299032893580541,0.159621285775517,0.145,0.132,1
"ENSG00000225205","ENSG00000225205",0.299097321162984,-0.756513846614161,0.007,0.01,1
"ENSG00000250699","ENSG00000250699",0.299163930035168,0.127956135973383,0.118,0.105,1
"GCLC-AS1","GCLC-AS1",0.299590378105353,-0.476235538118945,0.007,0.01,1
"DUS4L","DUS4L",0.299829327378465,-0.408223954864142,0.117,0.127,1
"ZAN","ZAN",0.300016214445336,0.509183433409856,0.013,0.009,1
"TIMM23B-AGAP6","TIMM23B-AGAP6",0.300091642826443,0.164358971206988,0.263,0.246,1
"ENSG00000228204","ENSG00000228204",0.300136391827151,0.269425043387201,0.029,0.023,1
"LOC124900638","LOC124900638",0.300454531652925,-0.335045746679333,0.007,0.01,1
"ZRSR2","ZRSR2",0.300581561765372,0.138860761672601,0.182,0.167,1
"GPRASP1","GPRASP1",0.300783835660989,0.167515651694774,0.117,0.106,1
"CACTIN","CACTIN",0.300859211371907,0.174561292789819,0.082,0.072,1
"LNP1","LNP1",0.301514729073653,-0.125297598688732,0.044,0.052,1
"SPMIP2","SPMIP2",0.30152795949335,-0.468340262414378,0.031,0.038,1
"PPP1R13L","PPP1R13L",0.301530299653798,0.244886696879794,0.049,0.041,1
"FASTKD2","FASTKD2",0.301550614336808,-0.13194705860361,0.178,0.192,1
"KIF4A","KIF4A",0.301568024978418,-0.355629892571573,0.007,0.01,1
"ENSG00000267546","ENSG00000267546",0.301664808704824,0.632960848909889,0.013,0.009,1
"SLC27A3","SLC27A3",0.301736344231996,0.170092632335955,0.03,0.024,1
"RBL1","RBL1",0.301884394365272,-0.109354511460086,0.267,0.283,1
"BRIP1","BRIP1",0.302124020060345,0.352860137869308,0.02,0.015,1
"ENSG00000248373","ENSG00000248373",0.302220649523928,-0.473271017215752,0.012,0.017,1
"HYKK","HYKK",0.302246040505757,-0.174472885058077,0.03,0.037,1
"KDM6B","KDM6B",0.302296161722445,0.473499229484219,0.033,0.027,1
"PSMD6-AS2","PSMD6-AS2",0.302618316552339,0.158438929115531,0.09,0.079,1
"WNT3","WNT3",0.302699149311137,-0.589177865017752,0.012,0.017,1
"CYP51A1","CYP51A1",0.30298649089776,-0.337624689868603,0.012,0.017,1
"ENSG00000258757","ENSG00000258757",0.303173592367822,0.371613379910893,0.032,0.026,1
"NBPF14","NBPF14",0.303208927743743,0.12799841833073,0.013,0.009,1
"ENSG00000260232","ENSG00000260232",0.303386135793733,-0.544324410329922,0.01,0.014,1
"ACVR1B","ACVR1B",0.303423853930456,0.185010002522128,0.157,0.142,1
"DNAI3","DNAI3",0.30346579642061,-0.219339560508245,0.012,0.017,1
"ZNF71","ZNF71",0.303756090183238,-0.243275216123189,0.099,0.11,1
"NOC3L","NOC3L",0.303851356760826,-0.124465050159795,0.21,0.224,1
"ARHGEF40","ARHGEF40",0.303937607156143,-0.291299061434326,0.039,0.047,1
"PDCL3","PDCL3",0.304455986235682,0.257977146905717,0.074,0.065,1
"GABPB2","GABPB2",0.304574973190122,-0.110405889781921,0.48,0.496,1
"FNDC4","FNDC4",0.304696126443891,0.343411808674169,0.021,0.016,1
"DDX23","DDX23",0.305123993545045,0.127586127952056,0.153,0.139,1
"FITM2","FITM2",0.305190940000423,0.139811584749825,0.088,0.078,1
"ENSG00000254533","ENSG00000254533",0.305580724154662,-0.293721221549478,0.012,0.017,1
"ENSG00000223432","ENSG00000223432",0.305646186597447,-0.550399400647656,0.01,0.014,1
"BCL7C","BCL7C",0.30567508619714,-0.143216891249154,0.33,0.343,1
"ZNF786","ZNF786",0.305710320311158,0.31801020580098,0.085,0.075,1
"ENSG00000271763","ENSG00000271763",0.305754085842107,0.780076613231146,0.014,0.01,1
"ENSG00000255835","ENSG00000255835",0.305798492423894,0.539733697099661,0.035,0.028,1
"CALB2","CALB2",0.305924365519934,0.467565007709065,0.007,0.01,1
"MCTP1","MCTP1",0.306294920043512,0.1623386035542,0.046,0.039,1
"CACNB1","CACNB1",0.306569474148218,-0.208185133008155,0.044,0.052,1
"PRR11","PRR11",0.306730299763409,-0.23611569748672,0.03,0.037,1
"MEIOB","MEIOB",0.306829610599922,-0.449174161748913,0.019,0.025,1
"BRF2","BRF2",0.306950469477662,0.100847223986664,0.043,0.035,1
"DRICH1","DRICH1",0.307020276890259,0.120017619704734,0.021,0.016,1
"KANK3","KANK3",0.307423842750465,-0.398722566670632,0.019,0.025,1
"CCDC39","CCDC39",0.307592237194241,0.670799187079843,0.014,0.01,1
"ZNF415","ZNF415",0.307599871016322,-0.245380734885814,0.17,0.181,1
"MCM8-AS1","MCM8-AS1",0.307793567065236,0.449259684175594,0.021,0.016,1
"NRSN2","NRSN2",0.308018089235286,0.216136158946348,0.057,0.049,1
"MPLKIP","MPLKIP",0.308019549463912,0.134338689723559,0.239,0.226,1
"TCF24","TCF24",0.308036236920734,-0.294184117115043,0.035,0.042,1
"PRKAR2B","PRKAR2B",0.308327014965066,-0.246768919943665,0.104,0.115,1
"CCDC25","CCDC25",0.308394698584024,-0.12202574735165,0.229,0.239,1
"SEC16B","SEC16B",0.30842609986265,0.330250991217377,0.058,0.05,1
"FAF1-AS1","FAF1-AS1",0.308459775427571,-0.337456058208616,0.01,0.014,1
"RWDD4","RWDD4",0.308751796242364,0.120885006191684,0.127,0.114,1
"LINC01003","LINC01003",0.309049571331053,0.10673913429136,0.045,0.037,1
"PTPN14","PTPN14",0.309328930353631,0.411597164598373,0.014,0.01,1
"SLC4A8-AS1","SLC4A8-AS1",0.309437688398333,-0.12709357296727,0.01,0.014,1
"GFUS","GFUS",0.309643410860424,0.135280873723646,0.042,0.035,1
"MIR4422HG","MIR4422HG",0.309655280275821,0.603145781889494,0.014,0.01,1
"PWP1","PWP1",0.309890186215525,-0.114013746235599,0.22,0.235,1
"CALM2","CALM2",0.31014343528396,0.17861952040081,0.132,0.12,1
"GABRG1","GABRG1",0.310417647640977,0.463302039369575,0.014,0.01,1
"ZNF277-AS1","ZNF277-AS1",0.310474519861737,-0.445644508236469,0.028,0.034,1
"LOC101928053","LOC101928053",0.310738258819573,0.281064860583315,0.034,0.027,1
"CNTNAP5","CNTNAP5",0.310769430008228,0.196165755495542,0.104,0.093,1
"AGA","AGA",0.311116475910972,-0.182325773684534,0.146,0.158,1
"UBR7","UBR7",0.311197842239313,0.1576604449843,0.112,0.101,1
"LINC00536","LINC00536",0.311449458816563,0.144149746540754,0.079,0.069,1
"VPS33B-DT","VPS33B-DT",0.312013989804677,0.607299073912729,0.015,0.01,1
"EXOG","EXOG",0.312024662114466,-0.108223547673628,0.273,0.288,1
"UBOX5-AS1","UBOX5-AS1",0.312319475549111,-0.138062476498884,0.068,0.078,1
"ZNF334","ZNF334",0.312868922564428,-0.318708072812245,0.206,0.217,1
"BET1L","BET1L",0.312896418071941,0.16606013548714,0.166,0.154,1
"EIF4A3","EIF4A3",0.313001802076989,-0.403678665386339,0.063,0.071,1
"PIWIL4-AS1","PIWIL4-AS1",0.313163775249612,-0.357757884775437,0.028,0.034,1
"ENSG00000258225","ENSG00000258225",0.313631516565281,0.357993089715934,0.022,0.017,1
"OTUD6B","OTUD6B",0.314604161659729,-0.142500399244841,0.223,0.237,1
"AP4B1","AP4B1",0.314638676021547,-0.256245907628031,0.097,0.107,1
"ENSG00000235475","ENSG00000235475",0.314720975535251,0.197386741543265,0.064,0.055,1
"PIK3IP1","PIK3IP1",0.315923469586969,-0.128137521471143,0.275,0.29,1
"RAVER1","RAVER1",0.315928564872716,-0.124692340329759,0.023,0.029,1
"RNF2","RNF2",0.316183818607538,-0.187562159660965,0.147,0.16,1
"NQO2","NQO2",0.316208782356753,-0.226527483070881,0.151,0.162,1
"C1QTNF7","C1QTNF7",0.316267467626617,-0.524815592008878,0.013,0.018,1
"FABP6","FABP6",0.316289379740975,0.680328400775203,0.015,0.01,1
"SLC12A1","SLC12A1",0.316593178472822,0.222697755825783,0.022,0.017,1
"SLC5A4-AS1","SLC5A4-AS1",0.316678948184204,0.137136829038308,0.052,0.044,1
"ITPA","ITPA",0.316974709958945,-0.107284869866983,0.269,0.282,1
"ZNF669","ZNF669",0.31707796570268,-0.377333092192051,0.028,0.035,1
"ENSG00000247679","ENSG00000247679",0.317312294006387,0.18333123025817,0.033,0.027,1
"LRRC2","LRRC2",0.317687121585172,-1.02093574512462,0.01,0.014,1
"ENSG00000272057","ENSG00000272057",0.317716104341524,-0.579480639748701,0.013,0.018,1
"ACP2","ACP2",0.318530886139068,-0.28399698958972,0.059,0.068,1
"TUFT1","TUFT1",0.31885488760278,0.308870895911467,0.023,0.018,1
"MED6","MED6",0.318865291287669,-0.145539166557566,0.174,0.186,1
"ZNF184","ZNF184",0.318899700646347,0.182612847317481,0.064,0.056,1
"ENSG00000258400","ENSG00000258400",0.318958905326934,0.639676774524549,0.026,0.021,1
"AFF2","AFF2",0.319579347656084,-0.815515986643835,0.008,0.011,1
"ENSG00000257599","ENSG00000257599",0.31979175210805,0.363521011657278,0.023,0.018,1
"L3MBTL2","L3MBTL2",0.319979377063785,-0.15820181436151,0.116,0.127,1
"EEF2KMT","EEF2KMT",0.320006141552384,-0.542726120996867,0.035,0.041,1
"ARHGAP18","ARHGAP18",0.320324328417158,-0.637023179339214,0.008,0.011,1
"TUBB6","TUBB6",0.320386448418388,-0.606777063607068,0.01,0.014,1
"ENSG00000266469","ENSG00000266469",0.320572907427147,-0.520432804663643,0.008,0.011,1
"ENSG00000259685","ENSG00000259685",0.320573357886274,-0.266746284818888,0.122,0.132,1
"ENSG00000256566","ENSG00000256566",0.320787044487205,0.123432551962757,0.079,0.07,1
"MAP3K7CL","MAP3K7CL",0.32116547753041,0.165495302672202,0.106,0.095,1
"ENSG00000260976","ENSG00000260976",0.321319400714326,-0.706496410823448,0.008,0.011,1
"AKAP5","AKAP5",0.321319400714326,-0.533730187499554,0.008,0.011,1
"TMEM179","TMEM179",0.321375830496324,-0.3771202515974,0.048,0.056,1
"TOGARAM2","TOGARAM2",0.321470364957731,-0.399094216546544,0.01,0.014,1
"LOC105375523","LOC105375523",0.321630772412349,-0.44981964854628,0.008,0.011,1
"MEAK7","MEAK7",0.321754452455749,-0.156610663796109,0.111,0.122,1
"POLE","POLE",0.321942344983598,-0.666826505601366,0.008,0.011,1
"UNC5CL","UNC5CL",0.322398631340669,-0.307044475537932,0.02,0.025,1
"NDUFS5","NDUFS5",0.322602466121584,-0.116990541322346,0.346,0.354,1
"DDX27","DDX27",0.322659196228735,0.131596288202008,0.172,0.158,1
"ENSG00000248015","ENSG00000248015",0.322665435656939,-0.135483786798487,0.01,0.014,1
"KCND2","KCND2",0.322930892035124,-0.452004262814676,0.04,0.047,1
"FAXC","FAXC",0.323045596181742,0.103663443355268,0.16,0.147,1
"RTP4","RTP4",0.323174591622593,-0.140726320856375,0.021,0.016,1
"ZNF416","ZNF416",0.323366177286365,0.643609575446546,0.015,0.011,1
"ENSG00000277511","ENSG00000277511",0.323714957882374,0.438743964904615,0.025,0.02,1
"UCP2","UCP2",0.324428655558825,0.401206159637128,0.015,0.011,1
"ZC3H18","ZC3H18",0.324578115339403,-0.183161562477475,0.273,0.285,1
"RAB35-AS1","RAB35-AS1",0.324708186424927,-0.195961760987218,0.033,0.04,1
"BCL2L11","BCL2L11",0.325778458010079,0.28774628476042,0.037,0.03,1
"ENSG00000236065","ENSG00000236065",0.325858075421359,-0.226050913391212,0.058,0.067,1
"FBLL1","FBLL1",0.325875404854754,0.329827004514999,0.024,0.019,1
"MRM2","MRM2",0.326161995506302,-0.221731648484908,0.061,0.07,1
"MIS18A","MIS18A",0.326187955426712,0.277211586531289,0.045,0.038,1
"RCOR1","RCOR1",0.326584632790299,-0.135490669356881,0.288,0.301,1
"PLXNA4","PLXNA4",0.326603121400646,0.26769308769568,0.041,0.035,1
"TMEM192","TMEM192",0.326668439264322,-0.171140806565316,0.348,0.359,1
"ENSG00000230648","ENSG00000230648",0.326835243893345,-0.378999597418765,0.021,0.026,1
"TMEM132D","TMEM132D",0.32687828603855,0.391030612344666,0.054,0.046,1
"ZNF805","ZNF805",0.327312482380049,0.108246531699361,0.067,0.058,1
"SEMA6A-AS2","SEMA6A-AS2",0.327428029906204,-0.503635618230605,0.026,0.031,1
"MEN1","MEN1",0.327739571297173,0.137710128099694,0.067,0.058,1
"FOXO6","FOXO6",0.328486777084441,0.378627129313309,0.015,0.011,1
"HEATR5A","HEATR5A",0.328806663574199,-0.169253947928066,0.287,0.297,1
"LINC00923","LINC00923",0.328871264938053,-0.444385304003793,0.046,0.053,1
"TRIM68","TRIM68",0.328909376008639,-0.320556238296977,0.034,0.041,1
"CLEC14A","CLEC14A",0.32892342349494,0.131457404726611,0.062,0.053,1
"CRHR1","CRHR1",0.329089527530051,0.177194282867135,0.283,0.273,1
"FAR2","FAR2",0.329134394470882,0.307128922681587,0.039,0.033,1
"ENSG00000260371","ENSG00000260371",0.32936069528979,0.252646172647375,0.036,0.029,1
"ENSG00000229618","ENSG00000229618",0.329382209322027,0.905655076693975,0.05,0.042,1
"MIR762HG","MIR762HG",0.330009873414082,0.114774353450454,0.115,0.103,1
"KIF3B","KIF3B",0.330207295522644,-0.123103029177147,0.173,0.186,1
"SNED1","SNED1",0.330649466448897,-0.281214097976047,0.062,0.071,1
"INPP5K","INPP5K",0.330937140859538,0.165355737463979,0.16,0.148,1
"ENSG00000254998","ENSG00000254998",0.330938559100298,-0.324411869690893,0.025,0.031,1
"SHISA9","SHISA9",0.331309076587285,-0.267393680336414,0.017,0.022,1
"TRAPPC3","TRAPPC3",0.331565855803317,0.120973875412766,0.201,0.186,1
"ENSG00000260793","ENSG00000260793",0.33186045755653,-0.160468063131684,0.077,0.087,1
"ZNF48","ZNF48",0.332674997942054,0.149288154770012,0.086,0.076,1
"SLCO5A1","SLCO5A1",0.332901345655949,-0.378676624657282,0.014,0.018,1
"CCDC17","CCDC17",0.333033611453409,0.381254079424339,0.024,0.019,1
"INPP5J","INPP5J",0.33354993567857,0.471046555008382,0.016,0.012,1
"TIMM29","TIMM29",0.33361531748686,0.148387046649366,0.14,0.128,1
"ENSG00000273257","ENSG00000273257",0.334078463024685,0.445231803831002,0.016,0.012,1
"ZNF540","ZNF540",0.334423685641871,0.150001324067593,0.283,0.269,1
"HBEGF","HBEGF",0.33449010190465,-0.149254497008089,0.136,0.148,1
"NAPSA","NAPSA",0.334573823854398,-0.46286212603771,0.017,0.022,1
"KBTBD4","KBTBD4",0.334699168676989,0.351253927339427,0.042,0.035,1
"ENSG00000260111","ENSG00000260111",0.334819308070631,0.477300559051844,0.016,0.012,1
"ZNHIT1","ZNHIT1",0.334982602681762,-0.128124269405352,0.375,0.39,1
"P3H3","P3H3",0.335031172376252,0.362223091277472,0.016,0.012,1
"NSDHL","NSDHL",0.335204646389548,-0.215969765739497,0.104,0.115,1
"MAGIX","MAGIX",0.335223035291169,0.202579891910287,0.046,0.039,1
"MAMDC2","MAMDC2",0.335244906344848,-0.109054705575169,0.234,0.246,1
"CCDC142","CCDC142",0.335400754323883,0.112193915732192,0.095,0.084,1
"SLC16A14","SLC16A14",0.335721710614417,-0.450445024077353,0.011,0.015,1
"SLC25A44","SLC25A44",0.336005024595183,-0.104887700365784,0.151,0.163,1
"FXYD3","FXYD3",0.336550234801916,0.254673523161818,0.026,0.021,1
"LOC101927413","LOC101927413",0.336716312826434,0.174886290001044,0.025,0.02,1
"IGLV10-54","IGLV10-54",0.336810284244683,-0.553590421436451,0.011,0.015,1
"MGST1","MGST1",0.33698625187573,0.832171231652958,0.017,0.012,1
"GMPR","GMPR",0.337058178941213,-0.178078972284483,0.017,0.022,1
"ENSG00000254734","ENSG00000254734",0.337297993986434,0.508489587437682,0.017,0.012,1
"ENSG00000275902","ENSG00000275902",0.337450931479085,0.791099641160175,0.01,0.007,1
"ENSG00000257433","ENSG00000257433",0.337653608474277,0.269674302941347,0.055,0.047,1
"ENSG00000259132","ENSG00000259132",0.337728463972504,0.579482059684345,0.01,0.007,1
"ENSG00000275239","ENSG00000275239",0.338006143070978,0.642538977378295,0.01,0.007,1
"CYLD-AS2","CYLD-AS2",0.338006143070978,0.590374497256107,0.01,0.007,1
"TSR1","TSR1",0.33822720334478,-0.100167793768733,0.085,0.095,1
"CRMP1","CRMP1",0.338393949555654,-0.199882563348344,0.017,0.022,1
"ZDHHC4","ZDHHC4",0.338484198522799,-0.19660399705774,0.108,0.119,1
"ZNF559-ZNF177","ZNF559-ZNF177",0.33891676037229,-0.141186451549595,0.215,0.23,1
"TSKS","TSKS",0.338979174330451,0.489982531926114,0.01,0.007,1
"ENSG00000251613","ENSG00000251613",0.339003903305625,-0.595652189041608,0.015,0.019,1
"ENSG00000269793","ENSG00000269793",0.339299695317249,0.368305835337774,0.028,0.023,1
"ZNF385A","ZNF385A",0.339535998366381,0.519616884044166,0.01,0.007,1
"PSMA3","PSMA3",0.339610703101462,0.10106175535604,0.304,0.286,1
"FCF1","FCF1",0.339792039739747,-0.169895057274708,0.225,0.235,1
"ENSG00000254631","ENSG00000254631",0.339954001113278,0.129626051723247,0.01,0.007,1
"PRMT8","PRMT8",0.339955945144654,-0.920830696685008,0.008,0.012,1
"ICOSLG","ICOSLG",0.340240760562008,0.259204444124441,0.026,0.021,1
"RBMX2","RBMX2",0.340285776750355,0.220307459252673,0.133,0.122,1
"ENSG00000265912","ENSG00000265912",0.340372333592075,0.228842318797369,0.01,0.007,1
"MOB1A","MOB1A",0.340407814954499,0.169087018578471,0.176,0.164,1
"ENSG00000262801","ENSG00000262801",0.340677030361736,0.284300445629963,0.016,0.012,1
"ENSG00000260621","ENSG00000260621",0.340705273959101,-0.602046412178609,0.008,0.012,1
"ABCF3","ABCF3",0.340750473372504,-0.173574463823013,0.115,0.126,1
"SMYD1","SMYD1",0.340790995777013,0.263818883844496,0.01,0.007,1
"CBX1","CBX1",0.340968095633083,-0.181695605605469,0.238,0.244,1
"NFATC1","NFATC1",0.340974149376271,0.117720813977862,0.041,0.035,1
"DNAJA2","DNAJA2",0.341322342248018,0.208589393602165,0.169,0.156,1
"COX11","COX11",0.341444431137521,-0.127028994836745,0.283,0.296,1
"FAM167B","FAM167B",0.3414894986941,0.140487462970706,0.01,0.007,1
"ENSG00000275413","ENSG00000275413",0.341956504413219,-0.453164772182903,0.008,0.012,1
"LINC01816","LINC01816",0.342061503216436,-0.112475196521696,0.014,0.018,1
"DOCK4-AS1","DOCK4-AS1",0.342188917264176,0.277300533304552,0.01,0.007,1
"LINC02755","LINC02755",0.342328910845351,0.159665150165049,0.01,0.007,1
"XRCC3","XRCC3",0.342594308980631,-0.509053063530772,0.018,0.023,1
"MYH13","MYH13",0.342625976450156,0.457549989673166,0.017,0.012,1
"CRYBG1","CRYBG1",0.342828571772138,0.280453000699932,0.028,0.022,1
"RUNX2","RUNX2",0.342866347527082,-0.338461848889206,0.074,0.082,1
"C11orf71","C11orf71",0.342958027875466,0.171492541831427,0.095,0.085,1
"ENSG00000268364","ENSG00000268364",0.343058376750817,-0.176577967027029,0.097,0.107,1
"ADRA1A","ADRA1A",0.343450177724996,-0.225068287086154,0.01,0.007,1
"ZNF485","ZNF485",0.34361291303787,0.271502105678409,0.048,0.041,1
"SNX21","SNX21",0.343655879238972,-0.175658895081578,0.077,0.086,1
"OTOA","OTOA",0.344090333313647,-0.463018167624281,0.008,0.012,1
"TMEM43","TMEM43",0.344140950170667,0.114764134600063,0.065,0.056,1
"ZNF425","ZNF425",0.344213341533856,0.223895107270756,0.125,0.114,1
"GLRA1","GLRA1",0.344341929625638,-0.397479192259546,0.008,0.012,1
"ENSG00000265118","ENSG00000265118",0.344377511129554,-0.261488709360463,0.039,0.046,1
"AOX1","AOX1",0.344810496606556,0.487194661756741,0.03,0.024,1
"ENSG00000274031","ENSG00000274031",0.345187405256531,-0.321506110652456,0.026,0.031,1
"NWD2","NWD2",0.345223440971825,-0.142684708625893,0.008,0.012,1
"ZNF577","ZNF577",0.345502675286307,-0.121891471384701,0.57,0.569,1
"SNX33","SNX33",0.345705644570719,0.396968299798956,0.03,0.024,1
"ENSG00000266202","ENSG00000266202",0.345899196214699,0.257096927080558,0.116,0.106,1
"LTC4S","LTC4S",0.346232642712881,-0.359497493256031,0.008,0.012,1
"FBXO27","FBXO27",0.346278034985778,-0.185682227330791,0.158,0.167,1
"FLRT1","FLRT1",0.346290660827614,-0.157209793679439,0.057,0.065,1
"GALNT12","GALNT12",0.346698856362901,-0.137379192178283,0.021,0.026,1
"JUP","JUP",0.346716807472577,-0.107107316964073,0.238,0.252,1
"ENSG00000276791","ENSG00000276791",0.346786939879387,-0.421677492765641,0.022,0.027,1
"ENSG00000237531","ENSG00000237531",0.346864347060116,-0.176113234038578,0.008,0.012,1
"PHETA1","PHETA1",0.347623793507786,0.460706731906154,0.032,0.026,1
"ODAD4","ODAD4",0.34787684759856,0.669137853205294,0.033,0.027,1
"PRMT9","PRMT9",0.347897148355844,-0.116684719839307,0.202,0.215,1
"AURKA","AURKA",0.348004478428304,-0.356969106766456,0.022,0.027,1
"HROB","HROB",0.348087038151299,0.828474933383626,0.01,0.007,1
"NCAN","NCAN",0.348359112169969,0.740462174332146,0.01,0.007,1
"PTH2R","PTH2R",0.348863896523079,-0.302302001678584,0.018,0.023,1
"ARSG","ARSG",0.349134329354345,-0.237026146566835,0.055,0.063,1
"WDR90","WDR90",0.349235358725562,-0.363450011891954,0.026,0.032,1
"OTUD4","OTUD4",0.349249996279983,-0.123331768979904,0.375,0.385,1
"SLC25A25","SLC25A25",0.349250795925382,-0.1088380643676,0.064,0.073,1
"TRIM61","TRIM61",0.349329547578,-0.105605304503282,0.034,0.041,1
"SLC3A1","SLC3A1",0.349656324432178,0.15704699133394,0.043,0.036,1
"ENSG00000228737","ENSG00000228737",0.349715878903495,0.15700001629614,0.017,0.013,1
"ENSG00000250057","ENSG00000250057",0.34977986382143,0.235102184603465,0.028,0.023,1
"BORA","BORA",0.350268758888752,0.183076568041397,0.089,0.08,1
"SYT4","SYT4",0.350403973558554,0.573551343996019,0.01,0.007,1
"C16orf89","C16orf89",0.350605150202677,0.552251765689074,0.018,0.014,1
"PPP1R12C","PPP1R12C",0.351639844771734,0.106300824237538,0.275,0.261,1
"IL18BP","IL18BP",0.351695766354785,0.212235769100743,0.017,0.013,1
"SHROOM2","SHROOM2",0.351742731719171,-0.189913001486558,0.249,0.255,1
"ENSG00000230393","ENSG00000230393",0.351822363457489,-0.630850322294086,0.012,0.016,1
"SPON1","SPON1",0.351822363457489,-0.276130295844001,0.012,0.016,1
"SPIN3","SPIN3",0.351894398043692,0.167486355051992,0.16,0.146,1
"MAB21L3","MAB21L3",0.352045332258977,0.287824013048125,0.01,0.007,1
"EID2B","EID2B",0.352173023284365,0.193569620162355,0.079,0.07,1
"ENSG00000225076","ENSG00000225076",0.352443826229398,0.618085516639604,0.018,0.014,1
"DEF6","DEF6",0.352965994266315,0.345837281580027,0.008,0.012,1
"TECPR1","TECPR1",0.35320031053687,-0.102719616070406,0.226,0.239,1
"LOC101928059","LOC101928059",0.353257363466399,-0.196961498429383,0.061,0.069,1
"NET1","NET1",0.353332736356509,-0.25297807916468,0.056,0.064,1
"ENSG00000272630","ENSG00000272630",0.353399391161335,-0.272552527064125,0.018,0.023,1
"PTPN9","PTPN9",0.353517456555094,0.100635005565006,0.352,0.337,1
"BZW1-AS1","BZW1-AS1",0.35359410481889,0.526282897673251,0.033,0.027,1
"NECAB2","NECAB2",0.353966392470868,0.302549011128228,0.01,0.007,1
"AIMP2","AIMP2",0.354248783264044,-0.272635351944945,0.158,0.168,1
"ZBTB46","ZBTB46",0.354507130774893,-0.251911565217084,0.027,0.033,1
"LINC02613","LINC02613",0.354791727895174,0.140907728711371,0.01,0.007,1
"ENSG00000272425","ENSG00000272425",0.355052393026228,0.541847963292759,0.019,0.014,1
"LOC107985216","LOC107985216",0.355109547299812,-0.475400615878382,0.015,0.02,1
"ZNF529-AS1","ZNF529-AS1",0.355147548109687,-0.192434232665077,0.173,0.184,1
"PSPN","PSPN",0.355204850845417,0.239595680374754,0.01,0.007,1
"ENSG00000254138","ENSG00000254138",0.355400906470964,-0.481492858536413,0.023,0.028,1
"ENSG00000238290","ENSG00000238290",0.355411942395598,0.153312150348875,0.03,0.024,1
"MAGT1","MAGT1",0.355481088952471,-0.151442804219781,0.33,0.342,1
"LOC105369911","LOC105369911",0.355588613332685,0.199200893899357,0.029,0.024,1
"NBPF9","NBPF9",0.355977514056955,0.201446878142535,0.121,0.11,1
"ENSG00000244380","ENSG00000244380",0.356060395862498,0.526154633267463,0.019,0.014,1
"ENSG00000269242","ENSG00000269242",0.356363148219147,0.530796837797853,0.019,0.014,1
"RHOBTB1","RHOBTB1",0.356908802690407,0.141985913247963,0.595,0.588,1
"AP1G1","AP1G1",0.357185175379654,-0.12234867704997,0.593,0.597,1
"LAMB3","LAMB3",0.357461397275734,0.447032075131829,0.037,0.031,1
"ENTPD3","ENTPD3",0.357686531893189,-0.237422689885461,0.031,0.037,1
"MAGI1-AS1","MAGI1-AS1",0.357756921742186,-0.461495775708546,0.015,0.02,1
"YIPF7","YIPF7",0.357845175703281,0.236559750995781,0.058,0.05,1
"ALDH1A1","ALDH1A1",0.358051839328512,-0.412232678970627,0.015,0.02,1
"HPGDS","HPGDS",0.358173345268083,-0.139404239564232,0.022,0.027,1
"CBR3","CBR3",0.358216634856538,-0.789535640460008,0.009,0.012,1
"EEIG2","EEIG2",0.358466537631311,-0.160068446608474,0.124,0.134,1
"SIRT1","SIRT1",0.358556511547062,-0.160712603428955,0.312,0.317,1
"FURIN","FURIN",0.358634242603629,0.127987351058038,0.055,0.047,1
"FAM88B","FAM88B",0.358805545881764,-0.311916950512636,0.054,0.061,1
"PLAGL1","PLAGL1",0.358882284834878,-0.472245117718818,0.019,0.024,1
"GPN2","GPN2",0.358909659169558,0.207644517779466,0.142,0.13,1
"NEXN-AS1","NEXN-AS1",0.358936607634291,-0.104661633810679,0.01,0.007,1
"ENSG00000263300","ENSG00000263300",0.359068881655203,0.493314240078728,0.033,0.027,1
"ASB13","ASB13",0.359285655752147,-0.155397807302825,0.106,0.116,1
"ENSG00000225146","ENSG00000225146",0.359527140518755,-0.454773186318926,0.012,0.016,1
"SHC1","SHC1",0.359843460558366,-0.632511646334001,0.009,0.012,1
"LMNB1","LMNB1",0.359998180913169,0.134212968088453,0.05,0.042,1
"ZNF256","ZNF256",0.3603179534626,-0.246448467744738,0.015,0.02,1
"ENSG00000271746","ENSG00000271746",0.360356304281637,0.81819409309811,0.011,0.008,1
"SRSF12","SRSF12",0.36052538908779,-0.300706442059983,0.012,0.016,1
"ZFP69B","ZFP69B",0.360528330002583,0.292405635748895,0.032,0.026,1
"FAM120C","FAM120C",0.360675610039882,-0.101200947289072,0.372,0.385,1
"DOLPP1","DOLPP1",0.360769649687508,0.120636943903191,0.121,0.11,1
"CLGN","CLGN",0.361076541076142,0.286958922779973,0.019,0.014,1
"ERH","ERH",0.361356503375449,-0.115523532655885,0.285,0.298,1
"PLEC","PLEC",0.36147439591359,-0.392525003112667,0.033,0.039,1
"LAPTM5","LAPTM5",0.361563577472039,0.709594088462103,0.011,0.008,1
"CDH19","CDH19",0.361573241653256,-0.148827428014269,0.352,0.366,1
"C12orf42","C12orf42",0.361600606901755,-0.748369275366447,0.009,0.012,1
"SEC31B","SEC31B",0.361848149026043,-0.169686237270875,0.144,0.155,1
"ENSG00000225689","ENSG00000225689",0.36185206616277,-0.220230507862148,0.009,0.012,1
"TMEM44","TMEM44",0.362081673810034,-0.234118494194145,0.012,0.016,1
"ZNF724","ZNF724",0.36223537910218,0.36407610438248,0.011,0.008,1
"IRF2BPL","IRF2BPL",0.36264225064117,-0.402367277207735,0.034,0.04,1
"C4orf33","C4orf33",0.363152885133483,-0.252728674200133,0.153,0.163,1
"COPS3","COPS3",0.363515116360675,-0.187779291622002,0.163,0.174,1
"ANAPC2","ANAPC2",0.363540835315496,0.113480497478838,0.126,0.116,1
"ENSG00000272562","ENSG00000272562",0.363615348122972,-0.238262784479376,0.009,0.012,1
"MLXIPL","MLXIPL",0.363741502170425,-0.522142143925095,0.009,0.012,1
"LOC105374642","LOC105374642",0.363993892378514,-0.488750253615894,0.009,0.012,1
"SLCO1A2","SLCO1A2",0.364091596025667,0.123685798075096,0.818,0.826,1
"PCDHB16","PCDHB16",0.364525348475407,0.632745022440576,0.011,0.008,1
"ENSG00000257060","ENSG00000257060",0.364549725631446,0.216786779458236,0.019,0.015,1
"RASSF5","RASSF5",0.36462534683318,-0.277996041956409,0.009,0.012,1
"CNIH3","CNIH3",0.364833087117665,-0.168592407641652,0.276,0.285,1
"ENSG00000272918","ENSG00000272918",0.364926850025432,0.10788500590186,0.059,0.051,1
"ENSG00000256615","ENSG00000256615",0.365065476762086,0.524773462544381,0.011,0.008,1
"ENSG00000261159","ENSG00000261159",0.365202688726613,0.287966006284898,0.019,0.015,1
"PDSS1","PDSS1",0.365304394376212,-0.191609126660956,0.099,0.109,1
"ENSG00000236200","ENSG00000236200",0.365372248204962,-0.196683872067481,0.019,0.024,1
"MYH10","MYH10",0.365823382410691,0.270882191821457,0.119,0.109,1
"PDP1","PDP1",0.366095491946524,0.28324100737817,0.037,0.031,1
"USH2A","USH2A",0.366337037659042,-0.337395895784789,0.037,0.043,1
"ENSG00000261459","ENSG00000261459",0.36635972200348,0.389624455505102,0.019,0.015,1
"DPYSL3","DPYSL3",0.366371561989721,-0.192092465140756,0.015,0.02,1
"LOC105374974","LOC105374974",0.366444876772138,0.152187274281832,0.019,0.014,1
"OCA2","OCA2",0.366523813934369,-0.311939902106382,0.009,0.012,1
"ARLNC1","ARLNC1",0.366627799868616,0.343121217238172,0.039,0.033,1
"ITFG2-AS1","ITFG2-AS1",0.366779209046281,0.18187942473363,0.088,0.079,1
"LOC105274304","LOC105274304",0.367544041580102,0.24039518345291,0.036,0.03,1
"ENSG00000255219","ENSG00000255219",0.367974366293398,-0.109921388726167,0.032,0.038,1
"LINC01909","LINC01909",0.36833170491747,0.388898426550915,0.056,0.049,1
"ENSG00000262481","ENSG00000262481",0.368615216489832,-0.479132427614324,0.016,0.02,1
"ZC3H7A","ZC3H7A",0.36865354060874,0.116401922730025,0.345,0.33,1
"POLA2","POLA2",0.368734747802609,-0.170578872416146,0.194,0.203,1
"ZMPSTE24","ZMPSTE24",0.368917345721907,0.145574466908121,0.263,0.25,1
"CUBN","CUBN",0.369075910118841,-0.214116859914648,0.086,0.095,1
"LSM12","LSM12",0.369161846928202,-0.138652122688555,0.213,0.222,1
"MDGA1","MDGA1",0.3692323987337,-0.117462339072994,0.112,0.1,1
"MGAT2","MGAT2",0.369303392374941,-0.367183099872459,0.039,0.045,1
"ATG2A","ATG2A",0.369353509864202,-0.173603362337695,0.132,0.142,1
"CPA6","CPA6",0.369450556244595,0.49893384201555,0.021,0.016,1
"POLE3","POLE3",0.369534074693477,-0.286954797068725,0.055,0.062,1
"TCEAL3","TCEAL3",0.36963962510991,0.13995137405938,0.296,0.284,1
"WHR1","WHR1",0.369824350870602,-0.115859613924408,0.102,0.112,1
"SLC8A3","SLC8A3",0.370074146461845,0.258822080192815,0.015,0.02,1
"RPA1","RPA1",0.370125406384547,0.15810306690047,0.234,0.222,1
"SEC61G","SEC61G",0.370141523297083,-0.277788655855227,0.142,0.15,1
"ZNF793","ZNF793",0.370500997524996,-0.139340193750227,0.245,0.254,1
"PITRM1","PITRM1",0.370755959337962,-0.117093335175108,0.27,0.28,1
"DNTTIP1","DNTTIP1",0.370801646085457,0.100718964872089,0.133,0.122,1
"LINC02035","LINC02035",0.370904942410219,0.31269387200713,0.039,0.033,1
"ENSG00000281538","ENSG00000281538",0.371043231229813,-0.444905577583546,0.024,0.029,1
"MKNK1","MKNK1",0.371178626670371,-0.193225896863283,0.11,0.119,1
"NUDT5","NUDT5",0.371396755356263,-0.11656660293912,0.37,0.378,1
"ENSG00000238273","ENSG00000238273",0.371675145621208,0.620518944829058,0.012,0.008,1
"CNTNAP3.1","CNTNAP3.1",0.371903034964535,0.500602326137276,0.04,0.034,1
"ENSG00000204904","ENSG00000204904",0.372205545851718,-0.282053609053492,0.023,0.029,1
"CNTN1","CNTN1",0.372244976722901,-1.12802305492789,0.041,0.048,1
"ENSG00000272010","ENSG00000272010",0.372446711937172,0.190640979173835,0.02,0.016,1
"SPICE1","SPICE1",0.372632922858775,0.217080485651904,0.131,0.121,1
"LOC112268136","LOC112268136",0.372660002087812,0.433107871951104,0.045,0.039,1
"ENSG00000273360","ENSG00000273360",0.372776645704901,0.312937632105163,0.021,0.016,1
"ENSG00000228242","ENSG00000228242",0.372996839084981,0.57388123740732,0.012,0.008,1
"GNG2","GNG2",0.373393914048129,0.627443935281405,0.012,0.008,1
"NDUFB6","NDUFB6",0.373637939184059,0.119475120590155,0.286,0.275,1
"PFN4","PFN4",0.37392375422297,0.520454452005555,0.012,0.008,1
"DBF4","DBF4",0.373998525474937,-0.232233441413857,0.059,0.067,1
"CHMP2A","CHMP2A",0.374068138987379,0.113369406716965,0.264,0.248,1
"LAMC1","LAMC1",0.374454059317078,0.516059767631146,0.012,0.008,1
"AXDND1","AXDND1",0.374473820942296,-0.329514533182442,0.024,0.029,1
"C6orf120","C6orf120",0.375091332063464,0.15287682300028,0.101,0.091,1
"SMCR5","SMCR5",0.375180332854719,-0.161942743812376,0.033,0.039,1
"CNKSR1","CNKSR1",0.37547857092308,0.150694016997297,0.074,0.066,1
"ENSG00000259076","ENSG00000259076",0.375535027964553,0.217153779636872,0.039,0.033,1
"LOC124902940","LOC124902940",0.375648945076198,0.480604057611289,0.012,0.008,1
"CSPG5","CSPG5",0.375891773112809,-0.118816797304354,0.093,0.102,1
"EPB41L4B","EPB41L4B",0.376333752189961,-0.420433863252086,0.045,0.052,1
"GTF3C4","GTF3C4",0.376460373038856,0.156888660346926,0.124,0.114,1
"ENSG00000266248","ENSG00000266248",0.376594099287297,-0.201529291891984,0.055,0.063,1
"NSG1","NSG1",0.37671678240347,-0.167461174318299,0.012,0.016,1
"TSHZ3","TSHZ3",0.376936209760479,-0.426026351963239,0.024,0.029,1
"MYNN","MYNN",0.377244074852144,-0.222695371080864,0.108,0.117,1
"TIE1","TIE1",0.377245784298278,0.11116433948545,0.012,0.008,1
"CAP2","CAP2",0.377334914817808,-0.113875278972465,0.02,0.025,1
"PLA2G10","PLA2G10",0.377379042867014,0.30187875641596,0.012,0.008,1
"ZNF429","ZNF429",0.377455493615449,-0.105250151595139,0.335,0.347,1
"PDCD11","PDCD11",0.378005649926016,-0.139452150465754,0.144,0.155,1
"ANO7","ANO7",0.378170945399412,0.395001025493859,0.048,0.041,1
"ENSG00000284626","ENSG00000284626",0.378357697149807,0.408031892053965,0.021,0.017,1
"ANO3","ANO3",0.378959558914128,-0.512124238732808,0.01,0.013,1
"TMEM116","TMEM116",0.379066615151777,-0.117270006231571,0.249,0.261,1
"REX1BD","REX1BD",0.379128262404878,-0.103310352064731,0.258,0.27,1
"LOC101927863","LOC101927863",0.379182720671901,-0.259330241732957,0.034,0.04,1
"ARHGEF33","ARHGEF33",0.379204004890795,0.124169834830577,0.035,0.029,1
"TYR","TYR",0.37933725136582,0.840529166274106,0.012,0.009,1
"DTNA-AS1","DTNA-AS1",0.37933725136582,0.716634989898574,0.012,0.009,1
"PDZRN3","PDZRN3",0.379465465497524,-0.471139904168415,0.033,0.027,1
"CDYL2","CDYL2",0.379512749730029,0.242286062633341,0.022,0.018,1
"MTMR8","MTMR8",0.37960626741222,-0.18392195627854,0.082,0.091,1
"AAMP","AAMP",0.379855831575562,0.153573998469025,0.153,0.141,1
"VAV2","VAV2",0.380101141961031,0.488873475072007,0.023,0.019,1
"FAM90A1","FAM90A1",0.380161358261866,0.376410206120622,0.023,0.018,1
"ENSG00000223725","ENSG00000223725",0.380464837833281,0.104017384247844,0.035,0.029,1
"ENSG00000239920","ENSG00000239920",0.380658739069737,0.58513514250556,0.023,0.019,1
"SNRPC","SNRPC",0.380761972327854,-0.154330391202234,0.299,0.307,1
"ENSG00000229539","ENSG00000229539",0.380950287000504,0.119205529896281,0.067,0.059,1
"UBE2F-SCLY","UBE2F-SCLY",0.381017333832491,0.198951953217001,0.071,0.063,1
"SLC6A1-AS1","SLC6A1-AS1",0.381026513127274,-0.393211461460392,0.176,0.181,1
"DPH2","DPH2",0.38115508455532,-0.484472874690685,0.048,0.055,1
"NNMT","NNMT",0.381472398729096,-1.0254575618241,0.013,0.017,1
"PTPN22","PTPN22",0.381802593864328,0.688951123949407,0.012,0.009,1
"RNF215","RNF215",0.381879725258946,0.148745067986532,0.126,0.114,1
"PGF","PGF",0.382359970564655,-0.446007331984212,0.01,0.013,1
"RMDN3","RMDN3",0.382556089136296,-0.165626414181796,0.275,0.282,1
"LINC00987","LINC00987",0.383105852345967,0.129864493936018,0.186,0.173,1
"LOC105379109","LOC105379109",0.383247769955559,-0.364074580879595,0.017,0.021,1
"GFRAL","GFRAL",0.383364704749323,0.156401141863819,0.012,0.009,1
"LINC02848","LINC02848",0.383391565756549,0.429573069250879,0.077,0.07,1
"CLEC2D","CLEC2D",0.383769015168929,0.10989448128523,0.093,0.084,1
"ZDHHC12","ZDHHC12",0.383793770762746,-0.31896274511921,0.059,0.067,1
"ODAD1","ODAD1",0.383886276964931,0.749582150841958,0.012,0.009,1
"OXSM","OXSM",0.383941586961362,0.179115518672738,0.04,0.034,1
"MCFD2-AS1","MCFD2-AS1",0.384033677741743,-0.7067605951173,0.007,0.01,1
"STAB2","STAB2",0.384147225868631,0.453493117487118,0.012,0.009,1
"SLC47A2","SLC47A2",0.384147225868631,0.826252859950493,0.012,0.009,1
"KDM4D","KDM4D",0.384295132268399,0.251770420967575,0.047,0.041,1
"ENSG00000255730","ENSG00000255730",0.384334245876887,-0.599732035351427,0.013,0.017,1
"ENSG00000232739","ENSG00000232739",0.384510536498153,-0.238694353392721,0.01,0.013,1
"RNPEP","RNPEP",0.384683621796427,-0.173273019937448,0.122,0.132,1
"ARSB","ARSB",0.385155308002443,0.119056374977548,0.374,0.359,1
"KLKB1","KLKB1",0.385461342939025,0.100665755083999,0.107,0.097,1
"BBOF1","BBOF1",0.385661778249706,0.125778527879137,0.202,0.188,1
"ENSG00000167945","ENSG00000167945",0.385723295290814,0.134336125149192,0.082,0.073,1
"ENSG00000259579","ENSG00000259579",0.385923990209087,-0.220600295838383,0.017,0.021,1
"MYOCD","MYOCD",0.386107800441561,0.42422369433401,0.012,0.009,1
"ENSG00000254865","ENSG00000254865",0.386168501641916,0.348864664990396,0.023,0.019,1
"ST6GALNAC2","ST6GALNAC2",0.386249248291428,-0.700681031798294,0.007,0.01,1
"TXN2","TXN2",0.386357452449029,-0.149867500775508,0.272,0.28,1
"ANXA8","ANXA8",0.386693297001678,-0.770406227260402,0.007,0.01,1
"A2ML1","A2ML1",0.386693297001678,-0.654847579123923,0.007,0.01,1
"PLAGL2","PLAGL2",0.386727165683335,0.235179963363451,0.058,0.051,1
"ENSG00000276529","ENSG00000276529",0.386825418105933,0.373767200811755,0.023,0.019,1
"TAS2R5","TAS2R5",0.387137657076602,-0.798736651993163,0.007,0.01,1
"SLC44A3","SLC44A3",0.387467760768356,-0.466554937190792,0.026,0.031,1
"ENSG00000260017","ENSG00000260017",0.38751799950018,0.351128720047184,0.022,0.018,1
"SPATA31H1","SPATA31H1",0.387730621394884,-0.470863018825638,0.007,0.01,1
"ENSG00000267605","ENSG00000267605",0.388242967636618,0.272392059831226,0.025,0.02,1
"LOC105370941","LOC105370941",0.388575871351401,0.376423134545255,0.026,0.021,1
"LINC03070","LINC03070",0.388769640060438,-0.34449237175243,0.007,0.01,1
"PTPRR","PTPRR",0.388769640060438,-0.348056506738204,0.007,0.01,1
"SMIM1","SMIM1",0.388902627637279,-0.417024054270088,0.077,0.084,1
"FIRRM","FIRRM",0.389082721887512,-0.245103441959453,0.14,0.149,1
"ENKD1","ENKD1",0.38935284339494,0.425584502823538,0.027,0.022,1
"ATXN7L3-AS1","ATXN7L3-AS1",0.389599797580083,0.543340092607827,0.013,0.01,1
"MUC20","MUC20",0.389652196272227,0.140731763721033,0.012,0.009,1
"IDH3G","IDH3G",0.389818851268402,0.139141068304271,0.128,0.118,1
"LINC01091","LINC01091",0.389910704676069,0.122334409291519,0.023,0.018,1
"ENSG00000277203","ENSG00000277203",0.38995173951583,0.202226428837919,0.066,0.058,1
"LOC101929270","LOC101929270",0.390004648144496,0.193099775869833,0.049,0.042,1
"ERLN","ERLN",0.390076542858693,-0.203348790434167,0.064,0.072,1
"ENSG00000230630","ENSG00000230630",0.390108009217655,-0.224020012580599,0.007,0.01,1
"ENSG00000268439","ENSG00000268439",0.390111052350248,0.188335858700503,0.059,0.052,1
"LYSMD4","LYSMD4",0.390218342333656,-0.286261147262064,0.086,0.093,1
"AZI2","AZI2",0.390532057371304,-0.17773718410095,0.286,0.295,1
"GINS2","GINS2",0.390706176185057,0.123124886470277,0.012,0.009,1
"CCDC183","CCDC183",0.391217154934974,0.296419801801351,0.022,0.018,1
"COL11A2","COL11A2",0.391624593844436,0.178643017190727,0.093,0.085,1
"ENSG00000239467","ENSG00000239467",0.391632073837077,0.272588662949115,0.023,0.019,1
"SPAG16","SPAG16",0.391733365110929,0.144859606614146,0.508,0.512,1
"RAB24","RAB24",0.392204265582714,-0.661159798155865,0.017,0.022,1
"EIF2S3","EIF2S3",0.392387606077535,0.124552273089737,0.243,0.229,1
"EHMT2","EHMT2",0.392461742571571,-0.15022175159238,0.288,0.295,1
"ENSG00000265907","ENSG00000265907",0.3929296823048,0.613817734437133,0.013,0.01,1
"SNHG8","SNHG8",0.39294166683271,0.122735875879618,0.123,0.113,1
"QSER1","QSER1",0.393486072720123,-0.113051419194924,0.331,0.34,1
"LINC01611","LINC01611",0.393829128045531,0.293013153285706,0.013,0.01,1
"PIANP","PIANP",0.393924152395676,0.218030811435419,0.048,0.042,1
"TMEM132C","TMEM132C",0.394191383474569,0.360862834233465,0.023,0.019,1
"ENSG00000272892","ENSG00000272892",0.394214986056648,0.32872062879165,0.013,0.01,1
"PHLDB3","PHLDB3",0.394469659947059,-0.566613526774243,0.032,0.038,1
"ACSS3","ACSS3",0.395087033907766,-0.380078767647293,0.014,0.018,1
"MATN1","MATN1",0.395116210659563,0.430143476339859,0.013,0.01,1
"ZNF433","ZNF433",0.395126555772516,0.603954754395466,0.014,0.01,1
"TAS1R1","TAS1R1",0.395245058631325,0.117005581513669,0.013,0.01,1
"ZEB2-AS1","ZEB2-AS1",0.395438153139728,-0.210677617010913,0.035,0.041,1
"CADM3","CADM3",0.396090128990178,0.32566466312973,0.007,0.01,1
"BZW2","BZW2",0.396499696181961,-0.118351057820298,0.178,0.188,1
"COG1","COG1",0.396519320956504,-0.277193056916135,0.119,0.128,1
"TDRD9","TDRD9",0.396842898169309,-0.142000169493235,0.075,0.082,1
"ANXA2","ANXA2",0.397133620213033,0.697941552589341,0.014,0.01,1
"KPNB1-DT","KPNB1-DT",0.397193444116359,0.112999413650892,0.308,0.294,1
"DNAH11","DNAH11",0.397524030108609,0.230672969558149,0.023,0.019,1
"ACBD4","ACBD4",0.397845210946002,-0.402250065789336,0.031,0.037,1
"LINC01811","LINC01811",0.398013641145559,-0.313373638300213,0.01,0.014,1
"ENSG00000249085","ENSG00000249085",0.398101830555657,0.336130617397064,0.026,0.021,1
"RNASE10","RNASE10",0.398215566869902,0.269780071765664,0.013,0.01,1
"LINC01933","LINC01933",0.398503462495731,-0.397090996770564,0.042,0.048,1
"TMEM101","TMEM101",0.398547499816654,0.1557264917105,0.116,0.106,1
"ST8SIA4","ST8SIA4",0.399020816920146,0.533863177503751,0.014,0.01,1
"LOC105374428","LOC105374428",0.399146821665449,-0.543035934270631,0.01,0.014,1
"ENSG00000223901","ENSG00000223901",0.399398902984753,0.410181756429762,0.014,0.01,1
"EIF2A","EIF2A",0.399515381761926,0.106227712138659,0.265,0.255,1
"ENSG00000255209","ENSG00000255209",0.399563889907379,0.12888319867021,0.024,0.02,1
"NOP58","NOP58",0.400062017145158,0.140974774808541,0.329,0.314,1
"ENSG00000251680","ENSG00000251680",0.400106648055337,0.354793364624054,0.028,0.023,1
"ENSG00000268361","ENSG00000268361",0.400281941608642,0.403767906974792,0.014,0.01,1
"NINJ2-AS1","NINJ2-AS1",0.400418295968806,-0.191239565297789,0.081,0.09,1
"PEX2","PEX2",0.400536512879034,0.104056928057455,0.35,0.333,1
"ENSG00000242880","ENSG00000242880",0.400959808524965,-0.262071830214885,0.04,0.046,1
"SMYD4","SMYD4",0.401030277148994,-0.207544044718484,0.114,0.123,1
"HERPUD2","HERPUD2",0.401206413736356,-0.121206346000145,0.39,0.401,1
"ENSG00000232633","ENSG00000232633",0.40126552715844,-0.451331439835153,0.014,0.018,1
"CPLX1","CPLX1",0.401671942230744,-0.469509114515632,0.01,0.014,1
"GNAL","GNAL",0.401885744553992,-0.228309212794103,0.041,0.047,1
"CYP3A5","CYP3A5",0.402080179588656,0.429702607156894,0.026,0.022,1
"NFAM1","NFAM1",0.402560040441633,0.43367463993195,0.03,0.025,1
"ENSG00000225218","ENSG00000225218",0.402963145360035,0.414521822230049,0.026,0.021,1
"SHBG","SHBG",0.403318399364463,0.301451612786074,0.014,0.01,1
"COLEC11","COLEC11",0.403907953419864,-0.895531828234384,0.008,0.01,1
"ENSG00000235236","ENSG00000235236",0.404333610023258,-0.337889234495384,0.01,0.014,1
"KMT5A","KMT5A",0.40459400042615,-0.174239451715314,0.301,0.307,1
"NCBP1","NCBP1",0.404635721617631,-0.156498170610603,0.24,0.246,1
"ENSG00000283977","ENSG00000283977",0.404869538156379,0.121803760354102,0.377,0.371,1
"FADS3","FADS3",0.404886347963364,-0.214173590311808,0.128,0.136,1
"TMEM234","TMEM234",0.406155791807271,-0.250571150403779,0.03,0.036,1
"AARS2","AARS2",0.406197038481189,0.162048368943277,0.05,0.044,1
"NSG2","NSG2",0.406326207839383,0.464018368474047,0.027,0.022,1
"LEPR","LEPR",0.406367320143733,-0.150775732805496,0.194,0.204,1
"ENSG00000230185","ENSG00000230185",0.406572627095419,-0.242979995294872,0.113,0.122,1
"MPP7","MPP7",0.406655507972069,0.239305325636461,0.026,0.021,1
"TEX52","TEX52",0.406706126091989,0.420388709231978,0.028,0.024,1
"ENSG00000254842","ENSG00000254842",0.406758191971414,-0.399835456745979,0.018,0.022,1
"GDAP1L1","GDAP1L1",0.407571116121208,0.412405900411911,0.015,0.011,1
"PPP1R26","PPP1R26",0.407906890585805,-0.135639926032429,0.036,0.042,1
"SLC39A10","SLC39A10",0.408062302151739,-0.127427775732988,0.282,0.286,1
"MZF1","MZF1",0.408083396601917,0.107352473724595,0.344,0.328,1
"NPIPB12","NPIPB12",0.408316972344292,0.408661768829305,0.015,0.011,1
"EBF1","EBF1",0.408606703912268,-0.740840176538901,0.008,0.01,1
"MRPS21","MRPS21",0.408676540733898,-0.238521819708799,0.241,0.25,1
"ENSG00000254027","ENSG00000254027",0.409048874155274,-0.451897821137144,0.008,0.01,1
"LTA4H","LTA4H",0.40918030012681,0.163535153298561,0.172,0.161,1
"GPX7","GPX7",0.409240799059432,-0.288122921241261,0.018,0.022,1
"KLHDC4","KLHDC4",0.40927354056296,0.168170703299406,0.295,0.284,1
"TNFRSF19","TNFRSF19",0.409513810826235,-0.148141167319284,0.052,0.059,1
"KLHL15","KLHL15",0.409662344603253,0.144338259068274,0.068,0.06,1
"CBLL1","CBLL1",0.409790828365628,-0.138458982366387,0.149,0.159,1
"ZFYVE9","ZFYVE9",0.409977872127381,0.113085030045961,0.415,0.411,1
"NPIPA5","NPIPA5",0.410160181515219,-0.260599575560912,0.055,0.062,1
"EPHA6","EPHA6",0.410175238797931,0.511216106429149,0.035,0.03,1
"TGIF1","TGIF1",0.410229386064304,-0.509982137321749,0.008,0.01,1
"SGCZ","SGCZ",0.410452247663661,0.553583048433618,0.04,0.046,1
"ZNF610","ZNF610",0.410553320569002,-0.142005107936822,0.106,0.116,1
"PCDH19","PCDH19",0.410722867964896,0.405973063993469,0.037,0.032,1
"SPPL2B","SPPL2B",0.41119821482292,-0.113161913860822,0.544,0.547,1
"DUT-AS1","DUT-AS1",0.411263624935914,0.280494652806944,0.031,0.026,1
"RMI1","RMI1",0.412032806536655,-0.121735062568029,0.182,0.193,1
"B3GALT5-AS1","B3GALT5-AS1",0.412077981995262,-0.484791214243642,0.008,0.01,1
"ZNF628","ZNF628",0.412202035362983,0.23925964306664,0.029,0.024,1
"ENSG00000244733","ENSG00000244733",0.412300147208467,-0.39371132797048,0.008,0.01,1
"TFR2","TFR2",0.412837480476396,0.131728992522524,0.027,0.022,1
"TBL3","TBL3",0.412991478555613,0.118742284390525,0.079,0.071,1
"IPO13","IPO13",0.413382088653036,-0.104843202374122,0.582,0.59,1
"KLHDC9","KLHDC9",0.414228534738603,-0.204095551383791,0.008,0.01,1
"ENSG00000271737","ENSG00000271737",0.414587314289567,-0.367626128794629,0.015,0.018,1
"LGMN","LGMN",0.414830842542341,-0.126544073172526,0.189,0.201,1
"LOC105370887","LOC105370887",0.414894117129065,0.108257766278611,0.122,0.112,1
"TTI1","TTI1",0.415103566144754,0.115991226903074,0.332,0.317,1
"RASSF1","RASSF1",0.415210895233762,-0.291398922594817,0.103,0.11,1
"NUF2","NUF2",0.415250946397519,-0.291815937033576,0.05,0.056,1
"EGLN1","EGLN1",0.415459412648101,-0.146988723950019,0.501,0.499,1
"ORAI3","ORAI3",0.415530711708727,0.188954934915956,0.03,0.025,1
"CLDN5","CLDN5",0.4158597315505,0.799872021155355,0.01,0.014,1
"RFXANK","RFXANK",0.416018792898549,-0.2467330412029,0.093,0.101,1
"ENSG00000226782","ENSG00000226782",0.416195021214406,0.331555002139006,0.015,0.012,1
"CDPF1","CDPF1",0.416218991002987,-0.432804766916842,0.034,0.039,1
"DRAIC","DRAIC",0.416391553417338,-0.102460476247968,0.164,0.175,1
"BRINP1","BRINP1",0.416440365007092,0.437552730264217,0.015,0.012,1
"ENSG00000227042","ENSG00000227042",0.417299740052011,0.43210362006976,0.015,0.012,1
"NKAIN3","NKAIN3",0.417439293258918,-0.380356907254793,0.044,0.05,1
"SRSF3","SRSF3",0.417536397081428,0.105242144539441,0.402,0.387,1
"TRIM11","TRIM11",0.417786591126116,-0.289468793493938,0.059,0.065,1
"ABCF1","ABCF1",0.418132739069085,0.150575160436867,0.198,0.187,1
"TMEM86B","TMEM86B",0.41847595989123,0.109298631080883,0.028,0.024,1
"KLHL26","KLHL26",0.418507464248716,0.274671390783216,0.064,0.057,1
"STX1B","STX1B",0.418550845709818,0.153517937122705,0.103,0.093,1
"ENSG00000225408","ENSG00000225408",0.418744402515788,0.267300184458741,0.032,0.027,1
"ACER1","ACER1",0.418898976313089,0.576221502352477,0.016,0.012,1
"GDPD4","GDPD4",0.419861168586803,0.435626997288328,0.016,0.012,1
"TRMT44","TRMT44",0.419939278646707,0.203247370077923,0.173,0.163,1
"KNL1","KNL1",0.420257294699062,-0.21630499320619,0.015,0.018,1
"LINC02805","LINC02805",0.420610394923155,-0.345944986562032,0.023,0.027,1
"PSMD6","PSMD6",0.420713634772758,0.151316580300638,0.166,0.156,1
"SUPT6H","SUPT6H",0.420884673095632,0.123925330166043,0.328,0.319,1
"VPS52","VPS52",0.420927375158574,-0.104878494410241,0.22,0.232,1
"ENSG00000257869","ENSG00000257869",0.421120470803218,-0.312646488936991,0.011,0.014,1
"NUMBL","NUMBL",0.421226290206142,0.236895219953627,0.096,0.088,1
"LYSMD2","LYSMD2",0.421235239077705,-0.160276040543423,0.032,0.038,1
"EXOC3","EXOC3",0.421607520543221,-0.144175927079935,0.267,0.276,1
"TMEM185A","TMEM185A",0.421794489406486,0.106115786516207,0.115,0.105,1
"CANT1","CANT1",0.42182430483904,0.159094151274492,0.347,0.336,1
"RABGAP1L-AS1","RABGAP1L-AS1",0.421866381957436,0.175765464281902,0.031,0.026,1
"ENSG00000224848","ENSG00000224848",0.421950255864533,0.12676211242195,0.174,0.164,1
"TTTY10","TTTY10",0.422488555256264,-0.23740007909929,0.232,0.239,1
"C9orf43","C9orf43",0.422586152508746,0.366985383558434,0.047,0.041,1
"LNX1","LNX1",0.42277905172751,0.212541438806165,0.034,0.029,1
"ENSG00000259138","ENSG00000259138",0.422863196180545,-0.22828287397336,0.04,0.046,1
"ALKBH7","ALKBH7",0.422995505824829,-0.161005497639088,0.247,0.255,1
"TTC14-DT","TTC14-DT",0.423078217894912,-0.244000836974024,0.079,0.088,1
"LOC340512","LOC340512",0.423325168087332,0.125758325425762,0.056,0.049,1
"PLIN2","PLIN2",0.423645751023178,-0.141749969856891,0.053,0.046,1
"COL11A1","COL11A1",0.423674861247787,-0.156780587596852,0.028,0.033,1
"FBXO31","FBXO31",0.423808498104674,0.138721437248241,0.2,0.191,1
"ENSG00000260693","ENSG00000260693",0.423860979742741,0.150139725308283,0.03,0.025,1
"SPATA16","SPATA16",0.424228599215814,-0.607755012893621,0.015,0.019,1
"BACE1-AS","BACE1-AS",0.424285855905545,0.172410077411212,0.033,0.028,1
"ENSG00000182912","ENSG00000182912",0.424570421190967,0.316889004358319,0.016,0.012,1
"DCAF11","DCAF11",0.42479014951775,0.297273389860813,0.037,0.031,1
"TBPL2","TBPL2",0.425003457687181,0.467866901337587,0.017,0.013,1
"LOC124900637","LOC124900637",0.425358101551899,-0.66611201182213,0.02,0.024,1
"ATP2C2-AS1","ATP2C2-AS1",0.42580495410976,-0.10742190792616,0.019,0.023,1
"ENSG00000267787","ENSG00000267787",0.425825886410248,-0.267082206856256,0.135,0.144,1
"AMIGO1","AMIGO1",0.426031731934766,-0.44221259850528,0.019,0.024,1
"WDR81","WDR81",0.426561358830611,0.172545381092972,0.141,0.131,1
"SYN2","SYN2",0.427090484923514,-0.247021888232461,0.044,0.05,1
"SAP18","SAP18",0.427122826715711,-0.150579234270768,0.271,0.28,1
"CERS3","CERS3",0.42736637464901,0.155288194432555,0.032,0.027,1
"ENSG00000228172","ENSG00000228172",0.427818152845858,-0.661863044094374,0.012,0.015,1
"CASP9","CASP9",0.427877366625738,-0.112325164604755,0.133,0.143,1
"ENSG00000283240","ENSG00000283240",0.42823173308302,-0.688332461528882,0.008,0.011,1
"ENSG00000253720","ENSG00000253720",0.428754752434859,-0.434716509289993,0.015,0.019,1
"TAC3","TAC3",0.428819488904237,0.209258684184955,0.086,0.078,1
"DUSP28","DUSP28",0.429228441119514,0.301217863138837,0.04,0.035,1
"ENSG00000235848","ENSG00000235848",0.429308637140957,-0.275011084842891,0.015,0.019,1
"GALNT14","GALNT14",0.429608625862775,0.278170038863916,0.044,0.039,1
"DCTN6","DCTN6",0.429675170783488,-0.138455928176288,0.188,0.198,1
"KRT86","KRT86",0.429911643054899,-0.279814662549033,0.035,0.04,1
"ENSG00000253200","ENSG00000253200",0.429945304826436,0.429773578894637,0.017,0.014,1
"HSBP1L1","HSBP1L1",0.430115465223703,0.263225381470766,0.017,0.013,1
"MR1","MR1",0.430134807149822,-0.90142146128156,0.008,0.011,1
"UQCRFS1-DT","UQCRFS1-DT",0.430254405935005,0.119798782455406,0.045,0.039,1
"GTF2F1","GTF2F1",0.430665980361255,-0.190717375515516,0.122,0.13,1
"RAPGEF6","RAPGEF6",0.430839180665697,-0.296619917020634,0.119,0.126,1
"MYH3","MYH3",0.430902978714743,0.279996218812951,0.043,0.037,1
"PSMD6-AS1","PSMD6-AS1",0.431232588612641,0.550132968217357,0.019,0.015,1
"SLITRK1","SLITRK1",0.43124893451751,0.283602718875841,0.047,0.041,1
"ENSG00000268861","ENSG00000268861",0.431442839654511,0.626874071050286,0.019,0.016,1
"ENSG00000228170","ENSG00000228170",0.431907088418375,0.306288777647651,0.017,0.013,1
"UTP14A","UTP14A",0.432212241676639,-0.143265077151708,0.079,0.087,1
"BRME1","BRME1",0.432266713955847,0.175167151455358,0.045,0.039,1
"HENMT1","HENMT1",0.432531349171218,-0.220081415524529,0.076,0.084,1
"ENSG00000258017","ENSG00000258017",0.432563778584004,-0.102503573594654,0.153,0.164,1
"ENSG00000267838","ENSG00000267838",0.432575041859228,-0.229824833873,0.019,0.024,1
"KCNK13","KCNK13",0.432767012519494,0.589233940466845,0.018,0.014,1
"VIM","VIM",0.432864386093223,0.300892389930224,0.017,0.013,1
"PFKP","PFKP",0.433366555626177,-0.424666359847398,0.008,0.011,1
"ENSG00000259407","ENSG00000259407",0.433688723377754,0.390092810392521,0.017,0.014,1
"PBX2","PBX2",0.433721614685766,-0.292254060346168,0.133,0.14,1
"RMI2","RMI2",0.433825534396079,-0.517267807252654,0.012,0.015,1
"ENSG00000274561","ENSG00000274561",0.433913290392642,-0.19729930726565,0.033,0.039,1
"SOX15","SOX15",0.433955651419813,-0.428716527570862,0.008,0.011,1
"CDC14A","CDC14A",0.434111022751776,-0.34070116446103,0.024,0.029,1
"FAM162A","FAM162A",0.434586510737962,-0.124042267409292,0.26,0.27,1
"ENSG00000283597","ENSG00000283597",0.434829723487763,0.962529715504066,0.02,0.016,1
"MAJIN","MAJIN",0.434840162331218,-0.392929478976189,0.008,0.011,1
"ZNF117","ZNF117",0.434972403766281,-0.157421789526203,0.095,0.103,1
"CDC37L1","CDC37L1",0.435298413988404,-0.121229078486362,0.227,0.237,1
"PINK1-AS","PINK1-AS",0.435449917368909,0.312229056800788,0.017,0.014,1
"ZNF268","ZNF268",0.435678347849108,0.119180444335565,0.17,0.159,1
"ENSG00000272079","ENSG00000272079",0.435710186650666,-0.248704508977231,0.025,0.029,1
"LRRC56","LRRC56",0.435920265032676,0.200478925245507,0.017,0.014,1
"ZSCAN12","ZSCAN12",0.435997173038427,-0.180741992068595,0.071,0.078,1
"MTMR9","MTMR9",0.436080827473263,-0.101016115972774,0.478,0.48,1
"LYAR","LYAR",0.43684220233617,-0.12246806785366,0.124,0.133,1
"LIFR","LIFR",0.436848966003926,0.107890771931546,0.772,0.772,1
"DCAF15","DCAF15",0.436914110627358,-0.274455401620008,0.068,0.075,1
"UBB","UBB",0.437168446875074,0.129651672664409,0.721,0.767,1
"SLC25A4","SLC25A4",0.437274503212226,0.10562225105683,0.191,0.18,1
"ENSG00000275450","ENSG00000275450",0.437418350390954,-0.58773049210406,0.031,0.036,1
"TOR1A","TOR1A",0.437545787362142,-0.262449616002363,0.08,0.088,1
"ENSG00000246331","ENSG00000246331",0.437983743305631,-0.799777852101356,0.012,0.015,1
"COA7","COA7",0.438040764184957,-0.189310196659268,0.046,0.052,1
"LAMB1","LAMB1",0.438601649685418,-0.43579286854345,0.016,0.02,1
"B3GALT4","B3GALT4",0.438620991287768,0.12218013300624,0.088,0.08,1
"OLFM2","OLFM2",0.438711756195503,-0.570509601965896,0.016,0.02,1
"EPS15-AS1","EPS15-AS1",0.439050768932538,-0.397695694998927,0.064,0.071,1
"EEF2K","EEF2K",0.43920016156491,-0.315179612663758,0.04,0.046,1
"DPP3","DPP3",0.439212691162066,-0.175507583550556,0.039,0.045,1
"ZNF530","ZNF530",0.439372728727802,-0.559527245733076,0.016,0.02,1
"CASKIN2","CASKIN2",0.439520417562535,-0.187059529332765,0.158,0.165,1
"MIF4GD","MIF4GD",0.43979167624059,0.102388120196736,0.082,0.075,1
"COX6A1","COX6A1",0.439796615853411,0.294361658891562,0.018,0.014,1
"GPC2","GPC2",0.440190060144106,0.509521196893134,0.019,0.016,1
"ANKRA2","ANKRA2",0.44036241543539,-0.170715012883341,0.208,0.219,1
"NPIPA8","NPIPA8",0.440759343471154,-0.196252269011579,0.047,0.053,1
"ENSG00000267114","ENSG00000267114",0.440798515941837,-0.166538467585191,0.03,0.035,1
"F13A1","F13A1",0.441656777022007,-0.114466469869088,0.012,0.015,1
"BRD3","BRD3",0.441834813658019,-0.122831373789046,0.268,0.278,1
"CSDC2","CSDC2",0.441953622012464,0.201130747226153,0.008,0.011,1
"ECE1","ECE1",0.44204405646834,0.341381953248275,0.109,0.102,1
"MLX","MLX",0.442077453860183,-0.168091726966483,0.091,0.099,1
"ENSG00000254235","ENSG00000254235",0.442755710417067,0.570170853460056,0.019,0.016,1
"FAM114A2","FAM114A2",0.442759643620852,-0.206445559403694,0.126,0.135,1
"HECA","HECA",0.442797193865295,0.128347828599937,0.095,0.087,1
"NOL3","NOL3",0.443243659516722,-0.209718227949515,0.079,0.086,1
"PDCD1LG2","PDCD1LG2",0.443383451445126,-0.470569346248157,0.021,0.025,1
"MINDY2-DT","MINDY2-DT",0.443816723564994,0.102790271545962,0.037,0.031,1
"PKIG","PKIG",0.443897462218191,0.147342033580917,0.209,0.199,1
"ENSG00000273142","ENSG00000273142",0.44453248519178,-0.249962762655132,0.04,0.046,1
"LINC02307","LINC02307",0.444953901436622,-0.199838336991596,0.021,0.025,1
"NELFA","NELFA",0.445338669195805,-0.101452135250239,0.329,0.333,1
"BLCAP","BLCAP",0.445841369277582,-0.16270356943831,0.249,0.253,1
"SEC31A","SEC31A",0.446547064492005,-0.101766066837637,0.607,0.614,1
"ATP1B2","ATP1B2",0.44657309058371,-0.154625967355122,0.025,0.029,1
"CADPS2","CADPS2",0.446577849100124,0.144789197480296,0.028,0.033,1
"HEXA-AS1","HEXA-AS1",0.446974974707484,0.450860066623971,0.02,0.016,1
"ASH1L-AS1","ASH1L-AS1",0.447206204402787,-0.218315992184805,0.025,0.029,1
"LOC101927164","LOC101927164",0.447315512578229,-0.419706342493789,0.021,0.025,1
"TRIM46","TRIM46",0.447499428279511,-0.114341153608722,0.171,0.182,1
"SLC22A10","SLC22A10",0.447575485439757,-0.362948333715777,0.012,0.016,1
"RHCE","RHCE",0.4479368893208,-0.265399260431222,0.079,0.086,1
"GBA2","GBA2",0.447938791202937,0.139231919823234,0.196,0.186,1
"FBXO47","FBXO47",0.448229830281555,-0.779201686328067,0.009,0.012,1
"PARP14","PARP14",0.44857370531698,0.362052948807255,0.021,0.018,1
"CCNJ","CCNJ",0.448678035147508,-0.176793081810945,0.036,0.041,1
"GRIN2A","GRIN2A",0.448997135347084,-0.120915762153872,0.044,0.05,1
"ENSG00000270673","ENSG00000270673",0.449399027050893,0.232953218217204,0.019,0.015,1
"POLB","POLB",0.449522355439674,-0.112657271157328,0.206,0.213,1
"CYB5D1","CYB5D1",0.449595817691828,-0.437411763522843,0.026,0.031,1
"FAM114A1","FAM114A1",0.449796988325559,-0.45975223867543,0.017,0.02,1
"ZMAT4","ZMAT4",0.449828823155657,-1.01771405465,0.009,0.012,1
"PRSS48","PRSS48",0.449855099682902,0.446574103067362,0.021,0.018,1
"UQCRC2","UQCRC2",0.450177912805929,-0.109788638622054,0.427,0.429,1
"CSF2RA","CSF2RA",0.450271228561448,0.934942779241258,0.01,0.007,1
"COPS8-DT","COPS8-DT",0.450361474160581,-0.145381124669441,0.135,0.144,1
"MIR4435-2HG","MIR4435-2HG",0.450423528991489,0.116650883241778,0.048,0.054,1
"PDZRN4","PDZRN4",0.450455350160613,-0.35656504380419,0.017,0.02,1
"PPP4R3B-DT","PPP4R3B-DT",0.450842363585557,0.105294567973218,0.019,0.016,1
"EXOC3L2","EXOC3L2",0.450919329930289,0.869528924772775,0.01,0.007,1
"ENSG00000262420","ENSG00000262420",0.451139491566665,-0.624140074736064,0.009,0.012,1
"ZNF304","ZNF304",0.451169898815217,-0.372206452185051,0.032,0.037,1
"GABRA1","GABRA1",0.45143104443484,-0.108493284438767,0.009,0.012,1
"FTSJ3","FTSJ3",0.451437574508012,0.219043045844698,0.088,0.08,1
"ENSG00000269489","ENSG00000269489",0.451459756477029,0.360300237440994,0.021,0.018,1
"ENSG00000284946","ENSG00000284946",0.451493341332274,0.516686120518814,0.023,0.019,1
"EIF5AL1","EIF5AL1",0.451509398778891,0.146487380644565,0.02,0.016,1
"LOC105376944","LOC105376944",0.451703433884652,0.960514325492411,0.016,0.02,1
"ADGRL2","ADGRL2",0.452323375567749,-0.497449321472151,0.031,0.036,1
"SCN4B","SCN4B",0.452661969225942,-0.779260948740917,0.017,0.021,1
"PNMA2","PNMA2",0.453018236825166,0.199368934543307,0.022,0.018,1
"TRIM3","TRIM3",0.453108921095719,0.112269203748235,0.15,0.141,1
"COLEC10","COLEC10",0.453314550158046,-0.232708482770009,0.017,0.02,1
"SYNPR","SYNPR",0.453397130139127,0.171495707977652,0.02,0.016,1
"AHNAK2","AHNAK2",0.453572446392057,0.107146713251081,0.069,0.076,1
"ENSG00000255568","ENSG00000255568",0.453679644342785,0.644613725239044,0.01,0.007,1
"FRZB","FRZB",0.453777642618425,0.434614143478518,0.023,0.02,1
"POFUT1","POFUT1",0.453801499934371,0.188827276362767,0.14,0.132,1
"GABRG2","GABRG2",0.454167746255355,0.628911548707324,0.01,0.007,1
"NFKB2","NFKB2",0.454498777497622,-0.16569541374194,0.009,0.012,1
"GHR","GHR",0.45508263782219,-0.338559469890326,0.031,0.036,1
"MYL5","MYL5",0.455820232550491,-0.450850153598203,0.04,0.045,1
"ENSG00000232220","ENSG00000232220",0.456090029290413,-0.253470662761764,0.019,0.015,1
"GRID1-AS1","GRID1-AS1",0.45618538182305,0.190547524144386,0.021,0.018,1
"ENSG00000176868","ENSG00000176868",0.456403722659475,-0.249111925304996,0.009,0.012,1
"IFI35","IFI35",0.456516022529779,0.227027351098364,0.02,0.016,1
"ENSG00000239519","ENSG00000239519",0.456612691843936,0.44718958243171,0.01,0.007,1
"URB1","URB1",0.456663204765211,-0.103650085584789,0.337,0.351,1
"SUPT4H1","SUPT4H1",0.456930228302736,0.133738316895736,0.116,0.107,1
"UFD1-AS1","UFD1-AS1",0.457102567172972,0.4034426949896,0.01,0.007,1
"LOC112268449","LOC112268449",0.457318662762242,0.355364346711069,0.023,0.019,1
"CNTN5","CNTN5",0.457531181433428,-0.228678661964628,0.086,0.093,1
"CCDC38","CCDC38",0.457802725079564,0.459228274915407,0.021,0.018,1
"TMEM240","TMEM240",0.458258796044155,0.268257181724978,0.023,0.019,1
"NANS","NANS",0.458477529875345,0.103535659030768,0.068,0.061,1
"AGTRAP","AGTRAP",0.458742163608663,-0.152778940543222,0.175,0.184,1
"CD81-AS1","CD81-AS1",0.45887567243437,-0.290023719221233,0.044,0.05,1
"MIEF1","MIEF1",0.459029383850934,0.109032682115305,0.144,0.135,1
"CFAP20DC-AS1","CFAP20DC-AS1",0.45905571970683,0.363781022635213,0.022,0.018,1
"ENSG00000272523","ENSG00000272523",0.459126633772408,0.47497921356073,0.024,0.02,1
"PCDH15","PCDH15",0.459263060581135,-0.336111340344778,0.064,0.07,1
"CMKLR2","CMKLR2",0.459392551196633,0.346791749790148,0.01,0.007,1
"MTA2","MTA2",0.459607475449628,-0.27803733691444,0.106,0.113,1
"ENSG00000271870","ENSG00000271870",0.45969575502978,-0.18713960637997,0.036,0.041,1
"CFAP300","CFAP300",0.459720215484491,0.372218478066728,0.01,0.007,1
"ADM5","ADM5",0.459884096680717,0.273775147541914,0.01,0.007,1
"WDR4","WDR4",0.459903405894163,-0.181311585876451,0.1,0.107,1
"ENSG00000247373","ENSG00000247373",0.460059177324329,-0.388144866571853,0.037,0.042,1
"UNKL-AS1","UNKL-AS1",0.460211957150682,0.604790526218197,0.01,0.007,1
"GJC1","GJC1",0.460539948354489,0.127736012107665,0.01,0.007,1
"CLK4","CLK4",0.461005203284223,-0.122396400305932,0.332,0.339,1
"ENSG00000259523","ENSG00000259523",0.462039603547094,-0.206975359132812,0.019,0.016,1
"SLC22A5","SLC22A5",0.462566736289656,-0.159588638551039,0.103,0.11,1
"LINC02884","LINC02884",0.462742072205903,0.410478730874706,0.026,0.022,1
"ENSG00000233672","ENSG00000233672",0.462874195544958,-0.186445784858536,0.039,0.044,1
"ENSG00000234477","ENSG00000234477",0.463283319634922,-0.265114102207087,0.021,0.025,1
"CSGALNACT1","CSGALNACT1",0.463352332395841,-0.287389481584932,0.02,0.016,1
"SRGN","SRGN",0.463513476080026,0.854874435647856,0.01,0.008,1
"NDUFAF3","NDUFAF3",0.463564216515345,0.114733605435509,0.386,0.376,1
"ENSG00000254428","ENSG00000254428",0.463770410026044,-0.323729725565459,0.017,0.021,1
"PDZD2","PDZD2",0.463937319414735,-0.157246269443322,0.296,0.299,1
"CEACAM1","CEACAM1",0.463977318431866,0.456255460640768,0.026,0.022,1
"OR2T12","OR2T12",0.465051663665409,0.338005746898304,0.025,0.021,1
"MRFAP1L2","MRFAP1L2",0.465080516933412,-0.243151912052618,0.05,0.056,1
"CNTROB","CNTROB",0.465349612705376,-0.179982639404198,0.093,0.101,1
"RIOX1","RIOX1",0.465856276769598,-0.34590850673583,0.017,0.021,1
"ENSG00000232065","ENSG00000232065",0.465893734180119,0.436560360459131,0.01,0.008,1
"RGL3","RGL3",0.465975306526933,-0.813135821779884,0.01,0.012,1
"PGLYRP1","PGLYRP1",0.466529614393274,0.642063247828158,0.01,0.008,1
"CLEC18B","CLEC18B",0.466879481237178,0.12837011369937,0.023,0.02,1
"MAP3K20","MAP3K20",0.466936305022204,0.390437521832843,0.031,0.027,1
"ENSG00000232748","ENSG00000232748",0.467051312617404,0.476931207816284,0.026,0.022,1
"USP53","USP53",0.467369237223786,0.14784031390961,0.41,0.401,1
"HEATR5A-DT","HEATR5A-DT",0.467828519216086,0.499278255079481,0.027,0.023,1
"PHF12","PHF12",0.468131996224053,-0.120259207394104,0.349,0.36,1
"BIN2","BIN2",0.468440141966843,0.172593052390091,0.01,0.008,1
"SPINT2","SPINT2",0.468549638295231,0.116970156124395,0.151,0.142,1
"MME","MME",0.469397027643875,0.100616062873753,0.01,0.008,1
"NBL1","NBL1",0.469725003890638,-0.637703244659281,0.01,0.012,1
"APOE","APOE",0.469853809479332,0.172960667056241,0.131,0.122,1
"ENSG00000278847","ENSG00000278847",0.470015616942133,-0.352890106379928,0.013,0.016,1
"LOC105370777","LOC105370777",0.470056538388222,0.253359551507759,0.024,0.02,1
"ZNHIT2","ZNHIT2",0.470179406476946,-0.124521367109653,0.039,0.033,1
"ITGAM","ITGAM",0.470195257259985,0.273276944605177,0.01,0.008,1
"PRR36","PRR36",0.470354993109007,0.54156239909084,0.01,0.008,1
"MYO1H","MYO1H",0.470514758921264,0.165067029248413,0.01,0.008,1
"DHRS2","DHRS2",0.470514758921264,0.130875127581037,0.01,0.008,1
"ENSG00000271937","ENSG00000271937",0.47073738170397,-0.584185170555754,0.01,0.012,1
"DNAH3","DNAH3",0.471049066544923,0.219230538366387,0.026,0.022,1
"ENSG00000217702","ENSG00000217702",0.471353581692355,0.164500288433548,0.028,0.024,1
"OGN","OGN",0.471396684918255,-0.135184969210657,0.013,0.016,1
"ENSG00000280571","ENSG00000280571",0.471723350972039,0.181931868273216,0.059,0.054,1
"B3GALT9","B3GALT9",0.471828280841993,0.187256361103886,0.028,0.024,1
"CYBA","CYBA",0.472114063882638,0.167450024262501,0.01,0.008,1
"MRPS28","MRPS28",0.472118945234217,-0.156014438999593,0.042,0.048,1
"SMIM22","SMIM22",0.472477312957428,-0.19662652702069,0.017,0.021,1
"ERLIN2","ERLIN2",0.472543292283159,-0.120801252847389,0.218,0.229,1
"ENSG00000257829","ENSG00000257829",0.472778086587237,-0.233056909987078,0.038,0.043,1
"LIN7B","LIN7B",0.472879281331263,0.193844519909881,0.122,0.114,1
"ZNF391","ZNF391",0.473081415441324,-0.352810623847074,0.023,0.027,1
"ENSG00000231616","ENSG00000231616",0.473696768310136,0.313275130816651,0.035,0.03,1
"CEND1","CEND1",0.473790176297399,-0.103368552287479,0.158,0.167,1
"ADAMTS8","ADAMTS8",0.474115870658419,-0.684514327136788,0.014,0.017,1
"GORAB","GORAB",0.474252307114008,0.168981544563901,0.065,0.059,1
"LOC101927588","LOC101927588",0.474621263826337,0.741472260867027,0.011,0.008,1
"LINC01192","LINC01192",0.474776242110209,0.54160457280504,0.011,0.008,1
"LTBP2","LTBP2",0.474776242110209,0.80693392783683,0.011,0.008,1
"ENSG00000225762","ENSG00000225762",0.4747989054278,-0.301489240516401,0.01,0.012,1
"NEK8","NEK8",0.474854259823133,-0.175285664257563,0.055,0.061,1
"WDCP","WDCP",0.474916123171607,0.328596308037917,0.048,0.043,1
"MMD","MMD",0.475701087153947,-0.282865799980891,0.097,0.104,1
"GRB14","GRB14",0.475778435549614,0.329120331448275,0.028,0.024,1
"TRAIP","TRAIP",0.475962864748591,-0.304214417905543,0.01,0.012,1
"LOC101929577","LOC101929577",0.476560337546306,0.490812437058224,0.03,0.025,1
"TSHZ2","TSHZ2",0.476670520126975,-0.448666621368523,0.028,0.033,1
"ENSG00000258655","ENSG00000258655",0.477264425719761,0.122484879047338,0.028,0.024,1
"ENSG00000236230","ENSG00000236230",0.477857630297381,-0.395669522921553,0.01,0.012,1
"POU2AF3","POU2AF3",0.478003552143135,-0.3443222677291,0.01,0.012,1
"ENSG00000267426","ENSG00000267426",0.478020604526371,0.254360694628343,0.026,0.022,1
"RDH13","RDH13",0.47861572409338,0.176322304341977,0.062,0.056,1
"TCFL5","TCFL5",0.478701021779914,-0.151945542709484,0.372,0.375,1
"ENSG00000269946","ENSG00000269946",0.478781978110263,-0.100060514127112,0.207,0.217,1
"DMTN","DMTN",0.478840917093475,-0.234540988398423,0.028,0.032,1
"EDC4","EDC4",0.478856389855768,0.637491706008528,0.012,0.009,1
"ENSG00000226530","ENSG00000226530",0.478857600941324,0.18155086042337,0.027,0.023,1
"ECM1","ECM1",0.478967451455592,-0.310222799624703,0.029,0.033,1
"ENSG00000255292","ENSG00000255292",0.479146195267566,0.212842941116585,0.057,0.051,1
"RNASEH2A","RNASEH2A",0.479282677601003,0.28041157048562,0.011,0.008,1
"OTX2-AS1","OTX2-AS1",0.479328695435969,-0.288052909872778,0.018,0.022,1
"CFAP77","CFAP77",0.479435011606672,-0.323474185106436,0.014,0.017,1
"ZNF230","ZNF230",0.479477787957092,0.383300530428785,0.037,0.033,1
"ENSG00000253618","ENSG00000253618",0.479923683414188,0.203670477235268,0.048,0.043,1
"LINC03052","LINC03052",0.480062002021288,0.289907747843909,0.011,0.008,1
"LINC02259","LINC02259",0.480062002021288,0.217239127937006,0.011,0.008,1
"MTG1","MTG1",0.480529928109411,0.154637795665291,0.011,0.008,1
"HEPACAM2","HEPACAM2",0.481154215959918,0.537547239602175,0.011,0.008,1
"LINC02388","LINC02388",0.481270323340535,0.593797967561062,0.012,0.009,1
"HSF5","HSF5",0.481373010824072,0.292118076333834,0.03,0.025,1
"TCEAL2","TCEAL2",0.481482528661657,-0.28342629591707,0.039,0.044,1
"LINC02777","LINC02777",0.481701043612886,0.196648846091188,0.03,0.025,1
"PPFIA2-AS1","PPFIA2-AS1",0.482026033772641,0.939377460247196,0.012,0.009,1
"ENSG00000277527","ENSG00000277527",0.482077652193956,-0.385838933288286,0.018,0.022,1
"TYSND1","TYSND1",0.48246183847442,0.129525432077857,0.097,0.089,1
"ENSG00000260626","ENSG00000260626",0.482522460008428,-0.177919722955422,0.066,0.072,1
"ENSG00000273156","ENSG00000273156",0.483040645038651,-0.320714285991196,0.014,0.017,1
"EVI2B","EVI2B",0.483091507914518,0.181068634890619,0.027,0.023,1
"ENSG00000259532","ENSG00000259532",0.483236511511361,0.384334650429095,0.012,0.009,1
"CCDC163","CCDC163",0.484401106908153,0.177973230567137,0.031,0.027,1
"PAM16","PAM16",0.484751926608078,0.385794878382175,0.012,0.009,1
"WFIKKN1","WFIKKN1",0.484759486322406,0.21351231582215,0.026,0.022,1
"CELF5","CELF5",0.485046425743375,0.167756923382682,0.029,0.025,1
"SLC9A1","SLC9A1",0.485212273461612,0.297656365214358,0.07,0.063,1
"PDE8B.1","PDE8B.1",0.485986034269399,-0.469403229773945,0.019,0.022,1
"MRPL28","MRPL28",0.486424663304361,0.13221404838328,0.156,0.148,1
"HIGD1C","HIGD1C",0.486666803333808,0.132025737788243,0.029,0.025,1
"PXT1","PXT1",0.486725809523386,0.297796608585664,0.012,0.009,1
"TERB1","TERB1",0.486764907197227,-0.573597161819902,0.01,0.013,1
"SLC25A15","SLC25A15",0.486857025221436,-0.349566207236807,0.019,0.022,1
"KCNIP2","KCNIP2",0.486869308548639,0.233440537816198,0.046,0.041,1
"ENSG00000214772","ENSG00000214772",0.48699613438393,0.102418736259387,0.028,0.024,1
"TRPM3","TRPM3",0.487438302800648,-0.186113701657558,0.064,0.07,1
"SHMT1","SHMT1",0.487935806244694,0.262200902600247,0.118,0.111,1
"LINC01562","LINC01562",0.488054244085851,-0.719962779670243,0.01,0.013,1
"LINC01974","LINC01974",0.48819761736955,-0.507081637608027,0.01,0.013,1
"RMP24","RMP24",0.488551155212377,-0.323011198144806,0.047,0.052,1
"SUGT1-DT","SUGT1-DT",0.488590188528745,0.127035368406005,0.03,0.026,1
"CEP19","CEP19",0.48882721360671,0.116912450589679,0.022,0.026,1
"LOC105374971","LOC105374971",0.488984838795785,-0.190595168484213,0.147,0.154,1
"ZFP28-DT","ZFP28-DT",0.489016826012699,0.398472099314708,0.012,0.01,1
"LINC02519","LINC02519",0.489312372902161,0.535872457077648,0.012,0.01,1
"SYCE1L","SYCE1L",0.489375907817886,-0.188784656915209,0.018,0.022,1
"ENSG00000274460","ENSG00000274460",0.489445703470916,-0.350582617644013,0.023,0.027,1
"GINS4","GINS4",0.489693561183292,-0.322811958366477,0.019,0.022,1
"ENSG00000258461","ENSG00000258461",0.490432090960241,-0.421408705115128,0.015,0.018,1
"VAV3","VAV3",0.490495521707718,0.357859716611477,0.012,0.01,1
"DORIP1","DORIP1",0.490705779946215,-0.142415548667624,0.097,0.104,1
"ENSG00000284999","ENSG00000284999",0.490926019108449,-0.523794312949052,0.01,0.013,1
"ENSG00000224467","ENSG00000224467",0.49092602052265,-0.554309582288027,0.01,0.013,1
"DELEC1","DELEC1",0.491069847296605,-0.355324216690977,0.01,0.013,1
"C4orf46","C4orf46",0.491103867308687,-0.299580212445275,0.046,0.052,1
"CS","CS",0.491432538162485,-0.144340860928124,0.139,0.146,1
"FRS3","FRS3",0.491474563720472,-0.324000193554796,0.062,0.068,1
"ENSG00000248491","ENSG00000248491",0.491532037274805,0.301517419837827,0.012,0.01,1
"ENSG00000233064","ENSG00000233064",0.492139461431023,-0.111509032632186,0.028,0.032,1
"ENSG00000274895","ENSG00000274895",0.492221275953372,-0.254613398764785,0.01,0.013,1
"PTCH1","PTCH1",0.492324899925246,-0.117701743079531,0.276,0.281,1
"ENSG00000269694","ENSG00000269694",0.49236747803998,-0.129380292867583,0.012,0.009,1
"FIBP","FIBP",0.492384052346735,-0.224615402978209,0.102,0.108,1
"OXA1L","OXA1L",0.49249130202621,-0.126122843978872,0.133,0.141,1
"REXO5","REXO5",0.492525637801636,-0.499863375724375,0.015,0.018,1
"HAT1","HAT1",0.492527595705843,-0.127987999462586,0.256,0.261,1
"BLVRA","BLVRA",0.493347192570851,0.166492807356899,0.062,0.056,1
"ENSG00000267723","ENSG00000267723",0.493759370518853,-0.156462446643739,0.015,0.018,1
"GASK1B-AS1","GASK1B-AS1",0.494351354290042,0.463977208275012,0.012,0.01,1
"SERPINE3","SERPINE3",0.494623896086204,-0.270713024865885,0.019,0.022,1
"KRR1","KRR1",0.494626139635032,-0.120640413023595,0.22,0.229,1
"ENSG00000261420","ENSG00000261420",0.494704208704623,0.205302469601254,0.044,0.039,1
"DACH2","DACH2",0.495034931960622,0.125976033551262,0.035,0.03,1
"THY1","THY1",0.495586026894963,0.356848638097655,0.014,0.017,1
"ENSG00000253859","ENSG00000253859",0.495798557258174,-0.292516051098742,0.028,0.024,1
"ENSG00000267360","ENSG00000267360",0.496093099596804,0.235945400421793,0.035,0.03,1
"SHCBP1","SHCBP1",0.496210872346058,0.224434175418326,0.012,0.01,1
"DPH1","DPH1",0.496312140738349,-0.224100825838842,0.034,0.039,1
"APEH","APEH",0.496656551537788,-0.186999615658428,0.057,0.063,1
"HDHD5","HDHD5",0.496854839483129,-0.115315327037202,0.152,0.159,1
"NHSL1","NHSL1",0.49701617066692,0.108639915020483,0.053,0.047,1
"BEX3","BEX3",0.497479774335708,0.12719360048819,0.502,0.505,1
"UBE3D","UBE3D",0.497575566109933,-0.133533613313975,0.457,0.454,1
"ENSG00000253642","ENSG00000253642",0.497705001047706,-0.101150845895251,0.019,0.022,1
"PLA2G15","PLA2G15",0.49808970718076,0.100859309832294,0.082,0.075,1
"LOC105373347","LOC105373347",0.49809772881951,-0.149054457930963,0.273,0.278,1
"L3MBTL3","L3MBTL3",0.498240660693545,-0.194924216083345,0.045,0.05,1
"ENSG00000274220","ENSG00000274220",0.498491078450899,0.213840635167037,0.056,0.05,1
"CEACAM19","CEACAM19",0.498497089319059,0.246608439855514,0.082,0.076,1
"MARCHF5","MARCHF5",0.498994940278125,0.134023360918423,0.275,0.265,1
"LONRF2","LONRF2",0.499275722121048,0.117586062900666,0.434,0.422,1
"PIK3AP1","PIK3AP1",0.49945039590245,0.100641454043356,0.013,0.01,1
"CLK2","CLK2",0.499461666642903,0.143887411040908,0.146,0.138,1
"ENSG00000274315","ENSG00000274315",0.500031151374972,-0.13115459298379,0.01,0.013,1
"EIF4ENIF1","EIF4ENIF1",0.500667288143433,-0.109980304002567,0.254,0.261,1
"ENSG00000267127","ENSG00000267127",0.500722505335857,0.111804690988771,0.041,0.037,1
"GLYATL1","GLYATL1",0.500763715487276,-0.218737399207887,0.012,0.01,1
"C10orf143","C10orf143",0.500903414013135,-0.245277136459817,0.125,0.132,1
"LINC03020","LINC03020",0.501193736423387,0.213296721630746,0.013,0.01,1
"SPATA22","SPATA22",0.501343583152422,0.119294529098697,0.122,0.131,1
"LRRC45","LRRC45",0.501900773836366,-0.31478391517354,0.019,0.023,1
"BNIP3","BNIP3",0.502393372244033,-0.142460822964406,0.388,0.395,1
"CDAN1","CDAN1",0.502724416161547,-0.190506055738049,0.062,0.067,1
"RTN4RL1","RTN4RL1",0.50323170079647,0.428719179893241,0.013,0.01,1
"LINC02175","LINC02175",0.503773498000383,-0.172740403170573,0.035,0.04,1
"ENSG00000197099","ENSG00000197099",0.503935066164651,-0.216300456648528,0.068,0.074,1
"PCDHB2","PCDHB2",0.50409629999911,-0.459770539440199,0.015,0.018,1
"CTSZ","CTSZ",0.504295969986808,-0.233011906601396,0.089,0.095,1
"ENSG00000258416","ENSG00000258416",0.504653618480332,0.201149652248637,0.014,0.011,1
"CNN3","CNN3",0.504684266619944,0.115210793055654,0.261,0.25,1
"FANCE","FANCE",0.504708206584416,-0.419583534341124,0.015,0.018,1
"COMTD1","COMTD1",0.50493764240533,0.260049939063268,0.014,0.011,1
"NRL","NRL",0.50590234794396,0.23061990238844,0.095,0.089,1
"BAAT","BAAT",0.506216791771564,0.160466398548651,0.014,0.011,1
"DMC1","DMC1",0.506300994313035,-0.41075803851567,0.015,0.018,1
"ENSG00000249417","ENSG00000249417",0.506358205297071,-0.694037821624541,0.016,0.019,1
"PNP","PNP",0.506589264545582,-0.10165138521869,0.013,0.01,1
"ENSG00000272305","ENSG00000272305",0.507568516927408,-0.335538793906011,0.059,0.065,1
"ENSG00000228714","ENSG00000228714",0.507632947333337,0.49556618466215,0.015,0.012,1
"MRC2","MRC2",0.507632947333337,0.670101542229129,0.015,0.012,1
"ENSG00000231102","ENSG00000231102",0.507640065469948,0.234502586507654,0.014,0.011,1
"ENSG00000227946","ENSG00000227946",0.508067456850604,0.185048004075719,0.014,0.011,1
"DYNC2I2","DYNC2I2",0.50821857346129,0.16151096321825,0.048,0.043,1
"ENSG00000261124","ENSG00000261124",0.509021721998762,0.374938847382528,0.015,0.012,1
"FUT2","FUT2",0.509243432545924,0.548967316987659,0.015,0.012,1
"KANSL1-AS1","KANSL1-AS1",0.509561999304893,-0.158803595792283,0.037,0.042,1
"ZFP2","ZFP2",0.509578301396123,-0.101023819155207,0.207,0.214,1
"CHEK1","CHEK1",0.509740572836376,-0.136293250257406,0.015,0.018,1
"NAA11","NAA11",0.509921665380622,0.218305837725574,0.014,0.011,1
"DNMT3B","DNMT3B",0.509921665380622,-0.278005304005837,0.011,0.014,1
"ENSG00000273165","ENSG00000273165",0.510232937656516,-0.23236703354199,0.015,0.018,1
"DCLRE1B","DCLRE1B",0.510329009986522,0.363093931335838,0.015,0.012,1
"EMCN","EMCN",0.510350061948062,-0.337921075571919,0.011,0.014,1
"SLC25A42","SLC25A42",0.510690793539176,0.14219942458393,0.173,0.164,1
"GART","GART",0.51111320964575,-0.134938478181303,0.242,0.25,1
"IKBKG","IKBKG",0.511195741033918,0.148244824104986,0.125,0.118,1
"DDX41","DDX41",0.511296092502588,0.2402167055053,0.068,0.063,1
"SLC25A41","SLC25A41",0.511306448317843,-0.123453887516492,0.032,0.027,1
"ENSG00000249837","ENSG00000249837",0.511581200287089,-1.19258297961376,0.008,0.01,1
"TDRKH-AS1","TDRKH-AS1",0.511608992090073,-0.113672599605036,0.035,0.04,1
"LINC02572","LINC02572",0.511820595565003,-0.285068183253999,0.02,0.024,1
"MARCKS","MARCKS",0.512031361875792,-0.159004787399605,0.227,0.233,1
"CELF2","CELF2",0.512182047940943,-1.01289588215057,0.029,0.033,1
"SLC38A7","SLC38A7",0.512315653057925,0.130498146778014,0.145,0.157,1
"EEF1AKMT2","EEF1AKMT2",0.512432993867334,-0.905249776621958,0.008,0.01,1
"NUCB1-AS1","NUCB1-AS1",0.512519010720334,0.65828722851619,0.016,0.013,1
"ZNF470-DT","ZNF470-DT",0.513433542173629,-0.153150039017186,0.184,0.191,1
"PES1","PES1",0.513456893764205,-0.246611959689096,0.106,0.112,1
"TAPBPL","TAPBPL",0.514750012132332,0.11464168188465,0.091,0.084,1
"LIN28B","LIN28B",0.514799077146394,-0.144162748675199,0.015,0.018,1
"ENSG00000253238","ENSG00000253238",0.514851941990466,-0.220066679399125,0.025,0.029,1
"ENSG00000224700","ENSG00000224700",0.514992804319898,-0.663639735950698,0.008,0.01,1
"TK1","TK1",0.515092602738051,0.100963947303101,0.015,0.012,1
"LINC01162","LINC01162",0.515334613559716,-0.636562565845722,0.008,0.01,1
"PSG8","PSG8",0.515501982621232,0.212292352159939,0.015,0.012,1
"DMTF1-AS1","DMTF1-AS1",0.515638480103066,0.311885328820469,0.015,0.012,1
"MZT2B","MZT2B",0.515866651339544,-0.131577947750281,0.331,0.339,1
"SNHG31","SNHG31",0.516312066116533,0.477286925228795,0.077,0.073,1
"ABCB1","ABCB1",0.51653232597064,-0.207088416515091,0.015,0.018,1
"NWD1","NWD1",0.516695418960331,0.160979738867516,0.015,0.012,1
"HDHD3","HDHD3",0.51675848688284,-0.560181379087957,0.016,0.019,1
"CORO2A","CORO2A",0.517315724616737,0.28356700080608,0.016,0.013,1
"ENSG00000235669","ENSG00000235669",0.517373758207239,0.117720203830253,0.011,0.014,1
"ENSG00000226772","ENSG00000226772",0.517559241301702,-0.380933441434462,0.008,0.01,1
"ENSG00000264520","ENSG00000264520",0.517974965165699,-0.655681793086519,0.016,0.019,1
"ZNF182","ZNF182",0.518151839648258,-0.157564183350813,0.073,0.079,1
"ENSG00000230155","ENSG00000230155",0.518561170381214,0.464402979164021,0.017,0.014,1
"ABCA12","ABCA12",0.518587666286323,-0.197479814215441,0.008,0.01,1
"TMEM47","TMEM47",0.518949213105852,-0.215537859986517,0.016,0.019,1
"VWA3B","VWA3B",0.519421158025212,0.426087922373227,0.018,0.015,1
"HAAO","HAAO",0.519445493066544,-0.319098338487032,0.008,0.01,1
"MIR155HG","MIR155HG",0.519856661463771,0.348928839178997,0.016,0.013,1
"GRIK3","GRIK3",0.520124502481553,0.239412678011257,0.016,0.013,1
"SKIDA1","SKIDA1",0.520475851041112,-0.341720844683281,0.008,0.01,1
"CLEC12B","CLEC12B",0.520525339031301,-0.925265798404171,0.017,0.02,1
"RAD21-AS1","RAD21-AS1",0.520647679708944,-0.205162068756943,0.008,0.01,1
"PDGFRL","PDGFRL",0.520774432584704,-0.183017552196259,0.035,0.031,1
"SLC2A2","SLC2A2",0.520794416170784,0.121311514515837,0.016,0.013,1
"RAB40A","RAB40A",0.520913003160931,-0.175374050902202,0.064,0.07,1
"SPATA24","SPATA24",0.521046859472302,-0.664875601387193,0.012,0.014,1
"C12orf75","C12orf75",0.521054107292083,0.571721016379687,0.018,0.015,1
"ESS2","ESS2",0.521333205924277,-0.341806894268576,0.084,0.089,1
"ENSG00000224970","ENSG00000224970",0.521335286517493,-0.234099926463282,0.008,0.01,1
"CYP2C8","CYP2C8",0.521388966930029,-0.373542889324907,0.016,0.019,1
"RAMP2-AS1","RAMP2-AS1",0.522195451805219,-0.158694156795567,0.008,0.01,1
"VILL","VILL",0.52230539316717,-0.436561519669592,0.016,0.019,1
"ENSG00000267924","ENSG00000267924",0.522313705925037,-0.43239165109678,0.012,0.014,1
"ENSG00000272871","ENSG00000272871",0.522469167914179,-0.293167701834476,0.027,0.031,1
"LOC124903883","LOC124903883",0.522710164050434,0.395018486416929,0.038,0.034,1
"DDN-AS1","DDN-AS1",0.522806820499742,0.339375381549256,0.016,0.013,1
"TMC8","TMC8",0.523141250988773,-0.311519820898602,0.032,0.036,1
"ENSG00000228933","ENSG00000228933",0.52327494776584,-0.159889492306736,0.021,0.024,1
"GRK7","GRK7",0.523757896138698,0.572694919157372,0.019,0.016,1
"KCNIP2-AS1","KCNIP2-AS1",0.524297834010562,0.394325201754076,0.017,0.014,1
"CHSY3","CHSY3",0.525043702297807,-0.563077479919504,0.026,0.03,1
"TPMT","TPMT",0.525118200606231,-0.155066030448469,0.117,0.124,1
"TOR1B","TOR1B",0.525229958890143,0.140265416392876,0.124,0.117,1
"ROMO1","ROMO1",0.526186865910238,-0.157220634582317,0.139,0.127,1
"RUNDC3B","RUNDC3B",0.526600559725399,0.42049136851051,0.018,0.015,1
"ABHD8","ABHD8",0.526746553681759,0.281970321488027,0.017,0.014,1
"ENSG00000284418","ENSG00000284418",0.526773578183041,-0.571038954385799,0.017,0.02,1
"KRTCAP3","KRTCAP3",0.526965144810055,0.132511374880104,0.017,0.014,1
"CCAR2","CCAR2",0.527336996770042,-0.184445075756582,0.124,0.131,1
"LINC02008","LINC02008",0.527514073126927,-0.165665205389264,0.016,0.019,1
"MED23","MED23",0.527520830931453,-0.14922729156574,0.352,0.35,1
"ALAS1","ALAS1",0.527569007153174,-0.146911261507026,0.084,0.09,1
"LINC00471","LINC00471",0.52766604251393,-0.367583786468236,0.021,0.025,1
"CDON","CDON",0.528355332153704,0.104728110942361,0.092,0.085,1
"RGPD3","RGPD3",0.528734393815149,0.333819671475395,0.021,0.018,1
"SLC30A6-DT","SLC30A6-DT",0.52875155369651,0.224697916225383,0.018,0.015,1
"ENSG00000238287","ENSG00000238287",0.529770133092192,0.144488456813259,0.216,0.209,1
"MIDN","MIDN",0.530260789749083,0.601102284443744,0.023,0.02,1
"DDX52","DDX52",0.530580407990244,-0.155159177128116,0.243,0.248,1
"ENSG00000232098","ENSG00000232098",0.531414824862435,0.230059155889776,0.018,0.015,1
"DTX3L","DTX3L",0.531607228830278,0.77154983062727,0.023,0.02,1
"PYY","PYY",0.531627235744516,0.217195399713273,0.019,0.016,1
"ENSG00000227388","ENSG00000227388",0.532220707195581,-0.227528078563839,0.012,0.014,1
"GPR61","GPR61",0.532431190397763,0.159315627958772,0.018,0.015,1
"ENSG00000228350","ENSG00000228350",0.532440444177219,-0.197988481948417,0.016,0.019,1
"TSNAXIP1","TSNAXIP1",0.532692998337269,0.3812242072767,0.023,0.02,1
"ENSG00000228010","ENSG00000228010",0.532712157724816,-0.251931247180036,0.101,0.107,1
"ENSG00000278816","ENSG00000278816",0.532937604977775,-0.613394909807621,0.008,0.01,1
"ENSG00000240571","ENSG00000240571",0.532943827919668,-0.486426416108436,0.023,0.026,1
"CYP51A1-AS1","CYP51A1-AS1",0.533029149140131,-0.166127492409792,0.021,0.025,1
"GPR162","GPR162",0.533395278328681,-0.555006280212841,0.017,0.02,1
"SH3RF3","SH3RF3",0.53421346533554,-0.330765048676487,0.012,0.014,1
"NRTN","NRTN",0.534273126788906,-0.221663576609462,0.017,0.02,1
"ENSG00000256825","ENSG00000256825",0.534387513419356,-0.142243896245556,0.017,0.014,1
"SLC25A34","SLC25A34",0.534394527471097,-0.33298107675397,0.017,0.02,1
"ENSG00000278384","ENSG00000278384",0.534626399261542,-0.187315849947331,0.151,0.159,1
"CFAP52","CFAP52",0.534748901089787,0.284646869496918,0.021,0.018,1
"CDIPT","CDIPT",0.534941870420297,-0.131036285194947,0.249,0.257,1
"STXBP5-AS1","STXBP5-AS1",0.534979735594903,0.155697461003311,0.103,0.097,1
"ZNF408","ZNF408",0.535105308127381,-0.111433955062278,0.046,0.041,1
"ITPRIP","ITPRIP",0.535119085848402,-0.758431376142918,0.008,0.01,1
"ENSG00000269982","ENSG00000269982",0.535289846844449,-0.183691408577092,0.021,0.025,1
"YIPF5","YIPF5",0.535292786626458,0.107154659823329,0.238,0.229,1
"FABP3","FABP3",0.535441833088541,0.22195232220789,0.056,0.051,1
"RALYL","RALYL",0.535770629865269,0.213289626709094,0.047,0.052,1
"RBBP8","RBBP8",0.535791215310123,-0.548729829298212,0.008,0.01,1
"LSAMP-AS1","LSAMP-AS1",0.535894071661741,0.315248425879973,0.02,0.017,1
"GSS","GSS",0.536737083427501,-0.195632034417061,0.151,0.157,1
"ENSG00000283360","ENSG00000283360",0.536800206111852,-0.493879125441776,0.008,0.01,1
"ATP6V1C2","ATP6V1C2",0.536856204626091,-0.493459932188608,0.017,0.02,1
"HPS3","HPS3",0.536940579526177,0.13260720475089,0.291,0.283,1
"MKRN2OS","MKRN2OS",0.537268511841358,-0.150117248507391,0.045,0.05,1
"DPH7","DPH7",0.537643902727103,-0.155392994052211,0.237,0.241,1
"ENSG00000224635","ENSG00000224635",0.537978568493315,-0.352951900974613,0.008,0.01,1
"ZFAND3-DT","ZFAND3-DT",0.538024475799107,-0.177441701629077,0.022,0.025,1
"ENSG00000253924","ENSG00000253924",0.538299658838459,0.314885533672822,0.032,0.029,1
"SRF","SRF",0.538415993231832,-0.234108277949688,0.045,0.05,1
"ENSG00000277199","ENSG00000277199",0.538909624888472,0.307741217025519,0.023,0.02,1
"ENSG00000261386","ENSG00000261386",0.538914999396217,0.256004996401614,0.077,0.071,1
"QNG1","QNG1",0.538942093233276,0.274846302935782,0.066,0.06,1
"SPRYD4","SPRYD4",0.539065124116865,-0.101793569815648,0.074,0.08,1
"AMER2","AMER2",0.539248547166041,0.101346095668855,0.527,0.567,1
"GABRG3","GABRG3",0.539338258392665,-0.405422172329935,0.017,0.014,1
"CLCN5","CLCN5",0.539876391955765,0.191740088623145,0.129,0.122,1
"MILIP","MILIP",0.54013500734992,0.352398314470705,0.023,0.02,1
"THAP10","THAP10",0.540622716187089,-0.186323375676622,0.064,0.069,1
"ENSG00000243762","ENSG00000243762",0.540858157130213,0.143620574711599,0.021,0.018,1
"LRR1","LRR1",0.541179353484393,0.224509602379173,0.025,0.022,1
"ZKSCAN4","ZKSCAN4",0.542254406129015,0.243702724477136,0.038,0.034,1
"ARL16","ARL16",0.542521906432249,-0.240213197562972,0.11,0.115,1
"DHRS11","DHRS11",0.542609407951084,-0.321733900022618,0.012,0.015,1
"CAPN14","CAPN14",0.542704964867631,-0.171851729793216,0.008,0.01,1
"CLEC18A","CLEC18A",0.542704964867631,-0.117500260336698,0.008,0.01,1
"ENSG00000260805","ENSG00000260805",0.542730468719566,-0.204801051361078,0.048,0.053,1
"CDCA7L","CDCA7L",0.543043864105326,-0.15257686506774,0.022,0.025,1
"MGC4859","MGC4859",0.543059924101792,0.224152932902105,0.021,0.018,1
"ITPKC","ITPKC",0.543211133081177,0.138601694501744,0.077,0.071,1
"EDDM13","EDDM13",0.543297104266407,0.32233630742027,0.024,0.021,1
"MYG1","MYG1",0.543509692599052,-0.130833688695287,0.103,0.095,1
"CCDC33","CCDC33",0.543551136491437,-0.165661267514213,0.008,0.01,1
"KRTAP5-AS1","KRTAP5-AS1",0.543600894496863,-0.308212089642497,0.035,0.039,1
"MTUS2","MTUS2",0.543976911680604,0.197078661765167,0.044,0.039,1
"RPP40","RPP40",0.544667200676427,0.307737081758695,0.027,0.024,1
"LOC102724159","LOC102724159",0.544980370183364,0.396416770079198,0.027,0.024,1
"SLC35B2","SLC35B2",0.545119514922538,-0.194973625290721,0.171,0.176,1
"SLC26A6","SLC26A6",0.545248697552418,0.128884989295931,0.048,0.043,1
"ENSG00000218537","ENSG00000218537",0.54544700583554,0.174727576937642,0.021,0.024,1
"DOK5","DOK5",0.545858924925015,-0.234171950680304,0.017,0.02,1
"ABT1","ABT1",0.546238673609731,-0.268759071320447,0.035,0.039,1
"DNAJB4","DNAJB4",0.546402253932516,0.166746469155299,0.021,0.018,1
"DDR2","DDR2",0.547257376927484,0.169432689350288,0.051,0.046,1
"ARHGAP19-SLIT1","ARHGAP19-SLIT1",0.547460215398005,-0.297337781774627,0.035,0.039,1
"EHBP1L1","EHBP1L1",0.547523536590058,0.135573092283917,0.02,0.017,1
"ENSG00000261248","ENSG00000261248",0.547688090667862,-0.119831582138841,0.019,0.016,1
"LOC124909496","LOC124909496",0.547992979239618,-0.13613023033177,0.357,0.36,1
"ENSG00000237074","ENSG00000237074",0.548037695007726,0.274619258135509,0.03,0.026,1
"NEIL2","NEIL2",0.548743473814,-0.18090024577312,0.064,0.069,1
"PACRG-AS1","PACRG-AS1",0.548801810086107,0.142153293521433,0.057,0.052,1
"SYT2","SYT2",0.548915084833968,0.20432573060556,0.044,0.039,1
"ZNF880","ZNF880",0.549220224668138,0.156694186309523,0.095,0.089,1
"ENSG00000236283","ENSG00000236283",0.549754511598261,0.205070076771453,0.026,0.022,1
"BCAS3-AS1","BCAS3-AS1",0.55033678574924,0.111130469789016,0.035,0.031,1
"ENSG00000232912","ENSG00000232912",0.550662975078175,0.146593392662982,0.023,0.02,1
"SEPTIN12","SEPTIN12",0.550775515340793,0.174191222478494,0.023,0.02,1
"SPATA21","SPATA21",0.550929754414818,0.157528618588381,0.026,0.023,1
"RBM33-DT","RBM33-DT",0.550947194348613,-0.125703103556579,0.319,0.325,1
"UBL7","UBL7",0.550980321841997,-0.162899398259763,0.198,0.204,1
"RAB37","RAB37",0.551596042429938,-0.174179256744416,0.028,0.031,1
"RTN2","RTN2",0.551808531106256,0.29765895750487,0.03,0.027,1
"TMEM98","TMEM98",0.552201102207942,0.27245755665143,0.516,0.523,1
"SLC16A9","SLC16A9",0.552373322322961,-0.330849478679784,0.018,0.021,1
"NUDT13","NUDT13",0.553220040772578,-0.125780099479979,0.059,0.065,1
"CRYGS","CRYGS",0.553415882258011,0.21847198786327,0.1,0.095,1
"RAP1GAP","RAP1GAP",0.553444708470683,-0.165869117469221,0.039,0.043,1
"SCML2","SCML2",0.553682289827718,0.2415913102184,0.122,0.116,1
"RSPH14","RSPH14",0.554912495966084,0.162235935691061,0.039,0.035,1
"ENSG00000268981","ENSG00000268981",0.555245544793474,-0.234392984852842,0.023,0.026,1
"ENSG00000258859","ENSG00000258859",0.555262498212017,-0.47623545009569,0.013,0.016,1
"MRPL32","MRPL32",0.55547235077687,-0.128329408234003,0.12,0.126,1
"ENSG00000231154","ENSG00000231154",0.555596001455097,-0.413235137041443,0.037,0.041,1
"SRSF1","SRSF1",0.55587119657419,-0.349510944325594,0.035,0.039,1
"ZFP57","ZFP57",0.556552076411468,-0.244157561946349,0.018,0.021,1
"RNF126","RNF126",0.556647958827173,-0.136354463279006,0.207,0.214,1
"ENSG00000228274","ENSG00000228274",0.556662276957233,0.149625098036123,0.03,0.027,1
"RFLNB","RFLNB",0.558328729448539,-0.525606285438888,0.009,0.011,1
"ENSG00000270996","ENSG00000270996",0.558660352802334,-0.49638855363045,0.009,0.011,1
"PKHD1","PKHD1",0.55882620035895,-0.361323801380101,0.009,0.011,1
"SLC28A1","SLC28A1",0.55882620035895,-0.29465319883069,0.009,0.011,1
"RHPN2","RHPN2",0.558984815515488,-0.169998055679442,0.227,0.233,1
"ENSG00000268836","ENSG00000268836",0.559323886468007,-0.317019444530326,0.009,0.011,1
"ZNF432","ZNF432",0.559369775795147,0.130703582636059,0.211,0.206,1
"SRRM4","SRRM4",0.55948982962861,-0.338508947405589,0.009,0.011,1
"DRC3","DRC3",0.559557002320301,0.271480965498689,0.03,0.026,1
"GPR176","GPR176",0.560506107856127,-0.167608935769557,0.018,0.021,1
"LINC01090","LINC01090",0.560854133704398,0.118872874652842,0.031,0.027,1
"POLR1C","POLR1C",0.561023488084568,-0.105462080073586,0.141,0.147,1
"FAM217A","FAM217A",0.561025502146046,-0.260629903098408,0.023,0.026,1
"MDK","MDK",0.561483008630246,-0.161900898469808,0.009,0.011,1
"LINGO2","LINGO2",0.561957926017326,-0.110195938286354,0.035,0.039,1
"TMC2","TMC2",0.562182085454059,-0.263333387917839,0.023,0.027,1
"ENSG00000273106","ENSG00000273106",0.562813699681901,-0.249526244753715,0.009,0.011,1
"CPHXL","CPHXL",0.562813699681901,-0.320222921645331,0.009,0.011,1
"SLC35F1","SLC35F1",0.563042076202553,-0.23722994432791,0.049,0.044,1
"IFT57","IFT57",0.563839258135174,-0.112509173090448,0.111,0.117,1
"ENSG00000266667","ENSG00000266667",0.563939040528639,-0.180377407149633,0.037,0.041,1
"SEPSECS","SEPSECS",0.563959429002723,-0.154311021305353,0.184,0.19,1
"FLYWCH1-AS1","FLYWCH1-AS1",0.564005476193022,0.110712256073835,0.032,0.029,1
"ENSG00000272163","ENSG00000272163",0.564614454424741,0.404534107985198,0.048,0.044,1
"RGS7","RGS7",0.56466225800469,-0.14669354129038,0.627,0.605,1
"ENSG00000260507","ENSG00000260507",0.565312839645348,0.149868679290236,0.009,0.011,1
"EYA2","EYA2",0.566033604345544,-0.519802260202652,0.014,0.016,1
"ENSG00000272821","ENSG00000272821",0.566053199881463,0.180599375622043,0.058,0.054,1
"ABI3BP","ABI3BP",0.56624341835027,0.199292826550814,0.026,0.022,1
"C6orf52","C6orf52",0.5666428445999,-0.22138649300318,0.023,0.027,1
"LAIR1","LAIR1",0.566647891460377,-0.169021948510824,0.009,0.011,1
"ZNF619","ZNF619",0.568067739693768,0.172751580020427,0.031,0.027,1
"ENSG00000259287","ENSG00000259287",0.568085582985793,0.146261810122488,0.05,0.045,1
"IQCM","IQCM",0.568289904544266,-0.152244139292072,0.019,0.022,1
"EIF5B","EIF5B",0.568483509697438,-0.103327320069095,0.475,0.468,1
"CAPN15","CAPN15",0.568838127372218,0.146300445617545,0.091,0.086,1
"C16orf74","C16orf74",0.568874954529382,-0.328605660784171,0.022,0.019,1
"C8orf34","C8orf34",0.56904430126618,0.206235255183722,0.068,0.063,1
"CLUH","CLUH",0.569516699044958,-0.160589691657216,0.107,0.113,1
"GALNT8","GALNT8",0.569527099613588,0.148903929017284,0.123,0.116,1
"UNC93B1","UNC93B1",0.570687450938195,-0.282360640855274,0.014,0.016,1
"LINC02817","LINC02817",0.570703547754939,0.129889306336303,0.043,0.039,1
"ARHGAP10","ARHGAP10",0.570824604228648,-0.24810267073912,0.014,0.016,1
"ENSG00000258698","ENSG00000258698",0.571045615061313,-0.101818191433877,0.03,0.027,1
"CFAP36","CFAP36",0.572221050393579,-0.122967620460194,0.189,0.196,1
"ZNF775","ZNF775",0.572344711949252,-0.260744866436078,0.088,0.093,1
"TYK2","TYK2",0.57323015421014,-0.157409151470445,0.166,0.173,1
"ENSG00000259805","ENSG00000259805",0.573249306617097,0.22016759617849,0.064,0.059,1
"P3H2-AS1","P3H2-AS1",0.573314850843674,0.233892482498335,0.033,0.037,1
"SH3D21","SH3D21",0.573410710835304,-0.139708680360807,0.019,0.022,1
"TMEM145","TMEM145",0.573927652296301,0.136857803166855,0.069,0.064,1
"ZNF426","ZNF426",0.574650074384587,-0.19028881763203,0.131,0.137,1
"EIF2S3B","EIF2S3B",0.574807872116054,-0.277842094515362,0.025,0.028,1
"LOC102723324","LOC102723324",0.575403923614519,-0.140732854879046,0.113,0.119,1
"LINC02945","LINC02945",0.5756400814662,-0.442012004134451,0.01,0.012,1
"REDIC1","REDIC1",0.578388627234034,0.333727209450676,0.053,0.048,1
"ZNF267","ZNF267",0.578607603891313,0.222922201396937,0.091,0.086,1
"POLM","POLM",0.578987384995893,0.202122081447778,0.078,0.073,1
"ENSG00000259986","ENSG00000259986",0.579558154948124,-0.189888628103098,0.076,0.081,1
"PREB","PREB",0.579694270009946,0.119127860370582,0.134,0.127,1
"PLPBP","PLPBP",0.580028412639682,0.117456627876799,0.146,0.14,1
"SLC25A10","SLC25A10",0.580163020866434,-0.170410916990284,0.075,0.08,1
"NPHP3-AS1","NPHP3-AS1",0.580374614049215,-0.469226174758965,0.01,0.012,1
"PCDHB11","PCDHB11",0.580374614049215,-0.258335304866234,0.01,0.012,1
"VAMP7","VAMP7",0.580675572831672,-0.104757960409886,0.262,0.269,1
"ZNF556","ZNF556",0.580701804935963,-0.328649593884482,0.01,0.012,1
"OVOL2","OVOL2",0.581551762545091,0.361069950959878,0.049,0.045,1
"ENSG00000261622","ENSG00000261622",0.582010569588563,-0.415071159223501,0.02,0.023,1
"ENSG00000248537","ENSG00000248537",0.58201143144096,-0.119585671292413,0.01,0.012,1
"ENSG00000235910","ENSG00000235910",0.582243479557276,-0.290805755475843,0.02,0.023,1
"PEMT","PEMT",0.582305878146802,-0.18803515260463,0.149,0.155,1
"TMEM126B","TMEM126B",0.582845102933323,-0.213384491411346,0.217,0.219,1
"CCDC60","CCDC60",0.583322436180826,-0.177388205403864,0.01,0.012,1
"EXOSC4","EXOSC4",0.583651505862225,-0.343404045880079,0.063,0.067,1
"TMEM67","TMEM67",0.584053955775559,-0.137267791630154,0.024,0.027,1
"GNRH1","GNRH1",0.58418053695884,-0.18286387839121,0.033,0.029,1
"SSU72-AS1","SSU72-AS1",0.584440302912715,0.192224825971916,0.062,0.057,1
"GALE","GALE",0.584491711991325,-0.332764107543782,0.049,0.053,1
"TPRA1","TPRA1",0.584737290117147,0.102961224864596,0.133,0.126,1
"ENSG00000257191","ENSG00000257191",0.584798959773324,-0.121756607336111,0.01,0.012,1
"KCNK7","KCNK7",0.584902260010439,-0.374588264146954,0.015,0.017,1
"LINC01798","LINC01798",0.58503807176743,-0.167839617970418,0.015,0.017,1
"MSRB3","MSRB3",0.585784273197805,0.675419051466918,0.01,0.012,1
"BTBD2","BTBD2",0.585927639584188,0.109189932736412,0.314,0.304,1
"DHRS3","DHRS3",0.586326162373385,0.884306092187774,0.01,0.008,1
"ENSG00000272341","ENSG00000272341",0.586347329000649,-0.165868229744627,0.026,0.029,1
"ARHGAP26-AS1","ARHGAP26-AS1",0.58707700381493,0.596017632373508,0.01,0.008,1
"MRPL11","MRPL11",0.587513848775965,-0.112728209493745,0.049,0.044,1
"INA","INA",0.588086329185015,0.611050460075579,0.01,0.012,1
"ABCG2","ABCG2",0.589996475276237,0.22101073809519,0.01,0.008,1
"C4orf36","C4orf36",0.590034852946514,-0.304722941610586,0.027,0.03,1
"RP1","RP1",0.590073376901534,-0.233023893821828,0.015,0.017,1
"DDX43","DDX43",0.590519927554761,-0.252315315920839,0.031,0.035,1
"EXOSC7","EXOSC7",0.591967978828202,0.101748117616899,0.127,0.12,1
"ENSG00000214559","ENSG00000214559",0.592393569397411,-0.101077946314617,0.015,0.017,1
"WDR64","WDR64",0.592405721911002,-0.62430409744955,0.01,0.012,1
"ERAS","ERAS",0.592739537183229,0.225763966133716,0.01,0.008,1
"CEMIP","CEMIP",0.592853244015364,0.103444116251908,0.055,0.051,1
"DNAAF2","DNAAF2",0.59299689015113,-0.161037370078178,0.071,0.076,1
"KLB","KLB",0.593288852350955,0.284369016301881,0.01,0.008,1
"ENSG00000234026","ENSG00000234026",0.59383839893721,0.127479589102269,0.01,0.008,1
"SLC19A2","SLC19A2",0.594082381684839,-0.266939479093938,0.032,0.036,1
"ENSG00000232352","ENSG00000232352",0.594471778691255,-0.119736291183181,0.057,0.052,1
"ENSG00000260955","ENSG00000260955",0.594938190231345,-0.135592380846355,0.01,0.008,1
"COL4A2","COL4A2",0.59513302469471,-0.323801772730375,0.01,0.012,1
"MBD6","MBD6",0.595177327376314,-0.119348224268306,0.12,0.124,1
"LOC124903780","LOC124903780",0.595312422903684,0.324867289575734,0.01,0.008,1
"MFSD2B","MFSD2B",0.595359158659629,-0.321722988893286,0.035,0.038,1
"MANSC1","MANSC1",0.595449562547491,-0.164268346018852,0.054,0.058,1
"LOC105371856","LOC105371856",0.595666102552194,0.319548650782409,0.01,0.008,1
"ENSG00000250122","ENSG00000250122",0.595842976808265,0.543938122417949,0.01,0.008,1
"ENSG00000257959","ENSG00000257959",0.596019877996186,0.444741180169875,0.01,0.008,1
"R3HDM4","R3HDM4",0.596217456825022,-0.116948989436227,0.088,0.094,1
"LINC02235","LINC02235",0.596472996102413,-0.940442386168073,0.016,0.018,1
"PLEKHA4","PLEKHA4",0.596579207422459,-0.349665582882621,0.01,0.012,1
"DUSP11","DUSP11",0.596782849728237,-0.142967052834137,0.16,0.167,1
"LINC01586","LINC01586",0.596904735276642,0.288744284542363,0.01,0.008,1
"MTARC1","MTARC1",0.597257575691631,-0.159330790314419,0.068,0.073,1
"PFKFB2","PFKFB2",0.597444869568652,-0.126548373070362,0.081,0.086,1
"ANO6","ANO6",0.597683400357104,-0.335908248712246,0.039,0.042,1
"SMC1B","SMC1B",0.597790189828177,0.178583633709124,0.01,0.008,1
"TTC36-AS1","TTC36-AS1",0.598351667208723,-0.129258935177179,0.053,0.058,1
"ZDHHC1","ZDHHC1",0.59840947109843,0.189925792286029,0.055,0.051,1
"TMEM198","TMEM198",0.598466614810404,-0.311427915630249,0.028,0.031,1
"ENSG00000264340","ENSG00000264340",0.598791197090543,0.579548572136175,0.011,0.009,1
"LOC105372705","LOC105372705",0.598853522224394,0.320815798143464,0.01,0.008,1
"MTG2","MTG2",0.599035376056096,0.125771836190467,0.274,0.263,1
"LOC105372266","LOC105372266",0.599234493136001,-0.329018030171934,0.021,0.024,1
"GDF9","GDF9",0.599740287110428,0.189326774417037,0.01,0.008,1
"ZNF607","ZNF607",0.600505621876044,0.294846877411064,0.011,0.009,1
"PIAS3","PIAS3",0.601066753057991,0.206908695495442,0.084,0.08,1
"ZNF85","ZNF85",0.601138153067919,-0.128207615860049,0.09,0.095,1
"VCAN","VCAN",0.601252030723174,-0.283977434126565,0.02,0.023,1
"ARRDC3-AS1","ARRDC3-AS1",0.601411828167324,-0.391215205757066,0.027,0.03,1
"ARHGEF16","ARHGEF16",0.60161152763461,-0.309521944193835,0.05,0.054,1
"PTPRH","PTPRH",0.60168557060263,-0.161277604334009,0.153,0.159,1
"ENSG00000276250","ENSG00000276250",0.60237709397584,-0.256217380688891,0.021,0.024,1
"ZNG1A","ZNG1A",0.602791948270242,0.13575017282625,0.165,0.159,1
"CADM2-AS2","CADM2-AS2",0.603317092885501,0.379575285450565,0.012,0.01,1
"ENSG00000268798","ENSG00000268798",0.603425224472938,0.193164343718221,0.011,0.009,1
"HDAC7","HDAC7",0.603582421997941,0.168953236767058,0.172,0.168,1
"GRM7","GRM7",0.604156344849205,-0.222131335203378,0.175,0.179,1
"HRH1","HRH1",0.60431653759416,0.617604149489113,0.012,0.01,1
"ENSG00000275285","ENSG00000275285",0.60442245139379,-0.289108107872202,0.026,0.029,1
"FAM136A","FAM136A",0.604448853638778,0.139433781587115,0.055,0.051,1
"ASF1B","ASF1B",0.604457194139288,0.144953380301311,0.011,0.009,1
"ENSG00000260495","ENSG00000260495",0.604482529800132,0.176466140764758,0.037,0.041,1
"USP27X","USP27X",0.604565651239782,0.309841060108198,0.02,0.023,1
"ZNF696","ZNF696",0.605111561469368,0.217268984938694,0.04,0.037,1
"YPEL4","YPEL4",0.605335569153642,0.11813861069224,0.056,0.052,1
"ENSG00000251170","ENSG00000251170",0.605429602010009,-0.126100648474782,0.01,0.008,1
"ENSG00000245468","ENSG00000245468",0.60545189873233,0.159998904434929,0.049,0.045,1
"SNCG","SNCG",0.605793481970084,0.291401295394889,0.015,0.018,1
"BICC1","BICC1",0.605919704641607,0.274165914599121,0.043,0.039,1
"SRRM3","SRRM3",0.606053443587463,0.554814061176034,0.03,0.027,1
"ENSG00000278730","ENSG00000278730",0.606119740336909,0.108768557531466,0.178,0.172,1
"POLR2B","POLR2B",0.606152580103375,-0.125901274322364,0.337,0.339,1
"ARHGAP4","ARHGAP4",0.606527326020279,0.472331606987633,0.013,0.011,1
"MAP4K3-DT","MAP4K3-DT",0.606616780596858,-0.115070492058808,0.218,0.225,1
"ENSG00000283897","ENSG00000283897",0.606926045814875,0.224330359711264,0.026,0.029,1
"ENSG00000256618","ENSG00000256618",0.607123937656098,-0.144785089489917,0.042,0.038,1
"ENSG00000251171","ENSG00000251171",0.607311587969587,-0.19494343237599,0.016,0.018,1
"SEMA3E","SEMA3E",0.607556389535141,-0.391903140368382,0.034,0.037,1
"ENSG00000258077","ENSG00000258077",0.60769773403932,0.614087484659866,0.029,0.026,1
"ENSG00000261079","ENSG00000261079",0.607730310360535,-0.175121460796615,0.011,0.009,1
"SGSH","SGSH",0.607931697181277,-0.131555550705951,0.021,0.024,1
"ENSG00000268163","ENSG00000268163",0.608072692236175,-0.198341402346651,0.182,0.184,1
"ACKR4","ACKR4",0.608247840049272,0.130667237224166,0.011,0.009,1
"CPT2","CPT2",0.608495103054053,-0.170568813650673,0.099,0.104,1
"OBI1-AS1","OBI1-AS1",0.608566305933067,0.334658899308464,0.038,0.035,1
"IGSF5","IGSF5",0.608639361044701,-0.397220152666432,0.016,0.018,1
"LINC01435","LINC01435",0.60885468354559,0.115520950888429,0.012,0.01,1
"MYL6B","MYL6B",0.608867773582611,-0.330355301757023,0.084,0.088,1
"ENSG00000242029","ENSG00000242029",0.609049170608491,-0.499370030165874,0.011,0.013,1
"NUP93-DT","NUP93-DT",0.609069535956396,-0.11714334122414,0.064,0.068,1
"SGO2","SGO2",0.609201524112752,-0.207474726825449,0.09,0.095,1
"PDCD2L","PDCD2L",0.609490827829261,0.228048834877558,0.045,0.041,1
"MYADM","MYADM",0.609533709634608,-0.14784902570845,0.065,0.069,1
"MED20","MED20",0.60957209763161,0.145474564416697,0.039,0.035,1
"C12orf43","C12orf43",0.609593514750932,-0.152575733221209,0.097,0.102,1
"GCNT2","GCNT2",0.610311839894012,0.820396666821614,0.013,0.011,1
"FOXM1","FOXM1",0.610315774591378,0.173259485437152,0.012,0.01,1
"ARHGAP20","ARHGAP20",0.610332672445499,0.282690892966754,0.034,0.031,1
"ENSG00000269930","ENSG00000269930",0.610378915441428,0.284901930810115,0.032,0.029,1
"ENSG00000280767","ENSG00000280767",0.610469755223051,0.487784395083984,0.013,0.011,1
"AQP11","AQP11",0.610622971508854,-0.324784595767745,0.044,0.048,1
"PIK3CA-DT","PIK3CA-DT",0.610893381643554,-0.140299084581134,0.068,0.062,1
"MRAP","MRAP",0.611057101918251,-0.259081270677443,0.035,0.038,1
"ACRBP","ACRBP",0.611453253524714,0.219804831507165,0.012,0.01,1
"ENSG00000259370","ENSG00000259370",0.611537866431939,-0.223945342654603,0.027,0.03,1
"HAND2-AS1","HAND2-AS1",0.611615827139114,0.173814930572566,0.012,0.01,1
"SMIM35","SMIM35",0.611733729990918,0.513101414376933,0.013,0.011,1
"SNAP91","SNAP91",0.61210830039519,-0.111980849232308,0.698,0.672,1
"HCN1","HCN1",0.612288239478763,-0.455327147726527,0.017,0.019,1
"IKZF4","IKZF4",0.612521050362435,-0.116157781029552,0.234,0.237,1
"GTPBP3","GTPBP3",0.612779205228467,-0.140319450058584,0.074,0.078,1
"CCNB1","CCNB1",0.61284065727709,0.31033376889357,0.013,0.011,1
"C1GALT1C1L","C1GALT1C1L",0.613157084659999,-0.388214737357972,0.011,0.013,1
"NOS2","NOS2",0.61326490207735,0.226513648150378,0.014,0.012,1
"ZNF77","ZNF77",0.613732982053207,-0.242638532616563,0.043,0.046,1
"E2F1","E2F1",0.614114992847089,-0.19666313823228,0.021,0.024,1
"PLCL2","PLCL2",0.614265148049721,-0.200397283327541,0.011,0.013,1
"PLIN5","PLIN5",0.614265148049721,0.446948130654934,0.013,0.011,1
"ENSG00000259616","ENSG00000259616",0.614507535077546,0.352954670906229,0.017,0.015,1
"TRMU","TRMU",0.614610817583104,-0.21314038358506,0.24,0.243,1
"ENSG00000258504","ENSG00000258504",0.615030580622217,-0.119733781963618,0.016,0.018,1
"ENSG00000268518","ENSG00000268518",0.615393906852526,-0.208569437987868,0.087,0.08,1
"ENSG00000251615","ENSG00000251615",0.615630444099131,0.185161392544072,0.072,0.067,1
"CAMK1","CAMK1",0.615718513970444,0.520019473398891,0.017,0.014,1
"ENSG00000248242","ENSG00000248242",0.616041021242764,0.266624845285751,0.014,0.012,1
"OSBPL10","OSBPL10",0.61666860620347,0.521497013368168,0.023,0.021,1
"DISP1","DISP1",0.616703603921045,-0.27617586992203,0.012,0.01,1
"AXIN2","AXIN2",0.616879035429895,0.434690274249024,0.026,0.024,1
"ZNF225-AS1","ZNF225-AS1",0.616895213231222,0.101470811650912,0.028,0.025,1
"STX19","STX19",0.616959824090457,-0.202228010307181,0.011,0.013,1
"UTRN","UTRN",0.617013852567294,-0.264774281766585,0.021,0.024,1
"NECAB3","NECAB3",0.6172090992624,-0.209302370904603,0.04,0.044,1
"RIN3","RIN3",0.617594617701371,-0.159637927396655,0.011,0.013,1
"NID1","NID1",0.617740249919992,-0.679013342828982,0.012,0.014,1
"FYB1","FYB1",0.617866695472425,0.512483672730952,0.022,0.02,1
"FZD3","FZD3",0.61810447448359,0.107363222682662,0.142,0.135,1
"ENSG00000276742","ENSG00000276742",0.6182040316639,0.302421026555008,0.014,0.012,1
"IQCB1","IQCB1",0.61827636746866,-0.112577842649137,0.407,0.412,1
"SPRTN","SPRTN",0.618611129878797,-0.257211075789474,0.094,0.098,1
"CMTM8","CMTM8",0.618667965583319,0.175881017355175,0.014,0.012,1
"PLAC8L1","PLAC8L1",0.619241428279281,-0.135193797699816,0.146,0.15,1
"ENSG00000241168","ENSG00000241168",0.619500711442599,-0.103114229932692,0.011,0.013,1
"SPMIP4","SPMIP4",0.620474148791507,-0.115372812029105,0.077,0.082,1
"ENSG00000257449","ENSG00000257449",0.620848366292457,0.29027291128391,0.015,0.013,1
"RBFOX3","RBFOX3",0.620982273070017,0.348247626161806,0.017,0.015,1
"SHF","SHF",0.621356882112552,-0.358035031713091,0.037,0.041,1
"ENSG00000225751","ENSG00000225751",0.621559990330635,0.104637778386768,0.018,0.016,1
"ZNF527","ZNF527",0.621604464667057,-0.131219730616337,0.075,0.08,1
"TP53INP1","TP53INP1",0.62171828627461,0.117811674277998,0.075,0.071,1
"ENSG00000259353","ENSG00000259353",0.62172772381054,-0.255309818241866,0.013,0.011,1
"ENSG00000226785","ENSG00000226785",0.621862111872421,-0.397780470067479,0.017,0.019,1
"EYA1","EYA1",0.621949129099973,0.191459393486857,0.017,0.015,1
"C3orf33","C3orf33",0.621970396873633,-0.387719373452664,0.023,0.025,1
"GARIN5A","GARIN5A",0.622423568034877,-0.290540172457545,0.023,0.025,1
"GRIA1","GRIA1",0.622649054534703,-0.559188743777468,0.017,0.02,1
"RANBP3L","RANBP3L",0.622767726250019,0.170176146312022,0.015,0.012,1
"RBMS3","RBMS3",0.623436089504419,0.455336123546427,0.019,0.016,1
"ENSG00000260197","ENSG00000260197",0.624026937181052,-0.236814855195546,0.012,0.01,1
"PSMD10","PSMD10",0.624324895264384,-0.12776217745421,0.18,0.169,1
"GYPE","GYPE",0.62440592148112,0.425219780342326,0.018,0.016,1
"NPW","NPW",0.624541582322781,0.246843898120195,0.018,0.016,1
"RNF207","RNF207",0.624605695090493,0.132381954022402,0.037,0.033,1
"ZFP69","ZFP69",0.624744834597903,-0.27670990162531,0.059,0.063,1
"NT5C","NT5C",0.624849900348609,-0.126142324048846,0.149,0.154,1
"KIF18A","KIF18A",0.625084352916649,0.772593507442997,0.018,0.016,1
"GNG12-AS1","GNG12-AS1",0.625426479720917,0.230102611954888,0.015,0.013,1
"NFYB","NFYB",0.626224390648794,-0.129274181781109,0.183,0.187,1
"ENSG00000268087","ENSG00000268087",0.626990806885006,-0.49265849050492,0.013,0.011,1
"SLC66A1","SLC66A1",0.627281802197742,-0.181546289484903,0.073,0.067,1
"C8orf33","C8orf33",0.627316125692276,-0.201052794439011,0.133,0.138,1
"LOC400499","LOC400499",0.627446500761983,0.113888990419411,0.111,0.105,1
"FARP1","FARP1",0.627667106881265,-0.515034658069675,0.023,0.026,1
"ENSG00000249359","ENSG00000249359",0.629325639226603,0.108566127417842,0.086,0.082,1
"ENSG00000253288","ENSG00000253288",0.629847437761506,0.17341712002184,0.021,0.018,1
"MAFIP","MAFIP",0.62996926365426,-0.396122058196729,0.023,0.026,1
"GOT1","GOT1",0.6300206740348,-0.120140347955246,0.202,0.207,1
"ENSG00000257342","ENSG00000257342",0.630177151419809,0.194528256031851,0.03,0.027,1
"ENSG00000259536","ENSG00000259536",0.630437310522619,0.28638271370905,0.022,0.02,1
"ENSG00000226438","ENSG00000226438",0.631748874598997,-0.157184300217142,0.03,0.033,1
"NPAS1","NPAS1",0.631971517047601,0.405764590003272,0.019,0.016,1
"ENSG00000284906","ENSG00000284906",0.631984109743706,0.107726535341228,0.045,0.041,1
"SLC2A11","SLC2A11",0.632087063662075,0.150868605432842,0.026,0.023,1
"ENSG00000281904","ENSG00000281904",0.63208873767393,0.304910073147654,0.023,0.02,1
"TSPOAP1-AS1","TSPOAP1-AS1",0.632451237446222,0.178314650999086,0.023,0.02,1
"ADAMTSL1","ADAMTSL1",0.632627115492521,0.16886345365688,0.044,0.041,1
"LINC02405","LINC02405",0.632659781941383,0.109039511544607,0.028,0.025,1
"TBCE","TBCE",0.633094562694648,-0.275567474635666,0.017,0.02,1
"ENSG00000277767","ENSG00000277767",0.633175789905748,0.190301294687306,0.019,0.016,1
"PARP3","PARP3",0.633394052431505,-0.36565672763246,0.024,0.027,1
"ENSG00000249593","ENSG00000249593",0.633456448760165,0.334992934335704,0.026,0.023,1
"CELSR1","CELSR1",0.633670814061728,-0.136859314889079,0.017,0.014,1
"LINC01554","LINC01554",0.634296353100813,0.143508775315613,0.024,0.022,1
"ZNF550","ZNF550",0.63431024325953,-0.501557103435891,0.04,0.043,1
"MOB3A","MOB3A",0.635470797494802,0.118952974617259,0.193,0.187,1
"ENSG00000236986","ENSG00000236986",0.635738658898187,-0.134931504892526,0.066,0.071,1
"ENSG00000280890","ENSG00000280890",0.635782602008809,-0.177281587931222,0.012,0.014,1
"RAG1","RAG1",0.635855431227185,0.503738952700811,0.019,0.016,1
"EFEMP1","EFEMP1",0.635939103818667,-0.105055311061342,0.012,0.014,1
"MS4A5","MS4A5",0.636456473529787,-0.123494708212299,0.104,0.107,1
"ENSG00000277831","ENSG00000277831",0.636570442900137,-0.399787587242556,0.018,0.02,1
"SKAP1","SKAP1",0.636745142729696,-0.190798315246993,0.017,0.02,1
"PVT1","PVT1",0.636901028730099,-0.276991419449827,0.012,0.014,1
"LYSMD1","LYSMD1",0.637036387561132,0.193851359789454,0.057,0.054,1
"PDCL","PDCL",0.637195666407911,-0.120776614735268,0.221,0.225,1
"COL21A1","COL21A1",0.637897481711339,0.114685636254434,0.018,0.016,1
"LETM2","LETM2",0.638030296978403,-0.305840427206865,0.038,0.041,1
"RNFT1","RNFT1",0.638639256734785,-0.170603089414288,0.053,0.056,1
"MRPL45","MRPL45",0.639243018500274,0.136142064320048,0.196,0.19,1
"LHFPL7","LHFPL7",0.63951348166141,-0.359640398330659,0.017,0.014,1
"TAF9B","TAF9B",0.639752252313748,-0.168958131201147,0.122,0.125,1
"REEP6","REEP6",0.639941072142596,-0.299317848581239,0.04,0.043,1
"SYNGR3","SYNGR3",0.640294378952047,-0.331300315367651,0.018,0.02,1
"PXN-AS1","PXN-AS1",0.640434025542474,-0.214070551409832,0.113,0.117,1
"ATP6V1G1","ATP6V1G1",0.640450174444089,-0.102061152039004,0.258,0.263,1
"TXNL4B","TXNL4B",0.640899157640431,0.138651247729076,0.262,0.257,1
"FKRP","FKRP",0.641811200827761,0.127497643971939,0.14,0.135,1
"ENSG00000263644","ENSG00000263644",0.642261692617252,-0.367247007326112,0.017,0.015,1
"RUSF1","RUSF1",0.642312987111598,0.110851989260502,0.161,0.155,1
"LINC03146","LINC03146",0.642492994575486,-0.109898847821846,0.036,0.039,1
"YAP1","YAP1",0.643481129999759,-0.235618618297021,0.012,0.014,1
"ENSG00000261351","ENSG00000261351",0.643640802840241,-0.440190848688437,0.018,0.02,1
"FBN2","FBN2",0.644554978059419,-0.23775002008121,0.012,0.014,1
"DENND1B","DENND1B",0.645338734218852,-0.13535006140955,0.024,0.027,1
"TM4SF19-AS1","TM4SF19-AS1",0.645629568253934,-0.147943494077971,0.012,0.014,1
"MCAT","MCAT",0.645728251156159,-0.136426099440409,0.028,0.025,1
"ZNF30","ZNF30",0.645766204955807,-0.159378200509951,0.132,0.136,1
"LINC01310","LINC01310",0.645821944634468,-0.247273944991046,0.091,0.094,1
"LINC00964","LINC00964",0.645936730068706,-0.172838547509651,0.012,0.014,1
"C2orf76","C2orf76",0.646392516445316,-0.128498372948673,0.22,0.226,1
"RORB","RORB",0.64670489868473,-0.115677942366865,0.012,0.014,1
"FAM234B","FAM234B",0.64825019624008,0.109139349523377,0.077,0.073,1
"ENSG00000226647","ENSG00000226647",0.648470571062058,-0.207649207065639,0.044,0.04,1
"ZNF843","ZNF843",0.648507314614036,-0.199921478270946,0.025,0.022,1
"TIMM8A","TIMM8A",0.648511125558152,-0.45009450372493,0.019,0.021,1
"MC1R","MC1R",0.648609764671222,-0.283562114984748,0.023,0.02,1
"SLC24A4","SLC24A4",0.648763863196352,-0.118590033825588,0.03,0.027,1
"ENSG00000239381","ENSG00000239381",0.648782253999599,-0.175429598031858,0.189,0.193,1
"RRAS","RRAS",0.648892423061417,-0.323819017735505,0.019,0.021,1
"ZNF585B","ZNF585B",0.650377258511621,-0.420719454412915,0.026,0.028,1
"ENSG00000266844","ENSG00000266844",0.650768879320619,-0.108812203912513,0.084,0.088,1
"MAP3K19","MAP3K19",0.651170953432624,-0.244082461811786,0.022,0.02,1
"EIF3L","EIF3L",0.653135892876838,-0.10283147759507,0.282,0.286,1
"ENSG00000258949","ENSG00000258949",0.653516160731039,-0.362489861504662,0.019,0.022,1
"ENSG00000226330","ENSG00000226330",0.655166493452977,0.123415316955374,0.086,0.082,1
"ASIC2","ASIC2",0.655195575339732,-0.166674807452313,0.044,0.047,1
"ETNK2","ETNK2",0.655521668891154,-0.2317767585131,0.032,0.035,1
"ATL2","ATL2",0.656784531461543,-0.114900149820291,0.145,0.151,1
"KCNC4","KCNC4",0.65683503044465,-0.521133489464837,0.008,0.01,1
"DPF1","DPF1",0.657118492056456,-0.201113755326982,0.057,0.061,1
"ENSG00000225811","ENSG00000225811",0.657911791333481,-0.332346922575538,0.019,0.022,1
"ENSG00000259434","ENSG00000259434",0.658477350927616,-0.200370417470363,0.065,0.069,1
"ZNF587","ZNF587",0.658504032410068,-0.182729553869756,0.196,0.199,1
"FANCD2","FANCD2",0.658639522349657,-0.37696325527697,0.035,0.037,1
"LINC01392","LINC01392",0.658714325318851,-0.432454003640442,0.008,0.01,1
"ENSG00000259363","ENSG00000259363",0.659090443566727,-0.804719331921246,0.008,0.01,1
"DHX16","DHX16",0.659283936713365,-0.238707171353112,0.075,0.079,1
"FGF2","FGF2",0.659335480135082,-0.225483640785309,0.13,0.134,1
"ENSG00000259133","ENSG00000259133",0.659842938681752,-0.420714997607692,0.008,0.01,1
"ENSG00000235072","ENSG00000235072",0.660779585514686,-0.148895942132728,0.03,0.033,1
"ACTR3-AS1","ACTR3-AS1",0.660894865204406,-0.103904855473675,0.013,0.015,1
"SKOR1","SKOR1",0.661348961095235,-0.327287390393219,0.008,0.01,1
"ENSG00000256407","ENSG00000256407",0.661537310464149,-0.265521651061104,0.008,0.01,1
"LINC02265","LINC02265",0.662102487080687,-0.217350409315364,0.008,0.01,1
"CA1","CA1",0.66238514627649,-0.602578874435039,0.008,0.01,1
"FBXW12","FBXW12",0.66247904808039,-0.420806166774844,0.014,0.016,1
"CPSF4","CPSF4",0.662493751162875,-0.108973298282277,0.112,0.116,1
"KBTBD11-AS1","KBTBD11-AS1",0.662667856245908,-0.396936625396247,0.008,0.01,1
"TH2LCRR","TH2LCRR",0.663894750639091,0.106602228160184,0.063,0.059,1
"LOC124903478","LOC124903478",0.664073690560935,-0.191539360736177,0.153,0.157,1
"PCNX3","PCNX3",0.664273151458519,-0.17022247883316,0.093,0.097,1
"STAC3","STAC3",0.664277008069496,-0.239794721109937,0.033,0.036,1
"ENSG00000270419","ENSG00000270419",0.66433759642832,-0.174657826357644,0.139,0.142,1
"GPAT2","GPAT2",0.664492711603392,0.236403832636632,0.061,0.058,1
"SLC1A2","SLC1A2",0.66482714874686,0.285081053770901,0.03,0.033,1
"ANXA13","ANXA13",0.665146584505193,-0.126266103084477,0.113,0.107,1
"KLHL13","KLHL13",0.665920067808514,-0.329239161201242,0.043,0.046,1
"TMEM63C","TMEM63C",0.665980091243491,-0.287025439088064,0.019,0.022,1
"SNX7","SNX7",0.666060077119898,-0.130347936085905,0.178,0.184,1
"ENSG00000243055","ENSG00000243055",0.666441884144063,-0.116567663428161,0.008,0.01,1
"ENSG00000259642","ENSG00000259642",0.666630808371918,-0.24042650423945,0.008,0.01,1
"HSD17B10","HSD17B10",0.666724287880886,0.126263776758055,0.153,0.148,1
"MIS12","MIS12",0.667246116487967,-0.15450614420171,0.173,0.176,1
"TMEM255A","TMEM255A",0.668114782319155,-0.1017339669541,0.014,0.016,1
"GNAO1-DT","GNAO1-DT",0.668609904815416,-0.181759216851157,0.126,0.131,1
"RIOK1","RIOK1",0.669300222728376,0.108516172426145,0.107,0.102,1
"ENSG00000258743","ENSG00000258743",0.669402624231364,-0.307736290360542,0.037,0.033,1
"ERC2","ERC2",0.669532732323507,0.119049119773931,0.685,0.68,1
"ENSG00000273387","ENSG00000273387",0.670642125933974,-0.229891397877299,0.014,0.016,1
"ZNF639","ZNF639",0.670979817971162,-0.103826077521493,0.124,0.129,1
"ENSG00000262848","ENSG00000262848",0.671360759500546,0.142102617859073,0.008,0.01,1
"H2AC25","H2AC25",0.671930032923248,-0.113071062791048,0.019,0.022,1
"WDR3","WDR3",0.672092642336207,-0.120792937316171,0.077,0.082,1
"DKC1","DKC1",0.672595971180506,-0.168716129927842,0.115,0.119,1
"LIAT1","LIAT1",0.673805918051181,-0.317656625777753,0.034,0.037,1
"PDE7B-AS1","PDE7B-AS1",0.674300487440447,-0.603639929959177,0.015,0.016,1
"ENSG00000251298","ENSG00000251298",0.675946665932288,-0.20322939250809,0.027,0.029,1
"ENSG00000228065","ENSG00000228065",0.676088696330656,-0.343585564099499,0.02,0.022,1
"JAKMIP1","JAKMIP1",0.676213828282176,-0.281706916597815,0.02,0.022,1
"CPVL","CPVL",0.676224998686065,-0.223201900609372,0.044,0.04,1
"ENSG00000226862","ENSG00000226862",0.676816808339768,-0.242291362925151,0.03,0.027,1
"TRIB3","TRIB3",0.676824616368804,-0.653709061777148,0.009,0.01,1
"ENSG00000268218","ENSG00000268218",0.677716108414165,-0.150905431967514,0.02,0.022,1
"ENSG00000257156","ENSG00000257156",0.677773353619456,0.117833364705139,0.019,0.022,1
"PRR13","PRR13",0.67802016158881,-0.105965136047753,0.229,0.233,1
"RIMS3","RIMS3",0.67809187905866,-0.127426375905312,0.02,0.022,1
"ZNF687","ZNF687",0.67874906386786,-0.111132149557856,0.062,0.065,1
"RHPN1","RHPN1",0.678896151774761,-0.3535661490058,0.055,0.058,1
"ENSG00000272182","ENSG00000272182",0.679232398078321,-0.135485323048027,0.098,0.102,1
"ENSG00000284776","ENSG00000284776",0.679302912212429,-0.325714224475626,0.009,0.01,1
"TRPM4","TRPM4",0.679302912212429,-0.467393234115612,0.009,0.01,1
"PHAX","PHAX",0.679402774952722,-0.113367873179634,0.206,0.207,1
"CENPL","CENPL",0.679538780754501,-0.227623052300213,0.027,0.029,1
"ENSG00000262312","ENSG00000262312",0.679559523621168,-0.216189517828393,0.015,0.016,1
"LOC107986281","LOC107986281",0.679670362758035,-0.475777516041336,0.009,0.01,1
"ENSG00000260992","ENSG00000260992",0.679670362758035,-0.369179659409927,0.009,0.01,1
"WDR77","WDR77",0.680008215886567,-0.268334968007453,0.061,0.064,1
"DLEU7","DLEU7",0.680037889411448,-0.408314002388198,0.009,0.01,1
"ABHD15","ABHD15",0.68060472478765,-0.134704124439809,0.026,0.029,1
"USP44","USP44",0.680638934161987,0.218517676909222,0.014,0.016,1
"PNPLA2","PNPLA2",0.680869115288314,-0.131578057547274,0.153,0.156,1
"LGSN","LGSN",0.68204266269598,0.282114593658721,0.034,0.031,1
"SLC12A5","SLC12A5",0.683349041468057,-0.349522088463858,0.009,0.01,1
"ZNF749","ZNF749",0.684588599759604,0.2414676935319,0.034,0.031,1
"B3GNT9","B3GNT9",0.686293349014415,-0.15878771865627,0.035,0.037,1
"ENSG00000260947","ENSG00000260947",0.686327406503476,0.106060276477728,0.038,0.035,1
"DHRS4-AS1","DHRS4-AS1",0.686649649192582,-0.107883431144745,0.213,0.218,1
"ENTPD6","ENTPD6",0.687183068316221,0.101647106576161,0.198,0.194,1
"C7orf78","C7orf78",0.687918226360573,0.117364325744647,0.015,0.016,1
"ENSG00000234185","ENSG00000234185",0.689440664487573,-0.120187602643409,0.054,0.05,1
"HIRA","HIRA",0.68957336662203,0.1184423991643,0.181,0.177,1
"ENSG00000270195","ENSG00000270195",0.690016475313494,-0.343401535287458,0.015,0.017,1
"BRAT1","BRAT1",0.690086986185458,-0.108841757717672,0.159,0.162,1
"PROSER3","PROSER3",0.690535986473978,-0.15020544993317,0.057,0.061,1
"ZNF526","ZNF526",0.691050547041927,0.112797836794205,0.046,0.042,1
"POLD2","POLD2",0.691286511229859,-0.169752941450308,0.149,0.152,1
"EIF5A","EIF5A",0.691368188690365,-0.102723340191404,0.24,0.229,1
"PHRF1","PHRF1",0.691510681384751,-0.10265970154683,0.203,0.21,1
"ENSG00000272009","ENSG00000272009",0.692175367197997,-0.2759148183892,0.07,0.073,1
"PAM","PAM",0.692486077512698,0.361068188018446,0.055,0.059,1
"ENSG00000263089","ENSG00000263089",0.692651315198236,-0.535976348869025,0.01,0.011,1
"SMARCE1","SMARCE1",0.693098994959126,-0.612335982222871,0.01,0.011,1
"ENSG00000257359","ENSG00000257359",0.693546784048578,-0.490688313736998,0.01,0.011,1
"HS2ST1","HS2ST1",0.694340752263251,-0.125178206553674,0.286,0.288,1
"HGH1","HGH1",0.694454037761282,-0.153755926421336,0.028,0.031,1
"SNX11","SNX11",0.694612686567868,-0.114574839546809,0.135,0.129,1
"RTKN2","RTKN2",0.694980424373434,-0.282403435516075,0.01,0.011,1
"TLE6","TLE6",0.695432842932704,0.375033417885864,0.029,0.027,1
"NIM1K","NIM1K",0.696022074278069,0.11971166628016,0.129,0.124,1
"MCUR1","MCUR1",0.696034355417496,-0.114031363342446,0.164,0.169,1
"CXCL16","CXCL16",0.696123349245615,0.183732737048343,0.053,0.05,1
"UNG","UNG",0.697041297303433,-0.280626540453939,0.047,0.05,1
"CRACR2A","CRACR2A",0.698027027540243,0.358852320561184,0.028,0.025,1
"ENPP3","ENPP3",0.698389686618172,-0.137006294163259,0.01,0.011,1
"SYT17","SYT17",0.69892854999636,-0.286492731545076,0.01,0.011,1
"LINC00971","LINC00971",0.700006731700376,-0.210374940526696,0.01,0.011,1
"RRH","RRH",0.700613629605129,0.325008836797092,0.042,0.04,1
"DNAH9","DNAH9",0.701086906705912,0.144342808033427,0.46,0.455,1
"ENSG00000269054","ENSG00000269054",0.701649424257245,-0.198434832457518,0.029,0.031,1
"HIVEP1","HIVEP1",0.701758956317754,0.119871576149327,0.036,0.033,1
"ITGA9","ITGA9",0.702741348717731,0.111519290282456,0.079,0.076,1
"ABHD14B","ABHD14B",0.703137237625052,-0.109761510902715,0.036,0.039,1
"COL23A1","COL23A1",0.703709910314961,-0.508376689528482,0.03,0.032,1
"ENSG00000250240","ENSG00000250240",0.70425898187986,-1.08026045144846,0.01,0.012,1
"ENSG00000285509","ENSG00000285509",0.704345501158687,-0.433496809618798,0.024,0.026,1
"DIP2C-AS1","DIP2C-AS1",0.704738720172908,0.686768525365149,0.023,0.022,1
"ZDBF2","ZDBF2",0.704955279240118,-0.220926166669623,0.016,0.018,1
"TFAP2E","TFAP2E",0.70519821106538,-0.110960478318276,0.158,0.152,1
"LINC02436","LINC02436",0.705481960520256,-0.607546969200775,0.01,0.012,1
"FBXO33","FBXO33",0.706334180522391,-0.101200739279103,0.314,0.312,1
"LINC00926","LINC00926",0.707082613876326,0.242161472467042,0.025,0.023,1
"FBXW9","FBXW9",0.707661788456063,-0.281431757062117,0.016,0.018,1
"HSPB7","HSPB7",0.708229176461119,-0.298880456439954,0.031,0.033,1
"PRRT3-AS1","PRRT3-AS1",0.708335710027135,-0.102934317002263,0.104,0.098,1
"AP4B1-AS1","AP4B1-AS1",0.708517245447911,-0.15412048533857,0.016,0.018,1
"GORASP1","GORASP1",0.708837649885712,-0.113441708250315,0.143,0.146,1
"GAP43","GAP43",0.708878968643535,-0.103708837726559,0.022,0.024,1
"PLXNA3","PLXNA3",0.708954891976827,-0.223719561209575,0.139,0.14,1
"PRRT3","PRRT3",0.70958119919468,-0.118403878864253,0.082,0.085,1
"MTMR11","MTMR11",0.710694690945404,-0.156265199529769,0.039,0.042,1
"HMGN3-AS1","HMGN3-AS1",0.710731885879955,-0.323180210541003,0.01,0.012,1
"POLR1G","POLR1G",0.711196638144625,-0.233739129422884,0.049,0.052,1
"SLITRK5","SLITRK5",0.711407739110969,0.429078332352706,0.025,0.023,1
"USP35","USP35",0.711578958925032,0.102561099747897,0.06,0.057,1
"ENSG00000282943","ENSG00000282943",0.712448677594188,0.240329209231354,0.026,0.024,1
"PWP2","PWP2",0.713313594694829,0.39512592963816,0.022,0.02,1
"ZNF501","ZNF501",0.71376772413104,-0.209501283877314,0.03,0.033,1
"SH3RF2","SH3RF2",0.714239494169313,-0.373860844760897,0.01,0.012,1
"ENSG00000267121","ENSG00000267121",0.714415032964614,-0.20355616661984,0.01,0.012,1
"PGLYRP2","PGLYRP2",0.714766158715653,-0.18429394822163,0.01,0.012,1
"DSEL-AS1","DSEL-AS1",0.714795344965357,0.459749894511185,0.024,0.022,1
"PLA2R1","PLA2R1",0.715239070836801,-0.125198106288882,0.03,0.033,1
"MND1","MND1",0.715695505800278,-0.20429766526323,0.038,0.041,1
"ENSG00000250354","ENSG00000250354",0.717049938745327,-0.1868121858762,0.01,0.012,1
"PABPC1L","PABPC1L",0.717202597552453,-0.264121438907299,0.017,0.018,1
"ENSG00000231217","ENSG00000231217",0.717608078726688,0.145152306942798,0.053,0.05,1
"ZNF829","ZNF829",0.717937625058714,0.103851806148577,0.047,0.05,1
"ENSG00000247324","ENSG00000247324",0.718005994161094,0.153079558693485,0.029,0.027,1
"ENSG00000249335","ENSG00000249335",0.718748417272073,0.26552451120854,0.021,0.02,1
"CAMK2B","CAMK2B",0.718893486219104,0.183634544507117,0.029,0.031,1
"CPLX2","CPLX2",0.719360759035395,0.456190447005272,0.018,0.016,1
"CES4A","CES4A",0.719453666111716,-0.178765782517014,0.276,0.274,1
"MAGOH-DT","MAGOH-DT",0.720131156622813,0.248520805783259,0.02,0.018,1
"DDX25","DDX25",0.720334061999368,0.149528658463316,0.069,0.066,1
"ENSG00000243501","ENSG00000243501",0.720467035888888,0.508621408156874,0.017,0.016,1
"SPTB","SPTB",0.720657995429225,-0.300816445741009,0.017,0.019,1
"RRP8","RRP8",0.720674599185555,0.170325618528937,0.078,0.075,1
"HTT-AS","HTT-AS",0.721518270069365,0.306278939419279,0.021,0.019,1
"DGUOK-AS1","DGUOK-AS1",0.722231309346807,-0.182232934655714,0.032,0.034,1
"C3","C3",0.722241423371468,0.655307810364357,0.017,0.015,1
"CENPE","CENPE",0.722282460508227,-0.156491705531771,0.038,0.041,1
"SPRY3","SPRY3",0.722572501560139,-0.222991684676414,0.024,0.026,1
"NAT1","NAT1",0.722579150802587,0.493569603891516,0.019,0.018,1
"TP53RK","TP53RK",0.722887981209209,0.132628755934424,0.091,0.087,1
"CUL9","CUL9",0.722932839150394,0.135401889629839,0.179,0.175,1
"TRUB1","TRUB1",0.723069453754127,-0.136189406292963,0.163,0.166,1
"HNF4G","HNF4G",0.723466243230906,0.309517014249233,0.023,0.021,1
"ST6GALNAC5","ST6GALNAC5",0.723511650222735,0.581960968993454,0.017,0.016,1
"ENSG00000260585","ENSG00000260585",0.723541195695231,-0.401224301966369,0.011,0.012,1
"U2SURP-AS1","U2SURP-AS1",0.723809094935098,-0.212153113357029,0.024,0.026,1
"CD99","CD99",0.723946953848232,0.457092432503044,0.017,0.016,1
"ENSG00000272004","ENSG00000272004",0.724039458552379,0.136398431295342,0.022,0.024,1
"MMAA","MMAA",0.72471784111699,0.116262026883802,0.081,0.077,1
"VMA22","VMA22",0.724833957067892,-0.119103910314871,0.124,0.117,1
"ROR2","ROR2",0.725046992759198,0.296385443981576,0.019,0.018,1
"HEATR9","HEATR9",0.725321373799317,0.259002907859834,0.019,0.018,1
"LINC01524","LINC01524",0.72564880474822,-0.301708080873966,0.017,0.018,1
"MIR548XHG","MIR548XHG",0.725799177075823,0.474336982385923,0.01,0.009,1
"RAD54B","RAD54B",0.725919862266862,0.127198029797098,0.049,0.046,1
"CD40","CD40",0.726111734977807,-0.317636783024759,0.011,0.012,1
"PPP2R5D","PPP2R5D",0.72617490642573,-0.131512358684689,0.102,0.106,1
"PAK4","PAK4",0.726652842476273,0.114097315746084,0.191,0.188,1
"ACMSD","ACMSD",0.726705945130475,0.321798542866675,0.017,0.016,1
"ENSG00000272936","ENSG00000272936",0.726797734794739,-0.227840406194758,0.011,0.012,1
"ABHD17C","ABHD17C",0.727270830969045,0.194646856644254,0.059,0.056,1
"ENSG00000260570","ENSG00000260570",0.727655542630779,-0.263830983548419,0.011,0.012,1
"CDH23","CDH23",0.728000461531156,-0.147829814768632,0.032,0.029,1
"BRINP2","BRINP2",0.728048077608767,-0.134340638183017,0.073,0.069,1
"ITGB6","ITGB6",0.728337393121555,0.344678764674094,0.015,0.013,1
"RPH3A","RPH3A",0.728359963954182,0.408330661893976,0.043,0.041,1
"STK32A","STK32A",0.728397976549689,0.14958496788435,0.023,0.021,1
"ENSG00000266385","ENSG00000266385",0.72854708333362,-0.174094244059427,0.032,0.034,1
"ENSG00000257252","ENSG00000257252",0.728813708138578,0.327583129101332,0.015,0.013,1
"TGDS","TGDS",0.728986217980248,-0.132445268758775,0.113,0.116,1
"PCAT7","PCAT7",0.729163918588802,0.240816155316561,0.025,0.023,1
"ZNF263","ZNF263",0.729743590171709,-0.107956875040681,0.141,0.144,1
"ENSG00000259915","ENSG00000259915",0.729800140880737,0.245356424895299,0.046,0.043,1
"CHST7","CHST7",0.730036191034829,0.294888542207396,0.018,0.016,1
"IL4R","IL4R",0.730039194480936,0.433545115344097,0.014,0.012,1
"ENSG00000236833","ENSG00000236833",0.730127671396182,0.250509745088338,0.015,0.014,1
"ENSG00000267317","ENSG00000267317",0.730319755519933,0.552480122567474,0.01,0.009,1
"CNTF","CNTF",0.730878947742533,0.305200354229585,0.015,0.013,1
"GAD2","GAD2",0.730918317371823,0.357295498337243,0.012,0.011,1
"ANGPTL6","ANGPTL6",0.730982072939326,0.221380704295912,0.012,0.01,1
"PKIA-AS1","PKIA-AS1",0.731001232027584,-0.104412979889383,0.022,0.02,1
"JAG1","JAG1",0.731238818702702,0.394135390837704,0.01,0.008,1
"ADGRE3","ADGRE3",0.731754159441872,-0.149899522238909,0.068,0.071,1
"TRMT2A","TRMT2A",0.732106413291322,-0.353125150892788,0.113,0.114,1
"ENSG00000283321","ENSG00000283321",0.732305302534108,0.277346703304607,0.016,0.014,1
"ARL9","ARL9",0.732468922260941,0.11114364026967,0.015,0.013,1
"ENSG00000249753","ENSG00000249753",0.733463523834697,-0.151678261558353,0.018,0.016,1
"UPP2","UPP2",0.733812870518132,-0.314473044174553,0.131,0.124,1
"ENSG00000263812","ENSG00000263812",0.733900883348093,0.20972877207238,0.015,0.013,1
"TRPC6","TRPC6",0.733991949556003,0.255686250717114,0.012,0.01,1
"LINC00540","LINC00540",0.73417221065147,0.451918970975777,0.01,0.008,1
"FAM171A2","FAM171A2",0.73417221065147,0.364172236332903,0.01,0.008,1
"ENSG00000273680","ENSG00000273680",0.734219222703768,0.288197804670413,0.015,0.013,1
"TMEM201","TMEM201",0.734226177856315,-0.163333343554236,0.117,0.121,1
"ALK","ALK",0.73425234416187,-0.124439303214524,0.279,0.278,1
"HHATL-AS1","HHATL-AS1",0.734451617932729,0.375513739065252,0.011,0.01,1
"NTAQ1","NTAQ1",0.734468164271567,-0.112507821396109,0.153,0.146,1
"PAWR","PAWR",0.73456362395069,0.246472432882306,0.01,0.008,1
"ENSG00000266969","ENSG00000266969",0.734634399996969,0.4705805249026,0.011,0.01,1
"ACO1","ACO1",0.734751622814358,0.10974793093619,0.314,0.315,1
"ADPRH","ADPRH",0.734759356469259,0.329446554835094,0.01,0.008,1
"RFX5","RFX5",0.734946718181818,0.134971626230048,0.019,0.018,1
"TSC22D1-AS1","TSC22D1-AS1",0.735056621527013,0.404196465955747,0.037,0.035,1
"OTULIN-DT","OTULIN-DT",0.735246977428807,-0.148838761091884,0.02,0.018,1
"PIK3CD","PIK3CD",0.735333649177626,-0.52411545825431,0.012,0.013,1
"TGM1","TGM1",0.735409781049531,0.203797923481358,0.012,0.01,1
"HOMER3","HOMER3",0.735409781049531,0.382937267044791,0.012,0.01,1
"LINC01429","LINC01429",0.73556326550289,-0.214461802903143,0.011,0.012,1
"CARD11","CARD11",0.735836312684787,-0.30259485444447,0.012,0.013,1
"DNAJB13","DNAJB13",0.735836312684787,-0.374740355868718,0.012,0.013,1
"TBC1D10B","TBC1D10B",0.735840088142226,-0.126168774999756,0.306,0.303,1
"KIF14","KIF14",0.735983664088526,0.235306085760082,0.01,0.009,1
"LINC02115","LINC02115",0.735995461912779,-0.209433740191469,0.041,0.038,1
"ENSG00000258807","ENSG00000258807",0.73609719692933,0.291734049701905,0.011,0.01,1
"ENSG00000100101","ENSG00000100101",0.736238999507889,-0.119462769114298,0.048,0.05,1
"OPN4","OPN4",0.7363171747962,0.430699394156711,0.017,0.016,1
"ARHGEF3","ARHGEF3",0.736341155220426,0.104128050901654,0.598,0.602,1
"ENSG00000283635","ENSG00000283635",0.736717627394518,0.187561460396392,0.01,0.008,1
"ELMO3","ELMO3",0.736929055177384,0.212359993052184,0.01,0.009,1
"DGAT2","DGAT2",0.737005919466925,0.17505763330654,0.012,0.01,1
"PANK1","PANK1",0.737028682449576,0.282903987427535,0.055,0.053,1
"SPC25","SPC25",0.737109487313604,0.136374943029827,0.01,0.008,1
"ENSG00000258520","ENSG00000258520",0.737109487313604,0.22506307875932,0.01,0.008,1
"B4GAT1-DT","B4GAT1-DT",0.737468799156386,0.110175440525264,0.018,0.016,1
"ENSG00000269481","ENSG00000269481",0.737564534688758,0.485072578627495,0.015,0.013,1
"B9D2","B9D2",0.737848095925104,0.220214252717621,0.013,0.012,1
"ENSG00000266913","ENSG00000266913",0.738147988830095,0.152791155862427,0.012,0.011,1
"ENSG00000224789","ENSG00000224789",0.738271102535102,-0.147199651835327,0.142,0.145,1
"ZSCAN20","ZSCAN20",0.738388450867177,-0.15353255358837,0.051,0.054,1
"FLNA","FLNA",0.738585023287766,0.110306476808924,0.024,0.026,1
"SYBU","SYBU",0.738680747937398,0.140073567775065,0.015,0.013,1
"LINC01194","LINC01194",0.738780737833826,0.137648283916753,0.012,0.01,1
"RPP38","RPP38",0.738843275563379,-0.137401149311004,0.18,0.182,1
"BPIFC","BPIFC",0.739135868931037,0.134774161226684,0.012,0.01,1
"GNB3","GNB3",0.739177495612592,0.113565617586594,0.014,0.012,1
"SLC51A","SLC51A",0.739246494734086,-0.191297657039107,0.029,0.027,1
"ENSG00000272345","ENSG00000272345",0.739627458596215,0.133766392712217,0.017,0.015,1
"ENSG00000269961","ENSG00000269961",0.740050609161858,-0.141998792287275,0.01,0.008,1
"DRP2","DRP2",0.740308053441161,0.256692114967497,0.011,0.01,1
"GIHCG","GIHCG",0.740549688244824,-0.166466099824247,0.058,0.061,1
"ENSG00000255193","ENSG00000255193",0.740862359402037,-0.142291919425491,0.015,0.014,1
"TDRD12","TDRD12",0.740970505704414,0.100177816426147,0.017,0.015,1
"DDX11","DDX11",0.741512708025373,0.119572223791256,0.109,0.106,1
"RNF17","RNF17",0.741661958682753,-0.349140288743352,0.01,0.009,1
"TLCD3A","TLCD3A",0.741795283853918,0.119864267919934,0.014,0.012,1
"ENSG00000248752","ENSG00000248752",0.741851479600511,-0.118355864480169,0.01,0.009,1
"ENSG00000267980","ENSG00000267980",0.742230568395343,-0.17724609314338,0.01,0.009,1
"CHPT1","CHPT1",0.743276878518824,-0.202351585289672,0.155,0.158,1
"NXF1","NXF1",0.743746001182034,-0.104255652462463,0.112,0.107,1
"PLCH1","PLCH1",0.743768336037412,-0.330123155550512,0.044,0.046,1
"ELAVL4","ELAVL4",0.743844773476198,-0.151288963242897,0.012,0.011,1
"CD59","CD59",0.744034057136456,0.149776266997603,0.038,0.041,1
"NAPRT","NAPRT",0.744142093057888,-0.292088328612385,0.019,0.02,1
"WWC1","WWC1",0.744554142875603,-0.433213121797437,0.038,0.04,1
"ZNF284","ZNF284",0.744743869458176,-0.82665737473878,0.012,0.014,1
"MRC1","MRC1",0.744885936355068,-0.247347153576416,0.01,0.009,1
"LPP-AS2","LPP-AS2",0.745054998946625,-0.158155693140772,0.012,0.011,1
"IL7","IL7",0.745406617225977,-0.123566391298337,0.1,0.103,1
"ENSG00000260658","ENSG00000260658",0.74551732752866,-0.159995349255105,0.019,0.017,1
"HEXB","HEXB",0.745690894939388,-0.150088694448637,0.142,0.144,1
"FAM86B2-DT","FAM86B2-DT",0.746138277797535,0.124235336856894,0.092,0.097,1
"PSMG1","PSMG1",0.746349837307185,0.174209501515346,0.07,0.067,1
"TMEM177","TMEM177",0.746856767149914,0.118204068341955,0.041,0.039,1
"ENSG00000254671","ENSG00000254671",0.74740271315425,-0.129816064832556,0.035,0.037,1
"AQP4-AS1","AQP4-AS1",0.747509024788817,-0.288220890494431,0.028,0.029,1
"RLIG1","RLIG1",0.748229436902676,-0.219622624675182,0.133,0.135,1
"SLC14A2","SLC14A2",0.748270657344846,0.128922042377021,0.012,0.013,1
"CXorf58","CXorf58",0.74976082108909,0.282568529608583,0.024,0.026,1
"ENSG00000258365","ENSG00000258365",0.750461952538731,-0.404942498648148,0.013,0.012,1
"DDX59-AS1","DDX59-AS1",0.750871310633071,-0.399477064749577,0.019,0.021,1
"ANK1","ANK1",0.751141575382934,0.183701294108371,0.039,0.037,1
"SMIM31","SMIM31",0.751967209833005,-0.538591821064004,0.012,0.014,1
"SRSF8","SRSF8",0.752613660810204,-0.118946762050571,0.153,0.146,1
"TRAM2-AS1","TRAM2-AS1",0.753349932840435,-0.158572356776165,0.035,0.037,1
"ENSG00000235127","ENSG00000235127",0.753611938474325,-0.499667327744879,0.014,0.012,1
"LINC03051","LINC03051",0.75373649682921,0.234574870211686,0.038,0.041,1
"SNHG25","SNHG25",0.754154375345554,-0.140469764112186,0.169,0.159,1
"ENSG00000272525","ENSG00000272525",0.754496559264128,-0.183394237156082,0.036,0.038,1
"ENSG00000272732","ENSG00000272732",0.754792388395404,-0.230175951335408,0.044,0.046,1
"ZNF620","ZNF620",0.754945456000068,-0.104737626672897,0.061,0.058,1
"FAM151B-DT","FAM151B-DT",0.754994666940063,0.119604828876665,0.031,0.033,1
"WDR97","WDR97",0.755044370672834,-0.364638990449009,0.017,0.015,1
"TSFM","TSFM",0.75629204691548,-0.118701662834214,0.106,0.109,1
"TMEM129","TMEM129",0.756294457437377,-0.192982249740807,0.162,0.164,1
"UTP11","UTP11",0.75645865767441,-0.112937726066052,0.084,0.08,1
"PMFBP1","PMFBP1",0.757472792063182,0.146375645755261,0.039,0.037,1
"IFT56","IFT56",0.759123270035266,-0.237242045153341,0.1,0.102,1
"LOC93463","LOC93463",0.759302389544821,-0.223397570887853,0.02,0.022,1
"CLP1","CLP1",0.759433695748055,-0.286901050018566,0.02,0.022,1
"RNF4","RNF4",0.760168164263099,-0.197171352898682,0.235,0.234,1
"ENSG00000255670","ENSG00000255670",0.760546030507978,-0.140872201517563,0.069,0.071,1
"TMC5","TMC5",0.760956809781096,-0.367870997324406,0.013,0.014,1
"PRSS23","PRSS23",0.76179357274311,-0.402351502492936,0.069,0.071,1
"ENSG00000260778","ENSG00000260778",0.761867831871588,0.123527193297342,0.019,0.02,1
"DDX60","DDX60",0.761922994223403,-0.395887898175341,0.013,0.014,1
"AP3M1","AP3M1",0.762035794154859,0.107297963528849,0.201,0.195,1
"HDDC3","HDDC3",0.762587153437371,-0.226025722837774,0.088,0.09,1
"ADAM23","ADAM23",0.762670644803849,-0.133727508441638,0.169,0.172,1
"ANKHD1-DT","ANKHD1-DT",0.763621631306411,0.132997070982094,0.245,0.255,1
"GRM8","GRM8",0.763736353002464,-0.16056011481268,0.049,0.052,1
"SFTPC","SFTPC",0.764287294618557,-0.155048710667197,0.1,0.103,1
"CD72","CD72",0.764340943653528,-0.136611185308077,0.05,0.048,1
"GRM7-AS1","GRM7-AS1",0.764912871585968,0.129127428877225,0.083,0.08,1
"ENSG00000159239","ENSG00000159239",0.766598093722726,-0.177513030576214,0.013,0.014,1
"ENSG00000203546","ENSG00000203546",0.767142170987147,0.110385243309727,0.229,0.225,1
"TTC23L-AS1","TTC23L-AS1",0.767207010587108,-0.575001275409467,0.014,0.015,1
"ENSG00000260249","ENSG00000260249",0.767430746961314,-0.569743634780191,0.023,0.024,1
"SIDT1","SIDT1",0.767566423807852,-0.151307059254805,0.013,0.014,1
"CCBE1","CCBE1",0.767727847483562,-0.121019910173841,0.013,0.014,1
"CENPA","CENPA",0.768431113046242,0.122265571270247,0.054,0.052,1
"RRP9","RRP9",0.769345560297223,-0.498295473454021,0.032,0.033,1
"CCDC157","CCDC157",0.769988833950498,-0.15860766774125,0.013,0.014,1
"PCDH9-AS3","PCDH9-AS3",0.770301795637356,-0.11613789476552,0.068,0.071,1
"ENSG00000248787","ENSG00000248787",0.770763501611589,0.288914100119682,0.019,0.021,1
"LOC102724023","LOC102724023",0.770795998455764,0.557463063958035,0.027,0.025,1
"OGFOD2","OGFOD2",0.771202963269367,-0.182173360679211,0.056,0.053,1
"TMEM217","TMEM217",0.771285141169593,0.175274544639989,0.046,0.044,1
"EDRF1-DT","EDRF1-DT",0.771859515630785,-0.27276357370651,0.038,0.04,1
"ORAI2","ORAI2",0.77213728760723,-0.234052811373396,0.028,0.03,1
"FTSJ1","FTSJ1",0.773266634435552,-0.314987244107752,0.055,0.057,1
"ENSG00000279658","ENSG00000279658",0.773869353383559,-0.241138130889545,0.013,0.014,1
"MALT1","MALT1",0.774159385236417,-0.133848357528127,0.146,0.148,1
"LRFN4","LRFN4",0.775487568755045,0.25047007155211,0.047,0.045,1
"ANKRD42","ANKRD42",0.775903918438134,-0.183112910395263,0.028,0.029,1
"TOMM22","TOMM22",0.775982999948545,-0.114226468540926,0.123,0.126,1
"ZNF740","ZNF740",0.776939519892942,0.141425606918125,0.117,0.114,1
"TFRC","TFRC",0.77891353950545,0.1797054195372,0.099,0.096,1
"ENSG00000272273","ENSG00000272273",0.779374251508327,-0.206057106748298,0.014,0.015,1
"SYN3","SYN3",0.781037197637433,0.398396772797598,0.065,0.063,1
"CREG2","CREG2",0.781298660429836,0.231960703914557,0.033,0.031,1
"LTB4R","LTB4R",0.781750585788072,-0.197342162760565,0.022,0.024,1
"SLC25A43","SLC25A43",0.783282851859658,-0.172294288974513,0.109,0.112,1
"CYP1B1-AS1","CYP1B1-AS1",0.783367195421626,0.131992888665828,0.031,0.029,1
"TIGD2","TIGD2",0.784990444268053,-0.192082582560867,0.03,0.031,1
"ENSG00000283208","ENSG00000283208",0.785384895752143,-0.276189136943537,0.158,0.158,1
"STAP2","STAP2",0.785511992052741,0.224035425727213,0.028,0.027,1
"GLT1D1","GLT1D1",0.786032032468893,0.399743728285131,0.013,0.014,1
"EIF1AY","EIF1AY",0.787516126245691,-0.134238989322033,0.176,0.169,1
"ENSG00000280987","ENSG00000280987",0.789070277676852,-0.122182463371743,0.055,0.057,1
"ACAA2","ACAA2",0.789515058565009,-0.201545610072209,0.116,0.118,1
"ENSG00000256073","ENSG00000256073",0.790242398536891,-0.158632078942677,0.042,0.04,1
"C1QTNF7-AS1","C1QTNF7-AS1",0.790282048551429,-0.175686733186171,0.319,0.308,1
"ENSG00000254615","ENSG00000254615",0.790641265943243,0.147392115326998,0.03,0.028,1
"AK7","AK7",0.790825694309241,-0.14216636649192,0.039,0.037,1
"RNF135","RNF135",0.790953155888389,-0.164662546822916,0.032,0.033,1
"FSHR","FSHR",0.791277686013048,-0.102820832396302,0.014,0.015,1
"ENSG00000272772","ENSG00000272772",0.791421478076135,-0.378051096792924,0.031,0.033,1
"MBLAC1","MBLAC1",0.791436690366925,0.238480683408266,0.025,0.024,1
"LAT","LAT",0.792556394457182,-0.26297557116288,0.032,0.033,1
"ZNF630","ZNF630",0.79339541886089,-0.192978133876554,0.22,0.216,1
"GPR35","GPR35",0.79392872596272,-0.134801182667865,0.022,0.024,1
"ZNF385C","ZNF385C",0.795146467817534,-0.256774916579704,0.015,0.016,1
"AMMECR1L","AMMECR1L",0.795345263468365,0.27571145068156,0.112,0.11,1
"ENSG00000258871","ENSG00000258871",0.796381661007045,-0.30825370912042,0.023,0.025,1
"CD36","CD36",0.796863053395481,-0.10832748388374,0.039,0.041,1
"KLHL11","KLHL11",0.798318414349786,-0.122979014046482,0.03,0.032,1
"DND1","DND1",0.799065729495496,-0.147553094689181,0.032,0.031,1
"UGT2B7","UGT2B7",0.799811462312503,-0.167959132535087,0.037,0.035,1
"ENSG00000227330","ENSG00000227330",0.80040166154772,-0.188413343600032,0.023,0.024,1
"METTL23","METTL23",0.800430636411196,0.137351081891583,0.082,0.079,1
"ACSBG1","ACSBG1",0.800654480901384,-0.180002369827696,0.764,0.663,1
"NATD1","NATD1",0.801502139746105,-0.138013368761379,0.022,0.024,1
"TACR3","TACR3",0.802773497412743,-0.129029263616808,0.026,0.025,1
"FGD1","FGD1",0.802822337633063,0.230278478828877,0.025,0.024,1
"GLIPR1","GLIPR1",0.80302298429065,-0.824855518400489,0.009,0.01,1
"BAK1","BAK1",0.803266764228213,-0.246324858435846,0.032,0.033,1
"ENSG00000224616","ENSG00000224616",0.804131095188047,0.178133289349875,0.029,0.027,1
"DEGS2","DEGS2",0.804315976198145,0.155128237667314,0.028,0.027,1
"SH3PXD2A-AS1","SH3PXD2A-AS1",0.804676161955499,-0.222638452620338,0.016,0.017,1
"GABRB3","GABRB3",0.805026058886388,0.248232310631157,0.055,0.054,1
"PTPRO","PTPRO",0.806165001163008,-0.391031691422968,0.032,0.033,1
"APBB1IP","APBB1IP",0.806328455219982,0.243096763026593,0.015,0.016,1
"ANAPC13","ANAPC13",0.807249209850689,-0.330141382150454,0.065,0.066,1
"TRIM73","TRIM73",0.807388084254924,-0.126000553126571,0.086,0.088,1
"EOLA2","EOLA2",0.807828839548462,-0.417980230485709,0.026,0.027,1
"ENSG00000275966","ENSG00000275966",0.807849639953876,-0.314369813370375,0.025,0.026,1
"ENSG00000273734","ENSG00000273734",0.808896073536074,0.160312590082738,0.015,0.016,1
"CENPV","CENPV",0.811589838582031,-0.189508057628763,0.129,0.129,1
"ENSG00000251652","ENSG00000251652",0.813332826816819,-0.442065287770782,0.079,0.076,1
"ENSG00000275720","ENSG00000275720",0.813500744083455,-0.258351497421969,0.009,0.01,1
"IKBIP","IKBIP",0.814501831972728,0.312398870975487,0.041,0.039,1
"ENSG00000276698","ENSG00000276698",0.815283361813573,-0.328730416081997,0.009,0.01,1
"AGGF1","AGGF1",0.815481489666654,-0.208028351328847,0.009,0.01,1
"GNG12","GNG12",0.815616141147738,0.207284993972627,0.023,0.022,1
"GLS2","GLS2",0.816163244725203,0.118321181688005,0.028,0.026,1
"SCUBE3","SCUBE3",0.81664678824282,0.147727924164512,0.024,0.023,1
"LOC105375976","LOC105375976",0.816670504128045,-0.202375978302075,0.009,0.01,1
"ENSG00000197815","ENSG00000197815",0.817066936214758,-0.100103196653389,0.009,0.01,1
"PSCA","PSCA",0.817265169815581,0.138718308327085,0.009,0.01,1
"BMPR1B","BMPR1B",0.817314296392236,-0.340006203717114,0.017,0.018,1
"GAB4","GAB4",0.818256512905576,-0.351640083111071,0.009,0.01,1
"SLC26A4","SLC26A4",0.819594650033896,0.369299730626985,0.019,0.018,1
"AHRR","AHRR",0.821890089843916,0.412778910701249,0.024,0.023,1
"ENSG00000272455","ENSG00000272455",0.822036312318269,-0.131401132768576,0.017,0.018,1
"ISY1-RAB43","ISY1-RAB43",0.822086701638507,0.172863848666901,0.023,0.022,1
"ENSG00000259049","ENSG00000259049",0.823808741517247,-0.201105766872987,0.017,0.018,1
"CFAP299","CFAP299",0.824100356691024,-0.219796927870048,0.029,0.027,1
"CDK5R1","CDK5R1",0.825117508677708,-0.159766653178578,0.102,0.098,1
"C16orf86","C16orf86",0.825142463026101,-0.341980833845154,0.029,0.027,1
"ZNF436-AS1","ZNF436-AS1",0.826582629826329,0.160756957677456,0.053,0.052,1
"LOC124902392","LOC124902392",0.827271696657353,-0.234421420440258,0.017,0.018,1
"ACADS","ACADS",0.827851573638961,-0.163173659077746,0.068,0.07,1
"ING2-DT","ING2-DT",0.827873553058782,-0.170880777601832,0.124,0.121,1
"CLCN6","CLCN6",0.827900749073896,0.186951811404198,0.189,0.19,1
"AKR7A3","AKR7A3",0.827907887437009,-0.214098932468251,0.01,0.01,1
"PITRM1-AS1","PITRM1-AS1",0.827997354342131,-0.256549693501194,0.017,0.018,1
"RBM47","RBM47",0.82809029512499,0.131496372873102,0.023,0.025,1
"EPC1-AS1","EPC1-AS1",0.828298832107918,0.166021939121193,0.021,0.02,1
"MIR3681HG","MIR3681HG",0.828314765996808,-0.194882692976213,0.049,0.05,1
"ADPRS","ADPRS",0.828416582575379,-0.131186246106218,0.193,0.185,1
"ATP2B2","ATP2B2",0.828835477764195,-0.105821496349471,0.017,0.018,1
"LOC115308161","LOC115308161",0.82963783818954,-0.278209707794011,0.01,0.01,1
"NKAIN1","NKAIN1",0.829829544309284,0.117049366838708,0.143,0.142,1
"FXYD4","FXYD4",0.829830106097525,-0.2142584533234,0.01,0.01,1
"HMCN1","HMCN1",0.830046639791727,0.107151624679984,0.021,0.02,1
"LOC105375635","LOC105375635",0.830860855940757,-0.239636792597983,0.026,0.027,1
"BCAS2","BCAS2",0.831028057744559,-0.122332822463489,0.18,0.181,1
"ITGBL1","ITGBL1",0.831092612854542,0.307168561195176,0.057,0.056,1
"MEIG1","MEIG1",0.831170360025002,0.129809771280237,0.022,0.021,1
"ZBTB11-AS1","ZBTB11-AS1",0.831416439031102,-0.486981869344802,0.019,0.02,1
"EXD1","EXD1",0.832203674832548,-0.15851936920816,0.063,0.06,1
"TM4SF1-AS1","TM4SF1-AS1",0.833049208935573,-0.430772485405344,0.01,0.011,1
"VWA3A","VWA3A",0.833143209033872,0.346403731172956,0.019,0.018,1
"UCHL1-DT","UCHL1-DT",0.833410165889776,-0.115705879009028,0.021,0.02,1
"GGCT","GGCT",0.833483631612903,0.161802544717292,0.038,0.037,1
"ENSG00000267879","ENSG00000267879",0.834829763338933,0.12100137722455,0.103,0.106,1
"BSN-DT","BSN-DT",0.835473119795998,-0.583411613651141,0.01,0.011,1
"SNPH","SNPH",0.835473119795998,-0.848810991988464,0.01,0.011,1
"TCEANC","TCEANC",0.835510323006642,-0.199659581986777,0.079,0.08,1
"CLTRN","CLTRN",0.836405810792555,-0.248828397845934,0.01,0.011,1
"PLCB4","PLCB4",0.836457221654894,0.300150102032203,0.019,0.018,1
"EFCAB10","EFCAB10",0.836515132507157,-0.111449776784637,0.047,0.045,1
"RXFP1","RXFP1",0.836832197899394,0.39670312699706,0.017,0.016,1
"BAIAP3","BAIAP3",0.838168124645526,0.291384692723571,0.017,0.018,1
"KCNJ6","KCNJ6",0.838291984061527,-0.33923625520846,0.019,0.02,1
"POU6F2","POU6F2",0.838364395946089,0.264126053420112,0.016,0.015,1
"MLH1","MLH1",0.838457434451364,0.112469430505181,0.352,0.35,1
"ENSG00000267811","ENSG00000267811",0.839528725488485,0.189795683254348,0.017,0.016,1
"ZNF440","ZNF440",0.839725328689693,0.127185423433069,0.077,0.08,1
"LINC02199","LINC02199",0.839900808101398,0.151516774701189,0.079,0.077,1
"B3GLCT","B3GLCT",0.839978412281257,-0.10256372731334,0.035,0.036,1
"IL18","IL18",0.840325610187813,-0.119037230106361,0.01,0.011,1
"COBLL1","COBLL1",0.840446014034835,0.493940787636657,0.017,0.016,1
"NREP","NREP",0.841058416231409,0.469926340433655,0.015,0.014,1
"ENSG00000271971","ENSG00000271971",0.841789716734837,-0.42230776424875,0.028,0.029,1
"SMARCAD1-DT","SMARCAD1-DT",0.842893171970048,0.297789396022589,0.017,0.016,1
"ENSG00000266527","ENSG00000266527",0.842893171970048,0.203628395265709,0.017,0.016,1
"CALCB","CALCB",0.843105156973712,0.357758796707244,0.053,0.052,1
"ENSG00000249786","ENSG00000249786",0.843210689745532,-0.166515032914244,0.019,0.02,1
"LSM11","LSM11",0.843565386311039,0.23341632359511,0.035,0.034,1
"CFAP91","CFAP91",0.843860364423006,-0.263092822441083,0.028,0.029,1
"GARIN1B","GARIN1B",0.843932548939956,0.448096808067222,0.015,0.014,1
"ENSG00000249868","ENSG00000249868",0.844142584342991,0.292031490729526,0.016,0.015,1
"CLDN4","CLDN4",0.84462326793104,-0.160691443249586,0.01,0.011,1
"ENSG00000149656","ENSG00000149656",0.84486160244676,0.101976581013277,0.064,0.063,1
"RP2","RP2",0.844928770265125,-0.226473970125996,0.077,0.078,1
"ENSG00000225975","ENSG00000225975",0.84510009915304,0.36335612844227,0.015,0.014,1
"ENSG00000261098","ENSG00000261098",0.845651558156304,-0.114218964397333,0.081,0.082,1
"PYM1","PYM1",0.845765172174107,0.130792981048547,0.087,0.086,1
"CACNG2","CACNG2",0.845859182426214,0.14754674291652,0.037,0.035,1
"KC6","KC6",0.846129173309086,0.173809686205439,0.018,0.019,1
"MPP1","MPP1",0.846129566360489,-0.165029958906341,0.125,0.125,1
"ATF3","ATF3",0.846587919656051,-0.223171811593466,0.067,0.068,1
"MYOF","MYOF",0.846613552939235,-0.371751267363237,0.011,0.012,1
"PTK7","PTK7",0.846685820425811,-0.125128769954669,0.019,0.018,1
"LOC101927023","LOC101927023",0.847802780149302,0.150965770378991,0.01,0.011,1
"SLC30A1","SLC30A1",0.848180181646345,0.10029030315494,0.048,0.046,1
"ENSG00000270021","ENSG00000270021",0.84824760808377,-0.387412329145499,0.011,0.012,1
"ENSG00000227088","ENSG00000227088",0.848738404811559,-0.181641360914885,0.01,0.011,1
"SNHG18","SNHG18",0.848866241971782,-0.185210904019861,0.114,0.115,1
"TEKT1","TEKT1",0.849189258755156,0.143931647279473,0.015,0.014,1
"RALGPS2","RALGPS2",0.849270733047453,0.122598618234734,0.051,0.05,1
"PCDHB6","PCDHB6",0.85006943573392,0.203314226301038,0.018,0.019,1
"ENSG00000228144","ENSG00000228144",0.850427362037789,-0.271373373731932,0.011,0.012,1
"G6PC3","G6PC3",0.850667355121893,-0.137288427703832,0.242,0.231,1
"OPRM1","OPRM1",0.850826065912182,0.262727860994226,0.015,0.014,1
"TMSB4Y","TMSB4Y",0.851145117215532,0.132565997340048,0.037,0.035,1
"PRAME","PRAME",0.851335931330361,-0.315434650963136,0.011,0.012,1
"CENPF","CENPF",0.851764384502752,0.314675948209794,0.014,0.013,1
"ZNF575","ZNF575",0.851767436663633,-0.114400348172969,0.037,0.035,1
"PECAM1","PECAM1",0.851932124770613,0.247727293502407,0.014,0.013,1
"CD38","CD38",0.852087094186959,0.422424870782234,0.015,0.014,1
"OXGR1","OXGR1",0.852244698001457,-0.340902675536655,0.011,0.012,1
"TMEM123-DT","TMEM123-DT",0.852770926433751,0.48840408428782,0.014,0.013,1
"TONSL","TONSL",0.852790052255723,-0.29737574834029,0.011,0.012,1
"ENSG00000260123","ENSG00000260123",0.853066635110372,0.112497820891543,0.044,0.046,1
"ZNF236-DT","ZNF236-DT",0.853324916058353,-0.120600018291034,0.103,0.104,1
"IQCC","IQCC",0.853699132281549,-0.280354674605553,0.011,0.012,1
"CLEC11A","CLEC11A",0.853873736278712,-0.154916295349588,0.118,0.114,1
"LINC02951","LINC02951",0.853884200310896,0.168655277420993,0.06,0.058,1
"NQO1","NQO1",0.854186024519816,-0.103263731758381,0.176,0.18,1
"LINC01500","LINC01500",0.854449028413673,0.272777035781109,0.014,0.013,1
"PTPRB","PTPRB",0.855567138260475,-0.105795473470208,0.016,0.015,1
"ENSG00000283580","ENSG00000283580",0.85560058891548,-0.204322597757433,0.029,0.03,1
"ENSG00000281167","ENSG00000281167",0.855624092161036,0.291900924343832,0.014,0.013,1
"ZNF670-ZNF695","ZNF670-ZNF695",0.855699790660736,-0.219741128839579,0.011,0.012,1
"EPB41","EPB41",0.855714185494153,0.203725766937928,0.051,0.05,1
"MIR3147HG","MIR3147HG",0.85603730588741,0.265417211786056,0.016,0.015,1
"SLC18B1","SLC18B1",0.856127789082091,0.264714740959707,0.014,0.013,1
"ENSG00000267193","ENSG00000267193",0.856295700684526,0.273312350309655,0.014,0.013,1
"ENSG00000275649","ENSG00000275649",0.857051574856227,0.187030890810884,0.015,0.014,1
"ENSG00000228852","ENSG00000228852",0.857379655604031,-0.100450815066362,0.015,0.014,1
"FOXP2","FOXP2",0.857570380397602,0.135887860663103,0.062,0.064,1
"LINC01362","LINC01362",0.857941925080092,0.337171898566869,0.043,0.042,1
"ANO1","ANO1",0.858065400433295,0.699985664558057,0.012,0.011,1
"MIAT","MIAT",0.858611492234072,0.18861937589906,0.011,0.012,1
"C11orf96","C11orf96",0.858894716545215,0.457241631017983,0.018,0.019,1
"SNX10-AS1","SNX10-AS1",0.859144804844958,0.268541590636008,0.012,0.012,1
"CREBL2","CREBL2",0.859269383674156,-0.105910314802787,0.263,0.261,1
"ENSG00000255229","ENSG00000255229",0.859785906121773,-0.165236515666487,0.055,0.056,1
"ASB4","ASB4",0.860534990673908,-0.541733522588112,0.021,0.022,1
"GRIN2D","GRIN2D",0.860560982250296,0.205606136330414,0.012,0.012,1
"LINC01031","LINC01031",0.86073803605581,-0.464615574198724,0.012,0.012,1
"KCNIP3","KCNIP3",0.860988355129773,-0.149190251783132,0.015,0.014,1
"LAMTOR2","LAMTOR2",0.861415665741038,-0.129550511197109,0.098,0.099,1
"ENSG00000267688","ENSG00000267688",0.861889454846318,0.325993129059342,0.012,0.011,1
"STX1A","STX1A",0.86201223754082,0.281658684665221,0.032,0.034,1
"LINC01876","LINC01876",0.86233499545012,-0.236349815476862,0.058,0.056,1
"APOM","APOM",0.862800424809057,0.344444362307392,0.012,0.011,1
"ENSG00000264458","ENSG00000264458",0.862862949391564,-0.17009514652906,0.039,0.04,1
"ZNF674-AS1","ZNF674-AS1",0.86344892080738,-0.318478499804624,0.021,0.022,1
"ENSG00000259177","ENSG00000259177",0.863854870231476,-0.231287179888996,0.021,0.022,1
"SPA17","SPA17",0.864699440628538,-0.179957247429911,0.014,0.013,1
"HS3ST3A1","HS3ST3A1",0.864805199376361,0.132000253895271,0.012,0.011,1
"RAVER2","RAVER2",0.864812187880495,-0.222753091234264,0.012,0.012,1
"SSC4D","SSC4D",0.86507064861395,-0.343523797028825,0.015,0.014,1
"DMWD","DMWD",0.865708938020508,-0.230291072615041,0.014,0.013,1
"ENSG00000227374","ENSG00000227374",0.86693013446041,0.449334551275656,0.011,0.01,1
"PAPPA","PAPPA",0.866939266843267,0.150349485383365,0.012,0.012,1
"ENSG00000271758","ENSG00000271758",0.866939266843267,-0.203326786294327,0.012,0.012,1
"LINC01547","LINC01547",0.867357988024223,0.176382017520041,0.012,0.011,1
"ENSG00000250387","ENSG00000250387",0.867403183979024,-0.104530976516112,0.072,0.07,1
"PKP2","PKP2",0.867722785706869,0.142665337473447,0.012,0.011,1
"KBTBD11-OT1","KBTBD11-OT1",0.867784387060586,-0.244994871120383,0.109,0.109,1
"PPARGC1A","PPARGC1A",0.868270035023749,0.24757779115297,0.012,0.011,1
"UST","UST",0.870317601898608,-0.161501028664222,0.021,0.022,1
"ENSG00000264015","ENSG00000264015",0.870502049030218,0.189052469142495,0.011,0.01,1
"THUMPD3","THUMPD3",0.870825556010314,-0.108138058766829,0.167,0.165,1
"KCNB1","KCNB1",0.871462445521597,-0.408462250416077,0.023,0.024,1
"SLC25A6","SLC25A6",0.871725841399213,-0.105600263507218,0.276,0.276,1
"DLGAP1","DLGAP1",0.872064196535054,-0.122070183730032,0.066,0.067,1
"LOC101927950","LOC101927950",0.872571212467728,0.194739681002626,0.011,0.01,1
"ENSG00000224477","ENSG00000224477",0.87261614898458,0.317078003920343,0.012,0.012,1
"ENSG00000258631","ENSG00000258631",0.872971175165076,-0.112058392324301,0.012,0.012,1
"PSMA8","PSMA8",0.873133847314156,0.356207411359619,0.01,0.01,1
"ENSG00000272973","ENSG00000272973",0.873858851996764,0.111993763560476,0.012,0.012,1
"OMD","OMD",0.873869371067915,-0.121057662701266,0.012,0.013,1
"GUCY1A2","GUCY1A2",0.874071422678538,0.350906741326851,0.062,0.061,1
"ENSG00000272410","ENSG00000272410",0.874213967811393,-0.300035632700514,0.012,0.012,1
"LCDR","LCDR",0.874263252077034,-0.191809550972706,0.04,0.041,1
"KCNT2","KCNT2",0.87456091704532,-0.255433444591211,0.012,0.013,1
"NLRP7","NLRP7",0.874733818532239,-0.152636049782459,0.012,0.013,1
"GAR1-DT","GAR1-DT",0.875207236595236,-0.33702207727716,0.012,0.011,1
"KRTCAP2","KRTCAP2",0.875394201830594,0.142440156926209,0.011,0.01,1
"DNAAF8","DNAAF8",0.875457070850196,-0.126857376929785,0.012,0.012,1
"MARCOL","MARCOL",0.875598415516393,-0.10437906961173,0.012,0.013,1
"PIP","PIP",0.875755326277439,-0.108218598978886,0.012,0.011,1
"ENSG00000260285","ENSG00000260285",0.875771352766301,-0.247735117307003,0.012,0.013,1
"ARMC3","ARMC3",0.875855236179829,0.122555699820301,0.071,0.07,1
"LOC124907878","LOC124907878",0.876243181553862,0.213227069283853,0.01,0.01,1
"VCPIP1","VCPIP1",0.876922092883355,-0.103653044913314,0.265,0.257,1
"ZNF763","ZNF763",0.876958512116613,0.141889940273888,0.029,0.028,1
"LINC01950","LINC01950",0.877409677168035,0.132936086595038,0.01,0.01,1
"FSTL5-AS1","FSTL5-AS1",0.877993024983522,0.112271235606309,0.01,0.01,1
"DDX59","DDX59",0.878140050153083,-0.110706758273287,0.137,0.137,1
"TRMT5","TRMT5",0.878141708777215,-0.24429615637598,0.053,0.054,1
"LOC107986163","LOC107986163",0.879349044318352,-0.183675114601583,0.011,0.01,1
"ENSG00000260983","ENSG00000260983",0.880279350895894,0.164881816652742,0.074,0.073,1
"ELP4-AS1","ELP4-AS1",0.880359563257662,-0.220351295033059,0.039,0.037,1
"SDR42E2","SDR42E2",0.88037045852115,-0.233062140949104,0.013,0.014,1
"ERCC2","ERCC2",0.880492568189878,0.107896406558864,0.093,0.095,1
"ENSG00000260645","ENSG00000260645",0.880876790222259,-0.209191079676083,0.013,0.014,1
"MYBPC1","MYBPC1",0.882038037096151,0.242159718849971,0.01,0.009,1
"GNB5","GNB5",0.882184488024883,0.148826086772896,0.065,0.064,1
"ENSG00000223665","ENSG00000223665",0.882467536395872,0.123797315223004,0.01,0.01,1
"ENSG00000258172","ENSG00000258172",0.882467536395872,-0.337108010378874,0.01,0.01,1
"C16orf95","C16orf95",0.882631132344417,0.159673036738749,0.078,0.08,1
"TOLLIP-DT","TOLLIP-DT",0.882735870565548,0.102464581675091,0.03,0.031,1
"LOC107984574","LOC107984574",0.882856803767306,-0.12898942457839,0.01,0.01,1
"CHPF2","CHPF2",0.883129154322343,-0.185673977048913,0.032,0.033,1
"EEF1AKMT4-ECE2","EEF1AKMT4-ECE2",0.884219461750925,-0.191075570548928,0.01,0.01,1
"ROR1","ROR1",0.885171970381999,-0.409341375064964,0.014,0.014,1
"IQGAP2","IQGAP2",0.885865496285012,-0.213352988912895,0.01,0.009,1
"ENSG00000271427","ENSG00000271427",0.886067016086898,-0.224039288079216,0.01,0.009,1
"SLC41A3","SLC41A3",0.887177042927193,-0.151186781093425,0.151,0.151,1
"SLC27A6","SLC27A6",0.88787770908184,0.134076186149294,0.161,0.163,1
"ARHGEF2-AS2","ARHGEF2-AS2",0.88915729112631,-0.301215118344555,0.037,0.035,1
"ZNF273","ZNF273",0.889175666169334,-0.166730521623463,0.134,0.134,1
"HEMK1","HEMK1",0.889937677588855,-0.163415330514282,0.116,0.112,1
"FLT1","FLT1",0.890019618648935,0.609703291075907,0.021,0.022,1
"PPP1R26-AS1","PPP1R26-AS1",0.890286387203784,-0.354872029521679,0.014,0.014,1
"RIOK2","RIOK2",0.890688412717182,-0.11933581337822,0.115,0.116,1
"POMT1","POMT1",0.89069072652717,-0.227941498793264,0.159,0.153,1
"ENSG00000264589","ENSG00000264589",0.891186461502755,-0.289241304712707,0.034,0.035,1
"TAGLN2","TAGLN2",0.891757119105731,-0.385056661921275,0.037,0.038,1
"ENSG00000245768","ENSG00000245768",0.891957125709391,-0.161788824747534,0.211,0.207,1
"TCF7","TCF7",0.892290167936101,-0.118283350534175,0.129,0.129,1
"ENSG00000226747","ENSG00000226747",0.892637741659624,0.166139693509441,0.085,0.088,1
"RNF7","RNF7",0.893625001858694,-0.132005106904211,0.225,0.219,1
"AOAH","AOAH",0.893969300568465,-0.141082030007105,0.199,0.199,1
"TNNI3K","TNNI3K",0.894048705794622,-0.469304212679598,0.015,0.015,1
"ENSG00000265739","ENSG00000265739",0.894379321988808,0.105023614401837,0.024,0.024,1
"PPFIA4","PPFIA4",0.895106430136204,0.118839257416239,0.022,0.023,1
"FHIP1A","FHIP1A",0.89534020295916,-0.365331183918276,0.015,0.015,1
"RGS5-AS1","RGS5-AS1",0.895663120734495,-0.176261426497332,0.015,0.015,1
"PLAAT4","PLAAT4",0.897411874230408,-0.137523972445852,0.045,0.046,1
"FRAS1","FRAS1",0.897482933991121,0.246509476762588,0.021,0.022,1
"ENSG00000255145","ENSG00000255145",0.897531174063538,0.220500606004174,0.037,0.037,1
"ENSG00000276728","ENSG00000276728",0.898247080858309,-0.203823472185814,0.015,0.015,1
"PSME2","PSME2",0.898828123368663,-0.222294224284068,0.025,0.025,1
"TRABD2B","TRABD2B",0.899659646101456,-0.15253427649419,0.045,0.046,1
"SLC37A1","SLC37A1",0.900113984749482,0.208046852495468,0.036,0.035,1
"GLYCTK","GLYCTK",0.900185760743084,-0.170527906880348,0.015,0.015,1
"NEXMIF","NEXMIF",0.900369292752836,-0.185096804234325,0.042,0.043,1
"CHURC1","CHURC1",0.900495919147549,-0.383897464152796,0.039,0.038,1
"LIN9","LIN9",0.900577462875164,-0.323374503987512,0.035,0.035,1
"CPAMD8","CPAMD8",0.901851554076465,0.188948590714839,0.014,0.014,1
"ZNF221","ZNF221",0.90252591352503,-0.193644106773285,0.056,0.057,1
"FIGNL1","FIGNL1",0.903499059420498,-0.125521929788234,0.097,0.095,1
"TRO","TRO",0.904063253837763,-0.148592320283406,0.069,0.067,1
"ENSG00000229228","ENSG00000229228",0.90502471772598,-0.233645968458785,0.015,0.016,1
"RAP2C","RAP2C",0.905073690601168,-0.206424788207948,0.074,0.075,1
"PCP4","PCP4",0.907108341792792,-0.117016445005517,0.027,0.026,1
"NCAPH","NCAPH",0.907137507563319,-0.210560224765129,0.015,0.015,1
"SDC4","SDC4",0.907784551823429,0.463978173553027,0.015,0.015,1
"ZNF275","ZNF275",0.90788950573789,-0.105131426522512,0.079,0.08,1
"ENSG00000228651","ENSG00000228651",0.908304212740714,0.749783404530295,0.014,0.014,1
"LINC02316","LINC02316",0.909871634947486,0.391197515060729,0.021,0.021,1
"MEF2C","MEF2C",0.911166518176901,0.245174835529225,0.022,0.022,1
"PCDHB15","PCDHB15",0.911419818319951,-0.139543849056945,0.026,0.025,1
"CHIC2","CHIC2",0.91218587696184,-0.104237663831716,0.247,0.246,1
"VAMP8","VAMP8",0.912487583551955,-0.45594886214379,0.08,0.08,1
"PHYH","PHYH",0.912693740415035,0.122248341358524,0.037,0.036,1
"ENSG00000260755","ENSG00000260755",0.914116172228042,-0.284305253300053,0.016,0.016,1
"LINC02955","LINC02955",0.915667583535871,-0.214386371827055,0.016,0.016,1
"RWDD3-DT","RWDD3-DT",0.9157138648782,-0.157906465121178,0.205,0.202,1
"PJA1","PJA1",0.916280287666556,-0.141527043865493,0.062,0.06,1
"CNTN4","CNTN4",0.918247451992227,0.328551019893555,0.046,0.047,1
"ENSG00000258410","ENSG00000258410",0.918741382383627,0.109302883983543,0.22,0.226,1
"ENSG00000254907","ENSG00000254907",0.919315111176032,-0.327615422957687,0.017,0.017,1
"POLR1E","POLR1E",0.919356629356763,0.130097756610747,0.039,0.038,1
"CFAP20DC","CFAP20DC",0.920654536567712,0.106002603652738,0.062,0.061,1
"LHFPL3","LHFPL3",0.920718832705018,-0.112784436408821,0.107,0.105,1
"PCSK2","PCSK2",0.923558437182859,0.111712567909651,0.015,0.016,1
"FGF14-AS2","FGF14-AS2",0.924274359605423,-0.109426484538809,0.048,0.049,1
"SDSL","SDSL",0.924743441957438,-0.17540653197662,0.115,0.115,1
"ENSG00000265728","ENSG00000265728",0.92492002166717,-0.151294685249452,0.026,0.027,1
"NRG1","NRG1",0.926189612949879,0.193154811252222,0.082,0.081,1
"ENSG00000254538","ENSG00000254538",0.926553108130982,-0.13537238729319,0.096,0.094,1
"RHBDL1","RHBDL1",0.926683956859758,-0.273685050524004,0.022,0.022,1
"RHOF","RHOF",0.927420664630848,-0.386642242698393,0.017,0.018,1
"POU2F2","POU2F2",0.927529177204709,-0.111191144162357,0.021,0.021,1
"GAS6","GAS6",0.927893268768151,0.123881648988022,0.063,0.064,1
"ANGPTL4","ANGPTL4",0.928717730909096,-0.199167855940929,0.114,0.113,1
"ENSG00000282393","ENSG00000282393",0.928860575651661,-0.184480758708992,0.059,0.058,1
"ENSG00000284646","ENSG00000284646",0.929210604947123,-0.163303782974674,0.017,0.017,1
"PRB2","PRB2",0.930998545021929,-0.244304977611703,0.023,0.023,1
"FAM47E","FAM47E",0.93420418317057,-0.117717139222225,0.053,0.052,1
"ENSG00000282022","ENSG00000282022",0.934609897281332,-0.140412238001969,0.037,0.037,1
"MTHFR","MTHFR",0.935915372030132,0.109009170149788,0.219,0.218,1
"UQCRHL","UQCRHL",0.935927786750715,-0.168953082164864,0.022,0.022,1
"UBL7-DT","UBL7-DT",0.935957305815279,-0.17591499462262,0.109,0.107,1
"MOV10","MOV10",0.936734728512825,0.167911687965505,0.026,0.027,1
"NELL2","NELL2",0.937302404844546,-0.273014912451494,0.035,0.035,1
"FANCG","FANCG",0.938280624881558,0.107765438042519,0.027,0.027,1
"FAM220A","FAM220A",0.938614268869498,0.175065364125515,0.067,0.067,1
"ENSG00000203601","ENSG00000203601",0.939194609136201,-0.141542393106428,0.087,0.086,1
"RNF212","RNF212",0.939470072793967,-0.130827390104942,0.094,0.092,1
"NSMF","NSMF",0.939739080169892,-0.135089990543972,0.082,0.082,1
"ZFP36L1","ZFP36L1",0.939828237949243,-0.249440440367936,0.017,0.018,1
"ENSG00000255767","ENSG00000255767",0.940785592531468,-0.174613619066677,0.095,0.095,1
"DUOXA1","DUOXA1",0.940877501994687,0.276097845523364,0.019,0.018,1
"TTC5","TTC5",0.941219220088487,-0.185497054413222,0.095,0.095,1
"GLOD4","GLOD4",0.941297772064528,-0.142717303577663,0.144,0.141,1
"CHROMR","CHROMR",0.941359637353459,-0.2998189815719,0.044,0.042,1
"CACNA1E","CACNA1E",0.941608493629228,-0.286863762015551,0.03,0.031,1
"PCDHB10","PCDHB10",0.941775219513098,-0.205634277709126,0.037,0.037,1
"CUEDC2","CUEDC2",0.941931744624976,-0.11245257914143,0.27,0.265,1
"POLR2C","POLR2C",0.94197930816504,-0.136926607484601,0.139,0.137,1
"ADD2","ADD2",0.942521070125144,-0.120452710549927,0.017,0.018,1
"ENSG00000254129","ENSG00000254129",0.942660381887222,-0.119698986103097,0.113,0.112,1
"ADCY9","ADCY9",0.942752180446579,-0.10317023949397,0.122,0.122,1
"ANO2","ANO2",0.94331836634247,0.21982275906333,0.093,0.093,1
"ZBTB6","ZBTB6",0.943740791831005,0.225497106122637,0.091,0.091,1
"IFTAP","IFTAP",0.943861032234632,-0.117436652900865,0.162,0.162,1
"NEDD9","NEDD9",0.944257084125354,0.138672158831834,0.046,0.046,1
"LINC00393","LINC00393",0.945292631629437,-0.169402971897547,0.019,0.019,1
"FBXW10","FBXW10",0.945550144751824,-0.172363590259097,0.019,0.019,1
"C5AR1","C5AR1",0.947282854873559,-0.210427327601438,0.019,0.018,1
"SLC25A20","SLC25A20",0.94772914023617,-0.21633102205312,0.124,0.122,1
"LOC105379388","LOC105379388",0.949835097700268,0.313139323019902,0.017,0.016,1
"CD96","CD96",0.950864203885393,0.133668017996387,0.028,0.027,1
"ENSG00000279278","ENSG00000279278",0.951019526108481,-0.162738458523121,0.035,0.035,1
"ZSWIM1","ZSWIM1",0.951730281935231,-0.204139527955209,0.018,0.018,1
"LOC105369306","LOC105369306",0.95375186515305,-0.123318921294639,0.12,0.12,1
"RIPOR2","RIPOR2",0.953808575188259,-0.242991652492115,0.02,0.02,1
"ENSG00000275632","ENSG00000275632",0.954226598636465,0.177777554801776,0.016,0.016,1
"ADAMTS6","ADAMTS6",0.95450662286482,-0.254746692412308,0.02,0.02,1
"LXN","LXN",0.954549054770939,-0.186817672128263,0.018,0.018,1
"PEX39","PEX39",0.954718347453704,-0.172871253306448,0.084,0.082,1
"COPS5","COPS5",0.954728838239652,-0.150887348445604,0.078,0.078,1
"GOLGA6L9","GOLGA6L9",0.954955706514742,-0.362674629285865,0.021,0.021,1
"ZNF574","ZNF574",0.955182543185499,0.124345684627607,0.03,0.029,1
"ENSG00000272754","ENSG00000272754",0.955398501012938,-0.105768242355223,0.019,0.019,1
"PCDHB1-AS1","PCDHB1-AS1",0.955902822377976,-0.156627234267059,0.02,0.02,1
"ZSCAN5A-AS1","ZSCAN5A-AS1",0.95603285004078,-0.178943764242159,0.018,0.018,1
"HSPB8","HSPB8",0.956698381854001,0.133820475921672,0.019,0.019,1
"PPIL1","PPIL1",0.957837513978025,-0.191557513130345,0.072,0.071,1
"GPR158","GPR158",0.958242411165201,-0.152334584037042,0.753,0.707,1
"PDZK1","PDZK1",0.95908240097214,0.266577748612023,0.039,0.04,1
"SEZ6L","SEZ6L",0.959448631622986,0.215984051289671,0.018,0.018,1
"TGFBR3","TGFBR3",0.959594570615092,-0.37857510679601,0.018,0.018,1
"HEPHL1","HEPHL1",0.960110162286891,-0.152032562335974,0.017,0.017,1
"PCDHB13","PCDHB13",0.960488595399105,0.432647346386979,0.017,0.018,1
"ENSG00000263884","ENSG00000263884",0.961440289442758,-0.393390441890765,0.019,0.019,1
"RSPH6A","RSPH6A",0.961596543613235,-0.48315427703062,0.01,0.01,1
"GTSCR1","GTSCR1",0.961622817121318,-0.117735199868619,0.017,0.017,1
"AQP1","AQP1",0.961681241962753,0.184153084321952,0.015,0.015,1
"SLC12A3","SLC12A3",0.961681241962753,0.219369224881805,0.015,0.015,1
"SCIMP","SCIMP",0.961780321520733,-0.167001256398322,0.031,0.031,1
"ENSG00000255557","ENSG00000255557",0.962359567944982,-0.210922929982991,0.035,0.035,1
"LOC101927661","LOC101927661",0.962396016679161,-0.446667469849864,0.01,0.01,1
"ENSG00000261722","ENSG00000261722",0.962413391560146,-0.277595091275246,0.016,0.016,1
"ENSG00000244513","ENSG00000244513",0.962553629798743,-0.123644608335481,0.044,0.044,1
"ZNF837","ZNF837",0.963035244028053,0.470892463233707,0.015,0.014,1
"ENSG00000262580","ENSG00000262580",0.965555671220537,-0.177219904432611,0.05,0.049,1
"PEX16","PEX16",0.965658376592075,-0.135761133588871,0.205,0.201,1
"LERFS","LERFS",0.966535044979103,-0.102346334799597,0.284,0.277,1
"VRTN","VRTN",0.966593851962266,-0.101239778498516,0.01,0.01,1
"ENSG00000279652","ENSG00000279652",0.966615528737364,-0.313167571856957,0.017,0.017,1
"PCDHB9","PCDHB9",0.967110324248806,-0.203409687740787,0.017,0.016,1
"HAUS2","HAUS2",0.967152607891839,-0.109755475409978,0.169,0.167,1
"WDR35-DT","WDR35-DT",0.968735677514529,-0.204790709738464,0.03,0.03,1
"ABCF2-H2BK1","ABCF2-H2BK1",0.96959287944097,-0.150871776545067,0.01,0.01,1
"CDC20","CDC20",0.969792830366403,-0.162626796285352,0.01,0.01,1
"ENSG00000266268","ENSG00000266268",0.969823273442182,0.436703999045739,0.014,0.014,1
"LOC102724323","LOC102724323",0.970392694485713,-0.147757856722008,0.01,0.01,1
"BNC2","BNC2",0.970401893184218,-0.118144649580382,0.021,0.022,1
"HLA-E","HLA-E",0.970645848197125,0.165580994495194,0.019,0.02,1
"LINC01992","LINC01992",0.970822129924426,-0.121495468133413,0.1,0.099,1
"ENSG00000277954","ENSG00000277954",0.971175739591594,-0.153740136886224,0.03,0.029,1
"PUS1","PUS1",0.97139970558223,-0.131712765718,0.117,0.114,1
"CCDC69","CCDC69",0.97179244198668,0.117222094603505,0.01,0.01,1
"TMEM138","TMEM138",0.972776812460688,0.116109230257221,0.07,0.07,1
"ENSG00000273618","ENSG00000273618",0.972804715435088,-0.41638009291182,0.01,0.01,1
"CD109","CD109",0.973282612019581,-0.222465435727342,0.016,0.016,1
"SMIM26","SMIM26",0.973392259562038,0.192299785208466,0.01,0.01,1
"ARHGEF17","ARHGEF17",0.973792230934997,0.100862253543983,0.01,0.01,1
"LINC02449","LINC02449",0.974777515900924,0.139316781966717,0.03,0.031,1
"SNAPC1","SNAPC1",0.975417532157499,-0.153355658955589,0.147,0.143,1
"ALB","ALB",0.975513667876638,-0.187689046016043,0.01,0.01,1
"ATP13A5","ATP13A5",0.975604045506669,-0.117882325754587,0.023,0.023,1
"NEBL","NEBL",0.975685681342531,0.163040802641572,0.039,0.039,1
"MFSD2A","MFSD2A",0.975912688990197,-0.157896674956806,0.022,0.022,1
"APOBEC2","APOBEC2",0.975953895347884,0.124616741565736,0.021,0.022,1
"IFT46","IFT46",0.97601522116644,-0.215111168778897,0.123,0.122,1
"LTV1","LTV1",0.976161798966433,-0.140553248140534,0.03,0.029,1
"TBC1D10A","TBC1D10A",0.977367785591854,0.246508670601155,0.035,0.035,1
"ENSG00000271789","ENSG00000271789",0.977698358521013,0.288453182662714,0.02,0.02,1
"LAMC3","LAMC3",0.977905030918406,0.266928296652218,0.057,0.058,1
"KBTBD8","KBTBD8",0.978233645075547,-0.224422324132163,0.023,0.023,1
"ENSG00000278740","ENSG00000278740",0.978315555549462,-0.2425817754918,0.031,0.031,1
"PDE5A","PDE5A",0.978368360885639,-0.171107251312781,0.285,0.279,1
"SLC30A8","SLC30A8",0.978416429545733,-0.14955440847271,0.01,0.01,1
"HDAC10","HDAC10",0.978878876653217,0.277795981914966,0.021,0.021,1
"TEDC1","TEDC1",0.979799283989249,-0.266308383479804,0.076,0.075,1
"MIF","MIF",0.980158226209126,-0.102150842124888,0.01,0.01,1
"LEMD1","LEMD1",0.980674074975066,-0.222059250178289,0.015,0.015,1
"PDE6A","PDE6A",0.981318152711092,-0.215054460909902,0.015,0.015,1
"ENSG00000282890","ENSG00000282890",0.981642518160805,0.152827877638504,0.021,0.022,1
"CHST14","CHST14",0.982674319564177,0.122267075030103,0.01,0.01,1
"MED17","MED17",0.983295635477947,-0.230400910323444,0.011,0.011,1
"GPR156","GPR156",0.983577672178858,-0.137768674484113,0.026,0.026,1
"RIDA","RIDA",0.98364693002486,-0.114657463072839,0.111,0.11,1
"SPATA4","SPATA4",0.983858625784685,-0.220646104563602,0.011,0.011,1
"ENSG00000242553","ENSG00000242553",0.984826298775676,0.120785199445178,0.042,0.042,1
"HSH2D","HSH2D",0.984959256924507,-0.407740813347623,0.012,0.012,1
"CPNE8","CPNE8",0.985568929216282,0.278183907542832,0.013,0.013,1
"TBC1D9","TBC1D9",0.985577716782067,0.146068236170355,0.01,0.01,1
"RINL","RINL",0.986082487260021,-0.359237889141544,0.015,0.014,1
"SLC12A4","SLC12A4",0.986679222066792,-0.47056837157046,0.014,0.014,1
"ENSG00000197585","ENSG00000197585",0.986802131394752,-0.313298157105978,0.029,0.029,1
"MYO5C","MYO5C",0.987508028661618,0.17198689214368,0.038,0.038,1
"SAAL1","SAAL1",0.987782280680957,-0.196627983151219,0.102,0.1,1
"LOC105372146","LOC105372146",0.987799767317793,-0.108322882497482,0.011,0.011,1
"H4C16","H4C16",0.988094150271318,0.398804579670499,0.01,0.01,1
"HMGA2","HMGA2",0.988287727303446,0.308874131253111,0.01,0.01,1
"AKIP1","AKIP1",0.988463395991183,-0.115726320914873,0.131,0.13,1
"ENSG00000251309","ENSG00000251309",0.989103260969599,0.1090629362302,0.045,0.045,1
"ENSG00000260223","ENSG00000260223",0.989334431737044,-0.285600328110623,0.012,0.012,1
"EIF3C","EIF3C",0.989376921480043,-0.105897558014409,0.014,0.014,1
"ZNF525","ZNF525",0.990787996521289,0.11070338401651,0.107,0.108,1
"PLAC1","PLAC1",0.991741206588336,0.395744539678533,0.011,0.011,1
"CTSS","CTSS",0.992616030540326,-0.462553140383555,0.012,0.012,1
"ENSG00000220256","ENSG00000220256",0.992679677818643,0.13974866606397,0.011,0.011,1
"TC2N","TC2N",0.99361815917689,0.209030648724821,0.011,0.011,1
"KLHL23","KLHL23",0.993737381780688,-0.170389661898218,0.206,0.202,1
"ENSG00000253687","ENSG00000253687",0.993929548629446,-0.363532493282925,0.014,0.014,1
"TBC1D4","TBC1D4",0.994241660143655,0.408339934690566,0.021,0.022,1
"GAS1","GAS1",0.994714091028652,-0.307324123888499,0.027,0.027,1
"PTMS","PTMS",0.995533113849353,-0.186059031572928,0.012,0.012,1
"ENSG00000269978","ENSG00000269978",0.995592688632119,-0.190677461458699,0.013,0.013,1
"ENSG00000261613","ENSG00000261613",0.995654643609845,0.237389104268111,0.04,0.041,1
"TARDBP","TARDBP",0.996075482358853,-0.242363086811533,0.026,0.025,1
"FLVCR1-DT","FLVCR1-DT",0.997358915295707,-0.137603709643705,0.055,0.054,1
"TSPAN6","TSPAN6",0.998085612057682,0.117473469815725,0.012,0.012,1
"ANKRD55","ANKRD55",0.998267934417384,0.244319734034574,0.012,0.012,1
"CACNA1I","CACNA1I",0.998530889569905,-0.164572019326192,0.013,0.013,1
"ENSG00000256661","ENSG00000256661",0.998736066897608,-0.138896217044506,0.039,0.039,1
"CLN8-AS1","CLN8-AS1",0.999253444155336,-0.183402281081916,0.149,0.145,1
"POLQ","POLQ",0.999544192934528,0.183506761576436,0.012,0.012,1
