"","Gene_Symbol","p_val","avg_log2FC","pct.1","pct.2","p_val_adj"
"NEAT1","NEAT1",4.74536614578592e-280,1.63719480144374,0.999,0.995,1.26876854639878e-275
"RANBP3L","RANBP3L",1.50010626714091e-154,1.59760652776476,0.872,0.637,4.01083412645465e-150
"SLC39A11","SLC39A11",6.72763175878927e-145,1.11640110071149,0.965,0.918,1.79876690334749e-140
"COL27A1","COL27A1",2.13647695118325e-138,1.69907849324751,0.788,0.428,5.71229842437867e-134
"CHI3L1","CHI3L1",5.7068637028365e-136,2.95718755295639,0.675,0.293,1.52584414822739e-131
"SMTN","SMTN",1.76988963510734e-124,2.82141267615526,0.566,0.164,4.7321539173865e-120
"SLC38A2","SLC38A2",8.97785283597084e-110,2.68094522073482,0.462,0.095,2.40040851275352e-105
"MRPS6","MRPS6",9.23826902679321e-107,2.2788546019367,0.539,0.172,2.4700359896937e-102
"CLIP2","CLIP2",2.61200333301681e-88,2.04599772987981,0.541,0.207,6.98371331148703e-84
"LINC00298","LINC00298",4.82604057333114e-67,-1.10393796143977,0.454,0.731,1.29033846809155e-62
"COL5A3","COL5A3",2.59213025098087e-65,1.38750236620094,0.735,0.503,6.93057865204756e-61
"ENSG00000271904","ENSG00000271904",3.68515148806361e-64,-1.37528122932346,0.249,0.557,9.85298953363568e-60
"SLC14A1","SLC14A1",9.68430161565532e-63,-0.945414537744048,0.845,0.925,2.58929172297776e-58
"CDKL1","CDKL1",9.81985639373944e-60,1.87461939489827,0.412,0.149,2.62553500399411e-55
"PFKP","PFKP",1.51642703735896e-59,1.39175733372298,0.601,0.356,4.05447096978664e-55
"ENSG00000274265","ENSG00000274265",2.67548985970956e-59,0.862219863691708,0.847,0.723,7.15345723790546e-55
"IFRD1","IFRD1",4.10839047744966e-59,1.7609249428479,0.518,0.275,1.09846036195571e-54
"CIRBP","CIRBP",6.10030294022921e-59,-1.18297130670042,0.308,0.607,1.63103799712908e-54
"SNAP25","SNAP25",2.28840325184026e-58,1.95851765086561,0.451,0.194,6.1185037744453e-54
"ZMAT1","ZMAT1",4.6883771766983e-58,-1.20539434165026,0.313,0.6,1.25353140573382e-53
"AHCYL1","AHCYL1",7.28415613442815e-58,-0.612411975274683,0.905,0.965,1.94756482566205e-53
"ASB18","ASB18",2.24090842506911e-57,3.73797427672137,0.239,0.037,5.99151685610728e-53
"LINC02649","LINC02649",2.43030561624044e-57,-1.63871047172655,0.179,0.449,6.49790812614207e-53
"ENSG00000226994","ENSG00000226994",9.58785067935015e-57,-1.72740913306046,0.161,0.432,2.56350363613785e-52
"NPAS2","NPAS2",1.07287690001957e-56,1.06202576744142,0.761,0.615,2.86855096758234e-52
"NPAS3","NPAS3",1.26833377802091e-55,-0.418610810755154,0.995,0.994,3.39114402229451e-51
"SAMD4A","SAMD4A",9.80190674661195e-55,0.780102214362578,0.892,0.791,2.62073580684164e-50
"LSMEM1","LSMEM1",7.73436451766835e-54,3.46225132052247,0.214,0.028,2.06793704108899e-49
"NEDD4L","NEDD4L",3.90714610779574e-52,1.10729271273167,0.654,0.417,1.04465365484135e-47
"SASH1","SASH1",6.32461705952281e-52,0.585241845324602,0.955,0.916,1.69101286320461e-47
"ABHD2","ABHD2",7.71685850343543e-52,1.09736290423372,0.682,0.503,2.06325645806353e-47
"USP38-DT","USP38-DT",1.46082713514235e-51,-1.40851759732036,0.252,0.515,3.9058135112301e-47
"PITPNC1","PITPNC1",1.69886091776354e-51,-0.50466516508348,0.989,0.99,4.54224443582437e-47
"TXNIP","TXNIP",8.43803805271399e-51,-1.62253965258414,0.115,0.361,2.25607823415414e-46
"TNRC6A","TNRC6A",1.01142601827729e-50,0.498996899399585,0.982,0.963,2.70424974506799e-46
"ENSG00000285106","ENSG00000285106",1.75035360195807e-50,0.567233111535421,0.961,0.938,4.67992042555529e-46
"HSPH1","HSPH1",2.3390864358824e-50,1.93264056293382,0.295,0.079,6.25401540361878e-46
"NRXN1","NRXN1",3.75277947437261e-50,-0.493164218217937,0.969,0.987,1.00338064806301e-45
"KCNE4","KCNE4",1.05494555869914e-49,3.21310445511088,0.222,0.037,2.82060794029389e-45
"ENSG00000275294","ENSG00000275294",4.91513364584208e-48,-1.78295191535023,0.086,0.309,1.3141592828888e-43
"AGBL4","AGBL4",5.10496739194499e-48,-0.945601386337073,0.47,0.702,1.36491513158433e-43
"MIR9-1HG","MIR9-1HG",3.55954933666473e-47,-0.63566398995797,0.727,0.871,9.51716706144048e-43
"ACSS1","ACSS1",3.75117383029477e-47,-0.931593772906565,0.449,0.689,1.00295134700591e-42
"ENSG00000272865","ENSG00000272865",5.99386025744224e-47,-1.98999819029154,0.059,0.259,1.60257841703233e-42
"LINC01376","LINC01376",8.75198270742636e-47,-1.91931218560493,0.098,0.313,2.34001761648459e-42
"OLMALINC","OLMALINC",1.28899454116698e-46,1.16229428815252,0.567,0.343,3.44638470471815e-42
"FAM66D","FAM66D",1.98837889372825e-46,-1.3875142839445,0.194,0.443,5.31632864816123e-42
"OGFRL1","OGFRL1",3.07785604977125e-46,0.831344695819305,0.797,0.689,8.22926372027339e-42
"DANT2","DANT2",3.76904494197734e-46,-0.765311742986465,0.509,0.764,1.00772954613648e-41
"ITPRID1","ITPRID1",1.07211805545261e-45,1.65308900948373,0.465,0.233,2.86652204486365e-41
"PCDH9","PCDH9",6.8059841420068e-45,-0.367086020199541,0.999,0.997,1.81971598004836e-40
"SLC7A11","SLC7A11",7.10575489808624e-45,0.950841201054099,0.809,0.724,1.89986568710132e-40
"SLC1A3","SLC1A3",1.05306774146828e-44,-0.624567359091661,0.885,0.928,2.81558722036373e-40
"LRIG1","LRIG1",1.58300575324781e-44,-0.709602420560804,0.77,0.873,4.23248248245867e-40
"ENSG00000239381","ENSG00000239381",3.37729741882807e-44,-2.00303226019463,0.078,0.279,9.0298801087206e-40
"ANAPC16","ANAPC16",1.45810366820032e-43,1.18965143800257,0.525,0.301,3.8985317776672e-39
"SLC4A4","SLC4A4",1.69042180791387e-43,-0.72932467220949,0.781,0.883,4.51968078781932e-39
"PSMD7-DT","PSMD7-DT",1.0517741119708e-42,-1.62390495318802,0.128,0.346,2.81212844317633e-38
"IGFBP5","IGFBP5",1.41246379567883e-42,1.99299168887979,0.277,0.082,3.77650445050649e-38
"MRAS","MRAS",3.29232177553901e-42,0.744309674345002,0.797,0.653,8.80268073125865e-38
"IRS2","IRS2",5.75264941007976e-42,0.965333104612539,0.662,0.484,1.53808587277303e-37
"LCOR","LCOR",1.01599205528365e-41,0.957333251360222,0.664,0.503,2.7164579582119e-37
"RFX2","RFX2",1.45593088523549e-41,0.787534262792807,0.75,0.595,3.89272240785412e-37
"PDE4DIP","PDE4DIP",1.89386133361577e-41,0.445745169525663,0.966,0.945,5.06361704768849e-37
"HSP90AA1","HSP90AA1",5.01830993024411e-41,0.885679799243138,0.672,0.486,1.34174552604937e-36
"MEIS2","MEIS2",1.9869189264883e-39,0.918170561395436,0.614,0.392,5.31242513375177e-35
"PREX2","PREX2",2.64016614376736e-39,-0.646379771047432,0.728,0.844,7.05901221859078e-35
"DPY19L3","DPY19L3",3.07582326662324e-39,-1.21365763926499,0.252,0.476,8.22382866797054e-35
"LINC01748","LINC01748",8.91860663809896e-39,-0.841915071111661,0.457,0.677,2.38456785682852e-34
"B4GALNT4","B4GALNT4",2.60129899806487e-38,1.10373273008477,0.597,0.402,6.95509313112604e-34
"TAFA5","TAFA5",3.9943235370879e-38,0.754883393953613,0.736,0.57,1.06796228411119e-33
"SPARC","SPARC",4.26469965307196e-38,1.06236287308157,0.697,0.552,1.14025274624185e-33
"STK32A","STK32A",1.15402210234949e-37,0.689642059603357,0.828,0.685,3.08550889505183e-33
"TMEM72-AS1","TMEM72-AS1",1.17941546429101e-37,-1.53939493701903,0.09,0.28,3.15340312687486e-33
"FBXO2","FBXO2",1.55688455079318e-37,1.53944241246166,0.361,0.161,4.16264222345572e-33
"PTPRT","PTPRT",3.40132954654188e-37,3.59922233277278,0.203,0.05,9.09413480858903e-33
"TSHZ2","TSHZ2",3.86228224669786e-37,0.765202094877989,0.806,0.653,1.03265840429961e-32
"AKAP6","AKAP6",5.77250734061007e-37,-0.787737284262139,0.503,0.712,1.54339528765891e-32
"ADHFE1","ADHFE1",6.41959664204325e-37,-1.36067437077619,0.162,0.368,1.7164075541831e-32
"SHISA9","SHISA9",1.07306059965386e-36,2.16524978863161,0.239,0.072,2.86904212529451e-32
"ITPR2","ITPR2",5.68595036534776e-36,-0.51817535105303,0.819,0.897,1.52025254918303e-31
"NDRG2","NDRG2",7.291979558817e-36,0.673492169569316,0.867,0.79,1.9496565746409e-31
"BCL6","BCL6",3.60607317891602e-35,0.642123747030568,0.842,0.783,9.64155785846776e-31
"HSPB1","HSPB1",6.46669212468956e-35,1.07248841387375,0.503,0.286,1.72899947337825e-30
"KCNJ10","KCNJ10",8.07666241166504e-35,1.01772678993829,0.522,0.32,2.15945722900688e-30
"PRANCR","PRANCR",1.65610615218941e-34,-1.77636755339551,0.125,0.307,4.42793101910884e-30
"CAPN2","CAPN2",2.97887220990793e-34,0.852806213209553,0.638,0.485,7.96461062763084e-30
"SYBU","SYBU",3.11424969858229e-34,1.02385497152156,0.541,0.355,8.32656941909948e-30
"LINC00862","LINC00862",3.99279545752239e-34,2.13089817688012,0.201,0.05,1.06755372147776e-29
"GEM","GEM",4.84668430939578e-34,1.87295238161006,0.253,0.085,1.29585798380315e-29
"RASL10A","RASL10A",6.2131044093424e-34,-2.27498370991178,0.032,0.171,1.66119772592588e-29
"ALDH1A1","ALDH1A1",6.4431944364357e-34,-1.05257439221229,0.372,0.575,1.72271689646981e-29
"LINC00499","LINC00499",7.84269601368496e-34,1.53436981872574,0.462,0.283,2.09690163317895e-29
"PLCB4","PLCB4",9.54665784400229e-34,1.68442891182769,0.293,0.117,2.55248990775089e-29
"ENSG00000232104","ENSG00000232104",1.11976566792313e-33,-0.944756400366688,0.33,0.548,2.99391746632608e-29
"DPH6","DPH6",1.3674780789723e-33,-0.986049976179315,0.32,0.538,3.65622613974824e-29
"DDX17","DDX17",1.81358961380943e-33,0.428670022289112,0.929,0.916,4.84899455044227e-29
"ABCA1","ABCA1",2.65627775561101e-33,0.599883321738164,0.816,0.703,7.10208983517716e-29
"ZIC1","ZIC1",2.81166412170284e-33,-1.33532366796086,0.156,0.349,7.51754636219687e-29
"FARP1","FARP1",3.75981648526413e-33,-0.618095930193116,0.638,0.804,1.00526213366507e-28
"ITGB4","ITGB4",4.59115239238047e-33,-0.745139995133743,0.541,0.723,1.22753641515077e-28
"CD38","CD38",5.26811415144195e-33,-1.15462042485609,0.171,0.373,1.40853568067103e-28
"SYNE1","SYNE1",5.82896242234567e-33,-0.544095810764184,0.758,0.858,1.55848968286256e-28
"P4HA1","P4HA1",2.16423470373476e-32,0.913151557062742,0.596,0.422,5.78651432737564e-28
"LINC03082","LINC03082",2.30619854849221e-32,1.48486141482899,0.349,0.163,6.16608305910363e-28
"PPP1R9A-AS1","PPP1R9A-AS1",2.64059449615407e-32,-1.02543041583605,0.346,0.555,7.06015750436714e-28
"TUBB2B","TUBB2B",5.20272214427849e-32,-1.11748448005317,0.221,0.427,1.39105181971574e-27
"ADCY1","ADCY1",7.02408403349853e-32,-1.33189626784949,0.164,0.355,1.8780293480365e-27
"TARBP1","TARBP1",9.54918812088538e-32,-1.27755696565613,0.118,0.303,2.55316642788112e-27
"GLUD1","GLUD1",1.10575343050093e-31,-0.668699482014892,0.614,0.763,2.95645294713034e-27
"NFIB","NFIB",1.93141041102168e-31,0.507588534040736,0.906,0.848,5.16401201594866e-27
"BOC","BOC",5.15260145056443e-31,0.674165450938198,0.773,0.656,1.37765104983741e-26
"F11-AS1","F11-AS1",9.86889639110961e-31,-2.84444365399476,0.017,0.132,2.63864682809098e-26
"GLIS3","GLIS3",1.35443176610186e-30,0.453290427522381,0.949,0.932,3.62134421302654e-26
"ENSG00000250938","ENSG00000250938",1.41649241179634e-30,-0.935979819480861,0.316,0.512,3.78727576141988e-26
"PPP2R2B","PPP2R2B",2.1341699179344e-30,-0.335138190145101,0.983,0.985,5.7061301095812e-26
"PNPLA6","PNPLA6",3.04939429692703e-30,1.46988759942231,0.321,0.146,8.1531655316938e-26
"ETNPPL","ETNPPL",4.44759970374766e-30,-0.760284928454593,0.545,0.69,1.18915473279101e-25
"COL8A1","COL8A1",4.57920365802241e-30,2.05900741539157,0.214,0.068,1.22434168204545e-25
"SGCD","SGCD",4.58096347412814e-30,-0.804957503132717,0.265,0.482,1.22481220407764e-25
"PTGES3","PTGES3",6.78812653720693e-30,1.19447015048035,0.404,0.223,1.81494139225302e-25
"LOC101927314","LOC101927314",7.22090294515475e-30,-0.97753835861974,0.287,0.497,1.93065282044603e-25
"ADAM33","ADAM33",8.245457245772e-30,1.80679724624609,0.249,0.093,2.20458790380206e-25
"AKAP9","AKAP9",1.06010490378258e-29,-0.692409269559358,0.52,0.705,2.83440248124349e-25
"ARMH1","ARMH1",1.2485779755081e-29,-0.952240111580421,0.202,0.4,3.33832293311602e-25
"GRK3","GRK3",1.405058021765e-29,0.696905287969123,0.748,0.631,3.75670363279308e-25
"MGAT4C","MGAT4C",1.45416489652702e-29,-0.483793463414491,0.829,0.9,3.88800068384429e-25
"CACNA2D3","CACNA2D3",1.76940124333752e-29,-0.68778565183946,0.791,0.879,4.73084810431152e-25
"ENSG00000233797","ENSG00000233797",1.78454563713588e-29,-1.71104620249627,0.095,0.253,4.77133967001021e-25
"UPP2","UPP2",2.11845749534743e-29,-1.04588490324292,0.168,0.362,5.66411980531042e-25
"ENSG00000259255","ENSG00000259255",2.17967744742194e-29,-0.706361176109815,0.563,0.742,5.82780359117203e-25
"ADAMTS9-AS2","ADAMTS9-AS2",2.57772883942762e-29,0.784165384183322,0.666,0.517,6.89207359797764e-25
"GNAS","GNAS",4.0919886340019e-29,0.820075581164817,0.619,0.46,1.09407500107309e-24
"ENSG00000258561","ENSG00000258561",4.90172829510457e-29,-1.69609462810313,0.051,0.189,1.31057509426211e-24
"EBF1","EBF1",5.27769798186826e-29,1.32462854803612,0.348,0.169,1.41109810941212e-24
"GSN","GSN",5.27821720106313e-29,0.69313864834969,0.723,0.585,1.41123693304825e-24
"ZBTB20","ZBTB20",5.94894798502287e-29,0.27823662781014,0.996,0.993,1.59057022275556e-24
"MALAT1","MALAT1",6.11043912527492e-29,-0.302447394856712,1,0.999,1.63374810892475e-24
"UBASH3B","UBASH3B",2.35020063513336e-28,1.93878775407149,0.194,0.057,6.28373143815605e-24
"GRIK2","GRIK2",2.48946935870092e-28,-1.8552345468661,0.072,0.217,6.65609422435865e-24
"LDB2","LDB2",4.29294011835613e-28,1.1710652719749,0.376,0.194,1.14780339944488e-23
"DAB1","DAB1",5.99814762257133e-28,1.29538246167613,0.392,0.219,1.6037247298469e-23
"NALF1","NALF1",6.55924975854659e-28,-0.527733870097802,0.827,0.882,1.7537466079426e-23
"OLFM2","OLFM2",1.07613645801295e-27,0.95827389291343,0.508,0.333,2.87726604778923e-23
"SRRM2","SRRM2",1.12005183524518e-27,0.746980542604676,0.624,0.483,2.99468259189504e-23
"LINGO1","LINGO1",1.20112015707125e-27,-1.14427314209227,0.155,0.334,3.21143496396139e-23
"SLC9B1","SLC9B1",1.4999966794882e-27,-1.79994945795767,0.045,0.175,4.0105411219476e-23
"CACNB2","CACNB2",1.80721129379251e-27,0.632499127278847,0.832,0.763,4.83194083621303e-23
"EYA1","EYA1",2.20680320719749e-27,-0.65767228807593,0.5,0.678,5.90032973508392e-23
"PRKG1","PRKG1",5.61687444187149e-27,-0.593684340857136,0.642,0.801,1.50178371952318e-22
"APBA2","APBA2",6.01827822473473e-27,0.752489912451089,0.68,0.58,1.60910704894733e-22
"CSGALNACT1","CSGALNACT1",6.08615615255789e-27,-0.583763128084424,0.736,0.83,1.6272555705094e-22
"SDS","SDS",8.70503396191888e-27,-1.82110392307312,0.048,0.176,2.32746493039825e-22
"DNAJB6","DNAJB6",1.13314689595642e-26,1.12091316999535,0.373,0.199,3.02969485571868e-22
"TMEM232","TMEM232",1.15526090171376e-26,-0.748914412976119,0.394,0.589,3.08882107291209e-22
"SHANK2","SHANK2",1.26195088377332e-26,-1.33290389095275,0.095,0.249,3.37407807794472e-22
"LMO3","LMO3",1.56411077541854e-26,-0.773121439409378,0.445,0.613,4.18196298023656e-22
"AQP4-AS1","AQP4-AS1",1.77020091889251e-26,-0.890325010933819,0.422,0.609,4.73298619684291e-22
"SYNM","SYNM",2.95093837528914e-26,1.36123262191723,0.34,0.178,7.88992393401058e-22
"ENSG00000253320","ENSG00000253320",4.23125376659816e-26,-0.816321738287198,0.241,0.437,1.13131031957535e-21
"RGS20","RGS20",5.0899817942057e-26,-1.21416904837521,0.172,0.342,1.36090843231678e-21
"LIFR","LIFR",5.88822266717071e-26,-0.463675566811951,0.867,0.925,1.57433409452143e-21
"WBP2NL","WBP2NL",6.301885105168e-26,-1.23961129229922,0.12,0.279,1.68493502056877e-21
"SEM1","SEM1",8.73362941218864e-26,0.953202448599377,0.463,0.295,2.33511049593688e-21
"TMT1A","TMT1A",9.53906992504717e-26,0.746595796895381,0.639,0.486,2.55046112585986e-21
"AASS","AASS",1.02059128895786e-25,-0.973566521710503,0.214,0.393,2.72875492928664e-21
"FGFR1","FGFR1",1.02240795940388e-25,0.856015181107175,0.543,0.378,2.73361216105816e-21
"S100A6","S100A6",1.27539082283691e-25,1.71995346769651,0.234,0.095,3.41001244301905e-21
"ATP1A2","ATP1A2",1.85720729993089e-25,0.344300530491072,0.951,0.929,4.96561515782522e-21
"ENSG00000259275","ENSG00000259275",2.03491846436436e-25,-1.45689725267904,0.067,0.202,5.44076149817099e-21
"STARD13","STARD13",3.21402132105161e-25,0.473678598590653,0.861,0.789,8.59332880609568e-21
"MT2A","MT2A",3.77072480425956e-25,0.606014709121559,0.749,0.629,1.00817869091488e-20
"ITGB8","ITGB8",3.91211551420513e-25,0.574073134920684,0.789,0.713,1.04598232503303e-20
"DPP10","DPP10",4.00091865510109e-25,-0.794652877229563,0.47,0.647,1.06972562081438e-20
"ATRNL1","ATRNL1",4.07148547667301e-25,2.86752777530977,0.139,0.032,1.08859307189806e-20
"CHDH","CHDH",4.69215759110564e-25,1.13210585457482,0.358,0.194,1.25454217513391e-20
"TMEM38A","TMEM38A",4.69263154829654e-25,0.982646914364627,0.432,0.261,1.25466889706804e-20
"KAT2A","KAT2A",4.84824502139142e-25,0.800119840447644,0.522,0.341,1.29627527136942e-20
"H3-3B","H3-3B",7.25280540373637e-25,-1.45519795387387,0.134,0.288,1.93918258079699e-20
"ADD3","ADD3",7.65580460560729e-25,-0.624241086109914,0.594,0.726,2.04693247740122e-20
"FAM66C","FAM66C",7.75129789458505e-25,-0.962130289385485,0.143,0.313,2.0724645180752e-20
"ARHGAP24","ARHGAP24",1.21148211076253e-24,-1.07852413235743,0.219,0.391,3.23913971954578e-20
"MT1G","MT1G",1.24336735044112e-24,1.22685278064547,0.373,0.208,3.32439128487443e-20
"LOC101927468","LOC101927468",1.33055225881806e-24,-0.926187624824067,0.129,0.295,3.55749757440186e-20
"UTRN","UTRN",1.33929337808906e-24,0.515072736616166,0.847,0.797,3.58086870499672e-20
"CAP2","CAP2",1.37053298338944e-24,2.12950421777738,0.161,0.046,3.66439403768834e-20
"YARS1","YARS1",2.78491698875465e-24,1.12727815504867,0.317,0.157,7.4460325528333e-20
"ZNF518A","ZNF518A",2.7997730222227e-24,-0.777018887320998,0.368,0.54,7.48575312951683e-20
"NPL","NPL",4.18494335049009e-24,-0.457348329025824,0.796,0.888,1.11892830362053e-19
"SPACA6","SPACA6",4.32412067977696e-24,1.30432741444058,0.274,0.124,1.15614014615196e-19
"ENTPD2","ENTPD2",4.70633021889898e-24,-1.21540540735426,0.151,0.313,1.25833151062702e-19
"STON2","STON2",4.92689730228002e-24,-0.615191196487348,0.537,0.687,1.31730453171061e-19
"ENSG00000257060","ENSG00000257060",5.55194225177522e-24,-0.898560811608892,0.244,0.424,1.48442279985714e-19
"ATP2B4","ATP2B4",5.76483504756202e-24,0.480564123208251,0.792,0.692,1.54134394666666e-19
"PLXNA4","PLXNA4",5.90410296119586e-24,1.52968636548735,0.285,0.139,1.57858000873494e-19
"S100B","S100B",6.40929823485809e-24,-0.647268644700322,0.26,0.453,1.71365406905401e-19
"OSBPL11","OSBPL11",7.09133379264658e-24,-0.676340855449713,0.503,0.646,1.89600991613992e-19
"CRB1","CRB1",7.43338874082984e-24,-0.701980243867485,0.418,0.597,1.98746514763567e-19
"MYH15","MYH15",8.70105611203358e-24,-1.90424238909338,0.016,0.109,2.32640137267442e-19
"HMGN1","HMGN1",1.07873638195406e-23,-1.19950818218243,0.099,0.243,2.88421746443057e-19
"IGFBP7","IGFBP7",1.08122084790489e-23,0.808674768212917,0.576,0.434,2.89086018104331e-19
"TMEM108","TMEM108",1.29076471547508e-23,-0.710158178536705,0.374,0.555,3.45111761976571e-19
"C11orf65","C11orf65",1.32605933266061e-23,-1.51315266493949,0.061,0.187,3.54548483773468e-19
"RYR3","RYR3",1.37701873367993e-23,-0.36145257252424,0.934,0.959,3.68173498824004e-19
"LOC101926964","LOC101926964",1.52982969438065e-23,-0.661940092349929,0.382,0.564,4.09030565386555e-19
"NEBL","NEBL",1.62389368512015e-23,0.321797419687523,0.97,0.959,4.34180454590573e-19
"KREMEN1","KREMEN1",1.66169368579091e-23,-1.01315778427207,0.15,0.313,4.44287040769916e-19
"MAML2","MAML2",2.17438294106336e-23,0.434420406432224,0.925,0.888,5.81364766952112e-19
"NUPR1","NUPR1",2.63487867744477e-23,1.31289108001555,0.303,0.154,7.04487511988408e-19
"AHI1-DT","AHI1-DT",2.9866322142273e-23,-1.19844947937764,0.131,0.28,7.98535855117953e-19
"SNAP25-AS1","SNAP25-AS1",4.1474344372596e-23,1.85528695256942,0.19,0.068,1.1088995454901e-18
"FGFR3","FGFR3",4.24100476860341e-23,-0.490391045919075,0.623,0.806,1.13391744498149e-18
"TMOD1","TMOD1",4.80906330966758e-23,1.87049403137516,0.169,0.054,1.28579925710582e-18
"ENSG00000237919","ENSG00000237919",6.58945789381178e-23,-1.01374590257085,0.096,0.24,1.76182335706846e-18
"DNAJA1","DNAJA1",7.30149977246143e-23,1.58123794538673,0.18,0.06,1.95220199416301e-18
"RNF24","RNF24",9.57313644237427e-23,0.776793005101764,0.563,0.416,2.55956949059761e-18
"REV3L","REV3L",1.39877599341736e-22,-0.507350294019213,0.733,0.846,3.7399073736e-18
"CHST11","CHST11",1.88760598924569e-22,0.66738481390309,0.72,0.625,5.04689213344621e-18
"DDX3Y","DDX3Y",2.26919786243675e-22,1.32080981902128,0.26,0.12,6.06715432479714e-18
"SERPINH1","SERPINH1",2.49575991812458e-22,1.91225536051654,0.13,0.031,6.67291329308969e-18
"BNIP3L","BNIP3L",2.59948041475145e-22,1.03744254177337,0.441,0.292,6.95023078492096e-18
"ZC2HC1A","ZC2HC1A",2.71950547041139e-22,-0.937611042524581,0.203,0.37,7.27114177623892e-18
"NAALADL2","NAALADL2",2.9704592299149e-22,-0.701196071769976,0.476,0.635,7.94211684302347e-18
"GBP2","GBP2",3.51075256087121e-22,2.79107705994048,0.111,0.021,9.38669912200136e-18
"DST","DST",3.51336753080613e-22,-0.277208030047646,0.974,0.983,9.39369076711636e-18
"ANKRD36C","ANKRD36C",5.51057841583476e-22,-0.898211297685001,0.214,0.38,1.47336335104174e-17
"ASPH","ASPH",6.2734923890265e-22,-0.409057666826457,0.778,0.868,1.67734366005402e-17
"NCKAP5","NCKAP5",7.04552074656768e-22,-0.49447004231073,0.528,0.683,1.8837608820098e-17
"CABLES1","CABLES1",8.04992436102482e-22,-0.3952297007201,0.808,0.905,2.1523082764072e-17
"SLC6A1","SLC6A1",1.04306789122876e-21,-0.511001796943859,0.573,0.712,2.78885062077832e-17
"CFAP418-AS1","CFAP418-AS1",1.07870755193767e-21,-1.34689479672444,0.125,0.263,2.88414038161575e-17
"BMP2K","BMP2K",1.0843987417102e-21,-0.593662968287837,0.562,0.691,2.89935691571055e-17
"CNKSR2","CNKSR2",1.09204994147471e-21,-0.729041377101362,0.447,0.604,2.91981392852093e-17
"HMGCLL1","HMGCLL1",1.15726440583198e-21,-0.747182189134779,0.237,0.411,3.09417784187295e-17
"ACTN4","ACTN4",1.25321531209908e-21,1.05347505984065,0.365,0.216,3.35072177995932e-17
"SFPQ","SFPQ",1.51398682224956e-21,-0.687877914520051,0.395,0.559,4.04794656664866e-17
"ENSG00000255471","ENSG00000255471",1.63016058728275e-21,-1.95036081802624,0.032,0.131,4.35856036221789e-17
"PRKAG2","PRKAG2",1.85635196298077e-21,-0.770837661709766,0.262,0.43,4.96332824342169e-17
"GRID2","GRID2",2.01341587662023e-21,-0.774590670327282,0.503,0.616,5.38327002931951e-17
"DLGAP2","DLGAP2",2.60762526971656e-21,-1.93415415470112,0.037,0.137,6.97200768364116e-17
"ENSG00000250156","ENSG00000250156",2.61743108261437e-21,-1.13868331015879,0.106,0.244,6.99822548558604e-17
"SESN1","SESN1",2.7900289159354e-21,0.745241001144824,0.533,0.384,7.45970031253649e-17
"HPSE2","HPSE2",2.86549339549226e-21,0.261040092595848,0.991,0.936,7.66146969152766e-17
"MKNK2","MKNK2",3.10141191647566e-21,1.2142275765959,0.295,0.151,8.29224504108097e-17
"DNAJB1","DNAJB1",3.48478220204654e-21,1.20361035698201,0.267,0.128,9.31726217361183e-17
"PHKG1","PHKG1",3.61445527255062e-21,-1.05196451435744,0.14,0.287,9.6639690622186e-17
"NRBP2","NRBP2",4.64627345727569e-21,-0.779644259958267,0.294,0.463,1.2422741342718e-16
"GLI3","GLI3",4.91215074128705e-21,-0.62337853424458,0.594,0.71,1.31336174369792e-16
"ENSG00000271538","ENSG00000271538",4.96435918565234e-21,-1.83451972666659,0.036,0.136,1.32732071546787e-16
"CCDC88A","CCDC88A",5.77934925515653e-21,-0.506341569733094,0.647,0.781,1.5452246103512e-16
"BAALC","BAALC",6.07799567240754e-21,-0.59557996367243,0.563,0.705,1.6250737029316e-16
"ENSG00000237764","ENSG00000237764",6.46287769208181e-21,-1.30424420641303,0.122,0.258,1.72797960853191e-16
"MDFIC","MDFIC",7.24373091544e-21,-1.12760075029089,0.095,0.225,1.93675633486119e-16
"EIF3E","EIF3E",9.3554790942462e-21,-0.736940928581258,0.323,0.486,2.50137444542861e-16
"GABBR2","GABBR2",1.20966043502635e-20,-2.5924766653111,0.039,0.136,3.23426910512995e-16
"MALRD1","MALRD1",1.28459663608321e-20,-0.939547249608254,0.158,0.31,3.43462602589568e-16
"ENSG00000249776","ENSG00000249776",1.37700152207869e-20,-0.735318502029442,0.295,0.467,3.68168896958179e-16
"GOLGA8A.1","GOLGA8A.1",1.599488593706e-20,-0.939445469489329,0.142,0.288,4.27655265299174e-16
"ZBTB1","ZBTB1",1.63124797207466e-20,0.914616875387583,0.424,0.277,4.36146770293603e-16
"ENSG00000260664","ENSG00000260664",1.77233799444599e-20,-1.09449622101928,0.109,0.243,4.73870009575025e-16
"AGMO","AGMO",1.95264713325744e-20,-1.32005709508151,0.119,0.254,5.22079264019042e-16
"ST7","ST7",2.08360731354171e-20,-0.550266347729458,0.554,0.691,5.57094087421648e-16
"CD47","CD47",2.3492705334337e-20,-0.791138443276741,0.311,0.464,6.28124462524167e-16
"CLCN7","CLCN7",2.56241926810928e-20,1.21128664921409,0.281,0.144,6.85114039714378e-16
"AK3","AK3",2.66975118926754e-20,0.665782361685846,0.614,0.495,7.13811375474461e-16
"STAC2","STAC2",2.75410921792138e-20,1.43091908025998,0.138,0.039,7.36366181595639e-16
"RORA","RORA",2.82569757443632e-20,0.242608725692993,0.997,0.996,7.5550676047704e-16
"MBNL2","MBNL2",2.89047842388575e-20,0.623065628246353,0.673,0.568,7.72827216194333e-16
"CCDC102B","CCDC102B",3.30345742025289e-20,-1.56694397534464,0.057,0.168,8.83245410453014e-16
"TNC","TNC",4.11015711688661e-20,-0.459880793250916,0.79,0.857,1.09893270834197e-15
"GAS7","GAS7",4.32446231241353e-20,1.43227294717828,0.223,0.1,1.15623148847001e-15
"ATP9A","ATP9A",4.33044410077385e-20,-0.572585513518676,0.442,0.6,1.1578308392239e-15
"LNC-LBCS","LNC-LBCS",4.55790115770897e-20,-0.86733883572077,0.264,0.421,1.21864603253665e-15
"MICU3","MICU3",4.9725147162521e-20,-1.024532160424,0.147,0.288,1.32950125968432e-15
"ENTREP1","ENTREP1",5.31873020105579e-20,-0.370158672839522,0.753,0.835,1.42206889385629e-15
"ADCY2","ADCY2",5.43909313160507e-20,-0.330598878034027,0.943,0.965,1.45425033059725e-15
"FAM184A","FAM184A",5.66195624847121e-20,-0.956482861890598,0.221,0.369,1.51383724215375e-15
"CARS1","CARS1",5.89239295803421e-20,1.25681027431952,0.27,0.136,1.57544910518961e-15
"ST6GALNAC3","ST6GALNAC3",6.15368777196413e-20,-1.59330169501472,0.081,0.198,1.64531149959005e-15
"STIP1","STIP1",6.22059828315188e-20,1.43998460698051,0.197,0.08,1.66320136296632e-15
"SEC61A1","SEC61A1",6.40576325093403e-20,1.15390688421035,0.275,0.14,1.71270892040223e-15
"NALCN","NALCN",6.52619831384475e-20,-0.577123951026967,0.515,0.666,1.74490964317267e-15
"NMD3","NMD3",6.87809239195507e-20,-0.975866103897611,0.206,0.355,1.83899556283703e-15
"ACSS3","ACSS3",7.02371756117609e-20,-0.541185287753574,0.523,0.677,1.87793136433165e-15
"ENOSF1","ENOSF1",7.67073332709519e-20,-0.818109929713386,0.237,0.4,2.05092396966544e-15
"ENSG00000259336","ENSG00000259336",7.96106896265097e-20,-0.962936255228244,0.148,0.293,2.12855100854399e-15
"MTMR1","MTMR1",8.00961298827506e-20,-0.674502082609205,0.254,0.422,2.1415302246751e-15
"JDP2","JDP2",8.11875534273171e-20,1.08566321514396,0.32,0.178,2.17071161598618e-15
"AFDN","AFDN",8.75956517945937e-20,-0.564402208781789,0.444,0.611,2.34204494203205e-15
"IFT88","IFT88",1.03305078793233e-19,-0.723311740513436,0.272,0.44,2.76206789169466e-15
"ANKRD17-DT","ANKRD17-DT",1.11069749425548e-19,-0.631263935147817,0.283,0.456,2.96967189039087e-15
"RHOQ","RHOQ",1.35395095957371e-19,0.815557011015514,0.439,0.289,3.62005868061222e-15
"RASGEF1B","RASGEF1B",1.44239079773195e-19,-0.710787162653107,0.393,0.561,3.85652027589592e-15
"SLC1A5","SLC1A5",1.56600352201267e-19,4.7599146939393,0.066,0.004,4.18702361680527e-15
"BANP","BANP",1.695053362515e-19,1.17097049816843,0.319,0.184,4.53206417535635e-15
"HS3ST3B1","HS3ST3B1",2.24430022280777e-19,1.9917677122148,0.122,0.033,6.00058550572113e-15
"IL17RB","IL17RB",2.47616316334653e-19,0.993378285975206,0.381,0.239,6.62051744983961e-15
"ENSG00000213121","ENSG00000213121",2.94204960327684e-19,-2.97121506294466,0.008,0.076,7.86615802428129e-15
"ENSG00000285283","ENSG00000285283",3.11034547294464e-19,-1.07186677967166,0.105,0.232,8.31613069101208e-15
"CSMD2","CSMD2",3.11164206579373e-19,2.25843987010862,0.137,0.043,8.3195973913127e-15
"FBXO32","FBXO32",3.12084120693782e-19,1.38668639069885,0.196,0.08,8.34419313498966e-15
"SLC6A11","SLC6A11",3.95242307306948e-19,-0.457861374339334,0.757,0.857,1.05675935704659e-14
"IL33","IL33",4.06563595303377e-19,-1.31481389756552,0.058,0.165,1.08702908476264e-14
"SERHL2","SERHL2",5.45643710843409e-19,1.94521448426134,0.135,0.041,1.45888758968202e-14
"CAMK4","CAMK4",5.70843821827405e-19,-1.18429653974083,0.083,0.203,1.52626512641993e-14
"LMOD1","LMOD1",7.61158892161427e-19,-1.80996812106264,0.03,0.118,2.03511052997201e-14
"PLXNB1","PLXNB1",7.63263416764487e-19,0.553081008135176,0.693,0.579,2.04073739740321e-14
"MAPK4","MAPK4",8.02765382442756e-19,0.381230538417694,0.888,0.851,2.1463538030372e-14
"NUDT4","NUDT4",8.51328136664332e-19,1.51406493428047,0.197,0.085,2.27619603899942e-14
"MTUS1","MTUS1",9.95000139104653e-19,0.535157467814497,0.672,0.584,2.66033187192411e-14
"SON","SON",1.04490006900922e-18,-0.5431313751436,0.477,0.626,2.79374931450996e-14
"ASNS","ASNS",1.05538951200158e-18,1.4446795829689,0.162,0.058,2.82179493823863e-14
"FTCDNL1","FTCDNL1",1.09161558364534e-18,-0.685961745896325,0.264,0.426,2.91865258599253e-14
"CC2D2B","CC2D2B",1.11444564605901e-18,-1.17930473549963,0.085,0.203,2.97969332386798e-14
"FADS1","FADS1",1.15382514231998e-18,-1.03445383929777,0.141,0.276,3.08498228302094e-14
"DLGAP1","DLGAP1",1.15511612851016e-18,0.65319031719308,0.639,0.512,3.08843399279762e-14
"EPB41L2","EPB41L2",1.2476713663805e-18,-0.543687976965324,0.436,0.604,3.33589893229154e-14
"C1QTNF7-AS1","C1QTNF7-AS1",1.39137868814708e-18,-1.11490679737779,0.148,0.283,3.72012919849884e-14
"SLC28A2-AS1","SLC28A2-AS1",1.60892702878865e-18,-2.16169114796187,0.022,0.102,4.30178819687221e-14
"PHACTR3","PHACTR3",1.64213098101011e-18,-0.557546272408398,0.527,0.669,4.39056560392672e-14
"MPC1","MPC1",1.81405535839846e-18,-0.870702240864545,0.206,0.353,4.85023981174996e-14
"HDAC2-AS2","HDAC2-AS2",2.31093641782475e-18,-1.25906043789861,0.068,0.177,6.17875070033803e-14
"CATSPERE","CATSPERE",2.84830947785859e-18,-1.26610353132861,0.074,0.185,7.6155250509505e-14
"ACTB","ACTB",3.03699460542028e-18,-0.534166506634585,0.406,0.583,8.12001247651221e-14
"NWD1","NWD1",3.37456827595053e-18,0.651527161770494,0.533,0.396,9.02258319940892e-14
"TEX9","TEX9",3.59794200965377e-18,-0.877158305814747,0.16,0.3,9.6198175512113e-14
"TRIO","TRIO",3.67243802803737e-18,0.481713391726798,0.818,0.76,9.81899755556353e-14
"ROR1","ROR1",3.82256439335998e-18,-1.25625020308541,0.073,0.184,1.02203904185266e-13
"ENSG00000260392","ENSG00000260392",4.30803898903432e-18,2.43581960241227,0.094,0.019,1.15184038449811e-13
"TDRD3","TDRD3",4.63574345632656e-18,-0.586332136269511,0.414,0.567,1.23945872791803e-13
"CASC2","CASC2",5.00348866184973e-18,-0.719298220258667,0.281,0.437,1.33778276351876e-13
"CCDC14","CCDC14",5.22571982127995e-18,-0.727077210703105,0.262,0.414,1.39720070861562e-13
"GABRB1","GABRB1",5.33433839875927e-18,-0.467681946842199,0.746,0.85,1.42624205767627e-13
"ZBTB7C","ZBTB7C",7.31508887569619e-18,0.807839394812374,0.478,0.349,1.95583531269489e-13
"FAT3","FAT3",7.32181490094012e-18,-0.353772800804331,0.822,0.887,1.95763365006436e-13
"CRYL1","CRYL1",8.79385121243799e-18,-0.749739992714721,0.206,0.355,2.35121199866955e-13
"SEMA3B","SEMA3B",1.0893227829753e-17,-0.95704567242822,0.143,0.276,2.91252232484106e-13
"BDNF-AS","BDNF-AS",1.09574279008604e-17,-0.852518697426441,0.203,0.346,2.92968749785305e-13
"HMBOX1","HMBOX1",1.21962835449107e-17,0.534864180688097,0.7,0.602,3.26092033140279e-13
"TBX6","TBX6",1.22644127414538e-17,2.15321668862604,0.09,0.018,3.27913603468251e-13
"EYA2","EYA2",1.26706648865836e-17,0.495562677575748,0.751,0.685,3.38775567072586e-13
"SPACDR","SPACDR",1.27702763477863e-17,1.19386976311451,0.232,0.112,3.41438878710762e-13
"PTPN20","PTPN20",1.31079192585412e-17,-1.02302906952405,0.116,0.241,3.50466437215616e-13
"LRRN2","LRRN2",1.39148922585353e-17,1.03747303644719,0.328,0.198,3.72042474316459e-13
"MT1F","MT1F",1.45941612785105e-17,1.20989338515546,0.223,0.107,3.90204090103537e-13
"ADAM12","ADAM12",1.80012341606583e-17,0.905712079164813,0.398,0.264,4.8129899775352e-13
"DECR1","DECR1",1.9022019732819e-17,-0.736022850926499,0.265,0.418,5.0859174159638e-13
"KLHL32","KLHL32",1.91458855981809e-17,-0.568517067514395,0.479,0.616,5.11903543238562e-13
"ATP1B3","ATP1B3",2.50479081145054e-17,1.12842932442159,0.29,0.164,6.6970591925753e-13
"ZNF337-AS1","ZNF337-AS1",2.7027315820269e-17,-1.1588108176287,0.058,0.159,7.22629343086532e-13
"ENSG00000262801","ENSG00000262801",2.83958596862172e-17,1.94404060013155,0.138,0.048,7.5922010043039e-13
"ENSG00000283782","ENSG00000283782",3.30611362507743e-17,-0.63262128109601,0.31,0.461,8.83955599936953e-13
"RPE65","RPE65",3.58080518081042e-17,-1.16479747150155,0.062,0.166,9.57399881193283e-13
"EFCAB6","EFCAB6",3.61797453433106e-17,-0.84804584647298,0.161,0.297,9.67337851244097e-13
"NTM","NTM",3.62595151279136e-17,-0.243590823871795,0.981,0.968,9.69470655975026e-13
"CDH23","CDH23",3.67528210888791e-17,0.537051054710127,0.688,0.607,9.82660177453361e-13
"FGD4","FGD4",4.27680583608682e-17,-0.427802095396102,0.68,0.786,1.14348957639453e-12
"KIAA1217","KIAA1217",4.29950375341362e-17,0.591112534505422,0.66,0.537,1.1495583185502e-12
"GRIA2","GRIA2",4.97195016212681e-17,-0.599493952306858,0.391,0.535,1.32935031484785e-12
"CHORDC1","CHORDC1",5.79966305728189e-17,1.38217795376881,0.185,0.08,1.55065591162546e-12
"TMEM161B-DT","TMEM161B-DT",5.95824384756949e-17,0.450448309681066,0.821,0.776,1.59305565752465e-12
"STK33","STK33",6.50770336820889e-17,-0.453525522959811,0.562,0.696,1.73996464955801e-12
"DNAH7","DNAH7",6.55493615143474e-17,-0.675303182323647,0.503,0.631,1.75259327880911e-12
"COPB2-DT","COPB2-DT",6.64468448373459e-17,-0.593852597939527,0.371,0.525,1.77658929041612e-12
"CYP4F3","CYP4F3",7.53715623471285e-17,-1.39695046125172,0.037,0.124,2.01520946247518e-12
"MIB1","MIB1",7.8570442466544e-17,0.684808287858822,0.543,0.429,2.10073792022799e-12
"GREB1L","GREB1L",8.36261344478634e-17,1.08372388937288,0.341,0.214,2.23591195673252e-12
"SESN2","SESN2",9.01856259496301e-17,1.68243899453944,0.129,0.042,2.41129308101526e-12
"C9orf153","C9orf153",9.62237024944925e-17,1.54407936066496,0.161,0.063,2.57273313359525e-12
"TMEM245","TMEM245",9.89036541170121e-17,0.74472054317746,0.498,0.38,2.64438700012655e-12
"LINC01572","LINC01572",1.05181684365788e-16,-0.999529105270214,0.089,0.203,2.81224269488806e-12
"GCNA","GCNA",1.0623518689866e-16,1.5337939023881,0.146,0.053,2.84041019210947e-12
"LRMDA","LRMDA",1.1349889025308e-16,-0.395723593564834,0.772,0.861,3.03461982869659e-12
"CDR2","CDR2",1.17753228724107e-16,0.810317503269149,0.448,0.32,3.14836807639645e-12
"DRC11","DRC11",1.46265904537492e-16,-0.463097016843276,0.679,0.789,3.91071148961891e-12
"TRPC4","TRPC4",1.48904802832813e-16,2.43425557127535,0.082,0.016,3.98126771334091e-12
"AJAP1","AJAP1",1.63044011145906e-16,3.20323097556459,0.068,0.009,4.35930772600809e-12
"ANKRD28","ANKRD28",1.76302637167547e-16,-0.654050881216264,0.326,0.474,4.71380360994871e-12
"PKN2-AS1","PKN2-AS1",2.07494353405542e-16,-1.59497763351533,0.071,0.17,5.54777652700398e-12
"CRY2","CRY2",2.15568730753527e-16,-0.68844173807224,0.223,0.369,5.76366115415704e-12
"UTP23","UTP23",2.382549688296e-16,0.916286585226165,0.259,0.138,6.37022310159702e-12
"ZBTB16","ZBTB16",2.45198325641786e-16,0.507950441828063,0.718,0.654,6.55586763268443e-12
"ZNNT1","ZNNT1",2.91318168223921e-16,1.93133067635104,0.107,0.03,7.78897386380299e-12
"PARD3B","PARD3B",3.37870282916503e-16,-0.336179095372498,0.871,0.911,9.03363775433855e-12
"APP","APP",3.42283561631893e-16,0.568529616762488,0.646,0.548,9.15163558735191e-12
"DYNC2H1","DYNC2H1",3.52325088995995e-16,-0.560388907285338,0.396,0.551,9.42011590448591e-12
"CTSO","CTSO",3.56642884352186e-16,-1.75770295138187,0.027,0.104,9.53556079892439e-12
"THRB","THRB",3.74692019346463e-16,0.537904665737342,0.671,0.575,1.00181405212664e-11
"PLCB1","PLCB1",3.86840213079604e-16,-0.313503322806338,0.939,0.945,1.03429467771094e-11
"ANGPTL4","ANGPTL4",4.13304345725886e-16,-0.840112832774715,0.358,0.506,1.1050518291673e-11
"FGGY","FGGY",4.67991632151639e-16,-0.559547987983359,0.386,0.537,1.25126922688384e-11
"CCDC200","CCDC200",4.79915993261081e-16,-1.91395669171685,0.035,0.115,1.28315139118215e-11
"IMMP2L","IMMP2L",4.8410427272247e-16,-0.530043431828685,0.681,0.772,1.29434959397807e-11
"TRIL","TRIL",5.37623931897536e-16,0.934759746496262,0.396,0.276,1.43744510671444e-11
"ARHGAP29","ARHGAP29",5.42535350475564e-16,1.2890505875708,0.217,0.109,1.45057676656651e-11
"GPCPD1","GPCPD1",5.60022538457384e-16,-1.26352833892011,0.061,0.156,1.49733226107351e-11
"ZNF280D","ZNF280D",5.63882960007978e-16,-0.594778665440586,0.335,0.482,1.50765387017333e-11
"QKI","QKI",5.9168792987568e-16,-0.28406229574222,0.972,0.97,1.5819960181086e-11
"CRELD1","CRELD1",6.35823612507934e-16,0.986619226888292,0.313,0.187,1.70000159276246e-11
"LRRC7","LRRC7",7.82200472252682e-16,-1.08088898046441,0.092,0.2,2.091369402662e-11
"GINS3","GINS3",8.18859454190808e-16,-0.59921433138814,0.186,0.324,2.18938452266996e-11
"LOC119746555","LOC119746555",8.4425310661669e-16,1.93615895985145,0.111,0.034,2.25727953116104e-11
"SERINC5","SERINC5",9.18119134061112e-16,-0.551787466046252,0.409,0.559,2.4547751287392e-11
"SPATA6","SPATA6",9.3158785101548e-16,-0.546198478655772,0.488,0.611,2.49078643726009e-11
"SPRY4","SPRY4",9.33202873659427e-16,2.12049940005316,0.11,0.033,2.49510452330321e-11
"SPEF2","SPEF2",9.5942365796334e-16,-0.896933749091829,0.103,0.218,2.56521103429658e-11
"MIR9-2HG","MIR9-2HG",1.09008576224204e-15,-0.380693789918679,0.707,0.795,2.91456230250654e-11
"ANKRD36B","ANKRD36B",1.10223083152521e-15,-1.34852985769319,0.062,0.156,2.94703457424895e-11
"MAGI2","MAGI2",1.1357524627632e-15,-0.234754093343274,0.991,0.988,3.03666135968997e-11
"PCNX2","PCNX2",1.13925864753334e-15,-0.88127317633207,0.083,0.189,3.0460358459099e-11
"RNF19A","RNF19A",1.15455114704771e-15,-0.430470771404612,0.676,0.791,3.08692340186146e-11
"STK40","STK40",1.190251331224e-15,1.1875994232058,0.204,0.098,3.1823749842936e-11
"NETO2","NETO2",1.26916670942405e-15,2.57900424888429,0.078,0.015,3.39337103098709e-11
"LDLR","LDLR",1.27068799348079e-15,-1.85709250013343,0.038,0.118,3.3974384881696e-11
"CROCC","CROCC",1.44195650381073e-15,0.906498741200676,0.295,0.172,3.85535910423876e-11
"TJP1","TJP1",1.58609525513687e-15,-0.408201161534081,0.715,0.788,4.24074288365946e-11
"ADGRA3","ADGRA3",1.58939584831179e-15,-0.43947160053859,0.641,0.734,4.24956767963124e-11
"ATP13A4","ATP13A4",1.69114713465e-15,-0.366679674088269,0.716,0.802,4.5216200939137e-11
"EPM2A","EPM2A",1.70808047031402e-15,-0.680951698543549,0.25,0.39,4.56689475347859e-11
"SHC2","SHC2",1.77005613620037e-15,1.14115381178444,0.274,0.16,4.73259909135893e-11
"NELL2","NELL2",1.82198305229335e-15,-1.22764623820724,0.065,0.161,4.87143608691674e-11
"PTCHD1","PTCHD1",1.89130979064639e-15,0.509493328285269,0.607,0.493,5.05679498725126e-11
"L3MBTL4","L3MBTL4",1.9684960095629e-15,-1.22193752207143,0.085,0.187,5.26316778076833e-11
"SLC39A12","SLC39A12",1.97694434471361e-15,0.57910773327961,0.58,0.465,5.28575609446079e-11
"DZIP1","DZIP1",2.12765252864901e-15,-0.652637114217374,0.235,0.373,5.68870456584885e-11
"CRABP1","CRABP1",2.19637211900445e-15,2.29929815598301,0.087,0.021,5.8724401345822e-11
"PPFIA2","PPFIA2",2.22469651877074e-15,0.547691970422336,0.608,0.488,5.94817108223733e-11
"ADGRV1","ADGRV1",2.23536583100321e-15,-4.32396109537804,0.024,0.093,5.97669762235328e-11
"PHYHD1","PHYHD1",2.29988282880067e-15,0.709837011025107,0.528,0.414,6.14919671936436e-11
"SAT1","SAT1",2.44762012579061e-15,-0.918990405209815,0.121,0.237,6.54420193032636e-11
"MYEF2","MYEF2",2.51288120536143e-15,-0.653622904077053,0.239,0.383,6.71869047877484e-11
"LMNA","LMNA",2.53132845844019e-15,0.968355067223686,0.325,0.203,6.76801289933153e-11
"LIFR-AS1","LIFR-AS1",2.67878974822534e-15,-1.12212490867575,0.068,0.166,7.16228014983009e-11
"ENSG00000223774","ENSG00000223774",3.55132215590751e-15,-1.30681469389494,0.043,0.127,9.49517004824991e-11
"EYA4","EYA4",3.57044838388937e-15,1.22167323174064,0.201,0.098,9.546307844005e-11
"HSPE1-MOB4","HSPE1-MOB4",3.6759568963037e-15,2.97689207097504,0.059,0.007,9.82840595364721e-11
"PON3","PON3",3.77985669899243e-15,-1.21218721099958,0.059,0.151,1.0106202856096e-10
"RASSF4","RASSF4",3.96877304673275e-15,-0.453963385519748,0.487,0.632,1.06113084950493e-10
"PRTFDC1","PRTFDC1",4.47578134235334e-15,-0.631716395417662,0.275,0.42,1.19668965750501e-10
"AP3B2","AP3B2",4.51278183337756e-15,-1.05662956506358,0.069,0.165,1.20658247879016e-10
"CYP7B1","CYP7B1",4.75889076034485e-15,-0.678450170269877,0.26,0.394,1.2723846225934e-10
"LOC100289230","LOC100289230",4.85361677353356e-15,-0.667328697600047,0.275,0.417,1.29771151673967e-10
"DCLK2","DCLK2",5.03587631881658e-15,-0.364819383584434,0.838,0.89,1.34644225136199e-10
"PRXL2A","PRXL2A",5.15315440237644e-15,-0.604778818868335,0.287,0.434,1.37779889256339e-10
"HAGHL","HAGHL",5.38712731270496e-15,0.974239868497183,0.255,0.138,1.44035622959792e-10
"MAX","MAX",5.43254474467073e-15,0.776468261472378,0.409,0.29,1.45249948838261e-10
"SLCO3A1","SLCO3A1",5.49629731606487e-15,1.09064960835098,0.288,0.172,1.46954501339626e-10
"KIFC2","KIFC2",5.58997241082235e-15,1.18836398745303,0.195,0.094,1.49459092348157e-10
"MGLL","MGLL",5.67602373361639e-15,1.1119449310451,0.319,0.204,1.51759846565701e-10
"ASTN2","ASTN2",5.67612776010973e-15,0.32195921964944,0.919,0.875,1.51762627922054e-10
"SRPX2","SRPX2",5.87639135161282e-15,-0.881693175041645,0.101,0.211,1.57117075568072e-10
"ATL2","ATL2",6.34081511512205e-15,-0.704943912764516,0.198,0.332,1.69534373733018e-10
"HFM1","HFM1",6.79832234667864e-15,-0.90759991001918,0.103,0.212,1.81766744583147e-10
"NTRK3","NTRK3",7.82452444999525e-15,-0.303343193533648,0.888,0.92,2.09204310219523e-10
"HIP1R","HIP1R",7.95078469319591e-15,-0.497351259852633,0.486,0.629,2.12580130341979e-10
"ENO4","ENO4",8.16790469651288e-15,-1.50535523724994,0.029,0.103,2.18385267870665e-10
"SLC7A5","SLC7A5",1.02917400698379e-14,1.16449640731032,0.138,0.053,2.75170254247257e-10
"SCG3","SCG3",1.0377958041972e-14,-1.0991578934933,0.054,0.142,2.77475464168207e-10
"PHKA1","PHKA1",1.0472200304949e-14,0.583855258076859,0.591,0.476,2.79995219553422e-10
"ENTPD1","ENTPD1",1.06781265009996e-14,-0.841466070902812,0.136,0.254,2.85501068257227e-10
"PTMS","PTMS",1.11254872402906e-14,2.40745860887924,0.084,0.02,2.97462152343649e-10
"FLNB","FLNB",1.13587634253829e-14,1.09381118745466,0.259,0.149,3.03699257704464e-10
"EBF4","EBF4",1.16204327495822e-14,1.189881551892,0.199,0.098,3.10695510425579e-10
"MRO","MRO",1.24898265170277e-14,-0.797326742128889,0.125,0.241,3.3394049158577e-10
"ID3","ID3",1.27238867442003e-14,-1.33815984536225,0.134,0.239,3.40198559879683e-10
"DMXL2","DMXL2",1.34538200699229e-14,-0.828761807309442,0.156,0.277,3.59714787209529e-10
"NOL4L","NOL4L",1.35332722772849e-14,1.40568043310252,0.154,0.065,3.61839100877766e-10
"IARS1","IARS1",1.49399395242328e-14,0.994964554474361,0.282,0.169,3.99449163059412e-10
"CRYAB","CRYAB",1.51850783079394e-14,1.14408356321001,0.385,0.273,4.06003438719376e-10
"EDNRB","EDNRB",1.72152988081408e-14,0.559283183453152,0.612,0.512,4.60285444233261e-10
"LGR6","LGR6",1.76652278783509e-14,0.596838570136091,0.515,0.382,4.72315197783469e-10
"GLIDR","GLIDR",1.77675245087388e-14,-1.04974826861507,0.087,0.189,4.7505030279015e-10
"CC2D1A","CC2D1A",1.81415477112122e-14,0.710304823933053,0.363,0.239,4.85050561154681e-10
"ID1","ID1",1.83077091238195e-14,-1.64617443201964,0.044,0.123,4.89493218843562e-10
"SEMA6A","SEMA6A",1.86822924365436e-14,-0.614773668509666,0.237,0.372,4.99508452875867e-10
"AIG1","AIG1",1.97231226346863e-14,-0.501065831227487,0.361,0.506,5.27337129883607e-10
"C14orf132","C14orf132",1.99976846996986e-14,0.830127098392604,0.371,0.25,5.34678095815841e-10
"ZNF730","ZNF730",2.06694972219308e-14,-1.56487857075844,0.022,0.088,5.52640347222763e-10
"ZNF404","ZNF404",2.18080699237038e-14,-1.57353477906142,0.031,0.103,5.83082365550068e-10
"SLC29A4","SLC29A4",2.3417248636947e-14,0.931821408714025,0.28,0.165,6.26106976806052e-10
"ENSG00000249307","ENSG00000249307",2.41646246433062e-14,0.339146364815659,0.928,0.89,6.46089569088077e-10
"CALN1","CALN1",2.42124760723942e-14,-0.984882123900756,0.154,0.268,6.47368972747603e-10
"RASSF8-AS1","RASSF8-AS1",2.5294150308186e-14,-0.723478898962725,0.176,0.3,6.76289696789969e-10
"LFNG","LFNG",2.63259592915637e-14,-0.602182065779214,0.235,0.372,7.03877173578539e-10
"ENSG00000231079","ENSG00000231079",2.64149393796148e-14,0.515045053365796,0.58,0.447,7.06256234192761e-10
"EPM2A-DT","EPM2A-DT",2.75970793254898e-14,-0.898201042018388,0.151,0.266,7.37863109925621e-10
"PAM","PAM",2.91461053154537e-14,-0.466445330578674,0.317,0.467,7.79279417819284e-10
"SIPA1L3","SIPA1L3",2.95328082284061e-14,0.686488501381856,0.434,0.312,7.89618693602895e-10
"GMDS-DT","GMDS-DT",3.05003301514436e-14,-0.54487842699303,0.468,0.593,8.15487327259148e-10
"CARNS1","CARNS1",3.31828785890532e-14,-1.98082999637449,0.016,0.076,8.87210624835516e-10
"RALGDS","RALGDS",3.49352274527936e-14,-0.690844662570681,0.287,0.422,9.34063176405343e-10
"NKAIN3","NKAIN3",3.70195388432371e-14,-0.378883866947153,0.791,0.86,9.89791410051631e-10
"CCNY","CCNY",3.74614550362399e-14,0.629403550103718,0.586,0.508,1.00160692330395e-09
"MEF2C-AS1","MEF2C-AS1",3.78138471831725e-14,-0.594207219794058,0.341,0.478,1.01102883213648e-09
"PRICKLE2","PRICKLE2",3.97639824264394e-14,0.52077321557776,0.694,0.622,1.06316959813571e-09
"MKX","MKX",4.28404569891317e-14,1.75657748391586,0.127,0.048,1.14542529851841e-09
"HES5","HES5",4.43614532383028e-14,-3.22441503868491,0.01,0.064,1.1860921752325e-09
"ENSG00000278996","ENSG00000278996",4.55802176319287e-14,0.393645952183429,0.741,0.65,1.21867827882488e-09
"BMPR1B","BMPR1B",4.56364951300788e-14,-0.395526031847709,0.722,0.804,1.22018297029292e-09
"ENSG00000268797","ENSG00000268797",5.04210509100696e-14,-0.834649965809688,0.115,0.226,1.34810763818253e-09
"PAMR1","PAMR1",6.86154785226573e-14,-0.352643600745557,0.671,0.762,1.83457204926029e-09
"CHST6","CHST6",6.94200210312354e-14,1.03560739524959,0.229,0.123,1.85608310231214e-09
"CFAP221","CFAP221",7.15299331585553e-14,-1.07227076015465,0.092,0.192,1.91249582286029e-09
"SOX6","SOX6",7.47095634936573e-14,-0.360143068946249,0.725,0.808,1.99750959912992e-09
"LINC02193","LINC02193",7.99251357218931e-14,-0.740750224384609,0.156,0.274,2.13695835379626e-09
"ENSG00000257319","ENSG00000257319",8.19914460182403e-14,-1.1581152440248,0.067,0.156,2.19220529218969e-09
"NREP","NREP",8.98120838547605e-14,-1.04967183014485,0.058,0.145,2.40130568602473e-09
"ARSG","ARSG",9.07778999086214e-14,-1.12605179621254,0.054,0.138,2.42712870985681e-09
"RAP2C-AS1","RAP2C-AS1",9.12403069907632e-14,-1.0604108303557,0.079,0.174,2.43949208801204e-09
"IMMP1L","IMMP1L",9.51919580973619e-14,-0.950736309499804,0.087,0.185,2.54514738364917e-09
"COL6A1","COL6A1",9.8677618570055e-14,1.06193967987924,0.23,0.127,2.63834348770756e-09
"PKIA","PKIA",1.03227360492988e-13,-0.776649378869159,0.218,0.34,2.75998993750101e-09
"CCDC148","CCDC148",1.07660647466681e-13,-1.00533571772791,0.067,0.158,2.87852273131664e-09
"MAFG","MAFG",1.23394799499733e-13,1.2475482519591,0.188,0.094,3.29920675422435e-09
"NR2F2-AS1","NR2F2-AS1",1.23460542582547e-13,-0.446930400711272,0.385,0.542,3.30096452702956e-09
"HP1BP3","HP1BP3",1.50434651950741e-13,0.535564020828895,0.541,0.438,4.02217128920696e-09
"TTC12","TTC12",1.51990457562508e-13,-0.729437693258635,0.144,0.259,4.06376886384879e-09
"SLC25A37","SLC25A37",1.55800690487182e-13,-0.766493928329418,0.181,0.301,4.16564306155578e-09
"ENSG00000237422","ENSG00000237422",1.57947032319373e-13,1.88077723413943,0.084,0.022,4.22302980312307e-09
"QTMAN","QTMAN",1.80189401705015e-13,-0.763974920374154,0.195,0.315,4.81772403338699e-09
"ZFYVE16","ZFYVE16",1.80997092721927e-13,-0.647766649153136,0.331,0.458,4.83931926810615e-09
"SSBP2","SSBP2",1.8104644626032e-13,0.309296242794149,0.905,0.881,4.84063883366218e-09
"NAV1","NAV1",1.8120174230719e-13,-0.520828974730056,0.449,0.577,4.84479098406734e-09
"SLC43A2","SLC43A2",1.81606312538857e-13,-1.10398127512258,0.071,0.161,4.85560797835143e-09
"FKBP4","FKBP4",1.93438231606804e-13,1.5511036240865,0.133,0.054,5.17195799847112e-09
"GPC4","GPC4",1.94274904749968e-13,1.24362019322299,0.224,0.123,5.19432812829988e-09
"GARNL3","GARNL3",1.94518250943693e-13,-0.575980215693881,0.244,0.378,5.20083447548152e-09
"RAMP1","RAMP1",1.98654838020721e-13,0.589710931316913,0.558,0.452,5.31143440416003e-09
"BCO1","BCO1",2.09901882549875e-13,-1.88492742744585,0.027,0.092,5.61214663373601e-09
"TPD52L1","TPD52L1",2.1107345599058e-13,0.643484243194612,0.499,0.386,5.64347099282015e-09
"NKAIN2","NKAIN2",2.23036087381119e-13,-0.613413848184326,0.283,0.415,5.96331586830898e-09
"SLC6A9","SLC6A9",2.27693189335918e-13,0.796197460591786,0.335,0.217,6.08783280327445e-09
"ENSG00000249381","ENSG00000249381",2.31899982116325e-13,1.67292887803749,0.113,0.041,6.20030982184419e-09
"GOLGA4","GOLGA4",2.35494580803054e-13,-0.502646626215971,0.5,0.622,6.29641860693125e-09
"LOC101927040","LOC101927040",2.58994681452556e-13,-0.704802046732248,0.223,0.346,6.92474079799698e-09
"ENSG00000228113","ENSG00000228113",2.61482229382724e-13,1.12864030479279,0.181,0.089,6.9912503670059e-09
"KIAA1328","KIAA1328",2.64102780375955e-13,-0.599306881341656,0.245,0.376,7.06131603891191e-09
"ENOX1","ENOX1",2.66656174172077e-13,-0.470227529540026,0.514,0.639,7.12958612883881e-09
"ANKH","ANKH",2.6927765398944e-13,0.70778820891473,0.427,0.314,7.19967663471567e-09
"WFS1","WFS1",2.71612440122631e-13,0.600677255422281,0.531,0.434,7.26210181155878e-09
"ENSG00000237461","ENSG00000237461",2.89613530765863e-13,-1.04034781201474,0.128,0.231,7.74339697208687e-09
"TEAD1","TEAD1",2.90486350851167e-13,0.368330604340648,0.792,0.733,7.76673356270765e-09
"LHFPL1","LHFPL1",3.07565894826441e-13,-1.55373448846839,0.023,0.086,8.22338932997455e-09
"NOS1AP","NOS1AP",3.17004908002774e-13,0.892745432914496,0.26,0.151,8.47576022527017e-09
"PARD6G-AS1","PARD6G-AS1",3.21122143663847e-13,1.56384008724995,0.129,0.052,8.58584275514027e-09
"PCDH10-DT","PCDH10-DT",3.51822182355506e-13,-0.742966971249562,0.195,0.314,9.40666968963916e-09
"WNK1","WNK1",3.61258204518968e-13,0.604249193582063,0.511,0.405,9.65896061422365e-09
"STXBP6","STXBP6",3.70370842318014e-13,-1.1618598789492,0.08,0.169,9.90260521105674e-09
"SIK3","SIK3",3.74392019546796e-13,-0.345683969715377,0.811,0.857,1.00101194266227e-08
"PAXBP1-AS1","PAXBP1-AS1",3.74551311661552e-13,-1.55082501407525,0.027,0.093,1.00143784198949e-08
"TIAM2","TIAM2",3.76216551395152e-13,0.61955686172971,0.499,0.389,1.00589019346522e-08
"F8","F8",4.20791823521107e-13,-1.32149271649527,0.046,0.122,1.12507109854838e-08
"FAM171A1","FAM171A1",4.25683782679102e-13,0.394143280964345,0.81,0.757,1.13815072974911e-08
"WDPCP","WDPCP",4.35696637691479e-13,-0.577833093885071,0.389,0.512,1.16492210019571e-08
"PLCE1","PLCE1",4.41779612491331e-13,-0.52272772778617,0.317,0.452,1.18118614991807e-08
"TLR5","TLR5",4.71847276125402e-13,2.29269072573608,0.054,0.008,1.26157806217649e-08
"ZRANB3","ZRANB3",4.79491789532482e-13,-0.785494343994909,0.153,0.263,1.282017197673e-08
"SAFB2","SAFB2",4.92170791801127e-13,0.5831447171809,0.521,0.419,1.31591704603867e-08
"MAP4K5","MAP4K5",4.9864032418462e-13,0.477705648431011,0.654,0.582,1.33321463477242e-08
"U2SURP","U2SURP",5.3035716305371e-13,-0.541330351174355,0.304,0.434,1.4180159468567e-08
"JAKMIP2","JAKMIP2",5.39901877155629e-13,-0.45274896940611,0.506,0.623,1.443535648951e-08
"ZNF710-AS1","ZNF710-AS1",5.44035648115209e-13,-0.876597215669024,0.085,0.18,1.45458811236563e-08
"RSRC1","RSRC1",5.66087585786246e-13,-0.723042322765457,0.23,0.351,1.51354837811668e-08
"SYT14","SYT14",5.83567653425302e-13,-1.13256137367493,0.08,0.169,1.56028483496323e-08
"CRNDE","CRNDE",5.86978732396085e-13,0.717920427748654,0.37,0.252,1.56940503680741e-08
"MFHAS1","MFHAS1",5.99389286438333e-13,-0.507668367949451,0.454,0.581,1.60258713515017e-08
"KLHL13","KLHL13",6.5138331097586e-13,1.235203169084,0.194,0.102,1.74160355855616e-08
"INPP4B","INPP4B",6.55311963266677e-13,-0.566744264196632,0.234,0.364,1.75210759618611e-08
"NTSR2","NTSR2",6.75404859584437e-13,-0.636646703667789,0.211,0.338,1.80582997307091e-08
"GRIK3","GRIK3",6.78918404933351e-13,-0.860945154966309,0.133,0.239,1.8152241392703e-08
"EGFR","EGFR",6.88406557821445e-13,0.392618979902671,0.775,0.721,1.8405926136472e-08
"PNRC1","PNRC1",7.40459543380759e-13,1.02158100988231,0.211,0.113,1.97976668113714e-08
"AKAP10","AKAP10",7.71863589976889e-13,-0.535513921599994,0.411,0.528,2.06373168052121e-08
"HEYL","HEYL",7.81278165966895e-13,-1.39573579590889,0.047,0.123,2.08890343234569e-08
"WASHC3","WASHC3",7.90922834878591e-13,-0.80846526048735,0.137,0.245,2.11469038361489e-08
"PRUNE2","PRUNE2",8.40459650655206e-13,-1.07226886750947,0.06,0.142,2.24713696795683e-08
"DDIT4L","DDIT4L",9.27039849644336e-13,2.10336874873419,0.069,0.015,2.47862644599406e-08
"ANKRD36","ANKRD36",9.38429912217999e-13,-0.744220630785297,0.178,0.292,2.50908005629726e-08
"CAMKK1","CAMKK1",9.60061127121294e-13,1.01346921015335,0.209,0.112,2.5669154355842e-08
"CPEB4","CPEB4",9.92665415072485e-13,0.327452370573639,0.804,0.765,2.6540895202793e-08
"ENSG00000212743","ENSG00000212743",9.98779607213195e-13,-1.52348823078948,0.023,0.084,2.67043703580592e-08
"LINC01239","LINC01239",1.01714931992566e-12,-2.03271430615403,0.014,0.066,2.71955213668523e-08
"UNC80","UNC80",1.05684993704376e-12,-0.37503826072287,0.198,0.33,2.8256996766739e-08
"FBXO7","FBXO7",1.0623010761313e-12,-0.808935493853353,0.146,0.254,2.84027438725225e-08
"RIMS1","RIMS1",1.07326480478454e-12,1.26127291781817,0.224,0.127,2.86958810855242e-08
"ENSG00000242242","ENSG00000242242",1.07506509381981e-12,-1.48749592672359,0.031,0.097,2.87440154134604e-08
"LAMC1","LAMC1",1.08621296468247e-12,1.03286374589017,0.274,0.171,2.90420760367151e-08
"CCDC62","CCDC62",1.08875802339743e-12,1.21180449629292,0.127,0.05,2.9110123271577e-08
"RASSF8","RASSF8",1.17614708836397e-12,0.603212950570475,0.599,0.544,3.14466447015875e-08
"APOLD1","APOLD1",1.32492127630171e-12,1.12881969830238,0.163,0.077,3.5424420164479e-08
"HSPA1B","HSPA1B",1.36194089381146e-12,0.933226341304497,0.267,0.163,3.64142136778371e-08
"NR2F1-AS1","NR2F1-AS1",1.40505460190991e-12,-0.428032301974983,0.607,0.725,3.75669448912652e-08
"OGA","OGA",1.41492942683981e-12,-0.414470477594975,0.506,0.62,3.78309680854161e-08
"ASAP2","ASAP2",1.42985200718486e-12,0.591641382342979,0.576,0.494,3.82299531161016e-08
"COL23A1","COL23A1",1.46529828014942e-12,1.05307814566075,0.234,0.136,3.9177680116355e-08
"TNFAIP6","TNFAIP6",1.46984422536369e-12,1.63265415785495,0.105,0.038,3.9299225053549e-08
"IDNK","IDNK",1.47004392669696e-12,-1.27252119476694,0.049,0.124,3.93045644680967e-08
"KLC4","KLC4",1.52268323407487e-12,1.02430571946116,0.239,0.14,4.07119816294598e-08
"ZBED5-AS1","ZBED5-AS1",1.57341809840862e-12,-1.08330883391393,0.051,0.128,4.20684796971514e-08
"LAMB2","LAMB2",1.62843660895762e-12,1.03835029490653,0.217,0.121,4.35395096137e-08
"RRAD","RRAD",1.66416005559572e-12,1.87795033154736,0.08,0.022,4.44946474064629e-08
"SLC26A3","SLC26A3",1.72404455769467e-12,-1.04027650131751,0.103,0.196,4.60957793390825e-08
"DDX5","DDX5",1.83348065408808e-12,0.45144722232769,0.637,0.564,4.90217722483531e-08
"PER3","PER3",1.92745462946728e-12,-0.507639659634187,0.398,0.524,5.15343544280667e-08
"LINC01266","LINC01266",2.0511286970373e-12,-0.769144548800009,0.174,0.286,5.48410279726864e-08
"PAX3","PAX3",2.05304905652708e-12,1.74714350946332,0.07,0.017,5.48923726243646e-08
"DEPP1","DEPP1",2.09929650154793e-12,-1.23393145697076,0.076,0.16,5.61288905618871e-08
"ENSG00000253642","ENSG00000253642",2.21126747142027e-12,-0.671848591481959,0.216,0.333,5.91226583833636e-08
"MAST4","MAST4",2.44269707929097e-12,-0.377693902209296,0.676,0.759,6.53103918090028e-08
"MMADHC-DT","MMADHC-DT",2.44823238794812e-12,-0.940089218902945,0.082,0.17,6.54583893565689e-08
"BRINP2","BRINP2",2.49477669158196e-12,-0.652887362050328,0.182,0.298,6.67028444028267e-08
"CLU","CLU",2.56594617275364e-12,0.39313295661872,0.941,0.936,6.8605702820914e-08
"TSPAN6","TSPAN6",2.64706777318435e-12,-0.883371571040917,0.08,0.169,7.077465105163e-08
"BABAM2","BABAM2",3.00164432326889e-12,-0.40148867120736,0.432,0.569,8.02549642712404e-08
"ST6GAL2","ST6GAL2",3.08890266870889e-12,-0.753228991510896,0.056,0.136,8.25879906532696e-08
"IRAG1","IRAG1",3.17387046710351e-12,-0.419549528156131,0.546,0.658,8.48597746789465e-08
"IFI16","IFI16",3.26996914350467e-12,-1.1084122646251,0.078,0.164,8.74291649898844e-08
"MYO6","MYO6",3.37366447188587e-12,-0.474529039727317,0.495,0.603,9.02016669848125e-08
"PLEKHA5","PLEKHA5",3.49651969324482e-12,-0.364218790516629,0.751,0.803,9.34864470382868e-08
"CPEB3","CPEB3",3.51401558442583e-12,0.534301165800284,0.658,0.601,9.39542346807935e-08
"PIP5K1A","PIP5K1A",3.5441308937474e-12,-0.561837545268341,0.229,0.351,9.47594277061241e-08
"MAGI1","MAGI1",3.6074446437129e-12,0.423606080477869,0.637,0.541,9.64522474389519e-08
"FGF14","FGF14",3.70279128210491e-12,-0.742014474216862,0.209,0.319,9.90015305096389e-08
"FNDC3B","FNDC3B",3.71300007335055e-12,0.494078449089896,0.664,0.607,9.92744829611737e-08
"CNTFR","CNTFR",3.7513797578045e-12,-0.655726173764444,0.275,0.392,1.00300640584419e-07
"SARAF","SARAF",3.77136070563783e-12,0.752778112425153,0.392,0.287,1.00834871186639e-07
"FADS2","FADS2",3.89663052722824e-12,-0.544091377778836,0.376,0.499,1.04184210406502e-07
"PCYT1B","PCYT1B",3.9220406409644e-12,-1.00436592715383,0.085,0.172,1.04863600617465e-07
"DNAJC27-AS1","DNAJC27-AS1",4.17539885089547e-12,-0.740066766610745,0.128,0.23,1.11637639076392e-07
"MARCHF6","MARCHF6",4.22434452328751e-12,0.494707710673849,0.634,0.564,1.12946299519138e-07
"CFAP70","CFAP70",4.39614367607957e-12,-0.472405920125727,0.28,0.41,1.17539693467339e-07
"IFFO2","IFFO2",4.43883040354528e-12,1.06361468233853,0.176,0.089,1.1868100849959e-07
"HSPA1A","HSPA1A",4.641100992358e-12,0.587273156623341,0.48,0.363,1.24089117232676e-07
"CHST15","CHST15",4.75112520017891e-12,0.96163140200016,0.262,0.16,1.27030834477184e-07
"DZIP3","DZIP3",4.78575003175057e-12,-0.578457697543212,0.247,0.371,1.27956598598915e-07
"ST6GAL1","ST6GAL1",4.90752847597002e-12,1.38870015948592,0.214,0.124,1.31212588862011e-07
"SMARCC2","SMARCC2",5.01939057961754e-12,0.749997818153195,0.35,0.243,1.34203445927234e-07
"LARGE1","LARGE1",5.47857012431674e-12,0.534985832031169,0.558,0.452,1.46480529413857e-07
"PAAF1","PAAF1",5.5123492490793e-12,-0.708993169508432,0.171,0.281,1.47383681872633e-07
"KCTD3","KCTD3",5.51342555313135e-12,-0.62223285068807,0.3,0.421,1.47412459014073e-07
"DLC1","DLC1",5.5973602676935e-12,0.508886225313673,0.55,0.45,1.49656621477321e-07
"CCDC59","CCDC59",6.0339437294239e-12,1.08922790927131,0.172,0.086,1.61329553493607e-07
"DPYSL3","DPYSL3",6.21384405431653e-12,-0.545534951558904,0.315,0.443,1.66139548480261e-07
"KIF13A","KIF13A",6.39925927966658e-12,0.536788591750322,0.614,0.528,1.71096995360445e-07
"RWDD3-DT","RWDD3-DT",6.53112115110928e-12,-1.17265714290999,0.053,0.127,1.74622586217209e-07
"FRS2","FRS2",6.88830500039363e-12,-0.537159584687404,0.364,0.485,1.84172610795524e-07
"MARS1","MARS1",6.91771812294684e-12,0.832456489092815,0.227,0.129,1.8495902945323e-07
"ENSG00000236501","ENSG00000236501",7.19624759429842e-12,-1.65234544498595,0.024,0.082,1.92406071928757e-07
"CRADD","CRADD",7.26050594837884e-12,0.368991078908364,0.758,0.668,1.94124147541805e-07
"OLFM1","OLFM1",7.52124789570616e-12,1.14973521259851,0.142,0.064,2.01095604987496e-07
"ENSG00000228065","ENSG00000228065",7.68046455955774e-12,-1.54397433313715,0.039,0.105,2.05352580928895e-07
"EFCAB12","EFCAB12",7.98805314451435e-12,3.0269109486561,0.053,0.009,2.1357657692488e-07
"CRB2","CRB2",8.45097836625505e-12,0.625579447324797,0.388,0.277,2.25953808578561e-07
"CYP2J2","CYP2J2",8.52350913543081e-12,-0.811179961053341,0.209,0.316,2.27893063754014e-07
"ANKRD29","ANKRD29",8.9745176948369e-12,-1.67606281521755,0.019,0.073,2.39951679606854e-07
"SACS","SACS",9.02227907525038e-12,0.807120446229564,0.328,0.225,2.41228675634969e-07
"LAMA4","LAMA4",9.09787933040438e-12,-0.435370980958462,0.418,0.541,2.43249999657022e-07
"ENSG00000250166","ENSG00000250166",9.79184957811531e-12,-1.81305154212905,0.016,0.068,2.61804682170069e-07
"LOC105374642","LOC105374642",9.80618654998871e-12,-2.85027208555894,0.006,0.047,2.62188009787048e-07
"ENSG00000237153","ENSG00000237153",1.01495916364768e-11,-1.64540618869952,0.02,0.075,2.7136963158448e-07
"SLC25A48","SLC25A48",1.02386870221095e-11,0.621469066456434,0.478,0.372,2.73751774910142e-07
"JUNB","JUNB",1.0484571868959e-11,-1.17017172844545,0.097,0.183,2.80325998060357e-07
"ARMCX4","ARMCX4",1.049889392928e-11,-0.597861708328379,0.193,0.308,2.8070892698716e-07
"LINC00467","LINC00467",1.11570319226228e-11,-1.13693149962852,0.049,0.122,2.98305562515165e-07
"SFMBT2","SFMBT2",1.12738275441503e-11,0.353160677439221,0.723,0.662,3.01428327047948e-07
"LINC02774","LINC02774",1.16166749314919e-11,-2.38483839601828,0.006,0.048,3.105950376433e-07
"ARHGEF10L","ARHGEF10L",1.17252730152929e-11,0.431287504663927,0.669,0.6,3.13498624609886e-07
"SLC25A36","SLC25A36",1.19721408072809e-11,-0.516878531010064,0.245,0.367,3.20099128764269e-07
"PIM1","PIM1",1.22291732592379e-11,1.47426141846115,0.097,0.034,3.26971405432243e-07
"HSP90AB1","HSP90AB1",1.24695326805973e-11,0.648748121882468,0.357,0.247,3.33397895281129e-07
"ZDHHC21","ZDHHC21",1.32003932420841e-11,-0.474871342912165,0.429,0.546,3.52938914113603e-07
"MIR99AHG","MIR99AHG",1.35683133171132e-11,-0.210961675875939,0.985,0.979,3.62775993159655e-07
"SSBP3","SSBP3",1.37684599664245e-11,0.68930483652462,0.325,0.219,3.68127314122291e-07
"CADM2","CADM2",1.40696867020949e-11,-0.197668756369675,0.992,0.991,3.76181213353912e-07
"AGAP1","AGAP1",1.43006488486974e-11,0.407801362813792,0.659,0.568,3.82356448267623e-07
"SOS1","SOS1",1.43745918965547e-11,0.525644241428772,0.587,0.503,3.84333463538183e-07
"RGMA","RGMA",1.47260708158972e-11,0.314997786250786,0.818,0.791,3.93730955404643e-07
"VASP","VASP",1.48262852869477e-11,1.92615204631045,0.079,0.024,3.9641038971712e-07
"ENSG00000251513","ENSG00000251513",1.51992895559799e-11,-0.922179901317076,0.158,0.258,4.06383404858235e-07
"SLCO1A2","SLCO1A2",1.53826535472949e-11,-0.711783937522917,0.096,0.188,4.11286007894024e-07
"LINC01497","LINC01497",1.57115943104904e-11,-2.35576906120776,0.009,0.053,4.20080897079583e-07
"PCDH19","PCDH19",1.58709582873679e-11,1.19386090419536,0.186,0.1,4.24341811729355e-07
"AKR1C1","AKR1C1",1.78188944124129e-11,2.12087395654908,0.055,0.01,4.76423779904683e-07
"PSAP","PSAP",1.78260036123462e-11,0.516521313846677,0.643,0.568,4.76613858583299e-07
"SHC3","SHC3",1.81816643416836e-11,1.22918886160853,0.214,0.126,4.86123159503594e-07
"ABHD18","ABHD18",1.83606170911452e-11,-0.54860469236407,0.186,0.302,4.9090781916595e-07
"MAOA","MAOA",1.85364126306746e-11,-0.753381327813977,0.241,0.356,4.95608064506348e-07
"SMIM8","SMIM8",1.8867556754598e-11,-0.792009142375193,0.125,0.224,5.04461864947687e-07
"CADPS","CADPS",1.91153032256974e-11,-0.263361581161286,0.201,0.322,5.11085862345471e-07
"KIAA0825","KIAA0825",2.1137445371823e-11,-0.562622815057242,0.217,0.335,5.65151876906431e-07
"RRAGC-DT","RRAGC-DT",2.15746841866741e-11,0.475601413110037,0.52,0.409,5.76842331099105e-07
"ANKAR","ANKAR",2.21769448754925e-11,-0.438149125497194,0.282,0.407,5.92944975136042e-07
"SAXO1","SAXO1",2.26000601419245e-11,-2.05551696878305,0.007,0.049,6.04257808014635e-07
"GPM6A","GPM6A",2.36582167915449e-11,-0.253686470594712,0.974,0.982,6.32549742355537e-07
"KLF6","KLF6",2.54495644153774e-11,0.998918126411687,0.156,0.076,6.80445003773946e-07
"LINC01036","LINC01036",2.54527671602257e-11,-1.80934118682668,0.023,0.078,6.80530635562956e-07
"BICD1","BICD1",2.54595762244567e-11,-0.381401946883702,0.498,0.62,6.80712689513298e-07
"OSBPL9","OSBPL9",2.7057799513297e-11,-0.420492079963106,0.394,0.523,7.23444385587022e-07
"CLIC4","CLIC4",2.83564552583386e-11,0.58410038637469,0.46,0.357,7.58166544242199e-07
"GRM5","GRM5",2.85963301053109e-11,-0.973920193088266,0.131,0.225,7.64580078025696e-07
"SUMF1","SUMF1",2.87727045399608e-11,-0.461913853691309,0.407,0.527,7.69295801284932e-07
"SPTBN1","SPTBN1",2.89483714371085e-11,-0.330221689777642,0.712,0.779,7.73992607113969e-07
"KCNQ3","KCNQ3",3.00419537281188e-11,-1.0308037968218,0.105,0.194,8.03231716828712e-07
"CP","CP",3.01337841989933e-11,1.46143881230343,0.138,0.064,8.05686988128485e-07
"ADORA1","ADORA1",3.12983433648074e-11,0.922029419502624,0.239,0.144,8.36823806544856e-07
"EMC2","EMC2",3.1857794040812e-11,-0.645500921480146,0.222,0.333,8.51781839269191e-07
"SSTR2","SSTR2",3.23562177115791e-11,1.68955494732415,0.075,0.021,8.65108192954491e-07
"HSPB8","HSPB8",3.48446143321804e-11,0.721754706819296,0.35,0.246,9.31640453399507e-07
"NRCAM","NRCAM",3.52150744194853e-11,-0.274122923175146,0.872,0.918,9.41545444753779e-07
"ADK","ADK",3.68557174143982e-11,-0.491522728822657,0.405,0.525,9.85411316508764e-07
"VSX1","VSX1",3.69343151043752e-11,-1.50398555308851,0.029,0.087,9.87512782945681e-07
"CSRP1","CSRP1",3.7565726645542e-11,0.512099507972551,0.657,0.573,1.00439483332186e-06
"FAM53C","FAM53C",3.76010981488708e-11,0.976461524246908,0.199,0.11,1.00534056120636e-06
"ENSG00000234248","ENSG00000234248",3.90731897180318e-11,-0.644971771695646,0.144,0.247,1.04469987349102e-06
"ACADL","ACADL",4.08014067590311e-11,-2.36081137415904,0.009,0.053,1.09090721251621e-06
"SLC30A10","SLC30A10",4.12231497685895e-11,-0.907384112168059,0.108,0.198,1.10218335536278e-06
"IRX2","IRX2",4.18140232846766e-11,1.33957096287835,0.143,0.069,1.1179815405624e-06
"PITRM1-AS1","PITRM1-AS1",4.23502934980009e-11,2.240864953047,0.054,0.01,1.13231979725605e-06
"LINC01833","LINC01833",4.32010608364163e-11,-5.15110990982506,0.001,0.035,1.15506676358326e-06
"ENSG00000284708","ENSG00000284708",4.75307696210888e-11,2.53775676728956,0.047,0.007,1.27083018735905e-06
"ZNF804B","ZNF804B",4.86138957039337e-11,1.51583374801379,0.138,0.065,1.29978972943607e-06
"LINC02343","LINC02343",5.02228672383148e-11,-2.30392722224381,0.015,0.063,1.34280880135082e-06
"C17orf67","C17orf67",5.03998640692672e-11,1.90258198254182,0.065,0.017,1.34754116562e-06
"DPYD","DPYD",5.09326035103479e-11,-0.537850485978655,0.308,0.431,1.36178502005617e-06
"NDUFS2","NDUFS2",5.11774865064832e-11,0.899713977030774,0.239,0.147,1.36833245672384e-06
"FOXG1","FOXG1",5.21237219544049e-11,-6.86447202942958,0,0.03,1.39363195389492e-06
"GAN","GAN",5.36460151057015e-11,-0.469398291145776,0.581,0.664,1.43433350588114e-06
"RFX4","RFX4",5.3687183346742e-11,-0.323902368793473,0.902,0.926,1.43543422114184e-06
"RAPGEF4","RAPGEF4",5.40407878846227e-11,0.873097475949897,0.196,0.109,1.44488854567116e-06
"PCDH18","PCDH18",5.56737572304899e-11,2.23837347471292,0.062,0.015,1.48854924707161e-06
"ACTG1","ACTG1",5.63737672948835e-11,-0.503070489223161,0.275,0.4,1.5072654161633e-06
"AP1S2","AP1S2",5.64381215465771e-11,1.11348944359374,0.196,0.111,1.50898605579083e-06
"COL5A2","COL5A2",5.81607785741273e-11,-1.46932013466772,0.027,0.083,1.55504473673644e-06
"CHST12","CHST12",5.82258866338256e-11,0.824567805121071,0.295,0.196,1.55678553092859e-06
"MIR219A2HG","MIR219A2HG",5.99901110480298e-11,-2.35461698064244,0.008,0.049,1.60395559909117e-06
"NRXN1-DT","NRXN1-DT",6.29448505777572e-11,-1.42638280971345,0.062,0.134,1.68295646989749e-06
"LMCD1-AS1","LMCD1-AS1",6.47088812801415e-11,-0.381459283588601,0.639,0.73,1.73012135878714e-06
"GPRC5B","GPRC5B",6.54337881102205e-11,0.430055112047477,0.684,0.615,1.74950319270297e-06
"C2CD2","C2CD2",6.59771263548256e-11,0.63178270355863,0.471,0.384,1.76403042734897e-06
"ENSG00000274441","ENSG00000274441",6.72275663000946e-11,-1.38414962591115,0.042,0.106,1.79746344016563e-06
"ST3GAL6","ST3GAL6",6.96039710986305e-11,1.14026243949297,0.206,0.12,1.86100137526408e-06
"TGFB2","TGFB2",7.88458910865928e-11,0.695016858915851,0.454,0.358,2.10810258998223e-06
"RNF41","RNF41",8.0386933473158e-11,0.905970565848547,0.206,0.117,2.14930544027182e-06
"ABI1","ABI1",8.15314254290829e-11,-0.347493961972952,0.618,0.711,2.17990572169739e-06
"CCDC7","CCDC7",8.22863689039956e-11,-0.631389110647833,0.237,0.349,2.20009064538613e-06
"MAP1LC3B2","MAP1LC3B2",8.40198233761074e-11,-2.00945303797048,0.016,0.065,2.24643801760698e-06
"INTS10","INTS10",8.5830193258763e-11,-0.52669305071177,0.315,0.433,2.29484187715955e-06
"HMGB1","HMGB1",8.67007515733372e-11,0.494721686597436,0.688,0.64,2.31811799481632e-06
"NUDT3","NUDT3",8.69485338347375e-11,0.866194332829052,0.282,0.187,2.32474294913938e-06
"ENSG00000224505","ENSG00000224505",8.81520152663388e-11,-0.685335623760144,0.12,0.216,2.3569204321761e-06
"NTRK2","NTRK2",9.42578488801563e-11,-0.228282979003872,0.976,0.983,2.52017210550874e-06
"WNK2","WNK2",9.84380050796892e-11,-0.619880439654637,0.277,0.389,2.63193694181565e-06
"FXR1","FXR1",9.84549033372977e-11,0.585175734885671,0.446,0.351,2.63238875052933e-06
"PTCH1","PTCH1",1.01426141458113e-10,-0.615968165169769,0.361,0.463,2.71183074416556e-06
"FEZ2","FEZ2",1.06265724061169e-10,-0.696676478873739,0.131,0.226,2.84122666422347e-06
"TMEM165","TMEM165",1.07134128003976e-10,-0.526184086172079,0.252,0.366,2.86444518044231e-06
"PIP4K2A","PIP4K2A",1.07503898866021e-10,-0.524787772931748,0.382,0.493,2.8743317439808e-06
"TAFA2","TAFA2",1.08007309584959e-10,-1.09843721787718,0.063,0.136,2.88779143637306e-06
"LINC00640","LINC00640",1.1190351243126e-10,1.8841389206054,0.062,0.015,2.99196421187459e-06
"PYCR1","PYCR1",1.13160385153635e-10,1.96961726212027,0.055,0.012,3.02556921785275e-06
"ABCC8","ABCC8",1.14907387646916e-10,-0.787188069702865,0.105,0.193,3.07227882351558e-06
"RBFOX2","RBFOX2",1.20862795222608e-10,-0.35143627789367,0.497,0.627,3.23150855586688e-06
"ASPA","ASPA",1.22240277979476e-10,-1.07122894163005,0.044,0.109,3.26833831233724e-06
"F3","F3",1.24567641556227e-10,-0.63193618401778,0.277,0.391,3.33056503228885e-06
"MLLT6","MLLT6",1.31152110340718e-10,0.672868109674985,0.32,0.216,3.50661397417978e-06
"CPB2-AS1","CPB2-AS1",1.36056150249372e-10,-1.1470324703064,0.064,0.136,3.63773328921745e-06
"PIK3IP1","PIK3IP1",1.37152431590111e-10,-0.845615506898322,0.103,0.188,3.66704456342479e-06
"MYO9A","MYO9A",1.40706010548128e-10,-0.383992011350995,0.567,0.674,3.76205660402529e-06
"LOC101930100","LOC101930100",1.41028838659415e-10,-0.779280674667805,0.092,0.176,3.77068805923678e-06
"NFIC","NFIC",1.43517006208911e-10,0.465757727553219,0.589,0.492,3.83721419500766e-06
"GUCY1A2","GUCY1A2",1.46234792740629e-10,-1.04095252461299,0.064,0.137,3.9098796535062e-06
"ARHGEF4","ARHGEF4",1.49202726355558e-10,-0.306520639928284,0.823,0.876,3.98923329456857e-06
"ITGA3","ITGA3",1.54920420861927e-10,1.37731543809493,0.12,0.053,4.14210729258533e-06
"RGCC","RGCC",1.56016214308229e-10,1.03388238592814,0.201,0.117,4.17140552195912e-06
"RAD18","RAD18",1.59751044704201e-10,1.02186361270222,0.184,0.102,4.27126368225623e-06
"SCD5","SCD5",1.64819879521735e-10,0.294603105547858,0.832,0.799,4.40678911877264e-06
"CCDC170","CCDC170",1.71770589786911e-10,-0.894921091640408,0.065,0.139,4.59263025913264e-06
"ENSG00000203279","ENSG00000203279",1.76731772556568e-10,-1.63980620681761,0.019,0.068,4.72527740284495e-06
"TEX2","TEX2",1.87939240400249e-10,0.667459060156334,0.397,0.306,5.02493147058145e-06
"LINC00513","LINC00513",1.99386537728118e-10,0.884435697386208,0.337,0.25,5.33099785923668e-06
"ITFG1","ITFG1",2.0740273086012e-10,-0.412383376203235,0.522,0.629,5.54532681500703e-06
"CFAP47","CFAP47",2.08603295952627e-10,-0.790099751393235,0.1,0.184,5.5774263238854e-06
"KIAA0232","KIAA0232",2.12452320917018e-10,0.615232863883017,0.492,0.411,5.68033770435831e-06
"MIR325HG","MIR325HG",2.19179051285019e-10,-1.76728062437157,0.031,0.087,5.86019029420755e-06
"CYP4F11","CYP4F11",2.29574317294942e-10,-1.05414861686046,0.051,0.118,6.13812852151487e-06
"ACAP3","ACAP3",2.31752603701483e-10,0.686533963796191,0.231,0.137,6.19636936516654e-06
"AK4","AK4",2.38276176723432e-10,0.664010545724156,0.322,0.223,6.37079013705441e-06
"PRELP","PRELP",2.3995349077358e-10,1.73667890117603,0.072,0.022,6.4156364828132e-06
"PRKD1","PRKD1",2.55302167015055e-10,0.295183992355444,0.789,0.734,6.82601403948152e-06
"PLSCR4","PLSCR4",2.58058427052742e-10,-0.461236584747913,0.477,0.575,6.89970816410916e-06
"MTF2","MTF2",2.71890320107278e-10,-0.672655302145872,0.138,0.232,7.26953148870829e-06
"ZNF441","ZNF441",2.84842163456314e-10,-1.48619073126683,0.027,0.08,7.61582492433148e-06
"NUP58","NUP58",2.86077427693147e-10,-0.710313198298345,0.193,0.29,7.64885218423167e-06
"LINC02884","LINC02884",2.92769161280615e-10,-0.530690106165292,0.305,0.418,7.8277690651598e-06
"RSPO4","RSPO4",2.95886969371181e-10,-1.39989068940981,0.025,0.078,7.91112990007727e-06
"TRPC1","TRPC1",3.03519842777969e-10,-0.518107816576702,0.305,0.418,8.11521003635455e-06
"ZNF91","ZNF91",3.07718340087507e-10,-0.508390150341438,0.331,0.441,8.22746525891968e-06
"VSIG10","VSIG10",3.09973221461801e-10,-0.502267470946201,0.176,0.284,8.28775402222417e-06
"PDZRN4","PDZRN4",3.25270044946603e-10,0.38032980213854,0.544,0.425,8.69674519173733e-06
"ZKSCAN1","ZKSCAN1",3.25813373132602e-10,0.550658377942282,0.513,0.429,8.71127215744638e-06
"GPC6","GPC6",3.286195774921e-10,-0.461052944637924,0.233,0.346,8.78630164340629e-06
"ENTPD1-AS1","ENTPD1-AS1",3.2995176711893e-10,-0.533715131431633,0.481,0.574,8.82192039745884e-06
"MAT2A","MAT2A",3.42402726414688e-10,-0.396207041819783,0.553,0.654,9.15482169614952e-06
"PPIE","PPIE",3.50025180786419e-10,-0.674180115112378,0.11,0.198,9.35862325868647e-06
"OBI1-AS1","OBI1-AS1",3.52139054734999e-10,-0.254052746586124,0.958,0.967,9.41514190644967e-06
"AMPD2","AMPD2",3.59505450609244e-10,1.12240900530339,0.135,0.065,9.61209723293935e-06
"GPHN","GPHN",3.61286283655699e-10,-0.263539504833878,0.875,0.91,9.65971136610243e-06
"COLGALT1","COLGALT1",3.8522164607493e-10,1.22506112207088,0.115,0.05,1.02996711511054e-05
"AHSA1","AHSA1",3.94843363823998e-10,1.25611985535182,0.115,0.051,1.05569270185622e-05
"HYDIN","HYDIN",3.97693859841345e-10,-0.396318562857639,0.323,0.45,1.0633140730578e-05
"UBR3","UBR3",4.18041575931166e-10,-0.40287234412422,0.474,0.582,1.11771776156716e-05
"CERS6","CERS6",4.36270907286311e-10,0.752030703440042,0.33,0.235,1.16645752481141e-05
"SH3PXD2B","SH3PXD2B",4.38790127470184e-10,0.530241323850962,0.586,0.504,1.17319316381703e-05
"THUMPD3-AS1","THUMPD3-AS1",4.43739202270582e-10,0.757927367358458,0.308,0.214,1.18642550511085e-05
"ZSWIM4","ZSWIM4",4.6061977979331e-10,1.55477591135406,0.103,0.043,1.23155910523337e-05
"GAS2L1","GAS2L1",4.64902909280145e-10,0.951308019624879,0.219,0.133,1.24301090854232e-05
"LSM6","LSM6",4.72321451403612e-10,-0.810025232542305,0.114,0.2,1.26284586461784e-05
"GAREM2","GAREM2",4.72833231558477e-10,0.924888265690704,0.27,0.181,1.2642142112179e-05
"TTC23-AS1","TTC23-AS1",4.93789950396045e-10,1.55028837605966,0.09,0.035,1.32024619037391e-05
"FAAP20","FAAP20",4.95460685336076e-10,1.18041334275644,0.133,0.064,1.32471323438307e-05
"P2RX7","P2RX7",5.04758290476103e-10,0.992922634113361,0.204,0.121,1.34957224124596e-05
"HPS1","HPS1",5.08017149757876e-10,0.88917428696466,0.178,0.098,1.35828545330763e-05
"HILPDA","HILPDA",5.10663591092557e-10,0.827957576264338,0.391,0.304,1.36536124350417e-05
"MICALL2","MICALL2",5.10928684949617e-10,0.552185864474299,0.518,0.438,1.36607002494979e-05
"C5","C5",5.17315666593106e-10,-1.01060526661521,0.071,0.143,1.38314689776999e-05
"PRRX1","PRRX1",5.90077069945226e-10,0.479127820533024,0.627,0.555,1.57768906191255e-05
"BTBD8","BTBD8",5.91693643844849e-10,-0.536787339517373,0.212,0.317,1.58201129554797e-05
"EMP1","EMP1",5.9735891098442e-10,1.06885609234769,0.226,0.143,1.59715852029904e-05
"CBR1","CBR1",6.04684262395144e-10,-1.01482686180521,0.067,0.138,1.6167443123659e-05
"EPHA6","EPHA6",6.18673691905969e-10,-2.0786298723453,0.026,0.077,1.65414785004899e-05
"SULF1","SULF1",6.46496746293548e-10,-0.819389932199086,0.07,0.143,1.72853835056506e-05
"FZD6","FZD6",6.55556399031091e-10,-0.812071804565294,0.058,0.127,1.75276114408943e-05
"ECHDC2","ECHDC2",6.68052790823173e-10,-0.320836788459961,0.618,0.728,1.78617274682392e-05
"LRRC49","LRRC49",6.74989967168007e-10,-0.512518382317096,0.168,0.27,1.8047206752171e-05
"MTR","MTR",7.07582178775276e-10,-0.477973815897711,0.263,0.375,1.89186247139146e-05
"TIAM1","TIAM1",7.19624776863067e-10,0.849505448329293,0.311,0.221,1.92406076589878e-05
"ENSG00000254239","ENSG00000254239",7.7416258249242e-10,1.78240270591111,0.062,0.017,2.06987849680998e-05
"ENSG00000259867","ENSG00000259867",7.8029519396855e-10,-1.29646248819562,0.032,0.086,2.08627526011371e-05
"MANF","MANF",7.88828665054851e-10,1.7710366913858,0.052,0.012,2.10909120175716e-05
"HERC1","HERC1",8.42984605369121e-10,-0.415171092272902,0.404,0.514,2.25388793937542e-05
"FRMPD2","FRMPD2",8.66694065227579e-10,-0.366683305113876,0.505,0.619,2.31727992219898e-05
"CEACAM16-AS1","CEACAM16-AS1",9.17799826261964e-10,1.6474818096856,0.067,0.02,2.45392139547661e-05
"ABCA2","ABCA2",9.32529958871794e-10,-0.551291623754682,0.231,0.335,2.49330535103552e-05
"ID2","ID2",9.36951853887551e-10,-0.730330015711751,0.216,0.315,2.50512817173914e-05
"ENSG00000215790","ENSG00000215790",9.44349888403873e-10,1.12083812888827,0.139,0.07,2.52490829662544e-05
"CNNM1","CNNM1",9.48337070898429e-10,1.80164413884267,0.075,0.026,2.53556882646113e-05
"WDFY2","WDFY2",9.51057885728622e-10,0.415968841649513,0.676,0.62,2.54284346907262e-05
"IDI2-AS1","IDI2-AS1",9.9078464022504e-10,-1.12217570370282,0.049,0.112,2.64906089256969e-05
"ENSG00000253875","ENSG00000253875",9.90995650818841e-10,-0.79376783014681,0.122,0.207,2.64962507159434e-05
"ARFGAP1","ARFGAP1",9.93043017877223e-10,0.771130504197559,0.268,0.176,2.65509911689833e-05
"TGFBR3","TGFBR3",1.00192462534656e-09,0.543378176846188,0.471,0.378,2.6788458707891e-05
"ENSG00000254281","ENSG00000254281",1.00470239328261e-09,-0.921301708918506,0.072,0.144,2.68627278891971e-05
"MOBP","MOBP",1.01276826599117e-09,-1.16630140315306,0.044,0.104,2.70783851278058e-05
"PBX1","PBX1",1.02235704275029e-09,-0.302136590917807,0.773,0.815,2.73347602520145e-05
"PDCD6IP","PDCD6IP",1.05226021597372e-09,-0.498221223152188,0.243,0.348,2.81342813944893e-05
"HSPA4","HSPA4",1.05944311701079e-09,0.92133187946083,0.206,0.124,2.83263306195174e-05
"DMGDH","DMGDH",1.07422089122003e-09,-0.53550588459684,0.199,0.303,2.872144396855e-05
"KAT2B","KAT2B",1.08756088247105e-09,-0.325806617717986,0.65,0.744,2.90781153146284e-05
"FLJ16779","FLJ16779",1.11218607055968e-09,-1.35442799022757,0.016,0.06,2.97365189685541e-05
"CHKA","CHKA",1.1322462586834e-09,-0.385026356636152,0.491,0.597,3.02728682184182e-05
"SEPTIN8","SEPTIN8",1.15936661740812e-09,0.7920483013779,0.267,0.177,3.09979852496408e-05
"MTHFD2L","MTHFD2L",1.17043549461469e-09,-0.731539228945592,0.209,0.304,3.12939338195129e-05
"DDX60","DDX60",1.32669866512524e-09,-1.44386908144792,0.022,0.071,3.54719422094535e-05
"TACC1","TACC1",1.3696919236683e-09,0.581721398488917,0.468,0.389,3.66214529631192e-05
"ZMYND8","ZMYND8",1.41257717461206e-09,0.392704539422886,0.668,0.616,3.77680759176028e-05
"CHST3","CHST3",1.45130910336412e-09,-0.608329633848028,0.142,0.233,3.88036514966464e-05
"ENSG00000203472","ENSG00000203472",1.52500537798659e-09,1.115420230667,0.131,0.064,4.07740687912274e-05
"DNAJA4","DNAJA4",1.52815994444338e-09,1.55749241422828,0.103,0.044,4.08584124345826e-05
"PRKCQ","PRKCQ",1.53405971518255e-09,-0.767116036385117,0.053,0.118,4.10161546048358e-05
"RIMKLB","RIMKLB",1.54794363749065e-09,-0.472178122341463,0.389,0.492,4.13873690355875e-05
"PRIMPOL","PRIMPOL",1.55899722881641e-09,-0.703941111959068,0.125,0.21,4.16829089068644e-05
"CCDC191","CCDC191",1.58620154568211e-09,-0.612608142544915,0.164,0.261,4.24102707269027e-05
"ICA1L","ICA1L",1.58708811370208e-09,-0.496950758016217,0.335,0.446,4.24339748960524e-05
"ACYP2","ACYP2",1.62128398915177e-09,-0.335493860822315,0.594,0.685,4.33482700179509e-05
"GABRA2","GABRA2",1.62585096613935e-09,-0.760752622523521,0.138,0.225,4.34703772816679e-05
"ENSG00000112096","ENSG00000112096",1.70798882895628e-09,1.70908905352893,0.07,0.023,4.56664973198042e-05
"PLXND1","PLXND1",1.75184419228808e-09,0.846455098232017,0.201,0.12,4.68390581692065e-05
"BMAL1","BMAL1",1.7970836199679e-09,0.723870344141414,0.332,0.242,4.80486247470816e-05
"LRRC1","LRRC1",1.83923865370103e-09,0.642681137840172,0.381,0.286,4.91757238840045e-05
"ACADVL","ACADVL",1.96543513125273e-09,0.359619525642998,0.639,0.564,5.25498391043043e-05
"GRM3","GRM3",1.98013347087985e-09,-1.55753369173033,0.029,0.08,5.29428286109144e-05
"SIPA1L1","SIPA1L1",2.02166087902044e-09,0.401598604511108,0.627,0.552,5.40531469223696e-05
"DENND4B","DENND4B",2.03745965900905e-09,1.02048740713922,0.156,0.084,5.44755589029251e-05
"DNAJB2","DNAJB2",2.03963546768497e-09,0.652458198524786,0.335,0.237,5.4533733499493e-05
"WDR5B-DT","WDR5B-DT",2.06720910650784e-09,-0.871701336264521,0.078,0.151,5.52709698807001e-05
"PRSS23","PRSS23",2.08616863659896e-09,-0.905848631242207,0.057,0.122,5.57778908367463e-05
"SLC25A18","SLC25A18",2.15045192565418e-09,0.323533227400147,0.841,0.823,5.74966331362157e-05
"LHX2","LHX2",2.15362830251938e-09,-3.63102899081051,0.002,0.031,5.75815599244606e-05
"MACF1","MACF1",2.3423262022221e-09,-0.148313683591704,0.985,0.991,6.26267756688123e-05
"CD63","CD63",2.36044959540004e-09,0.796732820989844,0.198,0.118,6.31113408322107e-05
"MCPH1","MCPH1",2.43331176623233e-09,0.678908653532783,0.339,0.246,6.50594566937538e-05
"ZFHX4-AS1","ZFHX4-AS1",2.44794971192717e-09,-1.27949970824959,0.029,0.08,6.54508314477967e-05
"LINC01285","LINC01285",2.46941303877536e-09,-0.768828061667151,0.087,0.163,6.60246964177369e-05
"SALL1","SALL1",2.47708284057233e-09,0.93271829066198,0.178,0.102,6.62297639083823e-05
"SCN11A","SCN11A",2.49787592609943e-09,-1.39978567061169,0.015,0.057,6.67857086361204e-05
"CLASP2","CLASP2",2.52258089652066e-09,-0.286115710855955,0.694,0.777,6.74462454302729e-05
"PKDCC","PKDCC",2.62204958759258e-09,1.9885021411051,0.065,0.02,7.01057398234627e-05
"GPRIN3","GPRIN3",2.77830609915809e-09,2.18905438637411,0.057,0.016,7.42835701731897e-05
"RAB11FIP4","RAB11FIP4",2.77891738871766e-09,-0.732776406578167,0.094,0.172,7.42999142221442e-05
"MBD5","MBD5",2.84311395478182e-09,-0.318942783470889,0.731,0.793,7.60163378090015e-05
"LINC00836","LINC00836",2.88448036578414e-09,-0.429178364103672,0.233,0.342,7.71223515399704e-05
"PARVA","PARVA",2.9112983688843e-09,0.932916115873017,0.229,0.145,7.78393844888596e-05
"CNTN1","CNTN1",2.91236821177123e-09,-0.252335650634513,0.94,0.939,7.78679888781274e-05
"MTMR3","MTMR3",2.99146272051373e-09,-0.439200030133905,0.469,0.565,7.99827387583757e-05
"ENSG00000251314","ENSG00000251314",3.09730469742505e-09,-0.463106369572396,0.168,0.266,8.28126356950537e-05
"ENSG00000257735","ENSG00000257735",3.17411686422218e-09,-0.740003216715708,0.153,0.241,8.48663625987085e-05
"PRTG","PRTG",3.19090899798103e-09,-0.581407725277378,0.169,0.262,8.53153338790188e-05
"LINC03051","LINC03051",3.21746090848649e-09,0.217168405993602,0.96,0.954,8.60252523102033e-05
"AMZ1","AMZ1",3.24582284959772e-09,-0.979712621604907,0.07,0.138,8.67835655296941e-05
"LINC00310","LINC00310",3.27620617405494e-09,1.01604680712796,0.113,0.051,8.75959244757068e-05
"ZFP36L1","ZFP36L1",3.33225815262396e-09,0.387503238302265,0.657,0.599,8.90945862267068e-05
"CAMK2N1","CAMK2N1",3.38319109339619e-09,0.849252434852966,0.214,0.133,9.04563802641339e-05
"RGS22","RGS22",3.38562048437291e-09,-0.758134166723296,0.083,0.158,9.05213348906785e-05
"LIX1","LIX1",3.50113973973839e-09,-0.664946173976354,0.081,0.156,9.36099732213853e-05
"CRPPA","CRPPA",3.50931145033589e-09,-0.667053259196935,0.181,0.273,9.38284602476306e-05
"ACSM5","ACSM5",3.53630975914038e-09,-0.980730460326404,0.026,0.075,9.45503140301364e-05
"TNS3","TNS3",3.56096097858138e-09,-0.497155784645127,0.346,0.454,9.52094136843304e-05
"KIAA0930","KIAA0930",3.63701971631328e-09,0.281400178533278,0.758,0.739,9.72429961550683e-05
"HLA-DMA","HLA-DMA",3.68473342630564e-09,-1.6004842768679,0.023,0.07,9.85187176191339e-05
"ABCD2","ABCD2",3.76732395898482e-09,-0.589564450442315,0.239,0.337,0.000100726940691377
"AGT","AGT",3.89051536623966e-09,-0.203793706831773,0.473,0.607,0.00010402070934715
"ANKMY1","ANKMY1",4.0577382686754e-09,-0.623545217899312,0.114,0.196,0.000108491748089574
"SLC13A3","SLC13A3",4.21428205906354e-09,-0.437773574040754,0.311,0.427,0.000112677259413182
"KCNIP1","KCNIP1",4.41743736133763e-09,-0.382343814605337,0.2,0.306,0.000118109022730084
"PLK5","PLK5",4.42430163500764e-09,1.19955234204191,0.117,0.055,0.000118292552815199
"EMX2OS","EMX2OS",4.49949668033741e-09,-0.579350698850643,0.138,0.227,0.000120303042742181
"ENSG00000269966","ENSG00000269966",4.54454613708773e-09,0.767384884668235,0.215,0.135,0.000121507530067315
"NIBAN2","NIBAN2",4.57977091228607e-09,0.975519189022726,0.157,0.087,0.000122449334881793
"SECISBP2","SECISBP2",4.79729198548621e-09,-0.659425676739825,0.13,0.215,0.000128265195815945
"SH3BGRL2","SH3BGRL2",4.80272363042251e-09,-0.962436207148597,0.074,0.142,0.000128410421706607
"GSAP","GSAP",4.80925684502785e-09,-0.582160051303311,0.141,0.23,0.00012858510026551
"TUBA1C","TUBA1C",4.93920215478093e-09,1.02313061316819,0.176,0.102,0.000132059448012378
"MGC16275","MGC16275",4.94922431167327e-09,-1.13013692216445,0.032,0.084,0.000132327410421208
"GPATCH2","GPATCH2",4.96033549470667e-09,-0.618098582716445,0.117,0.201,0.000132624490121972
"MT1H","MT1H",5.20475139237918e-09,1.81047827055979,0.072,0.026,0.000139159437978042
"ENSG00000250284","ENSG00000250284",5.21059940682844e-09,-1.06099615075985,0.02,0.065,0.000139315796340372
"LRCH4","LRCH4",5.34927253813131e-09,0.928140790104318,0.171,0.098,0.000143023499852017
"KALRN","KALRN",5.44893131777127e-09,0.219612341176387,0.928,0.909,0.000145688076643251
"KBTBD12","KBTBD12",5.49619425569306e-09,1.46493916453223,0.125,0.063,0.000146951745814465
"ENSG00000260536","ENSG00000260536",5.49645240900053e-09,1.75055994815755,0.06,0.018,0.000146958648059447
"ZNF219","ZNF219",5.55528211651133e-09,1.11386886653587,0.113,0.053,0.000148531577949163
"HSPA5","HSPA5",5.56833157162648e-09,0.771779352492611,0.239,0.155,0.000148880481230577
"BOD1L1","BOD1L1",5.63239653416511e-09,-0.604955124067773,0.263,0.361,0.000150593386133973
"ENSG00000237975","ENSG00000237975",5.65914641783031e-09,-0.63141836882139,0.164,0.253,0.000151308597773529
"FAM43B","FAM43B",5.66557575096351e-09,1.30046314082278,0.062,0.019,0.000151480498853511
"ORMDL1","ORMDL1",5.82958777018221e-09,-0.868561855045269,0.094,0.167,0.000155865688211362
"TMEM178A","TMEM178A",5.89683699573376e-09,-1.61626616493524,0.022,0.068,0.000157663730754934
"DUT","DUT",5.91033882470382e-09,0.778880299938163,0.239,0.154,0.000158024729156106
"PRELID2","PRELID2",5.93872345570781e-09,-0.886338988754605,0.092,0.166,0.00015878364903526
"RANBP3-DT","RANBP3-DT",5.96298665724681e-09,1.56077715105826,0.07,0.024,0.000159432374254808
"USO1","USO1",6.05840496948179e-09,-0.565541856352562,0.194,0.29,0.000161983573669035
"GCC2","GCC2",6.06119663884116e-09,-0.55719424612144,0.196,0.288,0.000162058214532696
"PCNX4-DT","PCNX4-DT",6.19593062409627e-09,-0.963445965201694,0.044,0.102,0.000165660597096462
"ANKRD30BL","ANKRD30BL",6.22567390576647e-09,-0.998029256274554,0.031,0.082,0.000166455843218478
"LUC7L3","LUC7L3",6.39521930982769e-09,-0.324535469140085,0.611,0.709,0.000170988978686863
"YME1L1","YME1L1",6.41029853235788e-09,-0.48003048190896,0.188,0.286,0.000171392151859653
"NEGR1","NEGR1",6.4818202296119e-09,-0.441896254671065,0.439,0.544,0.000173304427479133
"EPHA2","EPHA2",6.50673985747984e-09,2.43964472011431,0.034,0.004,0.000173970703569438
"UBE3A","UBE3A",6.6225356444095e-09,-0.377669376807081,0.338,0.448,0.000177066735524577
"ABCC3","ABCC3",6.62558952698834e-09,2.74000659463321,0.041,0.008,0.000177148387183087
"PACS1","PACS1",6.7779152193428e-09,0.43051040818252,0.593,0.51,0.000181221119219568
"DOK5","DOK5",6.81942112286952e-09,0.690250199520149,0.298,0.21,0.000182330862562162
"SALL3","SALL3",6.9170006421982e-09,0.744543473388003,0.25,0.166,0.000184939846170453
"MSH3","MSH3",6.9512906729226e-09,-0.517320212257215,0.227,0.324,0.000185856658721932
"ITIH5","ITIH5",6.98607584556511e-09,1.26276152703093,0.128,0.065,0.000186786709882874
"STON1-GTF2A1L","STON1-GTF2A1L",7.00887812774556e-09,1.37364494555021,0.09,0.037,0.000187396374501533
"DCLK1","DCLK1",7.11367955416431e-09,0.750668968122294,0.504,0.452,0.000190198450239691
"NKAIN4","NKAIN4",7.22627499179542e-09,-0.460916179923259,0.139,0.229,0.000193208914455634
"PDE8B.1","PDE8B.1",7.31814513737524e-09,-1.29694921038688,0.067,0.131,0.000195665246538002
"LMBRD1","LMBRD1",7.38223900147663e-09,-0.425154116530312,0.302,0.406,0.000197378924182481
"SAMD9L","SAMD9L",7.57351456977274e-09,-1.37693262258934,0.029,0.079,0.000202493059052014
"PROS1","PROS1",7.59262227093977e-09,-1.45026788645012,0.029,0.077,0.000203003941658117
"AMPD3","AMPD3",7.63813696075685e-09,-0.674951448617601,0.091,0.165,0.000204220867919756
"MNS1","MNS1",7.70663502707619e-09,-1.3949398757114,0.024,0.07,0.000206052300718936
"SPON1","SPON1",7.86170388267136e-09,0.254692755068191,0.861,0.817,0.000210198376710984
"ZC3H12C","ZC3H12C",8.07983934030735e-09,-0.415126712518512,0.391,0.503,0.000216030664441798
"GADD45G","GADD45G",8.08304035267828e-09,-1.48048090221581,0.062,0.124,0.000216116249909559
"FGF1","FGF1",8.28246204168211e-09,-0.368799961414837,0.278,0.389,0.000221448187608454
"EPCIP","EPCIP",8.30079899819056e-09,1.24786277022544,0.084,0.033,0.000221938462814621
"KIAA0319L","KIAA0319L",8.32336663651085e-09,-0.42492544124332,0.363,0.47,0.000222541853760391
"FIGN","FIGN",8.50205185433528e-09,0.359267285838663,0.663,0.586,0.000227319360429362
"PARP14","PARP14",8.591109709513e-09,-0.727771311890386,0.097,0.173,0.000229700500303249
"COBL","COBL",8.61178457321616e-09,-0.572822080992109,0.125,0.21,0.000230253284134081
"EMP3","EMP3",8.77052584196756e-09,2.1219188964804,0.058,0.017,0.000234497549436687
"ENSG00000277196","ENSG00000277196",8.79939520666616e-09,-1.16105260526924,0.047,0.104,0.000235269429640633
"COX15","COX15",8.8223851337213e-09,-0.902542960977945,0.068,0.134,0.000235884111320306
"SLC9A8","SLC9A8",8.83436230494228e-09,-0.429033563232376,0.177,0.275,0.000236204344947242
"ANO6","ANO6",9.01578996171582e-09,0.644790874472605,0.418,0.336,0.000241055176206396
"IFT172","IFT172",9.0974298657878e-09,0.524175164386497,0.403,0.308,0.000243237982321568
"SRRM1","SRRM1",9.24755947970361e-09,-0.490726916779313,0.193,0.288,0.000247251997808835
"NSUN3","NSUN3",9.33355169654776e-09,-1.03453984237386,0.07,0.135,0.000249551171710597
"PAPOLA","PAPOLA",9.5402372893907e-09,0.598165682770664,0.389,0.302,0.000255077324406439
"LOC105377862","LOC105377862",9.58708857873524e-09,-2.77529172760057,0.004,0.033,0.000256329987329644
"PIGN","PIGN",9.60859371694927e-09,-0.656845724040152,0.213,0.306,0.000256904970210073
"DEPTOR","DEPTOR",9.6357868915257e-09,0.838883179058151,0.186,0.111,0.000257632034118723
"PLEKHH2","PLEKHH2",9.74709538832661e-09,-0.748488428877288,0.048,0.107,0.000260608089397688
"SULT1A1","SULT1A1",9.91453729285188e-09,-0.7391288747146,0.116,0.196,0.000265084983598981
"ARGLU1","ARGLU1",9.93026229935788e-09,-0.327292744757764,0.471,0.568,0.000265505423097932
"EPHX1","EPHX1",1.00523940379879e-08,0.449543360704598,0.52,0.438,0.000268770859393683
"SAMD1","SAMD1",1.02220499967647e-08,1.09180937868331,0.12,0.059,0.000273306950763498
"CST3","CST3",1.03635254244597e-08,-0.275730049009163,0.65,0.736,0.000277089579273778
"BDP1","BDP1",1.05007248024509e-08,-0.553617061884804,0.272,0.369,0.000280757879043131
"RFLNA","RFLNA",1.07287196397657e-08,-0.931457939282691,0.095,0.167,0.000286853777008416
"ZNF407","ZNF407",1.08136785459121e-08,-0.462486382466881,0.292,0.393,0.000289125323282052
"DPH6-DT","DPH6-DT",1.09740672696744e-08,0.392205471260551,0.546,0.456,0.000293413636589284
"EHHADH","EHHADH",1.11302643722794e-08,-0.614719539579607,0.131,0.215,0.000297589878521634
"DYNLL1","DYNLL1",1.11810977426417e-08,0.664310412636175,0.299,0.209,0.00029894901034501
"GUCY1A1","GUCY1A1",1.11929438730563e-08,-1.82057598281735,0.02,0.063,0.000299265740333906
"CAMK2A","CAMK2A",1.13376348152814e-08,-1.73334079722871,0.01,0.046,0.000303134342056179
"GLMN","GLMN",1.14620295930253e-08,-0.799579762458425,0.082,0.153,0.000306460285228716
"CD151","CD151",1.17018459538126e-08,1.3279043510644,0.084,0.034,0.000312872255267088
"NKTR","NKTR",1.18496386725064e-08,-0.364937676124317,0.515,0.618,0.000316823789186804
"ADAMTS9","ADAMTS9",1.18887608185868e-08,-0.784260483255056,0.142,0.223,0.000317869798006556
"HLF","HLF",1.20065813033328e-08,-0.889221517249849,0.058,0.12,0.00032101996430721
"ENSG00000272405","ENSG00000272405",1.21377083675755e-08,-1.09519519921173,0.027,0.074,0.000324525908623866
"CLMN","CLMN",1.23451945104548e-08,0.944572360211026,0.181,0.108,0.000330073465626029
"PARD3","PARD3",1.23675431941406e-08,0.17849599848997,0.966,0.965,0.000330671002381736
"ITPKB","ITPKB",1.25870418206167e-08,0.221782795610006,0.923,0.906,0.000336539737157827
"ATG16L2","ATG16L2",1.28100089667699e-08,1.08293476548862,0.105,0.048,0.000342501209744526
"MAP3K6","MAP3K6",1.28551734810014e-08,1.2032816866045,0.103,0.046,0.000343708773361535
"SPP1","SPP1",1.3068166060288e-08,0.632503085028372,0.194,0.116,0.000349403555953919
"PLPP1","PLPP1",1.31440650458371e-08,0.519257116807945,0.518,0.434,0.000351432867130546
"TAGAP-AS1","TAGAP-AS1",1.33017341078255e-08,-0.827356891637142,0.083,0.153,0.000355648464840931
"NNT","NNT",1.33031921072096e-08,-0.454963971989501,0.271,0.377,0.000355687447370462
"GALNT8","GALNT8",1.35494571542735e-08,1.35813679629403,0.082,0.033,0.000362271835933811
"PDE9A","PDE9A",1.42924594105624e-08,-0.571909258326063,0.186,0.28,0.000382137487260208
"ENSG00000223727","ENSG00000223727",1.45626524577643e-08,-0.775356905714772,0.086,0.157,0.000389361638763243
"NEK7","NEK7",1.47964049087379e-08,-0.44543404176995,0.331,0.431,0.000395611478044925
"MAPKBP1","MAPKBP1",1.51418054565981e-08,0.575165300651417,0.326,0.237,0.000404846452493063
"ENSG00000257759","ENSG00000257759",1.52051923066237e-08,-0.620683803554582,0.221,0.307,0.000406541226702197
"THSD7A","THSD7A",1.5463442756974e-08,-0.378140520781519,0.566,0.642,0.000413446068993213
"MRPL16","MRPL16",1.54926119210501e-08,-1.61202105416286,0.013,0.05,0.000414225964933117
"DUSP6","DUSP6",1.55264752290099e-08,1.97510498671228,0.059,0.019,0.000415131368198038
"ETV4","ETV4",1.56516348303652e-08,1.55214285399235,0.07,0.025,0.000418477760459473
"TENM2","TENM2",1.58607546465612e-08,-0.332300106844841,0.543,0.648,0.000424068996985108
"RABL3","RABL3",1.63879687697661e-08,-0.852788222153001,0.068,0.133,0.000438165120997237
"CNTN6","CNTN6",1.65946318122432e-08,-1.4829389286871,0.024,0.068,0.000443690670763946
"DPYSL2","DPYSL2",1.6597590110476e-08,-0.299104809347442,0.607,0.701,0.000443769766783797
"RGR","RGR",1.67390351717536e-08,-1.11244705146933,0.05,0.108,0.000447551583387177
"MTARC1","MTARC1",1.68269331328806e-08,0.850988889465161,0.165,0.094,0.000449901711173828
"UFD1","UFD1",1.71320604675452e-08,1.01128262896642,0.132,0.068,0.000458059900720756
"KANK2","KANK2",1.72393168690758e-08,0.957277931488906,0.154,0.086,0.00046092761512848
"WRN","WRN",1.75243187934999e-08,-0.533849229919528,0.218,0.313,0.000468547711581808
"UBE2G2","UBE2G2",1.75375882254754e-08,0.475978474355751,0.475,0.396,0.000468902496384536
"RBM25","RBM25",1.7646591471366e-08,-0.47885425785398,0.347,0.45,0.000471816916169912
"GAPDH","GAPDH",1.79020587855041e-08,-0.497409347204107,0.485,0.591,0.000478647345748023
"SYNPO2L-AS1","SYNPO2L-AS1",1.80042064929865e-08,-0.660312278333378,0.06,0.124,0.00048137846900298
"GEMIN8","GEMIN8",1.82233512198113e-08,-0.664593158049041,0.096,0.17,0.000487237741564095
"ETFDH","ETFDH",1.8374566518235e-08,-0.531686455374242,0.263,0.357,0.000491280784998049
"GNAO1-DT","GNAO1-DT",1.84344261640651e-08,-0.68959408389006,0.113,0.192,0.000492881252348608
"MED13L","MED13L",1.85028225766056e-08,-0.281933203557458,0.742,0.805,0.000494709967230703
"ZZZ3","ZZZ3",1.9329341228198e-08,-0.464503915334544,0.291,0.389,0.000516808596418329
"ZER1","ZER1",2.00975702088233e-08,0.577939253298859,0.362,0.274,0.000537348734673308
"MTHFD1L","MTHFD1L",2.0114944148119e-08,0.575491007665643,0.351,0.263,0.000537813261688257
"ENSG00000276500","ENSG00000276500",2.12056129156014e-08,-1.24388639965521,0.03,0.078,0.000566974472524434
"IFT27","IFT27",2.12624918884827e-08,-0.831338380333542,0.092,0.163,0.000568495245622361
"ACTN1","ACTN1",2.19836406887698e-08,1.08697533023876,0.13,0.068,0.000587776601095637
"GYS1","GYS1",2.20576709142276e-08,-0.706069209679105,0.216,0.305,0.000589755947233703
"DENND1B","DENND1B",2.2658118769289e-08,-0.587541103009102,0.113,0.191,0.000605810121534481
"MTM1","MTM1",2.26998236398232e-08,-0.389151238152478,0.412,0.511,0.000606925184657954
"METAP1D","METAP1D",2.29463776308914e-08,-0.979829354005962,0.056,0.115,0.000613517298717142
"GOLGB1","GOLGB1",2.34917234491768e-08,-0.405063112141089,0.384,0.49,0.00062809820986064
"COL4A3","COL4A3",2.39910968793943e-08,-0.967328890845491,0.037,0.089,0.000641449957264366
"ZMIZ1-AS1","ZMIZ1-AS1",2.4109471009637e-08,-1.28778482574505,0.024,0.068,0.000644614926384664
"AGAP4","AGAP4",2.4544172634141e-08,-0.755451989958251,0.105,0.179,0.000656237543719029
"DDX24","DDX24",2.4591187458378e-08,-0.579802021525085,0.201,0.291,0.000657494579074651
"ENSG00000276649","ENSG00000276649",2.49742623919888e-08,-0.5429354749192,0.164,0.252,0.000667736853574604
"PTCH2","PTCH2",2.4987031710316e-08,0.550754069758887,0.368,0.276,0.000668078266838719
"EAF2","EAF2",2.51539668920267e-08,0.693702427639338,0.318,0.234,0.000672541612792119
"PGD","PGD",2.54318944059922e-08,0.95600406820921,0.171,0.102,0.000679972560733014
"MAZ","MAZ",2.5929360594934e-08,1.14063665661822,0.106,0.05,0.00069327331422675
"WBP2","WBP2",2.63187066543423e-08,-0.482565980603783,0.232,0.33,0.000703683259817149
"SPARCL1","SPARCL1",2.643187733634e-08,0.305557124263304,0.753,0.717,0.000706709104341721
"DNM1L","DNM1L",2.79755933736046e-08,-0.435746836720346,0.293,0.396,0.000747983440030066
"ELL2","ELL2",2.82668078410884e-08,-0.41831752690468,0.338,0.44,0.00075576964124718
"ENSG00000267699","ENSG00000267699",2.88474881650613e-08,-0.844660515719467,0.034,0.084,0.000771295291069243
"LHFPL6","LHFPL6",2.88942752414132e-08,0.209606616422207,0.944,0.903,0.000772546237129665
"AJM1","AJM1",2.90727391390568e-08,1.33074401766957,0.071,0.026,0.000777317826360962
"ANKRD12","ANKRD12",2.91071558897258e-08,-0.345716760243083,0.589,0.67,0.0007782380270236
"SEPTIN11","SEPTIN11",2.92048730008472e-08,-0.525039049722071,0.285,0.38,0.000780850689423652
"LINC01819","LINC01819",2.93998643577671e-08,-1.75691331411366,0.023,0.066,0.00078606417333362
"HMGN2","HMGN2",2.96295391035749e-08,-0.882998338340905,0.062,0.123,0.000792204987012281
"METTL21A","METTL21A",3.02844472408974e-08,1.19164111862834,0.118,0.06,0.000809715265879874
"RNF19B","RNF19B",3.04820236494577e-08,1.09650111372896,0.162,0.096,0.00081499786631555
"TBC1D19","TBC1D19",3.07000991875276e-08,-0.403706870638847,0.294,0.4,0.000820828551976926
"LPGAT1","LPGAT1",3.11877737750068e-08,-0.666858762129078,0.125,0.203,0.000833867507422356
"CFAP96","CFAP96",3.13227279961656e-08,0.605171526417546,0.168,0.097,0.00083747577843348
"AP3B1","AP3B1",3.17820651480246e-08,-0.408338558450524,0.391,0.497,0.000849757075862734
"ITGA6","ITGA6",3.1843088623467e-08,-0.451088058949005,0.275,0.378,0.000851388660525637
"BLTP3A","BLTP3A",3.19028022864747e-08,0.669564209751551,0.258,0.175,0.000852985224733474
"BTBD9","BTBD9",3.19468140645282e-08,-0.309489234778568,0.536,0.636,0.00085416196764329
"MSMO1","MSMO1",3.22208060030595e-08,-0.870693186111146,0.051,0.108,0.000861487690103801
"SSBP4","SSBP4",3.22940652959222e-08,0.808643089349049,0.177,0.105,0.000863446423817071
"SLC7A10","SLC7A10",3.23247144011943e-08,0.805358451631052,0.262,0.182,0.000864265888944733
"DIPK2A","DIPK2A",3.2486140331394e-08,-0.773523528163907,0.126,0.202,0.000868581934040481
"CCSER1","CCSER1",3.35900475624648e-08,-1.2635375277613,0.048,0.102,0.00089809710167762
"ME1","ME1",3.42902835420693e-08,-0.466788145502702,0.329,0.433,0.000916819311064307
"ID4","ID4",3.46011493176293e-08,-0.518522429798243,0.276,0.373,0.000925130929305455
"ENSG00000273372","ENSG00000273372",3.56337578589993e-08,1.14822245100745,0.098,0.045,0.000952739783876065
"BCKDHB","BCKDHB",3.56810610604247e-08,-0.317515385975324,0.702,0.772,0.000954004529572575
"FGFR2","FGFR2",3.6345523568042e-08,-0.479064375138909,0.222,0.321,0.000971770263638739
"TMEM132C","TMEM132C",3.67094269905135e-08,-2.74505985596264,0.007,0.038,0.000981499949445359
"AGPAT5","AGPAT5",3.67711744603049e-08,-0.604226780630075,0.151,0.235,0.000983150891545173
"GHR","GHR",3.71456372617101e-08,-0.479020949066462,0.28,0.379,0.000993162903466342
"ZNF658","ZNF658",3.76672756202915e-08,-0.905413335006457,0.044,0.099,0.00100710994825973
"APOC1","APOC1",3.84058623040814e-08,-0.841614556456614,0.08,0.146,0.00102685754042423
"HSD17B12","HSD17B12",3.88946973601712e-08,-0.373786464157465,0.411,0.503,0.0010399275233189
"ENSG00000265888","ENSG00000265888",3.92878112437917e-08,-0.913422243801804,0.023,0.066,0.00105043820922526
"IL6R","IL6R",3.93117253386374e-08,-0.570527954594433,0.115,0.194,0.00105107760037915
"FBN1","FBN1",3.99438032671229e-08,-0.439034155953365,0.325,0.423,0.00106797746795307
"NUP50-DT","NUP50-DT",3.9947854430782e-08,0.646404554902505,0.297,0.215,0.00106808578391582
"MARCKSL1","MARCKSL1",4.00156937967218e-08,-0.662864910135344,0.093,0.164,0.00106989960504295
"NFKBIA","NFKBIA",4.01165313801185e-08,0.718844912409068,0.237,0.158,0.00107259569951023
"INSYN2A","INSYN2A",4.01289932747973e-08,-0.762314875403431,0.13,0.206,0.00107292889318826
"STXBP5L","STXBP5L",4.03023703832411e-08,-0.675218535474548,0.162,0.244,0.00107756447693672
"MED12L","MED12L",4.06510573928139e-08,0.268249956166537,0.825,0.783,0.00108688732151167
"C16orf89","C16orf89",4.09158390583001e-08,-0.739351087689079,0.056,0.115,0.00109396678890177
"RB1","RB1",4.14509189634757e-08,0.512970740752998,0.458,0.369,0.00110827322032645
"RCN2","RCN2",4.17923912768359e-08,-0.467986267658685,0.179,0.268,0.00111740316556876
"AMER2","AMER2",4.18711842840763e-08,0.504868211388922,0.465,0.389,0.00111950985420335
"ATP9B","ATP9B",4.19138955401335e-08,-0.374289551177234,0.443,0.55,0.00112065182505655
"SLC24A4","SLC24A4",4.207273908669e-08,0.230577609860416,0.743,0.646,0.00112489882496083
"TECR","TECR",4.23085513488613e-08,0.537542090280149,0.323,0.232,0.0011312037374145
"CLEC16A","CLEC16A",4.2349319530693e-08,-0.264114825694672,0.786,0.828,0.00113229375629214
"PDS5B","PDS5B",4.23985185702034e-08,0.457225887429264,0.488,0.407,0.00113360919101153
"DDX50","DDX50",4.32695864089318e-08,-0.660362366371645,0.123,0.199,0.00115689893181561
"CSPG5","CSPG5",4.3425923115696e-08,1.22999129611508,0.11,0.055,0.00116107890634436
"SLC13A4","SLC13A4",4.4293421254404e-08,1.57300824083517,0.049,0.013,0.001184273204079
"GALNT10","GALNT10",4.51590545022361e-08,0.755594408257757,0.281,0.203,0.00120741764022629
"ZNF714","ZNF714",4.5555127930593e-08,-0.634353253351063,0.113,0.187,0.00121800745548027
"ZNF638","ZNF638",4.61839352322414e-08,-0.267787560717872,0.603,0.71,0.00123481987630444
"CDK10","CDK10",4.64143715307438e-08,0.705817468000465,0.203,0.127,0.0012409810516175
"PRODH","PRODH",4.73021621025239e-08,-1.62334276878111,0.019,0.059,0.00126471790813518
"SLC8B1","SLC8B1",4.78336939469422e-08,-0.636289018354698,0.113,0.188,0.00127892947505939
"PCGF3-AS1","PCGF3-AS1",4.81261072525865e-08,0.627997465653569,0.371,0.288,0.00128674772961241
"PRKAR2A","PRKAR2A",4.88808339872623e-08,0.568484935227467,0.384,0.298,0.00130692685831743
"CCT3","CCT3",4.95708347376588e-08,0.85057571453232,0.187,0.115,0.00132537540838078
"CRISPLD2","CRISPLD2",4.96920044678343e-08,1.72165802949043,0.067,0.025,0.00132861512345649
"FAM227B","FAM227B",5.08260704397028e-08,-0.719026982183396,0.142,0.221,0.00135893664534633
"H2BC5","H2BC5",5.08557183908539e-08,2.60353113264635,0.035,0.006,0.00135972934261626
"CLVS2","CLVS2",5.08919620327302e-08,-1.59647649010369,0.013,0.048,0.00136069838886911
"SERGEF","SERGEF",5.20586677720061e-08,0.685652390773555,0.29,0.21,0.00139189260022013
"LRFN5","LRFN5",5.38333758412617e-08,0.614072520864421,0.265,0.181,0.00143934296986781
"TRIP10","TRIP10",5.3860237552737e-08,1.40058507405548,0.084,0.036,0.00144006117144753
"TSEN15","TSEN15",5.42044431184151e-08,0.670754598086831,0.267,0.187,0.00144926419565706
"SLC30A1","SLC30A1",5.44802989894231e-08,0.889571465181833,0.194,0.123,0.00145663975408021
"ULK4","ULK4",5.56115180748273e-08,-0.363171247070842,0.287,0.389,0.00148688515876666
"CLASRP","CLASRP",5.5824821894735e-08,0.655304136814445,0.31,0.226,0.00149258826299953
"TCAP","TCAP",5.59263010037217e-08,0.989467247546015,0.109,0.053,0.00149530150993651
"INPPL1","INPPL1",5.64090271804369e-08,0.698087881505637,0.338,0.259,0.00150820815972334
"PSAT1","PSAT1",5.71180082240365e-08,0.680777695637686,0.336,0.259,0.00152716418588606
"PIPOX","PIPOX",5.71868429996248e-08,-0.608997963053389,0.089,0.159,0.00152900462128097
"ABCA3","ABCA3",5.79355403274401e-08,0.661602508037089,0.242,0.162,0.00154902254173477
"HSPA4L","HSPA4L",5.90129791853686e-08,0.752868471301605,0.209,0.133,0.0015778300244792
"EPS15","EPS15",5.91130565725485e-08,-0.287518638887411,0.579,0.658,0.00158050579358023
"TKT","TKT",6.04583515997376e-08,0.532978549875916,0.371,0.285,0.00161647494672218
"SPIN1","SPIN1",6.22119041091571e-08,-0.311137432699284,0.418,0.525,0.00166335968016653
"SUCLG2-DT","SUCLG2-DT",6.3732284406933e-08,-0.347279735827036,0.343,0.447,0.00170401008818817
"ENSG00000223797","ENSG00000223797",6.41556597899866e-08,-0.611747184775348,0.192,0.275,0.00171532987580487
"PDGFRB","PDGFRB",6.43851322899763e-08,0.500599254306886,0.455,0.375,0.0017214652820371
"ZFHX3-AS1","ZFHX3-AS1",6.47366890041794e-08,-0.947019126648674,0.041,0.092,0.00173086485390474
"GALNT18","GALNT18",6.48440426264005e-08,0.392734381359778,0.611,0.554,0.00173373516770207
"KDM5D","KDM5D",6.51191074206938e-08,-0.642591919386106,0.109,0.183,0.00174108957510709
"WEE2-AS1","WEE2-AS1",6.60040461341184e-08,-1.14826531741213,0.032,0.08,0.00176475018148792
"ZNF248","ZNF248",6.62251904310415e-08,-0.395884340542497,0.356,0.454,0.00177066291655476
"FAIM","FAIM",6.69457412516144e-08,-1.42141155998563,0.022,0.064,0.00178992828384442
"SRP54","SRP54",7.00994691580847e-08,-0.702963608237333,0.133,0.209,0.00187424950687971
"ENSG00000258891","ENSG00000258891",7.03762761130536e-08,1.12167515633643,0.133,0.073,0.00188165049443472
"ENSG00000257526","ENSG00000257526",7.09128361747721e-08,-1.00138910827793,0.029,0.074,0.00189599650080488
"SENP7","SENP7",7.1984114143807e-08,-0.475909122170038,0.276,0.369,0.00192463925986297
"MAP3K10","MAP3K10",7.20714073278924e-08,1.09679091745058,0.114,0.058,0.00192697321772586
"SLC7A1","SLC7A1",7.22117163338419e-08,1.03605333499417,0.114,0.057,0.00193072465961793
"WDR49","WDR49",7.28579336202377e-08,-0.307417122787458,0.727,0.78,0.0019480025712043
"LINC00609","LINC00609",7.30990675912316e-08,-0.240906846014743,0.073,0.138,0.00195444977018676
"DNAH1","DNAH1",7.45526424078275e-08,-1.12319139908174,0.024,0.067,0.00199331400005808
"HAP1","HAP1",7.64345527807776e-08,0.88085490450495,0.112,0.056,0.00204363063769965
"ATG14","ATG14",7.67235779578977e-08,-0.49699130109458,0.125,0.203,0.00205135830386031
"ANXA8","ANXA8",7.67753706686182e-08,1.21702231614008,0.125,0.067,0.00205274308556685
"PAPPA2","PAPPA2",7.77065535221291e-08,-0.889523203373127,0.048,0.102,0.00207764012152117
"TRIM66","TRIM66",7.92555839653969e-08,-0.489673059585116,0.182,0.269,0.00211905654848282
"MLF2","MLF2",7.9824889711159e-08,0.848682629081617,0.143,0.08,0.00213427807620726
"SEMA4A","SEMA4A",8.03070203961746e-08,-0.686853027723547,0.076,0.14,0.00214716880433252
"CCDC91","CCDC91",8.20827473238488e-08,-0.409410624722018,0.435,0.529,0.00219464641519775
"SF3B3","SF3B3",8.25866138588197e-08,-0.700940569563356,0.095,0.165,0.00220811829474326
"CCT5","CCT5",8.29083542832525e-08,0.985083114107672,0.1,0.047,0.00221672066847132
"PIGF","PIGF",8.33102906390077e-08,-0.8063088280861,0.077,0.141,0.00222746724081515
"CPNE6","CPNE6",8.34271156815627e-08,-0.885858578528422,0.044,0.097,0.00223059079197794
"GDF11","GDF11",8.37251245897664e-08,1.01834239549181,0.125,0.067,0.00223855865615659
"TBC1D32","TBC1D32",8.4831869663022e-08,-0.568372818012503,0.284,0.372,0.00226814969918022
"FOXB1","FOXB1",8.49792817252232e-08,0.730137854353979,0.213,0.139,0.00227209105548729
"GUCY1B1","GUCY1B1",8.55178775431196e-08,-1.32836955964779,0.025,0.068,0.00228649149187039
"SCLT1","SCLT1",8.5837349530091e-08,-0.521794433436425,0.287,0.376,0.00229503321438604
"GASK1B","GASK1B",8.63163757868323e-08,-0.554814023589307,0.172,0.255,0.00230784093941253
"ENSG00000246560","ENSG00000246560",8.89428071000688e-08,1.10472238503522,0.125,0.067,0.00237806383343454
"TASP1","TASP1",9.03733934957992e-08,-0.506251812120427,0.177,0.263,0.00241631342189718
"MON2","MON2",9.05875218948156e-08,-0.337085817487934,0.426,0.527,0.00242203857290168
"SECISBP2L","SECISBP2L",9.1241867745675e-08,-0.413899456548141,0.262,0.355,0.00243953381791611
"PLIN4","PLIN4",9.29360063129677e-08,0.790585933031815,0.215,0.142,0.00248483000078982
"ARHGEF40","ARHGEF40",9.2945948763853e-08,0.82567437775168,0.214,0.141,0.00248509583209914
"CADM1","CADM1",9.33627518431635e-08,0.161585163479479,0.88,0.844,0.00249623989603066
"CYP27A1","CYP27A1",9.34249662748275e-08,-0.366777983303644,0.201,0.294,0.00249790332329006
"ABI3BP","ABI3BP",9.38678510360313e-08,-0.44111803400236,0.182,0.271,0.00250974473315037
"LEKR1","LEKR1",9.5292178432839e-08,-0.780289108128321,0.047,0.1,0.00254782697475882
"RGL1","RGL1",9.57848448307945e-08,-0.322444143536876,0.558,0.644,0.00256099939624095
"ENPP3","ENPP3",9.72896654406447e-08,-1.78743122671702,0.011,0.044,0.00260123378488652
"MARCKS","MARCKS",9.73778376987223e-08,-0.315177587844661,0.262,0.37,0.00260359124655074
"RBL2","RBL2",9.80658002128481e-08,-0.363670621789997,0.242,0.342,0.00262198530029092
"SCFD2","SCFD2",9.9338813195945e-08,-0.524252106821153,0.22,0.308,0.00265602184841998
"MFSD11","MFSD11",1.01216754210135e-07,0.610085779747176,0.32,0.239,0.00270623235731637
"C5orf63","C5orf63",1.03932253065547e-07,-0.860022625755649,0.047,0.1,0.00277883665021352
"ENSG00000254186","ENSG00000254186",1.05947400932501e-07,-0.618530057558438,0.169,0.252,0.00283271565873228
"ELOVL5","ELOVL5",1.06184252528563e-07,0.757671052283371,0.287,0.209,0.00283904835985618
"E2F4","E2F4",1.08147681227341e-07,0.795370183569032,0.095,0.044,0.00289154455297541
"ANKDD1A","ANKDD1A",1.09139509144624e-07,-0.313313516936021,0.503,0.594,0.00291806305599981
"RBM14-RBM4","RBM14-RBM4",1.09899751337397e-07,0.807678942217982,0.162,0.095,0.00293838965150799
"LOC101927560","LOC101927560",1.09953369171178e-07,-1.15272385580484,0.046,0.098,0.00293982323152978
"RBMS2","RBMS2",1.11674856530404e-07,-0.567151518380041,0.139,0.217,0.00298585063905341
"TMEM14C","TMEM14C",1.12518824353154e-07,0.837482108895231,0.106,0.052,0.00300841580673028
"DAAM2","DAAM2",1.12687580484494e-07,0.45273664302636,0.772,0.77,0.00301292783941391
"IL1RAPL1","IL1RAPL1",1.12941110067617e-07,-1.10543083169692,0.095,0.162,0.00301970645987788
"MAP4K2","MAP4K2",1.13050204235983e-07,0.816221055571877,0.131,0.071,0.00302262331065748
"VSIR","VSIR",1.13265167913231e-07,0.460537138441103,0.475,0.398,0.00302837079449605
"THNSL2","THNSL2",1.164817119299e-07,-0.785687371814811,0.053,0.109,0.00311437153186974
"DCT","DCT",1.18507439086286e-07,-1.52471381840023,0.014,0.048,0.00316853339885002
"PTOV1","PTOV1",1.18951035019482e-07,0.675045699908044,0.257,0.18,0.0031803938233159
"SDCCAG8","SDCCAG8",1.19983125234994e-07,-0.39277485919568,0.525,0.611,0.00320798881940804
"AKR1C3","AKR1C3",1.23537884015915e-07,1.42031390396848,0.064,0.024,0.00330303240493353
"ZNF532","ZNF532",1.25125894541636e-07,-0.346366643140394,0.452,0.545,0.00334549104235973
"MYOM1","MYOM1",1.2618802172735e-07,-0.355602276875973,0.351,0.452,0.00337388913692417
"IFI44L","IFI44L",1.26788562507338e-07,-1.27920629515015,0.027,0.069,0.0033899457957587
"BMPR1A","BMPR1A",1.27780189479386e-07,0.290614119940635,0.675,0.627,0.00341645892611036
"ZNF892","ZNF892",1.28063455257856e-07,0.907362077595428,0.143,0.081,0.0034240326032293
"SPATA7","SPATA7",1.34785049606832e-07,-0.495929408111508,0.173,0.255,0.00360374787133787
"DTX3","DTX3",1.36814124031959e-07,0.763662594600027,0.208,0.136,0.0036579992342425
"PLOD3","PLOD3",1.37367321791136e-07,0.680743470959394,0.164,0.097,0.00367279008272961
"CDNF","CDNF",1.37653114615238e-07,-1.84172974891653,0.011,0.044,0.00368043132546761
"VAV3","VAV3",1.3937602815892e-07,0.640853129007314,0.363,0.278,0.00372649686488504
"SPHK2","SPHK2",1.3971735202946e-07,0.847955786930054,0.148,0.084,0.00373562284121168
"SEMA4B","SEMA4B",1.44747345707056e-07,-0.31094274267384,0.454,0.549,0.00387010978216954
"ZNF692","ZNF692",1.45593382185385e-07,0.779635614629439,0.198,0.127,0.00389273025949063
"ARAP1","ARAP1",1.47093296913914e-07,0.717867493269272,0.243,0.168,0.00393283347958731
"SGCE","SGCE",1.48134698600905e-07,-0.534048688026739,0.166,0.249,0.00396067743649241
"OGT","OGT",1.48346343197743e-07,0.585891228418092,0.377,0.302,0.00396633617807806
"LUC7L2","LUC7L2",1.5026730717511e-07,-0.712046573344488,0.083,0.147,0.00401769699194091
"PRPSAP1","PRPSAP1",1.50894958631476e-07,0.685904698919864,0.226,0.149,0.00403447850892978
"WDR17","WDR17",1.5527827167901e-07,-0.398652494284477,0.249,0.344,0.00415167514988169
"NRG2","NRG2",1.5746233290851e-07,-0.505050963500854,0.325,0.42,0.00421007039497482
"DTX1","DTX1",1.57767503530347e-07,0.675618807598637,0.302,0.224,0.00421822974189089
"KATNIP","KATNIP",1.58128233826987e-07,0.585338399338754,0.363,0.28,0.00422787458783216
"HIBADH","HIBADH",1.59945948404042e-07,-0.516545529580612,0.261,0.346,0.00427647482247888
"LOC101928893","LOC101928893",1.61330958950095e-07,0.418411214354025,0.436,0.358,0.00431350584944869
"CPLANE1","CPLANE1",1.63633029035615e-07,-0.350837455342146,0.371,0.47,0.00437505629732523
"NAIP","NAIP",1.65204462053955e-07,0.494837732595321,0.436,0.356,0.0044170717019366
"ENSG00000283809","ENSG00000283809",1.6658948398514e-07,-0.92719012457462,0.033,0.079,0.0044541030333107
"CAPRIN2","CAPRIN2",1.66758167668594e-07,-0.652827771405798,0.152,0.227,0.0044586131289552
"ZNF438","ZNF438",1.68045035349092e-07,-0.455001258136587,0.343,0.436,0.00449302011012866
"RABGAP1","RABGAP1",1.68282242178361e-07,-0.298404690440408,0.454,0.547,0.00449936230912284
"BAG3","BAG3",1.69968985873312e-07,0.483642272083611,0.409,0.331,0.00454446077529474
"PNN","PNN",1.7335885682137e-07,-0.77160844698009,0.13,0.201,0.00463509575483297
"TFCP2L1","TFCP2L1",1.73998950156931e-07,-0.559415222219748,0.092,0.16,0.00465220993034585
"PLCH1","PLCH1",1.75976447046961e-07,0.644371465658187,0.345,0.266,0.00470508226469458
"LINC02652","LINC02652",1.77934665755452e-07,-2.29807583918986,0.004,0.028,0.00475743915830353
"STK39","STK39",1.79394650601329e-07,-0.478529967554491,0.152,0.233,0.00479647477312773
"PPWD1","PPWD1",1.81320529836236e-07,-0.509282122337381,0.117,0.19,0.00484796700623144
"SLC17A5","SLC17A5",1.84637058735865e-07,0.683446476608514,0.201,0.129,0.00493664103942083
"PMPCB","PMPCB",1.85328454003908e-07,0.732886024765872,0.226,0.151,0.00495512687470248
"PAN2","PAN2",1.86528805787358e-07,0.887833401607967,0.186,0.119,0.00498722068033658
"ZMYM4","ZMYM4",1.8838323287241e-07,-0.388022761357708,0.326,0.426,0.00503680249730963
"FERMT2","FERMT2",1.8851163643916e-07,-0.371827648688616,0.394,0.493,0.00504023562347381
"NFIL3","NFIL3",1.89905950021093e-07,1.76067762304396,0.044,0.012,0.00507751538571397
"CACYBP","CACYBP",1.90242612958051e-07,1.05510138194716,0.092,0.043,0.00508651674265942
"P3H4","P3H4",1.92219545470617e-07,1.31574317130046,0.118,0.064,0.00513937398724789
"LHFPL2","LHFPL2",1.93758787444442e-07,0.790525221232267,0.218,0.147,0.00518052869990205
"ZNF736","ZNF736",1.940776658303e-07,-0.416278127942314,0.143,0.223,0.00518905455130473
"COL4A1","COL4A1",1.96795128048785e-07,1.28459825869629,0.09,0.041,0.00526171133864038
"MIGA1","MIGA1",1.98501340808269e-07,-0.487084680442369,0.208,0.295,0.00530733034919069
"INTU","INTU",1.98674366732871e-07,-0.416231004250198,0.433,0.518,0.00531195654333678
"SELENOW","SELENOW",2.00823270840774e-07,0.473961792483645,0.372,0.288,0.00536941179246979
"ENSG00000247121","ENSG00000247121",2.03235325387376e-07,-0.906846714712544,0.072,0.132,0.00543390289488227
"BAMBI","BAMBI",2.0818579504552e-07,2.02967648520768,0.054,0.018,0.00556626360213207
"DENND6A","DENND6A",2.09277887412745e-07,-0.525731648694184,0.16,0.238,0.00559546287575455
"ARNT2","ARNT2",2.13105470747769e-07,-0.275363772577719,0.705,0.772,0.0056978009713831
"LOC105379507","LOC105379507",2.14837501448491e-07,0.226206056214852,0.63,0.56,0.00574411027622832
"ATP8A1","ATP8A1",2.1675057216075e-07,-0.539095549332215,0.12,0.192,0.00579526004786196
"SLC25A29","SLC25A29",2.17953753166749e-07,0.417306941820971,0.512,0.44,0.00582742949841938
"ENSG00000230323","ENSG00000230323",2.20625508851894e-07,1.46192244798469,0.061,0.022,0.00589886423017309
"ETNK2","ETNK2",2.23572638226428e-07,0.937575642480205,0.133,0.075,0.00597766162826
"TAPBP","TAPBP",2.23607040538468e-07,0.727916899265937,0.272,0.197,0.00597858144287703
"TAF11","TAF11",2.24770766779907e-07,-0.698200027338815,0.083,0.146,0.00600969599139437
"RIMBP2","RIMBP2",2.26421515792386e-07,-0.373997625271125,0.054,0.11,0.00605383206774103
"AARS1","AARS1",2.31465376101723e-07,0.71913176637304,0.219,0.149,0.00618868976083176
"MTURN","MTURN",2.35855996387448e-07,-0.497619723539052,0.125,0.201,0.0063060817754112
"CKB","CKB",2.40214680238715e-07,-0.281372772544622,0.756,0.811,0.00642261990554252
"EZR","EZR",2.41527501319513e-07,0.543596617802012,0.406,0.327,0.00645772080277982
"ANTKMT","ANTKMT",2.43370133589279e-07,0.904886424098643,0.141,0.08,0.00650698726177656
"PDE4B","PDE4B",2.44213104438673e-07,-0.190932381314869,0.889,0.929,0.00652952577337679
"CCDC171","CCDC171",2.46893959664409e-07,-0.634076465304242,0.224,0.306,0.00660120379954729
"CX3CL1","CX3CL1",2.47746620085844e-07,1.38330050900875,0.078,0.034,0.0066240013812352
"FAM153CP","FAM153CP",2.50919337332361e-07,-1.78855081309788,0.007,0.035,0.00670883032225533
"MEGF9","MEGF9",2.51784222882407e-07,0.292624029144029,0.708,0.646,0.00673195476720692
"BEX3","BEX3",2.52851449966103e-07,-0.876527976232964,0.085,0.147,0.0067604892177437
"ENSG00000214955","ENSG00000214955",2.55445358124509e-07,0.820146239255749,0.128,0.071,0.006829842540175
"TLE2","TLE2",2.57901336743663e-07,1.64200583643604,0.054,0.018,0.00689550804051532
"LARP1","LARP1",2.71005762038002e-07,0.470432236526982,0.43,0.349,0.00724588105961006
"FOSL2","FOSL2",2.74284849270485e-07,1.29574822124722,0.071,0.029,0.00733355401494496
"MYO9B","MYO9B",2.77509143830687e-07,0.560962037352792,0.25,0.173,0.00741976197860109
"TENT2","TENT2",2.7777420311589e-07,-0.304527578136221,0.409,0.512,0.00742684886870954
"AMY2B","AMY2B",2.7826628985505e-07,-0.70261646435952,0.125,0.196,0.00744000579185447
"SPAG9","SPAG9",2.80276138527081e-07,-0.288706591706958,0.56,0.649,0.00749374311579855
"LINC00667","LINC00667",2.80685782219224e-07,0.749066604913247,0.133,0.074,0.0075046957591954
"DUSP1","DUSP1",2.81222126850151e-07,0.57010076087833,0.125,0.067,0.00751903600559249
"MAFTRR","MAFTRR",2.81923050752913e-07,-1.25578889971696,0.007,0.035,0.00753777660798063
"SCMH1","SCMH1",2.84354166622924e-07,-0.338473243966408,0.444,0.537,0.00760277735299713
"FAM13C","FAM13C",2.9091055998066e-07,-0.410789805914802,0.323,0.41,0.00777807564220291
"DET1","DET1",2.90978989443307e-07,-0.967946868012652,0.043,0.091,0.00777990524074571
"ZNF483","ZNF483",2.96491295679828e-07,-0.456953700513021,0.135,0.214,0.00792728777259156
"CYP1B1-AS1","CYP1B1-AS1",2.96779226687141e-07,1.42564434014703,0.058,0.021,0.0079349861839341
"SCPEP1","SCPEP1",2.98145216312046e-07,-0.640277180639756,0.116,0.186,0.00797150864853518
"GNG7","GNG7",2.99841610394694e-07,0.432382452390254,0.484,0.411,0.00801686513712295
"SLF1","SLF1",3.04536026340843e-07,-1.1438474963676,0.04,0.087,0.00814237973627512
"CEND1","CEND1",3.07883660918754e-07,-1.0451394209119,0.028,0.07,0.00823188544198472
"TMEM184B","TMEM184B",3.08584227652682e-07,0.546507373405332,0.315,0.237,0.00825061649474976
"DYNLRB2","DYNLRB2",3.0946053934124e-07,-1.29078076196953,0.029,0.072,0.00827404644036673
"HGSNAT","HGSNAT",3.12684048187311e-07,-0.342879672843673,0.222,0.315,0.00836023339638413
"TCF12","TCF12",3.14836077422608e-07,-0.254941551971268,0.736,0.792,0.00841777220204826
"EPHA5","EPHA5",3.18093442311279e-07,1.47045430579121,0.067,0.027,0.00850486436707668
"ME2","ME2",3.19236098244681e-07,-0.535149490243919,0.217,0.299,0.00853541555876804
"TSSC4","TSSC4",3.19362129484645e-07,-0.888947584983306,0.051,0.102,0.00853878525603096
"EIF4EBP1","EIF4EBP1",3.21059386983086e-07,1.82867712065024,0.038,0.009,0.00858416482976676
"REL-DT","REL-DT",3.25684194689139e-07,-1.16842718871369,0.028,0.07,0.0087078183134035
"PTN","PTN",3.35781757180669e-07,-0.475429913982285,0.288,0.376,0.00897779684173954
"XBP1","XBP1",3.3689992457009e-07,1.39674637322295,0.063,0.024,0.00900769328323048
"CLMAT3","CLMAT3",3.39647975407827e-07,1.25596935326094,0.119,0.066,0.00908116791847908
"IDH2","IDH2",3.450533932247e-07,-0.362557436882619,0.319,0.416,0.0092256925746488
"MMD2","MMD2",3.4699335785296e-07,-0.32353305480813,0.466,0.566,0.00927756140891458
"UACA","UACA",3.52024587878324e-07,-0.546365676313674,0.182,0.262,0.00941208140610274
"NINL","NINL",3.61782751203757e-07,-0.432618746382624,0.271,0.358,0.00967298541893486
"CPE","CPE",3.63389638031104e-07,0.230668873774217,0.877,0.859,0.00971594875203763
"TUBB2A","TUBB2A",3.66592167245339e-07,-0.86352004318955,0.057,0.111,0.00980157477563862
"CTBP2","CTBP2",3.68130531243218e-07,0.361931268503186,0.625,0.569,0.00984270601384993
"MYO18A","MYO18A",3.68681830535418e-07,-0.601373675769087,0.14,0.214,0.00985744610302548
"ENSG00000267581","ENSG00000267581",3.73107937525024e-07,1.15294587717099,0.085,0.039,0.00997578692560657
"MEF2D","MEF2D",3.73261765724904e-07,0.70257312906614,0.201,0.132,0.00997989983018675
"LINC03106","LINC03106",3.73395544620259e-07,-1.80485780554796,0.005,0.03,0.00998347667651188
"CRYZ","CRYZ",3.75150351168792e-07,1.0329337472881,0.082,0.037,0.0100303949392
"LOC101927788","LOC101927788",3.77157799849858e-07,-0.737674378705108,0.032,0.075,0.0100840680945857
"ENSG00000282943","ENSG00000282943",3.81213788393916e-07,-1.84959320957514,0.007,0.035,0.0101925130602881
"PTPRG","PTPRG",3.81742033047827e-07,-0.55756699132853,0.227,0.31,0.0102066367375998
"LOXL2","LOXL2",3.88047652589952e-07,1.02693724709825,0.162,0.101,0.0103752300872975
"SUGT1","SUGT1",3.96938358440712e-07,0.714331671964606,0.226,0.154,0.0106129408896293
"C1R","C1R",3.97236974514524e-07,0.780855312276417,0.146,0.084,0.0106209249875948
"ENSG00000237877","ENSG00000237877",4.0040762872073e-07,-0.406103761970538,0.174,0.259,0.0107056987691062
"USP16","USP16",4.1475788647658e-07,-0.673097121808598,0.087,0.149,0.0110893816107243
"WDR11","WDR11",4.17098250027412e-07,-0.396566036069744,0.31,0.404,0.0111519559109829
"OVCH1","OVCH1",4.203389422888e-07,1.21546940792265,0.073,0.031,0.0112386022999756
"ADAMTSL2","ADAMTSL2",4.39619885504474e-07,-1.69271173012482,0.023,0.061,0.0117541168787331
"PRKAA2","PRKAA2",4.41289092943636e-07,-0.761375267862115,0.071,0.129,0.011798746478034
"DGKB","DGKB",4.46646809538014e-07,-0.393971103350178,0.422,0.511,0.0119419957466179
"ALG6","ALG6",4.50513654669797e-07,-1.10992613828643,0.035,0.08,0.0120453835849064
"CTDSPL","CTDSPL",4.55664835461291e-07,0.308348169295753,0.741,0.725,0.0121831107057285
"RANBP17","RANBP17",4.60149089470065e-07,-1.11518570076703,0.042,0.089,0.0123030062051611
"ATXN1","ATXN1",4.62889922238828e-07,-0.285839352315366,0.662,0.732,0.0123762878508995
"SMG9","SMG9",4.65517341614623e-07,0.775992787085778,0.177,0.112,0.0124465371627502
"HUS1","HUS1",4.65649751937203e-07,-0.705545557313068,0.065,0.121,0.012450077417545
"LUZP1","LUZP1",4.69709056412562e-07,-0.479829371188021,0.252,0.338,0.0125586110413027
"TOX","TOX",4.75015696474344e-07,0.398578484958459,0.502,0.414,0.0127004946766345
"ZFYVE19","ZFYVE19",4.79339585732359e-07,0.918639303756015,0.099,0.049,0.0128161025037261
"EMID1","EMID1",4.81769973119454e-07,-0.687949997273139,0.037,0.082,0.0128810837712948
"RRBP1","RRBP1",4.83078090064391e-07,0.728794848720378,0.211,0.142,0.0129160588940516
"ACACB","ACACB",4.89723668972085e-07,-0.249147572890143,0.813,0.86,0.0130937417373066
"SEPTIN4","SEPTIN4",4.94433645320081e-07,-0.79076875541695,0.072,0.128,0.013219672374923
"ITGBL1","ITGBL1",4.96913673690954e-07,-1.31327485360051,0.022,0.06,0.013285980893475
"ADM","ADM",5.02610334069219e-07,-1.11927851850941,0.113,0.174,0.0134382925020087
"PON1","PON1",5.07995275890348e-07,-1.25158997563908,0.022,0.059,0.0135822696914802
"ENSG00000251488","ENSG00000251488",5.15098610863152e-07,-0.57716129184064,0.2,0.277,0.0137721915586481
"DSEL","DSEL",5.18454654288753e-07,1.37356759635382,0.065,0.026,0.0138619220917184
"MAEL","MAEL",5.19495254177478e-07,-2.11738054824839,0.004,0.028,0.0138897446109432
"RIPOR3","RIPOR3",5.1986487684926e-07,2.42926131272391,0.034,0.008,0.0138996272123187
"SNHG31","SNHG31",5.25700523673987e-07,-0.942136038610294,0.038,0.084,0.0140556549014714
"C3orf62","C3orf62",5.27724788045471e-07,1.05662458156894,0.098,0.049,0.0141097776579718
"TFCP2","TFCP2",5.29272413302687e-07,-0.393001856552732,0.281,0.372,0.0141511565144739
"MAML3","MAML3",5.31997649970497e-07,-0.649158204806478,0.175,0.25,0.0142240211672612
"TRPV3","TRPV3",5.34149076120154e-07,-1.06024625566649,0.015,0.048,0.0142815438482246
"DPP10-AS3","DPP10-AS3",5.34587958860379e-07,-1.49382333122387,0.011,0.042,0.01429327825605
"HERPUD1","HERPUD1",5.35193425248365e-07,0.699038017361053,0.152,0.091,0.0143094666108655
"KIF6","KIF6",5.40304622672654e-07,-0.466288264030003,0.188,0.27,0.0144461246963987
"IMPA1","IMPA1",5.41181625117774e-07,-0.898822624998645,0.086,0.146,0.0144695731107739
"ENSG00000254635","ENSG00000254635",5.4687330635976e-07,-0.697724869836432,0.091,0.153,0.0146217515921409
"TBC1D1","TBC1D1",5.56710596670585e-07,0.451064938445874,0.431,0.353,0.0148847712231814
"RBM26","RBM26",5.57223186191466e-07,-0.357042389896815,0.501,0.585,0.0148984763292012
"ENSA","ENSA",5.59771111686787e-07,0.329325186200077,0.604,0.535,0.0149666002131696
"ENSG00000283930","ENSG00000283930",5.60163406165663e-07,-0.696459217316422,0.092,0.154,0.0149770889906513
"FKTN","FKTN",5.60210083339755e-07,-0.660423789152613,0.103,0.168,0.014978336998255
"PEX5L","PEX5L",5.73788498892226e-07,-0.463717732267007,0.13,0.203,0.0153413830948814
"PCLO","PCLO",5.9395914304056e-07,-0.579080686974117,0.191,0.27,0.0158806856074754
"ATF7IP2","ATF7IP2",5.99553219057614e-07,-0.577388079909179,0.127,0.198,0.0160302544179434
"PRP4K","PRP4K",6.17160337835309e-07,-0.445233808203404,0.201,0.284,0.0165010159527027
"MTFR1","MTFR1",6.33110574090561e-07,0.746260726252526,0.141,0.082,0.0169274774194593
"SF1","SF1",6.4099959856856e-07,-0.361991701705706,0.324,0.42,0.0171384062669276
"BMP2K-DT","BMP2K-DT",6.42605709812418e-07,2.10992124969318,0.026,0.003,0.0171813488632546
"SLC35G2","SLC35G2",6.53159873621202e-07,-0.406208430068727,0.234,0.319,0.0174635355410101
"MTARC2","MTARC2",6.58283027854292e-07,0.702635493299056,0.343,0.276,0.0176005133157402
"DHCR24","DHCR24",6.626540276424e-07,-1.4318814652923,0.029,0.07,0.0177173807370749
"DPY19L2","DPY19L2",6.83335453882237e-07,-0.639946369348597,0.113,0.178,0.0182703400304494
"HMGN5","HMGN5",6.99378349594222e-07,-0.929787010729378,0.067,0.121,0.0186992789331007
"SYTL2","SYTL2",7.02472422316666e-07,-0.961522842099815,0.042,0.088,0.0187820051554807
"MAP3K19","MAP3K19",7.04669040228303e-07,-1.00897171576387,0.035,0.079,0.0188407361285841
"LGI1","LGI1",7.10065235610414e-07,0.343868624129485,0.706,0.678,0.0189850142045156
"MICU2","MICU2",7.10521714758878e-07,-0.378375950952706,0.235,0.324,0.0189972190875081
"ENSG00000260300","ENSG00000260300",7.1885300605055e-07,-1.0619624565673,0.031,0.073,0.0192199728227736
"CNIH3","CNIH3",7.225874022813e-07,-0.364935027056013,0.252,0.341,0.0193198193747951
"PRKAR2B","PRKAR2B",7.32867685662737e-07,-1.01451732063884,0.046,0.094,0.0195946833115646
"ENSG00000258603","ENSG00000258603",7.38225294680124e-07,0.88946011062183,0.143,0.085,0.0197379297038625
"ZNF706","ZNF706",7.3996733599064e-07,0.640110511308186,0.313,0.24,0.0197845066623818
"RB1CC1","RB1CC1",7.46114362111463e-07,-0.443498075406162,0.327,0.409,0.0199488596997742
"CNTLN","CNTLN",7.47404132379261e-07,-0.436725463580454,0.21,0.294,0.0199833442874243
"RGMB","RGMB",7.49123549023983e-07,0.941855823893953,0.09,0.044,0.0200293163302542
"TCP11L2","TCP11L2",7.54027116580654e-07,0.906847366553293,0.252,0.186,0.0201604230160169
"GALNT16","GALNT16",7.68224935246827e-07,-1.09757404496454,0.035,0.078,0.0205400300936944
"GARS1","GARS1",7.70377758607975e-07,0.837375846446335,0.174,0.111,0.0205975901319014
"ZNF365","ZNF365",7.72380657737881e-07,0.916530731420722,0.186,0.124,0.0206511416459377
"ENSG00000232828","ENSG00000232828",7.72623702374208e-07,-0.798731407429707,0.041,0.087,0.0206576399303792
"SIPA1L1-AS1","SIPA1L1-AS1",7.8169210085787e-07,-1.6447558188154,0.016,0.05,0.0209001017006369
"LCLAT1","LCLAT1",7.88583443882279e-07,-0.562984473891576,0.124,0.194,0.0210843555390805
"LINC00504","LINC00504",7.94945191689778e-07,-1.31255716375822,0.019,0.055,0.0212544495902096
"PI16","PI16",7.99120066174292e-07,1.17417017457044,0.171,0.111,0.021366073209302
"NTNG1","NTNG1",8.07726333372274e-07,0.39486116801023,0.578,0.517,0.0215961789753745
"DSE","DSE",8.10335835801276e-07,-0.559828797695079,0.237,0.315,0.0216659492418187
"C1GALT1","C1GALT1",8.16448750166179e-07,-0.827259401575498,0.102,0.165,0.0218293902331931
"FBXO28","FBXO28",8.192766975278e-07,0.635059290724488,0.252,0.18,0.0219050010618008
"GOLGA1","GOLGA1",8.21402417043601e-07,-0.659119104125164,0.172,0.244,0.0219618364244948
"UNC13A","UNC13A",8.27593762396396e-07,-1.79422811823948,0.011,0.04,0.0221273744251925
"FAM110B","FAM110B",8.27881059787918e-07,-0.485626683993361,0.184,0.262,0.0221350558955496
"DERA","DERA",8.30445445238663e-07,-0.640287065219594,0.109,0.174,0.0222036198693461
"BAIAP2","BAIAP2",8.39791820187107e-07,0.681389344749511,0.235,0.163,0.0224535138963427
"ASAP1","ASAP1",8.4656431028425e-07,0.220972100896343,0.839,0.821,0.02263458996407
"JMJD6","JMJD6",8.47351182217479e-07,1.09585698100199,0.078,0.035,0.0226556285589487
"RASSF3","RASSF3",8.48631321145896e-07,1.50763615529567,0.058,0.022,0.0226898556334778
"HIP1","HIP1",8.53982340213626e-07,0.46018232544968,0.364,0.282,0.0228329258302917
"KIF24","KIF24",8.91272701719583e-07,-0.82793610782584,0.05,0.1,0.0238299582258765
"SYNE3","SYNE3",8.93522331757542e-07,-0.69585552876301,0.052,0.103,0.0238901065842014
"IFI44","IFI44",8.95026503537008e-07,-1.08617034953128,0.029,0.07,0.023930323625069
"JADE2","JADE2",9.02350175209973e-07,1.12029482898356,0.118,0.066,0.0241261366345891
"PCDH9-AS2","PCDH9-AS2",9.15351388385459e-07,-0.582699967106656,0.163,0.238,0.024473750071262
"TCEA3","TCEA3",9.24118022208452e-07,1.03191054683879,0.128,0.074,0.0247081435597874
"ENSG00000233862","ENSG00000233862",9.29511998586116e-07,-0.597656293749473,0.069,0.124,0.024852362306197
"CYFIP2","CYFIP2",9.42011290326643e-07,-0.257117457647728,0.372,0.482,0.0251865558694634
"CYP46A1","CYP46A1",9.45263196614047e-07,-0.325418870536011,0.166,0.249,0.0252735020878698
"FAM199X","FAM199X",9.46206062312739e-07,-0.564141397486342,0.191,0.267,0.0252987114880557
"G0S2","G0S2",9.50923645131791e-07,6.46178034433155,0.016,0,0.0254248454998887
"CALD1","CALD1",9.54367697881118e-07,-0.46268237636723,0.207,0.288,0.0255169291382474
"COLCA1","COLCA1",9.61069735572839e-07,-2.11887564249314,0.006,0.03,0.025696121520011
"DNAH6","DNAH6",9.7262806799051e-07,-0.425417002811955,0.057,0.111,0.0260051566538623
"FSIP2-AS2","FSIP2-AS2",9.95867027584548e-07,-0.841455842299518,0.055,0.106,0.026626496716528
"RNF220","RNF220",9.96971192246179e-07,0.703863485404005,0.272,0.204,0.0266560187670861
"SRGAP1","SRGAP1",1.00183397393519e-06,0.24538395259018,0.821,0.792,0.0267860349611052
"BCLAF1","BCLAF1",1.00361734123561e-06,-0.363096566089559,0.308,0.4,0.0268337168526165
"MAOB","MAOB",1.0069058136302e-06,-0.40361065282409,0.413,0.5,0.0269216407390306
"DOCK7-DT","DOCK7-DT",1.01120590651236e-06,0.697376062647165,0.262,0.192,0.0270366123224211
"HAGH","HAGH",1.01153342496921e-06,0.615118104575868,0.277,0.203,0.0270453691834017
"CHD9","CHD9",1.0121137521288e-06,0.2503486248878,0.824,0.813,0.0270608853906679
"IGFN1","IGFN1",1.0321881705701e-06,-2.9662617078439,0.003,0.024,0.0275976151165327
"NOTUM","NOTUM",1.03732958637262e-06,1.59237103178332,0.034,0.008,0.0277350811508448
"HSD11B1-AS1","HSD11B1-AS1",1.03785745481849e-06,-1.51589474605747,0.008,0.035,0.0277491947694818
"ORC2","ORC2",1.04069329147493e-06,-0.645114510016107,0.119,0.186,0.0278250165341653
"CCT6B","CCT6B",1.05845630971441e-06,-1.00646824303948,0.032,0.074,0.0282999463528342
"METTL25","METTL25",1.07295582658759e-06,-0.587032443428142,0.173,0.247,0.0286876199354724
"NLGN4X","NLGN4X",1.07694790986235e-06,-0.556274614941911,0.212,0.292,0.0287943562659898
"ENSG00000276997","ENSG00000276997",1.08471776552474e-06,-0.702888761405771,0.062,0.115,0.029002098896835
"STOM","STOM",1.08632704730514e-06,0.448796812272602,0.419,0.345,0.0290451262637976
"GOPC","GOPC",1.0915186761177e-06,-0.665348072232622,0.09,0.15,0.0291839348433589
"GFPT2","GFPT2",1.10112359039096e-06,0.808538532310038,0.229,0.163,0.0294407414362832
"LPIN2","LPIN2",1.10257708414208e-06,0.602535783536581,0.396,0.335,0.0294796034987068
"OSMR","OSMR",1.15793421363469e-06,0.664119226661658,0.255,0.187,0.0309596870699506
"SLC27A1","SLC27A1",1.1630280275028e-06,0.382753690346114,0.553,0.497,0.0310958803713424
"BEX2","BEX2",1.17221679702123e-06,-1.20444367781713,0.023,0.059,0.0313415605019566
"DNER","DNER",1.1770262357744e-06,-0.269144560671202,0.455,0.554,0.0314701504659
"ENSG00000284999","ENSG00000284999",1.18001682460716e-06,1.09007453124423,0.103,0.055,0.0315501098395217
"DNM3","DNM3",1.18120901299733e-06,-0.900211414533362,0.146,0.212,0.0315819853805097
"EPS8","EPS8",1.18352449910031e-06,-0.46421032896416,0.368,0.438,0.0316438945324451
"ABHD3","ABHD3",1.18701866548206e-06,0.533223371456268,0.384,0.308,0.0317373180589938
"ENSG00000285218","ENSG00000285218",1.19330439188712e-06,-0.623979390650925,0.13,0.199,0.0319053795258859
"INPP1","INPP1",1.20753042311245e-06,-0.543197193171485,0.113,0.179,0.0322857409227577
"MMAB","MMAB",1.21135646444382e-06,-0.701542456191292,0.052,0.102,0.0323880377898344
"LINC02328","LINC02328",1.2246752747567e-06,-0.68869954385608,0.07,0.125,0.0327441428211698
"EEF1D","EEF1D",1.27170137843803e-06,0.526781014533604,0.305,0.23,0.0340014797552976
"UGGT2","UGGT2",1.27369075681157e-06,-0.365971115080155,0.335,0.42,0.0340546697648709
"SLC18B1","SLC18B1",1.29112670781796e-06,-0.283100345304956,0.428,0.522,0.0345208547869288
"DNAJC3","DNAJC3",1.31456059236232e-06,0.625551357068849,0.287,0.214,0.0351474065579913
"NDRG4","NDRG4",1.31641547497821e-06,-0.494157567964941,0.174,0.25,0.0351970005544924
"ZNF609","ZNF609",1.32135152937028e-06,-0.289552220175036,0.583,0.66,0.0353289758407733
"ERGIC1","ERGIC1",1.32717219764047e-06,0.602357383801215,0.311,0.239,0.0354846030483134
"NFIX","NFIX",1.32770840545966e-06,-0.360243035587157,0.388,0.482,0.0354989396367749
"BDH2","BDH2",1.3327639217202e-06,0.863523333385843,0.131,0.076,0.0356341089750329
"SDCBP2-AS1","SDCBP2-AS1",1.33351179888161e-06,-0.446327930805639,0.112,0.179,0.0356541049666975
"LINC01102","LINC01102",1.33828920026518e-06,-0.964318003532355,0.015,0.047,0.0357818383474901
"ENSG00000257126","ENSG00000257126",1.35703978331139e-06,-5.96541488379536,0,0.017,0.0362831726863966
"ALDH6A1","ALDH6A1",1.36544944902499e-06,-0.550315359567205,0.153,0.225,0.0365080219185813
"SNX3","SNX3",1.3727660930096e-06,0.685834164194418,0.214,0.148,0.0367036470287977
"SMIM2-AS1","SMIM2-AS1",1.37644517951068e-06,-1.33016676510367,0.019,0.053,0.036802014764577
"LOC112268449","LOC112268449",1.41277022304384e-06,-1.28587253898215,0.065,0.115,0.0377732374535232
"ZHX3","ZHX3",1.4129486003885e-06,-0.226979539118192,0.804,0.857,0.0377780067285872
"CENPC","CENPC",1.42309680125859e-06,-0.475698929741748,0.185,0.261,0.0380493391752509
"SGK3","SGK3",1.4437751142816e-06,-0.290518534631805,0.44,0.532,0.0386022152305471
"PPM1F","PPM1F",1.46338646739323e-06,0.965931437748165,0.115,0.064,0.0391265639786928
"CTSF","CTSF",1.46388771792692e-06,0.669195566789585,0.231,0.162,0.0391399659142121
"SEPTIN9","SEPTIN9",1.47193505242016e-06,0.593916182943081,0.325,0.252,0.0393551274965579
"ATP1B2","ATP1B2",1.50138411302041e-06,0.364702238503452,0.81,0.781,0.0401425070298268
"DRC8","DRC8",1.52295431991301e-06,0.44191347984226,0.461,0.383,0.0407192296515141
"CEP43","CEP43",1.52387405136774e-06,-0.436548184991897,0.181,0.259,0.0407438205114193
"GLRB","GLRB",1.52734246681625e-06,-0.918784895802619,0.029,0.069,0.0408365555352661
"SPRYD4","SPRYD4",1.53549414811614e-06,-1.01484169569386,0.021,0.056,0.0410545070381812
"PEBP4","PEBP4",1.53673943951406e-06,0.494715781772813,0.438,0.369,0.0410878023942875
"FAM66B","FAM66B",1.55642865335486e-06,-0.938981975767555,0.042,0.087,0.0416142329047488
"NFIA","NFIA",1.56244209783456e-06,-0.159298078467816,0.968,0.972,0.0417750143698025
"CEP192","CEP192",1.57732926179921e-06,-0.35533813267682,0.335,0.422,0.0421730524727255
"XPOT","XPOT",1.58170188679291e-06,0.836065235747376,0.162,0.102,0.042289963347182
"SLC66A3","SLC66A3",1.60039594906577e-06,-1.3777485726138,0.019,0.053,0.0427897864901716
"LINC02355","LINC02355",1.61529337315848e-06,-1.28350505507147,0.029,0.067,0.0431880989181383
"MFN1","MFN1",1.63208510624463e-06,-0.483055574656997,0.142,0.214,0.0436370594856627
"SPTAN1","SPTAN1",1.63356279000227e-06,-0.312728218276156,0.441,0.53,0.0436765683162907
"GSG1L","GSG1L",1.63472471093057e-06,-1.41835152829159,0.023,0.059,0.0437076345961505
"NME9","NME9",1.69374399002916e-06,0.658259417874955,0.295,0.228,0.0452856330614096
"ORC3","ORC3",1.7009854708557e-06,-0.507357038063734,0.154,0.225,0.0454792485342689
"ZBED5","ZBED5",1.70099117805901e-06,0.740661780774743,0.235,0.169,0.0454794011277637
"MYOM2","MYOM2",1.70325459679671e-06,-0.617717486415907,0.068,0.122,0.0455399181545537
"CIBAR1","CIBAR1",1.70518895705273e-06,0.547566725571993,0.245,0.174,0.045591637144719
"TBC1D5","TBC1D5",1.71575358143712e-06,0.27326720109662,0.752,0.726,0.0458741035068842
"PPP1R9A","PPP1R9A",1.74517557274218e-06,-0.318744977640971,0.543,0.612,0.0466607592884075
"ZNF281","ZNF281",1.76345283722376e-06,1.13715253505337,0.072,0.032,0.0471494385088516
"ZDHHC14","ZDHHC14",1.76869255815904e-06,0.482174607459492,0.402,0.332,0.0472895329274983
"FBXL5","FBXL5",1.79422880746065e-06,-0.425002850887805,0.259,0.34,0.0479722956250753
"LIMCH1","LIMCH1",1.79706645324951e-06,0.252530870537343,0.781,0.743,0.048048165760532
"XRCC3","XRCC3",1.80168579353968e-06,-1.70266981256323,0.011,0.04,0.0481716730618704
"LINC00923","LINC00923",1.82108540436301e-06,-1.08695662074691,0.053,0.1,0.0486903604564538
"HOOK2","HOOK2",1.82375184843054e-06,0.546501672165666,0.243,0.171,0.0487616531714874
"DNAJC28","DNAJC28",1.8818587849908e-06,1.9145274151726,0.027,0.005,0.0503152583342991
"NEPRO-AS1","NEPRO-AS1",1.88277091245463e-06,-0.735156577197135,0.092,0.151,0.0503396458862995
"TMEM168","TMEM168",1.89780146212918e-06,-0.544769893278501,0.169,0.243,0.0507415176929478
"CCDC122","CCDC122",1.90708047484182e-06,-1.18548336202836,0.026,0.063,0.0509896106558457
"RAB4A","RAB4A",1.92947560720882e-06,-0.49534557927676,0.197,0.275,0.0515883893099423
"CATSPERT","CATSPERT",1.93786086598886e-06,-1.14087730091903,0.027,0.065,0.0518125859739442
"PPP1R1B","PPP1R1B",1.96155956234361e-06,-0.358354833359229,0.3,0.393,0.0524462180183811
"PRDM5","PRDM5",1.97100189588457e-06,-0.33533366230192,0.27,0.359,0.0526986776902657
"TTC6","TTC6",1.98055086516877e-06,-0.639216574442778,0.036,0.078,0.0529539884820174
"CARMIL1","CARMIL1",1.98435735857376e-06,0.227768039044919,0.868,0.84,0.0530557626961865
"LDAH","LDAH",2.05350723796556e-06,-0.575832463046075,0.13,0.196,0.0549046230214851
"PRMT1","PRMT1",2.06001667281837e-06,0.764346540959265,0.141,0.084,0.0550786657811447
"MAP2","MAP2",2.07063425015694e-06,-0.21932119395392,0.426,0.534,0.0553625479464461
"AGRN","AGRN",2.08730972975753e-06,1.02160975743697,0.118,0.068,0.055808400244527
"PPM1E","PPM1E",2.10002986180287e-06,-0.654368491194378,0.189,0.261,0.0561484984150233
"ENSG00000253893","ENSG00000253893",2.11780434879305e-06,-0.345541298961161,0.3,0.387,0.0566237348736798
"SLC25A39","SLC25A39",2.13024917574625e-06,0.643027010934184,0.142,0.085,0.0569564722119276
"SH3GL1","SH3GL1",2.13892229985332e-06,0.80666499627651,0.151,0.094,0.0571883655311783
"TRDMT1","TRDMT1",2.13973031296324e-06,-0.970964059489961,0.038,0.08,0.0572099693776982
"EFCAB3","EFCAB3",2.20507980988957e-06,0.464593801846948,0.163,0.1,0.0589572188770174
"ST3GAL2","ST3GAL2",2.22785616687517e-06,0.82155420851575,0.167,0.107,0.0595661903337413
"SLC19A2","SLC19A2",2.23408289441241e-06,-0.757263114424911,0.067,0.12,0.0597326743479045
"TMCC1-DT","TMCC1-DT",2.25553861314157e-06,1.06983557981146,0.071,0.032,0.0603063358995663
"NUDT7","NUDT7",2.25559120204261e-06,-0.979331606616813,0.03,0.069,0.0603077419690133
"FEZF1-AS1","FEZF1-AS1",2.29526348332284e-06,-2.22635602790197,0.007,0.032,0.0613684597536028
"PRPF3","PRPF3",2.31051037236368e-06,-0.53167430753677,0.138,0.207,0.0617761158258877
"RAD9A","RAD9A",2.32042423239262e-06,0.494041021819056,0.356,0.279,0.0620411827014814
"PHYHIPL","PHYHIPL",2.32980920943907e-06,-0.301525561798561,0.718,0.75,0.0622921088327725
"CA11","CA11",2.33429904172414e-06,0.995894923452232,0.098,0.052,0.0624121534785784
"ZNF708","ZNF708",2.33564539910309e-06,-0.402892089442601,0.259,0.338,0.0624481510358193
"SLC5A12","SLC5A12",2.34861876783521e-06,-2.5106381645064,0.002,0.021,0.0627950199956101
"HPN-AS1","HPN-AS1",2.37177202676805e-06,1.4090353402795,0.06,0.025,0.0634140686796973
"PBXIP1","PBXIP1",2.41337064723586e-06,0.418091734357314,0.551,0.519,0.0645262909951452
"ZCCHC17","ZCCHC17",2.45428905665639e-06,-0.603424231945331,0.104,0.165,0.0656203265078219
"DNAI3","DNAI3",2.46156253327233e-06,-1.31085693497445,0.013,0.042,0.0658147974521022
"PCCA","PCCA",2.4695130213016e-06,-0.311189280811144,0.444,0.528,0.0660273696505409
"PGLS-DT","PGLS-DT",2.48630260893954e-06,0.947639129493226,0.142,0.088,0.0664762728552165
"DPP6","DPP6",2.4944071859871e-06,-0.181924515262625,0.905,0.918,0.0666929649317372
"DNA2","DNA2",2.4947774982271e-06,1.04322111341045,0.089,0.045,0.066702865970098
"LMO1","LMO1",2.50585653303608e-06,2.68377313456129,0.029,0.006,0.0669990861237857
"METAP2","METAP2",2.52991318472545e-06,-0.435210092499909,0.138,0.206,0.0676422888200043
"DACT3","DACT3",2.54037574082761e-06,0.969348288176899,0.114,0.064,0.0679220261825077
"GGA2","GGA2",2.54071180722175e-06,0.694362340318977,0.235,0.17,0.0679310115896879
"GAD1","GAD1",2.57281576283586e-06,-1.01228636729386,0.017,0.049,0.0687893750509423
"PYGB","PYGB",2.58280399801127e-06,-0.22381281656,0.338,0.441,0.0690564304948273
"ENSG00000223379","ENSG00000223379",2.59225584551726e-06,1.40389269372415,0.06,0.025,0.0693091445415949
"CSF1","CSF1",2.59241070635446e-06,0.713307121752107,0.233,0.167,0.0693132850557991
"ENSG00000255234","ENSG00000255234",2.60495458784012e-06,-0.458236622265741,0.079,0.136,0.0696486708150813
"PPDPF","PPDPF",2.61411977523372e-06,-0.652531116239458,0.059,0.109,0.0698937204304239
"URI1","URI1",2.62146001292093e-06,-0.394141571592,0.247,0.33,0.0700899763654669
"PIRT","PIRT",2.62463862348848e-06,0.559547942889272,0.258,0.188,0.0701749628762116
"N4BP2L2","N4BP2L2",2.6269062901775e-06,0.206605667901352,0.799,0.787,0.0702355934804758
"PKD1","PKD1",2.63425206517339e-06,0.341356364466649,0.45,0.375,0.070431997466541
"PAPLN","PAPLN",2.64221920129584e-06,-0.296010827630935,0.436,0.53,0.070645014785047
"MRPL41","MRPL41",2.66152842907064e-06,0.652142398571089,0.227,0.16,0.0711612856080616
"VEGFC","VEGFC",2.67944547124192e-06,-0.712585939122843,0.068,0.12,0.0716403335645952
"HMGA2","HMGA2",2.68632575934203e-06,-1.80639615061536,0.014,0.043,0.0718242918275278
"CASD1","CASD1",2.71262778852621e-06,-0.441881258293837,0.219,0.297,0.0725275291818251
"CAPZA1","CAPZA1",2.73347961257908e-06,-0.377571847813539,0.302,0.386,0.073085044401527
"EEF2K","EEF2K",2.73984678688455e-06,0.44427498337816,0.465,0.405,0.0732552835409321
"DNAI7","DNAI7",2.74581410688358e-06,-0.807828012551965,0.062,0.113,0.0734148317757462
"TPT1","TPT1",2.756043041715e-06,0.442737273476009,0.226,0.156,0.073688322806334
"PKIB","PKIB",2.75842925738395e-06,-1.48568225379435,0.02,0.053,0.0737521230546747
"PDIA3","PDIA3",2.79436717240769e-06,0.776767083008801,0.212,0.148,0.0747129950886645
"ZNF780B","ZNF780B",2.8214569017405e-06,-0.457540950628947,0.245,0.326,0.0754372931818359
"RRP12","RRP12",2.82171265155056e-06,0.679337583825618,0.157,0.098,0.0754441311645075
"PLOD1","PLOD1",2.83717368920798e-06,0.710258625407287,0.144,0.089,0.0758575129283537
"SLC13A5","SLC13A5",2.83809267020935e-06,1.03600302383793,0.125,0.074,0.0758820837233874
"LRRN1","LRRN1",2.85163643958606e-06,0.643109187225175,0.259,0.193,0.0762442034852125
"PALLD","PALLD",2.87133191270724e-06,0.376821494139054,0.572,0.519,0.0767708013500535
"TLCD5","TLCD5",2.91396233673206e-06,-0.701622181596488,0.087,0.144,0.077910610997205
"RSAD2","RSAD2",2.91520307939772e-06,-1.65135838277929,0.011,0.038,0.0779437847338569
"MAP1B","MAP1B",2.92011947626603e-06,0.289358157965304,0.649,0.593,0.0780752344369247
"ENSG00000253859","ENSG00000253859",2.96401069696282e-06,-1.65411993596736,0.011,0.038,0.079248754004695
"ASCC2","ASCC2",2.97145511754269e-06,-0.577295374146571,0.103,0.164,0.0794477954777389
"ENSG00000270099","ENSG00000270099",2.97682020332802e-06,-0.513810758952315,0.148,0.216,0.0795912417763812
"CDC14B","CDC14B",2.98515698045692e-06,-0.333532310914707,0.373,0.459,0.0798141421864767
"TLCD1","TLCD1",3.07988370388382e-06,-1.19826829789809,0.011,0.039,0.0823468505907417
"NADK2","NADK2",3.09687529940658e-06,-0.313649294711489,0.347,0.438,0.0828011548802337
"NR2F1","NR2F1",3.13805613225476e-06,0.508838764109884,0.444,0.387,0.0839022068080954
"HSP90B1","HSP90B1",3.13906341232229e-06,0.638072706015566,0.203,0.138,0.0839291384552611
"UFL1","UFL1",3.13940672557918e-06,-0.429859373570089,0.193,0.269,0.0839383176218107
"ETFA","ETFA",3.14329804901501e-06,-0.427425337841185,0.216,0.296,0.0840423599365143
"LMLN","LMLN",3.14574345284496e-06,-0.463639329279561,0.138,0.207,0.0841077426987156
"VPS50","VPS50",3.14619451734411e-06,-0.388171335405477,0.199,0.276,0.0841198028102295
"NRF1","NRF1",3.15157035189486e-06,0.360748565374624,0.541,0.476,0.0842635364986128
"MPDZ","MPDZ",3.18988629653829e-06,0.331925828392464,0.568,0.494,0.0852879899105443
"PDLIM7","PDLIM7",3.2015049408607e-06,1.25747226145019,0.08,0.039,0.0855986376037926
"PLA2G6","PLA2G6",3.23447780649735e-06,0.859063936821799,0.153,0.097,0.0864802331123197
"ENSG00000254860","ENSG00000254860",3.35218296153116e-06,-0.477888914244701,0.126,0.192,0.0896273158424587
"DPP7","DPP7",3.38922786558189e-06,0.672463260610906,0.273,0.203,0.090617785442063
"ENSG00000267070","ENSG00000267070",3.4064798706605e-06,-0.805595078920574,0.034,0.075,0.0910790523018499
"CAPN9-AS1","CAPN9-AS1",3.46305958961386e-06,-1.47443684853564,0.009,0.035,0.0925918242475059
"CAMK2G","CAMK2G",3.48068320580321e-06,-0.196472889940076,0.781,0.838,0.0930630268735604
"ENSG00000232056","ENSG00000232056",3.50302927347516e-06,-4.33335718246428,0.001,0.017,0.0936604936849055
"ALKBH5","ALKBH5",3.51030080630635e-06,0.625722731019225,0.191,0.129,0.0938549126582129
"DMTF1","DMTF1",3.51365247265573e-06,-0.356896444047362,0.346,0.428,0.0939445261613963
"LTBP2","LTBP2",3.5145694141694e-06,2.08326087230037,0.042,0.014,0.0939690424266472
"RING1","RING1",3.52901079335057e-06,0.655601454698755,0.211,0.147,0.0943551615818141
"TNR","TNR",3.53832956736567e-06,-0.308977812592106,0.339,0.429,0.094604317642656
"HS3ST5","HS3ST5",3.54165383946344e-06,-0.661191216028222,0.054,0.102,0.0946931987057339
"PSMD14","PSMD14",3.56501511284858e-06,-0.404396334518014,0.173,0.246,0.0953178090722324
"TMEM164","TMEM164",3.58156632414765e-06,-0.40394412600753,0.346,0.425,0.0957603388087356
"ZFHX4","ZFHX4",3.60053419042177e-06,-0.25468991074619,0.477,0.575,0.0962674826493069
"ENSG00000250343","ENSG00000250343",3.60777518361376e-06,0.830803269806978,0.108,0.059,0.0964610850842812
"SLF2","SLF2",3.61349460445209e-06,-0.525819665890272,0.231,0.306,0.0966140052392355
"ST8SIA1","ST8SIA1",3.61525309717494e-06,0.322500487684365,0.583,0.519,0.0966610220591663
"SHTN1","SHTN1",3.63268668640566e-06,-0.989807651680446,0.077,0.13,0.0971271439344281
"B2M","B2M",3.63997957506963e-06,0.855469055119344,0.143,0.089,0.0973221338986368
"CEP83","CEP83",3.64398345503571e-06,-0.532347665881372,0.126,0.191,0.0974291856372898
"CRTAC1","CRTAC1",3.64915537494092e-06,1.23642256126912,0.052,0.019,0.0975674672597954
"PPP2R2A","PPP2R2A",3.65345264563554e-06,-0.392634982552912,0.237,0.319,0.0976823633863576
"MOK","MOK",3.65430599159197e-06,-0.357649718343087,0.317,0.4,0.0977051792971944
"LYRM2","LYRM2",3.67304480899046e-06,0.689457863419581,0.199,0.138,0.0982061990579778
"UBC","UBC",3.6964622790542e-06,0.489248441600992,0.454,0.391,0.098832311955072
"G3BP1","G3BP1",3.75082220479193e-06,0.491655813941894,0.341,0.269,0.100285733289522
"REV1","REV1",3.77131784641313e-06,-0.488469994137749,0.262,0.338,0.100833725259548
"GLTP","GLTP",3.78263767204572e-06,0.766892697552183,0.132,0.079,0.101136383437487
"EML4","EML4",3.82663264709556e-06,-0.366220166181933,0.142,0.212,0.102312677085394
"ZNF14","ZNF14",3.82950760515832e-06,-1.0511176273238,0.041,0.083,0.102389544839118
"MYORG","MYORG",3.85274887656534e-06,0.755214445048076,0.191,0.13,0.103010946712728
"CCDC3","CCDC3",3.87590628346182e-06,1.00153975506434,0.113,0.064,0.103630106300919
"ENSG00000234418","ENSG00000234418",3.87937913354298e-06,-1.42716496434189,0.014,0.044,0.103722959893539
"STRN3","STRN3",3.9688208547137e-06,-0.378142108188732,0.38,0.46,0.10611436319248
"SEC61G-DT","SEC61G-DT",4.02097074989911e-06,-2.05418481703518,0.011,0.037,0.107508694940052
"TUSC3","TUSC3",4.10863583821842e-06,-0.740968318042946,0.034,0.073,0.109852596406446
"ENSG00000224218","ENSG00000224218",4.18928881666513e-06,-0.951255401194081,0.026,0.062,0.112009015091176
"PPP1R15B","PPP1R15B",4.19143623107311e-06,0.771314196963913,0.113,0.063,0.112066430510202
"LINC01982","LINC01982",4.19851949013379e-06,-1.53587884606375,0.018,0.049,0.112255815607707
"CDH11","CDH11",4.20658345535496e-06,-0.302491955025716,0.424,0.511,0.112471421845825
"ENSG00000250969","ENSG00000250969",4.22534727269494e-06,-0.865636082170862,0.028,0.064,0.112973110030045
"ZNF512","ZNF512",4.23302347084439e-06,-0.613990544415753,0.075,0.128,0.113178348539966
"AHDC1","AHDC1",4.24805881265714e-06,0.52899481776836,0.417,0.356,0.113580348474014
"TARS1","TARS1",4.2530852477069e-06,0.711066986983029,0.131,0.078,0.113714740267939
"MFAP3","MFAP3",4.25434555543911e-06,-0.576373028883426,0.098,0.158,0.113748437115775
"SIGIRR","SIGIRR",4.31184480705121e-06,1.15759159715091,0.085,0.044,0.115285794606128
"DUSP3","DUSP3",4.37001367705756e-06,1.30750958500054,0.083,0.042,0.116841055683488
"DCHS2","DCHS2",4.41860838877781e-06,0.934028270356583,0.167,0.112,0.118140332490752
"TTPA","TTPA",4.43824583508673e-06,-0.387828009975296,0.232,0.311,0.118665378892714
"SEPTIN2","SEPTIN2",4.4401986920207e-06,-0.305331321999208,0.36,0.444,0.118717592428557
"ENSG00000275367","ENSG00000275367",4.4487213588309e-06,-1.07164688845304,0.011,0.039,0.118945462971062
"NRN1","NRN1",4.4792082455658e-06,-2.69780778292476,0.003,0.022,0.119760590861693
"MCCC2","MCCC2",4.48057695995391e-06,-0.41974421670407,0.105,0.167,0.119797186178288
"ENSG00000259564","ENSG00000259564",4.50080637989078e-06,0.889077805845974,0.105,0.058,0.12033806017914
"LOC122513141","LOC122513141",4.5303311106675e-06,1.06415712541288,0.073,0.035,0.121127462905917
"CDK17","CDK17",4.54044875089722e-06,-0.394115374318059,0.29,0.373,0.121397978252739
"RCOR3","RCOR3",4.61314017512042e-06,-0.344160778525531,0.323,0.405,0.123341528862195
"PUM1","PUM1",4.63698000114387e-06,-0.241704403651584,0.465,0.557,0.123978934290584
"HHIPL1","HHIPL1",4.69948165791825e-06,-0.658569070611054,0.068,0.119,0.12565004108776
"GALNT11","GALNT11",4.75865672729986e-06,-0.45754776423508,0.201,0.275,0.127232204917816
"FKBP2","FKBP2",4.78496566099375e-06,0.809584900092911,0.156,0.1,0.12793562687799
"SLC35F5","SLC35F5",4.78865889646693e-06,-0.418788427982732,0.235,0.313,0.128034372914836
"POR","POR",4.83668241044091e-06,0.581839237141654,0.227,0.16,0.129318377607959
"DISP3","DISP3",4.87003942673882e-06,-0.567050727409549,0.19,0.261,0.130210244152716
"PSMG3-AS1","PSMG3-AS1",4.95040878032354e-06,-0.82971750409852,0.03,0.068,0.13235907955951
"EIF5","EIF5",4.95510530886268e-06,0.660745882198439,0.245,0.18,0.132484650643062
"TENT5A","TENT5A",4.99046753178652e-06,-0.873583808410135,0.062,0.111,0.133430130397376
"ANTXR1","ANTXR1",4.99622791178219e-06,-0.25661244698289,0.479,0.572,0.13358414567732
"MAIP1","MAIP1",5.01236509438093e-06,0.924183153597657,0.11,0.063,0.134015605528463
"LINC00658","LINC00658",5.0376576213374e-06,-1.71796797714081,0.009,0.035,0.134691851821698
"HIVEP1","HIVEP1",5.05898407871473e-06,0.455321575260308,0.391,0.32,0.135262057312596
"MARK3","MARK3",5.06949865685058e-06,0.275981613463723,0.705,0.69,0.135543185588214
"DUS2","DUS2",5.07822200296704e-06,-0.620992902890518,0.054,0.101,0.13577642169333
"KCNN2","KCNN2",5.09081563724532e-06,-0.541397549324261,0.113,0.174,0.136113137693028
"CRK","CRK",5.13058054657157e-06,0.820103154853891,0.181,0.124,0.137176332073684
"TMPRSS5","TMPRSS5",5.13567769457418e-06,0.718907594675945,0.258,0.196,0.13731261451983
"LRRC8B","LRRC8B",5.16265203228684e-06,-0.828609081404005,0.037,0.077,0.138033827387253
"MRPL32","MRPL32",5.16309081028451e-06,-1.32063030503928,0.013,0.041,0.138045558994577
"LRP1B","LRP1B",5.20797889935481e-06,-0.109816693627181,0.996,0.992,0.13924573183205
"HABP4","HABP4",5.21728071369431e-06,-0.513312188410177,0.115,0.178,0.139494434442045
"ROBO2","ROBO2",5.22554946128261e-06,-1.16592150587684,0.109,0.165,0.139715515946313
"ESRRG","ESRRG",5.25519630884542e-06,0.342245596758862,0.715,0.687,0.1405081837096
"BCLAF3","BCLAF3",5.27591602130789e-06,-0.458716710611055,0.138,0.205,0.141062166661709
"ERBIN","ERBIN",5.30409639085356e-06,-0.22286105522437,0.831,0.86,0.141815625202252
"HNRNPK","HNRNPK",5.31830695548013e-06,-0.331758185506972,0.235,0.316,0.142195573068672
"USP54","USP54",5.33460454997578e-06,0.391976062433841,0.657,0.629,0.142631321852702
"ENSG00000247134","ENSG00000247134",5.33664665926501e-06,-0.783407426545761,0.057,0.104,0.142685921728768
"MIAT","MIAT",5.34592062238558e-06,-0.537206550039113,0.158,0.228,0.142933879680723
"COL25A1","COL25A1",5.35424266047287e-06,-1.16844424467511,0.027,0.063,0.143156386013063
"TFDP2","TFDP2",5.37528084065126e-06,0.423132505358336,0.503,0.451,0.143718883836493
"SESTD1","SESTD1",5.3811954886082e-06,-0.322561504064257,0.333,0.423,0.143877023778917
"FBXW11","FBXW11",5.4489551529934e-06,-0.324535341999182,0.278,0.357,0.145688713925584
"ENSG00000282111","ENSG00000282111",5.52012335670343e-06,-2.2820895437019,0.007,0.03,0.14759153818818
"ADAM32","ADAM32",5.5660527796284e-06,0.94479897137428,0.104,0.057,0.148819553168925
"TDRD6","TDRD6",5.6467716452344e-06,1.14330238860254,0.054,0.021,0.150977733478632
"ST3GAL1","ST3GAL1",5.68266717509389e-06,-0.49967724390215,0.12,0.182,0.151937472260485
"NQO1","NQO1",5.70604702055745e-06,0.946304956574264,0.079,0.039,0.152562579188644
"ARSJ","ARSJ",5.72682770340022e-06,0.582014388348553,0.247,0.178,0.153118192305812
"ENSG00000259475","ENSG00000259475",5.76216855114672e-06,-1.44784572425314,0.026,0.06,0.15406310055201
"RARB","RARB",5.7760423970586e-06,-0.996036070962414,0.027,0.063,0.154434045570156
"ZFTRAF1","ZFTRAF1",5.81035594221709e-06,0.650576123906092,0.227,0.165,0.155351486827058
"SYNGAP1","SYNGAP1",5.88740914157021e-06,0.604751793886415,0.224,0.158,0.157411658218163
"ACADSB","ACADSB",5.91100192972927e-06,-0.416225208521782,0.156,0.226,0.158042458595171
"ENSG00000273319","ENSG00000273319",5.92678534304706e-06,0.691246616541058,0.142,0.088,0.158464459717049
"ENTREP3","ENTREP3",5.93931183823826e-06,1.03105621636293,0.08,0.04,0.158799380618976
"SGSM1","SGSM1",5.96054189293631e-06,0.749315910887983,0.22,0.158,0.159367008591438
"MFN2","MFN2",5.96910838684177e-06,-0.680893943157221,0.08,0.133,0.159596050938988
"ENSG00000272921","ENSG00000272921",5.9728679544451e-06,2.19922099523844,0.031,0.008,0.159696570497999
"MAP9","MAP9",6.0096339405612e-06,-0.462894402170027,0.092,0.15,0.160679582668785
"SLCO1C1","SLCO1C1",6.02804506793821e-06,-0.267510317335958,0.381,0.474,0.161171840981464
"ENSG00000255621","ENSG00000255621",6.10434845404869e-06,-1.40206153587589,0.005,0.026,0.1632119646159
"LRPPRC","LRPPRC",6.12645784642284e-06,-0.492422400758965,0.196,0.268,0.163803103439808
"CDC14A","CDC14A",6.17375299871686e-06,-0.275404111099605,0.422,0.508,0.165067633926693
"SIPA1","SIPA1",6.23900574275867e-06,1.31198757411761,0.057,0.024,0.166812296544139
"ALDH1L1-AS2","ALDH1L1-AS2",6.26042175816038e-06,-0.803547217884563,0.052,0.098,0.167384896547934
"ENSG00000223563","ENSG00000223563",6.27886727842807e-06,-5.33266299214286,0,0.015,0.167878074423331
"LINC01551","LINC01551",6.27886727842807e-06,-5.63984424757852,0,0.015,0.167878074423331
"ENSG00000255639","ENSG00000255639",6.29406072873522e-06,0.978017676086522,0.092,0.049,0.168284301704194
"OTUD7A","OTUD7A",6.37587459892878e-06,-0.247127234976158,0.677,0.76,0.170471759151559
"CLYBL","CLYBL",6.38252371906539e-06,-0.42098139347868,0.189,0.263,0.170649536676651
"STXBP5-AS1","STXBP5-AS1",6.42428168217124e-06,-0.532284925648616,0.085,0.14,0.171766019336212
"PITPNM1","PITPNM1",6.4409004643047e-06,2.10227004283041,0.034,0.01,0.172210355714115
"ENSG00000259347","ENSG00000259347",6.47569313099934e-06,-0.512370878443863,0.103,0.161,0.173140607243529
"RTCA","RTCA",6.51443056015893e-06,-0.761508611649722,0.059,0.107,0.174176329886969
"SH3GL2","SH3GL2",6.55291220666874e-06,-0.260023336852983,0.378,0.467,0.175205213669702
"ENSG00000230623","ENSG00000230623",6.55368732067229e-06,1.49720049251054,0.048,0.018,0.175225937892815
"SOX13","SOX13",6.62908639637432e-06,0.565047713252095,0.282,0.214,0.17724188297986
"ITGAV","ITGAV",6.63062307874305e-06,0.313755057330188,0.558,0.504,0.177282969256353
"REPS1","REPS1",6.68795239427289e-06,-0.203354211805122,0.671,0.743,0.178815783165674
"BCL2","BCL2",6.70793512954636e-06,0.148192499996384,0.906,0.878,0.179350061558681
"CFAP251","CFAP251",6.73424043966803e-06,0.891453283312017,0.104,0.058,0.180053386635404
"BHLHE40","BHLHE40",6.7540996599692e-06,-0.599824992655307,0.18,0.249,0.180584362608597
"ZNF606","ZNF606",6.77373243751148e-06,-0.56956405178229,0.058,0.106,0.181109284181744
"PLP1","PLP1",6.77777800303866e-06,-0.411949535187571,0.285,0.368,0.181217450467245
"TMBIM6","TMBIM6",6.93222218270024e-06,0.463800459219237,0.41,0.348,0.185346824498856
"SDR39U1","SDR39U1",6.94658899954811e-06,0.832811024915511,0.109,0.062,0.185730950080918
"CLHC1","CLHC1",7.04572163810894e-06,-0.529618232966049,0.115,0.176,0.188381459438119
"LYPD6","LYPD6",7.05086631147595e-06,0.450203535186466,0.331,0.259,0.188519012569933
"SIX3","SIX3",7.09591041020979e-06,-3.39666958627129,0.003,0.021,0.189723356637779
"IFIH1","IFIH1",7.13946120987207e-06,-1.19812519722742,0.018,0.048,0.19088777436835
"SIRPA","SIRPA",7.15834567864411e-06,0.36778107245904,0.533,0.481,0.191392688409908
"LASP1","LASP1",7.20189242459911e-06,0.780403591832193,0.209,0.149,0.192556997756506
"NCAM1","NCAM1",7.2547575586687e-06,-0.13817129207164,0.887,0.923,0.193970452846125
"MAP3K5","MAP3K5",7.36261761197446e-06,-0.175200295604896,0.852,0.889,0.196854307091361
"RBMS3","RBMS3",7.37200454833383e-06,-0.33536382012418,0.33,0.416,0.197105285608802
"ANKRD2","ANKRD2",7.42493789999383e-06,1.8166887866177,0.037,0.011,0.198520564632135
"FCHSD2","FCHSD2",7.45989150033267e-06,-0.335985866304758,0.374,0.459,0.199455119044395
"SMO","SMO",7.49055797605485e-06,0.583390208607495,0.225,0.163,0.200275048605778
"SLC1A2","SLC1A2",7.49286998792878e-06,-0.281570678493526,0.966,0.979,0.200336864867252
"APC","APC",7.53330042060894e-06,-0.232037564647845,0.76,0.793,0.201417853345821
"SF3B2","SF3B2",7.5686837846447e-06,0.647923487227867,0.21,0.149,0.202363898350045
"ENSG00000272894","ENSG00000272894",7.57853939920682e-06,-0.858317035023524,0.016,0.045,0.202627407916593
"ACAP2","ACAP2",7.58749949113046e-06,-0.297134549670513,0.594,0.654,0.202866973894355
"STMN4","STMN4",7.5936731016214e-06,-2.08305062196041,0.009,0.033,0.203032037718052
"EMD","EMD",7.68603178225723e-06,-0.78463715029296,0.04,0.081,0.205501431762211
"HES1","HES1",7.98720207164296e-06,-0.765942204955001,0.114,0.172,0.213553821789518
"CSMD1","CSMD1",8.24068841105705e-06,-1.05489684926217,0.116,0.174,0.220331286046432
"FADS3","FADS3",8.24748069968424e-06,-0.428762443866764,0.259,0.335,0.220512891467458
"ENSG00000237212","ENSG00000237212",8.31113126988309e-06,-2.45921813764507,0.001,0.018,0.222214716762864
"PDCD5","PDCD5",8.31452393230331e-06,-0.740225155544292,0.044,0.086,0.222305426377994
"PSD3","PSD3",8.35456503124697e-06,0.286617748620645,0.639,0.578,0.22337600524045
"ADAMTSL3","ADAMTSL3",8.48673179828862e-06,-0.449928019027069,0.189,0.261,0.226909748090843
"TXLNA","TXLNA",8.49880549301579e-06,0.584360277898664,0.149,0.094,0.227232562466763
"GRAMD1B","GRAMD1B",8.52820801691809e-06,-0.221045027465219,0.453,0.548,0.228018697748339
"ZNRF3","ZNRF3",8.53737425848695e-06,-0.243138479866615,0.705,0.768,0.228263775549166
"NPIPB15","NPIPB15",8.60105865319589e-06,1.27761949049917,0.053,0.021,0.229966505210499
"ARL13B","ARL13B",8.64995814347834e-06,-0.431773937767245,0.128,0.193,0.23127393088218
"SMCHD1","SMCHD1",8.64997959512126e-06,-0.42271286876271,0.328,0.402,0.231274504434757
"ZKSCAN7-AS1","ZKSCAN7-AS1",8.70756459468382e-06,-0.500208983751629,0.21,0.282,0.232814154568061
"ENSG00000241231","ENSG00000241231",8.74098886220286e-06,-2.48286026506489,0.004,0.024,0.233707819208718
"ERI2","ERI2",8.82532183621538e-06,-0.940176124934006,0.065,0.111,0.235962629934891
"PMP22","PMP22",8.83914799569228e-06,-0.313086965265601,0.29,0.372,0.236332299960825
"CSRNP3","CSRNP3",8.8936089528477e-06,-0.290349401968036,0.292,0.382,0.237788422572289
"CENPI","CENPI",9.05974746746859e-06,-2.18488694064452,0.006,0.028,0.242230468037708
"RAB9A","RAB9A",9.06775867937151e-06,0.737197886645581,0.147,0.093,0.242444663810356
"ZNHIT6","ZNHIT6",9.08649322261968e-06,0.636209974150687,0.191,0.131,0.242945569293182
"TMEM220","TMEM220",9.19820286941327e-06,-0.52194058128021,0.12,0.18,0.245932350119502
"ELMOD1","ELMOD1",9.23827197551947e-06,0.553194232799732,0.315,0.253,0.247003677809464
"BUB3","BUB3",9.25931888950444e-06,0.932024310946478,0.125,0.076,0.24756640914868
"CPNE3","CPNE3",9.31086651182396e-06,-0.428683378265182,0.11,0.172,0.248944637926637
"MACROD1","MACROD1",9.45078957541493e-06,0.744673888596923,0.105,0.059,0.252685760877869
"NFKB2","NFKB2",9.45427551500356e-06,0.990738629524974,0.051,0.02,0.25277896444465
"LDHA","LDHA",9.50829252567504e-06,0.493130364244462,0.119,0.069,0.254223217258973
"ENSG00000283141","ENSG00000283141",9.66993485112689e-06,-0.482189815415445,0.097,0.154,0.25854504811458
"TAF7","TAF7",9.70397183976526e-06,-0.710696114161605,0.059,0.105,0.259455095079804
"ENSG00000235450","ENSG00000235450",9.70426218755697e-06,-0.923728543475235,0.045,0.086,0.259462858108711
"SYN3","SYN3",9.7110298220973e-06,-0.71805216814237,0.047,0.089,0.259643804353415
"GLG1","GLG1",9.9949298374402e-06,0.299255022240542,0.684,0.645,0.267234439063639
"MIR3681HG","MIR3681HG",1.00332756950996e-05,-2.09261182251401,0.013,0.039,0.268259692259878
"ST18","ST18",1.00616241021562e-05,-0.975336568182058,0.057,0.102,0.269017643619351
"LOXL1","LOXL1",1.00800006424722e-05,1.19411988262473,0.079,0.04,0.26950897717778
"MAN2A1","MAN2A1",1.02269149841706e-05,-0.410554679685946,0.285,0.366,0.27343702593177
"KCNN3","KCNN3",1.03777130342506e-05,0.148669653961761,0.86,0.812,0.277468913396758
"ZNF528","ZNF528",1.04339789354533e-05,-0.822094213288562,0.057,0.102,0.278973294797214
"RBM33","RBM33",1.04400723873863e-05,-0.254376792164966,0.356,0.447,0.279136215421548
"PHF21A","PHF21A",1.04846898563945e-05,0.259696311127163,0.677,0.651,0.28032915269042
"ODAD3","ODAD3",1.05016616291212e-05,0.971650712420252,0.081,0.041,0.280782926977815
"ARL17A","ARL17A",1.05664886644925e-05,0.552322579492037,0.293,0.228,0.282516207422536
"DDR2","DDR2",1.06542228057231e-05,0.683656699681057,0.424,0.392,0.284861955156618
"QPCTL","QPCTL",1.06833594606382e-05,1.29041516108273,0.047,0.018,0.285640981899084
"DYNLRB1","DYNLRB1",1.07710105521744e-05,0.751173139536379,0.147,0.095,0.287984509133488
"MBNL1","MBNL1",1.07993275074434e-05,0.21061270630489,0.751,0.711,0.288741619566513
"BAHD1","BAHD1",1.08452907908429e-05,1.00232561535531,0.089,0.048,0.289970539874768
"TMEM120A","TMEM120A",1.08461623038273e-05,0.972083941332307,0.118,0.071,0.28999384151743
"C12orf60","C12orf60",1.10126656057935e-05,-0.682424857172503,0.06,0.107,0.294445640302102
"CIMIP6","CIMIP6",1.11283568602014e-05,-0.688984535536562,0.044,0.085,0.297538877371204
"MINK1","MINK1",1.11869073853639e-05,0.406940576868268,0.485,0.42,0.299104342762476
"ENSG00000258297","ENSG00000258297",1.12898567832881e-05,-1.7484259445027,0.009,0.033,0.301856900814774
"CTNNA3","CTNNA3",1.14324399859996e-05,-0.335265808813319,0.113,0.173,0.30566914790567
"PRKCSH","PRKCSH",1.15556226509781e-05,0.675363231720085,0.165,0.11,0.308962682819201
"CAMK1D","CAMK1D",1.16150232538598e-05,-0.273574479384639,0.417,0.506,0.310550876738449
"FBXL12","FBXL12",1.16818350904228e-05,-0.730220219464667,0.047,0.089,0.312337224812635
"ADRA1A","ADRA1A",1.16901097400316e-05,-0.338363643101222,0.263,0.344,0.312558464119226
"PACRGL","PACRGL",1.17999255685872e-05,-0.445827506527188,0.171,0.239,0.315494609927316
"CLEC2L","CLEC2L",1.18404509796625e-05,1.73575133377701,0.032,0.009,0.316578137843235
"ENSG00000226179","ENSG00000226179",1.18991162279871e-05,0.654262726375627,0.172,0.115,0.318146670587691
"TRIB2","TRIB2",1.19266213649786e-05,0.911113266129138,0.135,0.086,0.318882075435433
"C1QL1","C1QL1",1.19687537324581e-05,1.98394622347535,0.038,0.012,0.320008568544733
"XNDC1N","XNDC1N",1.19828454611275e-05,-0.655981980296227,0.085,0.138,0.320385339094167
"FLVCR1","FLVCR1",1.19914550033516e-05,-0.84010555140477,0.065,0.112,0.320615532424612
"GAS2","GAS2",1.2026547555147e-05,-0.689140032892216,0.092,0.145,0.321553801981966
"HLTF","HLTF",1.20276339320015e-05,-0.445399216289677,0.201,0.27,0.321582848439923
"CNTNAP3","CNTNAP3",1.21007235020331e-05,-0.496583272703671,0.129,0.191,0.323537044273858
"ASTN1","ASTN1",1.21369313398506e-05,-0.245938426276972,0.52,0.595,0.324505133233586
"FRMD4B","FRMD4B",1.2157889917101e-05,-0.966120157580164,0.047,0.089,0.325065502713529
"ENSG00000266111","ENSG00000266111",1.22595251794663e-05,-0.91224350739955,0.043,0.084,0.32778292472339
"DOCK1","DOCK1",1.22887418800801e-05,0.237540627318562,0.773,0.741,0.328564091647703
"TTLL6","TTLL6",1.23537743908474e-05,-1.13639337010706,0.022,0.054,0.330302865888086
"TMEFF2","TMEFF2",1.23756369042661e-05,-2.24970894620442,0.011,0.037,0.330887403909364
"FOXJ1","FOXJ1",1.25487531428582e-05,2.83078803951161,0.02,0.003,0.335516012780599
"SLC7A2","SLC7A2",1.257364765552e-05,0.671684844148908,0.245,0.184,0.336181617365639
"DKK3","DKK3",1.26211145568768e-05,0.324874017098221,0.566,0.515,0.337450739907215
"RPE","RPE",1.26362316965857e-05,-0.617693012465466,0.067,0.115,0.337854926871613
"ENSG00000254692","ENSG00000254692",1.26755732955693e-05,0.959106777476334,0.123,0.075,0.338906803203637
"ZNF19","ZNF19",1.26778679124594e-05,-0.674822240984651,0.046,0.088,0.338968154375428
"ZNF25","ZNF25",1.26928582564371e-05,-0.651465871027289,0.068,0.116,0.339368951202359
"CYB5B","CYB5B",1.27262836338753e-05,-0.424831178747899,0.251,0.326,0.340262645518925
"PPP3CA","PPP3CA",1.27513092803546e-05,-0.297098936883879,0.587,0.643,0.340931756228841
"HES7","HES7",1.28332017145851e-05,3.60330448224108,0.015,0.001,0.343121314242863
"RO60","RO60",1.28382720320231e-05,-0.452408491230803,0.152,0.218,0.343256879320203
"KLC2","KLC2",1.30964711745846e-05,0.879722399760102,0.105,0.061,0.350160349794869
"PLPP3","PLPP3",1.32726777538856e-05,-0.230697917995945,0.529,0.605,0.354871585105639
"GPRASP1","GPRASP1",1.32882102170099e-05,-0.9408142366711,0.033,0.069,0.355286876572195
"RENBP","RENBP",1.33857182953142e-05,0.773051368203113,0.097,0.053,0.357893950061815
"POT1","POT1",1.3538921541399e-05,-0.569063024959614,0.159,0.223,0.361990145252386
"SIN3A","SIN3A",1.36758969379084e-05,-0.572019661280842,0.128,0.189,0.365652456428856
"KCTD13","KCTD13",1.38336152128919e-05,0.584408418871902,0.257,0.192,0.369869369947091
"SETDB2","SETDB2",1.38497275933132e-05,-0.704321149805254,0.105,0.159,0.370300166662415
"TUT4","TUT4",1.38730607499999e-05,-0.236151601060814,0.525,0.606,0.370924025272748
"SCAF11","SCAF11",1.38930305003228e-05,-0.292121162673133,0.396,0.483,0.371457956487132
"INHBB","INHBB",1.39442208785888e-05,0.690087168578145,0.148,0.095,0.372826633630828
"CCDC125","CCDC125",1.41009985683779e-05,-0.506996518627865,0.128,0.188,0.37701839872272
"SBF2","SBF2",1.41979576104673e-05,-0.201383730137285,0.689,0.752,0.379610792631064
"SLC6A1-AS1","SLC6A1-AS1",1.45286067598651e-05,-0.235998694696709,0.166,0.237,0.388451358938514
"DLG5","DLG5",1.45443732927754e-05,0.499930644883649,0.33,0.268,0.388872908728937
"SCART1","SCART1",1.45617792417342e-05,-0.824575970282207,0.033,0.069,0.389338291586247
"EHD1","EHD1",1.45958845554571e-05,-0.458854614923928,0.086,0.14,0.390250165359257
"SPDYE5","SPDYE5",1.46828217445735e-05,-0.824869051391079,0.054,0.097,0.392574604984662
"GCA","GCA",1.47387673996586e-05,-0.784065131579093,0.036,0.073,0.394070423964672
"MOGAT1","MOGAT1",1.47543450900055e-05,-0.821452129989431,0.034,0.071,0.394486924671476
"SLC25A16","SLC25A16",1.4796033146655e-05,0.619024853491119,0.259,0.198,0.395601538242115
"KCNJ3","KCNJ3",1.49246243888062e-05,0.483933877812711,0.277,0.21,0.399039682283512
"CDC42EP4","CDC42EP4",1.49300213973326e-05,0.451613026299349,0.37,0.305,0.39918398210048
"TRMT11","TRMT11",1.49535048812173e-05,-0.504005658316009,0.097,0.152,0.399811860009107
"GSR","GSR",1.49921847462298e-05,-0.618306869563549,0.083,0.134,0.400846043559945
"NUCKS1","NUCKS1",1.51800516480003e-05,-0.33129031235854,0.396,0.475,0.405869040912584
"FAM111A","FAM111A",1.52538250208679e-05,-0.877113174032797,0.033,0.069,0.407841519582946
"CHODL","CHODL",1.53412104868782e-05,-1.31815532884529,0.025,0.057,0.410177944787663
"RBKS","RBKS",1.54691407473334e-05,-0.779790689242703,0.045,0.086,0.413598416161454
"LRRK2","LRRK2",1.55566491299627e-05,-0.363530922270989,0.084,0.138,0.415938127787814
"ENSG00000255330","ENSG00000255330",1.58491878052027e-05,-1.37605978592841,0.011,0.035,0.423759734347704
"SLC3A2","SLC3A2",1.58786900218369e-05,0.371048194363295,0.516,0.461,0.424548535113854
"TMEM240","TMEM240",1.62535197880892e-05,1.59633391590615,0.033,0.01,0.43457035857414
"RBPJ","RBPJ",1.63762056188755e-05,0.459826660924761,0.418,0.355,0.437850609631874
"GPM6B","GPM6B",1.645927965424e-05,-0.197323453215992,0.799,0.842,0.440071760115415
"ZSCAN5A","ZSCAN5A",1.64915273221864e-05,-0.219557217274444,0.247,0.329,0.440933966013298
"ENSG00000255663","ENSG00000255663",1.66053135169534e-05,2.08396284993975,0.028,0.007,0.443976267502784
"BACE2","BACE2",1.67090302162313e-05,1.01204754184137,0.11,0.066,0.446749340891376
"HCCS-DT","HCCS-DT",1.6747804655783e-05,-0.784182043028891,0.057,0.101,0.447786053081669
"ENSG00000254731","ENSG00000254731",1.69582605237523e-05,-1.02548603045468,0.027,0.059,0.453413011623564
"RMND5A","RMND5A",1.70653660091884e-05,0.644005208531234,0.229,0.169,0.456276690987669
"PPP1R12B","PPP1R12B",1.71410194535946e-05,-0.23557628938443,0.575,0.647,0.458299437130759
"AXDND1","AXDND1",1.72161363106777e-05,-1.10481439239726,0.013,0.039,0.460307836538589
"C9orf72","C9orf72",1.73544006859744e-05,-0.506751383859086,0.119,0.177,0.464004611140898
"ZNF277","ZNF277",1.74596708498958e-05,-0.353178461583556,0.201,0.275,0.466819219513664
"LAPTM4B","LAPTM4B",1.7461154835583e-05,-0.475163863330165,0.072,0.121,0.466858896838984
"CXCL2","CXCL2",1.74867706298151e-05,-5.78859542491503,0,0.013,0.467543786329367
"GRIFIN","GRIFIN",1.74867706298151e-05,-5.4012319853132,0,0.013,0.467543786329367
"ZMAT3","ZMAT3",1.75108770837697e-05,0.531217477784241,0.275,0.21,0.468188320588751
"RIDA","RIDA",1.75380048959943e-05,-0.264901015329705,0.198,0.275,0.468913636904198
"LINC02997","LINC02997",1.76287222776922e-05,-1.41040291316257,0.032,0.067,0.471339147538655
"ENSG00000282890","ENSG00000282890",1.77301616251588e-05,1.14419016537636,0.107,0.064,0.474051331371871
"MEGF6","MEGF6",1.78356383502423e-05,-1.04113908567269,0.033,0.068,0.476871462570427
"SLC38A4-AS1","SLC38A4-AS1",1.79854916255657e-05,-0.401292595135578,0.201,0.272,0.480878089592751
"GTF2E2","GTF2E2",1.80365454830458e-05,-0.503933212923792,0.103,0.159,0.482243116580196
"FBXO25","FBXO25",1.80694180759952e-05,-0.529284436764164,0.108,0.165,0.483122031097885
"FAM219A","FAM219A",1.83032508548403e-05,0.525597989154257,0.264,0.201,0.489374018105864
"ENSG00000285385","ENSG00000285385",1.83130431325141e-05,-0.661283585174257,0.038,0.076,0.48963583423403
"ZFX","ZFX",1.83671668594642e-05,-0.53591796113436,0.123,0.183,0.491082940321494
"NUP188","NUP188",1.84145841827679e-05,0.4719200110533,0.29,0.223,0.492350737294664
"RNMT","RNMT",1.86423725189687e-05,-0.563588931244654,0.153,0.213,0.498441114039667
"PTPRS","PTPRS",1.87371700110153e-05,0.486793614963254,0.377,0.315,0.500975714584517
"C2orf69","C2orf69",1.89536897562673e-05,1.13833051353646,0.121,0.076,0.506764803013319
"LOC158434","LOC158434",1.90881826483617e-05,-0.763569735028417,0.078,0.127,0.510360739469247
"MXI1","MXI1",1.93926040267197e-05,0.259547927342695,0.69,0.661,0.518500053862403
"ODAD2","ODAD2",1.9477846221282e-05,-0.941342619787769,0.02,0.05,0.520779174418417
"ANKRD65","ANKRD65",1.9710074513723e-05,-2.01713958779741,0.008,0.03,0.526988262273413
"ENSG00000259891","ENSG00000259891",1.97815668645349e-05,0.745417798018351,0.117,0.071,0.52889975325707
"CHM","CHM",1.98138981214254e-05,-0.578370919307369,0.153,0.214,0.52976419407255
"C11orf58","C11orf58",1.98506092283285e-05,-0.331844244819816,0.21,0.283,0.53074573893782
"SLC44A3","SLC44A3",1.98669453266513e-05,-0.406888741866752,0.184,0.25,0.531182517198677
"GPC5","GPC5",1.99351120452727e-05,-0.124252035142954,0.991,0.992,0.533005090754456
"LRSAM1","LRSAM1",1.99938678568741e-05,0.432157441125277,0.287,0.218,0.534576044889243
"FAM174A","FAM174A",2.01737888479025e-05,-1.06487568670519,0.037,0.074,0.53938659242637
"GPAM","GPAM",2.02190282967694e-05,-0.307774182703816,0.387,0.48,0.540596159570722
"ENSG00000223546","ENSG00000223546",2.04800440853634e-05,-0.477218921529428,0.113,0.17,0.54757493871036
"HHAT","HHAT",2.06027429967614e-05,-0.414826878835471,0.091,0.145,0.55085553950441
"CLTCL1","CLTCL1",2.0658229977829e-05,-0.458920172468753,0.214,0.286,0.552339094917214
"RDX","RDX",2.07110831135629e-05,-0.327161149913292,0.319,0.396,0.553752229207332
"METTL15","METTL15",2.08579596706466e-05,-0.267385847147095,0.484,0.561,0.557679267714079
"ENSG00000281721","ENSG00000281721",2.08809316679316e-05,-0.678483198416112,0.041,0.08,0.558293470005487
"NRARP","NRARP",2.09957546919719e-05,-1.65064171617149,0.008,0.03,0.561363493199251
"USP9Y","USP9Y",2.10626673081399e-05,-0.329265490835091,0.27,0.347,0.563152535817736
"IGDCC4","IGDCC4",2.11903971857977e-05,0.598161626622857,0.258,0.198,0.566567649556672
"ENSG00000248397","ENSG00000248397",2.12337869928259e-05,2.5015978015228,0.022,0.004,0.567727762827187
"TRIM2","TRIM2",2.12676789205227e-05,-0.225857213186571,0.541,0.617,0.568633931298016
"RAB11FIP3","RAB11FIP3",2.13771077824833e-05,-0.3199389821763,0.309,0.393,0.571559730780256
"PGS1","PGS1",2.13933466047754e-05,0.757858026329817,0.148,0.097,0.57199390817188
"FZD9","FZD9",2.13986211342329e-05,1.77422216325109,0.03,0.008,0.572134933265984
"PNLDC1","PNLDC1",2.16015708492682e-05,2.58237204395993,0.021,0.003,0.577561199796883
"SARDH","SARDH",2.1628539914144e-05,-0.922466389362259,0.014,0.041,0.578282271684468
"ENSG00000268205","ENSG00000268205",2.16321838949992e-05,0.66264179602127,0.295,0.236,0.578379700800593
"SLC20A2","SLC20A2",2.16513475218868e-05,0.255149241696454,0.655,0.621,0.578892078692689
"PIGU","PIGU",2.17470200759663e-05,-0.398622412868417,0.146,0.21,0.581450075771111
"CSDC2","CSDC2",2.19750761502649e-05,0.565424647550265,0.163,0.108,0.587547611029633
"ENSG00000250049","ENSG00000250049",2.20197736936403e-05,-0.974961520279933,0.029,0.062,0.588742689246862
"CHAC1","CHAC1",2.20310066706424e-05,3.81636761576179,0.014,0.001,0.589043025352965
"ZNF833P","ZNF833P",2.22145782492772e-05,-2.3958366992696,0.004,0.023,0.593951178650925
"PIGK","PIGK",2.23706992753094e-05,-0.618474272871307,0.062,0.108,0.598125386523946
"GLDN","GLDN",2.26489229498128e-05,-2.30977157438632,0.006,0.026,0.605564252909145
"ENSG00000271774","ENSG00000271774",2.26679345620927e-05,0.757470352978245,0.157,0.105,0.606072566386672
"NOL4","NOL4",2.27117768550529e-05,-0.417161411569848,0.326,0.393,0.60724477777355
"RNF6","RNF6",2.29093095925256e-05,0.937025649274303,0.077,0.04,0.612526210575357
"DNMT3A","DNMT3A",2.29692940138313e-05,0.518854654789212,0.357,0.297,0.614130014047807
"ZC3H8","ZC3H8",2.30516226154925e-05,-0.633226024231713,0.107,0.161,0.616331233870424
"CPQ","CPQ",2.30669052033607e-05,-0.208630799301198,0.551,0.621,0.616739844422256
"YOD1","YOD1",2.3076033876191e-05,0.925835350885836,0.092,0.051,0.61698391774772
"SDK1","SDK1",2.30850004250311e-05,0.785155272326242,0.123,0.076,0.617223656364057
"HERC6","HERC6",2.31814277951727e-05,-0.80924696984727,0.037,0.073,0.619801834959532
"MFGE8","MFGE8",2.34090819936788e-05,0.695872144089373,0.231,0.174,0.62588862526499
"LINC00240","LINC00240",2.34165187368056e-05,-0.699703243496942,0.052,0.093,0.626087461465971
"PRPF31","PRPF31",2.35934211880118e-05,0.663619064207249,0.125,0.077,0.630817302303871
"ATF1","ATF1",2.36761831023133e-05,0.759671673706313,0.183,0.128,0.633030107606549
"LINC01567","LINC01567",2.40177321013854e-05,1.06650374457683,0.082,0.044,0.642162103194741
"PTPN7","PTPN7",2.41504300001545e-05,-1.01133473768479,0.014,0.039,0.645710046914132
"IGSF1","IGSF1",2.45491984742335e-05,-1.22710359077183,0.03,0.064,0.656371919605581
"TMEM181","TMEM181",2.47470144805946e-05,0.526059322033781,0.215,0.155,0.661660926167658
"THNSL1","THNSL1",2.49224546149998e-05,-1.84097363120054,0.012,0.037,0.666351669041249
"NT5DC3","NT5DC3",2.51359816056412e-05,-0.525645233066367,0.072,0.119,0.672060740190027
"TYW1","TYW1",2.53919927303856e-05,-0.369038143961979,0.228,0.304,0.678905709632321
"CFAP210","CFAP210",2.55683601460061e-05,-0.782269764743219,0.037,0.074,0.683621245223766
"GNPTG","GNPTG",2.56645993316927e-05,-0.438090486284543,0.103,0.158,0.686194392331468
"DDIT4","DDIT4",2.6071962808739e-05,-0.50536313408185,0.402,0.456,0.697086069617256
"NKX2-2","NKX2-2",2.64292737624433e-05,-0.69512470635237,0.037,0.073,0.706639492586445
"GRM1","GRM1",2.78441331547675e-05,-0.982105901866572,0.039,0.075,0.744468588159018
"SPINDOC","SPINDOC",2.7854943546361e-05,0.81291765187224,0.078,0.041,0.744757625599054
"HNRNPC","HNRNPC",2.79712565565217e-05,-0.262118774100292,0.357,0.436,0.747867486551721
"FBXW2","FBXW2",2.81798426987086e-05,-0.57951155765324,0.102,0.155,0.753444454235373
"PPP1R3B","PPP1R3B",2.83944497007107e-05,2.03061593118968,0.039,0.014,0.759182401647903
"ENSG00000251448","ENSG00000251448",2.84821138968485e-05,-1.64630552542643,0.002,0.018,0.761526279260038
"DDRGK1","DDRGK1",2.90575605921578e-05,0.757222487218156,0.134,0.086,0.776911997552523
"LNCOC1","LNCOC1",2.90934299421176e-05,-1.92591966462917,0.011,0.035,0.777871036362398
"HDAC8","HDAC8",2.94044925510497e-05,-0.374398948023868,0.389,0.461,0.786187917337416
"RAI1","RAI1",2.95943183887438e-05,0.609179748478559,0.224,0.166,0.791263290759842
"PKN2","PKN2",2.96052976711702e-05,-0.227183561094417,0.463,0.544,0.791556843834077
"PCMTD1","PCMTD1",2.9722520906011e-05,-0.340367099929443,0.329,0.403,0.794691041464017
"COL4A4","COL4A4",2.98417733670259e-05,-0.85588420154104,0.022,0.051,0.797879494514171
"MARK4","MARK4",2.98749435788314e-05,0.519486221623953,0.328,0.266,0.798766366467216
"GEN1","GEN1",2.98900186552482e-05,-0.924572569145911,0.023,0.053,0.799169428785372
"TMEM132A","TMEM132A",2.99736720305319e-05,0.498754776275705,0.424,0.366,0.801406069080332
"CDKAL1","CDKAL1",3.03743829785522e-05,-0.292416135649646,0.51,0.577,0.812119877697551
"SQSTM1","SQSTM1",3.05534893117384e-05,0.406415901334031,0.354,0.29,0.81690864372795
"AGA-DT","AGA-DT",3.06215330117557e-05,-0.400548035882081,0.123,0.183,0.818727928135312
"NFATC4","NFATC4",3.06306806521654e-05,0.431545013536108,0.247,0.181,0.818972508596946
"AGO2","AGO2",3.07318157988187e-05,0.35078845492653,0.472,0.409,0.821676559013015
"PIGB","PIGB",3.08454976726475e-05,-0.562072107523148,0.094,0.146,0.824716071273577
"ENSG00000257322","ENSG00000257322",3.09916574102891e-05,-0.748763433376092,0.067,0.113,0.828623944178899
"ENSG00000255109","ENSG00000255109",3.13705519608369e-05,-1.12103849954691,0.024,0.054,0.838754447776897
"CCDC80","CCDC80",3.15660412493776e-05,-0.454686430071323,0.072,0.12,0.843981244884609
"EDA","EDA",3.18231227799802e-05,-0.700750064814528,0.059,0.103,0.85085483376833
"RBIS","RBIS",3.19518960051134e-05,0.810959086750212,0.082,0.044,0.854297843488716
"KNDC1","KNDC1",3.21263633236468e-05,-0.27050939127898,0.359,0.449,0.858962576184345
"SMARCA2","SMARCA2",3.22026365180778e-05,-0.254042763188898,0.661,0.727,0.861001892583845
"AQR","AQR",3.22904917034657e-05,-0.395358771785475,0.238,0.306,0.863350876675563
"B3GALNT1","B3GALNT1",3.24607635045254e-05,-0.843809183251806,0.024,0.055,0.867903433820495
"FAM168A","FAM168A",3.27111815041185e-05,0.284469337354615,0.649,0.611,0.874598859875617
"DAP3","DAP3",3.28358491018089e-05,0.462841727348374,0.3,0.236,0.877932097435065
"LOC124901020","LOC124901020",3.30353958435877e-05,0.771727272191206,0.125,0.078,0.883267378670005
"LOC124909496","LOC124909496",3.32380917875976e-05,-2.188551312983,0.01,0.033,0.888686860124998
"MAP2K3","MAP2K3",3.32789381925515e-05,0.994692405000424,0.085,0.047,0.88977897045425
"ZNRF1","ZNRF1",3.32826141627566e-05,0.666708959771149,0.166,0.113,0.889877254869623
"ENSG00000251613","ENSG00000251613",3.33090721874728e-05,-0.774580726509222,0.029,0.062,0.89058466307646
"SAMD13","SAMD13",3.35083388816329e-05,-1.45643477634856,0.011,0.034,0.89591245667822
"IKBIP","IKBIP",3.38180711246663e-05,2.31989970429562,0.032,0.01,0.904193767660204
"SPTLC3","SPTLC3",3.39503499101639e-05,-0.951442217147012,0.033,0.067,0.907730505548052
"ADAMTS10","ADAMTS10",3.41932565080949e-05,-1.16963504831192,0.017,0.044,0.914225099256934
"ZNF442","ZNF442",3.47649098170013e-05,-1.22912844664813,0.007,0.028,0.929509393777163
"ENSG00000233864","ENSG00000233864",3.47999814053076e-05,-0.586478450383601,0.066,0.111,0.93044710283371
"ENSG00000227769","ENSG00000227769",3.49432377644309e-05,-1.34078673021364,0.011,0.034,0.934277348107589
"SPEN-AS1","SPEN-AS1",3.50713669391627e-05,-0.538411234431822,0.054,0.097,0.937703137852392
"ZNF44","ZNF44",3.52142417120511e-05,-0.458032214215747,0.193,0.258,0.941523180655109
"SLC16A4","SLC16A4",3.54727675234507e-05,1.62855742295735,0.046,0.019,0.948435385274501
"LINC02556","LINC02556",3.59316082047859e-05,2.19554844428296,0.019,0.003,0.960703408571361
"GPR137B","GPR137B",3.59717134657969e-05,0.529550191117895,0.26,0.199,0.961775702935012
"POU5F1","POU5F1",3.68039249655017e-05,1.71115037693208,0.032,0.01,0.98402654180262
"PHF12","PHF12",3.69527414788253e-05,-0.371212532724218,0.148,0.21,0.988005448919353
"LINC01954","LINC01954",3.69696131854722e-05,-2.72937569180207,0.001,0.016,0.98845654773997
"KANSL3","KANSL3",3.69932633067708e-05,-0.332861406385189,0.151,0.215,0.98908888103313
"MGST2","MGST2",3.75131010394986e-05,-0.81043702237217,0.027,0.058,1
"MAPK8","MAPK8",3.77713945366482e-05,-0.282948706405491,0.495,0.563,1
"RMDN2","RMDN2",3.80035118722647e-05,-0.459353779084424,0.101,0.154,1
"SOX8","SOX8",3.81953070333701e-05,0.989434894777268,0.094,0.054,1
"FBXO3","FBXO3",3.85892566255949e-05,-0.509009990803724,0.115,0.169,1
"NMT1","NMT1",3.86202578635437e-05,0.322331822065074,0.482,0.416,1
"PPARGC1A","PPARGC1A",3.86238075427521e-05,-0.250524956259231,0.42,0.506,1
"ARAP2","ARAP2",3.87753490750371e-05,-0.207794497325943,0.687,0.746,1
"CREBBP","CREBBP",3.88777314572966e-05,0.273582765111624,0.578,0.524,1
"ZNF610","ZNF610",3.89566153896889e-05,-0.685275333237652,0.034,0.069,1
"RUVBL2","RUVBL2",3.90492560638153e-05,0.998548907106139,0.069,0.035,1
"NEK3","NEK3",3.92133614183638e-05,-0.490705336964121,0.042,0.08,1
"TMEM116","TMEM116",3.9298404848298e-05,-0.510699847498583,0.077,0.124,1
"GSTA4","GSTA4",3.94533791600894e-05,-0.493904749566183,0.113,0.169,1
"LINC02389","LINC02389",3.95007951839814e-05,-0.900887519525055,0.015,0.041,1
"DIO2","DIO2",3.95204315616688e-05,0.597414198108216,0.181,0.127,1
"USP3","USP3",4.01775637873392e-05,-0.280174374607149,0.375,0.453,1
"LETMD1","LETMD1",4.02837384472495e-05,-0.369417023991135,0.181,0.248,1
"ANO2","ANO2",4.05608920097923e-05,-1.26380232789554,0.014,0.039,1
"SPACA6-AS1","SPACA6-AS1",4.06126684667846e-05,1.22521225896459,0.037,0.013,1
"ENSG00000266202","ENSG00000266202",4.06179943753742e-05,-1.36970851658798,0.014,0.039,1
"FRMD6-AS1","FRMD6-AS1",4.09235454003008e-05,-1.3134015668871,0.018,0.045,1
"GIPC1","GIPC1",4.11492616166146e-05,-0.401726714383043,0.105,0.16,1
"ENSG00000257647","ENSG00000257647",4.14832471270488e-05,1.24965676028284,0.037,0.013,1
"TSPYL2","TSPYL2",4.14933219887184e-05,0.593371234752989,0.238,0.18,1
"PKIA-AS1","PKIA-AS1",4.175596311205e-05,-1.46095699742363,0.009,0.031,1
"GRN","GRN",4.20278157823511e-05,0.769637211391832,0.1,0.058,1
"NCKAP1","NCKAP1",4.24905559422758e-05,-0.253868095539667,0.528,0.595,1
"CSRP1-AS1","CSRP1-AS1",4.2541346123903e-05,0.885765626003803,0.105,0.063,1
"NUP54","NUP54",4.25833895733892e-05,-0.416818439637333,0.09,0.141,1
"NPTX2","NPTX2",4.27092045635516e-05,1.25329049725062,0.032,0.01,1
"LINC02762","LINC02762",4.27814609520094e-05,-0.818063086344889,0.026,0.057,1
"WDR27","WDR27",4.37004290380114e-05,-0.381884710017777,0.2,0.268,1
"YAE1","YAE1",4.38197163723387e-05,0.611938689765344,0.184,0.13,1
"SLC46A3","SLC46A3",4.41150980235012e-05,-0.642120737705347,0.062,0.105,1
"GTF2A1","GTF2A1",4.46091938334871e-05,-0.284381104588175,0.085,0.136,1
"WBP11","WBP11",4.4758530042065e-05,-0.78297579120167,0.037,0.073,1
"RANGAP1","RANGAP1",4.47596084918508e-05,0.793363279184566,0.123,0.077,1
"STRBP","STRBP",4.49101056366508e-05,-0.436720914908985,0.215,0.28,1
"NET1","NET1",4.52895522358525e-05,1.35240761377794,0.062,0.03,1
"SPATA17","SPATA17",4.55885572470871e-05,-0.560097753277185,0.079,0.127,1
"PIAS2","PIAS2",4.56331960419606e-05,-0.315921858307925,0.278,0.349,1
"CUEDC1","CUEDC1",4.56850603056919e-05,0.465344534640575,0.3,0.239,1
"RTN3","RTN3",4.66895925409919e-05,0.351273770539419,0.454,0.39,1
"CIRSR","CIRSR",4.70742807030364e-05,-0.455861744018693,0.138,0.197,1
"CALR","CALR",4.76269462786875e-05,0.662597822925921,0.206,0.154,1
"ENSG00000265542","ENSG00000265542",4.77673656673546e-05,1.96101978148157,0.025,0.006,1
"NKX6-1","NKX6-1",4.7914672972503e-05,3.48186242693789,0.015,0.001,1
"SLC47A1","SLC47A1",4.79322392087891e-05,-1.20821410974157,0.017,0.044,1
"TOP2B","TOP2B",4.83389363078318e-05,-0.239969134283732,0.232,0.31,1
"TMTC1","TMTC1",4.87316720167723e-05,0.274706397306762,0.636,0.601,1
"TXNDC16","TXNDC16",4.87855091172789e-05,-0.62973178463111,0.085,0.133,1
"ERICH1","ERICH1",4.91162352172022e-05,-0.408241633155185,0.093,0.145,1
"UNC13B","UNC13B",4.94050925115353e-05,-0.367513192949394,0.176,0.239,1
"EIF5B","EIF5B",4.9636546915789e-05,-0.469361118362697,0.118,0.173,1
"SLC25A27","SLC25A27",4.99264486437473e-05,-0.335774146419522,0.221,0.29,1
"STOX1","STOX1",5.01600836137014e-05,-0.258959177039654,0.429,0.506,1
"RHBDD3","RHBDD3",5.02509210684845e-05,0.579446807815745,0.194,0.14,1
"ATG4B","ATG4B",5.02730232996932e-05,0.485113318460785,0.315,0.254,1
"ATP6V0A1","ATP6V0A1",5.06823073422883e-05,-0.289570264922123,0.318,0.389,1
"SMG5","SMG5",5.07653903696351e-05,0.649051980492374,0.181,0.129,1
"CPM","CPM",5.08952381709926e-05,0.893854021323902,0.135,0.089,1
"ESYT2","ESYT2",5.13218610781232e-05,-0.484266757183602,0.196,0.259,1
"TMEM192","TMEM192",5.14830696428713e-05,-0.359890206137756,0.145,0.206,1
"NDUFS1","NDUFS1",5.15287680897585e-05,0.356867554352457,0.419,0.354,1
"IRAK2","IRAK2",5.1600080848718e-05,1.02410656962132,0.066,0.033,1
"NOVA1-DT","NOVA1-DT",5.1853618321497e-05,-1.16195777059044,0.022,0.05,1
"NUDT21","NUDT21",5.2466147527889e-05,-0.510562050193669,0.082,0.131,1
"CPNE5","CPNE5",5.25302284834477e-05,0.606098400329765,0.203,0.148,1
"SNTA1","SNTA1",5.26781791856329e-05,-0.186734695421111,0.489,0.573,1
"AGO3","AGO3",5.31147251041092e-05,0.27756701859316,0.601,0.557,1
"CNGA4","CNGA4",5.3516171949601e-05,-1.00905607507257,0.019,0.046,1
"CCND2","CCND2",5.35253643088872e-05,0.977337414646879,0.065,0.033,1
"TERF1","TERF1",5.36811162973092e-05,-0.532890918158766,0.143,0.2,1
"EVL","EVL",5.41094608147027e-05,-0.388337712550186,0.152,0.214,1
"VCAM1","VCAM1",5.44151952715305e-05,-0.742083133013757,0.025,0.055,1
"PHF20L1","PHF20L1",5.46671804891111e-05,-0.273404921133784,0.246,0.317,1
"DNAJC10","DNAJC10",5.49995017932676e-05,-0.388867068932343,0.12,0.177,1
"TMEM185A","TMEM185A",5.52067483492215e-05,-1.10896298728917,0.023,0.052,1
"ENSG00000227610","ENSG00000227610",5.52577656575926e-05,-2.170820913071,0.004,0.02,1
"C16orf74","C16orf74",5.53308564640869e-05,-1.11248281548052,0.013,0.037,1
"SIX4","SIX4",5.56862902971476e-05,2.00515379661739,0.022,0.005,1
"WAS","WAS",5.57532738341127e-05,-1.63952735221592,0.01,0.032,1
"SRSF5","SRSF5",5.5911676784861e-05,-0.304102996965707,0.353,0.435,1
"SLC10A7","SLC10A7",5.59721620343697e-05,-0.35607335263064,0.224,0.293,1
"SHPRH","SHPRH",5.62136883290346e-05,0.403090403723922,0.442,0.389,1
"ENSG00000197210","ENSG00000197210",5.65282858474298e-05,-1.54761799768341,0.004,0.02,1
"MTMR14","MTMR14",5.65528127831307e-05,0.643954326070132,0.199,0.145,1
"LINC01844","LINC01844",5.69258039299537e-05,0.439068443056838,0.259,0.198,1
"ENSG00000250195","ENSG00000250195",5.70595614065633e-05,0.91407419672974,0.093,0.054,1
"TSC22D1","TSC22D1",5.7236334613465e-05,-0.267073979030534,0.42,0.494,1
"MEMO1","MEMO1",5.74284516446617e-05,0.717606880586371,0.108,0.066,1
"CCDC90B","CCDC90B",5.79506369900082e-05,0.650761476659773,0.132,0.085,1
"ENSG00000247970","ENSG00000247970",5.83510221781709e-05,-0.877028721211148,0.02,0.048,1
"MAP3K12","MAP3K12",5.88074395621237e-05,-0.370607987281142,0.095,0.147,1
"DAAM1","DAAM1",5.89619490005543e-05,-0.25517900596731,0.392,0.472,1
"PDYN-AS1","PDYN-AS1",5.9177662160209e-05,1.99117551237391,0.021,0.004,1
"FREM1","FREM1",5.92208733022037e-05,-0.703002406492259,0.03,0.062,1
"GBX2-AS1","GBX2-AS1",5.94492205720254e-05,0.459648514681753,0.219,0.162,1
"ENSG00000236021","ENSG00000236021",5.95720685501512e-05,-0.855179645544608,0.029,0.06,1
"GXYLT2","GXYLT2",5.95846207095356e-05,-0.411091064453281,0.08,0.129,1
"NFAT5","NFAT5",5.96632187621583e-05,0.166463546510813,0.82,0.809,1
"MIR34AHG","MIR34AHG",5.99987736682717e-05,0.947522724312829,0.082,0.046,1
"CPEB1-AS1","CPEB1-AS1",6.01366361474903e-05,1.4156023921152,0.054,0.025,1
"TNS2-AS1","TNS2-AS1",6.01382634373281e-05,-0.621581657256644,0.09,0.138,1
"GNAI1","GNAI1",6.01451640973938e-05,-0.525764297663597,0.054,0.094,1
"ENSG00000257239","ENSG00000257239",6.07807581989779e-05,-1.45182169506036,0.012,0.035,1
"RAPGEF4-AS1","RAPGEF4-AS1",6.07873568731599e-05,1.74494748886879,0.018,0.003,1
"FNDC3A","FNDC3A",6.10533840206519e-05,-0.3259629546042,0.295,0.368,1
"SMARCD3","SMARCD3",6.16525813666373e-05,0.56844075922306,0.263,0.207,1
"AKAP7","AKAP7",6.20133360446864e-05,-0.306559059948711,0.239,0.313,1
"ZBTB7A","ZBTB7A",6.20641584626202e-05,0.429902594955513,0.265,0.205,1
"TMEM8B","TMEM8B",6.22770063320598e-05,-0.24884709519932,0.087,0.138,1
"FOXK1","FOXK1",6.24832969653598e-05,0.478507841117632,0.32,0.261,1
"ADAM23","ADAM23",6.2801091828186e-05,-0.485823456585654,0.145,0.201,1
"SPATA6L","SPATA6L",6.31730641380336e-05,-0.362676779602218,0.163,0.223,1
"DHRSX","DHRSX",6.33471722319895e-05,0.3459922455741,0.504,0.445,1
"SOCS2","SOCS2",6.34578778508139e-05,0.973693253240712,0.08,0.044,1
"ARMH4","ARMH4",6.36462570411031e-05,0.399423184797344,0.432,0.38,1
"SP140","SP140",6.38863737532988e-05,-1.02798764407632,0.016,0.041,1
"RELA","RELA",6.40378130056461e-05,0.745766388262281,0.096,0.056,1
"COPS7B","COPS7B",6.45681334417124e-05,-0.38355536995622,0.136,0.195,1
"ENO2","ENO2",6.47373829183192e-05,0.418091185254177,0.213,0.154,1
"TET1","TET1",6.50109747464066e-05,-0.233981046192523,0.216,0.288,1
"ENSG00000267191","ENSG00000267191",6.59117517490596e-05,-0.913601190072982,0.025,0.055,1
"TCP1","TCP1",6.59488917578464e-05,1.00419595493938,0.081,0.045,1
"HERC2","HERC2",6.6130634803991e-05,-0.267675401415736,0.497,0.563,1
"RNF208","RNF208",6.63591989565339e-05,0.920681957796802,0.077,0.041,1
"NBEA","NBEA",6.6642305708983e-05,-0.284116650744202,0.354,0.431,1
"IPO8","IPO8",6.69070267488947e-05,-0.642747806835215,0.106,0.156,1
"ZNF76","ZNF76",6.72927907249829e-05,0.638375312871685,0.18,0.127,1
"GON4L","GON4L",6.7305116590702e-05,-0.321508480975068,0.3,0.376,1
"ADGRB3","ADGRB3",6.74098764947274e-05,-0.129785342147674,0.967,0.976,1
"ENSG00000255835","ENSG00000255835",6.77471162581525e-05,1.22042201207732,0.054,0.025,1
"RHOQ-AS1","RHOQ-AS1",6.81052405969603e-05,1.04664846594121,0.076,0.041,1
"CTTN","CTTN",6.83473192956914e-05,0.446419424694684,0.371,0.312,1
"BRWD3","BRWD3",6.88027188217123e-05,-0.356721172935159,0.179,0.243,1
"MAFF","MAFF",6.88946149144554e-05,1.07047872016694,0.033,0.011,1
"FAR1","FAR1",6.91699402421076e-05,-0.286290843248509,0.3,0.376,1
"WARS2","WARS2",6.91776435633027e-05,-0.451806384114658,0.083,0.131,1
"TSPAN15","TSPAN15",6.99713224634308e-05,-1.20798868491845,0.011,0.034,1
"TTC14-DT","TTC14-DT",7.05508812952813e-05,-1.69414303150524,0.013,0.036,1
"UQCRC2","UQCRC2",7.09224581621178e-05,-0.323985088848513,0.287,0.362,1
"RNF2","RNF2",7.12895400007322e-05,-1.10036561231952,0.023,0.051,1
"SEC24B-AS1","SEC24B-AS1",7.13874930604301e-05,-0.390802680785009,0.065,0.109,1
"OPHN1","OPHN1",7.15538876683494e-05,-0.244845057416796,0.786,0.813,1
"PTPDC1","PTPDC1",7.271796196351e-05,-0.644240277762304,0.065,0.108,1
"ACHE","ACHE",7.27754407251687e-05,1.38588634125946,0.037,0.014,1
"RBMX","RBMX",7.33536639801591e-05,-0.289575711311245,0.382,0.46,1
"ENSG00000257151","ENSG00000257151",7.35575500128978e-05,0.395870114040809,0.392,0.332,1
"VEZT","VEZT",7.39737616752189e-05,-0.327235872279143,0.308,0.38,1
"ATN1","ATN1",7.41015495212844e-05,0.385060355387893,0.384,0.322,1
"RBM48","RBM48",7.41225943222333e-05,0.88326860419013,0.083,0.047,1
"RAB30","RAB30",7.49436060394809e-05,-0.24252076700767,0.411,0.486,1
"PIGC","PIGC",7.50203513570843e-05,-0.511365956936779,0.07,0.113,1
"GPR135","GPR135",7.51016023062457e-05,0.520970947528769,0.173,0.121,1
"TFAP2E","TFAP2E",7.5109143679676e-05,-0.456111716347193,0.034,0.068,1
"CIP2A","CIP2A",7.51180551711637e-05,-1.35068148384429,0.008,0.028,1
"PPIP5K2","PPIP5K2",7.55071151763971e-05,-0.331565605475894,0.206,0.275,1
"ZNRF2","ZNRF2",7.5544117313708e-05,-0.682831687385448,0.122,0.174,1
"ULK2","ULK2",7.63753805200428e-05,-0.315769215894222,0.242,0.311,1
"MYBPC1","MYBPC1",7.63867479972302e-05,-0.284638724745183,0.373,0.448,1
"SYNCRIP","SYNCRIP",7.65245227449395e-05,1.17726781789776,0.039,0.015,1
"RTTN","RTTN",7.65760321793152e-05,-0.631083174260598,0.109,0.159,1
"TMEM117","TMEM117",7.69116245000659e-05,-0.37606043506104,0.277,0.348,1
"LOC102724577","LOC102724577",7.75470414421423e-05,0.42071697828355,0.282,0.219,1
"BDH1","BDH1",7.76480933741168e-05,-0.399359522350889,0.128,0.185,1
"ENSG00000251034","ENSG00000251034",7.79740637830508e-05,-0.490218388560334,0.107,0.158,1
"ARHGAP26","ARHGAP26",7.80272496237032e-05,0.15428299647872,0.9,0.894,1
"NR3C2","NR3C2",7.83306588677533e-05,-0.302242966376856,0.664,0.697,1
"KDM6B","KDM6B",7.83375696924421e-05,1.06854488150042,0.095,0.057,1
"TAF15","TAF15",7.89262404119728e-05,0.285919026314219,0.569,0.523,1
"BRD4","BRD4",7.92082182824157e-05,0.46532790848052,0.353,0.296,1
"GNAL","GNAL",7.92812443995681e-05,0.708894379495384,0.176,0.124,1
"GPR19","GPR19",7.95572998261374e-05,-0.802886216560887,0.038,0.072,1
"NSUN2","NSUN2",7.99694659586822e-05,-0.46907167815832,0.095,0.145,1
"FBXL4","FBXL4",8.09513608355505e-05,-0.4240116865466,0.206,0.268,1
"LINC02752","LINC02752",8.18059916725427e-05,-5.1852353618198,0,0.011,1
"CLSTN1","CLSTN1",8.2079775874802e-05,0.422784009274207,0.391,0.33,1
"PRNP","PRNP",8.21012386413705e-05,0.460725313092288,0.32,0.259,1
"ARL15","ARL15",8.29293238829138e-05,0.643378046003994,0.158,0.11,1
"MIER2","MIER2",8.32967559483492e-05,0.85684914704856,0.083,0.047,1
"MED14","MED14",8.35860057571866e-05,-0.445663971636416,0.161,0.22,1
"ACAA2","ACAA2",8.39478396677684e-05,-0.73245390819879,0.029,0.059,1
"LINC00506","LINC00506",8.4159873422948e-05,-0.7191884616734,0.015,0.039,1
"ST3GAL5","ST3GAL5",8.48450619496058e-05,-0.331414095843368,0.162,0.223,1
"CNP","CNP",8.54096018099339e-05,-0.414902302150495,0.127,0.183,1
"MORF4L2","MORF4L2",8.59401703472681e-05,0.615116840973318,0.189,0.137,1
"PPM1K-DT","PPM1K-DT",8.73964884268503e-05,-0.359473289444507,0.083,0.131,1
"AGAP3","AGAP3",8.74711811578038e-05,0.485521621338008,0.196,0.142,1
"PCSK1N","PCSK1N",8.77327802319195e-05,-0.335966056237916,0.102,0.152,1
"AGK-DT","AGK-DT",8.77853269503735e-05,-0.593075995052882,0.045,0.082,1
"ENSG00000172014","ENSG00000172014",8.8236751189335e-05,-2.21511208081223,0.005,0.022,1
"SHISA3","SHISA3",8.92014324745454e-05,2.2677671148302,0.022,0.005,1
"PNMA8C","PNMA8C",8.9284150215207e-05,-1.61798249968884,0.006,0.024,1
"PARP11","PARP11",8.95213184401151e-05,-0.691137099051325,0.071,0.113,1
"DMXL1","DMXL1",8.97179437656858e-05,-0.280249643028832,0.378,0.445,1
"TRMT61B","TRMT61B",9.03937698121575e-05,-0.529520397150011,0.087,0.133,1
"GPR158","GPR158",9.11486505967832e-05,-0.3946543156767,0.196,0.26,1
"PPP1R2","PPP1R2",9.13854006082888e-05,-0.554714234699968,0.049,0.086,1
"METTL24","METTL24",9.15554507007729e-05,-0.562922778975073,0.085,0.131,1
"DHX36","DHX36",9.16791437673996e-05,-0.308769532319312,0.249,0.318,1
"IQCE","IQCE",9.17923296959391e-05,-0.357148168194016,0.158,0.22,1
"SENP5","SENP5",9.1796795875548e-05,-0.287384292552397,0.25,0.32,1
"ADIPOR2","ADIPOR2",9.20223528842871e-05,0.38242044284503,0.382,0.319,1
"ODAD1","ODAD1",9.25699127615241e-05,2.7911674165168,0.02,0.004,1
"GRIK4","GRIK4",9.30038261018687e-05,-0.236834948260089,0.315,0.385,1
"ENSG00000254561","ENSG00000254561",9.30098637439226e-05,-1.45763688009017,0.005,0.022,1
"POGK","POGK",9.30232656466544e-05,0.650168074916983,0.133,0.088,1
"NINJ1","NINJ1",9.32636714479251e-05,0.857569643425207,0.103,0.063,1
"ALMS1","ALMS1",9.33149193556463e-05,-0.304430415549551,0.252,0.322,1
"DAPK2","DAPK2",9.37510292141709e-05,-1.04862630287962,0.024,0.052,1
"MAP3K14","MAP3K14",9.37857395899824e-05,0.480911780488768,0.292,0.233,1
"KCNJ9","KCNJ9",9.41004545089974e-05,2.59781259869688,0.016,0.002,1
"SLC25A1","SLC25A1",9.42710267989933e-05,0.913799229381196,0.09,0.053,1
"THSD1","THSD1",9.43357387288159e-05,-1.59987657889257,0.011,0.033,1
"CNRIP1","CNRIP1",9.44425686354773e-05,-0.460442546928369,0.057,0.097,1
"LINC00937","LINC00937",9.44549528971686e-05,-0.502542635234527,0.166,0.221,1
"SIDT1","SIDT1",9.45680666012751e-05,0.721526067501001,0.113,0.071,1
"SNRNP70","SNRNP70",9.48192901849288e-05,0.220281540860496,0.644,0.611,1
"VEGFB","VEGFB",9.50059143748572e-05,0.557310480181753,0.203,0.149,1
"KANSL1L","KANSL1L",9.51326554640755e-05,0.310059842374272,0.573,0.543,1
"NUDT2","NUDT2",9.53673363151354e-05,-0.419404530443778,0.049,0.088,1
"PRIMA1","PRIMA1",9.54457059775793e-05,1.55471364063398,0.041,0.017,1
"GNA14-AS1","GNA14-AS1",9.59304310692322e-05,-1.11931572109226,0.027,0.057,1
"IGSF23","IGSF23",9.59674163565834e-05,3.07702464626811,0.017,0.003,1
"LRRC69","LRRC69",9.59700592903339e-05,0.537328659930233,0.114,0.071,1
"ZCCHC2","ZCCHC2",9.60149790760634e-05,0.436130694781604,0.237,0.18,1
"L2HGDH","L2HGDH",9.61065180019015e-05,-0.463167428100712,0.099,0.149,1
"RNF32-DT","RNF32-DT",9.6750891286823e-05,-1.05472024727178,0.016,0.04,1
"RGS12","RGS12",9.68549870871082e-05,-0.261248447757246,0.256,0.328,1
"HACD3","HACD3",9.6921652148864e-05,0.325966509156883,0.535,0.486,1
"LRRC27","LRRC27",9.76149544814545e-05,-0.278052826107464,0.103,0.155,1
"LPXN","LPXN",9.76920663582113e-05,-0.511351847996446,0.095,0.143,1
"NFIA-AS2","NFIA-AS2",9.78827049286055e-05,-1.01599280701522,0.017,0.042,1
"FTL","FTL",9.8018724885798e-05,0.350607624065006,0.574,0.53,1
"PPID","PPID",9.81869000478772e-05,0.880098582258249,0.108,0.067,1
"WHRN","WHRN",9.82519934161307e-05,0.547384174809103,0.251,0.196,1
"ELOVL6","ELOVL6",9.87079334396494e-05,-0.426942137743666,0.211,0.274,1
"SUCLG2","SUCLG2",9.89492196889023e-05,-0.243977126308575,0.315,0.391,1
"TPBG","TPBG",9.9088418525772e-05,2.52220698605352,0.017,0.003,1
"RNF103-CHMP3","RNF103-CHMP3",9.91452328312276e-05,-0.813844395978192,0.047,0.084,1
"MAPRE3","MAPRE3",9.94160798079119e-05,0.483750846678246,0.254,0.197,1
"DFFA","DFFA",9.99669794013214e-05,0.73490679729504,0.127,0.083,1
"SMYD3","SMYD3",0.000100074350367586,-0.269991700203839,0.745,0.77,1
"ERBB4","ERBB4",0.000100084731724822,-0.113237750997405,0.986,0.988,1
"ENSG00000273217","ENSG00000273217",0.000100181212068535,2.04727331999897,0.019,0.003,1
"FAM135B","FAM135B",0.000100816548205916,0.71115967112682,0.306,0.263,1
"TMEM209","TMEM209",0.000101246939072296,-0.576575310885826,0.055,0.094,1
"TRAPPC2","TRAPPC2",0.000101407826946924,1.13294670408741,0.066,0.035,1
"SUFU","SUFU",0.000101517576620217,0.444796277257051,0.31,0.252,1
"SCYL2","SCYL2",0.000101651001962079,-0.465106888761329,0.146,0.202,1
"LZTR1","LZTR1",0.000101674674645084,0.774851508112932,0.135,0.091,1
"FAM107B","FAM107B",0.000102016581168212,0.787022755168054,0.11,0.069,1
"CAMK2B","CAMK2B",0.000102896394052516,-0.255679856332958,0.363,0.44,1
"NAPEPLD","NAPEPLD",0.000103178232405713,-0.506247089894979,0.151,0.207,1
"ID2-AS1","ID2-AS1",0.000104071127143003,-0.880796380575765,0.017,0.042,1
"DDX11-AS1","DDX11-AS1",0.000104604281171253,1.47780347816384,0.029,0.009,1
"FBXW4","FBXW4",0.000104923992414833,-0.318523399521728,0.291,0.362,1
"KLHL17","KLHL17",0.000105536134393783,1.38159834244536,0.034,0.012,1
"ENSG00000227757","ENSG00000227757",0.000105973585884017,-1.39751434612224,0.022,0.049,1
"NDRG1","NDRG1",0.000106359484689587,-0.440127399814753,0.152,0.21,1
"MTUS1-DT","MTUS1-DT",0.000106551359490488,-0.262469063157953,0.576,0.638,1
"NHERF1","NHERF1",0.000106641936411902,-0.508944974972861,0.115,0.166,1
"SLC16A6","SLC16A6",0.000106808533724587,-1.33982853903651,0.009,0.028,1
"LINC02226","LINC02226",0.000107059806240741,-0.929924000591223,0.014,0.037,1
"LINC02767","LINC02767",0.000107323393993842,1.64226508089512,0.029,0.009,1
"CASS4","CASS4",0.000107463353449145,1.33553064718998,0.037,0.014,1
"MARCHF5","MARCHF5",0.000107608656382003,0.519808395763603,0.194,0.141,1
"ADAM22","ADAM22",0.000108177373610784,-0.409763272950118,0.212,0.279,1
"GLB1","GLB1",0.000108655971202815,0.558282277517246,0.286,0.23,1
"ENSG00000226605","ENSG00000226605",0.000108798021303287,-1.58490559552141,0.011,0.032,1
"HKDC1","HKDC1",0.000109667887015439,-1.2013509185612,0.016,0.041,1
"STX3","STX3",0.000109669380569159,1.20676776445602,0.029,0.009,1
"LZTFL1","LZTFL1",0.000110049811983108,1.06102975819556,0.077,0.044,1
"ENSG00000249008","ENSG00000249008",0.000110435964333689,-1.60718239043247,0.011,0.032,1
"ZBTB40","ZBTB40",0.000111544481759804,0.579472433882955,0.119,0.075,1
"BMP1","BMP1",0.000112172284953899,0.815040086072977,0.101,0.062,1
"ENSG00000227627","ENSG00000227627",0.000112275314287757,-0.81862244183235,0.047,0.083,1
"ENSG00000279833","ENSG00000279833",0.000112294195663172,1.27718997807567,0.049,0.022,1
"PPP1R14A","PPP1R14A",0.000112460711290512,-0.804459291701966,0.02,0.046,1
"ATAD1","ATAD1",0.000112559655573852,-0.348004270993779,0.201,0.264,1
"ENSG00000279983","ENSG00000279983",0.000112718303230553,-0.719790347406559,0.054,0.093,1
"CRLS1","CRLS1",0.000113382958677847,-0.406292073656573,0.152,0.21,1
"ENSG00000269068","ENSG00000269068",0.00011467908238533,3.09311104269934,0.012,0.001,1
"GRK2","GRK2",0.000115170700264484,0.673743539337856,0.138,0.093,1
"ANO5","ANO5",0.000115354758685093,-0.394352765963074,0.216,0.28,1
"APPL2","APPL2",0.000115564398503259,-0.285121116260466,0.41,0.485,1
"GGT5","GGT5",0.000115919271811719,-0.37371887567473,0.098,0.147,1
"LINC03007","LINC03007",0.000116525609015753,-1.433949116107,0.008,0.027,1
"ADA","ADA",0.000117620916921607,1.71797012043763,0.033,0.012,1
"EGLN3","EGLN3",0.000117966751396236,0.4040549308731,0.672,0.667,1
"ENSG00000227227","ENSG00000227227",0.000118090467890681,1.05973567690666,0.067,0.035,1
"TUT7","TUT7",0.000118296692478682,0.593289406866946,0.204,0.152,1
"ZNF827","ZNF827",0.000118338174089565,-0.205426115288511,0.371,0.45,1
"SLC2A8","SLC2A8",0.000118924246895271,0.978919579510924,0.083,0.048,1
"CFAP43","CFAP43",0.00011934289871103,-0.436856573526323,0.096,0.145,1
"PAK4","PAK4",0.000119395754648385,0.698037113105168,0.135,0.09,1
"ADCY9","ADCY9",0.000119776678619698,0.4204959076049,0.347,0.291,1
"HIF3A","HIF3A",0.000119943996640805,0.196829388478046,0.943,0.951,1
"CPEB2-DT","CPEB2-DT",0.000120737206169656,-1.07416466279783,0.032,0.062,1
"SEMA4F","SEMA4F",0.000121092745419151,-1.60581886977788,0.01,0.03,1
"PGM2L1","PGM2L1",0.00012161794116868,1.6031810186116,0.044,0.019,1
"ZNF358","ZNF358",0.000121636093118316,0.78716201791507,0.089,0.052,1
"ENSG00000275390","ENSG00000275390",0.000123170678058689,-1.71482971807218,0.002,0.016,1
"LOC105371256","LOC105371256",0.000123323636694922,-0.247565024716322,0.52,0.593,1
"PCBD2","PCBD2",0.000123448065403705,-0.3299340854237,0.135,0.191,1
"ENSG00000148362","ENSG00000148362",0.000123715848722748,0.750735274091116,0.101,0.062,1
"PRKRA","PRKRA",0.000123787870347934,0.540672779896812,0.213,0.159,1
"PCMTD1-DT","PCMTD1-DT",0.000125220003690705,-0.515526648450207,0.047,0.084,1
"IQCH","IQCH",0.00012621783036562,-0.224538969906933,0.14,0.197,1
"SLC25A33","SLC25A33",0.000126284559376699,-0.259881187914171,0.299,0.372,1
"NQO1-DT","NQO1-DT",0.000126470231700701,0.943036493138622,0.085,0.05,1
"TOM1L2","TOM1L2",0.000127045198230725,0.240985523322917,0.734,0.716,1
"RC3H1","RC3H1",0.000127345242701864,-0.241402106463025,0.28,0.352,1
"ARX","ARX",0.000127365046576823,-2.51016870918906,0.001,0.012,1
"CCDC112","CCDC112",0.000127734984694342,-0.536791473983418,0.045,0.081,1
"DCHS1","DCHS1",0.000128933674485161,-0.716316777798374,0.044,0.08,1
"NAP1L4","NAP1L4",0.000129498118693265,-0.309055038325185,0.416,0.481,1
"PTGR1","PTGR1",0.000129683921575171,-0.412509359214889,0.052,0.09,1
"HESX1","HESX1",0.000130773776923997,-0.714067488030926,0.016,0.041,1
"ARHGEF3","ARHGEF3",0.000131519384828113,0.48176259290927,0.33,0.272,1
"GSTCD","GSTCD",0.000132092644788006,-0.388089422816257,0.14,0.196,1
"ANKLE2","ANKLE2",0.000132322115023994,-0.378920811105512,0.103,0.154,1
"BRAF","BRAF",0.000132424167137735,-0.214255198424953,0.572,0.636,1
"LINC02987","LINC02987",0.000134313862005766,-0.513843186597768,0.05,0.087,1
"TLL1","TLL1",0.000134546594974952,5.69830527689439,0.01,0,1
"KIF20B","KIF20B",0.000134742038979245,-2.08007524676317,0.006,0.023,1
"APH1B","APH1B",0.00013557637364538,-0.276831160284588,0.164,0.226,1
"TOR1B","TOR1B",0.00013567993505235,1.00486177667955,0.087,0.051,1
"PDGFD","PDGFD",0.000137133586294292,-5.6364741265299,0,0.01,1
"RNF144A","RNF144A",0.000137914472916293,-0.237874835513279,0.267,0.34,1
"CHMP6","CHMP6",0.000138224794314725,0.796433335151683,0.073,0.04,1
"PTGFRN","PTGFRN",0.000138311307301088,-0.75583458580001,0.04,0.073,1
"RFX8","RFX8",0.000139296589816729,-2.10232311586613,0.004,0.019,1
"FDFT1","FDFT1",0.000139742590951995,0.484609846654702,0.335,0.279,1
"TSPAN11","TSPAN11",0.000140424814456548,1.10069031316898,0.037,0.015,1
"CTF1","CTF1",0.000140557942920382,1.26958143869165,0.042,0.018,1
"FXYD7","FXYD7",0.000140954978858911,-0.900163328491874,0.012,0.034,1
"SPRYD7","SPRYD7",0.000141258552583545,0.809723676721186,0.103,0.064,1
"WDFY3","WDFY3",0.000141357068488958,-0.197710761615606,0.686,0.735,1
"LINC00540","LINC00540",0.000141426875495404,-1.77475966890891,0.004,0.019,1
"TUBA1A","TUBA1A",0.000141782229770489,-0.443650541487953,0.18,0.239,1
"AK5","AK5",0.000142539635687618,-1.33312873583337,0.014,0.036,1
"ENSG00000234758","ENSG00000234758",0.00014296697602529,-1.76363689544527,0.005,0.021,1
"EGF","EGF",0.000143331461085283,1.1886225446072,0.084,0.05,1
"INTS3","INTS3",0.000143959145704152,-0.315021785813913,0.181,0.241,1
"COL6A2","COL6A2",0.000144273693378392,2.04104981250112,0.026,0.008,1
"ELP4-AS1","ELP4-AS1",0.000145393575116028,-1.3790134735672,0.024,0.05,1
"KCNK1","KCNK1",0.000146731122327521,0.935970031325259,0.061,0.031,1
"TTC14","TTC14",0.000146914777146191,-0.215259755003138,0.335,0.418,1
"MLC1","MLC1",0.000147095317290868,-0.162312741998597,0.245,0.324,1
"FOXK2","FOXK2",0.000147505803860498,0.448261183344988,0.32,0.261,1
"DPAGT1","DPAGT1",0.000147933525246835,1.14115258462237,0.055,0.027,1
"TUBGCP5","TUBGCP5",0.000148797099771771,-0.483343518700959,0.071,0.113,1
"DDX25","DDX25",0.000149981053298144,-0.637763150375976,0.064,0.104,1
"ARRB1","ARRB1",0.000150045501881679,0.366915932115191,0.518,0.474,1
"PPM1D","PPM1D",0.000150135043068247,0.613975062628924,0.146,0.1,1
"EIF2AK2","EIF2AK2",0.000150418446034801,-0.472199073195225,0.142,0.196,1
"POP1","POP1",0.000150964194900248,-0.517327628667674,0.058,0.097,1
"GATM","GATM",0.000151604854823475,-0.376304659062344,0.151,0.207,1
"THBS3","THBS3",0.000151609394374749,-0.82512148164928,0.046,0.08,1
"PTPA","PTPA",0.000152031262426085,0.673990350290004,0.194,0.145,1
"DOP1B","DOP1B",0.000152564661252924,-0.608603884944045,0.059,0.098,1
"CCDC82","CCDC82",0.00015350816013866,-0.397241005558727,0.133,0.186,1
"PSMD12","PSMD12",0.000153509339892566,-0.67945856495253,0.075,0.117,1
"FUS","FUS",0.000153566914770597,-0.267389918206659,0.252,0.322,1
"CDK11B","CDK11B",0.000155325399572522,0.618830573376654,0.136,0.092,1
"ENSG00000232855","ENSG00000232855",0.000156948299416976,-0.496993996066605,0.075,0.118,1
"PAQR3","PAQR3",0.000158344101725796,-0.420325005753248,0.077,0.121,1
"ENSG00000284747","ENSG00000284747",0.000158967081946256,2.64567668563101,0.015,0.002,1
"GNA13","GNA13",0.000159021230479156,0.349786982828046,0.364,0.307,1
"ARHGAP22","ARHGAP22",0.000159273878758372,-0.896046520061097,0.039,0.072,1
"THAP6","THAP6",0.000159349343344913,-0.377147129361464,0.1,0.149,1
"CD59","CD59",0.000159598099324,1.33380502440721,0.046,0.021,1
"ENSG00000245322","ENSG00000245322",0.000160423023881423,-1.06099538916165,0.029,0.057,1
"SS18","SS18",0.000161566701950922,-0.367086559809107,0.184,0.245,1
"ZNF787","ZNF787",0.000161908047938165,0.729640426369118,0.103,0.064,1
"LCNL1","LCNL1",0.000162821584094315,0.483880470442209,0.404,0.352,1
"TMSB4Y","TMSB4Y",0.000163315760777362,-3.1327672605463,0.001,0.014,1
"KLF15","KLF15",0.00016371028009671,0.657605622734897,0.259,0.211,1
"ENSG00000257599","ENSG00000257599",0.000164333214824552,2.36589969224977,0.018,0.003,1
"PLGRKT","PLGRKT",0.000164820050717604,-0.520684892326363,0.091,0.137,1
"CYSTM1","CYSTM1",0.000165832183369176,0.412713667715748,0.363,0.31,1
"SOCS3","SOCS3",0.000165838435777165,1.04518740310424,0.053,0.026,1
"HPN","HPN",0.000166224562834709,0.826237607270117,0.137,0.093,1
"ARFGEF3","ARFGEF3",0.000167290460488694,-0.530210181668949,0.111,0.16,1
"GPR173","GPR173",0.000167579560766447,-0.364924878032071,0.17,0.23,1
"CD34","CD34",0.00016758953400983,1.73418616438119,0.016,0.003,1
"DEPDC4","DEPDC4",0.000168629089656078,-1.49957784819642,0.011,0.031,1
"PLEKHO1","PLEKHO1",0.000168893309736331,-0.598213892115802,0.061,0.1,1
"DBF4B","DBF4B",0.000169658355203507,-0.369214585354872,0.083,0.129,1
"PLA2G4C","PLA2G4C",0.000169721812787951,-0.317946497909181,0.135,0.188,1
"SERPING1","SERPING1",0.000170088579469171,-0.499613965528076,0.062,0.102,1
"IKZF2","IKZF2",0.000171567079101099,-0.338065678228904,0.303,0.364,1
"NPDC1","NPDC1",0.000171701398196011,-0.931324719461874,0.038,0.07,1
"IGSF11","IGSF11",0.000171818240322816,-0.211363807961872,0.611,0.676,1
"COPE","COPE",0.000171959732370337,-0.515879515786251,0.081,0.125,1
"STARD3","STARD3",0.000172227929625235,0.372353038420306,0.466,0.414,1
"TOMM40","TOMM40",0.000172437347892994,0.791230513976152,0.087,0.051,1
"HSF4","HSF4",0.00017244804742457,-0.563208995502925,0.062,0.101,1
"ZNF148","ZNF148",0.000172738998727325,-0.265528529842187,0.414,0.484,1
"SLC24A2","SLC24A2",0.000172839986376072,-0.814406100438585,0.044,0.077,1
"ZNF226","ZNF226",0.000172863533242069,-0.449671733564179,0.092,0.138,1
"ANKRD13C","ANKRD13C",0.000173217265266214,-0.322226615537153,0.228,0.293,1
"BIRC6","BIRC6",0.000174057723278012,-0.225885936998674,0.672,0.73,1
"KIF2A","KIF2A",0.000174090108014725,0.380405358084625,0.398,0.34,1
"ATP5PF","ATP5PF",0.000177292154385259,0.556583370852962,0.169,0.12,1
"ENSG00000228918","ENSG00000228918",0.000177932004704808,-1.71779285095271,0.019,0.043,1
"RAB21","RAB21",0.000178123098711438,-0.373661665036705,0.146,0.202,1
"SCIMP","SCIMP",0.000178492509522006,-1.25035075032031,0.014,0.037,1
"MTCL1","MTCL1",0.000178524883094241,0.973656738864259,0.063,0.033,1
"TEF","TEF",0.000178912934678712,-0.36261575353508,0.122,0.175,1
"POLN","POLN",0.000179440736339254,0.573461908533881,0.164,0.116,1
"TBC1D2B","TBC1D2B",0.000179552638756493,-0.322011520919009,0.161,0.22,1
"RALGAPA1","RALGAPA1",0.000182569502531361,-0.236246712714946,0.557,0.604,1
"RNASEH2B","RNASEH2B",0.000182684357498711,-0.408582620359277,0.113,0.164,1
"KIAA0753","KIAA0753",0.000183077428527841,-0.45649300607166,0.143,0.196,1
"LOC101927692","LOC101927692",0.000183291835162371,-1.01981301890697,0.029,0.058,1
"DDX60L","DDX60L",0.0001854487984228,-0.7623740223782,0.019,0.044,1
"CEMIP","CEMIP",0.000185719993301593,-0.665035915424245,0.064,0.104,1
"ENSG00000248528","ENSG00000248528",0.000186718639185996,-0.490088337009538,0.085,0.13,1
"NEK1","NEK1",0.000186766745157141,-0.320269741478485,0.479,0.542,1
"SLC35E4","SLC35E4",0.000187031679490631,0.796624280602426,0.101,0.063,1
"ENSG00000263033","ENSG00000263033",0.000187360283279965,-0.747898448791942,0.058,0.095,1
"ASXL2","ASXL2",0.000188327635070928,0.349360128909299,0.453,0.404,1
"ERCC6L2-AS1","ERCC6L2-AS1",0.000188996099655945,-0.459274125730892,0.199,0.256,1
"ENSG00000250101","ENSG00000250101",0.00018949626531447,-1.29789070629206,0.007,0.025,1
"ZDHHC13","ZDHHC13",0.000190208677322384,-0.567679504127922,0.049,0.084,1
"GALC","GALC",0.00019109422172921,-0.469700524926222,0.121,0.17,1
"B3GALNT2","B3GALNT2",0.000192172207089045,-0.333449256541427,0.194,0.256,1
"SFXN2","SFXN2",0.000192502365925281,-0.556986873275678,0.034,0.064,1
"FAM228B","FAM228B",0.000192764729340836,-0.39900746907409,0.146,0.201,1
"ENSG00000237640","ENSG00000237640",0.000193775278701386,-2.6955056393154,0.002,0.015,1
"ENSG00000228010","ENSG00000228010",0.00019417517666559,-0.640758317473613,0.062,0.1,1
"TBC1D30","TBC1D30",0.000194830134596188,-0.487293389888346,0.054,0.092,1
"ACP3","ACP3",0.000194864953077447,-2.66432744990857,0.002,0.015,1
"LZTS3","LZTS3",0.000195032144123818,0.875736593532921,0.12,0.08,1
"BSN","BSN",0.000195851332205608,-0.813369815928855,0.042,0.075,1
"SPTLC1","SPTLC1",0.000196060429622293,-0.501773685137068,0.133,0.184,1
"SGO2","SGO2",0.000197414691563105,-0.872214210758443,0.026,0.053,1
"SERPINA5","SERPINA5",0.000197437935070396,3.42962082576115,0.011,0.001,1
"HRH4","HRH4",0.000198512230359459,2.87871462750572,0.011,0.001,1
"SLC16A9","SLC16A9",0.000198997753773958,-0.337914351028081,0.373,0.438,1
"NUMBL","NUMBL",0.000199830685119268,0.589334621839309,0.179,0.131,1
"FGL1","FGL1",0.000199952031473012,-2.07479333027546,0.002,0.015,1
"SPOP","SPOP",0.000200169086872301,-0.310818230317581,0.258,0.324,1
"MTERF2","MTERF2",0.000200837372055732,-0.579940771549084,0.071,0.111,1
"KIF16B","KIF16B",0.000201155881308576,-0.285111243264628,0.288,0.355,1
"PLXNA3","PLXNA3",0.000201794848162896,0.464369713933132,0.106,0.066,1
"ERMARD","ERMARD",0.00020204838614192,-0.385567331321099,0.094,0.14,1
"SMG6","SMG6",0.000202762379785365,-0.306346529849807,0.333,0.398,1
"PDE6D","PDE6D",0.0002028065612917,0.712025563341802,0.166,0.12,1
"IQGAP1","IQGAP1",0.000202843252358019,0.439935890166058,0.318,0.261,1
"RBM3","RBM3",0.000202905391443732,-0.564027672089117,0.051,0.087,1
"IGSF10","IGSF10",0.000203747184872369,1.08177074746072,0.065,0.035,1
"ANKRD13D","ANKRD13D",0.000204142657494742,0.604390560375611,0.181,0.133,1
"CPXM2","CPXM2",0.000205127559855864,-0.243479664088226,0.154,0.214,1
"COL12A1","COL12A1",0.000206222264115444,1.12376780336067,0.108,0.07,1
"IGFBP7-AS1","IGFBP7-AS1",0.000206850170253756,-1.23811304214248,0.006,0.024,1
"PTK2B","PTK2B",0.000207046314802737,-0.457476359360808,0.072,0.113,1
"KLHL23","KLHL23",0.000207948724745214,-0.345625880107545,0.226,0.289,1
"NHSL2","NHSL2",0.000208575722036914,1.05710251389485,0.086,0.052,1
"TOGARAM2","TOGARAM2",0.000209112912827337,0.295772333850445,0.532,0.491,1
"SCRN1","SCRN1",0.000209681944657664,-0.283662009548104,0.303,0.376,1
"MACROD2","MACROD2",0.000210436930929126,0.368968784563283,0.705,0.693,1
"PCSK4","PCSK4",0.000212189860293858,0.761537268881898,0.115,0.075,1
"MMP28","MMP28",0.000212812731740959,-0.183234241668748,0.322,0.405,1
"PCNX1","PCNX1",0.000212975500981332,-0.239779606017607,0.457,0.531,1
"APAF1","APAF1",0.000213020975741886,-0.71567455340566,0.049,0.084,1
"CWF19L1","CWF19L1",0.000213447045323431,-0.575460729004761,0.075,0.116,1
"PABIR3","PABIR3",0.000214184865610656,-0.675074276238278,0.068,0.107,1
"ENSG00000260495","ENSG00000260495",0.000214273438002507,-0.619095899503984,0.029,0.057,1
"ENSG00000249141","ENSG00000249141",0.000214321771651595,1.2350024330923,0.053,0.026,1
"SLC25A46","SLC25A46",0.000215374264905715,-0.410027231458764,0.144,0.198,1
"NHS","NHS",0.000217066864916854,1.57007814623614,0.048,0.023,1
"SSH2","SSH2",0.000217729844963446,0.312339189499051,0.516,0.467,1
"NIN","NIN",0.000217969858371535,-0.198664963579936,0.36,0.44,1
"ENSG00000258631","ENSG00000258631",0.000217985221457656,-0.336226216639685,0.26,0.324,1
"CAMTA2","CAMTA2",0.000218657544213318,0.603446112363785,0.127,0.084,1
"ZC3H12B","ZC3H12B",0.00021876512836832,-0.723488717615759,0.047,0.082,1
"DNAI2","DNAI2",0.000219878736408192,-2.04270389519436,0.004,0.018,1
"SCRN3","SCRN3",0.000220013461073101,-0.660266464707048,0.065,0.104,1
"ENSG00000267193","ENSG00000267193",0.000220075201378989,-0.440546179232212,0.074,0.116,1
"CEMIP2","CEMIP2",0.000221197760097315,1.04226033029113,0.062,0.033,1
"C2CD4C","C2CD4C",0.00022186367783639,1.5825001689599,0.022,0.006,1
"KLHL21","KLHL21",0.000222097027927329,0.472451415347916,0.229,0.176,1
"PAH","PAH",0.000222229692307516,-1.06594474017856,0.009,0.028,1
"PRDX6","PRDX6",0.000223668959245577,0.421750708423204,0.387,0.331,1
"UBE2E3","UBE2E3",0.000225834196763691,-0.346740279673023,0.332,0.4,1
"HSPA9","HSPA9",0.00022606583630677,0.460144664511969,0.29,0.234,1
"ZNF236","ZNF236",0.000226566710843814,-0.256486969604469,0.187,0.249,1
"LTF","LTF",0.000227478945163538,1.34689119998326,0.035,0.014,1
"SPATS2","SPATS2",0.000227706001891425,0.527893553972391,0.268,0.214,1
"ZNF524","ZNF524",0.000227866133659934,1.28594664262248,0.037,0.015,1
"ENSG00000267519","ENSG00000267519",0.000228334498341129,1.19294979784354,0.044,0.02,1
"ENSG00000260976","ENSG00000260976",0.000230217438092993,-4.81690005185744,0,0.01,1
"LOC107985433","LOC107985433",0.000230217438092993,-4.79519596438514,0,0.01,1
"LOC105371254","LOC105371254",0.000230217438092993,-5.20004410475665,0,0.01,1
"TPCN1","TPCN1",0.000231378682080333,-0.185549032234171,0.676,0.725,1
"TAF1C","TAF1C",0.000231753507665511,0.582591403036369,0.128,0.086,1
"WSCD1","WSCD1",0.000233845092338713,0.900556440766526,0.071,0.039,1
"CCL2","CCL2",0.000234563369348173,2.12227113038393,0.02,0.005,1
"SNX27","SNX27",0.00023470444863214,0.473055274678467,0.256,0.203,1
"ZZEF1","ZZEF1",0.000235949585272092,-0.330049131205292,0.25,0.315,1
"SCN1B","SCN1B",0.000236139584478144,0.567589685884697,0.083,0.048,1
"EPRS1","EPRS1",0.000236983057691411,0.41865658552728,0.258,0.203,1
"FAM169A","FAM169A",0.000238662698015426,-0.339120498730426,0.215,0.274,1
"CACNA1D","CACNA1D",0.000239723038489402,0.852310084440911,0.154,0.111,1
"TMCC3","TMCC3",0.00023994642075242,0.987631594271206,0.082,0.048,1
"STC2","STC2",0.000240579620526522,1.61509513629278,0.02,0.005,1
"ANKDD1B","ANKDD1B",0.000240747672440849,1.93188428267911,0.027,0.009,1
"PLEKHA7","PLEKHA7",0.000240986225896719,0.287897164558208,0.548,0.514,1
"DNAJC24","DNAJC24",0.000241222198611678,-0.775174742676605,0.072,0.111,1
"ST13","ST13",0.000241231139711276,0.63516648373912,0.198,0.15,1
"ZFAND1","ZFAND1",0.000241528162659465,-0.584305069231782,0.049,0.084,1
"PIM3","PIM3",0.000242505978099722,0.702488923382499,0.07,0.039,1
"CEBPD","CEBPD",0.000242935502352144,-0.562141381548403,0.18,0.235,1
"JPX","JPX",0.00024313377665564,-0.285389020280498,0.467,0.535,1
"PJA2","PJA2",0.00024401162151366,-0.293989306279401,0.256,0.322,1
"IRF2","IRF2",0.000244050054717631,-0.271473989583777,0.305,0.371,1
"CFAP54","CFAP54",0.00024485562111364,-0.237471244494238,0.252,0.321,1
"MGAT4B","MGAT4B",0.000245252897563501,0.650039811437413,0.066,0.035,1
"TTC29","TTC29",0.000245418430203103,-1.05120317266159,0.021,0.046,1
"LRP12","LRP12",0.000246220630549194,-0.642144888982273,0.102,0.146,1
"TCEAL1","TCEAL1",0.000246476047629633,0.675935043538207,0.06,0.031,1
"PRKACB","PRKACB",0.000246482596907083,-0.250893951789129,0.371,0.44,1
"SELENBP1","SELENBP1",0.000247356542054003,0.482106583412384,0.182,0.133,1
"ROCK2","ROCK2",0.000247559203329165,0.429241082929402,0.373,0.322,1
"COL11A1","COL11A1",0.000248032752087066,-0.262264055646878,0.249,0.315,1
"NANOG","NANOG",0.000250767962479502,-1.89124762201501,0.008,0.026,1
"ARID4B","ARID4B",0.00025214884809464,-0.242177577808502,0.51,0.573,1
"ENSG00000267058","ENSG00000267058",0.00025241153869581,-1.29976917813412,0.011,0.03,1
"SEC63","SEC63",0.000252817810803367,-0.394696028692054,0.187,0.244,1
"LNCSRLR","LNCSRLR",0.000252832167100005,0.517942441856428,0.08,0.046,1
"HSPB9","HSPB9",0.000253711501273431,2.09714268669266,0.019,0.004,1
"CTSL","CTSL",0.000254943624257394,-0.728028151175477,0.04,0.072,1
"GPR161","GPR161",0.00025584187182575,-0.60008498393497,0.062,0.1,1
"MED22","MED22",0.000256620724670603,1.07701515243549,0.067,0.037,1
"HNF4G","HNF4G",0.000256636955610858,-0.466896376620534,0.132,0.183,1
"ENSG00000230910","ENSG00000230910",0.000258782830679609,-0.337492853336221,0.233,0.295,1
"NECTIN3","NECTIN3",0.000261261365429695,0.443932457293812,0.326,0.277,1
"PIAS4","PIAS4",0.000262955262040494,0.629397824564067,0.172,0.125,1
"HSPD1","HSPD1",0.00026536123510622,0.3867113152892,0.194,0.145,1
"CHRFAM7A","CHRFAM7A",0.00026582277352122,-1.03401692420066,0.008,0.026,1
"HMGN3","HMGN3",0.000265989348484858,0.387416655060098,0.367,0.311,1
"NCR3LG1","NCR3LG1",0.000266687090013359,-1.68768307212262,0.01,0.029,1
"S100A4","S100A4",0.000267914135614848,2.6939623836743,0.014,0.002,1
"FBXL7","FBXL7",0.000268072781595367,-0.222973825039853,0.813,0.842,1
"NMB","NMB",0.000268834927126061,3.06907717692675,0.016,0.003,1
"ENSG00000267097","ENSG00000267097",0.000269324835539547,-3.2882283143178,0.001,0.013,1
"DICER1","DICER1",0.00026972010787721,-0.249644270971355,0.351,0.422,1
"LTN1","LTN1",0.000269762840312708,-0.389271170360303,0.129,0.18,1
"NDEL1","NDEL1",0.000270168056556482,-0.479195625323245,0.094,0.138,1
"KCND3","KCND3",0.000270250995535306,0.506235739526703,0.367,0.32,1
"FAM131C","FAM131C",0.000270387368689378,0.822817370168297,0.072,0.04,1
"SMIM17","SMIM17",0.00027068284752561,-0.95514916986951,0.016,0.038,1
"ENSG00000236963","ENSG00000236963",0.000271396837516193,2.09445099864423,0.017,0.003,1
"NUP133","NUP133",0.000271405434360175,-0.577906462760835,0.127,0.176,1
"UBXN4","UBXN4",0.000271803057120526,-0.27977516145085,0.289,0.354,1
"MATN2","MATN2",0.000271956958655862,0.440637140925167,0.356,0.304,1
"ENSG00000279082","ENSG00000279082",0.000273507231915873,-1.94641601447723,0.007,0.024,1
"SLC28A2","SLC28A2",0.000273551969620339,-2.9108157405271,0.001,0.013,1
"LINC02231","LINC02231",0.000273879696161629,-2.73689535885178,0.001,0.013,1
"TMEM161A","TMEM161A",0.000274529168732867,0.844725508394558,0.085,0.051,1
"FBXO11","FBXO11",0.000275002035496567,0.295743708468581,0.546,0.503,1
"NOC2L","NOC2L",0.000280237772257026,0.809597166409583,0.076,0.044,1
"SEMA6D","SEMA6D",0.000281489955211344,-0.306244658468227,0.298,0.37,1
"IFI27L2","IFI27L2",0.000282048483832881,0.840446773486079,0.078,0.046,1
"TTN-AS1","TTN-AS1",0.000282322299175747,-0.395696242643827,0.349,0.404,1
"HSCB","HSCB",0.000284112829897845,0.448423161363849,0.212,0.16,1
"GGNBP2","GGNBP2",0.000284290498935176,-0.30598038486107,0.186,0.244,1
"ROBO3","ROBO3",0.000285454207871577,-0.707763325180597,0.092,0.136,1
"NXN","NXN",0.000287155213541771,0.574445754809986,0.152,0.107,1
"COLEC12","COLEC12",0.000288064513596495,-0.303657195567912,0.503,0.571,1
"SC5D","SC5D",0.000288334308096203,-0.791953312129869,0.037,0.068,1
"PIGL","PIGL",0.000289827324440416,-0.336785783197395,0.183,0.239,1
"PPP3CB","PPP3CB",0.000290763921675759,-0.2227611709781,0.287,0.355,1
"GADD45B","GADD45B",0.000294431375332266,-0.86208800515685,0.11,0.153,1
"SIX5","SIX5",0.000296080516302106,0.833756532346905,0.082,0.048,1
"CD9","CD9",0.000296288803892203,-0.41496643023866,0.047,0.081,1
"GOLGA8M","GOLGA8M",0.00029656305144454,-0.741448837348455,0.024,0.05,1
"INSIG1","INSIG1",0.000296577882904652,-0.635317062210643,0.034,0.064,1
"LIMD1","LIMD1",0.00030063565099807,0.710929772765183,0.134,0.092,1
"RNLS","RNLS",0.00030208116416484,-0.312163921977585,0.134,0.187,1
"GOLIM4","GOLIM4",0.000303402176746428,-0.277558730982946,0.376,0.445,1
"COMMD10","COMMD10",0.000303510052842734,-0.333085342050147,0.323,0.385,1
"RUNX1T1","RUNX1T1",0.000305390740974345,-0.303731112457547,0.482,0.541,1
"AFF3","AFF3",0.000305616158224777,-0.545548103491829,0.054,0.091,1
"DCLRE1C","DCLRE1C",0.00030767979701118,0.52229597749646,0.161,0.115,1
"FSIP1","FSIP1",0.000310964437645768,-0.85824090616485,0.034,0.063,1
"HMBS","HMBS",0.000311764568224269,1.1106302575491,0.052,0.026,1
"GPR143","GPR143",0.000312658856546141,-0.596416384577385,0.044,0.077,1
"CXXC4","CXXC4",0.00031385801320297,0.584863070055364,0.108,0.07,1
"C4orf36.1","C4orf36.1",0.000314467384264429,-0.497451971630341,0.046,0.08,1
"PEX11G","PEX11G",0.0003144922183682,-1.18688652189243,0.006,0.023,1
"ZNF334","ZNF334",0.000314507003446855,-0.317033247315342,0.155,0.21,1
"TECTA","TECTA",0.000314662603973027,-1.65909252296608,0.013,0.033,1
"NUS1","NUS1",0.000316202158489352,-0.618984833575097,0.095,0.138,1
"REEP2","REEP2",0.000317751150050015,0.696088865460455,0.118,0.079,1
"MTHFD2","MTHFD2",0.000318573323007077,0.664282779004284,0.173,0.127,1
"CCDC93","CCDC93",0.00031870455330481,-0.378336924774519,0.239,0.296,1
"RRP7A","RRP7A",0.00032102986488139,0.810641823718122,0.078,0.046,1
"NTN1","NTN1",0.000321078940243882,0.498677825593688,0.29,0.24,1
"ENSG00000249996","ENSG00000249996",0.000321772739413059,-1.64044281393337,0.002,0.015,1
"AKAP12","AKAP12",0.000321827486389466,-1.13779142893219,0.028,0.055,1
"FZD2","FZD2",0.000323266026004021,2.31993492041281,0.021,0.006,1
"KDM4B","KDM4B",0.000325424783262487,0.410740818338125,0.383,0.337,1
"PLCXD3","PLCXD3",0.00032638188561552,1.04020707782643,0.082,0.049,1
"MROCKI","MROCKI",0.000326870212463412,-1.08836754992311,0.011,0.031,1
"PWWP3A","PWWP3A",0.000326993416402875,0.339074207859777,0.444,0.398,1
"TYW2","TYW2",0.000327294831346611,0.984216351677592,0.065,0.035,1
"LINC02506","LINC02506",0.000327372885311688,1.13261997263187,0.034,0.014,1
"NOXA1","NOXA1",0.000327628704804998,-0.693982260633208,0.035,0.065,1
"BASP1-AS1","BASP1-AS1",0.000328220192181635,2.45371903180188,0.021,0.006,1
"SCHLAP1","SCHLAP1",0.000328251682699752,-2.20747749396864,0.006,0.021,1
"FANCM","FANCM",0.000328295374787839,-1.09626439274168,0.021,0.045,1
"MBP","MBP",0.000328953375815882,-0.432123870438043,0.237,0.297,1
"HOOK3","HOOK3",0.000329418974066415,-0.291898805741534,0.295,0.36,1
"ENSG00000271727","ENSG00000271727",0.000329862292552166,-0.816750399288297,0.009,0.028,1
"RAPGEF3","RAPGEF3",0.000330648592021213,-0.274460841418821,0.33,0.399,1
"ENSG00000260041","ENSG00000260041",0.000332278648339334,-1.56373572722385,0.006,0.021,1
"SPACA9","SPACA9",0.000332434341317211,0.692292345604552,0.052,0.026,1
"TARS3","TARS3",0.000333354204670794,-0.313985785892854,0.192,0.252,1
"SLC9A9","SLC9A9",0.000333821640174621,-0.216197819133253,0.68,0.733,1
"PHF1","PHF1",0.0003355443931101,0.478437494220276,0.176,0.128,1
"SERTAD4","SERTAD4",0.000335666050093657,1.23111688280022,0.053,0.027,1
"PEAK1","PEAK1",0.000336202024109944,0.269147202803215,0.532,0.488,1
"LRRFIP2","LRRFIP2",0.000336209712675404,-0.22386922080873,0.395,0.474,1
"TOP6BL","TOP6BL",0.000336380387310739,0.932495387682364,0.1,0.064,1
"ENKUR","ENKUR",0.00033841544760317,-0.428448838069099,0.125,0.174,1
"NTN5","NTN5",0.000338620968717689,-1.23553485887561,0.013,0.033,1
"CMYA5","CMYA5",0.000340196828294708,-0.273860804864564,0.317,0.383,1
"CDK19","CDK19",0.00034020927902783,-0.284677044897385,0.267,0.332,1
"MEX3A","MEX3A",0.000340729733265824,4.10054345724963,0.011,0.001,1
"EPHA4","EPHA4",0.00034083321152358,0.887118583414121,0.103,0.066,1
"SPRED2","SPRED2",0.000341053195946521,0.340054311530214,0.42,0.366,1
"ENSG00000268707","ENSG00000268707",0.000342576439433227,3.21379585147452,0.011,0.001,1
"BOLA3-DT","BOLA3-DT",0.000342900309465909,1.65589536951421,0.021,0.006,1
"CADPS2","CADPS2",0.000343379269745519,0.344699774029785,0.541,0.519,1
"ENSG00000260167","ENSG00000260167",0.000343829539447622,1.03056097687398,0.047,0.022,1
"ENSG00000253300","ENSG00000253300",0.000344918807025623,-2.47254162740426,0.003,0.016,1
"DRC4","DRC4",0.000345113856331925,-0.356491370380474,0.151,0.203,1
"FZD7","FZD7",0.000348543617533962,1.6654280222968,0.037,0.016,1
"SLC16A12","SLC16A12",0.000349619054200988,-1.96733921411408,0.003,0.016,1
"PLAAT1","PLAAT1",0.000350506278594571,-2.36342533755573,0.004,0.017,1
"FSTL4","FSTL4",0.000352626826174798,-1.08233992338094,0.024,0.05,1
"CCDC24","CCDC24",0.00035286022446722,-0.391067972977924,0.075,0.115,1
"ENSG00000272953","ENSG00000272953",0.000353009866768786,-1.18424431253544,0.014,0.035,1
"SMG7","SMG7",0.00035325214555214,-0.291360837049649,0.274,0.337,1
"ATP8B2","ATP8B2",0.000353641016885926,0.551216352453846,0.211,0.162,1
"FOLH1","FOLH1",0.000354732570465735,-1.54679516872498,0.005,0.02,1
"C19orf38","C19orf38",0.000354827692985425,-1.8821682158196,0.004,0.019,1
"LINC01630","LINC01630",0.000356316790722036,-1.12386712376508,0.009,0.026,1
"ELP4","ELP4",0.000356488061427038,-0.259440931535228,0.353,0.42,1
"PPM1A","PPM1A",0.000359243015615985,-0.381656644553968,0.201,0.256,1
"LIPE-AS1","LIPE-AS1",0.000360361665752276,-0.343977116603177,0.168,0.225,1
"CHD2","CHD2",0.000363511178896281,0.284870289811607,0.573,0.54,1
"ENSG00000227598","ENSG00000227598",0.000363608456967236,-1.01784381892274,0.026,0.052,1
"LIPA","LIPA",0.000363646992105048,-0.320321723120794,0.121,0.172,1
"PPP4R3B","PPP4R3B",0.000363883670970518,-0.31339159942288,0.22,0.283,1
"RHOB","RHOB",0.000365991353645622,-0.125537293102384,0.477,0.555,1
"TMEM132E","TMEM132E",0.00036776276671333,0.841762122149547,0.072,0.041,1
"DNMBP-AS1","DNMBP-AS1",0.000368214855743593,-0.602328615627886,0.06,0.097,1
"RNF217-AS1","RNF217-AS1",0.000370435805073124,-0.764202614707706,0.018,0.041,1
"SLC49A4","SLC49A4",0.000371467204221095,-0.305791633781138,0.132,0.184,1
"MFSD8","MFSD8",0.000371681603677383,-0.468275729279305,0.065,0.104,1
"FAM50A","FAM50A",0.000371866353198181,0.598402358857415,0.146,0.102,1
"TCERG1","TCERG1",0.000373784654231611,-0.330971740333663,0.217,0.276,1
"LINC02256","LINC02256",0.000377188737460661,-0.296999291933369,0.29,0.351,1
"MT1E","MT1E",0.000379377051619659,0.285038452553808,0.518,0.466,1
"TFEB","TFEB",0.000379766492981104,0.636931310120784,0.143,0.101,1
"DOT1L","DOT1L",0.000380307034397058,0.775179228691562,0.131,0.091,1
"NUP85","NUP85",0.000381745775468048,-0.482596549797621,0.052,0.086,1
"SORCS3","SORCS3",0.000382410418045124,-1.0152098535579,0.028,0.055,1
"PABPC4","PABPC4",0.000383151315417409,-0.781862760237839,0.06,0.095,1
"CTNNBIP1","CTNNBIP1",0.000385233960977323,-0.346093591856469,0.118,0.166,1
"TMCC2","TMCC2",0.000385934396293868,-0.537660267910728,0.083,0.124,1
"USP13","USP13",0.000385993665802002,-0.258777675325625,0.11,0.159,1
"EFHD1","EFHD1",0.000386229015447686,0.344390756831669,0.368,0.317,1
"DGAT1","DGAT1",0.000386634508312393,0.654496135044129,0.106,0.068,1
"GRIP1","GRIP1",0.000389081457763274,0.616215778385347,0.173,0.128,1
"TMEM158","TMEM158",0.000389131101677033,1.37969297028237,0.019,0.005,1
"PWWP2A","PWWP2A",0.00039006868476406,0.355731018774913,0.317,0.261,1
"CD55","CD55",0.000390639520543092,-1.59604086854341,0.008,0.025,1
"ZBTB7B","ZBTB7B",0.000393438352689319,0.783081850959348,0.087,0.054,1
"ENSG00000229999","ENSG00000229999",0.000395650942670649,1.26218160133979,0.027,0.009,1
"SDC4","SDC4",0.000396389298334834,0.19669791781032,0.799,0.79,1
"SHMT2","SHMT2",0.000396848720542549,0.970496870449395,0.039,0.017,1
"VPS54","VPS54",0.000398437415247475,-0.28125389064881,0.287,0.349,1
"TATDN3","TATDN3",0.000399694833924931,-0.430900917030502,0.072,0.112,1
"CBLB","CBLB",0.000399842724899645,-0.249217882419023,0.319,0.387,1
"LOC124901165","LOC124901165",0.000400114202430699,-1.22033211720043,0.024,0.048,1
"ENSG00000261427","ENSG00000261427",0.000400250592053245,-1.24968996792845,0.012,0.032,1
"VWCE","VWCE",0.000401353756128624,-1.02349632609279,0.017,0.039,1
"TPRN","TPRN",0.000403176813959266,0.963493390939437,0.071,0.041,1
"GFOD2","GFOD2",0.000403344480519904,0.737223113539621,0.063,0.035,1
"PRDM10","PRDM10",0.000404751039389249,-0.542472464206078,0.078,0.118,1
"MARK2","MARK2",0.000404797645766972,0.449298356405424,0.279,0.229,1
"ENSG00000282885","ENSG00000282885",0.000405549091596574,0.408985191466372,0.082,0.048,1
"DYNC2I1","DYNC2I1",0.000405745308498063,-0.240269943903529,0.401,0.472,1
"SPDYA","SPDYA",0.000407103411697731,1.20732167024417,0.051,0.026,1
"ENSG00000249967","ENSG00000249967",0.000407466812710039,0.762955516926836,0.122,0.083,1
"PDXDC1","PDXDC1",0.000408300268101417,0.377726205607197,0.4,0.352,1
"FAM151B","FAM151B",0.000408724984119774,0.747132667913574,0.065,0.035,1
"GRIA4","GRIA4",0.000409448232771608,1.02356737605955,0.126,0.089,1
"BICD2","BICD2",0.000411145557141491,0.748681611423277,0.134,0.094,1
"TP53","TP53",0.000412238184378681,0.465927859021923,0.223,0.171,1
"ENSG00000237940","ENSG00000237940",0.000413013829261042,-1.19238059127022,0.008,0.025,1
"CPVL-AS2","CPVL-AS2",0.000413034818997808,-0.173344405820871,0.351,0.427,1
"ENSG00000260409","ENSG00000260409",0.000413261579764546,1.1517694682647,0.029,0.01,1
"SCGB2B2","SCGB2B2",0.000415721224437957,-0.257050201743109,0.303,0.371,1
"CIAO3","CIAO3",0.000416328793389464,0.586946771094543,0.091,0.056,1
"LOC107985216","LOC107985216",0.000417964309359494,-0.789567765554656,0.023,0.048,1
"MST1","MST1",0.000419116238411563,1.09260889951373,0.072,0.042,1
"LINC03062","LINC03062",0.00041972639642078,-0.500289270956187,0.087,0.129,1
"METTL6","METTL6",0.000420232361070335,-0.367132175342913,0.109,0.156,1
"GLRX3","GLRX3",0.000422795808989075,-0.349719021202995,0.123,0.17,1
"ATP13A2","ATP13A2",0.000423039396359352,0.717149402053908,0.146,0.104,1
"INTS6","INTS6",0.000424184734381036,0.30789691488914,0.422,0.369,1
"TSPOAP1","TSPOAP1",0.00042418497070002,-0.354925697187092,0.203,0.261,1
"ENSG00000261235","ENSG00000261235",0.000424431794909357,1.12313857390177,0.045,0.021,1
"TFAP2C","TFAP2C",0.000427534768828828,3.31122927080484,0.016,0.003,1
"CASP9","CASP9",0.000429221033354005,-0.440537453286417,0.075,0.115,1
"FAM151B-DT","FAM151B-DT",0.000430554677569003,-1.25013183994989,0.007,0.024,1
"SIM2","SIM2",0.000430902099233179,-1.43630067621971,0.007,0.024,1
"TMEM41B","TMEM41B",0.000431977453714925,-0.281147745534768,0.169,0.225,1
"OGDH","OGDH",0.000433688514760992,0.426313787043428,0.381,0.338,1
"DVL1","DVL1",0.000434975399216498,0.568729860142948,0.113,0.073,1
"AHI1","AHI1",0.000435357207822147,-0.204372707922002,0.609,0.668,1
"ZNF106","ZNF106",0.000435992533069207,0.411641183775853,0.33,0.281,1
"MITD1","MITD1",0.0004369438934468,0.615473499643384,0.132,0.091,1
"ENTR1","ENTR1",0.000437471168393813,0.551067411691156,0.101,0.064,1
"PFKFB1","PFKFB1",0.000437621249220792,-1.2936001586674,0.011,0.03,1
"LOC105370169","LOC105370169",0.000440264336223206,0.591388881269208,0.077,0.046,1
"MISP3","MISP3",0.000441689662445216,1.35299004954935,0.041,0.019,1
"MYBPH","MYBPH",0.000443824097817013,2.95913065980146,0.014,0.002,1
"ENSG00000250842","ENSG00000250842",0.000443846567453123,-2.17532638763103,0.006,0.022,1
"KBTBD11","KBTBD11",0.000444467133239813,0.430315430626513,0.232,0.181,1
"PDP1","PDP1",0.000444867460368499,0.76979222592912,0.133,0.093,1
"DAPK1","DAPK1",0.000445036901118165,0.232614810138132,0.624,0.573,1
"GSTO2","GSTO2",0.000445738673260813,-0.454122463556845,0.047,0.08,1
"ENSG00000267014","ENSG00000267014",0.000445977699653436,-0.561031019364288,0.081,0.121,1
"CYP26B1","CYP26B1",0.000446629411941376,2.29550803528848,0.022,0.006,1
"TRIM73","TRIM73",0.000447798389267494,-1.0030502776812,0.019,0.042,1
"DELEC1","DELEC1",0.000448642595097563,-1.57727121486501,0.009,0.027,1
"ILKAP","ILKAP",0.000449381093626142,-0.222350038435002,0.201,0.261,1
"CNOT3","CNOT3",0.000452618616689596,0.779013414550024,0.097,0.062,1
"PPIF","PPIF",0.000454094895728889,-1.01788523454627,0.032,0.059,1
"RFNG","RFNG",0.000454410414934971,0.399076626138032,0.189,0.14,1
"MAGIX","MAGIX",0.000454705864430325,2.11333135235274,0.022,0.006,1
"BTG2","BTG2",0.000455151204704366,-0.767858820360674,0.047,0.079,1
"FAR2-AS1","FAR2-AS1",0.000455202969927745,-1.26432277436315,0.011,0.03,1
"LINC01193","LINC01193",0.000455824062684354,-2.16306399310289,0.001,0.012,1
"LAMA3","LAMA3",0.000457518265299947,-0.785916597623634,0.034,0.063,1
"NME7","NME7",0.000457722997636876,-0.352779043679181,0.266,0.325,1
"PTPRJ","PTPRJ",0.00045778555020326,0.290982461616414,0.384,0.326,1
"NOL9","NOL9",0.000458712175741898,-0.5507114250647,0.072,0.111,1
"ITGA2","ITGA2",0.00046002252709676,-1.81055612892058,0.006,0.022,1
"ENSG00000230506","ENSG00000230506",0.000461356585560008,1.47233300616253,0.034,0.014,1
"CEP162","CEP162",0.000461660882947712,-0.31354456573841,0.171,0.227,1
"GGH","GGH",0.000462862303027391,1.42970203868017,0.044,0.021,1
"DOCK5","DOCK5",0.000466923662966871,0.380341744220842,0.552,0.523,1
"ENSG00000257894","ENSG00000257894",0.000468588754351989,0.74013330822945,0.168,0.125,1
"DUSP18","DUSP18",0.000469912414876718,0.629281941020454,0.183,0.138,1
"TSPAN13","TSPAN13",0.00047006847324286,-1.62265335069794,0.006,0.022,1
"COG6","COG6",0.000470665666506785,-0.294217029821398,0.156,0.21,1
"CARHSP1","CARHSP1",0.000472404308988312,0.719939278731718,0.124,0.085,1
"PSMB9","PSMB9",0.0004736612716336,1.0118998230445,0.038,0.017,1
"LRRIQ1","LRRIQ1",0.00047806475889204,-0.456109807931192,0.139,0.187,1
"MRPS10","MRPS10",0.000481400921940744,-0.494011302746093,0.03,0.057,1
"GREB1","GREB1",0.000483460240153584,-0.440493130330523,0.194,0.249,1
"SNRK","SNRK",0.000483599188516629,-0.303868088934887,0.2,0.255,1
"PDE5A","PDE5A",0.000485691840412802,-0.604930749725913,0.095,0.136,1
"ENSG00000267458","ENSG00000267458",0.000486315584331595,1.00673329604194,0.052,0.027,1
"SMOC1","SMOC1",0.000486414630668266,0.622532874368385,0.269,0.225,1
"LIAT1","LIAT1",0.000487610154075696,1.46491334396569,0.054,0.028,1
"COPG2","COPG2",0.000488861944212779,-0.295671583278677,0.09,0.133,1
"ZNF891","ZNF891",0.000496964744841831,0.65717377979401,0.119,0.08,1
"C20orf96","C20orf96",0.000497297473138927,0.641532209600123,0.107,0.07,1
"ENSG00000266877","ENSG00000266877",0.000497660278162937,1.04799250586151,0.049,0.024,1
"ENSG00000272622","ENSG00000272622",0.000498126902362299,-1.88513123203514,0.006,0.021,1
"LINC01340","LINC01340",0.000503687190278098,-1.39135242525173,0.017,0.039,1
"ARPP21","ARPP21",0.000504705354283501,-0.585445836600551,0.049,0.081,1
"ELP6","ELP6",0.000504817738004518,-0.626930274653805,0.052,0.086,1
"ALG13","ALG13",0.000504938497681464,-0.285304177528188,0.165,0.218,1
"ENSG00000284729","ENSG00000284729",0.000505397389792848,0.716054373503674,0.072,0.042,1
"KHDC1-AS1","KHDC1-AS1",0.000505447620784133,-0.509849212954629,0.064,0.1,1
"CEP78","CEP78",0.000506157004324624,-0.274717546047762,0.147,0.199,1
"PPP2R3B","PPP2R3B",0.000508892028232102,0.752987476753006,0.108,0.072,1
"ARSF","ARSF",0.000511173998191523,-0.346198519187064,0.029,0.057,1
"APTX","APTX",0.000511973750408417,0.494153839621611,0.251,0.201,1
"ENSG00000245768","ENSG00000245768",0.000513595688225892,-0.838023838458053,0.055,0.089,1
"THADA","THADA",0.000514765168319537,-0.21302389262753,0.387,0.45,1
"CPT1C","CPT1C",0.000518920676730061,0.616660167954179,0.087,0.053,1
"SENP6","SENP6",0.000520155056336441,-0.237378661960915,0.509,0.57,1
"MRPS23","MRPS23",0.000525612523712634,-0.875055469586322,0.027,0.052,1
"TRIM28","TRIM28",0.000526532034556276,0.643888389227496,0.133,0.093,1
"POFUT3","POFUT3",0.000527006038803303,0.425940784326554,0.371,0.328,1
"MYSM1","MYSM1",0.000529121316946685,-0.339289272497,0.201,0.259,1
"ENSG00000276087","ENSG00000276087",0.000530558258856505,-1.55968939382954,0.005,0.019,1
"ERCC8","ERCC8",0.000530776695473938,-0.464461745734842,0.118,0.164,1
"EXOC1","EXOC1",0.000530886709471507,-0.266429089657374,0.247,0.311,1
"SLC25A32","SLC25A32",0.000531414150441955,0.678165123841587,0.111,0.074,1
"FHIP1B","FHIP1B",0.000531706429072838,-0.381006796070117,0.09,0.133,1
"UFSP2","UFSP2",0.000531846846342404,-0.580438448480971,0.072,0.11,1
"TLE5","TLE5",0.000531850741765139,0.61775554440938,0.191,0.147,1
"FMO4","FMO4",0.000533023553008534,-0.475406904962416,0.034,0.063,1
"SBF1","SBF1",0.000533106978528093,0.603055139349697,0.103,0.066,1
"SH3GLB2","SH3GLB2",0.000534295008197784,0.612016868538088,0.144,0.102,1
"UBE2V2","UBE2V2",0.000534810745706196,-0.494000030673623,0.08,0.119,1
"NUMB","NUMB",0.000537315249405716,0.283251418609824,0.497,0.456,1
"FAM161A","FAM161A",0.000537979391124377,-0.561318860351591,0.052,0.086,1
"CCDC192","CCDC192",0.000538166853126702,-1.77968100623799,0.005,0.019,1
"ARHGAP27","ARHGAP27",0.000542993787690206,-2.73695830945329,0.003,0.015,1
"S1PR3","S1PR3",0.000544160788748298,1.43824018234333,0.039,0.018,1
"BMP7","BMP7",0.000544222581499976,-0.252512498786678,0.311,0.379,1
"AUP1","AUP1",0.000545815271199848,0.680944825914598,0.136,0.096,1
"UNC93B1","UNC93B1",0.000546217492946421,0.998022061372598,0.064,0.036,1
"FABP7","FABP7",0.000546847983391151,-1.41066888667995,0.005,0.019,1
"KCNA2","KCNA2",0.000547455307317134,0.554516035858889,0.227,0.179,1
"CACNB1","CACNB1",0.000547855155880416,-0.333374252690294,0.08,0.121,1
"ARHGAP1","ARHGAP1",0.000550402732097097,0.457555134451198,0.227,0.178,1
"HS6ST3","HS6ST3",0.000550809397814027,1.08062029907475,0.105,0.071,1
"CEP44","CEP44",0.000551097452130357,-0.469291051701327,0.082,0.122,1
"CCNL1","CCNL1",0.000551582454030867,-0.406784967742728,0.141,0.189,1
"DHFR2","DHFR2",0.000552072921834925,-1.10819452998379,0.024,0.048,1
"RFFL","RFFL",0.000553930905142342,0.870936018212439,0.077,0.046,1
"RTN4IP1","RTN4IP1",0.000554741595398742,-0.578921907320737,0.048,0.08,1
"ZFPM2","ZFPM2",0.000558594479442975,-0.249987417444955,0.489,0.546,1
"ZEB2","ZEB2",0.000560510072375489,-0.315745586992095,0.374,0.443,1
"ENSG00000230510","ENSG00000230510",0.000561257204512304,-0.5187248838712,0.068,0.106,1
"ZNF75D","ZNF75D",0.000561742070159954,-0.42593154095744,0.078,0.118,1
"DIXDC1","DIXDC1",0.000562153025216633,0.402678474967977,0.371,0.324,1
"ENSG00000285082","ENSG00000285082",0.000562867288197116,-0.240218757606858,0.42,0.483,1
"SORD","SORD",0.000563210175729061,0.787591140117779,0.125,0.088,1
"ERBB2","ERBB2",0.000566970915818048,-0.331874045908766,0.108,0.154,1
"ZNF141","ZNF141",0.000568288008497362,-0.441399231815344,0.113,0.157,1
"IDH1","IDH1",0.000568521582377367,-0.376309423036864,0.109,0.155,1
"CRISPLD1","CRISPLD1",0.000569733264977732,-0.337208858451567,0.132,0.18,1
"ENSG00000253116","ENSG00000253116",0.000573274902656698,-1.77134326694673,0.004,0.017,1
"WDR6","WDR6",0.000573480744297994,0.444292465275394,0.32,0.268,1
"RPRD2","RPRD2",0.000574021321675188,-0.23321235575398,0.422,0.492,1
"ADGRL3","ADGRL3",0.000575368399927801,-0.118809792162645,0.956,0.965,1
"CAMK2D","CAMK2D",0.000575590587513068,0.342552791908533,0.533,0.506,1
"TPD52L2","TPD52L2",0.00057598911507103,-0.268949012717413,0.128,0.178,1
"DCPS","DCPS",0.00057804388473341,-0.968299568503282,0.019,0.041,1
"NFATC3","NFATC3",0.000578218660510756,0.403799219997384,0.37,0.321,1
"SLC35D4","SLC35D4",0.000579939334201148,-0.351894865047017,0.274,0.328,1
"LTBP4","LTBP4",0.000580318455686589,1.84621710793285,0.026,0.009,1
"C1QTNF3-AMACR","C1QTNF3-AMACR",0.000580745847762409,-0.37766098225462,0.173,0.226,1
"CLIP4","CLIP4",0.000581023404021574,-0.264036667368249,0.448,0.502,1
"HS3ST1","HS3ST1",0.0005823907506246,1.69647276297497,0.028,0.01,1
"MOB2","MOB2",0.00058399708151604,0.816542940879409,0.1,0.066,1
"CD226","CD226",0.000584035008605722,-0.832644071160677,0.019,0.041,1
"FBXO43","FBXO43",0.000584891727030386,-3.70024996113646,0.001,0.01,1
"TRIM27","TRIM27",0.000585920013800067,0.579154664692292,0.106,0.07,1
"ASB4","ASB4",0.000589699683050375,-0.539735843489979,0.02,0.043,1
"ENSG00000259481","ENSG00000259481",0.000591407512503453,0.43196523632269,0.224,0.174,1
"PITX2","PITX2",0.000591792081380318,-2.69740914514516,0.001,0.01,1
"LDLRAD3","LDLRAD3",0.000592626463105762,0.261467628987046,0.611,0.566,1
"ENSG00000262873","ENSG00000262873",0.000592679681517502,3.49527925568681,0.01,0.001,1
"LOC102723341","LOC102723341",0.000594960450832206,-0.761967677978739,0.027,0.052,1
"CHRM5","CHRM5",0.000595093957323806,-1.073646159319,0.014,0.033,1
"CAPN9","CAPN9",0.000596168357565623,-1.15655984500391,0.008,0.024,1
"INPP5E","INPP5E",0.000597081360764578,0.751844398432785,0.075,0.045,1
"MTSS2","MTSS2",0.000599012530087756,-0.238832843348135,0.569,0.627,1
"DAB2","DAB2",0.000599572338436487,2.15178634981775,0.019,0.005,1
"PIK3CA-DT","PIK3CA-DT",0.000601565200823579,-0.736293528725847,0.03,0.057,1
"ARID4A","ARID4A",0.000604215127356919,-0.303919775683051,0.235,0.293,1
"RANBP3","RANBP3",0.000607160586110551,0.575585534543586,0.15,0.109,1
"ACCS","ACCS",0.000609197544137327,-0.483731623784381,0.049,0.081,1
"DNPEP","DNPEP",0.000609603654209578,0.871944545223136,0.079,0.048,1
"ENSG00000285253","ENSG00000285253",0.000612479259225252,-0.189585290610234,0.161,0.216,1
"NOCT","NOCT",0.000612552838415393,-0.817549120667583,0.044,0.074,1
"DNAAF11","DNAAF11",0.000613399738014384,-0.392627040527074,0.166,0.217,1
"SLC39A8","SLC39A8",0.000615498040173925,-0.6745372303909,0.071,0.107,1
"SPRED3","SPRED3",0.000618210921445548,0.83478991409133,0.053,0.028,1
"SLC66A2","SLC66A2",0.000618374853113341,0.423407792318054,0.275,0.223,1
"ZBTB44-DT","ZBTB44-DT",0.000619231348071476,-0.895026233073182,0.022,0.046,1
"MRPS30-DT","MRPS30-DT",0.000621400274074048,-0.344065118456606,0.084,0.124,1
"NIPAL3","NIPAL3",0.000624115394254651,0.702583908447036,0.11,0.074,1
"GRINA","GRINA",0.000624591534716646,-0.182359266272459,0.285,0.355,1
"ABCC9","ABCC9",0.000628588629048499,-0.341037196107146,0.205,0.261,1
"LRWD1","LRWD1",0.000629344286081782,1.02007914613292,0.042,0.02,1
"MAG","MAG",0.000630054731458729,-1.27465492991818,0.025,0.049,1
"LIMK2","LIMK2",0.000631080949737459,-0.116989315785233,0.276,0.35,1
"CLK4","CLK4",0.000631806857904947,-0.40747613740215,0.144,0.193,1
"KCTD8","KCTD8",0.00063339332485374,0.183695195191357,0.498,0.429,1
"SELENOI","SELENOI",0.000633587586400436,-0.45923911355192,0.107,0.151,1
"DDAH1","DDAH1",0.00063630341866058,-0.225490362689716,0.482,0.557,1
"SCML1","SCML1",0.000639097323743657,-0.817295433063975,0.024,0.048,1
"CRIP3","CRIP3",0.000639353393537104,1.18571532065391,0.028,0.01,1
"FIRRE","FIRRE",0.000640235451539345,-0.50742065539467,0.089,0.129,1
"NMRAL1","NMRAL1",0.000640655060467378,-0.492796540153472,0.06,0.095,1
"GCK","GCK",0.000641251541712374,1.63853523504892,0.022,0.007,1
"BCAN","BCAN",0.000642239851823022,-0.268897654894075,0.249,0.313,1
"P4HB","P4HB",0.000642472772812675,0.454777357450925,0.209,0.16,1
"PKD2","PKD2",0.000642611242823984,-0.327926962930723,0.214,0.271,1
"H2AC6","H2AC6",0.000645549443434976,0.61501940539499,0.121,0.083,1
"PRMT7","PRMT7",0.000646610454111225,-0.291001734649476,0.125,0.174,1
"E2F3","E2F3",0.000647629116437147,-0.297515097823257,0.21,0.268,1
"INTS6L","INTS6L",0.000649881965509468,-0.530508604261024,0.09,0.131,1
"ARSD","ARSD",0.000650913657622778,-0.422957438213995,0.056,0.09,1
"BTBD7","BTBD7",0.000654073797031089,0.336606269328971,0.403,0.346,1
"ZNF83","ZNF83",0.00065537373078934,-0.279589424433195,0.194,0.252,1
"PBX4","PBX4",0.00065858497406115,-0.620870411863502,0.034,0.062,1
"AK8","AK8",0.000659730843482072,-0.178060682065297,0.08,0.122,1
"ENSG00000222017","ENSG00000222017",0.000661004692640166,0.62190809164104,0.101,0.066,1
"TNS1","TNS1",0.00066331749135252,-0.203611709901269,0.278,0.342,1
"PAQR6","PAQR6",0.000665640769528656,-0.297659173051674,0.111,0.158,1
"NFKBIZ","NFKBIZ",0.000667441208151004,0.710620767541223,0.09,0.057,1
"CRTC3-AS1","CRTC3-AS1",0.000668116731889668,-0.80809108401408,0.029,0.055,1
"RGL2","RGL2",0.00067045963875001,0.420036651577022,0.236,0.185,1
"ENSG00000234185","ENSG00000234185",0.000671136702021215,1.47347512478514,0.033,0.014,1
"ZNF765","ZNF765",0.000673834232564245,0.93282080717363,0.058,0.032,1
"TMX1","TMX1",0.000677393909667303,0.488382185856567,0.212,0.164,1
"TRAPPC12","TRAPPC12",0.000679084630397641,-0.20630579669174,0.358,0.431,1
"RAI14","RAI14",0.000680340359709877,-0.478448664413955,0.095,0.136,1
"LANCL1","LANCL1",0.000683907181681613,-0.282829271392567,0.182,0.239,1
"GRK5","GRK5",0.000684198112546144,0.922235335968363,0.074,0.044,1
"ENTPD5","ENTPD5",0.000686135383945323,-0.535934117982884,0.065,0.101,1
"DTNA-AS1","DTNA-AS1",0.00068666876119189,-0.94943698389118,0.011,0.03,1
"MAX-AS1","MAX-AS1",0.000693572890234918,1.67760933209928,0.027,0.01,1
"ENSG00000255968","ENSG00000255968",0.000694121747210674,-0.904003412336608,0.018,0.039,1
"CLK1","CLK1",0.000695113881671323,0.282466515581949,0.336,0.284,1
"LRP8","LRP8",0.000695696515250332,0.659837055947406,0.128,0.089,1
"FASTKD2","FASTKD2",0.000696208823461807,-0.381912678594982,0.066,0.102,1
"ENSG00000226330","ENSG00000226330",0.000700251262140577,1.05762356683647,0.04,0.019,1
"RPRD1B","RPRD1B",0.000700482795505549,-0.467413299407677,0.124,0.169,1
"ELK1","ELK1",0.000701291705042245,0.866540515713052,0.061,0.034,1
"MRGPRF","MRGPRF",0.00070191567707757,3.54435057279929,0.011,0.001,1
"KCNK3","KCNK3",0.000702768292371201,3.54710846095268,0.011,0.001,1
"ALKBH3","ALKBH3",0.000703290382732362,-0.362143252351453,0.08,0.119,1
"ZNF92","ZNF92",0.000703967888151634,-0.71921388861239,0.026,0.05,1
"PNPLA3","PNPLA3",0.000707333323334648,-1.20110388822055,0.02,0.042,1
"SPECC1","SPECC1",0.000709197848889384,0.370790943463983,0.404,0.355,1
"ELOVL7","ELOVL7",0.000709582417716744,0.924060157796636,0.087,0.055,1
"WDFY1","WDFY1",0.000712215054388703,0.529016078559972,0.227,0.18,1
"EOGT","EOGT",0.00071265861974218,-0.590138780745216,0.041,0.071,1
"ENSG00000275910","ENSG00000275910",0.000713075022617601,2.45013243590265,0.011,0.001,1
"ENSG00000273599","ENSG00000273599",0.000713940225924608,2.40151539608211,0.011,0.001,1
"ENSG00000239920","ENSG00000239920",0.000714460248770691,0.491791502791397,0.137,0.096,1
"TTC23L","TTC23L",0.000714914404687316,-0.560053490821621,0.054,0.088,1
"ENSG00000231966","ENSG00000231966",0.000715673559441716,2.42598389832764,0.011,0.001,1
"IPP","IPP",0.000716152266857149,-0.598610721807575,0.082,0.12,1
"GNB2","GNB2",0.00071744697853873,-0.502952202865671,0.084,0.123,1
"ZNF525","ZNF525",0.000718368159494736,-1.48196874513228,0.006,0.021,1
"RNGTT","RNGTT",0.000720605625290413,-0.264740581767142,0.275,0.337,1
"PIGP","PIGP",0.000722242236338947,0.850939880400826,0.09,0.057,1
"ALG2","ALG2",0.000723619383193442,0.700178617712924,0.071,0.041,1
"PIK3R3","PIK3R3",0.000726940661481419,1.71931143364051,0.021,0.006,1
"LINC02936","LINC02936",0.00072706842404073,2.01997689639913,0.016,0.003,1
"GDI2","GDI2",0.000727250531766266,-0.365341168228197,0.137,0.183,1
"RAB11FIP2","RAB11FIP2",0.000727539395048974,-0.33639846791021,0.235,0.29,1
"MAP7","MAP7",0.000731117450707643,-0.171663444829752,0.697,0.75,1
"HLA-DMB","HLA-DMB",0.000731167848758948,-3.46293173980254,0.001,0.012,1
"NOD1","NOD1",0.000731335983213504,-0.447916108513204,0.098,0.14,1
"ABHD10","ABHD10",0.000731657417206164,-0.653281413022338,0.033,0.06,1
"TRPV1","TRPV1",0.000732587088146745,-0.566179198576718,0.054,0.088,1
"RRS1-DT","RRS1-DT",0.000734824223719163,-1.17999760628405,0.014,0.034,1
"LINC00393","LINC00393",0.000736354617951099,-3.71617474745178,0.001,0.012,1
"ELOVL2","ELOVL2",0.000736675684985891,-0.263496251916928,0.191,0.249,1
"FAS","FAS",0.000740247969394368,-0.523307491504876,0.072,0.109,1
"ORC4","ORC4",0.000740484283230836,-0.26168386043505,0.222,0.281,1
"SYCP3","SYCP3",0.0007413737576743,-0.626710478418536,0.035,0.063,1
"SDK2","SDK2",0.000742252477363376,0.704152871174567,0.11,0.075,1
"EPB41L5","EPB41L5",0.000742700827356131,-0.226441295914162,0.315,0.38,1
"PODNL1","PODNL1",0.000745052415598807,-1.61309187778379,0.012,0.03,1
"KDM1A","KDM1A",0.000745530789942654,-0.390389112602731,0.143,0.192,1
"ZNF429","ZNF429",0.00074568532697989,-0.428368460568777,0.079,0.118,1
"GTF2F2","GTF2F2",0.000747553443365022,-0.310203806032626,0.229,0.284,1
"MYO15B","MYO15B",0.000748432478186894,-0.399892331588612,0.139,0.187,1
"SLC12A2-DT","SLC12A2-DT",0.000752397869403972,-0.360298736683464,0.308,0.365,1
"U2AF2","U2AF2",0.000753249178596245,0.626919314200548,0.132,0.093,1
"CRIPT","CRIPT",0.00075371544737834,0.847217806832423,0.081,0.05,1
"PRR5-ARHGAP8","PRR5-ARHGAP8",0.000755884586839455,1.25357052484396,0.041,0.019,1
"WDR93","WDR93",0.00075658888339056,-1.06252389461411,0.019,0.04,1
"OTUD3","OTUD3",0.000756999357606094,-0.392859565462026,0.072,0.109,1
"ENSG00000269110","ENSG00000269110",0.000760435195763948,-0.430549514923041,0.033,0.06,1
"IFITM3","IFITM3",0.000763399375686746,-0.393863486349541,0.119,0.164,1
"PSMD11","PSMD11",0.000765304480349739,-0.352250807569954,0.179,0.232,1
"IRAK4","IRAK4",0.000765778492512018,-0.582483469678111,0.034,0.061,1
"AP4S1","AP4S1",0.000765795581909912,-0.19582519266197,0.09,0.133,1
"CD109","CD109",0.00076595155223751,-0.239367771287744,0.255,0.317,1
"ITPA","ITPA",0.000768771774318788,-0.53428330171399,0.06,0.095,1
"SRSF2","SRSF2",0.000769016788917276,-0.542986686644575,0.098,0.139,1
"EVC2","EVC2",0.000770460721556035,0.755419391994968,0.138,0.1,1
"ATP6V1C1","ATP6V1C1",0.000772806467603387,-0.466853224086329,0.151,0.199,1
"ENSG00000279765","ENSG00000279765",0.000776979947878785,-0.252720414865803,0.303,0.364,1
"CNTNAP4","CNTNAP4",0.00077716122659939,-1.07561588830061,0.014,0.034,1
"LRRC4C","LRRC4C",0.000778538770315881,0.261045100136364,0.783,0.795,1
"SLITRK5","SLITRK5",0.000780887460399811,0.760671854229339,0.189,0.147,1
"SELENOM","SELENOM",0.000783273880251586,-0.337362512504014,0.063,0.099,1
"PVT1","PVT1",0.000784880602298004,-0.397879193471484,0.073,0.111,1
"ENSG00000268081","ENSG00000268081",0.000784969630497872,-0.31878008012909,0.022,0.046,1
"UXS1","UXS1",0.000787447991063212,0.520769654550486,0.142,0.101,1
"ENSG00000225279","ENSG00000225279",0.000788839566041143,1.03841668667751,0.041,0.019,1
"DCAF16","DCAF16",0.000788965766314106,-0.41986330597402,0.075,0.113,1
"FAM181A","FAM181A",0.000790217087694374,-0.685796759478059,0.037,0.064,1
"LIN7B","LIN7B",0.000796949073951136,0.743901792027239,0.075,0.046,1
"GNA14","GNA14",0.000800370978753668,-0.608940363139138,0.239,0.289,1
"AGA","AGA",0.000807707754418103,-0.906403603682716,0.016,0.036,1
"YEATS2","YEATS2",0.000811229697982036,-0.347124622656425,0.222,0.277,1
"KLHL29","KLHL29",0.000813462642953324,0.772203542287144,0.105,0.07,1
"BNIPL","BNIPL",0.000813601627588817,1.77484146963435,0.023,0.008,1
"ENSG00000260118","ENSG00000260118",0.000815912771113208,-1.93175173006919,0.008,0.024,1
"ENOPH1","ENOPH1",0.000816531888291137,-0.647582582024292,0.038,0.066,1
"GSPT2","GSPT2",0.000816658118510789,-0.814410733709506,0.009,0.025,1
"MTIF3","MTIF3",0.000817041112675583,-0.316010812283869,0.108,0.152,1
"SSPOP","SSPOP",0.000818729717643617,0.881427213745993,0.079,0.048,1
"NRAV","NRAV",0.000823180768597408,1.51528030065902,0.023,0.008,1
"LINC02715","LINC02715",0.000828180769430716,-2.96195829214697,0.002,0.013,1
"PCDH1","PCDH1",0.000828191510642022,0.967979446186801,0.073,0.044,1
"RFX2-AS1","RFX2-AS1",0.000829429362057751,2.02116364666411,0.025,0.009,1
"NAA25","NAA25",0.000829694748906111,-0.321696018420038,0.244,0.303,1
"MDC1","MDC1",0.000830633088681234,-0.574758716431839,0.039,0.067,1
"STARD4","STARD4",0.000834729787306155,-1.05763922095826,0.024,0.048,1
"WIF1","WIF1",0.000836311972176636,-2.96689720225492,0.002,0.013,1
"LOC105375523","LOC105375523",0.000841017651655601,-1.48903796158527,0.005,0.019,1
"PIK3CA","PIK3CA",0.000843435484388061,0.440837005689695,0.364,0.315,1
"SLC27A6","SLC27A6",0.000844539774841438,-1.13065903466785,0.023,0.046,1
"DNAJC3-DT","DNAJC3-DT",0.000844721199891246,0.68790701959535,0.098,0.064,1
"ENSG00000261669","ENSG00000261669",0.000847970832407093,0.807344169944556,0.062,0.035,1
"SORL1","SORL1",0.000851253138531416,-0.157591623590152,0.633,0.692,1
"PLOD2","PLOD2",0.000854836715502021,0.201660832318588,0.533,0.497,1
"NELFE","NELFE",0.00085560374510783,0.66984453551173,0.082,0.051,1
"EIF4EBP2","EIF4EBP2",0.00085590693418412,-0.312717442811707,0.192,0.246,1
"A2ML1","A2ML1",0.000857165599176926,0.486363239718738,0.226,0.178,1
"SHC4","SHC4",0.000858350234661584,-0.637862290732178,0.039,0.067,1
"CDC34","CDC34",0.0008625217198088,-0.380428737782206,0.065,0.1,1
"ENSG00000259434","ENSG00000259434",0.000862959025816592,-1.75599940123758,0.011,0.029,1
"PTS","PTS",0.000863726913787292,-0.364677453981667,0.088,0.129,1
"CASKIN2","CASKIN2",0.000864156406238151,-0.407107048925441,0.073,0.11,1
"EIF2B4","EIF2B4",0.000864677908699544,-0.553849519903331,0.047,0.078,1
"CACUL1","CACUL1",0.000864795824717747,-0.198761130623892,0.342,0.409,1
"EIF4G2","EIF4G2",0.000868022326049034,0.594948538178101,0.186,0.143,1
"TSBP1","TSBP1",0.000869351270698469,1.27300193081837,0.029,0.012,1
"MIER1","MIER1",0.000872096194677921,-0.335566451477152,0.228,0.281,1
"GIPC2","GIPC2",0.000873386288687042,0.7310256639313,0.063,0.036,1
"CHIT1","CHIT1",0.000874517150335883,-2.76631540136176,0.003,0.015,1
"ENSG00000264083","ENSG00000264083",0.0008747582537833,-1.57886739270957,0.004,0.017,1
"ENSG00000273748","ENSG00000273748",0.00087699310580745,0.344799119453319,0.216,0.165,1
"MCOLN1","MCOLN1",0.000878379903863129,1.1009086923272,0.054,0.03,1
"LOC338694","LOC338694",0.000878758529342365,-2.02735971699741,0.004,0.017,1
"LINC01409","LINC01409",0.000880645862237595,-0.443623739356685,0.102,0.144,1
"SERP2","SERP2",0.00088381425530249,-0.34744108560765,0.075,0.113,1
"ENSG00000249330","ENSG00000249330",0.000884583155698201,-2.34551206142197,0.004,0.016,1
"TSPAN5","TSPAN5",0.000885425827089749,-0.212430208964787,0.474,0.533,1
"ZNF790","ZNF790",0.00088638186971675,-0.373716643073875,0.113,0.157,1
"ENSG00000233739","ENSG00000233739",0.000893347432727383,-2.22717350945117,0.003,0.015,1
"RXRB","RXRB",0.000895219230142559,-0.651300438404793,0.035,0.062,1
"LINC02275","LINC02275",0.000895675522281907,-2.03791185957642,0.004,0.016,1
"ABCC2","ABCC2",0.00089776179972772,1.28159749284092,0.029,0.012,1
"LRRC61","LRRC61",0.000899565722140147,1.27134000410824,0.029,0.012,1
"OPALIN","OPALIN",0.000900619210052868,-1.71606442035947,0.003,0.015,1
"PCM1","PCM1",0.00090144055905026,-0.148026374405151,0.585,0.651,1
"ENSG00000253965","ENSG00000253965",0.000903941185390522,-1.31606645745341,0.004,0.017,1
"KCTD12","KCTD12",0.000904352929269623,0.953417020334876,0.061,0.035,1
"BRSK1","BRSK1",0.000905377855083176,0.438608181837175,0.116,0.078,1
"RASD1","RASD1",0.000907094354747326,0.395233544458288,0.168,0.123,1
"NR1H2","NR1H2",0.000913680541436727,0.709481652925778,0.109,0.074,1
"SANBR","SANBR",0.0009160188685624,-0.210151003584258,0.12,0.167,1
"IRF7","IRF7",0.000916236017465933,1.10180114173869,0.037,0.017,1
"RSPO2","RSPO2",0.000917845655557845,0.993170091154668,0.066,0.039,1
"MAMDC2-AS1","MAMDC2-AS1",0.000921114663958602,-0.442155692323867,0.077,0.115,1
"TESK1","TESK1",0.000921946505267831,1.16985882349785,0.059,0.033,1
"DEAF1","DEAF1",0.000922030365183334,0.569606546386144,0.214,0.17,1
"MAGI3","MAGI3",0.00092813717438911,-0.21119564121208,0.38,0.445,1
"CBX5","CBX5",0.000928456562463176,0.445241227684175,0.283,0.237,1
"ACBD3","ACBD3",0.000928962160852908,-0.285111570991828,0.116,0.161,1
"FOCAD","FOCAD",0.000930094023483386,-0.276805055659372,0.287,0.35,1
"SPEG","SPEG",0.000930420433089398,0.491879968849016,0.246,0.2,1
"ATP6V1H","ATP6V1H",0.000932003635904251,-0.252718768661245,0.336,0.396,1
"SLC5A6","SLC5A6",0.000932669573315915,0.958234697681337,0.042,0.02,1
"BACH1","BACH1",0.000934742774589979,0.577381216766127,0.185,0.142,1
"KLHL22","KLHL22",0.000936943425307744,0.456466062886273,0.292,0.246,1
"RSAD1","RSAD1",0.000940288458601198,0.661466240255555,0.113,0.077,1
"CDKN2AIP","CDKN2AIP",0.000942485747931708,-1.93693020324575,0.007,0.022,1
"P4HA2","P4HA2",0.000944918423494721,0.723087978317216,0.125,0.089,1
"PLCG2","PLCG2",0.00094492396967757,0.107110254327117,0.541,0.45,1
"SLC25A26","SLC25A26",0.000949653503655226,-0.221509677483868,0.173,0.228,1
"XRRA1","XRRA1",0.000953760519251188,-0.240558951990101,0.251,0.314,1
"ADAMTSL4-AS2","ADAMTSL4-AS2",0.000954820846290183,-1.47859429722394,0.013,0.031,1
"POMC","POMC",0.000962350034216361,1.73903422553873,0.018,0.005,1
"TFAP4","TFAP4",0.000965411890371538,1.18853324316697,0.034,0.015,1
"KHDC4","KHDC4",0.000979311983827754,-0.28107472014871,0.105,0.149,1
"ARL6IP4","ARL6IP4",0.000980443913053836,0.480775849055669,0.182,0.139,1
"LINC01963","LINC01963",0.000982377931657134,-3.44525024923641,0.001,0.01,1
"ALDH2","ALDH2",0.000991395516385191,0.386281876954007,0.347,0.3,1
"FAM153A","FAM153A",0.000992148256755775,-0.56474247433258,0.021,0.043,1
"OTUD1","OTUD1",0.000993930262860104,1.08071413308012,0.034,0.015,1
"ATAD2B","ATAD2B",0.000994314440590673,-0.239314888578805,0.378,0.445,1
"ZGRF1","ZGRF1",0.000998382082457341,-1.12045020797051,0.029,0.054,1
"SRD5A3","SRD5A3",0.00100198381272326,-1.1388499983063,0.013,0.031,1
"SCRG1","SCRG1",0.00101025417666538,-0.470628061711428,0.111,0.151,1
"ENSG00000277476","ENSG00000277476",0.0010106754240455,1.47039772285033,0.032,0.014,1
"HYKK","HYKK",0.00101199006529053,-0.864003172262072,0.022,0.044,1
"ENSG00000231170","ENSG00000231170",0.00101450874152883,-0.363684837444931,0.018,0.039,1
"EPS15L1","EPS15L1",0.00101485961193567,-0.198447158586162,0.596,0.655,1
"XRCC5","XRCC5",0.00101867799733316,-0.248927773841753,0.339,0.405,1
"KDM5A","KDM5A",0.00102216763223954,-0.263126160857115,0.28,0.344,1
"EFHB","EFHB",0.00102359255722246,-0.998028605553662,0.02,0.041,1
"UGP2","UGP2",0.00102633331513476,-0.296419641014685,0.227,0.282,1
"LOC730098","LOC730098",0.00102664336040324,-1.55390283869054,0.011,0.028,1
"SAAL1","SAAL1",0.00103010576890028,-0.667343086289941,0.037,0.064,1
"TVP23A","TVP23A",0.00103264592008957,-0.496784404814918,0.07,0.105,1
"FZD4-DT","FZD4-DT",0.00103787082280876,-1.03997487655605,0.017,0.037,1
"SPOCK1","SPOCK1",0.00103933562430735,-0.184686662420232,0.441,0.506,1
"QTGAL","QTGAL",0.001043863175498,-0.998472653167839,0.016,0.035,1
"TARID","TARID",0.00105764665956829,-1.8097141341654,0.012,0.03,1
"OTX1","OTX1",0.00105877770714312,-0.910339134117521,0.016,0.035,1
"ICE1","ICE1",0.00106844647265832,-0.35668984050227,0.173,0.222,1
"CDC37","CDC37",0.00106935734806262,-0.314279242575257,0.135,0.18,1
"ZNF573","ZNF573",0.00107358261379415,-0.261027154773805,0.099,0.141,1
"KCTD16","KCTD16",0.0010739282774793,-0.615155116478457,0.067,0.102,1
"EFCAB11","EFCAB11",0.00107532107151203,-0.455408229558212,0.128,0.172,1
"P2RY14","P2RY14",0.00108157514768844,0.582154877565755,0.127,0.089,1
"ENSG00000254333","ENSG00000254333",0.00108269552372752,-0.75859257331474,0.02,0.041,1
"MOG","MOG",0.00108336367018674,-0.875539294005947,0.017,0.037,1
"OSGEP","OSGEP",0.00109322403069502,-0.559065578880569,0.087,0.125,1
"GALNT13","GALNT13",0.00109670558881455,-0.59139061428214,0.205,0.252,1
"STARD7","STARD7",0.00109689798524256,0.465008121482444,0.182,0.138,1
"ENSG00000260418","ENSG00000260418",0.00109797973906187,0.775398150860894,0.069,0.041,1
"PARAIL","PARAIL",0.00109846768793519,-0.224148689532449,0.413,0.474,1
"DSC2","DSC2",0.00110016688544784,-0.782799582455196,0.016,0.035,1
"TMEM18","TMEM18",0.00110391332723472,-1.17044004552068,0.011,0.028,1
"ELP1","ELP1",0.00110459454505071,-0.371716340227848,0.157,0.204,1
"HACD1","HACD1",0.00110690360159655,1.25381654095409,0.028,0.011,1
"ENSG00000260517","ENSG00000260517",0.00111112980865543,-0.235954135527321,0.159,0.21,1
"DNAI4","DNAI4",0.00111147060872317,-0.383124155098414,0.171,0.218,1
"ENSG00000214265","ENSG00000214265",0.00111270329557372,0.209821796205982,0.643,0.62,1
"C1orf21","C1orf21",0.00111843177182424,0.250187057885988,0.663,0.634,1
"ENSG00000270419","ENSG00000270419",0.00112412990755602,-0.692799682744801,0.024,0.046,1
"LRIG2","LRIG2",0.00112588290984914,-0.238519128808351,0.159,0.21,1
"RALYL","RALYL",0.00113144556748407,-0.234090705439178,0.614,0.649,1
"NUP107","NUP107",0.00113304563239682,-0.547852054037441,0.08,0.117,1
"WSB2","WSB2",0.00113365451494778,0.429426781207893,0.161,0.118,1
"LANCL2","LANCL2",0.00113434367148554,-0.386642471925212,0.075,0.112,1
"COL16A1","COL16A1",0.00113692937960249,-0.125266089584065,0.437,0.517,1
"PLLP","PLLP",0.00114395449264809,-1.22506653198807,0.012,0.03,1
"AADAT","AADAT",0.0011473638206818,-0.767387433011323,0.027,0.051,1
"TBL1Y","TBL1Y",0.00114737509006728,-0.623268318408084,0.035,0.062,1
"NUP210L","NUP210L",0.0011482941434582,0.570241222747511,0.104,0.07,1
"UBTD1","UBTD1",0.001150918601683,0.452666826128558,0.262,0.216,1
"GNB4","GNB4",0.00115265686659507,-0.44701188855453,0.054,0.086,1
"TANC1","TANC1",0.00115337375728684,0.41685839529272,0.392,0.347,1
"SPAST","SPAST",0.00115550305138261,-0.400389161806188,0.182,0.232,1
"ENSG00000261845","ENSG00000261845",0.00115669286785494,1.42645799104793,0.02,0.006,1
"FAM133A","FAM133A",0.00116291181839048,-1.19103705886862,0.009,0.024,1
"TUBB4B","TUBB4B",0.00116459878387172,-0.557159486002977,0.079,0.115,1
"FAIM2","FAIM2",0.00116621473135301,0.63795964675585,0.167,0.127,1
"NR3C1","NR3C1",0.00116997934833263,-0.22505346008894,0.401,0.462,1
"TFB1M","TFB1M",0.00117185862912537,-0.267271891674736,0.12,0.164,1
"MYO1C","MYO1C",0.00117511806521844,1.11988786284853,0.047,0.024,1
"CENPT","CENPT",0.00117662128101889,0.637981018752229,0.061,0.035,1
"POU3F4","POU3F4",0.00117920331171416,0.774963199918818,0.071,0.043,1
"ZNF682","ZNF682",0.00118309506858519,-0.745897286460314,0.038,0.065,1
"TBC1D4","TBC1D4",0.00118480856621527,0.653032840999605,0.078,0.048,1
"IK","IK",0.00118797142565344,-0.693885552470609,0.033,0.059,1
"ZNF322","ZNF322",0.00118826071659338,-0.717525809810794,0.029,0.054,1
"RGN","RGN",0.0011926220641125,-0.426031694361387,0.097,0.137,1
"ENSG00000229862","ENSG00000229862",0.00119884254886835,-1.45332397718138,0.006,0.019,1
"MLH1","MLH1",0.00119953887760643,-0.431710750969193,0.107,0.147,1
"SENP8","SENP8",0.00120539380313156,-0.963881934502337,0.032,0.057,1
"CSK","CSK",0.00120658737668309,0.717330904339437,0.103,0.069,1
"ENSG00000263494","ENSG00000263494",0.00120857421132083,1.91836384502896,0.024,0.009,1
"ENSG00000273064","ENSG00000273064",0.00120902303851173,-0.279986305586365,0.053,0.085,1
"ENSG00000236939","ENSG00000236939",0.00120998446438443,-0.884025274094589,0.012,0.03,1
"ENSG00000237927","ENSG00000237927",0.0012103136404044,2.8175074806249,0.011,0.001,1
"STX18-AS1","STX18-AS1",0.00121211697505172,-0.188847186976791,0.252,0.318,1
"UNC13D","UNC13D",0.00121325373527775,-0.506049229818756,0.031,0.056,1
"USP11","USP11",0.00121525693470655,-0.367249010250356,0.128,0.173,1
"IKZF4","IKZF4",0.00121677795636195,0.647523778740007,0.122,0.086,1
"ENSG00000256661","ENSG00000256661",0.00121828849636767,-0.555860075508171,0.057,0.089,1
"DYNLT1","DYNLT1",0.00122082678148613,0.640361983542089,0.08,0.05,1
"VPS26A","VPS26A",0.00122118999703071,-0.375904501072475,0.082,0.12,1
"STX18","STX18",0.00122268632657695,-0.25909374132653,0.24,0.295,1
"ARHGEF6","ARHGEF6",0.00122284478323365,-0.210609848898758,0.376,0.443,1
"ECE1","ECE1",0.00122343957354936,0.257681376718933,0.508,0.471,1
"ENSG00000259319","ENSG00000259319",0.00122627868605557,-2.68688877733418,0.001,0.011,1
"IGFBP2","IGFBP2",0.00122685800807278,3.0188840769024,0.014,0.003,1
"RAPGEF5","RAPGEF5",0.0012282019730884,-0.725797368507487,0.034,0.059,1
"TCF7L1","TCF7L1",0.00123019224205323,0.272092580948613,0.606,0.577,1
"GAREM1","GAREM1",0.00123037691750238,-0.224742327161846,0.637,0.683,1
"ENSG00000260578","ENSG00000260578",0.00123066069910181,2.82509816897933,0.014,0.003,1
"BCAT2","BCAT2",0.00123444436242334,-0.223474980622391,0.308,0.368,1
"LATS2","LATS2",0.001234944318996,0.466324232811316,0.123,0.086,1
"BAG2","BAG2",0.0012364453322981,0.912854471691186,0.053,0.029,1
"PLPPR2","PLPPR2",0.00124273387435746,0.6466420352142,0.13,0.093,1
"DENND11","DENND11",0.00124479073242713,0.631336995215771,0.177,0.137,1
"ENHO","ENHO",0.0012470304568602,-0.165152648912959,0.354,0.425,1
"EDRF1","EDRF1",0.00124848061834197,-0.30336619504545,0.09,0.129,1
"ENSG00000240710","ENSG00000240710",0.00125735876224268,2.75451098560371,0.012,0.002,1
"HIGD1C","HIGD1C",0.00125839008677004,1.40853922828323,0.029,0.012,1
"KLHL24","KLHL24",0.00126389098371755,0.280004934162143,0.537,0.505,1
"KBTBD11-AS1","KBTBD11-AS1",0.00126634043367614,-0.864206053531185,0.018,0.038,1
"KRT10-AS1","KRT10-AS1",0.00127206623788739,-1.32438187722394,0.008,0.023,1
"JAM3","JAM3",0.00128167460239459,-0.455869502212511,0.063,0.097,1
"ORAI2","ORAI2",0.00128418135445411,0.754469178449301,0.087,0.056,1
"ENSG00000279762","ENSG00000279762",0.00128444084366986,-0.944605690118592,0.01,0.026,1
"ENSG00000260657","ENSG00000260657",0.00128446844820159,-1.53417667397478,0.008,0.023,1
"ENSG00000249085","ENSG00000249085",0.00128974733883789,-1.20765185510925,0.01,0.026,1
"ZNF117","ZNF117",0.00129536654523157,-0.465866646811918,0.108,0.148,1
"PPM1H","PPM1H",0.00129805228530132,-0.295794696474796,0.059,0.092,1
"TLK2","TLK2",0.00130825460409609,-0.143851511204059,0.32,0.39,1
"IMPACT","IMPACT",0.00131059304293665,-0.924262696628614,0.031,0.055,1
"RARRES2","RARRES2",0.00131178029552767,0.640985826457722,0.053,0.029,1
"TOX4","TOX4",0.00131948022853439,-0.332120155502403,0.083,0.121,1
"TMEM267","TMEM267",0.00131948282211058,0.523534193151681,0.167,0.126,1
"RALY","RALY",0.00132098771959668,0.416075930327556,0.212,0.166,1
"NDUFA10","NDUFA10",0.00132347312175761,-0.326385809062489,0.222,0.277,1
"CCDC50","CCDC50",0.00132351071193862,-0.140036538842391,0.189,0.246,1
"OPLAH","OPLAH",0.00132687041247302,-0.396064510372735,0.085,0.123,1
"ENSG00000255300","ENSG00000255300",0.00132841079282923,-0.883923826562591,0.018,0.038,1
"EIF2S2","EIF2S2",0.00132966297616425,0.6433535692855,0.143,0.107,1
"GNPTAB","GNPTAB",0.00133096115964071,-0.294341583791309,0.123,0.169,1
"ATP2A2","ATP2A2",0.00133305476996838,0.309580694249704,0.413,0.369,1
"RAB23","RAB23",0.00133568888059187,1.13095007737479,0.059,0.034,1
"ENSG00000277007","ENSG00000277007",0.00135022069783732,1.49680117449786,0.019,0.006,1
"TSC1","TSC1",0.00135083416236808,-0.318336341719176,0.196,0.248,1
"RBM4","RBM4",0.00135284057845389,-0.610918870881019,0.042,0.071,1
"ATP6V0E2","ATP6V0E2",0.00135535418931155,-0.253132293277549,0.092,0.132,1
"GMPR","GMPR",0.00135719337875395,-0.246636174485302,0.546,0.591,1
"DCAF6","DCAF6",0.00136771690041643,-0.234177873365872,0.343,0.41,1
"ENSG00000275741","ENSG00000275741",0.00137269215333691,1.13268297295198,0.056,0.032,1
"PPP2R5B","PPP2R5B",0.00137275303524372,0.558295745441618,0.134,0.095,1
"ENDOU","ENDOU",0.00137384915447829,-1.86973993024248,0.004,0.017,1
"NRG4","NRG4",0.00137457149937132,-1.24615825347411,0.017,0.037,1
"ARRDC3","ARRDC3",0.00137474799114201,-0.348550875403433,0.057,0.09,1
"OTX2","OTX2",0.00137617978445973,1.35712584923423,0.053,0.03,1
"PPP2R3A","PPP2R3A",0.0013837603746323,-0.310098761306405,0.203,0.255,1
"LRP1","LRP1",0.00138406231051683,0.200867361594363,0.655,0.631,1
"DNAJC9","DNAJC9",0.00138970492593136,0.467540094020226,0.187,0.144,1
"TSNAXIP1","TSNAXIP1",0.00139045543418415,0.789936553175068,0.062,0.036,1
"LRP6","LRP6",0.00139150759042261,-0.28745650664261,0.353,0.41,1
"ENSG00000183308","ENSG00000183308",0.00139229392024368,-0.774574524949557,0.039,0.066,1
"RAET1E-AS1","RAET1E-AS1",0.00139414496870168,-0.797190772301891,0.022,0.043,1
"ABAT","ABAT",0.00139770441307518,-0.14518690946516,0.36,0.429,1
"CYP39A1","CYP39A1",0.00139781886110746,0.983280174655853,0.058,0.033,1
"PZP","PZP",0.00140233753596444,-2.22119026594091,0.004,0.015,1
"ENSG00000258983","ENSG00000258983",0.00140233753596444,-2.10876059286377,0.004,0.015,1
"SLC38A6","SLC38A6",0.00140721715979644,-0.37750231317242,0.161,0.209,1
"RELB","RELB",0.00140763063077173,1.28136636957878,0.042,0.021,1
"PBX3","PBX3",0.00141322652377465,0.290530854068932,0.37,0.317,1
"FAM13A","FAM13A",0.00141485154115565,0.288648732957014,0.442,0.406,1
"CAB39L","CAB39L",0.00141493246627509,0.269404205524315,0.526,0.488,1
"TAB2","TAB2",0.00141502217162253,-0.175169878862078,0.557,0.621,1
"KAT6B","KAT6B",0.00141571009640478,-0.180727381232598,0.409,0.476,1
"FER1L5","FER1L5",0.00141771358333502,-0.94578083212565,0.011,0.028,1
"SEMA3D","SEMA3D",0.00142258558528315,-0.373918946428511,0.182,0.228,1
"TTC36-AS1","TTC36-AS1",0.00142769725655619,-1.07828171964269,0.013,0.03,1
"CAPN15","CAPN15",0.00142848416162465,0.482454302617277,0.103,0.069,1
"MTMR7","MTMR7",0.00142950307433838,-1.62011520535263,0.007,0.021,1
"LINC00908","LINC00908",0.00143171377937336,-1.22757690777103,0.004,0.015,1
"AAGAB","AAGAB",0.00143840532064597,-0.281736145012697,0.124,0.167,1
"PEX1","PEX1",0.0014418509146353,-0.350650401535102,0.108,0.15,1
"POGLUT1","POGLUT1",0.0014423605068811,0.62174452054465,0.103,0.069,1
"CAPN8","CAPN8",0.00144253595229944,-1.44323084749152,0.004,0.015,1
"CDH10","CDH10",0.0014428226866576,-0.197062236278195,0.411,0.47,1
"TANK","TANK",0.00144286179479501,-0.235201334346196,0.401,0.461,1
"RHEB","RHEB",0.00144462422392395,-0.243385744363547,0.29,0.348,1
"FAM193B","FAM193B",0.00144489955113914,0.298137500490793,0.29,0.237,1
"ZNF627","ZNF627",0.00144652347026326,-0.375823636042896,0.073,0.109,1
"ENSG00000240401","ENSG00000240401",0.00144814878633781,-0.741692244675793,0.052,0.082,1
"SETMAR","SETMAR",0.00144821145824958,-0.719591977089982,0.034,0.059,1
"SCN4B","SCN4B",0.00144987711511366,1.67633212318385,0.029,0.012,1
"DOCK8","DOCK8",0.00145267189069153,-1.73572423849139,0.007,0.021,1
"ARL8A","ARL8A",0.00145334220819912,-0.544044180733427,0.084,0.12,1
"NDNF","NDNF",0.00145820025535955,0.862929874504957,0.078,0.049,1
"WFDC3","WFDC3",0.00146463128843884,-0.435774887462112,0.011,0.028,1
"EEF1A1","EEF1A1",0.00146668769200263,0.466889496727246,0.195,0.152,1
"TTC9C","TTC9C",0.00147618263016204,0.51600462176783,0.096,0.064,1
"SULT1C4","SULT1C4",0.00148827648222317,-0.588455257217294,0.057,0.089,1
"STARD9","STARD9",0.00148869861818293,-0.449186629643429,0.063,0.096,1
"KTN1","KTN1",0.00149233260418205,-0.234234554156833,0.364,0.427,1
"LINC01750","LINC01750",0.00149590750569618,1.49400907021003,0.021,0.007,1
"CBS","CBS",0.00150204448210115,1.93385421038389,0.017,0.005,1
"ENSG00000203709","ENSG00000203709",0.00150512131036306,0.317224464385711,0.444,0.403,1
"CDH2","CDH2",0.00150614898810628,0.152958387701364,0.627,0.582,1
"ENSG00000238018","ENSG00000238018",0.0015083863499869,-0.889997376998362,0.016,0.035,1
"GPATCH2L","GPATCH2L",0.00151554403684049,-0.272315139085507,0.245,0.302,1
"RFX3","RFX3",0.00151684621751997,-0.190590063982822,0.778,0.796,1
"ERO1B","ERO1B",0.00152080593616604,0.660664211294004,0.156,0.118,1
"MRPL45","MRPL45",0.00152203098249907,-0.44381046522401,0.074,0.109,1
"IFNGR1","IFNGR1",0.00152395365987149,-0.513713299975265,0.086,0.122,1
"FHOD1","FHOD1",0.00152841623746022,0.869266983193679,0.052,0.028,1
"PSMD6-AS1","PSMD6-AS1",0.00153368015944738,1.31788302736795,0.029,0.012,1
"ZNF18","ZNF18",0.00153851377026485,-0.471204436147167,0.062,0.095,1
"MDGA1","MDGA1",0.00154817040883947,1.04147998626118,0.049,0.026,1
"RAD54L2","RAD54L2",0.00154991897134161,-0.343833735113184,0.124,0.168,1
"FSIP2","FSIP2",0.00155084994175444,-1.18636292688324,0.027,0.049,1
"C8orf88","C8orf88",0.00155333824373069,1.33282136861514,0.029,0.012,1
"SEPTIN4-AS1","SEPTIN4-AS1",0.00155786128758125,-0.543460503566652,0.013,0.03,1
"ZNF181","ZNF181",0.00156180908524891,1.07854254065892,0.057,0.033,1
"KIAA1755","KIAA1755",0.00157057687056593,0.215584637707992,0.614,0.582,1
"GASK1A","GASK1A",0.00157836021574896,-0.356562754759141,0.113,0.155,1
"SEC16B","SEC16B",0.00158063438997639,-0.383150401459846,0.023,0.045,1
"POLK","POLK",0.00159182332594897,-0.264246469476975,0.297,0.358,1
"WDR43","WDR43",0.00159376882217843,-0.508809879067821,0.105,0.143,1
"CEBPG","CEBPG",0.00159499826216906,0.456357192682101,0.064,0.037,1
"HMGXB3","HMGXB3",0.00159856311433929,-0.415829899868464,0.08,0.117,1
"MAP1LC3A","MAP1LC3A",0.00159939981753343,-0.583249649210166,0.049,0.079,1
"ARHGAP18","ARHGAP18",0.00160061686825527,-0.688096154440808,0.059,0.09,1
"RUSC2","RUSC2",0.00160169949670555,0.44376662369981,0.227,0.18,1
"ENSG00000256226","ENSG00000256226",0.00160356971407814,-1.53498465886443,0.006,0.02,1
"SLC26A7","SLC26A7",0.0016043552796185,1.09578906733613,0.037,0.018,1
"USP21","USP21",0.00160586345114968,0.963965028825243,0.049,0.026,1
"LDLRAP1","LDLRAP1",0.00160661633405842,1.03984778826901,0.046,0.024,1
"ENSG00000268650","ENSG00000268650",0.00161243926964234,-1.77537576940384,0.006,0.02,1
"INTS6-AS1","INTS6-AS1",0.00161288943849903,-0.522729841684936,0.084,0.12,1
"POU2F1","POU2F1",0.00161313298961647,-0.181940352945422,0.556,0.616,1
"MYRF","MYRF",0.0016166142832988,-1.20931089228765,0.016,0.035,1
"SLC7A8","SLC7A8",0.0016191183062999,-0.903842251955619,0.011,0.027,1
"MINDY3","MINDY3",0.0016216086010289,-0.253058327453785,0.161,0.21,1
"NPC2","NPC2",0.00162183994218599,0.695079267732537,0.103,0.071,1
"ETV5","ETV5",0.00162305876443707,0.574559960481287,0.118,0.082,1
"LOC100505774","LOC100505774",0.0016362448257041,-0.117722251962443,0.03,0.055,1
"SMCO4","SMCO4",0.00163809910476582,0.93767363526409,0.053,0.03,1
"TRIM8","TRIM8",0.00164115717214029,0.404986500458291,0.328,0.284,1
"USP45","USP45",0.00164449617856161,0.382172868488951,0.242,0.196,1
"BLM","BLM",0.00164502318582383,-0.940602057417887,0.027,0.049,1
"FKBP10","FKBP10",0.00164558723264418,0.386210229192565,0.224,0.177,1
"SLC30A9","SLC30A9",0.00164735883482404,-0.179004386950062,0.3,0.364,1
"RNF125","RNF125",0.00164805428578226,-1.28000740998848,0.009,0.024,1
"ZFAS1","ZFAS1",0.00164823332130527,-0.314012251212195,0.1,0.14,1
"CCT4","CCT4",0.00165172541271916,0.545284325059797,0.168,0.127,1
"THAP7-AS1","THAP7-AS1",0.00165356373267367,-0.791843566229471,0.006,0.02,1
"ENSG00000256234","ENSG00000256234",0.00165849645618957,-0.404139754866384,0.037,0.063,1
"DARS1","DARS1",0.00165863353335203,-0.209567873217207,0.363,0.427,1
"TRAPPC6A","TRAPPC6A",0.00166236004066244,-0.597710139785458,0.026,0.048,1
"CCDC180","CCDC180",0.00166589791477919,-0.581644317887099,0.082,0.117,1
"ZNF503-AS1","ZNF503-AS1",0.00167299965811602,-1.24907237376048,0.009,0.024,1
"ZNF771","ZNF771",0.00167677650725587,0.698737842504527,0.084,0.054,1
"FAM89B","FAM89B",0.00167698058557912,0.971359755821278,0.046,0.024,1
"ZNF324","ZNF324",0.001678620297057,0.756437190553624,0.087,0.057,1
"MRPL33","MRPL33",0.00168282406985667,-0.448126750755492,0.075,0.11,1
"TNFRSF25","TNFRSF25",0.00168424060154457,2.23743174253175,0.016,0.004,1
"ADGRL1","ADGRL1",0.00168623108048307,0.473207989931379,0.212,0.169,1
"ING4","ING4",0.00169230033763314,0.66426804442938,0.097,0.066,1
"NSUN6","NSUN6",0.00170034375814381,-0.234955191597194,0.305,0.366,1
"HSD17B4","HSD17B4",0.00170371767604459,-0.239530404967945,0.261,0.32,1
"AP2M1","AP2M1",0.00170803118484569,0.349049284457279,0.191,0.146,1
"SCP2","SCP2",0.00170974764138624,-0.193607444853857,0.293,0.356,1
"STAT3","STAT3",0.00171065983113265,0.306112594953654,0.509,0.479,1
"TBXAS1","TBXAS1",0.00171216992538417,-0.63492670641686,0.052,0.081,1
"RGS17","RGS17",0.00171242643863778,-0.726465019204556,0.019,0.039,1
"ZEB1","ZEB1",0.00171913870551176,-0.22845894746087,0.513,0.562,1
"APLP2","APLP2",0.00172617528201291,0.35011870693219,0.267,0.22,1
"OTOGL","OTOGL",0.00172639631003195,-1.06154007860689,0.009,0.024,1
"PLPPR4","PLPPR4",0.00173411241888742,1.50327023334569,0.016,0.004,1
"VPS39","VPS39",0.00173731769383786,-0.28470073371067,0.162,0.21,1
"PDGFC","PDGFC",0.0017399400819924,-0.222627039792995,0.242,0.301,1
"AGAP9","AGAP9",0.00174017962184531,-0.203054236496892,0.097,0.138,1
"VAT1","VAT1",0.00174060783013529,1.11276768479083,0.05,0.028,1
"EXOC6B","EXOC6B",0.00174297080891159,-0.180125426546563,0.62,0.68,1
"ENSG00000228393","ENSG00000228393",0.00174832860484519,0.314693681979804,0.405,0.361,1
"STK3","STK3",0.00175184547023395,-0.156068263436342,0.503,0.564,1
"LCA5L","LCA5L",0.00175657918204396,-0.595966625732648,0.034,0.059,1
"LOC100507250","LOC100507250",0.0017574290923363,-0.958850234841521,0.009,0.024,1
"UAP1L1","UAP1L1",0.00175880265317944,-0.691626127878439,0.069,0.101,1
"CTPS2","CTPS2",0.00176591964508479,0.473779390011167,0.166,0.125,1
"ISOC1","ISOC1",0.00176750122140927,1.31378485488415,0.038,0.019,1
"FLAD1","FLAD1",0.00176803340616601,0.854329038561388,0.061,0.036,1
"LIN52","LIN52",0.00176944941640777,-0.251022412348353,0.245,0.299,1
"MAP3K13","MAP3K13",0.00177804041883502,-0.306303862069006,0.285,0.335,1
"GRAMD1A","GRAMD1A",0.00178204000815864,0.360021781874408,0.249,0.201,1
"NDRG3","NDRG3",0.00178561612978353,0.452887580057439,0.177,0.135,1
"PLXNA1","PLXNA1",0.00178624408135148,1.08672226224746,0.059,0.035,1
"PLS3","PLS3",0.00178798285865531,0.46274121071997,0.23,0.188,1
"TIGD5","TIGD5",0.0017884128696094,1.40871742818459,0.033,0.015,1
"CD81-AS1","CD81-AS1",0.00179024460802306,-0.358676216713581,0.029,0.053,1
"ANKRD44","ANKRD44",0.00179620470274672,0.331307915618317,0.427,0.389,1
"CD46","CD46",0.00179941701920245,-0.254254233896726,0.173,0.223,1
"ENSG00000230084","ENSG00000230084",0.00179988881403789,-0.342949474479499,0.218,0.269,1
"PIGH","PIGH",0.00180354668625461,0.623894543851224,0.06,0.035,1
"TBC1D9B","TBC1D9B",0.00180405355922691,0.510529120329954,0.172,0.131,1
"SMC5","SMC5",0.00180482582945126,-0.21019763692573,0.318,0.377,1
"ENSG00000256618","ENSG00000256618",0.00180500802879562,-0.496416864246213,0.021,0.041,1
"SEL1L3","SEL1L3",0.00181129623586581,0.808633399300609,0.043,0.022,1
"MFSD2B","MFSD2B",0.00181415146679986,2.03225621331978,0.022,0.008,1
"ATP6V1E1","ATP6V1E1",0.00181510345888184,-0.398930241370519,0.103,0.142,1
"MLYCD","MLYCD",0.00181877804923254,-0.37174417214672,0.042,0.069,1
"SNTB2","SNTB2",0.00182160093483556,0.775581157519818,0.132,0.097,1
"CALCRL","CALCRL",0.00182200582045863,1.11845276613058,0.038,0.019,1
"LDB3","LDB3",0.0018221409481221,-1.74184556467937,0.013,0.03,1
"DEDD2","DEDD2",0.00182658557590877,1.31958958656248,0.033,0.015,1
"ENSG00000272822","ENSG00000272822",0.00182713028230442,0.778269086479625,0.085,0.056,1
"JAM2","JAM2",0.00183883947401766,0.398109917911493,0.347,0.307,1
"RAB30-DT","RAB30-DT",0.00183896170169426,-0.183720844689608,0.279,0.339,1
"RIF1","RIF1",0.0018390764836208,-0.235941973054888,0.224,0.277,1
"ARID3A","ARID3A",0.00183983708888119,0.703284167864954,0.068,0.041,1
"WASHC1","WASHC1",0.00185001269202359,0.282018465426574,0.405,0.36,1
"SLC25A21","SLC25A21",0.00185823940723495,-0.999183797990506,0.034,0.059,1
"CNNM4","CNNM4",0.0018661525256804,-0.503608967942038,0.039,0.065,1
"CCDC15","CCDC15",0.00187137591058835,-1.04418584827937,0.01,0.026,1
"RRM1","RRM1",0.00187234921972792,-0.916980553263036,0.029,0.053,1
"KLHL5","KLHL5",0.00188124415531247,-0.26937818051597,0.181,0.232,1
"ENSG00000131152","ENSG00000131152",0.00188241493011807,1.01094252567152,0.047,0.026,1
"ENSG00000243415","ENSG00000243415",0.00188743543000931,1.32270657521079,0.057,0.033,1
"ATP13A3","ATP13A3",0.00188856299525589,-0.251668998230059,0.237,0.29,1
"TAX1BP3","TAX1BP3",0.00189460927668414,-0.781395754673139,0.027,0.05,1
"FZD1","FZD1",0.00189742339732606,1.01053933203326,0.038,0.019,1
"ITGA5","ITGA5",0.00189747292322928,1.6060713225618,0.024,0.009,1
"IGDCC3","IGDCC3",0.00190129273903442,0.522484621136747,0.197,0.156,1
"NEK4","NEK4",0.00190551309039942,0.510018992173604,0.164,0.125,1
"DBX2","DBX2",0.00191213871741084,-0.357951806925515,0.067,0.101,1
"FBXO44","FBXO44",0.0019143929030344,0.511046989308385,0.154,0.115,1
"ENSG00000267318","ENSG00000267318",0.00192307397827744,1.18652931908266,0.028,0.012,1
"MTX2","MTX2",0.00192320897598183,-0.243774800764328,0.258,0.314,1
"TEX41","TEX41",0.00193148996369552,-2.47168513705214,0.005,0.017,1
"SNRPF-DT","SNRPF-DT",0.00193180623629062,-1.30484609375847,0.008,0.022,1
"THBS4","THBS4",0.00193574136910386,-0.264443190716443,0.264,0.317,1
"LARP6","LARP6",0.00193824820184322,0.63908976356771,0.07,0.043,1
"ENSG00000247228","ENSG00000247228",0.00194019682351698,0.431755780194734,0.086,0.055,1
"COG8","COG8",0.00194291100304999,0.962800344029062,0.067,0.041,1
"CDK5RAP1","CDK5RAP1",0.00195601713745141,-0.337683988205185,0.134,0.178,1
"LINC02018","LINC02018",0.00196141518980485,-0.587503657161609,0.023,0.044,1
"MRE11","MRE11",0.00198021479181274,-0.423584527807295,0.074,0.108,1
"PIDD1","PIDD1",0.00199088833252366,0.383610809901616,0.161,0.12,1
"CCDC198","CCDC198",0.0019932237254519,2.49736208437904,0.018,0.006,1
"PTBP2","PTBP2",0.00199413512977466,-0.188102242031188,0.44,0.503,1
"BLCAP","BLCAP",0.00200351554120822,-0.372733518801752,0.118,0.158,1
"JAG1","JAG1",0.00200408870871543,0.721913192959271,0.061,0.036,1
"MCF2L2","MCF2L2",0.00200775475302425,-1.18033458053716,0.031,0.054,1
"BRWD1","BRWD1",0.00201152408392978,-0.194932165435159,0.472,0.539,1
"ZFAND3","ZFAND3",0.00201466130831663,0.156879637147686,0.766,0.746,1
"ENSG00000260510","ENSG00000260510",0.00201531992685053,-2.87956250143841,0.001,0.01,1
"CLIP1","CLIP1",0.00201807998045537,-0.153245036593516,0.528,0.597,1
"PPFIA1","PPFIA1",0.00201843686667614,-0.166926453972081,0.584,0.653,1
"PDIA2","PDIA2",0.00201997015170195,-2.62626439745184,0.001,0.01,1
"ENSG00000212663","ENSG00000212663",0.00202463022114724,-2.12080914183635,0.001,0.01,1
"PLCL2","PLCL2",0.00202678163546506,-0.858614918040501,0.019,0.038,1
"SCIRT","SCIRT",0.00202828318032204,0.587362234125811,0.1,0.068,1
"ACTR3B","ACTR3B",0.00203110183654779,-0.374049416233853,0.111,0.151,1
"LVRN","LVRN",0.00204628889230892,3.44335645349274,0.01,0.001,1
"PCAT1","PCAT1",0.00205123336080584,-0.668463803902032,0.073,0.107,1
"BARX2","BARX2",0.00205240394375192,2.33898822069327,0.013,0.003,1
"LIMS1","LIMS1",0.00205489872192413,-0.278224250513639,0.465,0.515,1
"G2E3","G2E3",0.00205545232165948,-0.539052162806082,0.072,0.105,1
"PCDH7","PCDH7",0.0020566217086232,0.122773119656872,0.837,0.801,1
"BRICD5","BRICD5",0.00206186629727256,0.571456194127818,0.065,0.039,1
"LRCH1","LRCH1",0.00206348840050647,0.485106629052067,0.17,0.129,1
"SYAP1","SYAP1",0.00206483417471857,-0.735663076666388,0.066,0.098,1
"NUBPL","NUBPL",0.00207132464410362,-0.324889799072571,0.262,0.316,1
"CDC23","CDC23",0.00207176254324257,-0.766048637801512,0.039,0.064,1
"PEX7","PEX7",0.00207198694706732,-0.511296813064883,0.064,0.095,1
"NXF1","NXF1",0.00207553574414974,0.425763213390363,0.088,0.057,1
"CELSR3","CELSR3",0.00207756565424796,1.80454760569276,0.018,0.006,1
"ENSG00000239462","ENSG00000239462",0.00208011961449727,-2.04274226844158,0.004,0.016,1
"PPP1R3D","PPP1R3D",0.00208871569679937,0.565057752221624,0.082,0.053,1
"EP400","EP400",0.0020893108616606,-0.160893512986488,0.251,0.311,1
"TDO2","TDO2",0.0020911539281492,-1.92935593871591,0.004,0.016,1
"ENSG00000276612","ENSG00000276612",0.00209435225557638,1.52411406463879,0.013,0.003,1
"DNM2","DNM2",0.00209472649888553,0.378344905622001,0.313,0.271,1
"MYLK-AS1","MYLK-AS1",0.00209675056796995,0.661313486016324,0.15,0.113,1
"SMARCA5","SMARCA5",0.00210029975742417,-0.301236985872154,0.138,0.181,1
"ENSG00000268361","ENSG00000268361",0.00210496148641036,2.05391400278688,0.013,0.003,1
"RBM41","RBM41",0.00210555388869304,-0.398684458939666,0.128,0.169,1
"POC5","POC5",0.00210660284786971,-0.726662119771741,0.026,0.048,1
"SCN2B","SCN2B",0.00211866987046512,-1.32979915613264,0.009,0.024,1
"ZNF678","ZNF678",0.00212040251705397,-0.490755721876209,0.094,0.131,1
"KRI1","KRI1",0.00212165940135051,0.578084610902414,0.115,0.081,1
"ENSG00000248371","ENSG00000248371",0.00213033999798251,-1.26759632558041,0.009,0.024,1
"GABARAPL2","GABARAPL2",0.00214301760821548,-0.181656231825897,0.093,0.131,1
"HSPA2-AS1","HSPA2-AS1",0.00214877361007309,0.528893472518588,0.051,0.028,1
"CCNB3","CCNB3",0.00215280816022213,-1.26516585282712,0.004,0.016,1
"B4GALT2","B4GALT2",0.00215670338972874,0.531967002532292,0.099,0.067,1
"DLGAP4","DLGAP4",0.00216055453422374,0.394839958950752,0.239,0.195,1
"BCL2L11","BCL2L11",0.00217389800104912,0.925908614881187,0.042,0.021,1
"STRN","STRN",0.00217653857651294,-0.219059247997208,0.201,0.251,1
"PAIP2","PAIP2",0.00218104601551517,0.477300154274261,0.196,0.154,1
"GPRASP3","GPRASP3",0.00218353351140849,0.738155388097356,0.103,0.071,1
"FRMD3","FRMD3",0.00218446519015746,0.601912829055591,0.084,0.055,1
"STX17","STX17",0.00218513744873867,-0.168830295686863,0.125,0.169,1
"DOCK7","DOCK7",0.00218944769055865,0.151601315093903,0.791,0.806,1
"MAPK6","MAPK6",0.00219304122523845,-0.20739352462808,0.194,0.246,1
"METTL23","METTL23",0.00219319839815617,1.14537803733321,0.049,0.028,1
"TBCC","TBCC",0.00219503832869107,-2.03654491048796,0.004,0.015,1
"HPR","HPR",0.00219571069712412,-1.34849791622842,0.011,0.026,1
"RBMS1","RBMS1",0.00219727855203788,0.418953358024826,0.254,0.21,1
"ENSG00000258657","ENSG00000258657",0.00221136892000264,-2.11797782671318,0.004,0.015,1
"FSD1L","FSD1L",0.0022117880877258,-0.365849840182687,0.162,0.206,1
"GJB1","GJB1",0.00221341805437243,-1.8113642412641,0.004,0.015,1
"BST2","BST2",0.00221672981726491,-1.47320667960097,0.012,0.028,1
"LOC102724719","LOC102724719",0.00222046869632362,-2.2372897882444,0.002,0.012,1
"LOC107985792","LOC107985792",0.00222368985334526,-1.80816218696315,0.004,0.015,1
"WDR33","WDR33",0.00222979692594384,-0.2002875438389,0.305,0.364,1
"PCBD1","PCBD1",0.00224435905846038,0.837825994276794,0.059,0.035,1
"ENSG00000254538","ENSG00000254538",0.00225482174217683,-0.68233342626808,0.03,0.053,1
"ZNF99","ZNF99",0.0022582270154449,-1.39200524570315,0.002,0.012,1
"IQCK","IQCK",0.00225889855309775,0.224984517342907,0.581,0.541,1
"ERCC6L2","ERCC6L2",0.00226077243813721,-0.278617975325788,0.364,0.419,1
"ENSG00000223969","ENSG00000223969",0.0022626690507274,1.54664542403327,0.02,0.007,1
"PPP1R1A","PPP1R1A",0.0022626690507274,1.60431887574274,0.02,0.007,1
"FAM136A","FAM136A",0.0022646785049583,-1.12436343829623,0.025,0.046,1
"CDC42SE2","CDC42SE2",0.00226785739735094,0.318991190461757,0.37,0.326,1
"BCL3","BCL3",0.00227053497488251,1.12024153493692,0.029,0.012,1
"SNCAIP","SNCAIP",0.00227337755853797,-0.257718205100656,0.23,0.283,1
"TRAPPC10","TRAPPC10",0.00227472020561974,-0.298743431025147,0.175,0.223,1
"ENSG00000250764","ENSG00000250764",0.00227572233478156,1.19300493896279,0.034,0.016,1
"ZNF552","ZNF552",0.00228112302234257,0.873697703553697,0.061,0.037,1
"SMAD9","SMAD9",0.00228888059609848,-0.212197860730776,0.125,0.169,1
"LINC02203","LINC02203",0.00229551812334948,-1.53836239641142,0.003,0.013,1
"ANKRD37","ANKRD37",0.00229652876980048,0.505171741700939,0.064,0.039,1
"ENSG00000273142","ENSG00000273142",0.00230282400404096,-0.935924207347934,0.018,0.037,1
"LINC03011","LINC03011",0.00230436794642995,1.33318275233494,0.032,0.015,1
"ENSG00000253666","ENSG00000253666",0.00230556009805535,-1.20221281446839,0.011,0.026,1
"TIPARP","TIPARP",0.00230680553484639,0.411358423235116,0.18,0.138,1
"ATP13A1","ATP13A1",0.00230691968838606,0.575764401247895,0.096,0.065,1
"KIAA0586","KIAA0586",0.00231852350474327,-0.317834107186889,0.18,0.227,1
"MDH1","MDH1",0.00232999307302422,-0.228169184344071,0.138,0.182,1
"PPP1R15A","PPP1R15A",0.00233479159636107,1.28598950660745,0.02,0.007,1
"ENSG00000257022","ENSG00000257022",0.00233598670912008,-0.969666906027859,0.016,0.035,1
"UBAP1L","UBAP1L",0.00233987303620242,0.595497202778639,0.105,0.073,1
"DLL1","DLL1",0.00234021846988362,-0.574899220118942,0.049,0.077,1
"HLCS","HLCS",0.00234818139859694,-0.198486855910396,0.264,0.319,1
"LINC01099","LINC01099",0.00235103879471572,-1.82028004311957,0.006,0.019,1
"MSL1","MSL1",0.00235809444843596,-0.225222423323865,0.165,0.214,1
"NOL7","NOL7",0.00235882459393222,0.824936454008305,0.096,0.066,1
"PDAP1","PDAP1",0.00236129083499344,0.778705488167522,0.072,0.045,1
"IPMK","IPMK",0.00236321661204519,-0.564421914418006,0.059,0.09,1
"IGF1R","IGF1R",0.00236563232656942,0.155354279298332,0.695,0.669,1
"RALGAPA2","RALGAPA2",0.00236776929257259,-0.207092947088814,0.39,0.443,1
"AUH","AUH",0.00237037346871145,-0.232399651075298,0.356,0.411,1
"PDS5A","PDS5A",0.00237283001606053,0.244378963888985,0.445,0.405,1
"ZNF578","ZNF578",0.00237700852270713,-1.52680002169117,0.009,0.023,1
"ENSG00000259380","ENSG00000259380",0.00238104226537976,1.89637153002887,0.016,0.005,1
"HM13","HM13",0.00238267942210708,0.352975739866559,0.262,0.219,1
"SEC14L1","SEC14L1",0.00238528250344911,-0.258461561317508,0.52,0.571,1
"LOC105370997","LOC105370997",0.00238822424986873,-0.627778954607737,0.053,0.082,1
"ZNF793","ZNF793",0.00239019506646992,-0.366774482098322,0.133,0.176,1
"ECHDC1","ECHDC1",0.0023907883354352,-0.255338093210888,0.143,0.187,1
"ZNF189","ZNF189",0.00239339184287493,-0.484783988549014,0.061,0.091,1
"SEC24D","SEC24D",0.00239405860752158,0.849851120183232,0.074,0.047,1
"ATAD2","ATAD2",0.00239748080998848,-0.411400381087164,0.062,0.093,1
"PARP16","PARP16",0.00240565684193884,0.855828675161618,0.076,0.049,1
"ENSG00000237978","ENSG00000237978",0.00240618887293184,0.216701125881917,0.4,0.342,1
"GBP3","GBP3",0.00240993152918955,-1.50271058356987,0.006,0.019,1
"TMED7-TICAM2","TMED7-TICAM2",0.0024211502929393,0.602204112358018,0.067,0.041,1
"MYO3B","MYO3B",0.00242299299140082,-1.44259344105141,0.006,0.019,1
"ZSCAN30","ZSCAN30",0.00243464381455564,-0.256752767754927,0.095,0.134,1
"ENSG00000255028","ENSG00000255028",0.00243594043135742,-1.20491175466388,0.015,0.033,1
"ADI1","ADI1",0.00243989512070089,-0.359158374931389,0.109,0.147,1
"MAP6","MAP6",0.0024412332363858,-0.323012995146346,0.116,0.158,1
"PDK3","PDK3",0.002442392566953,0.64907231024389,0.153,0.117,1
"ENSG00000235423","ENSG00000235423",0.00244536134755682,1.21925949428296,0.037,0.019,1
"ZDHHC7","ZDHHC7",0.00244752256089058,0.581784725936205,0.119,0.085,1
"MORC3","MORC3",0.0024498559182854,-0.249865922134554,0.269,0.326,1
"SNX7","SNX7",0.00245113540572024,-0.196906930521027,0.301,0.358,1
"CCDC40","CCDC40",0.00245191569346177,-0.171072377041045,0.199,0.252,1
"USP2-AS1","USP2-AS1",0.00245678515630161,-0.387218822900886,0.044,0.071,1
"PTP4A1","PTP4A1",0.00246756239682835,-0.565858465419942,0.019,0.039,1
"MEF2A","MEF2A",0.00247174166693936,-0.25899800863326,0.387,0.446,1
"LSM10","LSM10",0.00247245476955316,1.20725260524006,0.034,0.017,1
"AP2B1","AP2B1",0.00248446733001476,-0.216073152461432,0.292,0.349,1
"GNAI2","GNAI2",0.0024871282543368,-0.362456581895537,0.138,0.179,1
"BPHL","BPHL",0.00248809113242956,-0.196479386091554,0.049,0.077,1
"MRNIP","MRNIP",0.00249420820239366,0.557137393665073,0.163,0.125,1
"TENT4B","TENT4B",0.0024972593586552,0.307950751590584,0.17,0.128,1
"CORO1B","CORO1B",0.00249813748278296,0.98027796162287,0.05,0.028,1
"IRF2BPL","IRF2BPL",0.00249878121616896,0.482791714859396,0.124,0.089,1
"WDR64","WDR64",0.00249888095180297,-0.82320954121347,0.006,0.019,1
"TCTN3","TCTN3",0.00250738318390652,-0.432691712664887,0.105,0.142,1
"ANKS1B","ANKS1B",0.00250920784801047,-0.295172339108449,0.425,0.47,1
"ENSG00000225506","ENSG00000225506",0.00251050421091963,-1.21858652972683,0.009,0.023,1
"LPP","LPP",0.0025158684739503,-0.124875080778645,0.792,0.844,1
"SPA17","SPA17",0.00252085074869273,-0.856125489933559,0.014,0.03,1
"DAG1","DAG1",0.00252126761398247,0.431573181917989,0.276,0.235,1
"RTN1","RTN1",0.00253950172420482,0.326703967827694,0.346,0.302,1
"UBXN2A","UBXN2A",0.00254097456757128,0.364007429332513,0.327,0.285,1
"ZIC4","ZIC4",0.0025429351031107,-1.0655541825122,0.019,0.037,1
"HMGB2","HMGB2",0.00254495389608653,-0.577572880143612,0.031,0.054,1
"GCDH","GCDH",0.00254961406246587,-0.276062428616029,0.165,0.21,1
"POFUT4","POFUT4",0.00255102076989348,0.67488345924796,0.107,0.075,1
"SCAF8","SCAF8",0.00256228338667677,-0.283339502560595,0.394,0.441,1
"HMGN4","HMGN4",0.00256415745761588,-1.46887816216587,0.01,0.025,1
"PPM1B","PPM1B",0.00256422918987988,0.269027843911047,0.51,0.474,1
"UBR2","UBR2",0.00256747138186985,-0.144642524838703,0.462,0.534,1
"SPOUT1","SPOUT1",0.00257176663091809,0.638549622503629,0.108,0.076,1
"DDHD2","DDHD2",0.00257699246980061,-0.342319489139867,0.13,0.171,1
"LCDR","LCDR",0.00257777891892051,-1.29046315023952,0.01,0.025,1
"CCDC167","CCDC167",0.00258582775799315,0.840319165362732,0.032,0.015,1
"SRGAP2","SRGAP2",0.0025960664778844,0.499936026900185,0.091,0.062,1
"CDC42SE1","CDC42SE1",0.00260099498748086,-0.130347536203447,0.14,0.185,1
"MIGA2","MIGA2",0.0026019007157802,0.608833841689414,0.148,0.113,1
"ZNF646","ZNF646",0.00261551766210244,1.15937628403143,0.029,0.013,1
"HACE1","HACE1",0.00261946098476388,-0.308235822367907,0.186,0.232,1
"SCOC-AS1","SCOC-AS1",0.00261964000934509,-0.891673829574837,0.03,0.053,1
"UBALD1","UBALD1",0.00262571659843985,0.981890043938936,0.063,0.039,1
"HMG20B","HMG20B",0.00263490939489182,0.640287573484999,0.084,0.055,1
"SLC2A1-DT","SLC2A1-DT",0.00264415609697732,-0.329828704807798,0.066,0.098,1
"ZNF213","ZNF213",0.00265023175614712,-0.567087126266885,0.044,0.071,1
"DDX59","DDX59",0.00265210156377629,-0.406457196899219,0.078,0.112,1
"FAP","FAP",0.00265327280111927,-0.269049678890581,0.225,0.279,1
"LSM7","LSM7",0.0026583324851876,0.684025498214783,0.079,0.051,1
"RRP1","RRP1",0.00266320304746703,0.780935517442772,0.054,0.031,1
"ENSG00000284341","ENSG00000284341",0.00266493839556554,-1.61077503582463,0.006,0.018,1
"HADHA","HADHA",0.00266672499395626,-0.244110922140777,0.255,0.309,1
"SRP19","SRP19",0.00267941387994105,0.676363526261287,0.108,0.077,1
"ZBTB25","ZBTB25",0.00268277775418445,-0.288076888876174,0.148,0.192,1
"RNASEH2C","RNASEH2C",0.00268933192258185,0.745184679952309,0.065,0.04,1
"SLC35F1","SLC35F1",0.00269711669890776,0.272510161018248,0.404,0.358,1
"SLC35D2","SLC35D2",0.00270131234904297,-0.521371615594946,0.025,0.046,1
"ANKEF1","ANKEF1",0.00270469185133273,1.74168745555296,0.019,0.006,1
"ZXDC","ZXDC",0.00271231610818941,0.272468440024055,0.475,0.446,1
"HDAC4-AS1","HDAC4-AS1",0.00271452388902368,-0.92518118520746,0.016,0.033,1
"CRMP1","CRMP1",0.00271702174836046,-0.499933187790638,0.065,0.096,1
"ENSG00000249743","ENSG00000249743",0.00272281799884335,1.68923289653697,0.019,0.006,1
"CABYR","CABYR",0.00273816144480203,1.71721721020431,0.015,0.004,1
"USF2","USF2",0.00274151149544085,0.330450375096681,0.201,0.158,1
"STAU1","STAU1",0.00274757081272902,0.432641421442969,0.305,0.266,1
"GAMT","GAMT",0.00275602356521279,0.968750371656133,0.065,0.04,1
"CFAP410","CFAP410",0.00275887441365752,-0.492666678213826,0.049,0.077,1
"TUBE1","TUBE1",0.0027595011726508,0.376389454289742,0.2,0.158,1
"GIGYF2","GIGYF2",0.00276389336103145,-0.20147863924058,0.432,0.493,1
"ENSG00000269038","ENSG00000269038",0.00276752703451353,-1.27348281037415,0.014,0.031,1
"PPP4R2","PPP4R2",0.00276760026846261,0.351131970112188,0.242,0.196,1
"PPP1R13L","PPP1R13L",0.0027849898197492,0.747631371163443,0.057,0.034,1
"SEC62","SEC62",0.0027944372869129,-0.261948430774605,0.214,0.264,1
"ZNF418","ZNF418",0.0027959525457974,-0.526938559641882,0.027,0.049,1
"BBS4","BBS4",0.00279605888580848,-0.278852863326143,0.123,0.165,1
"ANGEL2","ANGEL2",0.00279805613748449,-0.313717829258623,0.13,0.172,1
"FOXN3","FOXN3",0.00279937189300565,0.242885571779427,0.701,0.689,1
"ELOVL1","ELOVL1",0.00280203791131447,0.526298648133786,0.093,0.063,1
"MTREX","MTREX",0.00280933580543509,-0.202597947009088,0.232,0.287,1
"ENSG00000233478","ENSG00000233478",0.00281130116732739,0.917840527816867,0.038,0.019,1
"ROBO4","ROBO4",0.00281229751108678,-0.638622678729735,0.01,0.025,1
"RSRC2","RSRC2",0.00281570469431177,-0.318813285833514,0.186,0.232,1
"ENSG00000259349","ENSG00000259349",0.00282405463907905,-0.802510685594862,0.021,0.04,1
"PLEKHG1","PLEKHG1",0.00282451748120987,0.199089781007332,0.682,0.645,1
"GREB1L-AS1","GREB1L-AS1",0.00282711839741727,1.5753566028463,0.025,0.01,1
"NFKBID","NFKBID",0.00282815812389216,1.00723436508526,0.032,0.015,1
"NFATC2IP-AS1","NFATC2IP-AS1",0.00282838462537776,1.05062521467728,0.019,0.006,1
"HNMT","HNMT",0.00283822060288057,-0.261850271624214,0.058,0.089,1
"ZNF33A","ZNF33A",0.00283836720907906,0.424081845769201,0.257,0.215,1
"KRABD4","KRABD4",0.00283997316899342,0.423123783452354,0.225,0.182,1
"PATL1","PATL1",0.00285334127615769,0.458202026034937,0.09,0.06,1
"IQCJ-SCHIP1","IQCJ-SCHIP1",0.00285484805707284,0.346140143744392,0.168,0.128,1
"ITPR1","ITPR1",0.00285719673952773,0.314080998268495,0.433,0.392,1
"TMED9","TMED9",0.00286144021536401,0.922763413110098,0.074,0.048,1
"ZNF711","ZNF711",0.00287547517462775,-0.653867645760112,0.024,0.045,1
"ADNP","ADNP",0.00287726435234134,-0.192551373035034,0.414,0.474,1
"BNIP1","BNIP1",0.00288769890085659,-0.915790440772218,0.021,0.04,1
"HSPA8","HSPA8",0.00289118850757095,0.414958422710332,0.147,0.109,1
"ATP5F1A","ATP5F1A",0.002891520221116,-0.371474320871485,0.141,0.183,1
"BOP1","BOP1",0.00289244513066114,1.03956215679646,0.035,0.017,1
"DLEC1","DLEC1",0.00289834090573366,-0.701545718779172,0.028,0.05,1
"ROCK1","ROCK1",0.00289962335185525,-0.208300028638865,0.363,0.42,1
"CFAP161","CFAP161",0.00290471450606311,1.37937474856982,0.023,0.009,1
"GSTM2","GSTM2",0.00290785050203564,-0.473762184891099,0.032,0.055,1
"TKFC","TKFC",0.002914823618475,-0.845454962152943,0.013,0.029,1
"POLE4","POLE4",0.00291582627423525,-2.0703739335392,0.005,0.017,1
"ADAMTS17","ADAMTS17",0.00291587843061646,-0.616299685587147,0.115,0.151,1
"LOC105371240","LOC105371240",0.00292271666548745,-0.961883685851608,0.014,0.031,1
"NEU3","NEU3",0.00292582381456953,-0.426738570157232,0.034,0.057,1
"ENSG00000226200","ENSG00000226200",0.00293030108653868,-0.772821043436662,0.014,0.031,1
"DTNB","DTNB",0.00293199655679165,0.225212031229729,0.399,0.345,1
"AP4M1","AP4M1",0.00294078029915796,0.473434814094135,0.13,0.095,1
"INPP5D","INPP5D",0.00294239829231437,-0.932539843900574,0.059,0.089,1
"ENSG00000247765","ENSG00000247765",0.00295455350339634,1.30467192269198,0.021,0.008,1
"DOCK11","DOCK11",0.002956291372392,1.25705472451556,0.046,0.026,1
"WIPF2","WIPF2",0.00296722179220174,0.276042932280599,0.507,0.47,1
"ABCA7","ABCA7",0.00297727201127937,0.798962935836975,0.047,0.026,1
"TCEANC2","TCEANC2",0.00298013283354142,0.583660902537605,0.092,0.063,1
"PSMC2","PSMC2",0.00298175616122095,-0.262473986238125,0.107,0.145,1
"PITPNM2","PITPNM2",0.00299139711899677,0.308364354762779,0.482,0.443,1
"RNASE1","RNASE1",0.00299885808660124,-0.887829085664304,0.013,0.029,1
"FSAF1","FSAF1",0.00299998678630701,-0.401730068246278,0.022,0.042,1
"CHAC2","CHAC2",0.0030057596416494,1.23719626129923,0.039,0.02,1
"IL20RA","IL20RA",0.00301069925516891,-0.400049609213381,0.078,0.112,1
"TXNRD3","TXNRD3",0.00302337687287293,-0.570371140498132,0.051,0.078,1
"AQP7B","AQP7B",0.00302649858958693,-1.27825891587575,0.005,0.017,1
"RAP1GAP2","RAP1GAP2",0.00302790611093498,-0.333898421668519,0.135,0.178,1
"POLR3G","POLR3G",0.00302878257890882,-0.869391986957056,0.023,0.043,1
"SMIM14-DT","SMIM14-DT",0.00303559985220271,-0.524694404443701,0.038,0.063,1
"JTB","JTB",0.00303923679546136,0.577056579245736,0.1,0.07,1
"GNA12","GNA12",0.00304200571495364,-0.174645886275745,0.419,0.479,1
"SZT2","SZT2",0.00305292658305186,-0.247692407017228,0.138,0.182,1
"KIAA1549","KIAA1549",0.00305581767588867,0.465457348672748,0.133,0.098,1
"ERICH6-AS1","ERICH6-AS1",0.00305765857615505,-0.709298432672488,0.024,0.045,1
"LINC01563","LINC01563",0.00305820547815695,-0.396293757969124,0.041,0.066,1
"ENSG00000233672","ENSG00000233672",0.00306170345723813,-0.84083293126128,0.005,0.017,1
"NTNG2","NTNG2",0.00306319682391907,-0.31687417220356,0.121,0.161,1
"HACD2","HACD2",0.00306726112889148,0.423430612016159,0.206,0.165,1
"GGA1","GGA1",0.00307348415058323,0.356695868939508,0.235,0.19,1
"ENSG00000280571","ENSG00000280571",0.003090073460053,1.21616659347356,0.033,0.016,1
"RXYLT1","RXYLT1",0.00309167225027669,-0.484631118219326,0.042,0.067,1
"JADE1","JADE1",0.00311471620849621,0.399788388018108,0.233,0.191,1
"MSRB3","MSRB3",0.00311584395033661,-0.201592676829242,0.295,0.355,1
"ZMYND12","ZMYND12",0.0031298861243253,-1.47946268438767,0.019,0.037,1
"TRMU","TRMU",0.00314374808118997,-0.449150204202366,0.103,0.139,1
"PPP2R3C","PPP2R3C",0.00314461951559869,0.369570535254802,0.225,0.182,1
"CPS1","CPS1",0.0031564139401747,-0.724941715406654,0.019,0.038,1
"THRAP3","THRAP3",0.00316659222007836,-0.232504440791898,0.214,0.263,1
"PLD1","PLD1",0.00316688270103671,-1.35077434636333,0.011,0.026,1
"WDR37","WDR37",0.0031678953254226,-0.210215323333088,0.229,0.286,1
"DDT","DDT",0.00317080674382709,-0.654368708117343,0.033,0.056,1
"SLC2A3","SLC2A3",0.00318144922068777,1.79836482411011,0.017,0.006,1
"ENSG00000228714","ENSG00000228714",0.00318357345734082,-1.18044239465128,0.012,0.028,1
"GPR39","GPR39",0.00318764910327112,-0.428449796158664,0.05,0.078,1
"STAG3","STAG3",0.00319822022131629,-0.374319247894417,0.036,0.06,1
"HS3ST3A1","HS3ST3A1",0.00319953579618747,1.74401295909334,0.017,0.006,1
"EPB41","EPB41",0.00320700123148837,0.479122089291242,0.173,0.134,1
"TMEM47","TMEM47",0.00321950741290585,-0.156171923145905,0.214,0.27,1
"MCCC1","MCCC1",0.00322051369838751,-0.197548827498834,0.259,0.313,1
"PDIA4","PDIA4",0.00323173037756745,0.695583302277175,0.073,0.047,1
"SGF29","SGF29",0.00323348378108507,0.828900506698317,0.066,0.041,1
"GAB1","GAB1",0.00324060912874558,0.301600452038669,0.542,0.517,1
"NAPRT","NAPRT",0.00324308412075438,1.03030821418524,0.033,0.016,1
"ZNF473","ZNF473",0.0032442558879605,1.2666548466188,0.028,0.012,1
"FOXP2","FOXP2",0.00324598973788524,0.312037064239722,0.148,0.11,1
"CD81","CD81",0.00324609932991767,-0.105130817036793,0.584,0.661,1
"CUL5","CUL5",0.00325445427998907,-0.155738439462937,0.286,0.345,1
"MKNK1","MKNK1",0.00325630280385982,-0.257437282283259,0.192,0.241,1
"DHX37","DHX37",0.00326541197622471,-0.907103524053363,0.032,0.055,1
"B4GALT6","B4GALT6",0.00327966845552331,-0.30656580681177,0.045,0.072,1
"IFT140","IFT140",0.00328131385230325,0.39686890673461,0.201,0.16,1
"CDHR3","CDHR3",0.00328472809528251,-0.121597877482227,0.671,0.732,1
"ENSG00000266578","ENSG00000266578",0.00330095165919138,-1.5776870381193,0.004,0.015,1
"NPAT","NPAT",0.00330264562578349,-0.333935313797399,0.113,0.15,1
"TMEM145","TMEM145",0.00330475860460844,-0.669340389911959,0.046,0.072,1
"LOC112268270","LOC112268270",0.00330912552895353,-0.849917616654706,0.007,0.02,1
"AIM2","AIM2",0.00331521559349659,-1.43001777687658,0.004,0.015,1
"PIWIL4-AS1","PIWIL4-AS1",0.00332427345278879,-1.16420818996772,0.015,0.032,1
"VEZF1","VEZF1",0.00332779291823221,0.491681867474685,0.204,0.165,1
"ENSG00000256686","ENSG00000256686",0.00333354056322693,-2.41858409413471,0.001,0.01,1
"IDE","IDE",0.00333520586495917,0.395687513517755,0.218,0.176,1
"PIK3CB","PIK3CB",0.003336307924816,-0.23371865136097,0.232,0.284,1
"NEURL1B","NEURL1B",0.00334113300696674,-2.51501516774808,0.001,0.01,1
"ZC3H7B","ZC3H7B",0.00334142291600475,0.490176779661338,0.141,0.105,1
"CHN1","CHN1",0.00334150998363126,-0.221986668572308,0.406,0.461,1
"CETN3","CETN3",0.0033415163582546,-0.402828774941416,0.04,0.065,1
"PLXNC1","PLXNC1",0.00334206832030716,0.931121120035198,0.086,0.059,1
"EEF1AKMT1","EEF1AKMT1",0.00334321998148957,-0.442747496064286,0.111,0.148,1
"ENSG00000234998","ENSG00000234998",0.00334422319847365,1.04640950139667,0.054,0.032,1
"LRP4-AS1","LRP4-AS1",0.00334582179637671,-0.599077951046648,0.053,0.081,1
"CD4","CD4",0.00334874119554389,-1.68662651979288,0.001,0.01,1
"ENSG00000257839","ENSG00000257839",0.00334874119554389,-2.07842631181647,0.001,0.01,1
"PTPN9","PTPN9",0.00334905824806586,0.33876129321673,0.432,0.396,1
"MIPOL1","MIPOL1",0.00335158799283144,-0.215065567772563,0.255,0.306,1
"JAKMIP3","JAKMIP3",0.00335784429402408,0.624661888878965,0.11,0.078,1
"SNHG19","SNHG19",0.00336694385221982,-0.677408928810768,0.039,0.063,1
"TPRG1L","TPRG1L",0.0033802582463219,0.931486200308609,0.049,0.028,1
"PAOX","PAOX",0.00338366895817555,1.06943756555043,0.043,0.024,1
"SLC22A14","SLC22A14",0.00339667725448126,1.90018629330879,0.019,0.007,1
"MCM7","MCM7",0.003402898199024,0.826010175665443,0.049,0.028,1
"TPM2","TPM2",0.00340867538386721,0.810389874647546,0.057,0.034,1
"ENSG00000234177","ENSG00000234177",0.00341367091792537,-0.488823553118232,0.033,0.056,1
"DCAKD","DCAKD",0.00341528581482887,-0.206257067369248,0.298,0.352,1
"PRCP","PRCP",0.00341632237229236,0.319929913275027,0.367,0.324,1
"SRRM5","SRRM5",0.00341687829356728,1.08266835569396,0.026,0.011,1
"ZNF26","ZNF26",0.00342069445886958,-0.47733968739389,0.055,0.084,1
"ECI1","ECI1",0.00343137877873868,0.462252237913722,0.153,0.116,1
"USP6NL","USP6NL",0.00343345983014352,-0.194294212466625,0.237,0.289,1
"NIT2","NIT2",0.00343734007166788,-0.507416537441914,0.036,0.059,1
"SLC25A23","SLC25A23",0.00344590187024321,0.545035112244362,0.124,0.091,1
"ENSG00000282804","ENSG00000282804",0.00346061232691127,1.2010096551265,0.012,0.003,1
"NRSN2-AS1","NRSN2-AS1",0.0034612469343649,0.211256052929283,0.271,0.223,1
"SNX29","SNX29",0.00348558321984283,-0.243144549923395,0.406,0.457,1
"LOC389831","LOC389831",0.00349176184113476,0.39086635327465,0.103,0.071,1
"PRR5","PRR5",0.00349363517426123,0.439130014946285,0.116,0.083,1
"SUCLA2","SUCLA2",0.00349881472789435,-0.393062940516625,0.123,0.161,1
"MYO1D","MYO1D",0.0035105775659154,-0.712254055327836,0.028,0.049,1
"ENSG00000258938","ENSG00000258938",0.00351352656054827,1.02103430846527,0.059,0.036,1
"CMTM4","CMTM4",0.0035199810459447,0.33054146954868,0.365,0.322,1
"ENSG00000230415","ENSG00000230415",0.00352828526447983,-1.83335671238096,0.006,0.019,1
"LOC107986448","LOC107986448",0.00353168324443833,-1.95290933465457,0.01,0.024,1
"CARD9","CARD9",0.00353302311406431,2.79842127008395,0.011,0.002,1
"ENSG00000264808","ENSG00000264808",0.00353989012639523,-0.457447173996204,0.027,0.048,1
"ZRANB2","ZRANB2",0.00354195093370114,-0.14714210039938,0.396,0.463,1
"TLNRD1","TLNRD1",0.00354435256049799,2.7517389293925,0.011,0.002,1
"NOL3","NOL3",0.00355961536765357,-0.389253115606799,0.085,0.118,1
"ZNF274","ZNF274",0.00356085090679416,-0.243396881962631,0.091,0.127,1
"EVI5L","EVI5L",0.00356572490631813,0.555825120148759,0.11,0.079,1
"ENSG00000254027","ENSG00000254027",0.0035681486523491,-2.44214719405685,0.002,0.011,1
"EHBP1-AS1","EHBP1-AS1",0.00357357706850295,-0.957334107923963,0.009,0.022,1
"BAIAP2-DT","BAIAP2-DT",0.00357533961228628,1.00655981697161,0.034,0.017,1
"NPEPPS","NPEPPS",0.00357586631677584,0.230899795092694,0.601,0.576,1
"MPRIP","MPRIP",0.00357591981932635,0.227748965939288,0.497,0.465,1
"SLC30A6-DT","SLC30A6-DT",0.00357927713877386,-2.02056652673991,0.002,0.011,1
"TECTB","TECTB",0.00357927713877386,-2.18480580106341,0.002,0.011,1
"NDUFS4","NDUFS4",0.00358317039980862,-0.272446317942081,0.201,0.25,1
"GTPBP6","GTPBP6",0.00359196919943114,0.508048863481589,0.122,0.089,1
"HR","HR",0.00359839956161708,-0.685274238732453,0.024,0.044,1
"CMPK2","CMPK2",0.00360180731849748,-1.96344108394109,0.003,0.012,1
"MROH6","MROH6",0.00360767180704383,1.37544843587527,0.022,0.008,1
"GRM7-AS1","GRM7-AS1",0.00360800349280642,-1.29666868252541,0.009,0.022,1
"ENSG00000275409","ENSG00000275409",0.00360917941806174,1.80002840767892,0.011,0.002,1
"DLEU2","DLEU2",0.00361372110238712,-0.166864537806901,0.391,0.455,1
"ENSG00000285446","ENSG00000285446",0.00361687658658389,1.66547674943991,0.011,0.002,1
"AIFM1","AIFM1",0.00362141070516761,-0.478929183859544,0.07,0.1,1
"COL18A1","COL18A1",0.00363129162345328,-1.18043060052744,0.016,0.033,1
"ENSG00000244701","ENSG00000244701",0.00363177695913647,0.751546280035319,0.098,0.069,1
"TMEM220-AS1","TMEM220-AS1",0.00363568914880964,-0.193421637962649,0.21,0.261,1
"ENSG00000257986","ENSG00000257986",0.00365039314389208,-0.884912370975594,0.006,0.019,1
"LOC105377134","LOC105377134",0.00365612540467089,-0.290851884999174,0.084,0.118,1
"SPTBN4","SPTBN4",0.00365676964377657,0.320726024292288,0.371,0.332,1
"CNTRL","CNTRL",0.00365924273253616,-0.271846358678057,0.158,0.203,1
"PHGDH","PHGDH",0.00367010027424016,0.436821981928908,0.191,0.152,1
"GALM","GALM",0.00367391387148883,0.412075143291347,0.118,0.084,1
"PRR22","PRR22",0.00367897239527716,-1.45605841915074,0.003,0.012,1
"SGIP1","SGIP1",0.00369402510405369,0.215605815071937,0.756,0.746,1
"LINC02240","LINC02240",0.00369961799874403,-1.23533617770084,0.016,0.033,1
"CDYL2","CDYL2",0.00371050880743387,0.408066968103756,0.173,0.134,1
"GRIA1","GRIA1",0.00371301496404097,0.78399155330157,0.074,0.048,1
"SAT1-DT","SAT1-DT",0.00371427662127592,-1.19155578945387,0.006,0.019,1
"ARMCX5","ARMCX5",0.00371427662127592,-1.05346429780786,0.006,0.019,1
"AGBL2","AGBL2",0.00371563624620156,-0.840752398091766,0.009,0.022,1
"RELCH","RELCH",0.00371914626963397,-0.164312550388758,0.259,0.315,1
"PGAP2","PGAP2",0.00372951204188107,-0.36188837150261,0.049,0.077,1
"ENSG00000273025","ENSG00000273025",0.0037367340978386,-0.998834368712884,0.006,0.019,1
"KCNC4","KCNC4",0.00374969185243657,0.713269086056654,0.138,0.106,1
"DNAJC1","DNAJC1",0.00377924173809653,-0.168165106715911,0.476,0.535,1
"SEC16A","SEC16A",0.00378102506756892,-0.429253973588646,0.099,0.134,1
"EXT1","EXT1",0.00379351161132952,-0.195194664764262,0.389,0.445,1
"VRK3","VRK3",0.0037964054392887,0.633438592557569,0.113,0.082,1
"GLDC","GLDC",0.00380101282430682,-0.369069355626412,0.112,0.149,1
"TMEM223","TMEM223",0.00380226953085496,0.62114425023153,0.069,0.044,1
"TMEM237","TMEM237",0.00380794183280235,-0.50324611480998,0.029,0.051,1
"RRN3","RRN3",0.00383195556780682,-0.363263679884454,0.093,0.128,1
"PSMB6","PSMB6",0.00383414961241202,0.749624319187431,0.037,0.019,1
"TAGLN","TAGLN",0.00384094773708246,-0.948230448180241,0.027,0.048,1
"APPBP2","APPBP2",0.00384786352228454,-0.245941016877522,0.297,0.352,1
"LINC00486","LINC00486",0.00385073546088318,-0.104913153719597,0.99,0.989,1
"NDUFS3","NDUFS3",0.00385680370665712,-0.30112071000421,0.085,0.118,1
"ENSG00000278419","ENSG00000278419",0.00387665848328413,1.2105262878964,0.016,0.005,1
"EDNRA","EDNRA",0.00388770936002133,-1.0771163092895,0.014,0.03,1
"CHL1","CHL1",0.00391077550978316,0.153266913314265,0.702,0.679,1
"SLC39A13","SLC39A13",0.00392663654918974,-0.307146825051879,0.112,0.149,1
"ATG2B","ATG2B",0.00394359001782139,-0.345611852506045,0.187,0.232,1
"CFAP58","CFAP58",0.00394527735155434,-0.936877949691339,0.014,0.03,1
"GMDS","GMDS",0.00396593515609004,-0.327342207687524,0.197,0.242,1
"RHBDL2","RHBDL2",0.00397814506214735,0.643286381294869,0.082,0.055,1
"SLC2A4RG","SLC2A4RG",0.00398649910067359,-0.353727388957778,0.049,0.075,1
"PLEC","PLEC",0.00398845219095224,-0.138962716051037,0.501,0.569,1
"DOP1A","DOP1A",0.00402178407904973,-0.151941202815337,0.294,0.349,1
"ALKBH8","ALKBH8",0.00403693053204536,-0.397331770669383,0.037,0.06,1
"SUCO","SUCO",0.00404253806829231,-0.339793871559571,0.154,0.196,1
"AMOTL1","AMOTL1",0.00405346342037615,0.385734367654813,0.29,0.245,1
"SIN3B","SIN3B",0.0040657174089848,-0.272926220879621,0.192,0.237,1
"N4BP2","N4BP2",0.00408128541340415,0.695198822843181,0.119,0.088,1
"CLSTN2","CLSTN2",0.00408328761573195,1.26833243151359,0.042,0.023,1
"SH3GLB1","SH3GLB1",0.00408851941804656,-0.209749306550475,0.189,0.237,1
"ENSG00000248138","ENSG00000248138",0.00409032520596836,-0.178504174499298,0.123,0.165,1
"ALDH1L2","ALDH1L2",0.00409225095537985,1.33221649896333,0.024,0.01,1
"CSMD3","CSMD3",0.00409390074499628,0.233160072661634,0.428,0.38,1
"TAF8","TAF8",0.00409524588867097,0.579900606726865,0.155,0.12,1
"RNF38","RNF38",0.00409631459922028,-0.215777425921931,0.416,0.471,1
"MTERF1","MTERF1",0.00410480674207084,-0.265599040261734,0.192,0.237,1
"JUP","JUP",0.00411219741833892,-0.894432119546919,0.019,0.037,1
"CD99","CD99",0.00411897963713284,0.359113862720893,0.287,0.243,1
"H2AX","H2AX",0.00412551742902921,1.09961195039356,0.053,0.032,1
"CCNH","CCNH",0.00412567258255631,0.214754716982303,0.587,0.566,1
"TET2","TET2",0.00412614660593617,-0.184739229581982,0.363,0.422,1
"SRSF10","SRSF10",0.00412918899048926,0.529608654595171,0.205,0.169,1
"ENSG00000256448","ENSG00000256448",0.00413698683807244,-1.15868527585263,0.006,0.017,1
"KCNH8","KCNH8",0.00415239131643976,-1.23574727050654,0.016,0.033,1
"CUL4B","CUL4B",0.00415422071982775,-0.323146089766932,0.075,0.107,1
"ADRA2A","ADRA2A",0.00415572700663767,1.34186613758857,0.024,0.01,1
"INPP4A","INPP4A",0.00416530372539953,0.398850355584079,0.356,0.319,1
"SNAP23","SNAP23",0.00418996743172227,0.412957364440761,0.278,0.239,1
"DEDD","DEDD",0.0041934016295625,-0.622564976003394,0.037,0.061,1
"ATRX","ATRX",0.00420148635865387,-0.169581764481357,0.493,0.553,1
"SAP30-DT","SAP30-DT",0.0042135115789309,-0.981406115661982,0.036,0.058,1
"SLC25A34","SLC25A34",0.0042237464551087,-0.95035183405829,0.008,0.021,1
"NEFH","NEFH",0.0042346432279586,-1.54637424214403,0.009,0.023,1
"CCDC186","CCDC186",0.00423643717927948,-0.430596860055598,0.09,0.123,1
"EMC1-AS1","EMC1-AS1",0.00423773356236866,0.534324194662714,0.185,0.148,1
"SAXO2","SAXO2",0.00424087146504269,-0.110043446055029,0.056,0.085,1
"FAM229A","FAM229A",0.00424362602299561,1.10399910069458,0.035,0.018,1
"RABL2B.1","RABL2B.1",0.0042511064119954,0.692551133888202,0.139,0.107,1
"PRR14L","PRR14L",0.00425238905446182,0.379988983615015,0.25,0.208,1
"BRD2","BRD2",0.00426361498387366,0.385852618509531,0.198,0.158,1
"JMJD1C","JMJD1C",0.00426546225518375,-0.166414349297406,0.735,0.776,1
"DNAAF1","DNAAF1",0.00426580971720903,-0.558220793281982,0.037,0.061,1
"ENSG00000267922","ENSG00000267922",0.00426895101757744,-0.498390295517911,0.048,0.074,1
"ENSG00000259692","ENSG00000259692",0.004271115209348,-1.72047809460288,0.009,0.023,1
"PKP2","PKP2",0.00427378751652226,-0.697050574422079,0.018,0.035,1
"CEBPZ","CEBPZ",0.00428013946585269,-0.293362166201202,0.071,0.102,1
"PPP2R2C","PPP2R2C",0.00428278518835003,-0.178171389240029,0.19,0.239,1
"PPARA","PPARA",0.00428493385461861,0.264454073596146,0.479,0.446,1
"SHQ1","SHQ1",0.00430182118858063,-0.452535509127916,0.057,0.084,1
"DYNLT2","DYNLT2",0.00431400340680125,1.06647806937677,0.032,0.016,1
"EPHB6","EPHB6",0.0043151260513896,1.0531268228994,0.053,0.032,1
"PDXK","PDXK",0.00431655684923219,-0.271208977409999,0.227,0.277,1
"MRPL45P2","MRPL45P2",0.00431867051874799,1.554594914482,0.027,0.012,1
"LOC102546299","LOC102546299",0.00433067179406263,1.34089033559039,0.02,0.008,1
"FAM81A","FAM81A",0.00433349760126236,-0.272054737654871,0.1,0.136,1
"ENSG00000223653","ENSG00000223653",0.00435407756170146,-0.506759268931403,0.094,0.127,1
"WDHD1","WDHD1",0.0043706109076648,-1.52538917636247,0.012,0.027,1
"NEIL1","NEIL1",0.00437941709317294,0.464971989446459,0.144,0.109,1
"TIMM17A","TIMM17A",0.00438460245650518,-0.505260980212939,0.029,0.05,1
"MDN1","MDN1",0.00438600936473149,-0.202962479129857,0.294,0.35,1
"KPTN","KPTN",0.00438823683410587,0.917036259174493,0.049,0.028,1
"RAB33B-AS1","RAB33B-AS1",0.00439326480597854,0.450499771923195,0.27,0.233,1
"ZFC3H1","ZFC3H1",0.00440340430386169,-0.347349766447506,0.171,0.214,1
"POLR1H","POLR1H",0.00441178644832473,1.00517453600801,0.02,0.008,1
"POC1B","POC1B",0.00441450976001927,-0.120006369584692,0.226,0.278,1
"HORMAD2-AS1","HORMAD2-AS1",0.00442301726002301,-0.77132306486493,0.022,0.04,1
"ENSG00000177822","ENSG00000177822",0.00442725411695696,-0.794460137847872,0.022,0.04,1
"OBSCN","OBSCN",0.00442754238278833,1.13023669321957,0.02,0.008,1
"LMNTD1","LMNTD1",0.00443024584910487,-0.303650204061377,0.105,0.14,1
"SRSF4","SRSF4",0.00443094845033397,-0.192752278889509,0.292,0.346,1
"CRACD","CRACD",0.00444276198662803,-0.15142445324664,0.485,0.542,1
"ARHGEF9","ARHGEF9",0.00445387870925992,-0.106298846696162,0.188,0.239,1
"PDP2","PDP2",0.00445391532512146,0.458397855855775,0.087,0.059,1
"PPA1","PPA1",0.0044545581335154,-0.42563153408837,0.105,0.138,1
"NCBP1","NCBP1",0.00445743051171614,-0.379770956249665,0.107,0.143,1
"SWT1","SWT1",0.00445916192434086,0.382651642359348,0.263,0.223,1
"ITM2C","ITM2C",0.00445968666361859,-0.155463939204473,0.427,0.487,1
"PCSK5","PCSK5",0.00445982420776959,0.17192171318251,0.713,0.697,1
"ENSG00000238035","ENSG00000238035",0.0044673568204955,-0.368314030765012,0.033,0.055,1
"PLXNA2","PLXNA2",0.00447559443848045,0.22066944823436,0.586,0.561,1
"ABCA5","ABCA5",0.00448291860961949,-0.287623554001275,0.088,0.123,1
"GOLGA7B-DT","GOLGA7B-DT",0.00449859026497157,-0.898555889367398,0.015,0.031,1
"LIN7A","LIN7A",0.00451369909625429,0.471166014796166,0.239,0.201,1
"NCBP3","NCBP3",0.00451757257966791,-0.364595943915166,0.128,0.166,1
"ANXA7","ANXA7",0.00453524603514639,-0.319737754840541,0.152,0.194,1
"FBXO24","FBXO24",0.00453534419232853,-1.51690897539262,0.005,0.016,1
"CD2AP","CD2AP",0.00453698941613702,-0.375888185321097,0.125,0.163,1
"XPA","XPA",0.00454253470194362,-0.346169020024126,0.141,0.18,1
"NBPF14","NBPF14",0.0045655941831826,-0.273030456667504,0.128,0.167,1
"RGS7","RGS7",0.00457576350319048,-0.154309790177287,0.787,0.811,1
"CBX3","CBX3",0.00457932067192855,0.616119358335241,0.11,0.08,1
"SUGCT","SUGCT",0.00458744094365829,-0.214175405992312,0.293,0.346,1
"BCAR3","BCAR3",0.00460576165037527,-0.165809031624539,0.619,0.671,1
"HDAC5","HDAC5",0.00460773223447736,0.493835355983237,0.161,0.124,1
"ICAM1","ICAM1",0.00462514466671168,1.02490300727599,0.027,0.012,1
"ENSG00000260196","ENSG00000260196",0.00462799462933872,-1.3414764970358,0.005,0.016,1
"SPATA24","SPATA24",0.00462878094135428,-1.0495918010933,0.014,0.029,1
"RNF4","RNF4",0.00463591773642875,-0.301810976986372,0.127,0.166,1
"ZNF624","ZNF624",0.00463890576420219,-1.11727816885471,0.012,0.027,1
"PPFIA4","PPFIA4",0.00464269721620374,0.346385764305823,0.12,0.087,1
"STIM1","STIM1",0.00464370302606976,-0.166014283048947,0.283,0.335,1
"LRR1","LRR1",0.00464436324493609,1.63309230241959,0.025,0.011,1
"CHST9","CHST9",0.00464977915351827,-0.19029202673945,0.09,0.125,1
"NUP62CL","NUP62CL",0.0046693011234231,-0.879710930672792,0.005,0.016,1
"ENSG00000255328","ENSG00000255328",0.00466963804486628,-1.52675826515511,0.007,0.019,1
"PHTF2","PHTF2",0.00467288471330814,-0.276784705039695,0.12,0.158,1
"TMBIM1","TMBIM1",0.00467512969683144,-0.393860393854938,0.219,0.261,1
"CDK14","CDK14",0.00468081175652039,-0.166753278107705,0.586,0.636,1
"PSMD6-AS2","PSMD6-AS2",0.00468899032183855,0.575254635545198,0.08,0.053,1
"MDM1","MDM1",0.00471219753630493,-0.362808813960504,0.078,0.11,1
"RSL24D1","RSL24D1",0.00472500299006255,0.808186369093965,0.053,0.032,1
"WDR3","WDR3",0.00472861253653555,-0.721361908595312,0.024,0.043,1
"CXCR4","CXCR4",0.00473406446344591,-0.853718492436752,0.02,0.038,1
"DYNC1H1","DYNC1H1",0.00474619476236581,-0.227328032126842,0.38,0.432,1
"SAMD15","SAMD15",0.00474645840753563,-0.953225799491005,0.011,0.025,1
"SLC4A2","SLC4A2",0.0047466907031398,0.727510109591734,0.088,0.061,1
"POMZP3","POMZP3",0.00474728816400082,0.793533509358105,0.049,0.029,1
"MAMDC2","MAMDC2",0.00475041647389306,-0.52166133276367,0.034,0.056,1
"CDV3","CDV3",0.00477528622665706,0.559169906895662,0.065,0.041,1
"HERPUD2","HERPUD2",0.00478502200044352,-0.308738657756628,0.222,0.268,1
"MNT","MNT",0.00480050420354867,0.482663584775949,0.126,0.094,1
"HAPLN2","HAPLN2",0.00480545238654944,-0.675573412220749,0.042,0.066,1
"OCLN","OCLN",0.00483910244503156,-0.634404390352086,0.037,0.06,1
"CTSH","CTSH",0.00484345582757139,0.581666263904323,0.148,0.114,1
"IFI27","IFI27",0.00484649188508718,1.1281064412582,0.033,0.017,1
"MFF","MFF",0.00485393484677034,-0.198954261810213,0.216,0.263,1
"HNRNPL","HNRNPL",0.00486532470184057,-0.284702225365189,0.134,0.174,1
"ERRFI1","ERRFI1",0.00486553744021725,0.468021802871357,0.174,0.138,1
"KIAA1958","KIAA1958",0.00486564896959038,0.164265821603262,0.667,0.638,1
"NUDC","NUDC",0.00488056190418678,0.574730131995515,0.118,0.086,1
"MORN4","MORN4",0.00489385443905626,-0.328321110399877,0.085,0.118,1
"CCN4","CCN4",0.004910685905907,1.61633066783128,0.023,0.01,1
"ENSG00000259124","ENSG00000259124",0.00492914309888237,-0.411427010101934,0.049,0.075,1
"TIMM44","TIMM44",0.00496632866504847,0.565894763847256,0.128,0.095,1
"MBTPS2","MBTPS2",0.00497963362036212,-0.421848760696987,0.09,0.124,1
"DDX11","DDX11",0.00498104222978005,0.701563109347426,0.049,0.028,1
"GPC5-AS1","GPC5-AS1",0.00498129039195069,1.65979277886649,0.028,0.013,1
"ENSG00000236886","ENSG00000236886",0.00498133083703894,-0.414912882451945,0.045,0.07,1
"CEBPZOS","CEBPZOS",0.00499232047522001,0.457295347005334,0.176,0.14,1
"SLC25A21-AS1","SLC25A21-AS1",0.00500216499149797,-1.90209694243489,0.004,0.015,1
"SAP25","SAP25",0.00500414102129155,0.634251146501763,0.07,0.046,1
"EXD2","EXD2",0.00500527228739854,-0.229183480784098,0.078,0.111,1
"ELOVL2-AS1","ELOVL2-AS1",0.00502334269865002,-1.61388813716536,0.004,0.015,1
"NUP42","NUP42",0.00502485269779975,-0.341005476018793,0.117,0.154,1
"TAFA1","TAFA1",0.00502739202577317,-0.52229999878483,0.093,0.125,1
"ENSG00000248202","ENSG00000248202",0.00502758795537882,-1.61231037359651,0.004,0.015,1
"LSM3","LSM3",0.00503342309518622,-1.05822954113281,0.019,0.037,1
"TBL1X","TBL1X",0.00503533100207529,-0.204399170777414,0.487,0.535,1
"HEPN1","HEPN1",0.00504927077744222,-0.255522081768515,0.228,0.275,1
"GOSR1","GOSR1",0.00507832769481634,-0.256978782038762,0.206,0.254,1
"BBS9","BBS9",0.00508398784318686,-0.229157265129193,0.424,0.469,1
"OAT","OAT",0.00508442464714555,-0.393978130686262,0.108,0.143,1
"ENSG00000272335","ENSG00000272335",0.00509817351134561,0.583210533232686,0.049,0.028,1
"NRDE2","NRDE2",0.00510451595260742,-0.296512306424561,0.123,0.161,1
"RBM26-AS1","RBM26-AS1",0.00511314235403036,-0.536532412938804,0.022,0.041,1
"LRRCC1","LRRCC1",0.00513925277174328,-0.568444365900354,0.035,0.057,1
"TTC17","TTC17",0.00517634102801481,-0.13290426988782,0.588,0.64,1
"DNAJB14","DNAJB14",0.00518946261563817,-0.19586557048523,0.236,0.287,1
"SNHG25","SNHG25",0.00520501469154005,-0.198424216021887,0.087,0.121,1
"ENSG00000229017","ENSG00000229017",0.00522030638455097,-1.29594198230052,0.01,0.024,1
"WASF2","WASF2",0.00522248324191565,-0.152903595373827,0.447,0.509,1
"ENSG00000242798","ENSG00000242798",0.0052228901806451,1.72427689668246,0.021,0.008,1
"PPM1K","PPM1K",0.00522341120887542,-0.183210514199483,0.484,0.543,1
"ZNF561","ZNF561",0.00522341175644004,0.77354347492054,0.064,0.041,1
"CNTN3","CNTN3",0.00522609279462777,-0.61644804887013,0.044,0.068,1
"DNAAF4","DNAAF4",0.00522735943007658,0.359194897888483,0.196,0.158,1
"SNX30","SNX30",0.00522854525052933,-0.429873342765244,0.08,0.112,1
"LINC01607","LINC01607",0.00523283206286515,-0.712859284915176,0.009,0.021,1
"MIRLET7IHG","MIRLET7IHG",0.00523929170968462,-0.652058463876818,0.057,0.084,1
"SHROOM4","SHROOM4",0.0052426114397392,-1.51496421767029,0.011,0.026,1
"NDUFAF6","NDUFAF6",0.00524775716001401,0.443529725715306,0.272,0.238,1
"FBXO38","FBXO38",0.00525294521123165,-0.334534242940375,0.122,0.16,1
"ENSG00000276250","ENSG00000276250",0.00525548698071408,1.23792769971539,0.019,0.007,1
"RGPD1","RGPD1",0.00528761703244797,1.32307294782483,0.021,0.008,1
"ZNF208","ZNF208",0.00528944408495041,-0.41862833523839,0.032,0.054,1
"FXR2","FXR2",0.00530661049468642,0.660278604559917,0.093,0.066,1
"DYNLT5","DYNLT5",0.00530677999570625,-0.78023637012819,0.009,0.021,1
"ENSG00000259664","ENSG00000259664",0.00531075334539641,-2.48351153354715,0.004,0.013,1
"ZNF277-AS1","ZNF277-AS1",0.0053229740871365,-1.76064685119348,0.006,0.018,1
"NPIPB5","NPIPB5",0.00533013151219351,-0.374576043156732,0.199,0.241,1
"CNTN2","CNTN2",0.00533271784207807,-0.944098811456095,0.032,0.053,1
"ANO4","ANO4",0.0053329651791549,-1.22099315608323,0.013,0.028,1
"PIBF1","PIBF1",0.00534464738038579,-0.151110004373696,0.445,0.508,1
"AGBL1","AGBL1",0.00534528285123322,-0.443115954509854,0.03,0.051,1
"LPCAT4","LPCAT4",0.00534865065688616,0.967903504338611,0.04,0.022,1
"VCPKMT","VCPKMT",0.00536898932919485,0.74255593079074,0.081,0.055,1
"LINC00871","LINC00871",0.00538028111950811,-1.24501413161444,0.006,0.018,1
"HBB","HBB",0.00541029121019358,-1.1644460427924,0.013,0.028,1
"ELAPOR1","ELAPOR1",0.00541613050859647,-1.10877341638893,0.006,0.018,1
"NLRP14","NLRP14",0.00542057014211722,-1.35068005841057,0.004,0.013,1
"FTH1","FTH1",0.00542336212159648,-0.139247220861751,0.475,0.539,1
"NCOA5","NCOA5",0.0054302219903821,0.512883965324903,0.161,0.127,1
"KIDINS220","KIDINS220",0.00543498504876448,-0.153419195847964,0.457,0.524,1
"TP53TG5","TP53TG5",0.00543545977617266,-0.866111817547482,0.014,0.03,1
"LRRC37B","LRRC37B",0.0054495460696245,0.310727247176355,0.311,0.267,1
"ENSG00000254539","ENSG00000254539",0.00545403475409012,0.813110494388561,0.028,0.013,1
"LPL","LPL",0.00545822709914975,-1.21519690036327,0.006,0.018,1
"RIC1","RIC1",0.00546701695704118,-0.223061853188601,0.252,0.302,1
"PTPRD","PTPRD",0.00546997361100114,-0.240462461844573,0.287,0.337,1
"TRAF7","TRAF7",0.00549081038447168,0.494825605293483,0.075,0.05,1
"ENSG00000205236","ENSG00000205236",0.00550241373668806,0.713778540521208,0.109,0.08,1
"ENSG00000272927","ENSG00000272927",0.00550793924628831,-1.30465232261912,0.004,0.013,1
"SAMD11","SAMD11",0.00552084995059079,1.09202632869785,0.04,0.022,1
"ENSG00000271200","ENSG00000271200",0.00554887156143784,-0.432924009217552,0.039,0.063,1
"MYH10","MYH10",0.00556034838648683,-0.199484967822264,0.198,0.247,1
"WTIP","WTIP",0.00556169454579695,-0.859980993004935,0.006,0.018,1
"CMTM5","CMTM5",0.00559039302092392,-0.836633649127961,0.013,0.028,1
"WDR47","WDR47",0.00559841613922057,-0.344550690321954,0.096,0.13,1
"EPG5","EPG5",0.00560317061593515,-0.226213446936267,0.142,0.181,1
"ZNF22","ZNF22",0.00560380895218229,-0.523893697668684,0.027,0.046,1
"FGF12","FGF12",0.00560602356644587,-1.04960692675727,0.047,0.071,1
"SFI1","SFI1",0.0056229842648869,0.541289645130125,0.158,0.124,1
"RBM20","RBM20",0.00564053198443791,-2.42875886591403,0.003,0.012,1
"RUVBL1","RUVBL1",0.00565517933297369,0.413675003790071,0.12,0.088,1
"EPSTI1","EPSTI1",0.00566900964944958,-0.881166458915946,0.006,0.018,1
"ENSG00000272140","ENSG00000272140",0.00569767979227492,-0.765570496397194,0.022,0.039,1
"CPSF4L","CPSF4L",0.005704905773159,-2.57397620896328,0.003,0.012,1
"TTTY10","TTTY10",0.00570766563745959,-0.284338513562187,0.117,0.153,1
"ENSG00000267703","ENSG00000267703",0.00572651049473283,-1.73617434625601,0.003,0.012,1
"CBFB","CBFB",0.00572732482256915,-0.237857204349452,0.307,0.358,1
"ENSG00000260693","ENSG00000260693",0.00573734050157438,-1.72875191544823,0.003,0.012,1
"ENSG00000278610","ENSG00000278610",0.00574213303247038,-0.534687597323885,0.049,0.075,1
"LOC102724768","LOC102724768",0.00574608627359958,-0.23996345444464,0.085,0.119,1
"PARP3","PARP3",0.00575773234445167,0.80170394836603,0.047,0.028,1
"ASCC1","ASCC1",0.00575967055111012,0.343088463631346,0.329,0.287,1
"TSPO","TSPO",0.00577437837451662,0.752930883381174,0.044,0.025,1
"CRLF3","CRLF3",0.0057767949327073,0.337785673213546,0.227,0.188,1
"ENSG00000239828","ENSG00000239828",0.00578979887713658,-0.923813664568556,0.026,0.045,1
"TUSC1","TUSC1",0.00579178123150253,1.90093252015543,0.015,0.005,1
"ENSG00000267696","ENSG00000267696",0.00579249604077721,-1.95416797476423,0.002,0.01,1
"MDM4","MDM4",0.0057934352125758,-0.146012494977703,0.356,0.415,1
"STPG2","STPG2",0.00579519714111659,-0.286052773111325,0.312,0.36,1
"SNX25","SNX25",0.00579538282159695,0.353872852013477,0.272,0.232,1
"MAGEC3","MAGEC3",0.00579840020550282,-2.00111949349649,0.002,0.01,1
"LOC124902108","LOC124902108",0.00579840020550282,-1.47137468330076,0.002,0.01,1
"SLC2A1","SLC2A1",0.0058002040076952,0.302409364598971,0.204,0.164,1
"ASMTL","ASMTL",0.00580474523962058,-0.387281895369862,0.05,0.076,1
"MAP7D1","MAP7D1",0.00580823734459856,0.362943266247377,0.168,0.133,1
"SLC9D1","SLC9D1",0.00581705154840377,-0.277207755490863,0.103,0.139,1
"SACM1L","SACM1L",0.0058230711450983,-0.344535966301247,0.123,0.16,1
"FRY","FRY",0.00582316107910209,0.196914713825532,0.528,0.49,1
"CCAR1","CCAR1",0.00582363104361218,-0.262998688015907,0.323,0.371,1
"ENSG00000259460","ENSG00000259460",0.00582800249607918,-1.32831007006106,0.002,0.01,1
"NUP214","NUP214",0.00582849038161709,-0.171500605755728,0.197,0.247,1
"B4GALT5","B4GALT5",0.00583702656253674,0.280625621999594,0.392,0.358,1
"DDX59-AS1","DDX59-AS1",0.00584468709478232,-0.696917741777077,0.037,0.059,1
"ENSG00000282246","ENSG00000282246",0.00584755272579501,0.688223393822226,0.098,0.071,1
"RPUSD3","RPUSD3",0.00584826483696638,0.774438549193996,0.07,0.046,1
"PTPN4","PTPN4",0.00589193004980186,-0.203783569755941,0.394,0.445,1
"LOC100507053","LOC100507053",0.00590150036002373,-0.492899025408717,0.067,0.096,1
"ENSG00000240093","ENSG00000240093",0.00591136786024667,1.40388759229477,0.015,0.005,1
"SEMA3A","SEMA3A",0.00591146549008139,-0.38627111933328,0.05,0.076,1
"PRUNE1","PRUNE1",0.00591513158171015,0.677282941512003,0.065,0.041,1
"TOP3B","TOP3B",0.00591548187573545,0.719507417065788,0.077,0.052,1
"THUMPD2","THUMPD2",0.00591573302860377,-0.213115586976992,0.113,0.149,1
"GNB3","GNB3",0.00591619728323576,1.48642573544742,0.015,0.005,1
"CDKN2D","CDKN2D",0.00592103026181765,1.69543278963889,0.015,0.005,1
"TRABD","TRABD",0.00592218473096452,0.578281760671294,0.123,0.091,1
"D2HGDH","D2HGDH",0.00593100400512535,-0.2445880363088,0.168,0.211,1
"ENSG00000254744","ENSG00000254744",0.0059423271977867,2.2490759687679,0.01,0.002,1
"CEP112","CEP112",0.00594443901189632,-0.181733288320626,0.435,0.493,1
"RYR3-DT","RYR3-DT",0.00594452755574967,-0.636909406082409,0.026,0.045,1
"LNPEP","LNPEP",0.00595557830252375,0.338848789748539,0.38,0.342,1
"MYO16","MYO16",0.0059607876864697,-0.438972138966829,0.054,0.081,1
"MRPL51","MRPL51",0.00596931251449831,0.771341575439472,0.056,0.035,1
"SPHK1","SPHK1",0.00597970988775708,2.11277086531594,0.01,0.002,1
"PDHX","PDHX",0.0059863209345954,-0.189590007710166,0.233,0.283,1
"GRIP2","GRIP2",0.00599221779320632,2.13326049814121,0.01,0.002,1
"LRRC28","LRRC28",0.00599598114448254,-0.223159135527604,0.172,0.216,1
"SLC48A1","SLC48A1",0.00600037867580584,-0.23530592541201,0.202,0.248,1
"KLHDC1","KLHDC1",0.00600346094376464,-0.227579703465319,0.237,0.28,1
"DERL3","DERL3",0.00600373710944281,1.55291037255387,0.015,0.005,1
"WDR18","WDR18",0.00600746561027959,0.499422152167714,0.067,0.043,1
"SPMIP2","SPMIP2",0.00601618556563773,-2.12496743892093,0.006,0.017,1
"CYP2E1","CYP2E1",0.0060167125122432,-0.790477843726303,0.016,0.033,1
"HPCAL4","HPCAL4",0.00601715168522374,-0.821263594434772,0.02,0.037,1
"BMX","BMX",0.00604342539544376,1.36503725659475,0.035,0.019,1
"TMEM229A","TMEM229A",0.00607532951250855,0.786524174341598,0.062,0.039,1
"HAVCR2","HAVCR2",0.00608428953089117,0.434317135509983,0.101,0.072,1
"F5","F5",0.00608487670871241,1.13196648655537,0.049,0.03,1
"NFATC1","NFATC1",0.00608791082635708,0.46409393934648,0.166,0.131,1
"PHF10","PHF10",0.00609298611473297,0.610777999470919,0.14,0.108,1
"SPATA9","SPATA9",0.00609903460742882,-1.23998471987318,0.019,0.035,1
"ENSG00000280850","ENSG00000280850",0.00611129043016709,-0.401313034251386,0.013,0.028,1
"NAV2","NAV2",0.00611749879693149,0.172791849910271,0.972,0.965,1
"FAM78B","FAM78B",0.0061193099717334,0.979198700423047,0.038,0.021,1
"MCM4","MCM4",0.00615339518938445,-0.766427854902511,0.008,0.02,1
"DPP8","DPP8",0.00615920498534927,-0.124178145296076,0.371,0.438,1
"CLIC5","CLIC5",0.00616248234556868,0.413877078222556,0.058,0.036,1
"EIF3J","EIF3J",0.00616657230222735,-0.302555758694044,0.117,0.153,1
"DGKE","DGKE",0.00617230627971882,0.436586410373147,0.099,0.07,1
"KPNA6","KPNA6",0.00618440690964351,0.295904053014238,0.305,0.265,1
"TP53BP2","TP53BP2",0.00618521208268882,-0.132161844963088,0.32,0.376,1
"LOC124906209","LOC124906209",0.0061871566045201,-0.608640894012447,0.077,0.106,1
"RIN2","RIN2",0.00619079696400882,0.219026992508725,0.553,0.524,1
"ENSG00000227869","ENSG00000227869",0.00619294689989863,-1.07236190948017,0.006,0.017,1
"ZNF880","ZNF880",0.00619636264265994,-0.590105517253493,0.026,0.045,1
"PELI1","PELI1",0.00622204721491361,1.00465792075137,0.049,0.03,1
"CEP70","CEP70",0.00622832388057722,-0.2407675852988,0.209,0.252,1
"C1QTNF1","C1QTNF1",0.00625846748615833,-0.447768631931099,0.075,0.105,1
"NLN","NLN",0.00628047082150119,-0.347633361547441,0.11,0.144,1
"VAV3-AS1","VAV3-AS1",0.00628309798973264,1.33135176758183,0.022,0.009,1
"MPHOSPH9","MPHOSPH9",0.00629769641821844,-0.112662548472503,0.227,0.28,1
"SLX4IP","SLX4IP",0.00630813167807065,-0.203633046081624,0.258,0.311,1
"LMCD1","LMCD1",0.00630920892052476,1.02496131483812,0.042,0.024,1
"RCN1","RCN1",0.00631102445498163,0.416544035176226,0.054,0.033,1
"ENSG00000174680","ENSG00000174680",0.00634852649562248,-1.29705006649052,0.011,0.024,1
"FAAP100","FAAP100",0.00635441951744516,-0.850481267151796,0.019,0.035,1
"IL7","IL7",0.00641047878946529,-0.416681522594278,0.047,0.071,1
"ENSG00000268744","ENSG00000268744",0.00641571898964912,1.40377299499255,0.019,0.008,1
"KMT2C","KMT2C",0.00642636689123619,-0.135452184870258,0.733,0.77,1
"ILDR2","ILDR2",0.00642894548057251,-0.910947669498457,0.024,0.043,1
"ENPP2","ENPP2",0.00644024066483734,-0.523015991523379,0.03,0.05,1
"ENSG00000283217","ENSG00000283217",0.00644367502783636,0.967832250825049,0.059,0.037,1
"CAPRIN1","CAPRIN1",0.00644682987470023,0.345129560832957,0.209,0.17,1
"ENSG00000251294","ENSG00000251294",0.00644713058949837,-0.560913200454306,0.02,0.037,1
"HSPA2","HSPA2",0.00645603545649371,0.516783274635924,0.128,0.095,1
"ENSG00000278668","ENSG00000278668",0.00646586138713616,-1.06796278616225,0.012,0.026,1
"BCORL1","BCORL1",0.0064698506896957,0.607810218434925,0.079,0.054,1
"ADA2","ADA2",0.0064871937976061,-0.852698920695162,0.015,0.03,1
"ZNF227","ZNF227",0.00649327491909386,-0.529868571866186,0.055,0.081,1
"AGBL3","AGBL3",0.00652248186991748,-0.428742267474548,0.063,0.091,1
"SMOX","SMOX",0.00652568845999733,0.307356725308076,0.349,0.313,1
"LDB1","LDB1",0.00652743512379886,-0.483528718817666,0.043,0.066,1
"LOC105369306","LOC105369306",0.00653662496016416,-1.08310411527451,0.011,0.024,1
"SDCBP","SDCBP",0.00654542145792451,0.517572197120764,0.124,0.093,1
"MED27","MED27",0.00655835644130486,0.340530102783882,0.371,0.336,1
"FAAH","FAAH",0.00658750632986164,-0.472123510216288,0.062,0.089,1
"ENSG00000258666","ENSG00000258666",0.00659215487811093,1.18046019249835,0.019,0.008,1
"FHL3","FHL3",0.00659509801458998,0.998990900779838,0.032,0.017,1
"XKRX","XKRX",0.00660443573027418,-1.02190110499347,0.011,0.024,1
"ENSG00000232934","ENSG00000232934",0.00663348542773262,1.08430488007115,0.019,0.008,1
"CEP15","CEP15",0.00666314943690858,-0.359655155676972,0.03,0.05,1
"TAF2","TAF2",0.0066642984031732,-0.372795194606158,0.163,0.203,1
"TMX3","TMX3",0.00666805716055187,-0.253186227183863,0.123,0.16,1
"RAB3D","RAB3D",0.00667629315657728,-0.857705883720397,0.021,0.038,1
"EIF2B3","EIF2B3",0.00667923002465088,0.270384200642071,0.234,0.193,1
"LOC124904917","LOC124904917",0.0066818435808148,-0.515526502280194,0.033,0.054,1
"PPFIA3","PPFIA3",0.00668339064317931,0.721746037739767,0.083,0.057,1
"PLA2G5","PLA2G5",0.00670924928026935,-0.298711326396256,0.103,0.137,1
"CSNK1E","CSNK1E",0.0067380812567372,-0.289361158102417,0.114,0.149,1
"MCRIP1","MCRIP1",0.00673814182674219,0.488362603657545,0.11,0.08,1
"EMC3","EMC3",0.00675717009269687,0.268535411066723,0.225,0.185,1
"NR2F6","NR2F6",0.00679833233448615,0.604126678261378,0.097,0.07,1
"ASH1L-AS1","ASH1L-AS1",0.00679945697436318,-1.51735467652524,0.007,0.019,1
"KLHL2","KLHL2",0.00680205849669812,-0.222373787709533,0.282,0.329,1
"SLC25A43","SLC25A43",0.00680387605989963,0.515497677711609,0.265,0.232,1
"ARHGEF26","ARHGEF26",0.00681649559355607,-0.123944904523833,0.668,0.718,1
"FMN1","FMN1",0.0068192239504469,-0.598229681869737,0.017,0.033,1
"LOC102724159","LOC102724159",0.00683357301758957,1.85209140694915,0.014,0.004,1
"ENSG00000283208","ENSG00000283208",0.00683435679861032,-0.553861358635616,0.062,0.089,1
"C19orf12","C19orf12",0.00684260545188842,-0.23624122066134,0.13,0.168,1
"ATCAY","ATCAY",0.00684673758140061,-1.48641623755741,0.005,0.015,1
"EXOSC7","EXOSC7",0.00685772255861854,0.488571571692893,0.107,0.077,1
"RABGAP1L","RABGAP1L",0.00686314766942751,-0.155679763736484,0.462,0.524,1
"CUX2","CUX2",0.0068901812718353,-1.67799447482939,0.005,0.015,1
"TTLL7","TTLL7",0.00689462980990398,-0.608982309421547,0.062,0.089,1
"FAM221A","FAM221A",0.00690448071463314,-0.548635923158916,0.052,0.077,1
"FAM120AOS","FAM120AOS",0.0069096764686896,-0.363815062056167,0.051,0.076,1
"DYNC1I1","DYNC1I1",0.00691568588149074,-0.436123576509732,0.067,0.095,1
"DYNC1I2","DYNC1I2",0.00692421499107187,-0.16109420311669,0.155,0.197,1
"MRPS30","MRPS30",0.0069313878239718,0.799632104332662,0.064,0.041,1
"ENSG00000272040","ENSG00000272040",0.00693312446460726,1.72761169221576,0.014,0.004,1
"BCL2L1-AS1","BCL2L1-AS1",0.00694317760381431,1.04887985690655,0.036,0.019,1
"KHDRBS3","KHDRBS3",0.00694454054688894,0.442922598773778,0.075,0.05,1
"ENSG00000236723","ENSG00000236723",0.00694877658083224,0.352911222158578,0.044,0.026,1
"LINC02102","LINC02102",0.00695032069800298,-1.51247002005449,0.005,0.015,1
"GRIA3","GRIA3",0.00695450999849813,0.661028112847964,0.081,0.056,1
"NECAB3","NECAB3",0.00695594590923933,-0.433911560627806,0.043,0.066,1
"PPP1R7","PPP1R7",0.0069631167540903,0.514718062689669,0.115,0.084,1
"LOC105379109","LOC105379109",0.00696342070197432,-1.19981177072786,0.007,0.019,1
"LINC01608","LINC01608",0.0069668039826913,-1.36822095850234,0.005,0.015,1
"RHOJ","RHOJ",0.00697683233873284,-0.210899338077464,0.247,0.298,1
"OSGIN2","OSGIN2",0.00698622786475679,-0.415524656538444,0.113,0.148,1
"DDIT3","DDIT3",0.00699124351691344,0.602480508840515,0.078,0.053,1
"GYG1","GYG1",0.00701435321586887,-0.215855303828955,0.125,0.161,1
"YTHDC2","YTHDC2",0.007018309407739,-0.239757971593671,0.272,0.314,1
"TARS2","TARS2",0.0070223521709966,-0.826732428825391,0.035,0.056,1
"ENSG00000229403","ENSG00000229403",0.00703863801003858,-0.888317752219463,0.005,0.015,1
"BANK1","BANK1",0.00705641131014346,-0.542780297533122,0.022,0.04,1
"PFKFB3","PFKFB3",0.0070579429882379,-0.11483054185397,0.619,0.683,1
"SEPSECS","SEPSECS",0.00705902758063287,-0.552430628832589,0.049,0.074,1
"CDR2-DT","CDR2-DT",0.00707112435725737,1.37781288794025,0.03,0.015,1
"HLA-B","HLA-B",0.00709525317523734,0.57658219556893,0.067,0.044,1
"EXOG","EXOG",0.00709535015608936,-0.352557912601927,0.123,0.159,1
"ENSG00000260537","ENSG00000260537",0.00711381921563067,0.849940450721236,0.039,0.021,1
"LOC101927702","LOC101927702",0.00712796177212259,-1.16280943593358,0.005,0.015,1
"UVSSA","UVSSA",0.00713544805481495,-0.245934433235486,0.161,0.203,1
"SDSL","SDSL",0.00714482282385305,-0.558671982151987,0.005,0.015,1
"DNAH14","DNAH14",0.00715462982761905,-0.836657520370755,0.019,0.036,1
"SMYD5","SMYD5",0.00716748125392064,-0.787589041648828,0.043,0.066,1
"EXOC2","EXOC2",0.00718402231832002,0.392689084622051,0.279,0.24,1
"SPATA3","SPATA3",0.00719160255344316,0.979438301532751,0.036,0.019,1
"ENSG00000273674","ENSG00000273674",0.00720141556337065,0.602101468875023,0.141,0.111,1
"SNRPN","SNRPN",0.0072092087432383,-0.238271273129121,0.202,0.246,1
"CORO1C","CORO1C",0.0072102218476089,-0.39889671396984,0.111,0.145,1
"MEI4","MEI4",0.00721338338440539,-0.879070087608622,0.019,0.036,1
"ZNF519","ZNF519",0.00722478595909383,0.696826910033268,0.119,0.091,1
"NXPE3","NXPE3",0.00723335709837769,-0.304861398850951,0.094,0.127,1
"MTHFSD","MTHFSD",0.00723408974391732,-0.572620679325987,0.057,0.082,1
"FBXO31","FBXO31",0.00724791280180279,0.512906901292467,0.126,0.096,1
"C2orf72","C2orf72",0.0072797433097358,-0.126571432915857,0.475,0.524,1
"POU2AF3","POU2AF3",0.00730736651107961,-0.437398868617727,0.042,0.066,1
"WDR4","WDR4",0.00731233223096573,-0.483130633380604,0.039,0.062,1
"PRPF38B","PRPF38B",0.00732777754558261,-0.360403184061735,0.133,0.169,1
"ATP6V1D","ATP6V1D",0.00734478860636353,-0.401013880894784,0.103,0.136,1
"PSMC5","PSMC5",0.00734821394886474,0.53555331743971,0.077,0.052,1
"DYNC1LI2","DYNC1LI2",0.00736855078296426,0.395559626070143,0.31,0.272,1
"TEPSIN","TEPSIN",0.00737063132459064,0.901308662127053,0.052,0.032,1
"TRAK1","TRAK1",0.00737585452352365,-0.134305387843877,0.673,0.723,1
"INPP5A","INPP5A",0.00737814483996086,0.630096820862842,0.171,0.14,1
"ENSG00000248787","ENSG00000248787",0.00740757967070726,-1.41214216610174,0.01,0.023,1
"NFU1","NFU1",0.00743065423611229,0.542518607162788,0.116,0.086,1
"KCNC1","KCNC1",0.00744154133947634,1.32881842252358,0.034,0.018,1
"JMY","JMY",0.00744476642480018,-0.241894040551626,0.181,0.223,1
"NEDD4","NEDD4",0.00744539165051006,0.36765717856464,0.228,0.19,1
"DNAH17","DNAH17",0.00744692072282015,-1.15326018667751,0.009,0.021,1
"CFAP20","CFAP20",0.0074602426163211,-0.774374070751282,0.03,0.05,1
"SHISA6","SHISA6",0.00746676318650821,-0.176180677557503,0.563,0.608,1
"BRF1","BRF1",0.00746760844328445,0.349313711767403,0.142,0.109,1
"AP4B1","AP4B1",0.00749801930504377,-1.02120905298126,0.024,0.042,1
"NBAS","NBAS",0.00751562750770027,-0.237953051935231,0.447,0.485,1
"RP9","RP9",0.00751959011967532,0.594358455077422,0.059,0.038,1
"KMT5C","KMT5C",0.00752294314709743,0.650043198005759,0.111,0.083,1
"GTF3C2-AS2","GTF3C2-AS2",0.00753763403959819,0.569496226128631,0.079,0.054,1
"BEX4","BEX4",0.00754409175908908,-0.38644940216142,0.061,0.088,1
"LAMP2","LAMP2",0.00756812863584541,0.295091626511371,0.392,0.355,1
"B3GNT5","B3GNT5",0.0075751138665941,0.98766963226006,0.04,0.023,1
"S100A16","S100A16",0.00758466997106962,-0.51909602439117,0.042,0.064,1
"SEC14L2","SEC14L2",0.00759172922055573,0.412893830192056,0.209,0.173,1
"MAP3K7","MAP3K7",0.00759667460012612,-0.166761877239353,0.237,0.287,1
"GPLD1","GPLD1",0.00759889015126391,-0.322056076220232,0.091,0.123,1
"FLACC1","FLACC1",0.00760320874319039,-0.628397367529209,0.07,0.098,1
"FRG1","FRG1",0.00760400365029226,-0.305124549169685,0.048,0.073,1
"TXLNB","TXLNB",0.00763926513384496,0.773559580284716,0.022,0.01,1
"CNTN5","CNTN5",0.00764225562419746,-0.742641216662365,0.044,0.066,1
"DNAJC4","DNAJC4",0.00764808517711687,-0.56985817967348,0.043,0.066,1
"ENSG00000228222","ENSG00000228222",0.00765028087869959,-0.358668677288805,0.229,0.272,1
"WHR1","WHR1",0.00766060937030035,0.639476620534696,0.118,0.089,1
"ZNF10","ZNF10",0.00766093872537016,-1.59694222228328,0.004,0.014,1
"SOX10","SOX10",0.00766368517632112,-0.847225918805133,0.009,0.021,1
"KCTD20","KCTD20",0.00766526787699153,-0.178103604319956,0.168,0.212,1
"QDPR","QDPR",0.00767036336127073,0.60960991078764,0.148,0.117,1
"RHOXF1","RHOXF1",0.00767043148977381,1.87188372464788,0.018,0.007,1
"RNF150","RNF150",0.007675862617267,-0.157198662294602,0.369,0.42,1
"ZNF451","ZNF451",0.00767960019924466,-0.147186849177019,0.308,0.359,1
"ENSG00000215067","ENSG00000215067",0.00768376838956153,-0.191875383498001,0.403,0.452,1
"ZNF569","ZNF569",0.00769148089151141,-0.307407148733654,0.08,0.111,1
"ANGPT4","ANGPT4",0.00773714420554064,-1.60552496590615,0.004,0.014,1
"TMEM51-AS1","TMEM51-AS1",0.00774009065246436,-1.03135238010238,0.013,0.027,1
"PDIA5","PDIA5",0.00774579434480358,0.972256604354469,0.037,0.02,1
"RAP1A","RAP1A",0.00775222900493328,0.339530432426732,0.28,0.241,1
"AZIN2","AZIN2",0.00776142627473987,-0.43687233923786,0.037,0.058,1
"LINC00910","LINC00910",0.00776269657368924,-1.33819776591926,0.004,0.014,1
"FMO2","FMO2",0.00777022238105561,-0.886468371897386,0.01,0.023,1
"SDHAF3","SDHAF3",0.00778047445315479,-0.486413379326091,0.055,0.081,1
"UBE2D4","UBE2D4",0.00779583926312726,-0.52598554650331,0.037,0.058,1
"PHKB","PHKB",0.00779724971994015,-0.140997406640115,0.362,0.418,1
"RASGRF1","RASGRF1",0.00780463113983987,0.474020180380287,0.054,0.033,1
"SLC4A8","SLC4A8",0.00780682169959479,-0.146017586370168,0.239,0.29,1
"ARL10","ARL10",0.00781705303152392,0.464336704942721,0.159,0.126,1
"FBXW9","FBXW9",0.00782273755842454,1.24379942601746,0.025,0.012,1
"TXNRD1","TXNRD1",0.0078521952116577,-0.180389681990772,0.248,0.296,1
"MOSMO","MOSMO",0.00785857940995382,0.340038857255585,0.303,0.264,1
"SERPINE2","SERPINE2",0.00786966421798764,0.203929639671814,0.735,0.734,1
"RTF1","RTF1",0.00787377858059468,-0.258888215260902,0.144,0.183,1
"ARG2","ARG2",0.00788389226780678,1.06241471883645,0.044,0.026,1
"ENSG00000259959","ENSG00000259959",0.00788976492622892,2.14691873331307,0.012,0.003,1
"NRP2","NRP2",0.00789111565809033,-0.199000741197219,0.348,0.399,1
"ENSG00000255198","ENSG00000255198",0.00789609349403984,0.520808687798663,0.08,0.055,1
"LYPD1","LYPD1",0.00790852838390859,0.973401262667386,0.07,0.048,1
"MBLAC1","MBLAC1",0.00792193334839792,-1.48436186747334,0.006,0.017,1
"IL12RB2","IL12RB2",0.0079423876670622,1.17987818641552,0.018,0.007,1
"ENSG00000276728","ENSG00000276728",0.0079567620507227,-0.644482457896422,0.004,0.014,1
"OSBP2","OSBP2",0.00796066096935135,0.315799876832483,0.336,0.299,1
"UQCC1","UQCC1",0.00796173864230257,-0.220920464400238,0.282,0.327,1
"AKNAD1","AKNAD1",0.00796575318134721,1.20026047442696,0.025,0.012,1
"INSYN1","INSYN1",0.0079819838695139,-0.169557571883395,0.037,0.059,1
"GNPAT","GNPAT",0.00798366521856532,-0.19601359082591,0.097,0.132,1
"CARF","CARF",0.0079877910654479,-0.335183925204363,0.151,0.189,1
"SOX4","SOX4",0.00798904483266682,1.5740474549829,0.012,0.003,1
"NPEPL1","NPEPL1",0.00800926630570068,-0.275901248328313,0.115,0.149,1
"TRAPPC11","TRAPPC11",0.00801016170258805,-0.364480944090573,0.166,0.204,1
"WDR13","WDR13",0.00801290941742623,0.450572168738098,0.168,0.134,1
"ENSG00000272338","ENSG00000272338",0.00801827068041082,0.763557567768709,0.037,0.02,1
"MEGF8","MEGF8",0.00801911772771977,0.660680668840552,0.112,0.084,1
"MBD3","MBD3",0.00802792573315761,0.586719357117758,0.09,0.064,1
"HGF","HGF",0.00805368401860432,1.53179991866074,0.028,0.014,1
"WDR35","WDR35",0.0080563844461805,-0.27981760962471,0.161,0.202,1
"SBDS","SBDS",0.00806234154513233,-0.592367575590326,0.047,0.07,1
"SLC67A2","SLC67A2",0.00807151922815576,-1.37705104787959,0.006,0.017,1
"DUSP4","DUSP4",0.00807503069927421,1.24673455735826,0.012,0.003,1
"SIRT2","SIRT2",0.00808217950307349,0.460458472091493,0.232,0.194,1
"SRPK2","SRPK2",0.00810190740755108,-0.172956646562313,0.505,0.552,1
"LOC101927293","LOC101927293",0.00810971821301682,-0.330082719366558,0.11,0.145,1
"GRK4","GRK4",0.00811396596205182,0.283214461788541,0.305,0.262,1
"RNF213","RNF213",0.00811562149989346,-0.202313822984799,0.384,0.436,1
"HOPX","HOPX",0.00812353919315011,-0.3076521431556,0.149,0.187,1
"SYNGR1","SYNGR1",0.00813116307440828,0.445212180025004,0.191,0.156,1
"ENSG00000231856","ENSG00000231856",0.00814140786292336,-0.756385915483796,0.006,0.017,1
"NEMP2-DT","NEMP2-DT",0.0081421390410397,-0.645177218036451,0.05,0.074,1
"SQLE","SQLE",0.00814356654276108,-1.01593265151395,0.019,0.035,1
"SPOCK3","SPOCK3",0.00814578151619635,-0.488101778653927,0.049,0.073,1
"LRRTM4","LRRTM4",0.00815603610899142,-0.346398812725426,0.04,0.062,1
"CERT1","CERT1",0.00816388537448323,0.309744855767572,0.317,0.276,1
"CCDC57","CCDC57",0.00816426357314103,0.416911264332432,0.215,0.18,1
"NIPBL","NIPBL",0.0081676383221116,-0.190161727089599,0.55,0.603,1
"DHCR7-DT","DHCR7-DT",0.00818242591353558,-1.02734671207868,0.006,0.017,1
"ZNF257","ZNF257",0.00818242591353558,-1.08370496473377,0.006,0.017,1
"ELOA","ELOA",0.00818695957711681,0.703191157559981,0.072,0.049,1
"CTNND1","CTNND1",0.0082636458363583,-0.203135099452487,0.159,0.198,1
"BEAN1","BEAN1",0.00828399328296046,-0.717971934862963,0.02,0.037,1
"HPCAL1","HPCAL1",0.00829882053136061,0.245189632326216,0.229,0.189,1
"GTF3A","GTF3A",0.00831552170671416,0.58743458755869,0.107,0.079,1
"PYGM","PYGM",0.00831723666519449,0.416819300849041,0.144,0.111,1
"TMEM14B-DT","TMEM14B-DT",0.00833200736924188,-2.04415357523887,0.004,0.012,1
"PSMD14-DT","PSMD14-DT",0.00834351135952679,-0.380453211498704,0.018,0.034,1
"TMEM50A","TMEM50A",0.00838771679137202,-0.236364282093755,0.076,0.106,1
"MIR3659HG","MIR3659HG",0.00840020715856395,-0.396553104393009,0.092,0.122,1
"CACNA2D3-AS1","CACNA2D3-AS1",0.00843873470774186,-0.865976183569176,0.024,0.042,1
"MAGED1","MAGED1",0.008445698305072,-0.166658619074442,0.27,0.323,1
"CCHCR1","CCHCR1",0.00844607831610457,1.02283434803744,0.067,0.045,1
"ARPP19","ARPP19",0.0084478409430476,0.605148072111626,0.153,0.122,1
"ZNF699","ZNF699",0.00845517864162841,-0.769188726964819,0.024,0.042,1
"TMEM167A","TMEM167A",0.00847189408391069,0.625516605065181,0.132,0.103,1
"SPCS1","SPCS1",0.00849095751283573,0.3523849198526,0.098,0.071,1
"LINC01586","LINC01586",0.00850747291232379,-1.21712460641462,0.004,0.012,1
"ADGRE5","ADGRE5",0.00851485515702598,-1.46851483452682,0.004,0.012,1
"SURF4","SURF4",0.008516015315374,0.711013892202723,0.126,0.098,1
"MHENCR","MHENCR",0.00851722423460127,0.802210768952544,0.064,0.042,1
"OSBPL5","OSBPL5",0.00852262006781736,-0.396793437666157,0.074,0.102,1
"ANKRD31","ANKRD31",0.00854260315156448,-0.940763207028297,0.022,0.039,1
"CTPS1","CTPS1",0.00854547802932511,0.594675424145934,0.052,0.032,1
"EID1","EID1",0.00854592015935595,-0.269408095762494,0.106,0.14,1
"C7orf78","C7orf78",0.00855185236547571,-1.03556694952345,0.004,0.012,1
"DCXR","DCXR",0.0085851391474679,-0.213516910441794,0.133,0.171,1
"SLC7A6","SLC7A6",0.00860100539048616,-0.458610956881921,0.124,0.156,1
"PGCKA1","PGCKA1",0.00860235585237947,0.310454266273885,0.293,0.252,1
"SLC9A1","SLC9A1",0.00861503140210554,0.902810822254214,0.07,0.047,1
"UGT8","UGT8",0.00861766901074285,-0.9345681428431,0.023,0.04,1
"IFI27L1","IFI27L1",0.00862972036996447,0.706737871582579,0.097,0.071,1
"MTHFD1","MTHFD1",0.00863165180620568,-0.458363209696618,0.086,0.116,1
"AP1G1","AP1G1",0.00863450847699998,-0.175014933666137,0.222,0.269,1
"ARHGAP35","ARHGAP35",0.00864670736558243,0.291893618994359,0.375,0.338,1
"TCEAL2","TCEAL2",0.00865522634910718,-0.213991053642906,0.03,0.05,1
"TTYH2","TTYH2",0.00866659374739569,-0.188102963785603,0.306,0.355,1
"ADAM17","ADAM17",0.00867752276264393,0.38869096333636,0.219,0.182,1
"MR1","MR1",0.00870602864141328,-0.691811521259089,0.037,0.057,1
"ENSG00000227486","ENSG00000227486",0.00871636446596796,-0.707369687692226,0.042,0.064,1
"ENSG00000262580","ENSG00000262580",0.00872783409721013,0.893085583435627,0.045,0.027,1
"HNRNPDL","HNRNPDL",0.00873038983499698,0.26093485880223,0.39,0.353,1
"POLR2A","POLR2A",0.00875389298452435,-0.42204258805938,0.09,0.121,1
"PHACTR2","PHACTR2",0.00876081644927181,-0.123207139649922,0.162,0.205,1
"TIGD7","TIGD7",0.00877473184209453,0.43578835399536,0.065,0.042,1
"CPED1","CPED1",0.00877877563861826,-0.640999023818521,0.024,0.042,1
"APCDD1","APCDD1",0.00878089922617058,-0.14039072586528,0.321,0.378,1
"URGCP","URGCP",0.00878191300601044,0.478062328611751,0.135,0.104,1
"WASHC4","WASHC4",0.00878495080010952,-0.244546450415487,0.249,0.293,1
"R3HCC1L","R3HCC1L",0.00881210160823919,-0.258033984771702,0.141,0.179,1
"ITPRID2","ITPRID2",0.00882102941209345,0.245627336616347,0.452,0.417,1
"GGT7","GGT7",0.00884390737964451,0.487025252040708,0.17,0.137,1
"TMEM200A","TMEM200A",0.00885298801044474,-2.49944607033556,0.003,0.011,1
"CREBL2","CREBL2",0.00888679471438484,-0.32893417236618,0.085,0.115,1
"ZBTB21","ZBTB21",0.00889054809187613,0.547168454834352,0.1,0.073,1
"IL27RA","IL27RA",0.00891672495534471,2.30171683770173,0.014,0.005,1
"RAB34","RAB34",0.00892917138512042,-0.261865079741226,0.14,0.178,1
"INSIG2","INSIG2",0.00893540232997826,-0.27005588925774,0.076,0.105,1
"CDH4","CDH4",0.00893622890504932,0.451240695560798,0.223,0.186,1
"ISG20L2","ISG20L2",0.00893783307665478,0.745715811857028,0.052,0.033,1
"LOC105374088","LOC105374088",0.00895386321718223,-1.17643037991673,0.011,0.024,1
"PPP1R3F","PPP1R3F",0.00898713363404261,-0.379714174783832,0.092,0.123,1
"SEMA6A-AS2","SEMA6A-AS2",0.00899329998049811,-1.96883945855021,0.003,0.011,1
"SH3BGR","SH3BGR",0.00899419286537038,0.591233419357055,0.132,0.102,1
"DBH-AS1","DBH-AS1",0.00900019107971116,-0.64107919749801,0.008,0.019,1
"LINC01354","LINC01354",0.00900126460700604,0.492822131454,0.06,0.039,1
"CCDC146","CCDC146",0.00900835993061141,-0.144489910033765,0.257,0.308,1
"CEP72","CEP72",0.00900993714987605,-1.84130411359427,0.003,0.011,1
"FOSL1","FOSL1",0.00901086751766917,2.00283687632208,0.011,0.003,1
"ENSG00000270792","ENSG00000270792",0.0090430034790603,-0.689159343298309,0.023,0.04,1
"PIF1","PIF1",0.00904406851290956,0.98105210189746,0.042,0.024,1
"CNPY1","CNPY1",0.00904492096880151,-0.157604231079587,0.042,0.064,1
"PGAM1","PGAM1",0.00904699552035194,0.420914645107432,0.182,0.148,1
"ENSG00000268836","ENSG00000268836",0.00905165037425256,-1.65192717836468,0.003,0.011,1
"ENSG00000226530","ENSG00000226530",0.00906339196823502,-0.478731765463059,0.053,0.077,1
"KATNB1","KATNB1",0.00906431858209203,-0.775389951159049,0.014,0.028,1
"CBX6","CBX6",0.0091006465506737,0.388746089632049,0.118,0.088,1
"SELENOP","SELENOP",0.00910806858200515,0.499406573659381,0.208,0.174,1
"TMEM123-DT","TMEM123-DT",0.00911424213298595,-0.921827939183844,0.012,0.026,1
"ENSG00000284716","ENSG00000284716",0.00912499593000668,1.51969592579377,0.014,0.005,1
"NAT9","NAT9",0.00913153771469928,0.545267138935939,0.103,0.076,1
"RUBCNL","RUBCNL",0.00913997031148951,-0.360600018907051,0.082,0.112,1
"RAB13","RAB13",0.00914595104064973,0.984199468914762,0.038,0.021,1
"ITGB3BP","ITGB3BP",0.00915026975083704,-0.340214678618621,0.213,0.254,1
"C9orf85","C9orf85",0.0091610066157243,-0.206812452299287,0.162,0.204,1
"PLET1","PLET1",0.00917782653568712,-1.0751621648579,0.003,0.011,1
"LAP3","LAP3",0.0091879935423829,-0.427613735178657,0.081,0.11,1
"SNX9","SNX9",0.00919439684826357,-0.196890797221851,0.332,0.382,1
"CLIC2","CLIC2",0.00919870401799959,-0.988581398938734,0.011,0.024,1
"LINC02223","LINC02223",0.00920052854012959,1.18914751366124,0.011,0.003,1
"AGL","AGL",0.00920286415532944,-0.205773584828455,0.35,0.396,1
"LINC03021","LINC03021",0.00920438255255727,-0.981360754713672,0.006,0.016,1
"ZNF728","ZNF728",0.00921256044517818,-0.930876030524807,0.012,0.026,1
"ENSG00000251661","ENSG00000251661",0.00923018565101984,-0.833774260774558,0.017,0.033,1
"RAD51B","RAD51B",0.00923935943934856,-0.195562333742221,0.484,0.535,1
"SWI5","SWI5",0.0092569910309067,0.851021134635051,0.05,0.031,1
"VPS13B","VPS13B",0.0092835909740924,-0.148942278067192,0.571,0.62,1
"PIH1D2","PIH1D2",0.0092911698743376,-0.59874710369703,0.023,0.04,1
"STRAP","STRAP",0.009294349669778,-0.518414740232118,0.064,0.09,1
"DHRS4","DHRS4",0.00929561086807838,1.03549028323572,0.035,0.019,1
"GRAMD2A","GRAMD2A",0.00930024747540937,-0.371664641441839,0.052,0.077,1
"FERMT3","FERMT3",0.00931540218164752,1.27025236569466,0.014,0.005,1
"TMEM231","TMEM231",0.00932068626686913,-0.636084313212504,0.025,0.043,1
"ABCD4","ABCD4",0.00932518303888554,0.337761361429795,0.268,0.232,1
"ADGB","ADGB",0.0093389226846888,-1.73226206570761,0.002,0.01,1
"TMEM127","TMEM127",0.00935173494916054,1.02138745207206,0.063,0.042,1
"ENSG00000274383","ENSG00000274383",0.0093575773316121,-1.79309596829568,0.002,0.01,1
"ENSG00000277228","ENSG00000277228",0.00936571764560728,1.52626791990642,0.019,0.008,1
"ANKRD7","ANKRD7",0.00937205226492007,-0.777985576924695,0.035,0.055,1
"CCNB2","CCNB2",0.00937626521534575,-1.52870387794338,0.002,0.01,1
"DCTPP1","DCTPP1",0.00937626521534575,-1.36952226273888,0.002,0.01,1
"ZMYND10","ZMYND10",0.0093913356286121,1.70396201163641,0.016,0.006,1
"MCL1","MCL1",0.00939319804895704,-0.146944694313495,0.201,0.246,1
"BHMT2","BHMT2",0.00939930601141279,-0.366276485797805,0.087,0.118,1
"SUN2","SUN2",0.00940431355895098,0.29322913959625,0.375,0.338,1
"TANC2","TANC2",0.00940948253521034,-0.200221340690049,0.309,0.362,1
"ENSG00000238266","ENSG00000238266",0.0094137408950361,-1.63351357985798,0.002,0.01,1
"EPB41L4B","EPB41L4B",0.00942035931390418,0.883092558064088,0.082,0.059,1
"LOC105372969","LOC105372969",0.00943252879203527,-1.1756213878373,0.002,0.01,1
"ZNF549","ZNF549",0.00946517095598167,0.427294865556001,0.131,0.1,1
"SLC25A12","SLC25A12",0.00947553410279963,-0.166391642394452,0.338,0.393,1
"SLC25A25","SLC25A25",0.00947585914183312,0.295257587257403,0.229,0.192,1
"CHST1","CHST1",0.00950368470944138,0.46192696575638,0.246,0.214,1
"KLHDC4","KLHDC4",0.00951970091095861,0.576547741225834,0.143,0.113,1
"TTC8","TTC8",0.0095209649207801,-0.209082947658132,0.168,0.208,1
"ENSG00000270316","ENSG00000270316",0.00952661762765613,1.11264650991509,0.052,0.033,1
"ENSG00000259287","ENSG00000259287",0.00953034037032477,0.972371784499221,0.042,0.025,1
"TMEM243","TMEM243",0.00953242866907054,0.49153516171374,0.057,0.036,1
"FRMD6","FRMD6",0.00954251049756453,0.416728646604241,0.264,0.229,1
"INKA2","INKA2",0.00956166114939984,1.19368726622491,0.024,0.011,1
"ENSG00000267299","ENSG00000267299",0.00961313931046618,1.27371379633342,0.032,0.017,1
"ENSG00000230955","ENSG00000230955",0.00961877778409071,0.572923568205514,0.069,0.046,1
"ADGRB2","ADGRB2",0.00963110517806034,0.592977190096202,0.101,0.074,1
"RCBTB1","RCBTB1",0.00963923240005915,-0.372722536124685,0.055,0.08,1
"MUTYH","MUTYH",0.00964076020833757,0.691829788057663,0.099,0.073,1
"CREB3L4","CREB3L4",0.00965555001531728,-0.54810968791085,0.017,0.033,1
"ENSG00000264589","ENSG00000264589",0.00965960674844357,-0.578210668792364,0.034,0.055,1
"RBAK-RBAKDN","RBAK-RBAKDN",0.00966263336580634,0.335912805498597,0.321,0.288,1
"FAM89A","FAM89A",0.00968182930113558,0.301695006816862,0.174,0.139,1
"CEP164","CEP164",0.00968457765127985,-0.194585734517973,0.217,0.262,1
"MAP3K9","MAP3K9",0.00970344116015248,0.605879688480009,0.059,0.038,1
"ENSG00000272990","ENSG00000272990",0.00970800279835258,0.991799168122506,0.019,0.008,1
"TRAF3IP2-AS1","TRAF3IP2-AS1",0.009709424870221,-0.118709434557087,0.631,0.687,1
"SH3GL3","SH3GL3",0.00972173331692841,-0.869491447427317,0.024,0.041,1
"CSNK1G1","CSNK1G1",0.00973185529117647,0.66465515196304,0.098,0.072,1
"ENSG00000267653","ENSG00000267653",0.00973210389674584,0.998223232235949,0.016,0.006,1
"ENSG00000246451","ENSG00000246451",0.00973363880361545,0.633915075149774,0.056,0.036,1
"TEX14","TEX14",0.00975528072650443,-0.844540388062818,0.016,0.03,1
"ENSG00000283240","ENSG00000283240",0.00977661040159271,-0.559220139062443,0.054,0.079,1
"ENSG00000249494","ENSG00000249494",0.00978552023726315,-0.297892708364002,0.104,0.136,1
"ADO","ADO",0.00979530277165936,1.35280162311382,0.024,0.011,1
"ZNF431","ZNF431",0.00979978437571343,-0.33974720118938,0.146,0.181,1
"DBT","DBT",0.00980312798045456,-0.176132414339735,0.171,0.214,1
"FBXO17","FBXO17",0.00982049144177147,0.475939339536873,0.085,0.059,1
"TMEM129","TMEM129",0.00982252124039778,0.581084361021749,0.11,0.083,1
"CLDN15","CLDN15",0.00983164816464205,1.16440033372817,0.036,0.02,1
"PIKFYVE","PIKFYVE",0.00983913543399023,-0.288222144558799,0.257,0.298,1
"LTA4H","LTA4H",0.00985272462812405,-0.402831158734104,0.07,0.098,1
"SERP1","SERP1",0.00985294050490624,0.372884300894886,0.3,0.266,1
"INPP5K","INPP5K",0.00985552159844967,0.650360093318308,0.07,0.047,1
"PITPNA","PITPNA",0.00985830628228891,0.342640939467094,0.233,0.194,1
"VAC14-AS1","VAC14-AS1",0.0098903417357022,-0.272694929727574,0.124,0.158,1
"KLHL12","KLHL12",0.0099125202036125,0.58954004990542,0.078,0.054,1
"MAPK10-AS1","MAPK10-AS1",0.00992292752525271,0.580262939433406,0.112,0.084,1
"SEC14L5","SEC14L5",0.00994607627900137,-1.48778528983647,0.007,0.018,1
"ENSG00000284642","ENSG00000284642",0.00995974617557127,0.714582720600286,0.05,0.031,1
"GNG5","GNG5",0.0099730526234328,0.4837788775264,0.058,0.037,1
"NLGN3","NLGN3",0.0099964954631903,-0.396293795953915,0.086,0.116,1
"ENSG00000273373","ENSG00000273373",0.0100158056034839,0.724063093617647,0.039,0.022,1
"MAN1C1","MAN1C1",0.010024190580101,0.587662189402494,0.212,0.18,1
"NSRP1","NSRP1",0.0100369149630236,-0.169178163916038,0.272,0.319,1
"POLE2","POLE2",0.0100553479023374,0.818574809931237,0.067,0.046,1
"NONO","NONO",0.0100554550883287,0.55937412296168,0.14,0.109,1
"DBP","DBP",0.0100740277315005,-0.160788293731503,0.053,0.078,1
"DGLUCY","DGLUCY",0.0100800924736559,-0.115101511740836,0.513,0.567,1
"CLCN2","CLCN2",0.0100832943298909,-0.334715801555812,0.077,0.106,1
"COA6-AS1","COA6-AS1",0.0100887587607002,-0.34295891461068,0.034,0.054,1
"LINC02035","LINC02035",0.0101154999957604,-0.956463177593127,0.014,0.028,1
"SMYD2","SMYD2",0.0101421506268088,-0.933936790484224,0.014,0.028,1
"ENSG00000258457","ENSG00000258457",0.0101518436422388,-1.12758659418839,0.007,0.018,1
"FBXO9","FBXO9",0.0101732983037246,0.333752827482372,0.259,0.221,1
"ZNF786","ZNF786",0.0102072907540182,0.679338713743636,0.06,0.039,1
"RGPD8","RGPD8",0.0102079876482523,-0.415560682959425,0.029,0.048,1
"HCFC2","HCFC2",0.0102117063364345,-0.347659148736389,0.085,0.115,1
"SPATA20","SPATA20",0.0102133359430358,0.463883425018911,0.099,0.072,1
"RGS16","RGS16",0.0102224780135839,0.154485947287764,0.029,0.015,1
"VDAC3","VDAC3",0.0102278292415785,-0.381256661602882,0.172,0.21,1
"NCOA2","NCOA2",0.0102329669301931,0.153217408169848,0.675,0.657,1
"SLC38A10","SLC38A10",0.0102438940725713,0.428020070216108,0.189,0.156,1
"CTDP1-DT","CTDP1-DT",0.0102477175156521,-1.0399044715217,0.013,0.026,1
"CREBZF","CREBZF",0.0102555163277208,-0.235463272002905,0.221,0.267,1
"BROX","BROX",0.0102581831611986,-0.28026890847175,0.07,0.098,1
"KMT5B","KMT5B",0.0102657956458251,-0.176760523753575,0.262,0.31,1
"TRIM23","TRIM23",0.0102730517009233,-0.212475486353294,0.096,0.128,1
"CDC40","CDC40",0.0102907443205399,-0.309055404131098,0.074,0.102,1
"SF3B1","SF3B1",0.0103099442769303,-0.174436125361394,0.269,0.317,1
"ENSG00000250387","ENSG00000250387",0.0103111449863092,-1.66683287932995,0.005,0.015,1
"ZNF385A","ZNF385A",0.0103229573763014,0.45710107986004,0.173,0.142,1
"SLC50A1","SLC50A1",0.0103294395614653,1.15927283673932,0.027,0.013,1
"SHKBP1","SHKBP1",0.0103379267713777,1.03758069408875,0.027,0.013,1
"OTUB1","OTUB1",0.0103614627899151,0.657035783009423,0.092,0.067,1
"SH3BGRL3","SH3BGRL3",0.0103683886583912,0.835190369614442,0.062,0.041,1
"B3GALT1-AS1","B3GALT1-AS1",0.0103684434398044,-0.948817389967621,0.007,0.018,1
"MIR2052HG","MIR2052HG",0.010390339119314,-0.49624766723475,0.1,0.13,1
"DTHD1","DTHD1",0.0103988888517072,-1.18686056095083,0.005,0.015,1
"MIR124-2HG","MIR124-2HG",0.0104043620345148,0.472228357619009,0.065,0.043,1
"SCN1A-AS1","SCN1A-AS1",0.010419447007074,-0.79288757696061,0.034,0.054,1
"SOX1","SOX1",0.010453142790664,-1.19260932891331,0.011,0.024,1
"STRIP1","STRIP1",0.0104534932713942,0.402109637681205,0.147,0.115,1
"SIRT7","SIRT7",0.0104687677452352,0.584566903226423,0.115,0.087,1
"FSD1","FSD1",0.0105034422520583,-1.20222382558556,0.005,0.015,1
"ELP5","ELP5",0.0105070742686808,0.836812373014908,0.052,0.033,1
"AKT3","AKT3",0.0105239962604753,-0.107710586191634,0.903,0.905,1
"ANKRD13C-DT","ANKRD13C-DT",0.0105241680980878,-0.336886534307065,0.053,0.077,1
"ENSG00000266397","ENSG00000266397",0.010533070468445,2.41154651219183,0.013,0.004,1
"PFDN5","PFDN5",0.0105388371440856,0.469873975405461,0.126,0.097,1
"ARHGEF11","ARHGEF11",0.0105457801809021,0.321671081229414,0.341,0.304,1
"SPESP1","SPESP1",0.0105511476268575,-0.242498621213564,0.12,0.155,1
"AMOTL2","AMOTL2",0.0105582781378981,1.26650126679923,0.033,0.018,1
"CYLD","CYLD",0.0105614733537529,-0.205839935485927,0.157,0.198,1
"EPB41L4A","EPB41L4A",0.0105644754741839,-0.624480117804902,0.02,0.036,1
"C4orf36","C4orf36",0.0105682466474958,-0.896669653699814,0.005,0.015,1
"LINC02910","LINC02910",0.010574671297774,0.311701411705992,0.135,0.104,1
"CHIC2","CHIC2",0.0105950824562599,-0.319304397266518,0.137,0.172,1
"FXYD3","FXYD3",0.0106098602328976,0.77108028724478,0.039,0.023,1
"NT5DC2","NT5DC2",0.0106127579466627,0.827699341167947,0.032,0.017,1
"COX6C","COX6C",0.0106276969014851,-0.35088728845398,0.084,0.113,1
"LINC02519","LINC02519",0.010633406430576,-0.953761302403757,0.005,0.015,1
"HAUS8","HAUS8",0.0106382373169916,-0.653067594960615,0.014,0.028,1
"INO80","INO80",0.010652819534733,-0.105612046908866,0.212,0.259,1
"ENSG00000281016","ENSG00000281016",0.0106592498612431,-1.09566520070356,0.013,0.026,1
"ENSG00000245904","ENSG00000245904",0.0106661201076167,-0.981868274229354,0.005,0.015,1
"CIMAP3","CIMAP3",0.0106716919791529,-0.56487042890949,0.014,0.028,1
"GSTT2B","GSTT2B",0.0106730330931165,-0.514856777801129,0.098,0.127,1
"ASB8","ASB8",0.010702504603478,-0.291427457989187,0.066,0.093,1
"SLC25A53","SLC25A53",0.0107126389609495,0.37261118299714,0.178,0.145,1
"SLC8A1","SLC8A1",0.010744237098577,-0.500571795311489,0.116,0.149,1
"TBC1D24","TBC1D24",0.0107509090547278,0.745740467251185,0.036,0.02,1
"ZNF341","ZNF341",0.0108060563317334,0.711461851577766,0.057,0.037,1
"TMEM74","TMEM74",0.01081215012412,1.82456334948626,0.019,0.008,1
"ABTB1","ABTB1",0.0108126840201039,0.790344103448671,0.056,0.036,1
"ZCCHC8","ZCCHC8",0.0108241294751139,0.354570495912806,0.186,0.151,1
"ZNF791","ZNF791",0.0108289032939696,0.340632685434428,0.2,0.166,1
"CCNK","CCNK",0.0108414454291268,-0.300469911192148,0.079,0.108,1
"RAB35","RAB35",0.0108430387412117,0.659190820806855,0.057,0.037,1
"CAPS2","CAPS2",0.0108439125027348,-0.198644317617026,0.416,0.465,1
"LINC03152","LINC03152",0.0108610154317136,-0.970827522378676,0.011,0.024,1
"ENSG00000258864","ENSG00000258864",0.0109352688670618,0.983915058845759,0.022,0.01,1
"AP5S1","AP5S1",0.0109417738446573,-0.763972423482969,0.011,0.024,1
"DIAPH3","DIAPH3",0.0109559157792371,-0.227379943803461,0.093,0.125,1
"MARCHF7","MARCHF7",0.0109575104488633,-0.180418708894754,0.311,0.363,1
"TRMT9B","TRMT9B",0.0109706586723217,0.412728572173348,0.184,0.149,1
"TMEM175","TMEM175",0.0109747938285363,0.510384328833546,0.135,0.106,1
"ENSG00000223935","ENSG00000223935",0.0109788790147155,-0.823149583113983,0.016,0.031,1
"CDC42BPB","CDC42BPB",0.0109791823198955,-0.232990299430123,0.279,0.322,1
"SMCR5","SMCR5",0.0109861774610454,0.721615591050713,0.057,0.037,1
"RNPEPL1","RNPEPL1",0.0109901469974963,0.586584032306493,0.083,0.059,1
"FILIP1","FILIP1",0.0110009531211458,-0.624241797909255,0.027,0.044,1
"STARD4-AS1","STARD4-AS1",0.0110230654440255,-0.887511125878937,0.011,0.024,1
"SYNGR2","SYNGR2",0.0110288762832241,0.459105119295806,0.05,0.031,1
"CORIN","CORIN",0.0110294030963601,1.01658452463713,0.022,0.01,1
"VPS13C","VPS13C",0.0110342189399457,0.188888425327622,0.571,0.561,1
"AMPH","AMPH",0.0110385681318913,-0.327203458382771,0.054,0.079,1
"PCSK7","PCSK7",0.0110767309729962,0.345296330088611,0.263,0.225,1
"ZYX","ZYX",0.0110833509317335,0.849055666378107,0.048,0.03,1
"CCNB1IP1","CCNB1IP1",0.0111174156974382,-0.48427364510444,0.079,0.107,1
"STOX2","STOX2",0.0112168958371757,-0.234811090786181,0.136,0.172,1
"SETX","SETX",0.0112192328350698,-0.238160572336773,0.288,0.335,1
"ENSG00000285190","ENSG00000285190",0.0112637720157465,-0.498970010229715,0.011,0.024,1
"YBEY","YBEY",0.0112729455554445,-0.471199584216389,0.053,0.077,1
"LMO7","LMO7",0.0112754004962332,-0.343619977441032,0.08,0.109,1
"BAX","BAX",0.0112777675902555,0.733275307816833,0.044,0.026,1
"TRANK1","TRANK1",0.0112864647201397,-0.21752863735156,0.032,0.051,1
"METTL26","METTL26",0.0113076681079832,0.664652373215306,0.073,0.05,1
"MPZL1","MPZL1",0.0113264505139102,-0.172061151668367,0.162,0.201,1
"RXRA","RXRA",0.0113482502203326,-0.216629286706817,0.411,0.459,1
"VAC14","VAC14",0.0113642206756949,0.537813804139642,0.179,0.147,1
"TONSL","TONSL",0.0113809641367058,1.14256090787121,0.019,0.008,1
"CPPED1","CPPED1",0.0113883237000247,-0.382375156894863,0.046,0.068,1
"ZNF582","ZNF582",0.011413237015745,0.789482521070918,0.052,0.033,1
"MPST","MPST",0.0114506625287162,0.53032028799492,0.129,0.1,1
"DNAJB13","DNAJB13",0.0114733482591047,-1.60509383778444,0.006,0.017,1
"LINC00662","LINC00662",0.011477864018842,0.229481854553728,0.279,0.237,1
"TRPC6","TRPC6",0.0114827313131412,-1.8684547596387,0.004,0.013,1
"ENSG00000251396","ENSG00000251396",0.0114839463165328,-0.260112406525761,0.105,0.137,1
"EEA1","EEA1",0.0115016808963722,-0.17686102359693,0.254,0.299,1
"MOB3A","MOB3A",0.0115188717468822,0.38510586012961,0.136,0.106,1
"SLC61A1","SLC61A1",0.0115589050023037,0.717185754452753,0.044,0.026,1
"SPATA2L","SPATA2L",0.0115606630226908,0.965091781379397,0.027,0.014,1
"SNHG32","SNHG32",0.0115717127684822,-0.513526743066909,0.024,0.041,1
"MIR137HG","MIR137HG",0.0115788933108902,1.58667686865083,0.015,0.006,1
"GOLGA3","GOLGA3",0.0115864344262331,0.515147499982543,0.165,0.133,1
"C1orf226","C1orf226",0.0116200160837797,1.43636084832147,0.017,0.007,1
"EIF3J-DT","EIF3J-DT",0.0116288935213228,0.434465064723897,0.095,0.069,1
"ADCY10","ADCY10",0.0116375953827158,0.879899075667064,0.019,0.008,1
"FBXL13","FBXL13",0.0116414026281604,-0.312434433329804,0.148,0.185,1
"RNF128","RNF128",0.011680413743712,-1.38297452473574,0.006,0.017,1
"BEND6","BEND6",0.0116837449625662,-0.288483584332657,0.081,0.109,1
"ACKR3","ACKR3",0.0116925843757436,0.44881646626962,0.166,0.136,1
"PTENP1-AS","PTENP1-AS",0.0117254572138662,-1.58793059169169,0.004,0.013,1
"AEBP1","AEBP1",0.0117534194476804,0.709066346339738,0.271,0.244,1
"PTK2","PTK2",0.0117632254521617,-0.104912738923893,0.806,0.831,1
"VPS37A","VPS37A",0.0117839607658143,-0.328978546608725,0.1,0.132,1
"ITM2B","ITM2B",0.0117893293213264,0.394643166838167,0.418,0.398,1
"TP53BP1","TP53BP1",0.0117940797791686,-0.25569991344552,0.304,0.345,1
"LOC124904882","LOC124904882",0.0118120238090911,-1.11252833794811,0.006,0.017,1
"PPP3CC","PPP3CC",0.0118156398433467,-0.249977649556343,0.272,0.312,1
"FBRS","FBRS",0.0118365435434354,0.65724557788644,0.092,0.068,1
"CNDP1","CNDP1",0.0118462093128661,-1.15360759467812,0.017,0.032,1
"ENSG00000259943","ENSG00000259943",0.0118539212070786,-0.501135908790348,0.019,0.034,1
"RAC1","RAC1",0.0118553280711932,-0.274520786436332,0.156,0.193,1
"HEATR4","HEATR4",0.0118579682476578,0.462910203544441,0.199,0.167,1
"NRP1","NRP1",0.0118725700330761,-0.895947876099118,0.038,0.058,1
"RNF126","RNF126",0.0118855590205811,0.453255425584755,0.071,0.048,1
"GFM1","GFM1",0.0118923411868437,-0.43772513731744,0.079,0.107,1
"PHF14","PHF14",0.0119002501590917,-0.175802624733935,0.472,0.519,1
"AP2S1","AP2S1",0.0119154522498462,-0.445360087462339,0.029,0.047,1
"YTHDF1","YTHDF1",0.011924239923588,-0.360298535563698,0.139,0.173,1
"LINC01535","LINC01535",0.011927469109444,-0.484329753746365,0.057,0.082,1
"SLC35B3","SLC35B3",0.0119358136350473,-0.156587325526286,0.084,0.113,1
"RAB11FIP5","RAB11FIP5",0.011937960207791,1.01294196152205,0.034,0.019,1
"ENSG00000270638","ENSG00000270638",0.0119439588076325,-0.90906274115268,0.004,0.013,1
"MEF2C","MEF2C",0.0119440651228125,-0.269096752372834,0.204,0.243,1
"HNRNPH3","HNRNPH3",0.0119549887032102,0.3639060239387,0.209,0.176,1
"TMEM68","TMEM68",0.0119605541956447,-0.305793796495178,0.066,0.092,1
"PLK1","PLK1",0.0119678593329622,1.2117588243437,0.031,0.017,1
"NQO2","NQO2",0.0119696981131514,-0.315383432931738,0.094,0.124,1
"ENSG00000254138","ENSG00000254138",0.0119825705984402,-0.850053966616179,0.006,0.017,1
"RAB11B","RAB11B",0.0119886821177009,-0.14626786453478,0.123,0.16,1
"EMILIN1","EMILIN1",0.0119914254716804,0.591728316222589,0.08,0.056,1
"LCORL","LCORL",0.0119917160243812,0.34371909931418,0.287,0.253,1
"ENSG00000234428","ENSG00000234428",0.0120014028219514,-0.463710854737159,0.031,0.05,1
"HECW1","HECW1",0.0120106667506993,-0.88982870906201,0.014,0.027,1
"ASAH2B","ASAH2B",0.012016101344166,-1.15419264129022,0.006,0.017,1
"SYT16","SYT16",0.0120205459528931,-0.436091679061845,0.059,0.084,1
"PROSER2-AS1","PROSER2-AS1",0.0120333522635797,-0.644061304565973,0.021,0.037,1
"MXD4","MXD4",0.0120810599464715,0.30325744311044,0.335,0.299,1
"TMEM53","TMEM53",0.0120825099129122,-0.506649282588891,0.052,0.075,1
"PILRA","PILRA",0.0120864312059423,-0.275953913745385,0.105,0.137,1
"PEMT","PEMT",0.0120875698907345,-0.787026286327216,0.032,0.051,1
"ANK3","ANK3",0.0120975950320229,-0.918629070519184,0.048,0.07,1
"LYG1","LYG1",0.0120983918313214,1.004350489307,0.031,0.017,1
"MSL2","MSL2",0.0121023728183452,0.463521013326816,0.186,0.152,1
"TRAF6","TRAF6",0.0121040664322362,0.471615375122369,0.108,0.082,1
"PSTK","PSTK",0.0121049098087787,-0.297867295488308,0.064,0.089,1
"MIR4713HG","MIR4713HG",0.012127077632264,-1.37834925578524,0.016,0.03,1
"ENSG00000257767","ENSG00000257767",0.0121280795540135,0.668423266279469,0.037,0.021,1
"ENSG00000255823","ENSG00000255823",0.0121462961720828,0.163785872452327,0.181,0.145,1
"MAPKAPK2","MAPKAPK2",0.0121504684787279,0.251305865697387,0.173,0.138,1
"ZNF496","ZNF496",0.0121513383442519,-0.202542267971758,0.077,0.107,1
"CWC27","CWC27",0.012162283103632,-0.233399300083164,0.297,0.342,1
"TAF12","TAF12",0.0121623236831551,0.407153819444282,0.083,0.059,1
"SGCZ","SGCZ",0.0122192086108151,0.820625363804547,0.128,0.101,1
"BSDC1","BSDC1",0.0122432669167788,0.482484964993261,0.215,0.183,1
"ZNF350","ZNF350",0.0122446927519459,-0.537840757469858,0.037,0.057,1
"CPO","CPO",0.0122502433400765,0.595943340876504,0.034,0.019,1
"C12orf57","C12orf57",0.0122786826839711,-0.543277798832084,0.037,0.057,1
"SGCB","SGCB",0.0122786992576629,-0.129559304334073,0.045,0.068,1
"RRAS","RRAS",0.0122892625426917,1.20266349294777,0.022,0.01,1
"ZNF469","ZNF469",0.0122927791042624,-1.4021480644667,0.008,0.019,1
"TBC1D8","TBC1D8",0.0122940474567062,0.439756665864318,0.177,0.144,1
"LINS1","LINS1",0.0123295297288155,-0.406987344253044,0.061,0.086,1
"PTEN","PTEN",0.0123684835717215,-0.163900788236856,0.387,0.441,1
"STK36","STK36",0.0123891989428007,0.572482305395616,0.113,0.086,1
"MPP1","MPP1",0.0123929520563226,-0.639461895418686,0.021,0.037,1
"TOR2A","TOR2A",0.0124042416142847,0.971464046887427,0.028,0.015,1
"VWA5B1","VWA5B1",0.0124131157745846,-1.09843804272197,0.008,0.019,1
"TGOLN2","TGOLN2",0.01242350230006,0.534987507309388,0.146,0.115,1
"PNMA3","PNMA3",0.0124322442474702,-1.16534171302774,0.011,0.023,1
"CD44","CD44",0.0124331089229711,0.274677200967661,0.571,0.553,1
"SCYL1","SCYL1",0.0124377358228806,0.519112503108465,0.095,0.069,1
"HDAC9","HDAC9",0.0124377925475657,-0.158056981059092,0.09,0.12,1
"STK25","STK25",0.0124553571489241,0.505927751610781,0.147,0.118,1
"APMAP","APMAP",0.0124605192882444,-0.37527494359785,0.065,0.091,1
"ENSG00000237481","ENSG00000237481",0.0124610389018761,-1.16128279501736,0.011,0.023,1
"UQCRC1","UQCRC1",0.0124728194042306,0.394195735369583,0.128,0.099,1
"AXIN2","AXIN2",0.012486116591557,-0.433760435921859,0.034,0.054,1
"UNK","UNK",0.0124984555305969,-0.282586164696559,0.228,0.269,1
"LINC01091","LINC01091",0.0125101351041841,-0.840312518932904,0.008,0.019,1
"GPANK1","GPANK1",0.0125294561523988,-0.614592792180169,0.03,0.048,1
"EIF2B5","EIF2B5",0.0125303597457524,0.519709696418761,0.085,0.06,1
"VCP","VCP",0.0125536721551887,0.345594716529523,0.218,0.184,1
"ENSG00000239467","ENSG00000239467",0.0125622868893315,-1.11118263009397,0.011,0.023,1
"PTPN3","PTPN3",0.0125715179841937,2.14649430102058,0.011,0.003,1
"UBE2B","UBE2B",0.012585607772602,0.34803818917545,0.319,0.285,1
"EVA1A","EVA1A",0.0125863272759199,0.823237055487834,0.042,0.025,1
"CAT","CAT",0.0126196702832346,-0.213610809306028,0.129,0.164,1
"PIERCE2","PIERCE2",0.0126318103652413,0.886663448088376,0.042,0.026,1
"RFC1","RFC1",0.012640880471584,-0.277497102819651,0.156,0.193,1
"DGKZ","DGKZ",0.0126471441807773,0.513663669007157,0.222,0.191,1
"ENSG00000255839","ENSG00000255839",0.0126639361855177,1.05849263235853,0.028,0.015,1
"DCP2","DCP2",0.0126717968457262,-0.324916044576321,0.098,0.129,1
"PDE3B","PDE3B",0.0126766124776792,0.548524483965149,0.085,0.062,1
"TDP1","TDP1",0.0126825291989314,0.393301691359801,0.085,0.06,1
"SYCP2","SYCP2",0.0126826578036876,-0.293540038458664,0.13,0.165,1
"PTPN11","PTPN11",0.0126863140029256,-0.147731160694945,0.175,0.216,1
"KIF21B","KIF21B",0.0126879939498204,-0.307454475470571,0.059,0.084,1
"PLAC8L1","PLAC8L1",0.012696736277876,-1.01805261072801,0.009,0.021,1
"RNFT2","RNFT2",0.0126996018950318,-0.709393130260803,0.036,0.055,1
"COL8A2","COL8A2",0.0127142922826547,1.64467105317035,0.011,0.003,1
"LMTK3","LMTK3",0.0127175387953254,0.251354916718834,0.208,0.172,1
"BTN3A1","BTN3A1",0.0127380210240605,-0.631393529630769,0.012,0.025,1
"ENSG00000253108","ENSG00000253108",0.0127408859602892,-0.497772265567987,0.059,0.082,1
"RNF180","RNF180",0.0127423289115487,-0.237181678360004,0.295,0.341,1
"BCL7C","BCL7C",0.0127444576939451,-0.313777731972123,0.144,0.18,1
"ENSG00000256825","ENSG00000256825",0.0127917636560433,1.44715740742832,0.011,0.003,1
"YBX2","YBX2",0.0127917636560433,1.63811112104058,0.011,0.003,1
"COQ6","COQ6",0.012803756509565,-0.665773246122899,0.033,0.052,1
"GBF1","GBF1",0.0128061990464644,0.25831316062893,0.457,0.429,1
"AP3D1","AP3D1",0.0128211888710053,0.345267741937916,0.237,0.203,1
"ENSG00000206417","ENSG00000206417",0.0128324478217058,0.872447861102242,0.038,0.022,1
"DIS3","DIS3",0.0128492642677999,-0.277959544821202,0.09,0.12,1
"TMEM268","TMEM268",0.0128564455729185,0.620553376990808,0.083,0.059,1
"ENSG00000236760","ENSG00000236760",0.0128584998725022,1.36451621549207,0.011,0.003,1
"SPANXA2-OT1","SPANXA2-OT1",0.0128835588643651,-1.03934492796566,0.009,0.021,1
"IZUMO4","IZUMO4",0.0128922338050505,-0.23086473990916,0.104,0.137,1
"TBRG1","TBRG1",0.01290218955507,0.390109806672276,0.171,0.139,1
"BIRC2","BIRC2",0.0129126866877525,-0.367946071295002,0.107,0.138,1
"PIAS1","PIAS1",0.0129185792707318,-0.138722888513261,0.464,0.519,1
"TNRC6B","TNRC6B",0.0129463968858396,0.117270264623462,0.877,0.844,1
"CWC15","CWC15",0.0129525633872179,0.538828534200608,0.075,0.053,1
"VASN","VASN",0.0129637317772337,-0.226999439088509,0.085,0.115,1
"STMN1","STMN1",0.0129748158221182,-0.36965979098042,0.083,0.111,1
"ZNF280C","ZNF280C",0.0129980667871326,-0.353650017392897,0.06,0.085,1
"TSPOAP1-AS1","TSPOAP1-AS1",0.0130030078448371,-0.689262635162694,0.022,0.037,1
"MYLK4","MYLK4",0.0130215199643602,-1.72632369820198,0.004,0.012,1
"ENSG00000273771","ENSG00000273771",0.0130215199643602,-1.46403464381656,0.004,0.012,1
"UBP1","UBP1",0.013032310259654,-0.377826426442314,0.135,0.168,1
"SRRM2-AS1","SRRM2-AS1",0.0130331807701469,-0.806516865263917,0.009,0.021,1
"PLEKHA4","PLEKHA4",0.0130609146082685,-0.862552807734923,0.016,0.03,1
"EPCIP-AS1","EPCIP-AS1",0.0130676048871451,-0.154130060121282,0.222,0.266,1
"ADAP1","ADAP1",0.0130877646761949,-1.44994114324239,0.004,0.012,1
"CACHD1","CACHD1",0.0131004406754346,0.129565342953102,0.746,0.719,1
"GRAMD1C","GRAMD1C",0.013105614024209,-0.150830314298733,0.667,0.715,1
"FAF1","FAF1",0.0131270940553431,-0.141173137065534,0.651,0.707,1
"ENSG00000237031","ENSG00000237031",0.0131339322262836,1.23951228842577,0.02,0.009,1
"CFAP36","CFAP36",0.0131627418268624,-0.391216897665553,0.101,0.131,1
"IKBKB","IKBKB",0.0131678487323826,0.458329263256397,0.19,0.157,1
"SMPDL3A","SMPDL3A",0.013168353606662,-0.671095882983167,0.009,0.021,1
"MTLN","MTLN",0.0131834755017512,0.707867453949605,0.038,0.022,1
"ATG5","ATG5",0.0131855444392525,-0.190517345461921,0.166,0.204,1
"LOC101928516","LOC101928516",0.0131949547096501,-0.838218959282348,0.022,0.037,1
"CACNA1A","CACNA1A",0.0132067878664706,0.256405222187103,0.101,0.075,1
"GTF2H5","GTF2H5",0.0132129410503306,-0.466617077486214,0.044,0.065,1
"MRPL57","MRPL57",0.0132161773423994,-0.583810867912247,0.039,0.059,1
"ZNF493","ZNF493",0.0132445423283992,-0.310074187555768,0.079,0.107,1
"KCNC3","KCNC3",0.0132522690507761,0.81985326633462,0.028,0.015,1
"USP46-DT","USP46-DT",0.0132658765291445,-0.990849219850694,0.004,0.012,1
"PSKH1","PSKH1",0.0133216049454787,0.538713133986255,0.07,0.048,1
"FSCN1","FSCN1",0.0133245371989306,-1.4287472725551,0.006,0.015,1
"LINC00222","LINC00222",0.0133324429743934,0.820278080340596,0.057,0.037,1
"CNBD1","CNBD1",0.01334120000034,-0.798475871614746,0.014,0.028,1
"ACBD5","ACBD5",0.0133420978834525,-0.298433092626009,0.087,0.116,1
"ZNF565","ZNF565",0.0133548002999144,-0.10172363564719,0.102,0.134,1
"UBA7","UBA7",0.0133557433050083,-0.55370327278388,0.031,0.049,1
"ODF2L","ODF2L",0.0133610774424615,-0.131327095099193,0.171,0.212,1
"SF3A3","SF3A3",0.0133736171327161,-0.426895263475326,0.087,0.115,1
"DBI","DBI",0.0133793928023611,0.315108812531331,0.175,0.142,1
"UQCC5","UQCC5",0.0134037888145526,0.443957020971944,0.128,0.1,1
"SLC25A13","SLC25A13",0.0134059641753732,-0.248750738023087,0.332,0.374,1
"SEPTIN7-DT","SEPTIN7-DT",0.013447030569447,-0.382813997619734,0.066,0.091,1
"SLIRP","SLIRP",0.0134624094930993,0.456930465093177,0.173,0.141,1
"ENSG00000108448","ENSG00000108448",0.0134629200262954,-0.56906769833025,0.075,0.101,1
"RNF212","RNF212",0.0134698479544707,-1.17458367844863,0.006,0.015,1
"TM7SF2","TM7SF2",0.0134726681110661,-0.265876873534112,0.113,0.145,1
"AGTRAP","AGTRAP",0.0134743676341029,-0.502489211314244,0.049,0.071,1
"ACTN2","ACTN2",0.0134996717633124,-0.249676931372152,0.106,0.138,1
"MAMLD1","MAMLD1",0.013553626139205,-0.152982995331107,0.238,0.285,1
"CCDC117","CCDC117",0.0135568633824446,0.669719027728465,0.059,0.039,1
"CISD3","CISD3",0.013583209410829,0.894334050537477,0.032,0.017,1
"PLEKHA6","PLEKHA6",0.0136306109297488,0.246655263889127,0.461,0.428,1
"NEDD1","NEDD1",0.0136494620619806,-0.290458726886605,0.042,0.064,1
"SORBS3","SORBS3",0.0136957597702855,-0.223157763609165,0.186,0.228,1
"CPT2","CPT2",0.0137017326661091,-0.545555920532861,0.033,0.052,1
"ETNK1","ETNK1",0.013705813903152,-0.246365385396683,0.25,0.294,1
"ENSG00000246263","ENSG00000246263",0.0137529535886575,-0.59399833358162,0.036,0.055,1
"ENSG00000260869","ENSG00000260869",0.0137665970591686,0.815612013398016,0.032,0.017,1
"LINC01599","LINC01599",0.0138313353843846,1.3836074859306,0.023,0.011,1
"NDUFC2-KCTD14","NDUFC2-KCTD14",0.0138443693594898,1.56838909353527,0.018,0.008,1
"C4orf50","C4orf50",0.0138504464057197,-0.542125183812721,0.014,0.028,1
"DDX1","DDX1",0.0138709508738413,-0.359422425238065,0.11,0.14,1
"HSD17B6","HSD17B6",0.0138742625736199,-0.409492361469112,0.03,0.048,1
"ATP5PD","ATP5PD",0.0139316680052545,-0.641447317246123,0.034,0.053,1
"LRCH2","LRCH2",0.0139451581304862,-0.158755206256461,0.134,0.17,1
"MTMR2","MTMR2",0.0139476014142828,0.469164707691439,0.219,0.188,1
"TEX29","TEX29",0.0139580444694742,1.63640402422365,0.014,0.005,1
"ENSG00000258888","ENSG00000258888",0.0139640380727952,-2.21011504960668,0.003,0.01,1
"TTF1","TTF1",0.0139732429921159,-0.306038116314272,0.057,0.082,1
"ABHD13","ABHD13",0.0139872386082925,0.479779103250131,0.071,0.049,1
"PRSS35","PRSS35",0.0139892626119011,-2.57864616671882,0.003,0.01,1
"ZFHX2","ZFHX2",0.0140279750412868,0.408092095752381,0.252,0.221,1
"CHMP4B","CHMP4B",0.0140738049961038,-0.35915537055919,0.065,0.091,1
"CIZ1","CIZ1",0.0140996882708437,0.44060573049859,0.107,0.08,1
"TMX4","TMX4",0.0141121127902068,-0.217422115378148,0.104,0.136,1
"LINC02901","LINC02901",0.0141356442686795,0.659213785444444,0.035,0.02,1
"LSM8","LSM8",0.0141374137590453,0.493196637620733,0.082,0.058,1
"LINC03146","LINC03146",0.014141456178274,-1.7745073496167,0.003,0.01,1
"B4GALNT1","B4GALNT1",0.0141669633282498,-1.45073076001531,0.003,0.01,1
"ZNHIT1","ZNHIT1",0.014167617607806,-0.324488641743575,0.044,0.065,1
"C5orf34","C5orf34",0.0141925110659258,-1.41556399494558,0.003,0.01,1
"ZNF100","ZNF100",0.0141990644302023,-0.385189045074796,0.1,0.129,1
"VWA8","VWA8",0.0142274842844499,-0.139403159440929,0.509,0.557,1
"MAFB","MAFB",0.0142299092072546,1.22703012018397,0.014,0.005,1
"ENSG00000231970","ENSG00000231970",0.014264137371057,1.55755247573415,0.016,0.006,1
"ATE1","ATE1",0.0142649986065451,-0.170931501019612,0.366,0.413,1
"CLTRN","CLTRN",0.0142693983437518,-1.60305125171611,0.003,0.01,1
"PCDH10","PCDH10",0.0142715215510224,-0.248484128360393,0.237,0.279,1
"FBXL15","FBXL15",0.0142897364707337,0.721283993538737,0.047,0.029,1
"SNRNP40","SNRNP40",0.0143061096964984,-0.191291062939378,0.087,0.117,1
"ENSG00000196826","ENSG00000196826",0.0143162336894389,-0.373318546557745,0.022,0.037,1
"ENSG00000254575","ENSG00000254575",0.01432405238332,3.12909018093002,0.01,0.003,1
"CRIM1","CRIM1",0.0143282156538056,-0.148864744493423,0.329,0.38,1
"ENSG00000253444","ENSG00000253444",0.0143337515365777,-1.52522422417117,0.003,0.01,1
"MCUR1","MCUR1",0.0143512458573606,0.364168102766757,0.111,0.084,1
"ZNF331","ZNF331",0.0143576636751134,0.359562344232727,0.175,0.144,1
"TNIP2","TNIP2",0.0143590950511531,0.668856237994385,0.039,0.023,1
"NOP56","NOP56",0.0143675349833731,0.32955027352411,0.085,0.06,1
"TIMM21","TIMM21",0.0143705098739277,0.819010272454439,0.043,0.026,1
"DCP1B","DCP1B",0.0143712764172587,-0.175631177865706,0.191,0.232,1
"ENSG00000235296","ENSG00000235296",0.0143903841558351,2.88010502186191,0.01,0.003,1
"MCM3AP","MCM3AP",0.0143939479748566,-0.210862424401433,0.154,0.192,1
"ENSG00000248559","ENSG00000248559",0.0144036822958119,2.63595880564963,0.01,0.003,1
"PCSK6","PCSK6",0.0144098035635194,-0.338604648289166,0.042,0.062,1
"ENSG00000258114","ENSG00000258114",0.0144113131856201,-0.675227008580049,0.003,0.01,1
"YRDC","YRDC",0.0144285341518079,0.8845094008871,0.014,0.005,1
"ENSG00000232406","ENSG00000232406",0.0144372491986933,-1.02710209103799,0.003,0.01,1
"RXRG","RXRG",0.0144486504661002,-0.266204570668886,0.035,0.055,1
"RAI1-AS1","RAI1-AS1",0.014456986697378,2.35214676751231,0.01,0.003,1
"MSANTD2","MSANTD2",0.0144828805503753,-0.165702054761062,0.101,0.133,1
"ZBTB37","ZBTB37",0.0144833886296726,0.384716491900033,0.239,0.207,1
"APOL3","APOL3",0.0144907932397692,-0.962581139294831,0.016,0.03,1
"TK2","TK2",0.0145201495261215,-0.229544392226932,0.066,0.092,1
"FNDC5","FNDC5",0.0145365615123729,-0.459080725850946,0.029,0.046,1
"ENSG00000269151","ENSG00000269151",0.0145372684578683,2.0316326850393,0.01,0.003,1
"PACC1","PACC1",0.0145399627290098,0.679179623971204,0.057,0.037,1
"POLL","POLL",0.0145404944148939,-0.282021625091161,0.078,0.105,1
"CIT","CIT",0.0145444316484533,0.599736547815113,0.108,0.082,1
"TPP2","TPP2",0.0145473119971653,-0.299893666287329,0.179,0.216,1
"ZSWIM5","ZSWIM5",0.0145510455155757,0.138151442025829,0.508,0.459,1
"SCAPER","SCAPER",0.0145540301405772,-0.168328633995174,0.622,0.667,1
"TADA1","TADA1",0.0145972622991392,1.0677023061357,0.054,0.036,1
"RNF8","RNF8",0.0145989681393269,-0.238599361337686,0.09,0.12,1
"RABL6","RABL6",0.0146021137503862,0.365310501353064,0.258,0.225,1
"CYP4F26P","CYP4F26P",0.0146044699328428,2.11262236675674,0.01,0.003,1
"SPAG4","SPAG4",0.0146044699328428,2.0254385643857,0.01,0.003,1
"AK7","AK7",0.0146179430447127,1.68101909782526,0.01,0.003,1
"DNAJC2","DNAJC2",0.0146427087061551,0.557966921854489,0.11,0.083,1
"STK17A","STK17A",0.0146429033791487,0.450469785423351,0.194,0.163,1
"CNTNAP5","CNTNAP5",0.0146798927904145,-0.94123722898319,0.019,0.033,1
"YPEL3","YPEL3",0.0146824729440898,0.412476900901439,0.196,0.164,1
"THOC6","THOC6",0.0146990120566001,1.70128678922196,0.01,0.003,1
"MAB21L1","MAB21L1",0.0147125620179732,1.3862511246318,0.01,0.003,1
"CFAP74","CFAP74",0.0147126353615485,1.48383181732022,0.021,0.01,1
"LLGL1","LLGL1",0.0147460236399187,0.821727137732693,0.039,0.024,1
"LINC02889","LINC02889",0.0147668720200118,1.64089722776668,0.01,0.003,1
"LOC105374780","LOC105374780",0.014825565464064,-1.21128761816708,0.009,0.019,1
"MORC2-AS1","MORC2-AS1",0.0148382330516839,0.86986911548353,0.016,0.006,1
"COQ9","COQ9",0.0148558964813747,0.235894685254116,0.234,0.197,1
"MCM3","MCM3",0.0149037659975078,-0.841837791932926,0.019,0.033,1
"SREBF1","SREBF1",0.0149071455362654,0.177844395902794,0.524,0.485,1
"RGP1","RGP1",0.0149117638531344,-0.751886756539192,0.039,0.058,1
"ENSG00000278743","ENSG00000278743",0.0149168572824511,-0.580093903235796,0.022,0.038,1
"HNRNPF","HNRNPF",0.0149232463800973,0.439113383579386,0.111,0.084,1
"GTF2B","GTF2B",0.0149248915200264,-0.385615371363412,0.077,0.104,1
"HDHD3","HDHD3",0.0149350828673021,-0.180836614858442,0.156,0.193,1
"REEP1","REEP1",0.0149526166473843,-1.00985322583046,0.01,0.021,1
"ENSG00000241505","ENSG00000241505",0.0149543554792398,1.38311384085001,0.027,0.014,1
"RADIL","RADIL",0.015011402900141,-0.241862587563118,0.065,0.09,1
"SLC38A3","SLC38A3",0.0150304661929904,-0.517077727509694,0.071,0.096,1
"ENSG00000253766","ENSG00000253766",0.0150309309314237,-0.768227849443466,0.016,0.03,1
"MAPK8IP1","MAPK8IP1",0.0151013232855337,-0.21888887402844,0.098,0.129,1
"UBE2Q2P7","UBE2Q2P7",0.0151459436088551,-0.837399195694526,0.01,0.021,1
"CHSY3","CHSY3",0.0151547618959003,1.21974440404562,0.046,0.029,1
"ENSG00000283374","ENSG00000283374",0.0152012106392759,-0.449967626876446,0.062,0.086,1
"PRLHR","PRLHR",0.0152142163477673,-0.347434371115023,0.098,0.128,1
"ENSG00000260911","ENSG00000260911",0.0152288956852266,0.553453961926099,0.057,0.037,1
"METRN","METRN",0.0152440648256797,0.259013096834659,0.545,0.528,1
"CRLF1","CRLF1",0.0152555596315254,-0.54813856698198,0.045,0.066,1
"PRDX6-AS1","PRDX6-AS1",0.0153220356748375,0.25233413539465,0.394,0.366,1
"AGBL5","AGBL5",0.0153309227298697,0.480317640172065,0.08,0.057,1
"NFE2L1","NFE2L1",0.0153416495198799,0.403504069976226,0.173,0.141,1
"UBE2Q2","UBE2Q2",0.0153524763963186,-0.11810082486805,0.072,0.099,1
"RGS5","RGS5",0.0153645471917889,-0.393935394011338,0.055,0.078,1
"CLPB","CLPB",0.0153953734829566,0.614860609914055,0.124,0.098,1
"CROT","CROT",0.015399589074267,-0.237756841186854,0.062,0.086,1
"SEZ6","SEZ6",0.0154051132272067,-1.01136357750137,0.009,0.019,1
"PCNX4","PCNX4",0.015463587738386,-0.255084147206846,0.259,0.301,1
"MIR9-3HG","MIR9-3HG",0.0155595378725807,0.37368785261384,0.197,0.165,1
"CHD8","CHD8",0.0155617720731496,-0.129081245033798,0.208,0.25,1
"ZNF391","ZNF391",0.0155663498686038,-0.563498022167884,0.01,0.021,1
"RWDD2B","RWDD2B",0.0155716973584572,-1.4360530150254,0.005,0.014,1
"DDO","DDO",0.0155728438852986,-0.468021218328724,0.024,0.041,1
"TEX26","TEX26",0.0155961841069571,-0.685274823574111,0.016,0.03,1
"RGL3","RGL3",0.0155983096316476,0.438076358947553,0.153,0.124,1
"ATP2B2","ATP2B2",0.0156294144773428,-0.158593447221094,0.675,0.722,1
"GXYLT1","GXYLT1",0.0156875303420482,-0.275532585640137,0.076,0.102,1
"VKORC1L1","VKORC1L1",0.015722659178204,-0.215671468499641,0.133,0.166,1
"SBNO1","SBNO1",0.015725050640853,0.25427201947834,0.259,0.222,1
"SNAP91","SNAP91",0.0157251240868357,-0.203043964841243,0.277,0.32,1
"ZNF326","ZNF326",0.0157262920978086,-0.18512211415899,0.18,0.219,1
"GLT8D1","GLT8D1",0.0157293639338193,-0.52988347364172,0.037,0.057,1
"ENSG00000272144","ENSG00000272144",0.0157356034856463,-1.44560647703123,0.005,0.014,1
"BCOR","BCOR",0.0157565387151203,-0.379596914280432,0.065,0.089,1
"CIB1","CIB1",0.0157814569509647,-0.243618566909433,0.091,0.12,1
"MTBP","MTBP",0.0158091324879069,-0.686949063394349,0.039,0.059,1
"EML2","EML2",0.0158107918345392,0.896843257766718,0.067,0.046,1
"VPS4A","VPS4A",0.0158497978510409,0.470248124614793,0.108,0.082,1
"LOC105374059","LOC105374059",0.0158803836169335,1.87207651858608,0.019,0.008,1
"LACTB","LACTB",0.0158998528969663,0.434287274778909,0.073,0.051,1
"LDLRAD4","LDLRAD4",0.0159059628092076,-0.125895435454992,0.832,0.849,1
"C14orf119","C14orf119",0.0159126695543976,0.755751698171251,0.029,0.016,1
"TMLHE-AS1","TMLHE-AS1",0.0159515892266373,-0.368960368485276,0.032,0.05,1
"MESD","MESD",0.0159563341265103,-0.171116109408331,0.097,0.127,1
"TSC22D2","TSC22D2",0.0159826555142734,0.20129473150417,0.497,0.465,1
"ADAM11","ADAM11",0.015996551349105,-0.998950932923186,0.014,0.026,1
"ENSG00000264345","ENSG00000264345",0.0160062653428227,-0.331773188451132,0.01,0.021,1
"MARF1","MARF1",0.0160076897690901,-0.207048053237201,0.134,0.169,1
"PIWIL4","PIWIL4",0.016032784168397,-0.546162313976242,0.047,0.068,1
"MCC","MCC",0.0160411954146369,-0.150029779979241,0.742,0.761,1
"TAOK3","TAOK3",0.0160956157505017,0.131093591696735,0.72,0.711,1
"CPAP","CPAP",0.0161263660738848,-0.380000914027134,0.037,0.057,1
"CANX","CANX",0.0161270772079398,0.324978223336526,0.307,0.271,1
"DENND2A","DENND2A",0.016139080431687,-0.103839567664234,0.291,0.338,1
"HMGCS1","HMGCS1",0.0161849299205727,-0.251296025782812,0.07,0.095,1
"HHIP","HHIP",0.0161860749266646,-0.958978621458334,0.029,0.046,1
"IFIT3","IFIT3",0.0162002120409727,-0.338846454846662,0.047,0.069,1
"GLCCI1","GLCCI1",0.0162013032958708,-0.127571051896915,0.249,0.293,1
"EEIG1","EEIG1",0.016215266445621,0.37126290477211,0.208,0.176,1
"PTPRE","PTPRE",0.016239391766745,0.421809049084185,0.237,0.203,1
"RAB28","RAB28",0.0162846254927639,-0.220016215467301,0.313,0.355,1
"CIC","CIC",0.0162956761709859,0.401878568632862,0.108,0.082,1
"ENSG00000285447","ENSG00000285447",0.016324989212894,-0.44286513544213,0.044,0.065,1
"FTSJ1","FTSJ1",0.0163421591161051,0.848224882789481,0.024,0.012,1
"FGF11","FGF11",0.0163510826026617,-0.368747092138603,0.094,0.122,1
"NADK","NADK",0.0163539259628711,0.389513398895312,0.141,0.111,1
"UNC5C","UNC5C",0.0164369418893401,-0.37881464176798,0.163,0.196,1
"UTY","UTY",0.0164550088686341,-0.178262517914316,0.558,0.583,1
"LINC00907","LINC00907",0.0164555409333189,0.600618840439755,0.08,0.058,1
"TP53INP2","TP53INP2",0.0165287016464214,-0.522031688375762,0.028,0.045,1
"NUDT8","NUDT8",0.016532204891409,1.08253851793635,0.03,0.017,1
"FCHO2","FCHO2",0.0165547194078912,-0.149791557353522,0.186,0.226,1
"UBA3","UBA3",0.016556182957774,0.339428768783036,0.251,0.217,1
"SAFB","SAFB",0.0165622095186948,0.364768352404936,0.241,0.207,1
"CNTNAP2","CNTNAP2",0.0165664777544349,-0.275131170690904,0.13,0.163,1
"DIO2-AS1","DIO2-AS1",0.0165760386141992,-0.837430165678225,0.012,0.024,1
"CDKN1C","CDKN1C",0.0166005995878134,0.738756717005947,0.054,0.036,1
"CCDC149","CCDC149",0.016680954338297,-0.341519343806768,0.086,0.113,1
"CHCHD2","CHCHD2",0.0166960985513378,-0.278373888867011,0.101,0.131,1
"APIP","APIP",0.0167083205817524,-0.184947769584903,0.181,0.22,1
"POLR2M","POLR2M",0.0167148681681037,0.873538267425151,0.051,0.033,1
"WFDC1","WFDC1",0.016721701725104,1.80295931535186,0.012,0.004,1
"ELAC2","ELAC2",0.0167254358423239,-0.451286726805273,0.04,0.06,1
"OLIG1","OLIG1",0.0167562245162588,-0.364716809768701,0.027,0.044,1
"PPT1","PPT1",0.0167724575948565,0.561619755320484,0.082,0.059,1
"ENSG00000270127","ENSG00000270127",0.0167912666853399,-1.0458194039462,0.02,0.035,1
"DIS3L2","DIS3L2",0.0167981081222447,-0.105399167357345,0.419,0.474,1
"KCNJ16","KCNJ16",0.0168036340001787,0.464874252696749,0.293,0.266,1
"UVRAG","UVRAG",0.0168092896056763,-0.203317807144573,0.303,0.349,1
"EDC3","EDC3",0.0168142349876427,0.394104500959452,0.15,0.12,1
"RAB26","RAB26",0.0168208995137636,1.18394536468014,0.027,0.015,1
"NANOS1","NANOS1",0.016897134056942,1.42361175026797,0.012,0.004,1
"PKM","PKM",0.0169060643944585,-0.171568533316812,0.474,0.524,1
"LOC105370887","LOC105370887",0.0169130033773158,-0.322595209570694,0.034,0.053,1
"EIF5A2","EIF5A2",0.01691547867775,0.887197665804373,0.034,0.019,1
"THBS3-AS1","THBS3-AS1",0.0169233498799188,-0.204185003053118,0.212,0.251,1
"EIF2B1","EIF2B1",0.016929798498341,-0.500030733809212,0.066,0.09,1
"NUCB2","NUCB2",0.0169595200801353,-0.194148779548695,0.103,0.133,1
"PTPN18","PTPN18",0.0169825074316993,-0.287899936405152,0.07,0.095,1
"FAM181A-AS1","FAM181A-AS1",0.0169885842092203,-0.771091458941746,0.014,0.026,1
"RWDD1","RWDD1",0.0169999814834759,-0.218067690812808,0.065,0.089,1
"COMMD1","COMMD1",0.017032000014668,0.220669613454903,0.388,0.353,1
"AP1G2","AP1G2",0.0170724098090251,0.57156649966388,0.049,0.032,1
"ENSG00000274220","ENSG00000274220",0.0170922928258416,-1.23062240786222,0.006,0.016,1
"SMIM10L1","SMIM10L1",0.017111531072252,-0.920577303934182,0.016,0.029,1
"LOC107986178","LOC107986178",0.0171155629367721,-1.1642674284759,0.006,0.016,1
"RAVER2","RAVER2",0.0171188573542632,-0.132351230213071,0.343,0.39,1
"ENSG00000213981","ENSG00000213981",0.017141514909922,-0.520016486532309,0.014,0.026,1
"RGS6","RGS6",0.0171472799519635,-0.164555037278711,0.854,0.842,1
"BORCS5","BORCS5",0.0171669673038558,-0.149182058154296,0.159,0.195,1
"LOC105377155","LOC105377155",0.0172051658402739,0.538963677507602,0.059,0.04,1
"PDCL","PDCL",0.0172296691134318,-0.281993191815326,0.034,0.053,1
"PROM2","PROM2",0.0172539318737233,1.8390624279836,0.014,0.006,1
"CHD5","CHD5",0.0172568370657751,-2.2841439669066,0.004,0.012,1
"FBF1","FBF1",0.0172864748273559,-0.263822764047041,0.057,0.08,1
"C2orf74","C2orf74",0.0172875976947941,-0.537672177458108,0.044,0.065,1
"ELMO1","ELMO1",0.0172979645144965,-0.784079665786296,0.058,0.08,1
"TRIP6","TRIP6",0.0173020473914684,-0.242722682536134,0.064,0.089,1
"PPP1R13B-DT","PPP1R13B-DT",0.0173027265689656,-0.918714078583782,0.006,0.016,1
"LRFN4","LRFN4",0.0173123210516777,0.777297611507392,0.069,0.048,1
"AAR2","AAR2",0.0173272291798426,0.670831740801661,0.071,0.05,1
"PURB","PURB",0.0173274353493672,0.34577511493928,0.172,0.14,1
"NUTM2A-AS1","NUTM2A-AS1",0.017342161822689,0.234599701199099,0.464,0.44,1
"TNFRSF19","TNFRSF19",0.0173673989369266,0.928575049983224,0.024,0.012,1
"EFNA1","EFNA1",0.0173834105573845,-0.732275577518846,0.029,0.046,1
"MCMDC2","MCMDC2",0.0173857392018485,0.483799147891911,0.079,0.057,1
"ZNF785","ZNF785",0.0173885268462983,0.437611744597004,0.107,0.081,1
"DBN1","DBN1",0.0174241967032065,0.757435592168902,0.062,0.042,1
"PPIL3","PPIL3",0.0174362047482438,-0.11703210633425,0.057,0.08,1
"ACTR1B","ACTR1B",0.017438578813533,0.444560482907495,0.102,0.077,1
"DNAJC15","DNAJC15",0.0174481438334918,-0.223562611711137,0.092,0.12,1
"SOWAHA","SOWAHA",0.0174507246525966,0.92901953424639,0.016,0.007,1
"MAF","MAF",0.0174662769060345,0.793799560245213,0.111,0.087,1
"ENSG00000205464","ENSG00000205464",0.0175335886433952,-0.15379485576254,0.288,0.333,1
"TRIM45","TRIM45",0.0175358491864534,-0.354510096990189,0.014,0.026,1
"ENSG00000267528","ENSG00000267528",0.0175636525956727,-0.909459282712275,0.016,0.029,1
"POLI","POLI",0.0175650835168394,-0.337813178208863,0.11,0.14,1
"ENSG00000249673","ENSG00000249673",0.0175803174658454,-0.409827962699185,0.019,0.034,1
"LHFPL3-AS2","LHFPL3-AS2",0.0175836493545336,0.954458247450904,0.058,0.039,1
"CELSR2","CELSR2",0.0175883001682831,0.748342056283753,0.072,0.051,1
"SERPINB6","SERPINB6",0.0176029265255283,0.371650504565628,0.297,0.268,1
"NFATC2","NFATC2",0.0176383087121728,0.460258864720242,0.236,0.207,1
"BTN3A3","BTN3A3",0.0176716302339633,1.48642064191961,0.014,0.006,1
"SMAD4","SMAD4",0.0176839984258185,-0.195265378553916,0.123,0.155,1
"ACAT2","ACAT2",0.017717207833428,-0.528968615197682,0.034,0.053,1
"HIPK3","HIPK3",0.0177345886032542,-0.170120108587276,0.346,0.391,1
"ENSG00000267786","ENSG00000267786",0.0177613643655743,1.15041975679988,0.014,0.006,1
"ZKSCAN8","ZKSCAN8",0.0177637506870689,-0.129161132751566,0.076,0.103,1
"SERPINF2","SERPINF2",0.0177706250844653,0.986517163199618,0.024,0.012,1
"ATP23","ATP23",0.0177870757729994,1.16034528802053,0.014,0.006,1
"MAGEF1","MAGEF1",0.0177904296090365,-0.597114591065069,0.027,0.043,1
"SIRT4","SIRT4",0.017803979748178,0.833865893781411,0.027,0.015,1
"B3GALT5-AS1","B3GALT5-AS1",0.0178085486829355,0.435296357004453,0.041,0.025,1
"PALD1","PALD1",0.0178086336597317,-1.05202919612926,0.018,0.032,1
"CCDC142","CCDC142",0.0178112770736213,0.550635625943374,0.08,0.057,1
"SUDS3","SUDS3",0.0178113631797272,-0.155340608919059,0.115,0.147,1
"FREM2","FREM2",0.0178469093486348,-1.17578185246453,0.004,0.012,1
"ENSG00000258404","ENSG00000258404",0.0178469093486348,-0.979120471874115,0.004,0.012,1
"PLEKHA8","PLEKHA8",0.0178680237293717,0.358675194157664,0.218,0.185,1
"ENSG00000230260","ENSG00000230260",0.0179026881999177,-1.35805115570198,0.004,0.012,1
"LOC105376713","LOC105376713",0.0179222092557513,-0.906035059891395,0.011,0.022,1
"MOV10L1","MOV10L1",0.0179306348548484,-0.980039745403793,0.004,0.012,1
"ADGRG1","ADGRG1",0.0179370545183311,-0.192876357019824,0.401,0.446,1
"LOC105374593","LOC105374593",0.0179446225083874,-1.17269577565203,0.004,0.012,1
"GATD3","GATD3",0.0179484144401125,-0.391992989245141,0.033,0.051,1
"EFCAB6-DT","EFCAB6-DT",0.0179525961901422,-0.980215224871277,0.008,0.018,1
"CXorf58","CXorf58",0.017958619719791,-0.918299537327845,0.004,0.012,1
"RAB3A","RAB3A",0.0179796409539653,-1.06591201464148,0.009,0.02,1
"ENSG00000285382","ENSG00000285382",0.0179997196308268,-0.517765051250338,0.034,0.052,1
"AQP6","AQP6",0.018036383964776,0.853949817192683,0.038,0.023,1
"PRAM1","PRAM1",0.0180431928238786,-0.666589218994456,0.008,0.018,1
"ENSG00000257004","ENSG00000257004",0.0180488687766245,-0.833755622632474,0.008,0.018,1
"LINC02525","LINC02525",0.0180602245915239,-0.978493098716068,0.008,0.018,1
"ZSCAN5A-AS1","ZSCAN5A-AS1",0.0181057104501325,-0.810352867561905,0.008,0.018,1
"TMEM98","TMEM98",0.0181075876200704,-1.00132464243197,0.009,0.02,1
"KCNIP4","KCNIP4",0.0181202305902187,-0.510349992852814,0.079,0.105,1
"ZSWIM8","ZSWIM8",0.0181264055211321,0.256353240539651,0.311,0.278,1
"HINT3","HINT3",0.0181384918221838,-0.233901215093005,0.05,0.072,1
"ENSG00000270087","ENSG00000270087",0.018145488365174,-0.612555601738159,0.018,0.032,1
"SRFBP1","SRFBP1",0.018150382787873,0.203077215339677,0.153,0.12,1
"ZNF503-AS2","ZNF503-AS2",0.0181512966031222,-0.690832255265903,0.008,0.018,1
"SLC23A2","SLC23A2",0.0181739277162922,0.289239478809955,0.341,0.31,1
"ENSG00000270761","ENSG00000270761",0.0181838793553932,-0.451796729907149,0.004,0.012,1
"ENSG00000229127","ENSG00000229127",0.0181970344173742,-0.492039383565544,0.079,0.104,1
"PCK2","PCK2",0.0181970592809212,0.797378709879369,0.031,0.017,1
"LIG4","LIG4",0.0182122725582879,-0.288119627289433,0.069,0.094,1
"CD72","CD72",0.0182355606489057,-0.682560463696757,0.022,0.037,1
"LYPLA1","LYPLA1",0.0182454051747508,-0.293170039060048,0.079,0.105,1
"GLIS1","GLIS1",0.0183477702991718,-0.461881962933195,0.011,0.022,1
"ENSG00000274767","ENSG00000274767",0.0183486385460937,-0.241754713269247,0.022,0.037,1
"RNF216","RNF216",0.0183501346838863,0.311894112999015,0.404,0.381,1
"TM9SF3","TM9SF3",0.0183729007890326,-0.180303197292019,0.218,0.259,1
"NMT2","NMT2",0.0183967375415973,0.407133781671278,0.214,0.183,1
"PLIN5","PLIN5",0.0184056575488265,0.176621172278977,0.408,0.367,1
"GORASP1","GORASP1",0.0184344440591424,-0.221623780383761,0.097,0.126,1
"ENSG00000258416","ENSG00000258416",0.0184590580827417,-1.24800887347833,0.013,0.025,1
"ATOSB","ATOSB",0.0184823184355055,-0.152516166783762,0.103,0.134,1
"FAM107A","FAM107A",0.0184859207052064,-0.100010780628658,0.349,0.401,1
"TUBA1B","TUBA1B",0.0185150224691646,-0.544008462240879,0.082,0.107,1
"SUGP2","SUGP2",0.0185368325716122,0.238491567099073,0.425,0.398,1
"LINC00632","LINC00632",0.0185880938588597,0.494519907843384,0.154,0.125,1
"SLC7A9","SLC7A9",0.0186007249421224,1.47265038557788,0.019,0.009,1
"KIF13B","KIF13B",0.01861694887231,-0.253375377039595,0.158,0.192,1
"ENSG00000269124","ENSG00000269124",0.0186192263541934,0.435659024867006,0.185,0.156,1
"CYP20A1","CYP20A1",0.0186272733948068,0.316364889153087,0.235,0.201,1
"SNRPA1","SNRPA1",0.0186311104399287,-0.107745978930529,0.06,0.084,1
"MKRN2OS","MKRN2OS",0.0186418280282859,-0.532671471485077,0.02,0.035,1
"IRX1","IRX1",0.0186462714147597,0.662910000102649,0.052,0.034,1
"ZNF397","ZNF397",0.0186463745094231,0.301451174835448,0.236,0.201,1
"CRYGS","CRYGS",0.0186565679434701,0.742756832574294,0.042,0.026,1
"LNPK","LNPK",0.0186687535326496,-0.230215311209198,0.145,0.178,1
"ULK1","ULK1",0.0186717126539462,0.243145524242807,0.236,0.201,1
"GABRG1","GABRG1",0.0186781127847479,-0.112712941033786,0.384,0.438,1
"ENSG00000230303","ENSG00000230303",0.0187137115594085,-0.373627224104279,0.029,0.046,1
"ENSG00000258580","ENSG00000258580",0.01871793669176,-0.252201678076235,0.008,0.018,1
"UBE2A","UBE2A",0.0187287018647564,-0.435928706407585,0.063,0.086,1
"GSTO1","GSTO1",0.0187526344622038,0.661736445246297,0.077,0.056,1
"DCUN1D1","DCUN1D1",0.0187606287779421,0.268953732181058,0.358,0.323,1
"GBE1","GBE1",0.0187684080151641,-0.195834102113907,0.153,0.187,1
"TMEM151A","TMEM151A",0.0187717048604864,-0.450182100444882,0.011,0.022,1
"KMT5A","KMT5A",0.0187897490386014,-0.258254000686944,0.111,0.14,1
"CORO6","CORO6",0.0187973567754341,0.352270260298141,0.058,0.039,1
"FAM118A","FAM118A",0.0188109881663912,0.490012289531589,0.105,0.08,1
"PPIL2","PPIL2",0.0188224439649603,-0.121129443773216,0.145,0.18,1
"TCEAL3","TCEAL3",0.0188429704668846,-0.581180030894038,0.041,0.06,1
"RNF212B","RNF212B",0.0188535262961193,-0.614133308960559,0.02,0.035,1
"PDCD6","PDCD6",0.0188625523402196,-0.246346350004645,0.133,0.165,1
"ERP29","ERP29",0.0188744431969133,0.610319875082894,0.057,0.038,1
"MAGED2","MAGED2",0.0188863840669395,-0.148587368915622,0.062,0.086,1
"OGG1","OGG1",0.018906665718085,0.47278743247736,0.131,0.104,1
"ENSG00000258824","ENSG00000258824",0.0189357144024078,-0.247111353836998,0.105,0.135,1
"C2orf76","C2orf76",0.0189595715893544,-0.237598706612045,0.118,0.15,1
"NUP155","NUP155",0.0189677348609521,-0.279007928404116,0.059,0.082,1
"MRPL9","MRPL9",0.0189747352562178,-1.07866116899073,0.013,0.025,1
"SULF2","SULF2",0.0189950406243103,-0.921307537154949,0.037,0.055,1
"PHF19","PHF19",0.0189998630807444,0.880492934604534,0.039,0.024,1
"ECRG4","ECRG4",0.0190154080679893,0.823423282486595,0.039,0.024,1
"RAD17","RAD17",0.019052343618632,-0.348621743111435,0.095,0.124,1
"ENSG00000231955","ENSG00000231955",0.019088531625019,0.978545041424147,0.019,0.009,1
"NLRC3","NLRC3",0.0191000078011963,1.29285824061433,0.019,0.009,1
"HELZ2","HELZ2",0.0191344725275427,1.02969048886003,0.019,0.009,1
"PEX16","PEX16",0.0191768942371456,-0.732772620064798,0.025,0.041,1
"RFTN1","RFTN1",0.0191871996677982,0.659942409016729,0.062,0.042,1
"TP53RK","TP53RK",0.0192311122187018,0.466229194248221,0.031,0.017,1
"OARD1","OARD1",0.0192454738382155,-0.203345587111675,0.128,0.16,1
"ZNF396","ZNF396",0.0192522203813632,-0.895446118638181,0.013,0.025,1
"SPDYE3","SPDYE3",0.0192531901751774,-0.219838813076024,0.079,0.105,1
"POC1A","POC1A",0.019284448633322,0.922069066424121,0.019,0.009,1
"LRRC39","LRRC39",0.0193150870940592,-0.765601253020867,0.039,0.058,1
"ZDHHC20","ZDHHC20",0.0193258108828855,-0.198018334823162,0.194,0.231,1
"EIF4E2","EIF4E2",0.0193269299324604,0.466035332741708,0.101,0.077,1
"RND1","RND1",0.0193304391851839,-0.556438982650054,0.022,0.037,1
"ENSG00000251867","ENSG00000251867",0.019357187713367,-0.930130290804447,0.013,0.025,1
"ZNF703","ZNF703",0.0193599092094109,0.711189322095574,0.086,0.064,1
"HEXD","HEXD",0.0194235873240362,0.437411147000602,0.116,0.09,1
"ACO1","ACO1",0.0194434411554168,-0.19663856557826,0.173,0.21,1
"ADPGK-AS1","ADPGK-AS1",0.0194610614850826,-0.594994978797708,0.027,0.044,1
"CSPP1","CSPP1",0.0194830989488061,0.314349538481686,0.355,0.325,1
"KIF27","KIF27",0.0195620374023676,-0.216590115058658,0.259,0.302,1
"LOC105374971","LOC105374971",0.0195745547623021,-0.338800384732741,0.066,0.09,1
"ABHD11","ABHD11",0.0196141937990848,-0.756444346199591,0.013,0.025,1
"PHIP","PHIP",0.0196754262944938,-0.145556380282857,0.47,0.51,1
"SEMA3E","SEMA3E",0.0196889289319548,-0.124462950885912,0.272,0.315,1
"ZC3H13","ZC3H13",0.019730211803534,-0.193851223728368,0.216,0.255,1
"BRD7","BRD7",0.0197332433413271,-0.326247803690893,0.103,0.132,1
"CKMT2-AS1","CKMT2-AS1",0.0197442348379168,-0.216697603843678,0.148,0.183,1
"UNC50","UNC50",0.0197531226550696,-0.4607209580672,0.044,0.064,1
"TPPP","TPPP",0.0197658498508875,-0.426242449628814,0.034,0.053,1
"GUSB","GUSB",0.0197718078007815,0.405393330771867,0.08,0.058,1
"ADAMTS19","ADAMTS19",0.0197772508144483,-1.66567737404629,0.004,0.011,1
"GLI4","GLI4",0.0197992558820335,0.694481709871984,0.071,0.05,1
"CAMK2N2","CAMK2N2",0.0198134026561106,2.04943440524241,0.011,0.003,1
"PREX1","PREX1",0.0198388095203771,-0.15212254118714,0.408,0.454,1
"ZDHHC6","ZDHHC6",0.0198554428087304,-0.453564554398162,0.042,0.062,1
"WFDC2","WFDC2",0.0198587861337519,-1.8815494377901,0.004,0.011,1
"PRPSAP2","PRPSAP2",0.0198966843853408,-0.105663345884293,0.138,0.172,1
"CPA6","CPA6",0.0199078480653095,-1.67575825126124,0.004,0.011,1
"LINC02694","LINC02694",0.019940614775924,-2.01251277862544,0.004,0.011,1
"ENSG00000245970","ENSG00000245970",0.0199642324900116,1.97353691450922,0.011,0.003,1
"SORBS2","SORBS2",0.0199711227565683,-0.323657564252422,0.102,0.13,1
"SLC29A2","SLC29A2",0.0199744575017054,0.364547714105956,0.21,0.179,1
"ENSG00000269237","ENSG00000269237",0.0199899143302221,0.461720079477383,0.204,0.174,1
"F2R","F2R",0.0200139379253647,0.548730715978878,0.019,0.009,1
"CASP10","CASP10",0.0200391975437014,-1.49925330695944,0.004,0.011,1
"FAM171A2","FAM171A2",0.0200577761895012,1.40493333785894,0.033,0.019,1
"TRIM11","TRIM11",0.0200653416575331,1.95598990970172,0.011,0.003,1
"SNX14","SNX14",0.0200969283683413,-0.224097592316806,0.272,0.311,1
"UBE2I","UBE2I",0.0200982639611001,0.423027044928814,0.17,0.14,1
"FAM218A","FAM218A",0.0201208316037104,-1.30159709850775,0.006,0.015,1
"FBXW7","FBXW7",0.0201461687822057,-0.198675627492587,0.314,0.353,1
"PTPN21","PTPN21",0.0201635520477533,-0.251422060017087,0.11,0.141,1
"UBOX5-AS1","UBOX5-AS1",0.0201706866768205,0.987513942450843,0.049,0.033,1
"INTS2","INTS2",0.0201795802831492,-0.14587745646637,0.093,0.122,1
"LINC00278","LINC00278",0.0201839581817917,-0.285095272549197,0.28,0.317,1
"NISCH","NISCH",0.0201851875436453,-0.208615457145669,0.164,0.2,1
"SEC11C","SEC11C",0.0202166810506725,-0.195363409957684,0.112,0.142,1
"ENSG00000239519","ENSG00000239519",0.0202210378069225,-1.37708905087112,0.004,0.011,1
"ZFAND4","ZFAND4",0.0202634447463405,-0.32861295028973,0.115,0.144,1
"ENSG00000259437","ENSG00000259437",0.0202762493407399,-0.844807187099527,0.006,0.015,1
"CMTM6","CMTM6",0.0202862005810117,0.604984443546285,0.097,0.073,1
"LOC349160","LOC349160",0.0202893958069678,-1.07750080442058,0.011,0.023,1
"WDSUB1","WDSUB1",0.0203123516389279,-0.148306023359904,0.211,0.251,1
"HIC1","HIC1",0.020320072075194,1.13988960556515,0.011,0.003,1
"ENSG00000226819","ENSG00000226819",0.0203208289402391,-1.0841719815032,0.004,0.011,1
"DPYD-AS1","DPYD-AS1",0.0203321044539727,-1.56441230300754,0.007,0.017,1
"ZKSCAN3","ZKSCAN3",0.0203350784268777,-0.470637999366612,0.013,0.025,1
"URB1","URB1",0.0203360241694697,0.312735053202327,0.12,0.093,1
"BAHCC1","BAHCC1",0.0203606245252354,0.469381476864958,0.097,0.073,1
"GDF9","GDF9",0.0203756959564059,-0.778693999401874,0.006,0.015,1
"ACER3","ACER3",0.0203774676194955,0.316084919351017,0.298,0.266,1
"MEF2C-AS2","MEF2C-AS2",0.0203909829512828,-0.880212272119238,0.017,0.03,1
"KIAA0513","KIAA0513",0.0204042671050074,0.385486403188579,0.088,0.065,1
"ENSG00000237234","ENSG00000237234",0.0204043161309828,-0.359400652963689,0.004,0.011,1
"ABCB9","ABCB9",0.0204231401971749,-0.346758253472451,0.136,0.167,1
"INO80D","INO80D",0.0204528964796368,-0.147524933483482,0.362,0.411,1
"PLK3","PLK3",0.0204702644527642,1.06762813797171,0.029,0.016,1
"DRICH1","DRICH1",0.0204874030758325,1.28983991725527,0.026,0.014,1
"ENSG00000229044","ENSG00000229044",0.0205630099426441,0.68039924653948,0.059,0.041,1
"CDC16","CDC16",0.0205698688180579,-0.22958556392266,0.209,0.247,1
"CDS1","CDS1",0.020574483276171,-0.399803650515832,0.153,0.186,1
"PKP4","PKP4",0.0205791991172551,0.254473909016672,0.319,0.284,1
"ENSG00000235888","ENSG00000235888",0.0205948896146915,0.801040997720233,0.011,0.003,1
"SCAND1","SCAND1",0.0205985576143072,-0.475146234660587,0.039,0.057,1
"GIT1","GIT1",0.0206100177019479,0.423746112157531,0.209,0.178,1
"FOXRED2","FOXRED2",0.020634877352015,0.840759930394698,0.069,0.049,1
"HES4","HES4",0.0206372339835547,-0.543328436364287,0.035,0.053,1
"DOCK6","DOCK6",0.0206388650468769,0.499079217489745,0.097,0.073,1
"NCKAP5-AS2","NCKAP5-AS2",0.0206719373454515,-0.776273322636105,0.015,0.028,1
"USP20","USP20",0.0207260009487465,0.381065672533754,0.151,0.122,1
"TM7SF3","TM7SF3",0.0207263491850367,-0.246700516160022,0.127,0.159,1
"ZNF589","ZNF589",0.02077788065446,0.42920245589275,0.194,0.165,1
"MARVELD1","MARVELD1",0.0207806987571758,1.0146593273948,0.046,0.03,1
"FANCL","FANCL",0.0207974352753359,-0.268927473149182,0.163,0.196,1
"MPP2","MPP2",0.0208230363246515,0.5279983263201,0.118,0.093,1
"EMSY","EMSY",0.020828080667285,0.301065124904697,0.29,0.26,1
"SP110","SP110",0.0208486469527478,-0.422659610791159,0.104,0.131,1
"OPTN","OPTN",0.0208589780339147,0.602504958713239,0.121,0.096,1
"C12orf43","C12orf43",0.0208831083296142,-0.485780225852407,0.019,0.033,1
"SIAE","SIAE",0.0209693717129443,-0.338909408829078,0.08,0.105,1
"TUFT1","TUFT1",0.0210035274057385,-0.287029680677481,0.013,0.025,1
"ATP5MC2","ATP5MC2",0.0210254791811627,-0.136840477133005,0.157,0.192,1
"REDIC1","REDIC1",0.021031462054698,-1.14015341828628,0.014,0.026,1
"ZCCHC24","ZCCHC24",0.0210395250790887,-0.148547006705451,0.237,0.277,1
"S100A10","S100A10",0.0210738294523721,1.07776006231679,0.026,0.014,1
"ZBTB24","ZBTB24",0.0211019158372071,-1.32454099111393,0.009,0.019,1
"PRKCZ","PRKCZ",0.0211272886666564,-1.03813284201314,0.009,0.019,1
"MDH1B","MDH1B",0.0211534220972962,-0.411681568675847,0.025,0.041,1
"MAN1A1","MAN1A1",0.0211747797712347,0.306877023911424,0.154,0.124,1
"ZSCAN20","ZSCAN20",0.0212282698853769,-0.984609966478201,0.01,0.021,1
"MFSD1","MFSD1",0.0212351189814684,-0.301340510064142,0.077,0.103,1
"ENSG00000254571","ENSG00000254571",0.021242534008955,1.27175752821425,0.015,0.006,1
"RPP38","RPP38",0.0212566496932124,-0.349027321569364,0.109,0.138,1
"RAB11A","RAB11A",0.0213085371529661,0.296584300423339,0.325,0.293,1
"CD83","CD83",0.0213173648136091,0.719386816738688,0.044,0.028,1
"LINC00926","LINC00926",0.0213443716328967,1.2488425938882,0.015,0.006,1
"TTN","TTN",0.0213574039610731,0.250252463962381,0.139,0.177,1
"HMGCR","HMGCR",0.0213609625768192,-0.393709295873532,0.061,0.084,1
"CEACAM1","CEACAM1",0.0213696591517323,-0.914566927615454,0.009,0.019,1
"B9D2","B9D2",0.0213735460800455,1.19509653431307,0.015,0.006,1
"NGEF","NGEF",0.0214175549028252,0.798817321450064,0.032,0.019,1
"PIGT","PIGT",0.0214239671013151,0.557470354320172,0.112,0.087,1
"PTPRA","PTPRA",0.0214564522906323,-0.134910177024455,0.497,0.544,1
"TXNDC17","TXNDC17",0.0214565411892704,1.30098787401771,0.023,0.012,1
"CCDC73","CCDC73",0.0215016094899154,1.04599963244913,0.026,0.014,1
"LOC105370460","LOC105370460",0.0215024369865647,-0.380680285066271,0.047,0.068,1
"LAMB4","LAMB4",0.0215199397946289,1.11633339451456,0.015,0.006,1
"VPS4B","VPS4B",0.021572003646729,-0.140608140793612,0.125,0.156,1
"PDE8A","PDE8A",0.0215861255892169,-0.171132638405193,0.495,0.541,1
"SETD2","SETD2",0.0216238281493768,-0.144910788861531,0.473,0.516,1
"HORMAD2","HORMAD2",0.0216492982581529,-0.693948528354,0.022,0.036,1
"CNOT10","CNOT10",0.0216555794528989,-0.251788183827175,0.184,0.219,1
"TMEM242","TMEM242",0.0216560410339049,0.646293704151363,0.077,0.056,1
"MSI1","MSI1",0.0216688922747593,0.745979223812477,0.108,0.085,1
"NORAD","NORAD",0.0216715930533125,0.348011142274729,0.166,0.138,1
"SLC25A17","SLC25A17",0.0216891620633193,0.377877656888664,0.162,0.133,1
"TBP","TBP",0.0217172371476012,-0.516539607669887,0.042,0.062,1
"ELP3","ELP3",0.0217279057830557,-0.148405067927727,0.153,0.189,1
"PRDM16","PRDM16",0.0217347633966898,0.181155131952552,0.571,0.556,1
"KCNB1","KCNB1",0.0217472341373545,-0.138274482766691,0.075,0.1,1
"DMPK","DMPK",0.0217518761114419,0.348465396146728,0.235,0.205,1
"VBP1","VBP1",0.0217630963033857,-0.56927200485141,0.026,0.041,1
"PAIP1","PAIP1",0.0218159916776876,-0.251983992351775,0.062,0.084,1
"DKC1","DKC1",0.0218352090410967,0.520347831120882,0.044,0.028,1
"ZNF74","ZNF74",0.0218616037331734,1.01967120346193,0.033,0.019,1
"ENSG00000272068","ENSG00000272068",0.0218616729954644,-0.714415023005262,0.009,0.019,1
"SIK2","SIK2",0.0218818045304546,0.277949682952585,0.518,0.503,1
"NHLRC2","NHLRC2",0.021916603344395,-0.197469150378507,0.244,0.286,1
"ARL6","ARL6",0.0219877629730821,-0.245414881497586,0.103,0.131,1
"LGALS4","LGALS4",0.0220269512294153,-1.94928430379825,0.003,0.01,1
"CEP19","CEP19",0.0220521993112983,0.902926900434754,0.029,0.017,1
"TBKBP1","TBKBP1",0.0220869322659348,0.41377297533713,0.087,0.064,1
"STX17-DT","STX17-DT",0.0220981527404914,-0.483527367925117,0.009,0.019,1
"GRPEL2","GRPEL2",0.0221177201697054,0.933879226122061,0.02,0.01,1
"EIF4A1","EIF4A1",0.0221370390105177,-0.430911380905463,0.078,0.102,1
"RASL12","RASL12",0.022152816658154,0.198734295389663,0.571,0.553,1
"CARD11","CARD11",0.0221624312016032,-1.39768344665501,0.003,0.01,1
"SLC26A5","SLC26A5",0.0221679366109449,-0.107827925484181,0.086,0.113,1
"FBXO21","FBXO21",0.0222249617518388,-0.183525950067612,0.202,0.239,1
"PKNOX2","PKNOX2",0.0224232990123978,0.399577835056836,0.223,0.195,1
"AATK","AATK",0.0224417067846595,-0.496024429336134,0.068,0.091,1
"TACR3","TACR3",0.0224551879075115,-0.768293135803662,0.003,0.01,1
"GAR1-DT","GAR1-DT",0.022494475025639,-0.918934810626861,0.003,0.01,1
"ENSG00000260729","ENSG00000260729",0.0224950356325137,-0.188548310369635,0.254,0.294,1
"SHROOM1","SHROOM1",0.0225248355584227,0.597547109864869,0.06,0.041,1
"BCO2","BCO2",0.0225267873141432,0.673874638697852,0.076,0.055,1
"ENSG00000254757","ENSG00000254757",0.0225891488542586,-0.262780717676272,0.077,0.102,1
"KCNIP3","KCNIP3",0.0225955160005756,0.704870132447981,0.109,0.086,1
"ARHGAP39","ARHGAP39",0.0226776439929103,0.332936033895873,0.22,0.187,1
"RBMS3-AS3","RBMS3-AS3",0.0227838262569341,-0.23881721463938,0.08,0.107,1
"ENSG00000267426","ENSG00000267426",0.0227959528378165,0.810299116349273,0.029,0.017,1
"LMF1","LMF1",0.0228011113492033,0.323804806516182,0.244,0.212,1
"CYP2U1-AS1","CYP2U1-AS1",0.0228624627241539,-0.736490994980747,0.042,0.06,1
"XRCC4","XRCC4",0.022868031717169,-0.206941764661199,0.147,0.18,1
"UBXN7","UBXN7",0.0228810521227669,-0.205994575995529,0.22,0.262,1
"ENSG00000231187","ENSG00000231187",0.0228837431818841,-0.327313912566767,0.037,0.055,1
"SYT17","SYT17",0.0228853003600234,0.216095971746512,0.637,0.613,1
"GALNT6","GALNT6",0.0229318622938953,1.68134566726854,0.018,0.008,1
"FRS3","FRS3",0.0229336748715148,-0.422588603076807,0.022,0.036,1
"TAOK1","TAOK1",0.0229745852786724,-0.121955163188007,0.543,0.59,1
"C4orf33","C4orf33",0.0229853941323028,-0.398889972192275,0.029,0.045,1
"MTX3","MTX3",0.0229952430817873,-0.364494894364908,0.077,0.102,1
"ENSG00000255292","ENSG00000255292",0.0230002278553748,-0.717098623575741,0.024,0.039,1
"PSRC1","PSRC1",0.0230305613302014,-0.446436412312697,0.088,0.113,1
"FGFR1OP2","FGFR1OP2",0.0230353213534105,-0.240964597085932,0.186,0.222,1
"GPAT4","GPAT4",0.0230589984218687,0.490178604194334,0.098,0.075,1
"NUP37","NUP37",0.0230619750814879,-0.411278324659354,0.046,0.066,1
"KMT2B","KMT2B",0.0230763379906189,0.436185367264168,0.146,0.119,1
"BICRAL","BICRAL",0.0231061615359863,-0.144575734407311,0.365,0.414,1
"ERGIC2","ERGIC2",0.0231239463449583,-0.355522402680062,0.104,0.131,1
"TGFB1","TGFB1",0.0231328385842365,0.589436786090522,0.118,0.093,1
"TFE3","TFE3",0.0231662885682653,0.343431481840801,0.153,0.122,1
"CATSPERG","CATSPERG",0.0232083534335783,0.658408824585385,0.069,0.049,1
"SFT2D2","SFT2D2",0.0232200578198386,0.46089003248881,0.096,0.073,1
"RORB","RORB",0.0232742556679276,0.141560639992262,0.575,0.548,1
"BCL2L1","BCL2L1",0.0232857786299746,0.302324453823261,0.261,0.23,1
"ACSL4","ACSL4",0.0232889226638557,-0.283377583031189,0.115,0.144,1
"LINC01637","LINC01637",0.0233090215814059,-1.29168480208672,0.005,0.013,1
"ENSG00000248664","ENSG00000248664",0.0233816301910846,-0.879403827259201,0.012,0.024,1
"MASP2","MASP2",0.0234181006416445,-0.830974368136206,0.012,0.024,1
"SYNJ2","SYNJ2",0.0234326254858782,-0.703043596257649,0.024,0.039,1
"PPIL6","PPIL6",0.0234400473252206,0.527284248577442,0.14,0.113,1
"TRAF4","TRAF4",0.0234536423987509,-0.400965607320689,0.067,0.09,1
"DDX39A","DDX39A",0.0234985223644215,0.618236212833768,0.05,0.033,1
"PDCD2L","PDCD2L",0.0235125164647721,-1.08916988880809,0.005,0.013,1
"CEP85","CEP85",0.0235514427411232,0.816200432741853,0.047,0.03,1
"INAVA","INAVA",0.0235806898581068,-0.840451241843499,0.005,0.013,1
"RBM28","RBM28",0.02361730427197,-0.229025125786421,0.222,0.259,1
"CLUH","CLUH",0.0236551049586112,0.351421492543141,0.229,0.198,1
"ENSG00000250410","ENSG00000250410",0.0236718353306039,0.500181700500271,0.066,0.046,1
"ZNF484","ZNF484",0.0237178897120161,-0.310955079977381,0.039,0.058,1
"ANKRD13A","ANKRD13A",0.0237220976068328,-0.223149312086852,0.096,0.124,1
"SPMIP6","SPMIP6",0.0237794328890796,0.351761881729094,0.071,0.05,1
"RMI1","RMI1",0.0238126841557371,-0.315820198349848,0.071,0.095,1
"RAB8B","RAB8B",0.0238492316760933,0.248347846643491,0.322,0.287,1
"R3HDM2","R3HDM2",0.023875544818157,0.197159834900187,0.44,0.409,1
"CRY1","CRY1",0.0239127159901901,0.471349902452963,0.135,0.109,1
"DHFR","DHFR",0.0239145577380188,-0.131878874279397,0.416,0.359,1
"ARMC2","ARMC2",0.0239198027215025,-0.135895318349099,0.313,0.361,1
"ENSG00000273015","ENSG00000273015",0.0239289429315918,0.553418988133153,0.129,0.104,1
"MORN5","MORN5",0.0239367494287718,1.03887800729688,0.018,0.008,1
"ERC1","ERC1",0.0239503462705676,0.195927502189151,0.69,0.67,1
"RAPGEF1","RAPGEF1",0.0239675149545698,0.234309301884384,0.305,0.272,1
"DPY19L4","DPY19L4",0.0239762149836565,-0.234541153293774,0.105,0.134,1
"LIN54","LIN54",0.0239914154621555,-0.200175776302888,0.097,0.125,1
"AP3S1","AP3S1",0.0239966283105768,0.328153992257433,0.157,0.127,1
"PSPC1","PSPC1",0.0240183750349991,-0.122782357764077,0.381,0.429,1
"HCFC1","HCFC1",0.024062693951036,0.66330722260647,0.069,0.049,1
"PRPF40A","PRPF40A",0.0240926429861906,0.304226199350311,0.29,0.259,1
"TNFAIP1","TNFAIP1",0.0241259203740507,0.713384509569076,0.057,0.039,1
"TUBGCP3","TUBGCP3",0.0241445711019259,-0.288200535328092,0.162,0.194,1
"ACAD9","ACAD9",0.0241475157241982,-0.154104863217032,0.11,0.14,1
"SETD7","SETD7",0.024152721925076,-0.319585499993668,0.087,0.113,1
"LRRC23","LRRC23",0.0241979853529836,0.335908738611847,0.179,0.149,1
"RHCE","RHCE",0.024202236504515,0.365050996748094,0.037,0.022,1
"NUFIP2","NUFIP2",0.0242280021855413,0.266177510518095,0.41,0.38,1
"GARIN1A","GARIN1A",0.024232196746433,-0.278294616642138,0.047,0.068,1
"TMPRSS3","TMPRSS3",0.0243628020892914,0.841285560341774,0.059,0.041,1
"CNIH4","CNIH4",0.0243720773739059,0.663943123045009,0.072,0.053,1
"ENSG00000224063","ENSG00000224063",0.0243833642311981,-0.573806728955165,0.032,0.049,1
"ZNF727","ZNF727",0.0244040757356734,-1.11205168829302,0.011,0.021,1
"ZNF677","ZNF677",0.0244170161930018,0.930300452687773,0.054,0.037,1
"ADAP2","ADAP2",0.0244491771331113,-0.108608423773516,0.068,0.092,1
"FBXL2","FBXL2",0.0244500380525536,-0.496584387473476,0.048,0.068,1
"ME3","ME3",0.0244664264343834,-0.145381904609542,0.191,0.228,1
"SPIDR","SPIDR",0.0244922096093841,-0.183848418101203,0.454,0.498,1
"IFIT5","IFIT5",0.0245269973998675,-0.609157300170608,0.02,0.034,1
"LOC124900217","LOC124900217",0.0245282335098956,0.379092378653095,0.162,0.134,1
"MYL6B-AS1","MYL6B-AS1",0.0245424079814816,0.893514655135793,0.054,0.037,1
"RNF13","RNF13",0.0245872226401073,-0.108270798270509,0.351,0.405,1
"LIG1","LIG1",0.0245947593198088,-0.368470709853595,0.037,0.055,1
"HEBP2","HEBP2",0.0246319720400623,0.415702459599463,0.067,0.047,1
"PRPF39","PRPF39",0.0246439153908647,0.358347820867818,0.106,0.082,1
"ENSG00000229618","ENSG00000229618",0.0246497230509879,-0.518635058055609,0.022,0.037,1
"ENSG00000235271","ENSG00000235271",0.0247102020264702,-1.09550290800106,0.009,0.019,1
"GRHPR","GRHPR",0.0247237455597663,0.331671683852112,0.121,0.095,1
"SHLD2","SHLD2",0.0247387587741504,-0.383859038045905,0.189,0.219,1
"VAMP5","VAMP5",0.0247493143949358,-0.418572110991296,0.029,0.046,1
"DGKD","DGKD",0.024797354541684,0.273045542432665,0.245,0.212,1
"CHRDL1","CHRDL1",0.0248667128125504,-1.04736733152788,0.009,0.019,1
"ASRGL1","ASRGL1",0.0249978865045073,0.17483268963136,0.423,0.398,1
"MPHOSPH6","MPHOSPH6",0.0250061864577608,0.610743748268952,0.144,0.12,1
"ENSG00000284644","ENSG00000284644",0.0250157047967442,-0.683182805122228,0.006,0.015,1
"LOC107984948","LOC107984948",0.0250188496157038,-0.871387319022395,0.024,0.038,1
"RND2","RND2",0.0250218583050096,0.612992823980786,0.108,0.084,1
"ENSG00000273398","ENSG00000273398",0.0250393627332014,1.45049105827922,0.016,0.007,1
"ZBTB33","ZBTB33",0.025052387245453,0.68207527547864,0.065,0.046,1
"ARHGAP25","ARHGAP25",0.025121373128083,-1.09212075604575,0.008,0.017,1
"ARF5","ARF5",0.0251341081802589,0.921436029675428,0.049,0.033,1
"GFPT1","GFPT1",0.0251558568627812,0.46777189527408,0.113,0.088,1
"AQP1","AQP1",0.0251679357304,0.241351288494463,0.573,0.555,1
"ENSG00000230438","ENSG00000230438",0.0251823114843799,-0.962025106412167,0.009,0.019,1
"ESYT3","ESYT3",0.0252138546628108,0.350773509412267,0.09,0.067,1
"ZNF449","ZNF449",0.0253291717256859,-0.408411170732704,0.035,0.053,1
"ROBO1","ROBO1",0.0253542096679461,-0.194949840393148,0.366,0.408,1
"FANCI","FANCI",0.0253782319002576,0.903035712552908,0.034,0.021,1
"TFR2","TFR2",0.0253984249662388,1.2637102370191,0.016,0.007,1
"CNOT6","CNOT6",0.0254029372135345,-0.262366686517967,0.105,0.134,1
"PANK2","PANK2",0.0254210230802168,0.392091893081378,0.196,0.167,1
"BCL9","BCL9",0.0254302568444727,-0.130658599875605,0.146,0.179,1
"ENSG00000267571","ENSG00000267571",0.0254622374994559,0.706082970178707,0.024,0.012,1
"GFOD1","GFOD1",0.0254841743766044,0.378701779456958,0.193,0.165,1
"ADAMTS7","ADAMTS7",0.0255015039463174,0.67962184748218,0.024,0.012,1
"ENSG00000258776","ENSG00000258776",0.0255306097645203,-0.349263574213691,0.006,0.015,1
"PIGZ","PIGZ",0.0255496176832749,-0.310447943095735,0.11,0.138,1
"ANAPC4","ANAPC4",0.025576932111375,-0.191754900148387,0.095,0.122,1
"TRIM9","TRIM9",0.0255802238090497,-0.137148902597293,0.676,0.723,1
"ENSG00000227705","ENSG00000227705",0.0256040468882366,2.00732730976515,0.011,0.004,1
"NOL10","NOL10",0.0256379715115458,-0.271399205197991,0.199,0.232,1
"ZNF644","ZNF644",0.0256572945838249,-0.1371422921831,0.465,0.51,1
"MED6","MED6",0.025659623288154,-0.244160102776694,0.085,0.111,1
"SUMF2","SUMF2",0.0256672434308216,-0.208757206304044,0.143,0.176,1
"GALT","GALT",0.0256832312781165,-0.790253815431248,0.019,0.032,1
"RABAC1","RABAC1",0.0257018228051254,0.693804179817641,0.082,0.061,1
"ENSG00000272807","ENSG00000272807",0.0257357932298198,-0.45794617535547,0.014,0.026,1
"ALG5","ALG5",0.0257461945453286,-0.208624429234286,0.077,0.102,1
"TIMELESS","TIMELESS",0.0257566659336094,2.15006843894471,0.014,0.006,1
"CALB2","CALB2",0.0257619335320655,0.967813659530423,0.016,0.007,1
"BCAR1","BCAR1",0.0257961078647903,0.426207574454504,0.103,0.08,1
"ENSG00000264668","ENSG00000264668",0.0258307492650775,1.60585942523371,0.019,0.009,1
"H1-10","H1-10",0.0258418982092759,-0.515117991802027,0.042,0.061,1
"GNG12-AS1","GNG12-AS1",0.0258648933907457,-0.306137383918677,0.175,0.209,1
"METTL8","METTL8",0.0259150744835443,0.370826272035466,0.198,0.168,1
"IDUA","IDUA",0.0259675620267529,0.678063325710174,0.053,0.036,1
"TBCK","TBCK",0.0259763519090535,-0.178833624251246,0.467,0.514,1
"ITPR1-DT","ITPR1-DT",0.0259847396351857,1.66917443630759,0.011,0.004,1
"ENSG00000233695","ENSG00000233695",0.0259847396351857,1.63244517114482,0.011,0.004,1
"PTPN1","PTPN1",0.026005877168587,-0.244285030239412,0.142,0.174,1
"POM121C","POM121C",0.0260271454872645,-0.131449635989504,0.249,0.29,1
"BEND3","BEND3",0.026029098735897,1.67641207174876,0.014,0.006,1
"PPP1R17","PPP1R17",0.0260452941882213,1.7060553643497,0.011,0.004,1
"ENSG00000254267","ENSG00000254267",0.0260473491698265,1.67894683934292,0.014,0.006,1
"MCM9","MCM9",0.0260851595687205,-0.269360981317739,0.134,0.165,1
"UBFD1","UBFD1",0.0260936882379245,-0.313163651419345,0.049,0.07,1
"CAAP1","CAAP1",0.0261288985548416,-0.224205402973882,0.139,0.171,1
"SEPTIN7","SEPTIN7",0.0261551617533807,0.188110961526714,0.543,0.521,1
"MED23","MED23",0.026194601107671,-0.26015339492276,0.109,0.138,1
"TPK1","TPK1",0.0261963138900867,-0.197815287632195,0.148,0.181,1
"LOC101927609","LOC101927609",0.0262864840571837,-2.10774314142765,0.004,0.012,1
"BLMH","BLMH",0.026287271523181,-0.42286928514931,0.082,0.106,1
"VASH1","VASH1",0.0263565072115715,0.560363987324031,0.063,0.044,1
"ADNP2","ADNP2",0.026444955284105,-0.179370255405447,0.176,0.211,1
"PALM2AKAP2","PALM2AKAP2",0.0264663169808598,-1.63632608316856,0.004,0.012,1
"NBN","NBN",0.0264688625800399,-0.244456696079034,0.103,0.132,1
"CFAP69","CFAP69",0.0264713587695924,-0.142742755936699,0.138,0.17,1
"RASSF7","RASSF7",0.0264863638753224,-1.51880246244728,0.004,0.012,1
"TNFAIP8L1","TNFAIP8L1",0.0265443095630789,1.22694915073109,0.014,0.006,1
"ENSG00000279726","ENSG00000279726",0.0265810532439894,-0.816957535929836,0.013,0.024,1
"TEX11","TEX11",0.0266504045484197,-1.21714362348129,0.011,0.022,1
"VWA1","VWA1",0.0266597192089974,-0.633146234460388,0.029,0.044,1
"NMNAT1","NMNAT1",0.026678353076067,0.497950830922829,0.1,0.077,1
"SHOX2","SHOX2",0.0267077469253475,-1.35467910340875,0.004,0.012,1
"SPG7","SPG7",0.02680260798118,-0.203584056647552,0.219,0.259,1
"POP4","POP4",0.0268083558211967,0.768749485611769,0.024,0.013,1
"G2E3-AS1","G2E3-AS1",0.0268089027198132,-1.77840938335097,0.004,0.012,1
"COL9A3","COL9A3",0.0268089027198132,-1.31393121821261,0.004,0.012,1
"ZNF467","ZNF467",0.0268111676938635,0.693145469859917,0.031,0.018,1
"LYPD5","LYPD5",0.0268111676938635,0.642979838203707,0.031,0.018,1
"ZNF835","ZNF835",0.0268137510826644,1.17427516269741,0.019,0.009,1
"PDCD10","PDCD10",0.0268160111752717,-0.264511049060195,0.097,0.124,1
"ASH1L","ASH1L",0.0268199201340334,0.117741507544422,0.706,0.696,1
"ZNF184","ZNF184",0.0268217786733309,-0.825417157427486,0.013,0.024,1
"ENSG00000234810","ENSG00000234810",0.0268367705016539,-0.401965171216588,0.051,0.071,1
"LOC101927237","LOC101927237",0.026884047881888,0.427801530295992,0.129,0.103,1
"FLII","FLII",0.0268886501674368,0.77177627611424,0.086,0.065,1
"RRAGD","RRAGD",0.0269185721303224,-0.312510125304593,0.025,0.04,1
"KIFC3","KIFC3",0.0269447601155239,0.330287811230844,0.246,0.216,1
"CYTH1","CYTH1",0.0270016974048003,-0.124862774071318,0.202,0.239,1
"RRP15","RRP15",0.0270059768499737,-0.429972869237578,0.034,0.05,1
"RRM2B","RRM2B",0.0270234729125942,0.516683805717732,0.083,0.062,1
"ZNF12","ZNF12",0.0270256063179255,-0.436917726283788,0.053,0.073,1
"TMEM17","TMEM17",0.0270530273593238,-1.02958687309972,0.004,0.012,1
"ZNF768","ZNF768",0.0270625048055278,0.642683613354711,0.074,0.054,1
"FAM151A","FAM151A",0.0270683639000898,0.633269298525506,0.054,0.037,1
"ENSG00000259407","ENSG00000259407",0.0270772181505997,-0.266126528914825,0.077,0.101,1
"KLF7","KLF7",0.0270957297664263,-0.11120376208222,0.502,0.553,1
"OOEP","OOEP",0.0271364974841884,0.495165219241933,0.072,0.053,1
"DIPK1C","DIPK1C",0.0271505025718675,-0.105223857590815,0.094,0.122,1
"LINC01310","LINC01310",0.0271631884160093,-0.145497968118808,0.027,0.043,1
"RNF213-AS1","RNF213-AS1",0.0271969603220207,-0.186272981574707,0.24,0.28,1
"ZNF721","ZNF721",0.0272537084058837,-0.101914004502112,0.363,0.411,1
"RAP2C","RAP2C",0.0272578908711163,0.86300010721483,0.049,0.033,1
"ZNF35","ZNF35",0.0272585749843431,0.668211774365444,0.062,0.044,1
"ZNF136","ZNF136",0.0272859572841712,-0.613066486484355,0.027,0.041,1
"CTSZ","CTSZ",0.0272952485986659,-0.512588108941819,0.013,0.024,1
"NIPSNAP1","NIPSNAP1",0.0273320888065741,-0.333926588781653,0.042,0.06,1
"FAM20C","FAM20C",0.027442081539401,0.309486696377628,0.19,0.16,1
"PRKRIP1","PRKRIP1",0.0274578432048026,-0.134191983190185,0.381,0.425,1
"C8orf76","C8orf76",0.0274589981143757,-0.560450544253767,0.027,0.041,1
"ZNF214","ZNF214",0.0274598123939357,-0.9167666517586,0.011,0.022,1
"SRRM3","SRRM3",0.027462712546709,-0.785116231593495,0.019,0.033,1
"ENSG00000270604","ENSG00000270604",0.0275070436008423,0.153479346361927,0.463,0.443,1
"KEAP1","KEAP1",0.0275106182894609,0.473724314308471,0.089,0.067,1
"TFG","TFG",0.027522907969597,-0.118572583813377,0.189,0.227,1
"MSRB2","MSRB2",0.0275597473713244,-0.257434146367545,0.083,0.109,1
"ZSCAN1","ZSCAN1",0.0275693820941332,-0.847101420082081,0.017,0.03,1
"PRR12","PRR12",0.027591214159299,0.310747672678438,0.118,0.093,1
"KTN1-AS1","KTN1-AS1",0.0275954880522923,-0.514138770408879,0.054,0.074,1
"PRKCB","PRKCB",0.0276039790828189,-0.982755872470868,0.011,0.022,1
"TMEM234","TMEM234",0.0276074418091623,-0.317144050106681,0.039,0.057,1
"ZNF146","ZNF146",0.0276192786901851,-0.139212221702067,0.112,0.142,1
"CDH6","CDH6",0.0276486749579785,0.556776527913681,0.134,0.11,1
"SLC35E3","SLC35E3",0.027683842339721,0.279207942241292,0.22,0.188,1
"HDAC7","HDAC7",0.0276841239959437,0.275669365569226,0.257,0.222,1
"EED","EED",0.0277840224539111,0.506495578207917,0.125,0.1,1
"ASH2L","ASH2L",0.0277868200094135,-0.210778608143808,0.11,0.14,1
"MGA","MGA",0.027805441621168,0.215724954925617,0.372,0.341,1
"KIAA1671","KIAA1671",0.0278223583426923,0.171277972514723,0.619,0.6,1
"LRRC24","LRRC24",0.0279554528429139,-0.689826980735538,0.022,0.035,1
"ST6GALNAC2","ST6GALNAC2",0.0279583296891161,0.929086655040294,0.036,0.022,1
"SEMA6C","SEMA6C",0.0280348182193016,1.10725228283486,0.037,0.023,1
"YJEFN3","YJEFN3",0.0280611628031017,0.411218157822474,0.047,0.031,1
"C5orf15","C5orf15",0.0280984042960389,-0.333587771513043,0.077,0.101,1
"LOC339260","LOC339260",0.0281333242918565,-0.462382337849109,0.026,0.041,1
"MRPL52","MRPL52",0.0281353319848478,0.682447854995367,0.05,0.034,1
"SCFD1","SCFD1",0.0281424727885405,-0.134557879517683,0.311,0.351,1
"DCAF15","DCAF15",0.0281617171666907,-0.314539048089481,0.042,0.061,1
"DPP3","DPP3",0.0282746377156392,0.67287113363365,0.028,0.016,1
"ENSG00000244757","ENSG00000244757",0.0283070490213156,-0.249802429420582,0.047,0.066,1
"BUD13","BUD13",0.0283226743479945,-0.492302431486682,0.024,0.038,1
"CD99L2","CD99L2",0.0283518784476223,-0.269664933919668,0.14,0.17,1
"DHRS7B","DHRS7B",0.0283627612437988,-0.239587483520026,0.144,0.176,1
"BBLN","BBLN",0.028369557709996,0.577592986147604,0.039,0.025,1
"POU6F1","POU6F1",0.0283926641856643,0.407447356334318,0.209,0.18,1
"TAF4","TAF4",0.0284023798893584,0.353574007966712,0.123,0.098,1
"PILRB","PILRB",0.0284205922851637,-0.200736975221507,0.219,0.257,1
"DNAJC30","DNAJC30",0.0284675588959407,-0.611946044289841,0.019,0.033,1
"CYP4V2","CYP4V2",0.0284823620137118,-0.144744441797785,0.157,0.192,1
"KLC1","KLC1",0.0284914366964181,0.320456322736273,0.365,0.342,1
"RMDN1","RMDN1",0.0285797884508581,-0.243378442886376,0.197,0.232,1
"TRNT1","TRNT1",0.028595214404783,-0.62757294920642,0.058,0.078,1
"KDSR","KDSR",0.0286003653913461,0.315328606122589,0.178,0.149,1
"ZDHHC22","ZDHHC22",0.0286155727757599,-0.617036334596508,0.022,0.036,1
"PRSS55","PRSS55",0.0286164832702908,-1.71301764534507,0.006,0.014,1
"ZFP14","ZFP14",0.0286298728499778,0.309715986958791,0.207,0.177,1
"LOXL4","LOXL4",0.028647011381693,-1.06505168187726,0.01,0.02,1
"HSPBAP1","HSPBAP1",0.0286591750941309,0.274238691639324,0.156,0.127,1
"ETV1","ETV1",0.0286781328521644,0.388372555418148,0.286,0.262,1
"KLF13","KLF13",0.028699536563059,-0.499952359853005,0.054,0.075,1
"CDK7","CDK7",0.0287067294822436,-0.681530318703579,0.059,0.08,1
"HMGCL","HMGCL",0.0287204208308162,0.438036311946858,0.129,0.104,1
"MGMT","MGMT",0.0287427124822763,-0.115560180384569,0.227,0.269,1
"ENSG00000255250","ENSG00000255250",0.0287627999735322,-0.12323840566188,0.057,0.078,1
"TMEM14A","TMEM14A",0.0287934686237723,-0.51851653160843,0.017,0.03,1
"ENSG00000230648","ENSG00000230648",0.0288682174880092,-0.821339079738642,0.01,0.02,1
"ENSG00000228804","ENSG00000228804",0.0289471626985461,0.73142715233166,0.059,0.041,1
"PRIM2","PRIM2",0.0289861295196862,-0.162474516718223,0.127,0.158,1
"PIP5K1C","PIP5K1C",0.0289984875498851,0.375745513708935,0.124,0.098,1
"RPAP2","RPAP2",0.0290036864912615,-0.14151721573603,0.399,0.443,1
"TGIF1","TGIF1",0.0290488758355313,0.70853438485838,0.092,0.071,1
"CMAS","CMAS",0.0290522994233321,0.482520161526779,0.085,0.064,1
"THOC7","THOC7",0.0290969752664924,0.429345766443603,0.114,0.089,1
"TRIP11","TRIP11",0.0291024493448504,-0.270134717753442,0.288,0.32,1
"TMEM230","TMEM230",0.0291393230374147,0.352001383374837,0.173,0.145,1
"LRIG3","LRIG3",0.0292635019103793,-0.259078175235088,0.111,0.139,1
"SAYSD1","SAYSD1",0.0292833702238329,-1.08588429870707,0.009,0.018,1
"MMP14","MMP14",0.0292833702238329,-1.10895137432788,0.009,0.018,1
"LINC02984","LINC02984",0.0293041089329122,-0.722846298963145,0.006,0.014,1
"PARD6A","PARD6A",0.0293654691146978,1.33390593380862,0.016,0.008,1
"LGI4","LGI4",0.029375052648219,-0.121434808805037,0.427,0.481,1
"CLEC4A","CLEC4A",0.0294007874976706,-0.303151382882383,0.011,0.022,1
"LARP4B","LARP4B",0.0294184452698749,-0.195589500190813,0.291,0.332,1
"ENSG00000203325","ENSG00000203325",0.029458425290365,0.905480796442882,0.029,0.017,1
"PI4KA","PI4KA",0.0295013663346391,0.228304892518329,0.49,0.471,1
"BEX1","BEX1",0.0295072572081213,-0.792619481852274,0.016,0.028,1
"ENSG00000226240","ENSG00000226240",0.0295431164935226,-0.750081160259697,0.006,0.014,1
"SUSD1","SUSD1",0.029626223716325,-0.560701192272305,0.009,0.018,1
"BCR","BCR",0.0296682043208144,-0.121590468453517,0.512,0.562,1
"SCARA3","SCARA3",0.0296812878584976,0.190621476620874,0.436,0.408,1
"HSBP1L1","HSBP1L1",0.0297578239966963,0.275046274942172,0.082,0.06,1
"NCL","NCL",0.0297685413651699,-0.278179985465596,0.063,0.085,1
"POLR1F","POLR1F",0.0298191330569594,-0.992405915264772,0.016,0.028,1
"AKAP11","AKAP11",0.0298594352392095,-0.196138386416489,0.239,0.276,1
"GPR180","GPR180",0.0299067132027171,-0.146270863872413,0.094,0.121,1
"DLG2","DLG2",0.0299168754940194,0.109313022641714,0.826,0.807,1
"DLD","DLD",0.0299278702472886,-0.302992533130509,0.105,0.131,1
"FCHSD1","FCHSD1",0.0299395549837057,0.698454173590008,0.029,0.017,1
"PDE10A","PDE10A",0.0300270159879753,-0.799900685055438,0.02,0.033,1
"GID4","GID4",0.0300356290826838,0.801594513009036,0.067,0.049,1
"AVEN","AVEN",0.0300359311185763,0.391443604419675,0.141,0.115,1
"DPH7","DPH7",0.030081484651962,-0.318810756103442,0.096,0.122,1
"ENSG00000249209","ENSG00000249209",0.0300851269172799,-0.316183108986105,0.116,0.144,1
"GRK3-AS1","GRK3-AS1",0.0300956843356689,0.856548517281961,0.016,0.008,1
"HMGA1","HMGA1",0.0301241379992592,0.703564185598118,0.032,0.019,1
"DIAPH2-AS1","DIAPH2-AS1",0.0301285832769904,-0.559722607502622,0.014,0.025,1
"PABPN1","PABPN1",0.0302524560561459,0.28449810382523,0.325,0.295,1
"ENSG00000278376","ENSG00000278376",0.0302603238860667,-1.00670755318054,0.007,0.016,1
"TCAF2","TCAF2",0.0302755500417267,0.450043398896951,0.067,0.048,1
"TRIM62","TRIM62",0.0303039675818524,0.555982728035403,0.064,0.046,1
"TOE1","TOE1",0.0303319722757695,1.09283856141928,0.019,0.01,1
"ENSG00000271911","ENSG00000271911",0.0303356475446224,-0.903800130085802,0.007,0.016,1
"ARB2A","ARB2A",0.0303364727270488,-0.173601849180951,0.573,0.612,1
"LINC02266","LINC02266",0.0303587589673841,-0.363539306298986,0.01,0.02,1
"CHPF","CHPF",0.0303604135240416,0.392036592520764,0.091,0.069,1
"GPR88","GPR88",0.0303677282284134,-1.66652525013135,0.004,0.01,1
"ENSG00000260755","ENSG00000260755",0.0303677282284134,-1.72993858548745,0.004,0.01,1
"SRSF11","SRSF11",0.0303769864677209,-0.18029519301768,0.454,0.505,1
"ENSG00000270876","ENSG00000270876",0.0304161233780752,-1.89238286635826,0.004,0.01,1
"ASAP3","ASAP3",0.0304208096605621,0.249789128572543,0.422,0.394,1
"ARMH3","ARMH3",0.0304257657943606,-0.17501922898132,0.353,0.394,1
"WFIKKN1","WFIKKN1",0.0304337253344837,0.967374644190286,0.019,0.01,1
"BAZ2A","BAZ2A",0.0304681583997554,0.301569908370896,0.239,0.212,1
"HAUS2","HAUS2",0.03047591000029,0.739819820858137,0.059,0.041,1
"H2AZ1","H2AZ1",0.0305258761431505,0.537162795043997,0.04,0.026,1
"ENSG00000258481","ENSG00000258481",0.0305374012013314,-1.20237267905972,0.004,0.01,1
"LTAP1","LTAP1",0.0305403720004352,0.311016075175919,0.171,0.142,1
"ANKRD33B","ANKRD33B",0.0305436187217335,-0.667730441507195,0.007,0.016,1
"C1orf198","C1orf198",0.0305477529360196,0.294339871982388,0.353,0.324,1
"BBC3","BBC3",0.030548528606521,0.99254674032252,0.022,0.012,1
"SLC35G1","SLC35G1",0.0305550668631395,-0.431440716366204,0.041,0.059,1
"NKX6-2","NKX6-2",0.0305776124483934,-0.808556795617349,0.025,0.039,1
"SLC9C1","SLC9C1",0.0305815629385813,-0.617442126173589,0.007,0.016,1
"HSPG2","HSPG2",0.0306168770571442,0.903975249937505,0.033,0.02,1
"ZNF157","ZNF157",0.0306830479616705,1.83865230935209,0.014,0.006,1
"ENSG00000257458","ENSG00000257458",0.0306834826256236,-1.10879764434789,0.004,0.01,1
"TJAP1","TJAP1",0.030706956987638,0.34577861614623,0.116,0.091,1
"SMDT1","SMDT1",0.0307264244357959,-0.572427832435136,0.033,0.049,1
"ERICH2","ERICH2",0.0307288674449133,-0.349538549902342,0.009,0.018,1
"NAT14","NAT14",0.030740712366473,0.616279764451248,0.079,0.059,1
"PHC3","PHC3",0.0307691036316043,-0.188000951540262,0.419,0.461,1
"POLE","POLE",0.030770437677162,0.380638466118382,0.052,0.035,1
"LINC01605","LINC01605",0.030879191027116,-1.13642669497942,0.004,0.01,1
"DYNLL2","DYNLL2",0.0309543313341289,0.450031490931689,0.082,0.062,1
"TSPAN31","TSPAN31",0.0309604532023318,0.591738887542625,0.078,0.058,1
"ATPSCKMT","ATPSCKMT",0.0309824787941166,0.513453293941072,0.141,0.117,1
"ATAD3B","ATAD3B",0.0310232171612723,0.417367370622495,0.108,0.084,1
"AASDH","AASDH",0.0310256012605938,-0.187854053642136,0.228,0.266,1
"EZH2","EZH2",0.0310278180788032,-0.989425995789938,0.012,0.023,1
"BCAS1","BCAS1",0.0310355101717788,-0.168897596197031,0.037,0.054,1
"ARRB2","ARRB2",0.0310508655328286,0.702687803129498,0.041,0.026,1
"HDAC4","HDAC4",0.0312695108668721,-0.103653551065521,0.529,0.572,1
"ZFYVE28","ZFYVE28",0.0312742174417962,0.341880024182028,0.304,0.274,1
"EIF4A3","EIF4A3",0.0313359810461759,-0.469364684374358,0.016,0.028,1
"GAD2","GAD2",0.0314031414947563,1.37268716176052,0.01,0.003,1
"UBXN11","UBXN11",0.0314549019778473,-0.307414967944254,0.038,0.055,1
"DOC2A","DOC2A",0.0314680665639275,0.394594327329767,0.061,0.043,1
"ENSG00000247853","ENSG00000247853",0.0314831362671373,0.697740512785731,0.037,0.024,1
"NAA50","NAA50",0.0314912359817729,0.449032235991595,0.178,0.151,1
"C1orf159","C1orf159",0.031539650047524,-0.266382217651984,0.118,0.146,1
"PLEKHF2","PLEKHF2",0.0315433460678487,0.831070116818919,0.047,0.031,1
"FAM156A.1","FAM156A.1",0.0315562465034635,-0.160202137067791,0.124,0.155,1
"RFTN2","RFTN2",0.0315623460527177,0.132327700758777,0.602,0.591,1
"ZNF475","ZNF475",0.0315822824190194,1.37687031651145,0.01,0.003,1
"RNF214","RNF214",0.0315965993054451,-0.134832395109866,0.114,0.143,1
"CFAP418","CFAP418",0.0316034805678154,0.714504852811317,0.077,0.057,1
"ENSG00000259071","ENSG00000259071",0.0316079453914676,1.49855296651691,0.01,0.003,1
"ENSG00000249249","ENSG00000249249",0.031645246112116,-0.461882142422473,0.042,0.06,1
"ENSG00000245468","ENSG00000245468",0.0316457282552479,2.2008881033612,0.012,0.005,1
"SCAMP1","SCAMP1",0.0316724574182131,-0.157618761606368,0.19,0.225,1
"ENSG00000253582","ENSG00000253582",0.0316841469196962,-0.430352178955266,0.02,0.033,1
"MPDU1","MPDU1",0.0316933906925743,0.504832568239042,0.075,0.055,1
"NXT1","NXT1",0.0317107762010993,1.17372939514928,0.01,0.003,1
"H2BC18","H2BC18",0.0317133635998749,0.896756063535987,0.026,0.015,1
"ENSG00000261759","ENSG00000261759",0.0317622990945516,1.28754283972235,0.01,0.003,1
"VLDLR","VLDLR",0.0318138937513456,1.09318785640555,0.01,0.003,1
"MATCAP1","MATCAP1",0.0318211243792131,-0.174594139906359,0.104,0.132,1
"ANKRD6","ANKRD6",0.0318590736208957,-0.125314012396571,0.185,0.221,1
"STX7","STX7",0.0318909262120364,-0.207004137673276,0.18,0.214,1
"RCOR2","RCOR2",0.0319172986680019,1.1277307131294,0.01,0.003,1
"ACVR1C","ACVR1C",0.0319197027475733,0.586814884394937,0.099,0.077,1
"BRMS1L","BRMS1L",0.0319417290699084,0.69121735406892,0.077,0.058,1
"ENSG00000246225","ENSG00000246225",0.0319957564113942,0.889634762514776,0.029,0.017,1
"MSH2","MSH2",0.0320287471130942,-0.269833831530395,0.079,0.102,1
"FLNC","FLNC",0.0320368356952744,1.73059689955929,0.012,0.005,1
"TSTD2","TSTD2",0.0320561997018799,-0.156764171678229,0.13,0.16,1
"ADAT1","ADAT1",0.0320689775663702,0.46406699572509,0.057,0.04,1
"SETDB1","SETDB1",0.0320861445698194,-0.171079198470429,0.13,0.16,1
"DDX18","DDX18",0.0321487434884221,-0.297908818184714,0.089,0.113,1
"C19orf73","C19orf73",0.0321758593000839,1.53120849922665,0.012,0.005,1
"CAND2","CAND2",0.0321760232877223,0.25167997546217,0.067,0.048,1
"GOLM2","GOLM2",0.03222173944189,0.185204564544847,0.548,0.534,1
"TSPAN17","TSPAN17",0.032236619262128,0.726443375224455,0.047,0.032,1
"AP1B1","AP1B1",0.0322397574324743,-0.1414725626382,0.186,0.221,1
"TMEM109","TMEM109",0.0322494747655809,0.70250740352649,0.042,0.027,1
"HDAC3","HDAC3",0.0322718007577655,0.354524666446599,0.142,0.116,1
"DZIP1L","DZIP1L",0.0323308289010652,-0.484259029576787,0.025,0.039,1
"TIRAP-AS1","TIRAP-AS1",0.0323387066391651,1.50425142584847,0.012,0.005,1
"SS18L1","SS18L1",0.0324201788818008,0.300625105480011,0.136,0.11,1
"USH1C","USH1C",0.0324497580157818,-0.23817118619216,0.062,0.083,1
"ADARB1","ADARB1",0.0325121236146975,-0.552051261203296,0.081,0.104,1
"UBQLN4","UBQLN4",0.0325674512811164,0.684206900504762,0.061,0.044,1
"ADAMTSL1","ADAMTSL1",0.032577774673446,1.33765990345147,0.049,0.034,1
"GPER1","GPER1",0.0326195165304421,1.14356014076397,0.012,0.005,1
"PPP2R1A","PPP2R1A",0.0327469278741855,-0.19197610238638,0.115,0.145,1
"LNP1","LNP1",0.0327478640211075,-0.579493735813372,0.023,0.037,1
"CDIN1","CDIN1",0.0327695338734805,-0.289296951690482,0.128,0.156,1
"LPAR6","LPAR6",0.0327912018657375,-0.678303996069188,0.014,0.026,1
"RMP64","RMP64",0.0328044806834088,-0.450430063948218,0.072,0.093,1
"ARHGEF2","ARHGEF2",0.0328331261992438,0.671895926365082,0.048,0.033,1
"PM20D2","PM20D2",0.0328410295604582,-0.705894466487562,0.035,0.051,1
"CCDC92B","CCDC92B",0.0328561611387025,-0.855366744948295,0.024,0.037,1
"APP-DT","APP-DT",0.0328569634415881,0.548025056696261,0.052,0.035,1
"FAXC","FAXC",0.0328574892659798,-0.444325399523899,0.033,0.049,1
"ENSG00000255455","ENSG00000255455",0.0328804888915952,-0.410276689497344,0.022,0.036,1
"AGTPBP1","AGTPBP1",0.032911410457514,-0.116685132418654,0.214,0.252,1
"ANOS1","ANOS1",0.0329258471076017,-0.192504006174548,0.341,0.378,1
"PRKAB2","PRKAB2",0.0329264680640276,-0.455337366768872,0.071,0.093,1
"CCNI","CCNI",0.0329616706926938,0.247947721389681,0.318,0.286,1
"AR","AR",0.0329688594208853,0.585484780509043,0.124,0.101,1
"ASB16","ASB16",0.0329806328757424,1.30465184080692,0.017,0.008,1
"SPCS2","SPCS2",0.0330062335886598,-0.212491608815139,0.14,0.169,1
"MED21","MED21",0.033008273692766,-0.152791634220044,0.041,0.059,1
"MKRN3","MKRN3",0.0330397806694623,-0.306804724198638,0.105,0.133,1
"TMT1B","TMT1B",0.033044645950036,0.641581175534041,0.012,0.005,1
"ENSG00000270249","ENSG00000270249",0.0330599870168458,0.766168686869646,0.038,0.024,1
"ANGEL1","ANGEL1",0.0331025860385856,0.299177025942465,0.139,0.112,1
"POLB","POLB",0.0331244488926543,-0.457143869281589,0.066,0.087,1
"COPS8","COPS8",0.0331306728213542,-0.116754480106559,0.054,0.074,1
"SRBD1","SRBD1",0.0331517034219025,-0.279277299988446,0.178,0.208,1
"PEPD","PEPD",0.0331692328050683,0.455080942535437,0.105,0.083,1
"UGCG","UGCG",0.0332300170585788,0.314512876822429,0.115,0.091,1
"ENSG00000272831","ENSG00000272831",0.0332484664289238,-0.143703577934891,0.022,0.036,1
"POMT1","POMT1",0.0332521885533017,-0.2603226066486,0.1,0.127,1
"LOC100128993","LOC100128993",0.0333006650203987,-1.87955863537372,0.005,0.012,1
"PGAM2","PGAM2",0.0333343534380104,0.661200072095474,0.053,0.037,1
"LRRC58","LRRC58",0.0333350696399492,0.410854988500521,0.189,0.161,1
"SELENOK","SELENOK",0.0333431535316028,-0.412567305499943,0.039,0.057,1
"THOP1","THOP1",0.033356362101022,0.354707784457933,0.124,0.099,1
"GTPBP10","GTPBP10",0.0333841567749879,-0.274971130387923,0.092,0.117,1
"ENSG00000230724","ENSG00000230724",0.0334240433026523,-0.566209542521541,0.034,0.05,1
"DHRS3","DHRS3",0.0334250861450403,-0.200899900110085,0.317,0.355,1
"ZBTB8OS","ZBTB8OS",0.0334747245700141,0.284435142478373,0.361,0.335,1
"ARHGAP31-AS1","ARHGAP31-AS1",0.0335327463160219,1.10682896936764,0.027,0.015,1
"CCDC85B","CCDC85B",0.0335651933866401,-0.454629075436227,0.043,0.061,1
"SLC22A17","SLC22A17",0.0336469912920859,0.223261456960694,0.229,0.197,1
"CDADC1","CDADC1",0.0336701437676576,-0.340700921667338,0.077,0.1,1
"DIS3L-AS1","DIS3L-AS1",0.0337314450121657,1.34684563427406,0.036,0.023,1
"KCNIP2","KCNIP2",0.0338056300346768,0.49806392832972,0.075,0.055,1
"EXOC7","EXOC7",0.0338401780126927,-0.197012320678634,0.181,0.214,1
"LOC105378644","LOC105378644",0.0338504110792237,-1.15002183897252,0.009,0.019,1
"RELN","RELN",0.0338660754215995,0.914940317224659,0.034,0.021,1
"ENSG00000231842","ENSG00000231842",0.0339194845520921,1.05957376524393,0.02,0.01,1
"SLC15A5","SLC15A5",0.0339547447895187,-0.281323197013774,0.035,0.052,1
"TSPAN7","TSPAN7",0.0339957624421445,-0.282282548992168,0.059,0.08,1
"RETREG2","RETREG2",0.0340498367403973,0.30263968837164,0.098,0.075,1
"LSS","LSS",0.0341120104065497,-0.148619617180816,0.194,0.231,1
"LINC02882","LINC02882",0.0341528794303841,-1.19462720015095,0.009,0.019,1
"CHURC1","CHURC1",0.0342251450472866,-1.1784772928449,0.005,0.012,1
"GLS2","GLS2",0.0342358798839875,-0.479282176961364,0.021,0.034,1
"RN7SL832P","RN7SL832P",0.034273139776694,-0.862370463155179,0.005,0.012,1
"TMC7","TMC7",0.0342907549743295,-0.526619731415535,0.021,0.034,1
"ENSG00000273448","ENSG00000273448",0.0343177265185736,0.411704857128876,0.059,0.042,1
"SLX9","SLX9",0.0343542197423385,-0.737988592553545,0.016,0.028,1
"MRPL4","MRPL4",0.0344315300201033,0.631582799037949,0.079,0.059,1
"ENSG00000236200","ENSG00000236200",0.0344429386348479,1.2882349803989,0.027,0.016,1
"NUP93-DT","NUP93-DT",0.0344810742724608,-1.04227723204045,0.013,0.024,1
"ENSG00000282142","ENSG00000282142",0.034489828444044,-0.464780236769151,0.005,0.012,1
"TRA2B","TRA2B",0.0344958664805022,-0.114507495206253,0.222,0.257,1
"ACER2","ACER2",0.0345384981270609,0.552652460390541,0.023,0.012,1
"TMEM79","TMEM79",0.0345991270269514,0.663743630780993,0.043,0.028,1
"ANKRD54","ANKRD54",0.0346652312784185,0.500323292830463,0.093,0.072,1
"CHKB","CHKB",0.0346685331567274,-0.933487486878587,0.009,0.019,1
"PDSS1","PDSS1",0.0346700950260749,-0.268622012093825,0.09,0.115,1
"LGR4-AS1","LGR4-AS1",0.0346769888613445,-0.325411124360309,0.021,0.034,1
"ENSG00000250592","ENSG00000250592",0.0346952105724447,-1.28591097330092,0.008,0.017,1
"BCAP31","BCAP31",0.0347324158065913,0.67216645946577,0.081,0.062,1
"DNAH12","DNAH12",0.0347469974463319,-0.490227015375932,0.062,0.083,1
"ABCB10","ABCB10",0.0348015033200456,-0.11219455327871,0.113,0.142,1
"QSOX2","QSOX2",0.0348291867833806,0.501497139629056,0.097,0.075,1
"LINC02932","LINC02932",0.0348292257424519,-0.696942418095184,0.005,0.012,1
"TNKS","TNKS",0.0348381508328009,-0.137089670407843,0.594,0.633,1
"CDYL","CDYL",0.034838828794839,-0.148244254611002,0.249,0.288,1
"CAV3","CAV3",0.034880288925429,1.00433556439771,0.027,0.016,1
"GOLGA8A","GOLGA8A",0.0348981804979195,-0.325299139551264,0.174,0.204,1
"ZNF135","ZNF135",0.0349071049005313,0.468890373348225,0.169,0.143,1
"ZNF667","ZNF667",0.0349164275052339,0.301310163635854,0.103,0.08,1
"AMMECR1L","AMMECR1L",0.0349225885936447,0.499468782777933,0.065,0.047,1
"FRMD8","FRMD8",0.0349278632450193,0.761408227381775,0.039,0.025,1
"IFI6","IFI6",0.0349337395960923,-0.436692897913677,0.016,0.028,1
"PTH1R","PTH1R",0.0349944622033528,0.375963319482564,0.152,0.126,1
"C12orf42","C12orf42",0.0350064637322289,-1.24520253119386,0.006,0.015,1
"COL28A1","COL28A1",0.0350283702796292,-0.537677836017257,0.093,0.116,1
"NBL1","NBL1",0.0350495963643923,-0.36316827955903,0.031,0.046,1
"SAMD5","SAMD5",0.0350499999218944,-0.468085954009422,0.045,0.063,1
"PCNT","PCNT",0.0350991900247134,0.473237224928521,0.161,0.136,1
"ENSG00000265451","ENSG00000265451",0.0351251418196272,1.21364982572407,0.024,0.013,1
"ENSG00000277726","ENSG00000277726",0.0351324602613575,-0.77091344372246,0.009,0.019,1
"FAM200A","FAM200A",0.0351607420381068,-0.24465823808046,0.056,0.076,1
"CCN1","CCN1",0.0351768937484707,0.72402689030577,0.02,0.01,1
"LRRC45","LRRC45",0.0353077267041493,1.0521916152321,0.031,0.019,1
"PLD5","PLD5",0.0354048909721176,0.311853923857278,0.108,0.141,1
"ENSG00000255229","ENSG00000255229",0.0354203367242567,-0.686368500905805,0.019,0.032,1
"APLP1","APLP1",0.0354489056341046,-0.446535029011435,0.077,0.1,1
"SLC9B2","SLC9B2",0.035481860370607,0.487588096970696,0.156,0.132,1
"MACROH2A2","MACROH2A2",0.0355448699802406,-0.272801302072531,0.056,0.076,1
"PUF60","PUF60",0.035546120262244,-0.151179757879492,0.075,0.098,1
"YPEL5","YPEL5",0.0355474921077233,0.691543291933138,0.092,0.072,1
"BRINP1","BRINP1",0.0355543626503302,-0.179445089115318,0.486,0.526,1
"RNPC3","RNPC3",0.0355546128049294,-0.143525024681199,0.452,0.503,1
"ZNF268","ZNF268",0.035568723864734,-0.441347692115413,0.041,0.058,1
"SEMA4G","SEMA4G",0.0355984239803809,0.518453718056637,0.044,0.029,1
"DNAJC6","DNAJC6",0.0357295249193087,0.16497778563011,0.46,0.432,1
"ENSG00000278384","ENSG00000278384",0.0357441144811366,-0.265344518696312,0.039,0.057,1
"IL17RD","IL17RD",0.0357441483869385,-1.04120270435711,0.02,0.033,1
"LOC124907725","LOC124907725",0.0357847432271466,-1.56394537528482,0.011,0.021,1
"CEP152","CEP152",0.0357930124737541,0.23275760951817,0.127,0.1,1
"MSRB1","MSRB1",0.0358075953195075,-0.175910401307751,0.019,0.031,1
"MIS12","MIS12",0.0358746126746951,-0.122038653133431,0.043,0.061,1
"ZNF213-AS1","ZNF213-AS1",0.0358975390653939,-0.249469611557623,0.059,0.08,1
"MRPL15","MRPL15",0.0359414051466433,-0.366529053448224,0.04,0.057,1
"EXPH5","EXPH5",0.0360211809885235,0.498635553957836,0.161,0.135,1
"SP2","SP2",0.0362398979219447,-0.283634262062387,0.034,0.05,1
"ENSG00000226471","ENSG00000226471",0.0363070198390581,-0.170358927466012,0.12,0.149,1
"ENSG00000259408","ENSG00000259408",0.0363081454335609,-0.491914661214738,0.008,0.017,1
"SLC16A2","SLC16A2",0.0363516712496873,0.376915176271335,0.148,0.122,1
"PLB1","PLB1",0.03639365225337,-0.450654646817506,0.008,0.017,1
"C12orf76","C12orf76",0.0364383376286166,-0.217967594883416,0.065,0.086,1
"RARRES1","RARRES1",0.0365324356153009,0.862796541065643,0.035,0.022,1
"MGRN1","MGRN1",0.0365474537258293,0.377608704061212,0.285,0.258,1
"GYS2","GYS2",0.0366076015376935,0.474538854897371,0.03,0.018,1
"CDK5RAP2","CDK5RAP2",0.0366524858317301,0.266185388384956,0.375,0.355,1
"TRIM4","TRIM4",0.0366709077467204,-0.110937561687001,0.138,0.169,1
"FMR1","FMR1",0.0366881853959074,-0.192227182808168,0.133,0.163,1
"ELOVL4","ELOVL4",0.0366936266544248,-0.346103429581521,0.022,0.035,1
"IL20RB","IL20RB",0.036697495014132,1.01091542920624,0.015,0.007,1
"ENSG00000284773","ENSG00000284773",0.0367183746460436,-0.698197449004862,0.017,0.029,1
"LRRC4B","LRRC4B",0.0367691956346918,0.338153158732929,0.244,0.218,1
"ZNF155","ZNF155",0.036776166946559,-0.295565653231975,0.11,0.136,1
"GNRH1","GNRH1",0.036780391509605,0.919513440240963,0.024,0.013,1
"ZNF200","ZNF200",0.0367936047157359,-0.623911545518563,0.015,0.026,1
"NDUFS8","NDUFS8",0.03682574390374,0.330358688930974,0.114,0.09,1
"GRTP1","GRTP1",0.0368829347436239,0.439167010997554,0.098,0.077,1
"TIMP1","TIMP1",0.0368844593368484,1.0968748116854,0.036,0.023,1
"AVIL","AVIL",0.0368992016880144,-0.359497607328974,0.07,0.092,1
"ZNF497","ZNF497",0.0369558358965967,-0.482410628308827,0.017,0.029,1
"ING5","ING5",0.0370178698446062,0.33891121656175,0.199,0.172,1
"DPYSL5","DPYSL5",0.0370617287200575,-0.68364112895891,0.015,0.026,1
"HTT","HTT",0.0371173789244516,-0.109864167816315,0.33,0.376,1
"LRIF1","LRIF1",0.0371363768846952,-0.453328233942108,0.039,0.055,1
"CXCL14","CXCL14",0.03716813699191,0.482762828100906,0.158,0.134,1
"ENSG00000255201","ENSG00000255201",0.0371719789095545,0.553477296121494,0.027,0.016,1
"CHEK2","CHEK2",0.0371965905019806,0.645592159250866,0.031,0.019,1
"CDK18","CDK18",0.037207646502015,-0.463066998066572,0.053,0.072,1
"ENSG00000224363","ENSG00000224363",0.0373184643053007,-0.155508218280725,0.099,0.124,1
"GNB1","GNB1",0.0373307895247098,0.231113993470903,0.371,0.345,1
"FAM162A","FAM162A",0.0373340767100307,-0.193703119713127,0.229,0.266,1
"TGS1","TGS1",0.037344892693948,0.39917517425885,0.106,0.084,1
"OMG","OMG",0.0373477196682509,-0.343531256858013,0.052,0.071,1
"PRCC","PRCC",0.0373659107325489,-0.255925534264158,0.103,0.129,1
"TNFSF4","TNFSF4",0.037427925212002,0.704608469945099,0.039,0.026,1
"UQCRFS1","UQCRFS1",0.0374866102595482,0.50654095817077,0.074,0.055,1
"ZNF445","ZNF445",0.0375274590224173,-0.147473506013267,0.095,0.121,1
"MRC2","MRC2",0.0376020938820573,0.646789237080693,0.049,0.033,1
"FRRS1L","FRRS1L",0.0376073815628287,-0.191107873061032,0.091,0.116,1
"WNT7B","WNT7B",0.0376488828426554,-0.807801294245494,0.011,0.021,1
"RYBP","RYBP",0.0376830763265197,-0.344311429184789,0.141,0.167,1
"CCDC85C","CCDC85C",0.0377136842042922,0.448985017242945,0.1,0.079,1
"ENSG00000258302","ENSG00000258302",0.037716428284781,-0.174978533666732,0.045,0.064,1
"ZNF665","ZNF665",0.0377531543884428,-0.33237440540696,0.054,0.074,1
"ENSG00000258881","ENSG00000258881",0.0377694104206468,-0.414336264808231,0.024,0.038,1
"DUSP9","DUSP9",0.0377839520457404,-0.656293010559018,0.022,0.035,1
"LRRC37A.1","LRRC37A.1",0.0378000254786492,0.269308748756534,0.15,0.123,1
"XPNPEP1","XPNPEP1",0.037807808236911,-0.168041402453326,0.126,0.155,1
"EHMT1","EHMT1",0.0378300678111671,-0.122624473979867,0.553,0.604,1
"RSPH1","RSPH1",0.0378780766027645,-0.363415006960905,0.041,0.058,1
"MSL3","MSL3",0.0378936575847057,-0.879011553872275,0.026,0.039,1
"TRPM4","TRPM4",0.0379114845919972,0.598542536237489,0.084,0.064,1
"BOK","BOK",0.0379582008595424,-1.06013972045784,0.016,0.027,1
"PARG","PARG",0.0379708940483235,-0.209031022015009,0.265,0.299,1
"TLE1-DT","TLE1-DT",0.0380383942672326,-0.425378209730817,0.044,0.062,1
"TLCD4-RWDD3","TLCD4-RWDD3",0.0380592841052409,-0.35995028606922,0.027,0.041,1
"LRATD2","LRATD2",0.0381002790256117,1.05847231259943,0.021,0.011,1
"RPP14","RPP14",0.0381963256907459,0.45909289430573,0.061,0.044,1
"CNNM2","CNNM2",0.0382034985661606,-0.17790044560315,0.336,0.376,1
"AKAP1","AKAP1",0.0382463452338687,-0.181334375553838,0.209,0.244,1
"WDR19","WDR19",0.0382465718019935,0.267346368624831,0.231,0.201,1
"GLCE","GLCE",0.038313021821461,-0.764713953879034,0.02,0.033,1
"ENSG00000242861","ENSG00000242861",0.0383216068874916,-0.678945259566009,0.025,0.039,1
"SGPL1","SGPL1",0.0383595247298027,-0.239309314591326,0.141,0.169,1
"LINC01505","LINC01505",0.0383742884242808,0.524255868307333,0.118,0.095,1
"RBM15","RBM15",0.0383859985625302,0.314264648661028,0.055,0.039,1
"ANTXR2","ANTXR2",0.038411597779149,0.283429072127181,0.188,0.16,1
"LINC02250","LINC02250",0.0384173437831581,-0.590920948545509,0.011,0.021,1
"TPGS1","TPGS1",0.0384821120253215,0.471193608832463,0.057,0.041,1
"GAS6","GAS6",0.0384916881769947,0.457942644379564,0.117,0.094,1
"ENSG00000246851","ENSG00000246851",0.0385143324152465,-0.672951961132119,0.011,0.021,1
"CPT1A","CPT1A",0.0385216922714305,-0.146071055169923,0.242,0.281,1
"EPC1","EPC1",0.038652232496236,-0.136862242222328,0.523,0.566,1
"RDH10-AS1","RDH10-AS1",0.038686763851355,1.56712067374258,0.013,0.006,1
"GPX4","GPX4",0.0387225225514872,-0.116132613993143,0.109,0.137,1
"PRDM15","PRDM15",0.0387818825927821,0.841592573938226,0.072,0.055,1
"CMC2","CMC2",0.0387928792662198,-0.194274373639678,0.227,0.263,1
"ENSG00000228439","ENSG00000228439",0.0389861341200288,-0.427718633388241,0.039,0.055,1
"ENSG00000255467","ENSG00000255467",0.0391328113741547,1.32689293187237,0.013,0.006,1
"VWF","VWF",0.0391634489685427,-1.15953908711768,0.018,0.03,1
"CA5B","CA5B",0.0391702625377102,-0.140938405613868,0.243,0.282,1
"OPCML","OPCML",0.0391732671362466,-1.19307429273756,0.022,0.035,1
"KDM6A","KDM6A",0.0392086782752946,-0.103966325737262,0.419,0.459,1
"BUD31","BUD31",0.039221587691554,1.17904526084671,0.029,0.017,1
"CIITA","CIITA",0.0392649321900907,0.645412713466134,0.036,0.023,1
"DHCR7","DHCR7",0.039287132645116,-0.560818343858276,0.031,0.046,1
"ZNF217","ZNF217",0.0393069159428299,0.41135743461725,0.118,0.095,1
"COX7A1","COX7A1",0.0393177434096166,0.93991306103447,0.013,0.006,1
"ENSG00000227579","ENSG00000227579",0.0393313290377343,-1.75294192200503,0.004,0.011,1
"GYG2","GYG2",0.0393455905547971,0.425632867583091,0.232,0.207,1
"MRPS15","MRPS15",0.039352228803735,0.316853731860352,0.049,0.033,1
"ENSG00000267707","ENSG00000267707",0.0393601039488987,-1.35530717202803,0.004,0.011,1
"MRPS25","MRPS25",0.0394584027799705,-0.197889726943846,0.209,0.243,1
"MFSD2A","MFSD2A",0.039472153479528,0.283521609839201,0.058,0.041,1
"UNC5CL","UNC5CL",0.0394773053401185,1.85781989330679,0.011,0.004,1
"MANBA","MANBA",0.0394940018579654,-0.224306217059663,0.168,0.2,1
"ENSG00000248019","ENSG00000248019",0.0396222311816343,0.470756261847213,0.128,0.104,1
"PLAAT5","PLAAT5",0.0396488373809752,-1.58973814541503,0.004,0.011,1
"TRNAU1AP","TRNAU1AP",0.0396620522376205,0.299068440851918,0.176,0.148,1
"DNALI1","DNALI1",0.0396695238373884,0.792348819573323,0.063,0.046,1
"SFXN5","SFXN5",0.039693624450268,0.104941948335358,0.855,0.837,1
"B4GAT1-DT","B4GAT1-DT",0.0396952254062263,-0.126803951025557,0.022,0.035,1
"TMEM86B","TMEM86B",0.0397090322728603,-0.574999926203359,0.018,0.03,1
"TGDS","TGDS",0.0397298501033571,-0.346229500643735,0.032,0.048,1
"ZNF362","ZNF362",0.039732949111279,-0.31891228673675,0.102,0.127,1
"ENSG00000261019","ENSG00000261019",0.0397699556268673,0.921997416699115,0.013,0.006,1
"UBE3D","UBE3D",0.0397784661714979,-0.300615497500329,0.166,0.196,1
"SRL","SRL",0.0397938769234361,-1.54657859557427,0.004,0.011,1
"ENSG00000251148","ENSG00000251148",0.0398925735163926,1.56422276048195,0.011,0.004,1
"ENSG00000258955","ENSG00000258955",0.0399037962513955,0.619176379283493,0.013,0.006,1
"DUSP23","DUSP23",0.0399102324835821,-1.25991140236097,0.004,0.011,1
"IL1RAP","IL1RAP",0.0399621638379971,-0.498413217685029,0.047,0.064,1
"MIPEP","MIPEP",0.0399660740467867,-0.233228832527132,0.145,0.174,1
"FHIP2B","FHIP2B",0.0399971144024444,0.357117748196933,0.153,0.128,1
"RBPMS2","RBPMS2",0.0400119001315492,1.44714854872395,0.011,0.004,1
"BIN3","BIN3",0.0400188714209504,0.268042473321517,0.146,0.12,1
"LINC01717","LINC01717",0.0400268765685415,-1.21128706342489,0.004,0.011,1
"TTPAL","TTPAL",0.0400845599609152,0.697180141612833,0.041,0.027,1
"RTL9","RTL9",0.0401376535060623,0.651140748221767,0.032,0.019,1
"LOC102723305","LOC102723305",0.0401460009341735,-0.559898633556782,0.034,0.05,1
"NPTXR","NPTXR",0.040156801517515,0.607231766231012,0.087,0.068,1
"LSAMP-AS1","LSAMP-AS1",0.0402127205975783,-0.544483556997999,0.037,0.053,1
"PSORS1C1","PSORS1C1",0.0402193287883097,0.343961771830178,0.032,0.019,1
"AIMP1","AIMP1",0.0402234527296802,-0.386133322059841,0.082,0.105,1
"LOC105375483","LOC105375483",0.0402316996212838,-1.20762912139378,0.004,0.011,1
"CDC73","CDC73",0.0402567397283896,-0.137211734370085,0.309,0.346,1
"KLF2-DT","KLF2-DT",0.0403133370641881,-0.509599302894404,0.016,0.027,1
"SCN1A","SCN1A",0.0403176753961616,-0.307909543362593,0.125,0.151,1
"MRPS28","MRPS28",0.0403491399640611,-0.122946246029905,0.004,0.011,1
"GUF1","GUF1",0.0403762982384243,-0.362035915461141,0.057,0.076,1
"MAPK8IP2","MAPK8IP2",0.0404112612548864,-0.318614370597178,0.042,0.059,1
"OSTN","OSTN",0.040437410879938,-0.689669846679413,0.004,0.011,1
"CCDC138","CCDC138",0.0404441384086034,0.413199659652665,0.088,0.068,1
"TRUB1","TRUB1",0.0404595721414299,0.718249694174729,0.07,0.053,1
"NDST1","NDST1",0.0404671110042977,0.284103672875543,0.289,0.259,1
"ENSG00000272525","ENSG00000272525",0.0405258454742206,-0.619133316421788,0.004,0.011,1
"AFG1L","AFG1L",0.0405271260481377,-0.241692125427615,0.267,0.301,1
"ENSG00000241743","ENSG00000241743",0.040555360085232,-0.709802338302651,0.004,0.011,1
"STRIP2","STRIP2",0.040557314676205,0.59168203475243,0.058,0.041,1
"RBM23","RBM23",0.0405768996181509,0.44443983451928,0.138,0.113,1
"C1QTNF6","C1QTNF6",0.0405892974880442,0.581916988019222,0.067,0.049,1
"PLEKHA1","PLEKHA1",0.0405983007934713,0.29400103465314,0.149,0.122,1
"MSRA","MSRA",0.0406045525882509,0.178725604745169,0.644,0.645,1
"SYT9-AS1","SYT9-AS1",0.0406058545155612,0.722748983343249,0.118,0.097,1
"CNGB3","CNGB3",0.0408014062092514,-1.00150850415795,0.012,0.022,1
"USP3-AS1","USP3-AS1",0.0408022227165451,-0.184289463647775,0.08,0.104,1
"BRD9","BRD9",0.0408066302363043,-0.171909822462068,0.1,0.126,1
"MZF1","MZF1",0.0408081248817142,0.260241630509124,0.182,0.154,1
"FBN2","FBN2",0.0408349795335224,1.21219188216564,0.025,0.015,1
"PCDHB10","PCDHB10",0.0408585481465263,-0.470501202377037,0.01,0.019,1
"ENSG00000234826","ENSG00000234826",0.0408812252597656,-0.362927648475869,0.004,0.011,1
"UPK2","UPK2",0.0409385041003636,-1.11934910976126,0.009,0.017,1
"MKRN1","MKRN1",0.0409422449765638,-0.267195692584233,0.055,0.075,1
"RAPGEF2","RAPGEF2",0.040977233800836,-0.153005509830972,0.465,0.49,1
"KLF9","KLF9",0.0410070760617871,-0.112045527255721,0.28,0.322,1
"LRRC17","LRRC17",0.041047207630532,-0.596582783503496,0.016,0.027,1
"LOC102724594","LOC102724594",0.0410589597574721,1.51063750456784,0.019,0.01,1
"CALCB","CALCB",0.0410779594913113,-0.374130980694254,0.02,0.033,1
"SEC11A","SEC11A",0.0412466201294905,-0.275552542519385,0.125,0.151,1
"SCNM1","SCNM1",0.0412675388607415,-0.411439632495522,0.034,0.049,1
"ENSG00000232611","ENSG00000232611",0.0413859468385925,-0.122442977492191,0.257,0.296,1
"ABHD14B","ABHD14B",0.0414085641225095,0.935429298319169,0.022,0.012,1
"B4GALT3","B4GALT3",0.0414175767914949,0.636093309896804,0.028,0.017,1
"ENSG00000233547","ENSG00000233547",0.0414188905999248,0.824100497602877,0.022,0.012,1
"UHRF2","UHRF2",0.0414513053761065,-0.164782400962354,0.135,0.164,1
"MCRIP2","MCRIP2",0.0414729004376819,0.395285943039467,0.141,0.117,1
"PCYOX1","PCYOX1",0.0414758949639841,0.332524734551097,0.185,0.157,1
"ENSG00000188185","ENSG00000188185",0.0414962545048422,-0.357176771452153,0.04,0.057,1
"SNU13","SNU13",0.0415301964862174,0.651839386582342,0.079,0.06,1
"PLD2","PLD2",0.0415491118828469,-0.148188296033722,0.1,0.126,1
"TMEM250","TMEM250",0.0416576247783364,0.676107748328858,0.024,0.014,1
"PAFAH1B1","PAFAH1B1",0.0416649257615251,-0.100228251611902,0.49,0.54,1
"AMD1","AMD1",0.0417065861083168,0.307797039496762,0.103,0.08,1
"SASS6","SASS6",0.0417183464090137,-0.555027108649334,0.037,0.053,1
"MYO1F","MYO1F",0.0417496442274598,-0.780568271895953,0.012,0.022,1
"RPGRIP1L","RPGRIP1L",0.0417808546178384,-0.122536855573427,0.113,0.14,1
"SPAG7","SPAG7",0.0418138507277918,-0.257905468268601,0.049,0.068,1
"INPP5F","INPP5F",0.0418746293302314,0.362458119155965,0.248,0.221,1
"CHST7","CHST7",0.0419499045633109,-0.472707726601893,0.056,0.075,1
"FAM241B","FAM241B",0.0419813283480941,-1.1312110381328,0.006,0.013,1
"LINC03048","LINC03048",0.0420085648893151,-0.761460454296698,0.009,0.017,1
"PRH1","PRH1",0.0420349585722746,0.425005647435036,0.065,0.047,1
"ENSG00000225313","ENSG00000225313",0.0420675940809062,0.953747682645139,0.025,0.015,1
"ETAA1","ETAA1",0.0420829590373352,-0.437728159100348,0.041,0.057,1
"ENSG00000229846","ENSG00000229846",0.042091314183551,-1.41075183686857,0.006,0.013,1
"S100A13","S100A13",0.0421138463028771,0.131629325382775,0.118,0.148,1
"CACNB4","CACNB4",0.04211648310713,0.372479069644635,0.045,0.03,1
"PA2G4","PA2G4",0.0421355088350193,0.754315687130682,0.042,0.028,1
"MAPT","MAPT",0.0421490101087009,0.137603592111316,0.687,0.666,1
"GPR176","GPR176",0.0421559716681739,0.75061868984069,0.037,0.024,1
"ERI1","ERI1",0.0421920083606937,-0.228979830270611,0.092,0.115,1
"DOK1","DOK1",0.0422468821209109,1.20012583089959,0.016,0.008,1
"MMADHC","MMADHC",0.0422608193926422,-0.482776352381665,0.038,0.054,1
"HMX1","HMX1",0.042271891727678,1.05308632051722,0.016,0.008,1
"ENSG00000256116","ENSG00000256116",0.042348795812393,0.426978874677755,0.073,0.055,1
"SRGAP2B","SRGAP2B",0.042358707334023,0.723528484603152,0.043,0.029,1
"LETM1","LETM1",0.04237292279324,-0.266710967621046,0.08,0.102,1
"ENSG00000283517","ENSG00000283517",0.0424794497246334,-0.791764208639376,0.007,0.015,1
"ORAI1","ORAI1",0.0425226773983836,1.05869957796811,0.016,0.008,1
"PGM3","PGM3",0.0425571390116278,-0.363986182033154,0.08,0.102,1
"LDLRAD4-AS1","LDLRAD4-AS1",0.0425729852385889,0.676332221141003,0.016,0.008,1
"BMAL2","BMAL2",0.0426233434029545,1.10169435516274,0.016,0.008,1
"RB1-DT","RB1-DT",0.0426449074234867,-0.998251708988898,0.006,0.013,1
"ENSG00000246331","ENSG00000246331",0.0426893514089337,-0.36901674004947,0.034,0.049,1
"CTBP1-AS","CTBP1-AS",0.0427054867438734,0.671691516330303,0.048,0.033,1
"CBARP","CBARP",0.04270895936874,0.450964724221369,0.092,0.071,1
"COPS6","COPS6",0.0427460365196661,0.483879122749284,0.115,0.093,1
"FAM200C","FAM200C",0.0427697041158823,-0.419368875831608,0.025,0.039,1
"AKR1C2","AKR1C2",0.0428436783190512,0.576940077430216,0.022,0.012,1
"GHITM","GHITM",0.0429278248467894,-0.331882394117095,0.055,0.074,1
"NT5DC1","NT5DC1",0.0429820722064106,-0.186551729420937,0.303,0.342,1
"PTBP1","PTBP1",0.0430176103385726,0.473737674492831,0.108,0.086,1
"ZFYVE9","ZFYVE9",0.0430207585346733,-0.143700111444144,0.292,0.331,1
"STX10","STX10",0.0430418942546228,0.395926039101562,0.068,0.05,1
"FAM186A","FAM186A",0.0431469640368448,-0.795904754252502,0.007,0.015,1
"NEMP2","NEMP2",0.043148393302513,-0.478135141146972,0.006,0.013,1
"USPL1","USPL1",0.0431968178297748,0.350097217387705,0.116,0.093,1
"PSME1","PSME1",0.0432016622939526,0.552928738678773,0.029,0.017,1
"SLFN5","SLFN5",0.0432245522815068,-0.679152986319818,0.007,0.015,1
"ENSG00000130723","ENSG00000130723",0.0432759889654053,0.215231000352003,0.487,0.469,1
"ENSG00000279851","ENSG00000279851",0.0433014002316063,-0.471661159626157,0.012,0.022,1
"PISD","PISD",0.0433326796531892,0.334488772381639,0.151,0.126,1
"MEAF6","MEAF6",0.0433366030701964,-0.248558703960835,0.115,0.141,1
"GOLGA2","GOLGA2",0.0433430748093776,0.282357413279857,0.158,0.132,1
"FUT8","FUT8",0.043349610016966,0.253457028757142,0.405,0.387,1
"ENSG00000267383","ENSG00000267383",0.0434249363881267,-0.440888231050853,0.045,0.062,1
"JKAMP","JKAMP",0.043477295401112,-0.256129475630808,0.102,0.127,1
"PACS2","PACS2",0.0434888862011123,0.208493762438613,0.305,0.275,1
"BRCA1","BRCA1",0.0436023225571341,0.40522740755226,0.152,0.127,1
"WDR75","WDR75",0.0436079345084043,-0.299592500081077,0.099,0.123,1
"SCAMP3","SCAMP3",0.0436386372886513,0.442254285510038,0.113,0.091,1
"HTATSF1","HTATSF1",0.0436572470763405,-0.27488687752227,0.043,0.06,1
"UCN","UCN",0.0438101829662048,0.449148667266251,0.042,0.028,1
"ASPSCR1","ASPSCR1",0.0438158302955468,0.437033693540268,0.168,0.144,1
"THBS2","THBS2",0.0438789362737162,0.405572141805526,0.156,0.132,1
"IFT57","IFT57",0.0439046301970248,-0.241482861417355,0.078,0.1,1
"ZNF763","ZNF763",0.043935606756497,-0.275611813090934,0.012,0.022,1
"SLC2A9","SLC2A9",0.0439678044642523,-0.581950622456789,0.039,0.055,1
"IFT56","IFT56",0.0440051644399272,0.409492326169608,0.095,0.074,1
"ENSG00000268163","ENSG00000268163",0.0440350649463909,-0.293627062769209,0.158,0.185,1
"STAT2","STAT2",0.044041808561261,-0.20068528021585,0.219,0.251,1
"ACSL6","ACSL6",0.0441060470153256,-0.298586785257551,0.012,0.022,1
"ACVR2B","ACVR2B",0.0441508502470201,-0.29669070364496,0.08,0.102,1
"SRP14","SRP14",0.0441865943873471,-0.210885595624218,0.161,0.19,1
"CEP350","CEP350",0.044216777538062,-0.138762425231056,0.703,0.75,1
"STIL","STIL",0.0443270306212033,-0.494301366456294,0.016,0.028,1
"USP28","USP28",0.0443350651703914,0.452642567942349,0.137,0.113,1
"ENSG00000284735","ENSG00000284735",0.0443623626252293,0.448461840830501,0.019,0.01,1
"RAB40A","RAB40A",0.0443674117221294,-0.298496029709406,0.029,0.043,1
"FABP3","FABP3",0.0444006529511531,-0.394487425419858,0.035,0.05,1
"GSTZ1","GSTZ1",0.0444075419408242,-0.47675128190848,0.035,0.05,1
"FOXJ3","FOXJ3",0.0444205525421239,-0.128687023036548,0.346,0.387,1
"CNOT9","CNOT9",0.0445663288904873,-0.196004024942772,0.096,0.12,1
"N4BP2L1","N4BP2L1",0.0446202078992624,-0.125442819286705,0.311,0.355,1
"LOC101929577","LOC101929577",0.0446274395954211,0.64028414733481,0.025,0.015,1
"ANKHD1-DT","ANKHD1-DT",0.0446506051412131,0.59942166461701,0.073,0.055,1
"ENSG00000260793","ENSG00000260793",0.0446622009294591,0.7347693082089,0.05,0.035,1
"VPS37D","VPS37D",0.0446745376460547,1.94110973959438,0.014,0.006,1
"MGC4859","MGC4859",0.0448313487054787,0.947433173974792,0.026,0.015,1
"EHD2","EHD2",0.0449987099421284,0.31010537875514,0.11,0.087,1
"NPNT","NPNT",0.0450646114411845,-0.271605783529565,0.129,0.157,1
"ENSG00000269946","ENSG00000269946",0.0450915990708611,0.412592721228468,0.151,0.127,1
"ERAL1","ERAL1",0.0451130146328705,-0.629442047348813,0.033,0.048,1
"ZNF672","ZNF672",0.0451468829526806,0.423415498126915,0.053,0.037,1
"HNRNPM","HNRNPM",0.0451508621728244,-0.12079703614904,0.251,0.289,1
"ZMIZ1","ZMIZ1",0.0451956992120474,0.167333700617404,0.587,0.568,1
"ALCAM","ALCAM",0.0452431983282887,-0.136252832798033,0.591,0.626,1
"APBA3","APBA3",0.0452585185222024,0.611619730750555,0.055,0.039,1
"LINC01550","LINC01550",0.0452728720178529,-0.182955438710614,0.126,0.154,1
"NLK","NLK",0.0452953530484988,-0.119335967530605,0.278,0.316,1
"IARS2","IARS2",0.045326816111291,-0.341799965933089,0.096,0.12,1
"DNAJB11","DNAJB11",0.0454173974430561,0.555495741457593,0.049,0.035,1
"KCTD17","KCTD17",0.0454194291114319,0.583884257947496,0.055,0.039,1
"ASPHD2","ASPHD2",0.0454477575634251,1.45299230326703,0.014,0.006,1
"RSL1D1","RSL1D1",0.045493114156426,0.603597693999212,0.049,0.034,1
"YBX1","YBX1",0.0454977600368782,0.370320992258268,0.082,0.063,1
"LINC02851","LINC02851",0.0455235220806633,0.931946870840894,0.046,0.032,1
"PSG8","PSG8",0.0455252707128608,-2.06636865301803,0.004,0.01,1
"LOC642361","LOC642361",0.045555086483049,-0.680845484973598,0.024,0.037,1
"ENSG00000247033","ENSG00000247033",0.0455632613996743,1.28164666569383,0.014,0.006,1
"ENSG00000232692","ENSG00000232692",0.0456211074688749,1.06655974366695,0.014,0.006,1
"GPAA1","GPAA1",0.0456485232814108,0.511580231732414,0.088,0.068,1
"RYK","RYK",0.0456642774638528,0.278126266401498,0.26,0.233,1
"GSPT1","GSPT1",0.0457409520638969,0.30546434031279,0.257,0.231,1
"ENSG00000268133","ENSG00000268133",0.0457659910060209,0.997505369918425,0.014,0.006,1
"ENSG00000269755","ENSG00000269755",0.0457859113766061,-0.448957467698875,0.065,0.085,1
"SRPRB","SRPRB",0.045796859147862,0.637990172508547,0.092,0.073,1
"NBPF1","NBPF1",0.0458090874673451,0.239754006034647,0.189,0.162,1
"RASIP1","RASIP1",0.0458412951367019,-1.827692114773,0.004,0.01,1
"ENSG00000229989","ENSG00000229989",0.0458630587401388,-0.436378388266786,0.049,0.066,1
"ENSG00000243501","ENSG00000243501",0.0458765227652921,-1.70319234004052,0.004,0.01,1
"ENSG00000263603","ENSG00000263603",0.0459124379186059,-0.294147074226171,0.019,0.03,1
"BLTP3B","BLTP3B",0.0459159299709484,-0.240150324158854,0.156,0.185,1
"AKAP1-DT","AKAP1-DT",0.0459478819228015,-0.446002302991894,0.011,0.02,1
"ODC1","ODC1",0.0459680794711667,-0.154571151355406,0.019,0.03,1
"ATAD5","ATAD5",0.0459722667127802,-0.810638503615351,0.025,0.038,1
"LRRIQ4","LRRIQ4",0.0460176614026685,-1.79420283364356,0.004,0.01,1
"SPNS2","SPNS2",0.0460380788519094,-1.25424840307774,0.009,0.018,1
"HEXIM1","HEXIM1",0.0460384733560065,0.957677375840719,0.034,0.022,1
"LINC00649","LINC00649",0.0460423368125832,0.914622083071428,0.014,0.006,1
"GPR137C","GPR137C",0.0461034050998998,-0.263171369516531,0.069,0.089,1
"SLC9A5","SLC9A5",0.0461113049286702,0.773624807518139,0.039,0.026,1
"FBXL19-AS1","FBXL19-AS1",0.0461152937571124,1.00862884816778,0.014,0.006,1
"CEBPB","CEBPB",0.0461166566483522,0.265454567050201,0.141,0.115,1
"ENSG00000273230","ENSG00000273230",0.0461445033922623,1.17944824976491,0.014,0.006,1
"PACSIN1","PACSIN1",0.0461945988056228,-1.72661850077209,0.004,0.01,1
"STK31","STK31",0.0461945988056228,-1.47507847205975,0.004,0.01,1
"LINC00639","LINC00639",0.0462364894791213,-1.19551876472043,0.009,0.018,1
"DOCK10","DOCK10",0.0463912345873614,-0.207339763622322,0.158,0.187,1
"HSD3B7","HSD3B7",0.0463953723756719,1.16527638962319,0.019,0.01,1
"PTDSS2","PTDSS2",0.046434028430397,0.29635121389037,0.179,0.153,1
"FXYD1","FXYD1",0.0464348106320548,0.415659154841021,0.243,0.217,1
"PLBD1","PLBD1",0.046478890068906,-1.18788640756424,0.004,0.01,1
"SARM1","SARM1",0.046505273875724,-0.16309158866735,0.122,0.149,1
"MYL3","MYL3",0.0465097017430725,-0.492837412087225,0.011,0.02,1
"PROB1","PROB1",0.0465104474764324,0.680958758166748,0.026,0.015,1
"ENSG00000265750","ENSG00000265750",0.0465145298130343,-1.16363802673589,0.004,0.01,1
"MASP1","MASP1",0.0465522487262938,0.28239488470841,0.267,0.239,1
"ENSG00000258784","ENSG00000258784",0.0465550768704407,0.975180568778192,0.014,0.006,1
"MTFP1","MTFP1",0.0465858783140904,-1.19640827227053,0.004,0.01,1
"NAT8L","NAT8L",0.0466103949043276,0.211373631915571,0.54,0.521,1
"ZNF385B","ZNF385B",0.0466344833348485,-0.990973138104438,0.017,0.028,1
"ENSG00000264520","ENSG00000264520",0.0466354712082993,-0.974188390087707,0.009,0.018,1
"AHCTF1","AHCTF1",0.0466513544398631,-0.117287253278836,0.396,0.439,1
"ENSG00000230552","ENSG00000230552",0.0466573189061946,-0.987644605452404,0.004,0.01,1
"ENSG00000267321","ENSG00000267321",0.0467121614619318,0.439867203681221,0.067,0.05,1
"ZFP36","ZFP36",0.0467329037983066,-0.377736648436498,0.064,0.083,1
"PEX12","PEX12",0.0467369027329348,0.821954005228153,0.026,0.015,1
"ZNF182","ZNF182",0.0467509291525529,0.779321284259356,0.03,0.019,1
"EDAR","EDAR",0.0467646526593507,-0.427583191149159,0.004,0.01,1
"PUS7","PUS7",0.0469382606889064,0.343309867213605,0.125,0.101,1
"ENSG00000267561","ENSG00000267561",0.0469687208437019,0.677870337554461,0.014,0.006,1
"COIL","COIL",0.0469747463891861,-0.550016371445935,0.047,0.064,1
"ENSG00000275807","ENSG00000275807",0.0470159063421254,-0.563034654392256,0.004,0.01,1
"FBRSL1","FBRSL1",0.0470487101397515,0.379930154626307,0.189,0.163,1
"SOWAHC","SOWAHC",0.047096499034396,0.91248368143124,0.019,0.01,1
"LRRC47","LRRC47",0.0471221070472384,0.801596752540845,0.051,0.036,1
"DCAF4","DCAF4",0.0471234934661466,-0.712373987240963,0.017,0.028,1
"C19orf44","C19orf44",0.0471640933574406,-0.279669689079831,0.076,0.098,1
"SHE","SHE",0.0471884688665797,-0.534829648130862,0.019,0.031,1
"MAVS","MAVS",0.0471988086088987,0.266204970674234,0.265,0.237,1
"PATZ1","PATZ1",0.0472291704945249,-0.23503979651475,0.057,0.075,1
"RNASEH1-DT","RNASEH1-DT",0.047293775912963,0.804071452153058,0.03,0.019,1
"MRM1","MRM1",0.0472966816631212,-0.681261776244622,0.015,0.026,1
"ENSG00000144785","ENSG00000144785",0.0473627119434595,0.748990353191791,0.045,0.031,1
"DIRAS3","DIRAS3",0.0474189639435957,-0.55901622766162,0.017,0.028,1
"PCOLCE","PCOLCE",0.0474381510543906,0.803707991378125,0.019,0.01,1
"MAPK1IP1L","MAPK1IP1L",0.0475103204659411,0.312704263392491,0.208,0.18,1
"MAGOHB","MAGOHB",0.0475338357581354,-0.797698531286862,0.02,0.032,1
"TUBB4A","TUBB4A",0.047604512034796,-0.322696194008803,0.037,0.052,1
"PIWIL2","PIWIL2",0.0476770881690962,-0.661337883324067,0.019,0.031,1
"CYP4F12","CYP4F12",0.047722896917546,-0.403398874771834,0.024,0.037,1
"MVB12A","MVB12A",0.0477426542424408,0.683777097684808,0.068,0.051,1
"EGFLAM","EGFLAM",0.0478058238468422,0.876674898881332,0.027,0.016,1
"ZNF302","ZNF302",0.0478134091218852,-0.17040302118832,0.209,0.24,1
"SFT2D3","SFT2D3",0.0478265060056503,1.04955602146416,0.027,0.016,1
"ENSG00000228839","ENSG00000228839",0.0478524459567242,-0.416345053620433,0.033,0.048,1
"PIGG","PIGG",0.0478543585373394,-0.146733589912927,0.11,0.137,1
"BNC2","BNC2",0.047870055268573,-0.188611872742601,0.335,0.376,1
"PICALM","PICALM",0.0478957747015373,-0.133236141480941,0.548,0.595,1
"SMG1","SMG1",0.0479114186275774,-0.117622444636515,0.477,0.513,1
"GRID1","GRID1",0.047946747143695,-0.104155565603166,0.582,0.615,1
"ENSG00000255339","ENSG00000255339",0.0480644776043035,-0.524320433393322,0.013,0.023,1
"MAMDC4","MAMDC4",0.0481270007188217,-0.440030601553038,0.024,0.037,1
"CEP63","CEP63",0.0481492943373508,-0.160679252591439,0.206,0.242,1
"SLC22A4","SLC22A4",0.048178341704783,-0.526682512595706,0.044,0.061,1
"SEC22C","SEC22C",0.0481829425346541,-0.157887215242555,0.135,0.164,1
"ZC4H2","ZC4H2",0.0482374335683417,-0.259576612559736,0.1,0.124,1
"NSFL1C","NSFL1C",0.0482923014257434,0.366592341199475,0.143,0.12,1
"SENP1","SENP1",0.0483131167979613,-0.152885286391975,0.1,0.124,1
"MBD6","MBD6",0.0483321436438816,0.378984783917055,0.103,0.081,1
"ENSG00000271918","ENSG00000271918",0.0483378168167498,-0.730738214114051,0.009,0.018,1
"ZC3H15","ZC3H15",0.0483571337491342,-0.268707540037671,0.101,0.124,1
"TMEM45A","TMEM45A",0.0484077369121725,-1.1240048363326,0.008,0.016,1
"GHDC","GHDC",0.0484168362482756,0.613482803707538,0.05,0.035,1
"XIST","XIST",0.0484309464059825,-0.135403573980575,0.095,0.119,1
"PEX2","PEX2",0.0484423483272425,0.373992754488638,0.184,0.16,1
"NT5C","NT5C",0.0484730387406838,-0.214390313470212,0.059,0.078,1
"CHSY1","CHSY1",0.0485035292459923,-0.263001525925202,0.222,0.252,1
"STX12","STX12",0.0485059445039283,0.371725379282187,0.204,0.18,1
"PEX14","PEX14",0.0485315569353048,0.319501072464356,0.257,0.232,1
"QTRT1","QTRT1",0.0485535970244872,0.402347299592475,0.24,0.218,1
"DNMT3B","DNMT3B",0.0485559988650104,-0.403331889272082,0.017,0.028,1
"ZNF330","ZNF330",0.0486265582563613,0.298603273308822,0.043,0.029,1
"SLC45A2","SLC45A2",0.0486780157302667,1.39974110083308,0.011,0.005,1
"ENSG00000279278","ENSG00000279278",0.0487117148921366,1.49918276946056,0.011,0.005,1
"CLMP","CLMP",0.0487402899184041,-1.19510758403163,0.008,0.016,1
"IGFL4","IGFL4",0.0487519796855371,-0.422888054932915,0.009,0.018,1
"ZNF432","ZNF432",0.048798187693573,-0.296445503850437,0.116,0.141,1
"SCMH1-DT","SCMH1-DT",0.0489181879856002,0.582574390077876,0.065,0.048,1
"TMEM63A","TMEM63A",0.0489529176782931,0.468904251889445,0.163,0.14,1
"ENSG00000262619","ENSG00000262619",0.0489820139742053,1.10810552507379,0.011,0.005,1
"LOC124905564","LOC124905564",0.0490196707767397,0.275708134022477,0.034,0.021,1
"NOTCH1","NOTCH1",0.0491698119289381,-0.137050359013199,0.198,0.231,1
"ACACA","ACACA",0.0492361943679756,-0.104108685859602,0.538,0.599,1
"MYO3A","MYO3A",0.0492461182134518,-1.37317727859574,0.005,0.012,1
"RNF130","RNF130",0.0492639934339728,-0.202148938248447,0.466,0.502,1
"ENSG00000253288","ENSG00000253288",0.0492940015249719,-1.66610129562648,0.006,0.014,1
"BASP1","BASP1",0.049307443031688,0.929835653080136,0.047,0.033,1
"DRC2","DRC2",0.0493192826706166,-0.321649822116481,0.022,0.035,1
"RET","RET",0.049355729849236,1.14776984025408,0.011,0.005,1
"PSMG1","PSMG1",0.0494243266699262,-1.46508321429997,0.014,0.024,1
"CDC26","CDC26",0.0494545407435076,0.529947685085213,0.058,0.042,1
"ENSG00000141979","ENSG00000141979",0.0494923098045913,0.88737197558488,0.036,0.024,1
"LINC02054","LINC02054",0.0495263898758184,0.424404922334905,0.011,0.005,1
"PPP1R10","PPP1R10",0.0495677983930465,-0.26895110895883,0.154,0.181,1
"ZIC3","ZIC3",0.0495679675681021,0.659749808173267,0.016,0.008,1
"KRABD5","KRABD5",0.0495980630933473,-0.256271858734129,0.113,0.139,1
"ADH5","ADH5",0.0496133061055984,-0.106443969421797,0.075,0.096,1
"CWF19L2","CWF19L2",0.0496621556741961,-0.128427146749298,0.232,0.268,1
"ATXN2L","ATXN2L",0.049667011750672,0.29921214429524,0.184,0.158,1
"GALNT7-DT","GALNT7-DT",0.0496931014688042,0.459903501616926,0.155,0.132,1
"ENSG00000258081","ENSG00000258081",0.0496975446204156,-0.61680353933787,0.011,0.005,1
"PFDN1","PFDN1",0.0497214811032747,-0.183670537100097,0.096,0.12,1
"ENSG00000260170","ENSG00000260170",0.0497661452769891,0.453869186202297,0.011,0.005,1
"ZNF845","ZNF845",0.0498691951442839,0.385733262203769,0.011,0.005,1
"ENSG00000274893","ENSG00000274893",0.0498824046067017,-0.93300223635178,0.005,0.012,1
"SAE1","SAE1",0.0499375120107612,0.480762204983867,0.095,0.075,1
"AUNIP","AUNIP",0.0499497813371719,-0.947304270622054,0.005,0.012,1
"ASB13","ASB13",0.049988165629905,0.468436799925794,0.066,0.049,1
"SGSH","SGSH",0.0499891448599681,-0.680469419510587,0.029,0.042,1
"ZNF536","ZNF536",0.0501474642045647,-0.604545336530051,0.025,0.038,1
"RCC2","RCC2",0.0501510400448889,0.423773402840947,0.1,0.08,1
"POLR3B","POLR3B",0.0501513025490864,-0.240981913385534,0.084,0.106,1
"HMGB3","HMGB3",0.0501862010622472,-0.927084419524678,0.005,0.012,1
"B3GALT1","B3GALT1",0.0502200517540292,-0.861489167084519,0.005,0.012,1
"CCZ1B","CCZ1B",0.0503300636798454,-0.278138026930359,0.064,0.084,1
"PPP1R12A","PPP1R12A",0.0503317545597345,-0.100491169630023,0.493,0.533,1
"PCOLCE-AS1","PCOLCE-AS1",0.0503556459541835,-1.03406422907989,0.005,0.012,1
"RXYLT1-AS1","RXYLT1-AS1",0.0503556459541835,-0.694241810655697,0.005,0.012,1
"COA4","COA4",0.0504579223395736,-0.361566287857944,0.022,0.035,1
"SLC16A14","SLC16A14",0.0504587929860708,-0.972590882130718,0.006,0.014,1
"DNAH8","DNAH8",0.0504897542019572,-1.17531742854257,0.006,0.014,1
"FAM86B1","FAM86B1",0.0504915468310392,-0.475377645917901,0.005,0.012,1
"NTRK3-AS1","NTRK3-AS1",0.0505130362880414,-0.352818756733094,0.03,0.044,1
"ENSG00000259519","ENSG00000259519",0.0505343924130406,-0.642805439449127,0.011,0.021,1
"ZNF543","ZNF543",0.0505461209219401,0.605081290812239,0.023,0.013,1
"NYAP1","NYAP1",0.0505689741663636,-0.35898773896422,0.047,0.064,1
"TCEAL6","TCEAL6",0.0506324870979569,-0.362843901921191,0.008,0.016,1
"MRPL21","MRPL21",0.0506441056060018,-0.444612418784808,0.02,0.032,1
"ENSG00000236947","ENSG00000236947",0.050661188494895,-0.384038532533928,0.008,0.016,1
"ADAM19","ADAM19",0.0506758559615847,-0.972698371987915,0.006,0.014,1
"LINC01414","LINC01414",0.0507760055180988,-0.36262176346202,0.065,0.085,1
"LOC101927845","LOC101927845",0.0507984477436528,-0.580412134819714,0.005,0.012,1
"LINC01229","LINC01229",0.0508002427820954,-0.888026599544924,0.006,0.014,1
"XKR4","XKR4",0.0508190180270701,-0.881851748852013,0.014,0.024,1
"POLR3F","POLR3F",0.0508203521972823,-0.503997015583789,0.046,0.062,1
"ENSG00000204352","ENSG00000204352",0.050831379415258,-1.03242632519805,0.006,0.014,1
"LINC01303","LINC01303",0.050831379415258,-0.798618470232584,0.006,0.014,1
"ENSG00000235189","ENSG00000235189",0.0508342669328199,0.80061898897759,0.02,0.011,1
"SAMHD1","SAMHD1",0.0508728832666252,0.158515289131099,0.103,0.08,1
"ADAMTS13","ADAMTS13",0.0509094086242741,-0.214071451067154,0.076,0.098,1
"ENSG00000235790","ENSG00000235790",0.0509560858415894,-0.814766963074052,0.006,0.014,1
"NR4A3","NR4A3",0.0509560858415894,-1.18974537698296,0.006,0.014,1
"RAB5A","RAB5A",0.0509989362842198,-0.196998800550845,0.224,0.254,1
"TRAM1L1","TRAM1L1",0.051003915204069,-0.337917989677976,0.005,0.012,1
"KBTBD11-OT1.1","KBTBD11-OT1.1",0.051038227352281,-0.526087210688067,0.005,0.012,1
"ZNF98","ZNF98",0.05106201788668,0.679620116411198,0.11,0.09,1
"MAP2K1","MAP2K1",0.05114500204149,0.37254372954548,0.209,0.184,1
"MOSPD3","MOSPD3",0.0511556537075717,-0.267112026841432,0.02,0.032,1
"APC2","APC2",0.0511565484697439,-0.151541430880145,0.56,0.613,1
"PDIK1L","PDIK1L",0.0511851841514858,0.831874594435235,0.054,0.039,1
"USP47","USP47",0.0512276568238184,-0.130049158215313,0.482,0.527,1
"LOC101929268","LOC101929268",0.0512376123319982,-0.706880848418463,0.006,0.014,1
"ENSG00000260874","ENSG00000260874",0.0512376123319982,-0.715807437850623,0.006,0.014,1
"ENSG00000228786","ENSG00000228786",0.051331743394433,-0.531900133982438,0.006,0.014,1
"RIC8A","RIC8A",0.0513371849525529,0.606947491790428,0.052,0.037,1
"CLP1","CLP1",0.0513945768214389,-0.79687506116146,0.006,0.014,1
"SH3RF1","SH3RF1",0.0514664297332433,-0.170287347172051,0.29,0.326,1
"ALKBH2","ALKBH2",0.0514755298868705,-0.760974048471092,0.016,0.026,1
"CYB561D1","CYB561D1",0.0514857584539631,0.595393305902117,0.047,0.033,1
"SYCE2","SYCE2",0.0515738002920558,-0.499543716510956,0.032,0.046,1
"PTPRN2","PTPRN2",0.0515953236705073,-0.260043094393472,0.069,0.089,1
"DDB2","DDB2",0.0516040588119397,0.407883364566788,0.103,0.082,1
"RAB31","RAB31",0.0516066273963423,0.176302015002205,0.542,0.537,1
"ZNF460","ZNF460",0.0516111454498379,0.635904882273532,0.07,0.053,1
"ARMC1","ARMC1",0.0516240431910369,-0.148182408418614,0.11,0.136,1
"PPP2R1B","PPP2R1B",0.0516587835490712,0.276221061068558,0.34,0.317,1
"LSM12","LSM12",0.0517558305829664,0.607403216343324,0.082,0.064,1
"COL22A1","COL22A1",0.0517691760718022,0.34872052281167,0.031,0.019,1
"PIGV","PIGV",0.0518319378068224,0.668604067589557,0.048,0.034,1
"DGKQ","DGKQ",0.0518405543815379,0.418483664957604,0.057,0.041,1
"SUCLG1","SUCLG1",0.0518545554273001,-0.177292621318934,0.134,0.162,1
"NEXMIF","NEXMIF",0.0518673644566515,-0.466833773618805,0.066,0.085,1
"CD82","CD82",0.0518721247580973,0.226369239807374,0.189,0.162,1
"USP18","USP18",0.0518787187157831,-1.32987096953553,0.01,0.019,1
"ANKRA2","ANKRA2",0.0519448825528068,0.471028402089689,0.095,0.075,1
"SRP14-DT","SRP14-DT",0.0519641965048273,0.301760719899219,0.203,0.176,1
"POLD1","POLD1",0.0519660999008223,1.52820945943441,0.014,0.007,1
"C6orf89","C6orf89",0.0520050669757718,0.291764511244564,0.228,0.2,1
"PLA2R1","PLA2R1",0.052007172761263,-0.53903825419422,0.023,0.035,1
"PSMD6","PSMD6",0.0520306905469453,0.608329724164555,0.06,0.044,1
"IFT81","IFT81",0.0521036615082443,-0.123966714042256,0.138,0.166,1
"LRRC63","LRRC63",0.0522013749066797,-0.403557050660687,0.006,0.014,1
"ENSG00000260927","ENSG00000260927",0.0522218810953965,-0.2588353851175,0.02,0.032,1
"ENSG00000259589","ENSG00000259589",0.0522362656646197,-0.436069162913963,0.011,0.021,1
"MPHOSPH8","MPHOSPH8",0.0522533943269569,-0.126368429181597,0.292,0.331,1
"BBS2","BBS2",0.0522576296015494,-0.116583883740845,0.512,0.548,1
"ACP2","ACP2",0.0522803118214625,-0.366892251280274,0.028,0.041,1
"GHRLOS","GHRLOS",0.052280527423555,-1.1464924343645,0.01,0.019,1
"FAM98B","FAM98B",0.0523262470341447,-0.171635522552594,0.073,0.094,1
"AFG2A","AFG2A",0.05239862757989,-0.211465156401159,0.192,0.223,1
"ZNF595","ZNF595",0.0524552550671616,-0.128815769841299,0.066,0.086,1
"ENSG00000259223","ENSG00000259223",0.0525507966320907,-0.146691053431769,0.03,0.044,1
"ATP5F1C","ATP5F1C",0.0526355012606127,-0.101167079296419,0.254,0.288,1
"TMEM218","TMEM218",0.0526605563222023,-0.391382896480462,0.034,0.049,1
"RNF146","RNF146",0.0526657804294731,-0.228199395564537,0.111,0.136,1
"THAP1","THAP1",0.0526878053760449,1.18480242581103,0.014,0.007,1
"ENSG00000204055","ENSG00000204055",0.0526932383778367,-0.770516977539421,0.024,0.036,1
"EPOR","EPOR",0.0527054762026881,0.482494738467313,0.074,0.056,1
"SIAH2","SIAH2",0.0527451577197687,0.415095578359957,0.057,0.041,1
"CYBRD1","CYBRD1",0.052751932919684,-0.165586993366753,0.254,0.288,1
"WDR90","WDR90",0.0527958905765812,0.776931229963997,0.054,0.039,1
"CFAP20DC","CFAP20DC",0.0528023327227031,-0.358642169113021,0.018,0.029,1
"C21orf91","C21orf91",0.052807217013112,-0.508244678720485,0.026,0.039,1
"GRIN2C","GRIN2C",0.0528082456468077,-0.10313647528608,0.301,0.338,1
"SLBP","SLBP",0.0529052951959913,0.422973336840905,0.058,0.042,1
"ENSG00000236065","ENSG00000236065",0.0529095154824166,0.832457867979758,0.032,0.021,1
"CFAP91","CFAP91",0.0529330413084777,-0.136678889850471,0.126,0.154,1
"ENSG00000259515","ENSG00000259515",0.0529407891064737,1.34423671795207,0.014,0.007,1
"DUT-AS1","DUT-AS1",0.0529836046321872,-0.321112495771785,0.018,0.029,1
"CDC5L","CDC5L",0.0530027728385288,-0.341667717854468,0.098,0.12,1
"CAPS","CAPS",0.0530922745674864,0.428481730427192,0.11,0.089,1
"HYOU1","HYOU1",0.0532012279519068,0.331144943487192,0.05,0.035,1
"MGST3","MGST3",0.0532139361384504,0.31230287250113,0.317,0.293,1
"DENND5A","DENND5A",0.0532673239990478,-0.150936650585509,0.286,0.324,1
"PASK","PASK",0.0532728260483397,0.902087415436057,0.024,0.014,1
"LGR4","LGR4",0.0533239669086982,-0.11961480730994,0.61,0.66,1
"PCID2","PCID2",0.0533642062727035,0.301719478096582,0.154,0.129,1
"CNST","CNST",0.0533651487659928,-0.15062961123982,0.138,0.167,1
"PPP1CA","PPP1CA",0.0533838495436596,0.56768347392142,0.047,0.033,1
"ENSG00000255495","ENSG00000255495",0.053498238792694,-0.276824767349272,0.018,0.029,1
"METTL17","METTL17",0.0535945521854423,0.396402324589548,0.127,0.104,1
"ZC3HAV1","ZC3HAV1",0.0536228844123733,0.465127706946894,0.115,0.094,1
"BMS1","BMS1",0.0536495854696056,-0.294271772556372,0.093,0.115,1
"NELFA","NELFA",0.0536537808784907,0.237258469940914,0.241,0.211,1
"DBNL","DBNL",0.0536791147386958,-0.378774541758286,0.066,0.085,1
"AGAP5","AGAP5",0.0537394990607248,-0.289989660227354,0.055,0.073,1
"B4GALT4-AS1","B4GALT4-AS1",0.0537522186658543,0.851147337535767,0.017,0.009,1
"LIMA1","LIMA1",0.0538940070641052,-0.134971583400378,0.082,0.104,1
"GK","GK",0.0539937401578101,-0.184208172576717,0.13,0.156,1
"PDCD11","PDCD11",0.054016753057838,-0.119823247473412,0.05,0.068,1
"RESF1","RESF1",0.0540482862838054,0.32117584505488,0.171,0.146,1
"TXNDC12","TXNDC12",0.0540912735320447,0.421622782307906,0.087,0.068,1
"WDR81","WDR81",0.0541203618167591,0.306034442538718,0.085,0.066,1
"RASSF9","RASSF9",0.0541631007411559,0.919731171588645,0.038,0.026,1
"ANO10","ANO10",0.0541704141455086,-0.110631628885267,0.262,0.299,1
"HECW2","HECW2",0.0542649867963427,-0.157319920815335,0.016,0.026,1
"FZD5","FZD5",0.0542670215194562,0.567633571412044,0.024,0.014,1
"PRPF6","PRPF6",0.0542820839020311,-0.148315231269011,0.135,0.163,1
"ERI3","ERI3",0.0542983698114982,0.197496643556172,0.463,0.449,1
"WIZ","WIZ",0.0544327183544633,0.686769345163534,0.048,0.034,1
"PITX1-AS1","PITX1-AS1",0.0544416427117652,-0.990443326799888,0.019,0.03,1
"CMC1","CMC1",0.054495578755869,-0.225567202630852,0.148,0.175,1
"MED11","MED11",0.0545481765561203,0.646022614190338,0.042,0.028,1
"TYSND1","TYSND1",0.0545500454023464,0.620957369372905,0.048,0.034,1
"ZNF852","ZNF852",0.0547675485954791,0.874245453948342,0.043,0.03,1
"ENSG00000256824","ENSG00000256824",0.0547973977682189,0.742623265948427,0.042,0.029,1
"C1orf52","C1orf52",0.0548550071343263,-0.138673829658005,0.141,0.169,1
"CD58","CD58",0.0548810296707872,0.491024034377366,0.052,0.037,1
"RNF5","RNF5",0.0549561311998989,-0.936676844428109,0.012,0.021,1
"EXOSC1","EXOSC1",0.0550700717386665,0.435528867686614,0.123,0.102,1
"EPC2","EPC2",0.0551693792995831,-0.120340511675131,0.335,0.377,1
"FAM120B","FAM120B",0.0552796689861691,-0.113734648724392,0.399,0.438,1
"MAN1B1","MAN1B1",0.0554159989689838,-0.103317804076326,0.11,0.136,1
"ZNF790-AS1","ZNF790-AS1",0.0554846762448186,-0.153116037137247,0.074,0.095,1
"ZFYVE26","ZFYVE26",0.0555451848005133,-0.256633210644818,0.108,0.131,1
"TNFRSF10B","TNFRSF10B",0.0555840365214717,0.513343153546892,0.061,0.045,1
"ENSG00000260645","ENSG00000260645",0.0556249681587257,0.347151530050188,0.024,0.014,1
"SLC2A4","SLC2A4",0.0558580311314462,0.958655412020839,0.029,0.018,1
"ABCC11","ABCC11",0.0558698116167768,-0.813591681822587,0.012,0.021,1
"TMEM214","TMEM214",0.0558980054250302,0.780383489848498,0.049,0.035,1
"WRNIP1","WRNIP1",0.0560063666682937,-0.289489759722611,0.068,0.088,1
"ENSG00000234281","ENSG00000234281",0.0560486228850083,-0.746460115016994,0.014,0.024,1
"BRD10","BRD10",0.0560910988434753,0.197482181309195,0.416,0.394,1
"UBIAD1","UBIAD1",0.0561327271253874,0.33830733451674,0.082,0.064,1
"ENSG00000235522","ENSG00000235522",0.0561603312724915,0.894542873320957,0.021,0.012,1
"SLC38A12","SLC38A12",0.0561830291042119,0.450267102985351,0.095,0.076,1
"ENSG00000261717","ENSG00000261717",0.0561872934819472,1.12387554549531,0.021,0.012,1
"LOC124903478","LOC124903478",0.0561957642084959,-0.344028991130261,0.062,0.081,1
"TNFSF13B","TNFSF13B",0.0561985501160906,0.359416702899046,0.066,0.049,1
"ANXA11","ANXA11",0.0562453639825935,0.419153450700054,0.123,0.102,1
"NECAP2","NECAP2",0.0563552113299861,-0.215591408887676,0.042,0.057,1
"LOC101929372","LOC101929372",0.0563934849326444,0.833877627638792,0.044,0.03,1
"ALG14","ALG14",0.0564055177197742,-0.352911076440993,0.101,0.123,1
"ENSG00000236408","ENSG00000236408",0.0565960387852289,1.93391633872474,0.012,0.006,1
"ENSG00000238287","ENSG00000238287",0.056643691252929,0.342868302773218,0.109,0.088,1
"ENSG00000247324","ENSG00000247324",0.056706124869577,1.3334765482991,0.012,0.006,1
"SWAP70","SWAP70",0.0567198380497301,-0.368069789686124,0.057,0.075,1
"FOXO3","FOXO3",0.0567812574112541,0.106801640618506,0.652,0.635,1
"CLASP1","CLASP1",0.0569205828731097,-0.112564969867817,0.721,0.749,1
"PTH2R","PTH2R",0.0569767214226417,-0.867346340160658,0.009,0.017,1
"TMA16","TMA16",0.0570296193838174,-0.219576252163572,0.023,0.035,1
"ANKRD52","ANKRD52",0.0571083645530315,0.375599899603501,0.13,0.108,1
"SNAI3","SNAI3",0.057151887335896,0.77061578738692,0.029,0.018,1
"LPIN1","LPIN1",0.0572005109077415,0.113840981187624,0.812,0.811,1
"DCUN1D2","DCUN1D2",0.0572110670312571,-0.318333494033409,0.117,0.14,1
"C12orf75","C12orf75",0.0573678776607139,-0.615641419781175,0.014,0.024,1
"ABHD6","ABHD6",0.0574125379092069,0.480522611255618,0.141,0.119,1
"PLAA","PLAA",0.0574266671590431,-0.219404492171412,0.089,0.111,1
"LOC124906685","LOC124906685",0.0574386433709356,1.40693454114152,0.022,0.012,1
"SUPT4H1","SUPT4H1",0.057465546241902,1.46707979975216,0.022,0.012,1
"ESRRB","ESRRB",0.0574710625152198,-1.03885328683181,0.009,0.017,1
"AP1S1","AP1S1",0.0575331051612807,-0.726000999150568,0.009,0.017,1
"ZKSCAN7","ZKSCAN7",0.0575963449571964,-0.264390581530686,0.022,0.033,1
"FZD10","FZD10",0.0576304563325762,1.00523970377154,0.012,0.006,1
"WBP4","WBP4",0.0576643496555941,-0.198301783106299,0.142,0.169,1
"EFR3A","EFR3A",0.0576773906483468,-0.124003123434799,0.345,0.385,1
"TBC1D31","TBC1D31",0.057740687551312,-0.135449184258552,0.072,0.093,1
"RRP36","RRP36",0.0577980629834696,-0.168634351251419,0.077,0.099,1
"IFT52","IFT52",0.0578383428356343,0.299324491739338,0.143,0.12,1
"MEPCE","MEPCE",0.0578690104933427,0.361970492084253,0.052,0.037,1
"LINC00320","LINC00320",0.0579498749609025,-0.568058980753088,0.016,0.027,1
"ENSG00000284952","ENSG00000284952",0.0579662672894262,0.93405194792016,0.012,0.006,1
"LENG8-AS1","LENG8-AS1",0.0579889673092616,-0.529291448337041,0.024,0.037,1
"DCAF5","DCAF5",0.0580639056801608,0.146448880922646,0.416,0.395,1
"ENSG00000236082","ENSG00000236082",0.058114280335817,-0.554508267995678,0.044,0.059,1
"MSH4","MSH4",0.058181208414684,1.15116242358579,0.029,0.019,1
"ENSG00000272755","ENSG00000272755",0.0581877643049855,0.645816787740265,0.033,0.021,1
"EFR3B","EFR3B",0.0581969642142974,-0.112945644720211,0.44,0.487,1
"SPOCK2","SPOCK2",0.0582064546347927,0.277680751810313,0.338,0.316,1
"PEX11B","PEX11B",0.0582549362581032,-0.427786452459774,0.03,0.044,1
"ZNF566","ZNF566",0.0582722250052912,-0.347337953527095,0.089,0.11,1
"SLC30A6","SLC30A6",0.0582855184439977,-0.227850958405121,0.124,0.149,1
"NEIL2","NEIL2",0.0583197500916623,0.244543597097485,0.048,0.034,1
"ABRAXAS1","ABRAXAS1",0.0583218635279778,-0.473874901922174,0.027,0.04,1
"MGAT5","MGAT5",0.0583222289750541,0.246854436330207,0.356,0.331,1
"ATP5PB","ATP5PB",0.0583258444839967,-0.143716631861089,0.097,0.121,1
"STEAP3","STEAP3",0.0583574246923221,0.685158580996756,0.039,0.026,1
"GABRA3","GABRA3",0.0585333579738566,-1.15222282859628,0.007,0.015,1
"THAP2","THAP2",0.0585626258622728,0.495447725384059,0.054,0.039,1
"CTTNBP2","CTTNBP2",0.0585890122263191,-0.172842027234311,0.138,0.165,1
"RCOR1","RCOR1",0.0586133413030297,-0.220556381617939,0.227,0.258,1
"GDE1","GDE1",0.0586446796322513,0.504540515719361,0.064,0.048,1
"DAPL1","DAPL1",0.058671130038103,-1.19581575598159,0.004,0.01,1
"CNN3-DT","CNN3-DT",0.0587152852160655,-0.333493772110362,0.1,0.122,1
"PLEKHH1","PLEKHH1",0.0587332008296541,-0.242493220510157,0.128,0.151,1
"MEOX2","MEOX2",0.0587508168157038,-0.316983715356241,0.067,0.086,1
"RPH3A","RPH3A",0.0588483569951369,-0.445341583850249,0.027,0.04,1
"ISCU","ISCU",0.0588869749561389,-0.297291837306677,0.047,0.063,1
"VGLL4","VGLL4",0.0589025101159628,0.144721643668651,0.586,0.566,1
"SYNPO2","SYNPO2",0.0589234977580551,0.326826757725605,0.194,0.169,1
"DONSON","DONSON",0.0589530903856871,0.441581408051396,0.062,0.046,1
"VEPH1","VEPH1",0.0589600643018606,-1.0107905641814,0.004,0.01,1
"YWHAG","YWHAG",0.0589609988742825,0.277632166166346,0.121,0.099,1
"USP40","USP40",0.0589976792117171,-0.100457402098164,0.424,0.467,1
"EXOSC10","EXOSC10",0.0590718152190114,-0.259639393010125,0.11,0.132,1
"SAPCD2","SAPCD2",0.0590842543737226,-1.21083080780752,0.004,0.01,1
"PRRC2C","PRRC2C",0.059154743490335,-0.120956991127566,0.444,0.486,1
"ENSG00000228172","ENSG00000228172",0.0592086615002898,-1.28312511159781,0.004,0.01,1
"ZNF444","ZNF444",0.0592382128364976,-0.180451594379231,0.138,0.165,1
"WDR88","WDR88",0.0592529623706858,-0.382272570632747,0.014,0.024,1
"STPG2-AS1","STPG2-AS1",0.0593332859542612,-0.830260731802064,0.004,0.01,1
"ENSG00000250407","ENSG00000250407",0.0593332859542612,-0.845542999141674,0.004,0.01,1
"FBXL22","FBXL22",0.0593573212913166,-1.46667736579741,0.006,0.012,1
"DENR","DENR",0.0593640569525898,-0.221646732066447,0.142,0.169,1
"BRDT","BRDT",0.0593748757810452,-0.88996709952484,0.004,0.01,1
"ZSCAN22","ZSCAN22",0.0594134875115097,1.29132139786668,0.015,0.008,1
"ENSG00000269019","ENSG00000269019",0.0594164897957355,-0.968911513127383,0.004,0.01,1
"GABRR1","GABRR1",0.0595970987935863,1.75187417906583,0.01,0.004,1
"KITLG","KITLG",0.0596186528280834,-0.36219689294343,0.016,0.027,1
"NDC1","NDC1",0.0596701349346258,0.305327024781459,0.085,0.066,1
"TXNDC11","TXNDC11",0.0596926387411159,0.416640467109287,0.201,0.178,1
"SH3BP5-AS1","SH3BP5-AS1",0.0597028312832524,-0.570848323723297,0.024,0.037,1
"MDM2","MDM2",0.0597078760677576,-0.108345835700858,0.181,0.213,1
"ENSG00000236948","ENSG00000236948",0.0597084660091488,-0.760589857739969,0.004,0.01,1
"FAM234B","FAM234B",0.0597131635098885,0.360216156630796,0.134,0.112,1
"ALG10","ALG10",0.0597182000185364,1.35121477816464,0.015,0.008,1
"HDAC6","HDAC6",0.0597489264577644,-0.255771325876264,0.15,0.176,1
"SRPK3","SRPK3",0.0597780072940186,1.01354036644452,0.034,0.023,1
"ASPDH","ASPDH",0.0598200584782629,1.01019104228654,0.015,0.008,1
"CFAP99","CFAP99",0.0598970013394414,1.78792642385045,0.01,0.004,1
"FAM81B","FAM81B",0.0598970013394414,1.94458991909254,0.01,0.004,1
"NMNAT3","NMNAT3",0.05990649361678,-0.16594351573125,0.117,0.142,1
"RFC3","RFC3",0.0599481137816442,-0.405665055419928,0.027,0.039,1
"ARID1A","ARID1A",0.0599482802330557,0.134129895511982,0.629,0.622,1
"ACTR3-AS1","ACTR3-AS1",0.0599596776869025,-0.600815462787626,0.004,0.01,1
"ENSG00000226445","ENSG00000226445",0.0599651907884565,0.408775406954055,0.055,0.04,1
"ENSG00000223813","ENSG00000223813",0.0599726128383128,-0.871729154965807,0.011,0.019,1
"C9orf43","C9orf43",0.0599726128383128,-0.883988982414029,0.011,0.019,1
"AMDHD2","AMDHD2",0.059990765534296,0.817177677566108,0.047,0.034,1
"DNAJA2","DNAJA2",0.0600033306321905,-0.21759135050392,0.057,0.075,1
"ENSG00000233848","ENSG00000233848",0.0600339175778228,-0.967895389862742,0.006,0.012,1
"H2BC4","H2BC4",0.0600689354477427,1.66425723833672,0.01,0.004,1
"TRMT10A","TRMT10A",0.0600993120588116,-0.543654248956701,0.038,0.053,1
"BEST1","BEST1",0.0601141152720007,-0.23094845771816,0.125,0.149,1
"ENSG00000226622","ENSG00000226622",0.060127638594372,-0.334031314815526,0.004,0.01,1
"GCFC2","GCFC2",0.0602504567044308,0.308285044090914,0.256,0.233,1
"MRPS2","MRPS2",0.0602586138459972,0.519804911869051,0.043,0.03,1
"SPG21","SPG21",0.0603458419671541,-0.146412426717172,0.082,0.104,1
"KPNB1-DT","KPNB1-DT",0.060408647201265,0.259641799593684,0.179,0.153,1
"PRCD","PRCD",0.0604125596512757,-1.12638303587866,0.006,0.012,1
"QSOX1","QSOX1",0.0604663941749139,0.481795217794193,0.092,0.073,1
"RCN3","RCN3",0.0605835397072071,0.484908961467974,0.038,0.026,1
"MAL","MAL",0.0606355261965908,-0.194953728136726,0.126,0.153,1
"NEMF","NEMF",0.0606594277356241,-0.144375410540922,0.335,0.371,1
"CSTF3-DT","CSTF3-DT",0.0606787852005017,-1.072837839752,0.006,0.012,1
"ZPR1","ZPR1",0.0607088817717355,0.537015140598468,0.015,0.008,1
"IGIP","IGIP",0.0607186389324538,0.434142838114075,0.089,0.07,1
"SAMD12","SAMD12",0.0607343871599504,-0.20625530698252,0.166,0.196,1
"ENSG00000237188","ENSG00000237188",0.0607445799723472,-0.101192390071097,0.115,0.139,1
"GM2A","GM2A",0.0607735845684297,-0.356933624843311,0.034,0.048,1
"DTX3L","DTX3L",0.0608695974318375,0.541669746483469,0.044,0.031,1
"MED31","MED31",0.0608725004358227,0.534718228163195,0.057,0.042,1
"SMYD4","SMYD4",0.0608804030137246,0.461215484226455,0.095,0.075,1
"USP50","USP50",0.0609459821940998,-0.693919334905889,0.006,0.012,1
"BEND7","BEND7",0.0609539475289583,0.32595746732063,0.234,0.21,1
"REXO4","REXO4",0.0609957204864299,0.632839150881233,0.052,0.037,1
"ZDHHC9","ZDHHC9",0.0610328046677124,0.461915723024253,0.091,0.073,1
"ARHGAP26-AS1","ARHGAP26-AS1",0.0610535868610345,-0.449817368386168,0.017,0.028,1
"LINC00847","LINC00847",0.0610697376754744,-0.761247882248678,0.011,0.019,1
"TDRP","TDRP",0.0610720086103122,-0.116325168721285,0.135,0.161,1
"IQCM","IQCM",0.0611218915028681,-0.100571276498959,0.007,0.015,1
"EFCAB14","EFCAB14",0.0612219945920274,-0.175509566918393,0.117,0.142,1
"STAMBP","STAMBP",0.0612671942622987,-0.195537395063063,0.142,0.168,1
"ENSG00000258473","ENSG00000258473",0.0613293823670096,-0.739646995340863,0.006,0.012,1
"WDR45","WDR45",0.0613296832217601,-0.205768677140748,0.171,0.198,1
"TMEM266","TMEM266",0.0615192292078429,-0.559897016098755,0.011,0.019,1
"ARAP2-AS1","ARAP2-AS1",0.0615218301551186,-0.540791565687223,0.006,0.012,1
"OR6J1","OR6J1",0.0615989491347809,-0.665238304980034,0.006,0.012,1
"EBP","EBP",0.0616457254553284,-0.535724429901062,0.017,0.028,1
"SURF1","SURF1",0.0617185023209543,0.742843114314943,0.047,0.033,1
"FAHD2B","FAHD2B",0.0617225809094787,-0.176304990778167,0.1,0.124,1
"CDIPT","CDIPT",0.0617250214103026,-0.696768678133981,0.04,0.055,1
"IRAK1BP1","IRAK1BP1",0.0617543625454935,0.159818791567968,0.295,0.27,1
"FANK1","FANK1",0.0617802108162523,0.3721450056492,0.219,0.195,1
"ENSG00000231662","ENSG00000231662",0.0617812224206611,-0.33101220233908,0.028,0.041,1
"KHDRBS2","KHDRBS2",0.0618103451096575,-0.698171551187674,0.013,0.022,1
"DCP1A","DCP1A",0.0618672511482853,0.280479044736188,0.282,0.261,1
"VLDLR-AS1","VLDLR-AS1",0.0618783476972729,0.642010930490203,0.022,0.012,1
"NR4A1","NR4A1",0.0619074611285074,0.167654041396578,0.034,0.022,1
"EPHB2","EPHB2",0.0619224999841786,-0.616508096307447,0.013,0.022,1
"ENSG00000237838","ENSG00000237838",0.0619933714693052,-0.502522305850279,0.028,0.041,1
"MYH11","MYH11",0.0620348232205,-0.747085910301631,0.013,0.022,1
"RHBDD2","RHBDD2",0.0621085950768472,0.198897393519297,0.146,0.122,1
"TTC21B","TTC21B",0.0621554936540746,-0.138223438336361,0.219,0.248,1
"FAM227A","FAM227A",0.0622000397841492,0.49543281222177,0.199,0.178,1
"SDCBP2","SDCBP2",0.0622279540351226,0.884616806619287,0.03,0.019,1
"PLS3-AS1","PLS3-AS1",0.062534383332278,0.73156656220059,0.052,0.038,1
"ZFTA","ZFTA",0.0625407443799846,-0.445425842840844,0.025,0.037,1
"NCK2","NCK2",0.0625802414344905,0.404385169078633,0.284,0.262,1
"HEATR1","HEATR1",0.0626254645245923,-0.320543095422255,0.072,0.091,1
"PTPN14","PTPN14",0.0628395901603654,-0.103042792845101,0.242,0.279,1
"CARD8","CARD8",0.0631272486886601,-0.287577638480977,0.098,0.12,1
"KCNMB4","KCNMB4",0.063153093059038,-0.500172262847361,0.013,0.022,1
"LGMN","LGMN",0.0631653630805492,-0.669426927084984,0.039,0.054,1
"CEP68","CEP68",0.0631863854922674,-0.199069534249577,0.138,0.164,1
"PMS1","PMS1",0.0634468769398543,-0.189001360858904,0.26,0.29,1
"DDX55","DDX55",0.0635910148099691,-0.305226186190315,0.06,0.078,1
"NDUFB6","NDUFB6",0.0636606130267751,0.437927603095412,0.114,0.093,1
"TRMT112","TRMT112",0.0636754486628329,0.838871157985726,0.03,0.019,1
"TMEM147-AS1","TMEM147-AS1",0.0636825412314393,-0.390434041551599,0.013,0.022,1
"ENSG00000285245","ENSG00000285245",0.0636826255124201,0.791767923408742,0.026,0.016,1
"ENSG00000215159","ENSG00000215159",0.0637676681503702,-0.237274581645369,0.025,0.037,1
"CCDC9","CCDC9",0.063802987607159,1.35073644857162,0.019,0.01,1
"TRIM44","TRIM44",0.0638753012945107,0.167032479842991,0.488,0.464,1
"EIF3D","EIF3D",0.063879425626732,-0.557443271246913,0.056,0.073,1
"ZNF69","ZNF69",0.0638815194827375,0.401712796300846,0.138,0.115,1
"ENSG00000225421","ENSG00000225421",0.06389444146703,-1.05707545240475,0.009,0.017,1
"DCDC1","DCDC1",0.0638962761996071,-0.165094378782508,0.143,0.17,1
"ATP10D","ATP10D",0.0639158816299169,-0.214671901568263,0.222,0.251,1
"MIR22HG","MIR22HG",0.0639213039855457,0.898084772907399,0.026,0.016,1
"ENSG00000241397","ENSG00000241397",0.063940724068591,0.572372287899745,0.034,0.023,1
"EME2","EME2",0.064111364015767,-0.237775922927207,0.024,0.037,1
"CUL9","CUL9",0.0641165376909242,0.259185846828661,0.107,0.086,1
"CNKSR3","CNKSR3",0.0641418636432458,0.563794332846836,0.078,0.061,1
"NUP35","NUP35",0.06421849952908,-0.426743927785915,0.023,0.035,1
"ENSG00000261140","ENSG00000261140",0.064219707798853,-0.364787464126886,0.046,0.062,1
"ZNF93","ZNF93",0.0642482367008898,0.919686244700499,0.019,0.01,1
"FAU","FAU",0.0643376305017981,0.702764916391558,0.084,0.067,1
"ALG11","ALG11",0.0644310424994927,-0.221154197921176,0.034,0.048,1
"AKAP8L","AKAP8L",0.0645016994608295,0.221319911862033,0.376,0.35,1
"PFKL","PFKL",0.0645280950481102,0.187293375492743,0.366,0.338,1
"THAP9","THAP9",0.0645639365806621,-0.432642373456688,0.043,0.058,1
"CALM3","CALM3",0.0645934236517402,-0.415611661027115,0.054,0.071,1
"SHARPIN","SHARPIN",0.0645950642031034,0.443300020625427,0.095,0.076,1
"MIR4458HG","MIR4458HG",0.0646283722517196,0.747715892574455,0.026,0.016,1
"CNTNAP3.1","CNTNAP3.1",0.0646808558337082,-0.310021943762703,0.015,0.025,1
"TMED5","TMED5",0.0650380261614543,0.297792939046946,0.159,0.136,1
"PDE1C","PDE1C",0.0650521560548255,-0.367428985845632,0.045,0.061,1
"CHFR","CHFR",0.0650886230930562,0.236915785019792,0.245,0.219,1
"PRKCD","PRKCD",0.0651141756509933,0.85978911754313,0.019,0.01,1
"ENSG00000263812","ENSG00000263812",0.0651571670572352,-0.849523587781925,0.009,0.017,1
"UTP20","UTP20",0.0651601756976663,-0.202515448264658,0.08,0.1,1
"SYDE2","SYDE2",0.0653738945833183,-0.487790310589539,0.032,0.046,1
"SRPK1","SRPK1",0.0653771776882489,0.415209400504273,0.141,0.12,1
"SFTPD","SFTPD",0.0654466914359884,0.409007226326796,0.039,0.027,1
"SMAD1","SMAD1",0.0654676765455153,0.192351021232091,0.47,0.452,1
"IBTK","IBTK",0.0654908924045818,-0.168026926627833,0.265,0.299,1
"HSD17B7","HSD17B7",0.065519860059438,-0.179911578190341,0.047,0.063,1
"FECH","FECH",0.065540164994802,-0.153808508852433,0.059,0.077,1
"LRRC66","LRRC66",0.065588642918424,1.51508129820133,0.013,0.006,1
"OLA1","OLA1",0.0656816497852572,-0.188245449549645,0.277,0.306,1
"SLC25A4","SLC25A4",0.0658039953508496,0.458768769869507,0.051,0.037,1
"RAB29","RAB29",0.0658137594868353,0.284255206538991,0.09,0.071,1
"UBE2D3","UBE2D3",0.0658730196311149,0.171977079368515,0.519,0.503,1
"MDK","MDK",0.0659216623467832,1.3109173145084,0.016,0.008,1
"IFT25","IFT25",0.065941173179727,-0.314945894384138,0.092,0.113,1
"ENSG00000235475","ENSG00000235475",0.0660096966571494,-0.409121407750566,0.02,0.031,1
"TTI1","TTI1",0.066074377292631,0.337939683873073,0.157,0.133,1
"PSME3IP1","PSME3IP1",0.066106936871539,-0.127488467149194,0.105,0.127,1
"SAP30BP","SAP30BP",0.0661208988754931,-0.194791805221701,0.167,0.193,1
"CENPO","CENPO",0.0661521134451704,0.8503968842456,0.031,0.02,1
"PPP1R3E","PPP1R3E",0.066160076679179,0.273136971727929,0.161,0.137,1
"UCK1","UCK1",0.06617538778358,0.542054214747181,0.047,0.033,1
"IPO9","IPO9",0.066193626966014,0.222073370281515,0.308,0.286,1
"PCCB","PCCB",0.0662108031583832,-0.1767741095458,0.12,0.145,1
"PFDN2","PFDN2",0.0662764979291677,0.664561010374066,0.055,0.041,1
"UQCC2","UQCC2",0.0663687741891029,0.295744520806606,0.135,0.113,1
"PSPH","PSPH",0.0663738667882923,0.432926613000439,0.11,0.09,1
"AMIGO2","AMIGO2",0.0665364484128033,1.40068196906442,0.023,0.014,1
"MRPL18","MRPL18",0.0665389673657657,0.676292007824392,0.056,0.041,1
"TBC1D12","TBC1D12",0.0665507391043389,0.335943327819705,0.169,0.147,1
"MSANTD3","MSANTD3",0.0666727118768666,0.981289699369631,0.013,0.006,1
"SLC11A2","SLC11A2",0.0667133147241799,-0.140045504734573,0.179,0.21,1
"HDLBP","HDLBP",0.0667522296940359,0.314549484362328,0.275,0.25,1
"NOS1","NOS1",0.0668199424319793,0.907495784617963,0.016,0.008,1
"CNTD1","CNTD1",0.0668750757726801,1.02991958516429,0.013,0.006,1
"ZNF554","ZNF554",0.0668776974173599,-0.844369413926008,0.011,0.02,1
"WNT2B","WNT2B",0.0671002918311792,0.660567729047327,0.036,0.024,1
"ZC3H12A","ZC3H12A",0.0671592345438906,0.884628204055852,0.013,0.006,1
"ILK","ILK",0.0671748077703218,-0.147041140960402,0.177,0.205,1
"ARHGAP6","ARHGAP6",0.0672034831437695,0.75447328937476,0.027,0.017,1
"ADORA2B","ADORA2B",0.0673007441802605,-0.177581381910299,0.065,0.083,1
"ANGPT1","ANGPT1",0.0673681967265487,-0.147973180917111,0.125,0.149,1
"ZDHHC8","ZDHHC8",0.067444573040528,0.478698420329837,0.091,0.073,1
"AMBRA1","AMBRA1",0.06747836241651,0.242774435440143,0.409,0.395,1
"CCNYL1","CCNYL1",0.0675294334534142,-0.179156847944442,0.096,0.119,1
"FAXDC2","FAXDC2",0.0675310372362101,-0.103956936015709,0.3,0.34,1
"ZCCHC14","ZCCHC14",0.0675567306177051,0.340435972747701,0.22,0.197,1
"EXOC6","EXOC6",0.0675643431038958,-0.117612405592375,0.184,0.214,1
"PARS2","PARS2",0.0675822644150969,1.01736909237636,0.016,0.008,1
"GLUD2","GLUD2",0.0676466217858092,-0.712542007383833,0.016,0.026,1
"EDARADD","EDARADD",0.0676786614584185,0.661543041915401,0.031,0.02,1
"ZFY","ZFY",0.0677316862401474,-0.602469965899115,0.066,0.083,1
"PSMD4","PSMD4",0.0678129156780068,0.438375642850411,0.13,0.11,1
"C1RL-AS1","C1RL-AS1",0.0678391560492997,-0.776175852032815,0.019,0.029,1
"TRMT1","TRMT1",0.0679195731680092,0.150487639472325,0.09,0.071,1
"MSTO1","MSTO1",0.0679752813439366,-0.267518324206106,0.02,0.031,1
"IRX3","IRX3",0.0679769187120448,0.469244498745512,0.097,0.079,1
"NKAPL","NKAPL",0.0680245504484734,0.592911588781424,0.027,0.017,1
"MRPL28","MRPL28",0.0681267217434479,0.608911898747742,0.042,0.029,1
"MAPKAPK3","MAPKAPK3",0.0682351128970499,0.448374537526,0.047,0.033,1
"SCG2","SCG2",0.0682724732056174,-0.969156898135908,0.016,0.026,1
"ATP6V1B2","ATP6V1B2",0.0682845884000359,-0.174103517609714,0.082,0.102,1
"CDC20-DT","CDC20-DT",0.0683568504511701,-0.92470408714567,0.008,0.015,1
"METTL25B","METTL25B",0.0684114101072698,0.397882159376374,0.096,0.077,1
"ZNF124","ZNF124",0.0685424123968454,0.431390144616298,0.047,0.033,1
"SLC4A3","SLC4A3",0.0686583524809513,0.288301128897724,0.07,0.053,1
"SLC35F3","SLC35F3",0.0686698285519101,1.48210983327807,0.027,0.017,1
"AMN1","AMN1",0.0686776299732659,-0.105168425798179,0.103,0.126,1
"ATRN","ATRN",0.0687069627916527,-0.215020203336368,0.28,0.308,1
"GART","GART",0.0687152781349924,-0.348926981019932,0.066,0.084,1
"PRICKLE2-AS1","PRICKLE2-AS1",0.0687790447674779,1.10842866515912,0.027,0.017,1
"CYREN","CYREN",0.0688256439293966,-0.245919116873306,0.085,0.105,1
"TTLL4","TTLL4",0.0688319833566652,-0.140462588485428,0.156,0.184,1
"PRDM11","PRDM11",0.0688452586299643,-0.305085709794667,0.082,0.102,1
"SLC7A6OS","SLC7A6OS",0.0688912195159069,0.2948883770414,0.109,0.089,1
"ARHGAP11B-DT","ARHGAP11B-DT",0.0689828016408744,-0.395916957803892,0.011,0.02,1
"VPS8","VPS8",0.0690424161661027,0.215271095344854,0.401,0.38,1
"PLD3","PLD3",0.0690510991175925,0.196789486743906,0.315,0.29,1
"ENSG00000262050","ENSG00000262050",0.0690574770990243,0.709086883089031,0.023,0.014,1
"NICOL1","NICOL1",0.0690621552138631,0.412299748142805,0.073,0.057,1
"ENSG00000251652","ENSG00000251652",0.0691451442227574,-0.590042528090517,0.008,0.015,1
"CARMIL3","CARMIL3",0.0691639530812382,-0.538153390306083,0.019,0.029,1
"RIMS2","RIMS2",0.0692751035057245,-0.471268209385369,0.037,0.05,1
"ZNF407-AS1","ZNF407-AS1",0.0692787139037119,-0.247630106291821,0.063,0.082,1
"TSPAN10","TSPAN10",0.0692961388158481,-0.512978757635492,0.008,0.015,1
"ENSG00000269694","ENSG00000269694",0.0693717376052307,-0.716720783469392,0.008,0.015,1
"EIF3B","EIF3B",0.0694348136807278,-0.258413668334377,0.174,0.199,1
"CMBL","CMBL",0.0694597648082552,0.522213393112675,0.075,0.058,1
"LMBR1","LMBR1",0.0694627510596169,-0.141931747841834,0.276,0.312,1
"HSPA14","HSPA14",0.0694916293325048,-0.501497712448096,0.042,0.056,1
"SH3PXD2A","SH3PXD2A",0.0695185634519872,-0.232201899917209,0.049,0.066,1
"PGAP4","PGAP4",0.0695231383808911,-0.529843187685787,0.008,0.015,1
"ENSG00000284626","ENSG00000284626",0.0695366553501695,-1.65541500535432,0.006,0.013,1
"ENSG00000227388","ENSG00000227388",0.0697418879716473,-0.287176583865322,0.044,0.06,1
"CTBP1-DT","CTBP1-DT",0.0697770433813617,0.639758230330727,0.048,0.035,1
"ENSG00000260923","ENSG00000260923",0.0697849934009975,0.755759033047021,0.049,0.036,1
"UBALD2","UBALD2",0.0698286063879544,0.392018599419598,0.087,0.069,1
"LOC105373347","LOC105373347",0.0698647822559624,-0.650523696956516,0.008,0.015,1
"LINC02958","LINC02958",0.0698676017118671,-0.698185757779775,0.019,0.029,1
"IQCH-AS1","IQCH-AS1",0.0698708987010704,-0.20397289917587,0.148,0.175,1
"LINC00645","LINC00645",0.0699750775642187,-0.406957217279263,0.052,0.068,1
"GTF2IRD2","GTF2IRD2",0.0699853776990989,-0.326468823306219,0.094,0.115,1
"P2RX1","P2RX1",0.0700312050979372,0.639597971469512,0.032,0.021,1
"FHOD3","FHOD3",0.070193116208467,0.293189413834413,0.175,0.152,1
"POLR2D","POLR2D",0.0702797614786093,0.570920740295533,0.042,0.03,1
"IRF2BP1","IRF2BP1",0.0703575788694993,0.76183044667874,0.019,0.011,1
"ENSG00000251298","ENSG00000251298",0.0703624062570797,-0.477110694765909,0.014,0.023,1
"TCHP","TCHP",0.070450879979265,0.331586866722086,0.181,0.158,1
"ENSG00000255886","ENSG00000255886",0.0704579002835305,0.490403555220721,0.054,0.039,1
"PPP1CC","PPP1CC",0.0705378832306768,0.37227099891225,0.186,0.163,1
"LUC7L","LUC7L",0.0705631914886607,-0.125350360743672,0.282,0.318,1
"ZNF460-AS1","ZNF460-AS1",0.0705698073170187,0.347907688558303,0.092,0.073,1
"DHX34","DHX34",0.0705707635100417,0.50615981275607,0.094,0.076,1
"GRID2IP","GRID2IP",0.0706074017959243,-0.278667743357311,0.014,0.023,1
"BNIP3","BNIP3",0.0706901625369912,-0.293297732212351,0.216,0.242,1
"SPIRE2","SPIRE2",0.0706950721217096,0.457662245378245,0.087,0.069,1
"PFDN6","PFDN6",0.0707340268172452,0.668545525928804,0.037,0.025,1
"ZFP2","ZFP2",0.0709413114068204,-0.143417726146835,0.07,0.09,1
"PGP","PGP",0.0709548802872133,0.456320660983665,0.124,0.104,1
"PAQR4","PAQR4",0.071134191422864,-1.11701415377579,0.01,0.018,1
"RIOK1","RIOK1",0.0712747935175768,0.41291043444832,0.047,0.033,1
"ZNF235","ZNF235",0.0713277444950877,0.382308148802818,0.216,0.194,1
"ZNF461","ZNF461",0.0713312806184407,-0.190923926878856,0.059,0.077,1
"PPP2CB","PPP2CB",0.0713495445416011,0.251287217922885,0.41,0.395,1
"XPO5","XPO5",0.0713713656120623,0.186625964461094,0.143,0.119,1
"TBC1D3D","TBC1D3D",0.0713973542740505,-1.58855439258176,0.005,0.011,1
"STAM2","STAM2",0.0714182652032075,-0.146880868608455,0.188,0.216,1
"ENSG00000231770","ENSG00000231770",0.0714448467999974,-0.364075380330499,0.024,0.035,1
"LINC02951","LINC02951",0.0714904735618513,-0.20087973011816,0.016,0.026,1
"SLC45A4","SLC45A4",0.0715183861342258,-0.304241033638536,0.024,0.035,1
"ENSG00000283480","ENSG00000283480",0.0715210058323117,1.66629332445065,0.011,0.005,1
"PIK3C2G","PIK3C2G",0.071529152367265,-1.03217516833702,0.012,0.021,1
"GFER","GFER",0.0715917744367817,-1.0067604534778,0.01,0.018,1
"ENSG00000268352","ENSG00000268352",0.0717219469404459,-0.933537652255488,0.006,0.013,1
"PEX3","PEX3",0.071766415187905,-0.374919224841434,0.144,0.167,1
"RLBP1","RLBP1",0.0717852026049586,-0.862038086094538,0.006,0.013,1
"KCNH2","KCNH2",0.0717881573670915,0.770944295767687,0.032,0.021,1
"CYBA","CYBA",0.0718058522101992,1.47888690782003,0.011,0.005,1
"ZBTB17","ZBTB17",0.071823151468657,0.402479871366307,0.064,0.048,1
"RPF1","RPF1",0.0718519019522326,0.686837256942521,0.037,0.026,1
"ZSCAN23","ZSCAN23",0.0719091637919901,-0.456746064961321,0.05,0.066,1
"MYLIP","MYLIP",0.0719452906067994,0.503037181024943,0.056,0.041,1
"CEBPA","CEBPA",0.0719486235344551,1.26526703606679,0.011,0.005,1
"PRPS1","PRPS1",0.0719721537275877,-0.647601381133542,0.022,0.033,1
"WWC1","WWC1",0.0720130719862001,0.102517634752493,0.74,0.727,1
"CDK2AP2","CDK2AP2",0.0720545707793805,0.289026069914707,0.052,0.038,1
"EMC8","EMC8",0.0721608410135368,-0.272147414565571,0.072,0.091,1
"DPYSL4","DPYSL4",0.0721793027258797,0.602200648088021,0.027,0.017,1
"ENSG00000231846","ENSG00000231846",0.0722167838743481,-0.416042070580271,0.022,0.033,1
"SLC15A4","SLC15A4",0.0722868849108594,-0.376853288964767,0.071,0.089,1
"RNF111","RNF111",0.0722897202218985,0.249877303612266,0.29,0.265,1
"NCBP2","NCBP2",0.0724268078993656,-0.34250028216001,0.033,0.046,1
"NIPSNAP3B","NIPSNAP3B",0.0725052848601935,-0.514977337586608,0.006,0.013,1
"EXOSC4","EXOSC4",0.072547826132132,-0.275679144192536,0.006,0.013,1
"APBA1","APBA1",0.0725584906546992,-0.199888578921418,0.194,0.223,1
"ZDHHC4","ZDHHC4",0.0726289999279099,-0.751681593505604,0.019,0.03,1
"ENSG00000263146","ENSG00000263146",0.0726579501334483,0.219020344471064,0.171,0.147,1
"DLG1","DLG1",0.0726923930216667,-0.143164937830639,0.459,0.497,1
"POLA1","POLA1",0.072698232661883,-0.176163659751717,0.225,0.254,1
"LINC00880","LINC00880",0.0727554144163177,-0.74941510197063,0.014,0.024,1
"BRIP1","BRIP1",0.072908028953207,-0.834781636927036,0.012,0.021,1
"ATP11A","ATP11A",0.0729503513980587,-0.121611484313724,0.149,0.177,1
"ENSG00000271259","ENSG00000271259",0.0729545457248486,0.813226460128516,0.011,0.005,1
"RFESD","RFESD",0.0729775576622471,1.23598516219341,0.016,0.009,1
"ZNF138","ZNF138",0.073024378572971,-0.114853887267762,0.151,0.178,1
"UBE2R2-AS1","UBE2R2-AS1",0.0730507395151066,-0.531504066864271,0.01,0.018,1
"UBE2J1","UBE2J1",0.0730631876457448,-0.144388119429167,0.113,0.137,1
"CPNE9","CPNE9",0.073280166063522,1.0638355928197,0.016,0.009,1
"PEA15","PEA15",0.0732957496680434,0.416149593015576,0.222,0.202,1
"GALNT2","GALNT2",0.0733669776442085,0.267660155710207,0.391,0.368,1
"XPO7","XPO7",0.0734021719335207,-0.109432039981086,0.212,0.242,1
"MSANTD4","MSANTD4",0.0734315039520615,-0.134722510929078,0.123,0.147,1
"BCAS4","BCAS4",0.0734755237376801,-0.213635148945905,0.08,0.1,1
"SAMD10","SAMD10",0.0734823264965591,-0.328588160715347,0.01,0.018,1
"MDC1-AS1","MDC1-AS1",0.0735532309709652,-0.500050915470926,0.005,0.011,1
"RAB22A","RAB22A",0.073584844759859,0.242381491303308,0.167,0.142,1
"CLCN4","CLCN4",0.0736219408254201,0.626652915414685,0.102,0.084,1
"NDUFAF5","NDUFAF5",0.0737030574149018,-0.140111420834318,0.135,0.162,1
"PAX8","PAX8",0.0737907398731339,-0.128617732416783,0.005,0.011,1
"ELAVL1","ELAVL1",0.0738301479003997,0.272856214892799,0.174,0.151,1
"TMEM128","TMEM128",0.0740292715764601,-0.3469379259896,0.03,0.043,1
"ENSG00000266368","ENSG00000266368",0.0742195779506802,-0.360548542226968,0.034,0.047,1
"GAA","GAA",0.0742322769209623,-0.114437539816295,0.123,0.147,1
"CCDC102A","CCDC102A",0.0742324390206612,0.855634798170226,0.016,0.009,1
"IL17RC","IL17RC",0.0742633763509946,0.280151522134713,0.216,0.191,1
"MIB2","MIB2",0.0743509051068464,0.435146747525191,0.158,0.138,1
"LINC00571","LINC00571",0.0743743533824154,-0.397221455257668,0.014,0.024,1
"ZNF621","ZNF621",0.0743813688840761,-0.177291002732057,0.177,0.205,1
"CCM2","CCM2",0.0744015479509006,-0.163969655279367,0.166,0.192,1
"ADPRS","ADPRS",0.0745036151797786,0.484551427298613,0.057,0.043,1
"LARP7","LARP7",0.07456831121625,0.362742986477338,0.202,0.18,1
"RAD21","RAD21",0.0745774379311494,0.337613739087922,0.146,0.124,1
"DHRS7","DHRS7",0.0745875087382546,0.498517463116484,0.084,0.067,1
"SSC5D","SSC5D",0.0746212388730913,-0.393897416068422,0.022,0.033,1
"ATP2B1","ATP2B1",0.0747183663122205,-0.234339634321117,0.216,0.246,1
"CCNQ","CCNQ",0.0747521049799404,-0.460442270975351,0.014,0.024,1
"GPR3","GPR3",0.0749062509184285,1.1837945528036,0.014,0.007,1
"KDM2A","KDM2A",0.0750562662826605,0.16607135306335,0.5,0.485,1
"RETREG1","RETREG1",0.0750917293486818,0.353828142161361,0.265,0.245,1
"DISC1","DISC1",0.0751028422942799,-0.396392141452737,0.016,0.026,1
"ENSG00000235513","ENSG00000235513",0.0751387932031007,0.552782518132397,0.05,0.037,1
"KDM4D","KDM4D",0.0753223748902722,-0.650188865743353,0.012,0.021,1
"KHDC1","KHDC1",0.0753417925869906,-0.386540740646625,0.016,0.026,1
"CREB1","CREB1",0.0753826551046452,-0.146087387332559,0.225,0.254,1
"INPP5J","INPP5J",0.0754180298789675,0.859264918515055,0.02,0.012,1
"EFEMP1","EFEMP1",0.0754893457151236,-0.110856010574108,0.759,0.772,1
"PARP4","PARP4",0.0755529827599225,-0.124513474975284,0.124,0.149,1
"EFNB2","EFNB2",0.0755767555246913,0.528636130158336,0.069,0.053,1
"CSTF1","CSTF1",0.0755941098352923,-0.60523713718567,0.022,0.033,1
"ENSG00000230606","ENSG00000230606",0.0756312708782593,-0.154351808794376,0.112,0.134,1
"DUSP19","DUSP19",0.0756389204647441,0.961857227247687,0.014,0.007,1
"SP2-AS1","SP2-AS1",0.0756440585780644,-0.380730477785428,0.031,0.044,1
"KHSRP","KHSRP",0.075751359591325,0.353361594112565,0.122,0.102,1
"SFSWAP","SFSWAP",0.0758453415328325,-0.100671072894505,0.32,0.36,1
"SNRNP25","SNRNP25",0.0759570080515742,-0.384749781724454,0.025,0.037,1
"UNC13C","UNC13C",0.0759864570678545,-0.411017566414129,0.039,0.053,1
"ENSG00000276256","ENSG00000276256",0.0760932032373392,-0.484632236227284,0.042,0.057,1
"RHBDL3","RHBDL3",0.0761099622260762,-0.201041760023596,0.399,0.436,1
"DUSP12","DUSP12",0.0761168677163634,0.486417794748656,0.037,0.026,1
"ANKRD10","ANKRD10",0.0762816227576374,0.193970694278224,0.44,0.423,1
"METTL3","METTL3",0.0763084935664806,0.497780644760838,0.09,0.073,1
"TCF25","TCF25",0.0763243594281544,0.199433060286305,0.478,0.467,1
"NAALAD2","NAALAD2",0.0763409217629259,-0.379775238874981,0.068,0.086,1
"ZNF704","ZNF704",0.0764818392857453,-0.137702151701099,0.328,0.363,1
"MID2","MID2",0.076729887838685,-0.16810577169865,0.058,0.075,1
"APPL1","APPL1",0.0767769532221616,-0.205276288561002,0.135,0.16,1
"NAGPA","NAGPA",0.0770446704305993,0.215209905419317,0.032,0.021,1
"MYCBPAP","MYCBPAP",0.077051250917437,-0.568890273448678,0.036,0.049,1
"TMUB1","TMUB1",0.0771425937760951,0.362206296776095,0.065,0.049,1
"IER5","IER5",0.0772097665031004,0.444628004827274,0.014,0.007,1
"SLC30A5","SLC30A5",0.0773217557447103,-0.196966310394301,0.098,0.12,1
"TTF2","TTF2",0.0774033613859122,-0.22810023812927,0.085,0.104,1
"FLNA","FLNA",0.0774395307434312,0.217932257755145,0.238,0.212,1
"TASOR","TASOR",0.077673885737007,-0.121245674771019,0.224,0.257,1
"RFWD3","RFWD3",0.0776763245849582,-0.413693148529029,0.054,0.07,1
"AK9","AK9",0.0777020505756875,0.239192388105826,0.135,0.113,1
"UBL3","UBL3",0.0777217054466836,-0.108124792612359,0.306,0.342,1
"SIRT3","SIRT3",0.0778054149534092,0.424748141313712,0.114,0.095,1
"PIN4","PIN4",0.0778094156984855,-0.164120460564006,0.092,0.113,1
"KCNE5","KCNE5",0.0778385999498978,-0.879044890412636,0.009,0.016,1
"NIFK","NIFK",0.0778586267678049,-0.704244122190193,0.023,0.034,1
"NEXN","NEXN",0.077911993319022,-0.101872280215356,0.046,0.062,1
"IGHMBP2","IGHMBP2",0.0779525296499034,0.452611533704201,0.067,0.052,1
"SLC29A1","SLC29A1",0.0780137992278479,0.967231444979663,0.029,0.019,1
"CC2D1B","CC2D1B",0.0780522120687758,-0.306822524960148,0.054,0.071,1
"FZD3","FZD3",0.0781418419861713,0.188724578709112,0.323,0.3,1
"TCOF1","TCOF1",0.0781582283719113,0.348929570722619,0.064,0.048,1
"ZNF784","ZNF784",0.0781620305145297,-0.704146439491066,0.009,0.016,1
"COX7B","COX7B",0.0782773296215336,-0.13251261399199,0.099,0.121,1
"MLLT10","MLLT10",0.0783339338747585,-0.107323926414641,0.596,0.624,1
"COPZ2","COPZ2",0.0783432383785491,0.805478608024908,0.041,0.029,1
"RIOK2","RIOK2",0.0783548184554458,-0.432549896157056,0.025,0.037,1
"TSPAN33","TSPAN33",0.0783866052500277,0.672197387635194,0.053,0.039,1
"LARS1","LARS1",0.0784329582152622,0.320473400955708,0.2,0.178,1
"ENSG00000235381","ENSG00000235381",0.0784459289466851,-0.649202856514529,0.009,0.016,1
"METTL22","METTL22",0.0784818464126757,0.248008162842079,0.074,0.057,1
"CEACAM19","CEACAM19",0.0786074040768724,0.720124034008621,0.029,0.019,1
"SLC10A6","SLC10A6",0.078608533057576,-0.690613604223347,0.009,0.016,1
"PIR","PIR",0.0786164455249713,0.174615904321002,0.339,0.311,1
"PRPF8","PRPF8",0.0787836136496758,-0.144241948715603,0.177,0.206,1
"ELMOD2","ELMOD2",0.0789027373514101,-0.123666689326988,0.133,0.158,1
"TTTY14","TTTY14",0.0789043174625169,0.168841458273394,0.497,0.478,1
"TAF5L","TAF5L",0.0789992468036854,0.541882104723647,0.062,0.047,1
"MID1","MID1",0.0790105791456654,-0.100964707431489,0.349,0.39,1
"PDCD4","PDCD4",0.0790325178534914,-0.154550622650057,0.115,0.138,1
"GLI2","GLI2",0.0790462723536526,-0.103874942430661,0.318,0.355,1
"ENSG00000253133","ENSG00000253133",0.0790790856827506,-0.511062167453245,0.02,0.03,1
"PINLYP","PINLYP",0.0791772222291091,0.920912093857407,0.04,0.028,1
"PCBP3","PCBP3",0.0792039931029592,0.371472980783087,0.059,0.044,1
"TRUB2","TRUB2",0.0793446086250933,0.535450132878451,0.039,0.028,1
"CPNE8","CPNE8",0.0793522356013409,-0.132962649469334,0.367,0.401,1
"MED16","MED16",0.0794156283373793,0.472922652178408,0.059,0.045,1
"ENSG00000269514","ENSG00000269514",0.079543291104045,-0.662599721045328,0.015,0.024,1
"USP2","USP2",0.0795610598663839,-0.217035824929491,0.156,0.18,1
"SLIT2","SLIT2",0.0796213423296323,-0.895411115306531,0.013,0.021,1
"SMAP2","SMAP2",0.0797146200898462,-0.304803288563811,0.05,0.066,1
"C1orf54","C1orf54",0.0797189717887454,-0.149419714790117,0.146,0.171,1
"CERS2","CERS2",0.0797449218941166,-0.381644017962849,0.047,0.062,1
"NBDY","NBDY",0.0798025076155269,-0.162317910737297,0.186,0.213,1
"ZNF738","ZNF738",0.0799051518059142,-0.409967452353182,0.029,0.041,1
"SLC1A1","SLC1A1",0.0799783477846145,-0.332258239810058,0.017,0.027,1
"COX17","COX17",0.0801516518330629,0.436455098172231,0.052,0.038,1
"ENSG00000258455","ENSG00000258455",0.0802185990922564,0.958112531096419,0.025,0.016,1
"WDR35-DT","WDR35-DT",0.0802910879141148,-0.268276224048074,0.009,0.016,1
"DCBLD2","DCBLD2",0.0803115913609963,-0.120767065014901,0.12,0.144,1
"NAA11","NAA11",0.0805256625733558,0.455055864486251,0.102,0.084,1
"COL4A6","COL4A6",0.0805441346474037,-0.465564929283805,0.023,0.034,1
"NSD2","NSD2",0.0805623092024507,0.214144267420031,0.325,0.303,1
"HIKESHI","HIKESHI",0.0805691019654752,-0.275516169701997,0.095,0.115,1
"USP39","USP39",0.0806163600940371,0.298329440076035,0.213,0.189,1
"LOC105372266","LOC105372266",0.0806341079123292,-1.38740795199839,0.007,0.014,1
"ENSG00000281332","ENSG00000281332",0.0806717594579073,0.771159188479499,0.017,0.01,1
"EDRF1-DT","EDRF1-DT",0.0807058737176992,-0.199515728162589,0.009,0.016,1
"C2","C2",0.0807423047670519,-0.580344633195679,0.013,0.021,1
"C1GALT1C1","C1GALT1C1",0.08077408203872,-0.661164524077962,0.011,0.019,1
"BPNT1","BPNT1",0.0807863821781629,-0.488014405221443,0.032,0.045,1
"MOCS1","MOCS1",0.0808782280175381,-0.329894215680118,0.068,0.086,1
"TFDP1","TFDP1",0.0808806030363402,-0.285480402998091,0.054,0.071,1
"DTYMK","DTYMK",0.0808825489857495,0.405831852432194,0.044,0.032,1
"ATXN2","ATXN2",0.0809747874541802,0.102436209418557,0.72,0.706,1
"ZNF273","ZNF273",0.081009309471261,0.390555639415125,0.27,0.253,1
"HNRNPA3","HNRNPA3",0.0810248630659695,0.287087825724455,0.386,0.372,1
"STAG2","STAG2",0.0810304032201321,-0.108001773358244,0.272,0.302,1
"LRRC75B","LRRC75B",0.0810326326177707,-0.276053624346052,0.05,0.066,1
"PPIG","PPIG",0.0812231259584685,-0.15521728997487,0.23,0.261,1
"ZNF596","ZNF596",0.081295283421998,-0.519946162015268,0.044,0.059,1
"APOO","APOO",0.0814282809790811,-0.105466861771643,0.203,0.233,1
"RAPGEF6","RAPGEF6",0.0814722266489531,-0.702636885908253,0.018,0.028,1
"SLC47A2","SLC47A2",0.0814990322501761,-0.744027947152356,0.011,0.019,1
"LAMA5","LAMA5",0.0815277209332897,0.34037840208395,0.13,0.109,1
"MRGBP","MRGBP",0.081566380256781,0.420304206887902,0.034,0.023,1
"SLC35C1","SLC35C1",0.0815798806374265,-1.00444210209323,0.007,0.014,1
"ENSG00000260018","ENSG00000260018",0.0816251409988556,-1.03641596185656,0.007,0.014,1
"ZCCHC3","ZCCHC3",0.0816436205750213,0.58197282211908,0.04,0.028,1
"NFATC2IP","NFATC2IP",0.081657986209825,-0.120426273287387,0.163,0.189,1
"MTTP","MTTP",0.0816613075089448,-0.292859889324285,0.046,0.061,1
"SMARCA4","SMARCA4",0.0817313722529258,0.276938952547867,0.272,0.248,1
"C2CD2L","C2CD2L",0.0817386362351554,0.640062858400239,0.057,0.044,1
"ENSG00000237844","ENSG00000237844",0.0817674464496312,-0.696508357637405,0.011,0.019,1
"ENSG00000268069","ENSG00000268069",0.0818063862179092,-0.885240739794012,0.007,0.014,1
"JAK2","JAK2",0.0819037072654716,-0.260537264617871,0.172,0.198,1
"PMEPA1","PMEPA1",0.0819433131686811,0.499993591121037,0.13,0.111,1
"ZNF789","ZNF789",0.0820230157748468,0.484783235962288,0.12,0.102,1
"POM121","POM121",0.0820299657946256,-0.109887837748321,0.218,0.248,1
"ZNF793-AS1","ZNF793-AS1",0.0820334016925207,-1.05116521832329,0.007,0.014,1
"ENSG00000272146","ENSG00000272146",0.0821136037107727,-0.553545039213643,0.011,0.019,1
"ARHGAP33","ARHGAP33",0.0821167855151789,-0.677616221336491,0.03,0.042,1
"SBNO1-AS1","SBNO1-AS1",0.0821190214832748,-0.304183481666596,0.015,0.024,1
"FARSA","FARSA",0.0821394732541525,0.231012926416502,0.066,0.05,1
"SLC25A35","SLC25A35",0.0821946012361314,0.494836680707086,0.053,0.039,1
"ILF3-DT","ILF3-DT",0.0822466840338273,-0.168136756848448,0.102,0.123,1
"CFTR","CFTR",0.082304518023322,-0.392924779843756,0.013,0.021,1
"CUTA","CUTA",0.0824030512465925,0.503968629412404,0.047,0.034,1
"PWWP2B","PWWP2B",0.0824203830873518,0.879119303338667,0.025,0.016,1
"ENSG00000253636","ENSG00000253636",0.0825560176670032,0.529043104284666,0.041,0.029,1
"JOSD1","JOSD1",0.0827255630848816,0.237457738179715,0.103,0.084,1
"PRKAG1","PRKAG1",0.0828911598168462,-0.25506905633652,0.12,0.142,1
"ANKS1A","ANKS1A",0.0829164915791463,0.299868236324134,0.325,0.304,1
"DHODH","DHODH",0.0829275091639433,-0.532873777251725,0.024,0.035,1
"PTPRF","PTPRF",0.0830177122098226,-0.193941193283392,0.326,0.356,1
"CYP11A1","CYP11A1",0.083022145547232,-0.270765853670848,0.023,0.034,1
"TMEM216","TMEM216",0.0830224504849526,0.566029849143348,0.055,0.041,1
"TMEM179B","TMEM179B",0.0830826583470981,0.602195852829591,0.082,0.066,1
"ENSG00000234915","ENSG00000234915",0.0831789448562298,0.478955438861707,0.082,0.066,1
"MMS19","MMS19",0.0832489028486874,-0.19081058523614,0.199,0.227,1
"TAF1A-AS1","TAF1A-AS1",0.0832553904504388,1.16776809302515,0.011,0.006,1
"LRRC3B","LRRC3B",0.0835422959329784,0.145646368587058,0.269,0.239,1
"NDUFS6","NDUFS6",0.083593128972917,0.433878964748139,0.086,0.069,1
"ST3GAL3-AS1","ST3GAL3-AS1",0.0836156630915005,1.20145678507221,0.011,0.006,1
"ENSG00000263847","ENSG00000263847",0.0836349680430818,1.20011202246245,0.014,0.008,1
"DDX54","DDX54",0.0836567163073321,-0.267895734530034,0.029,0.041,1
"RWDD4","RWDD4",0.0837247979405672,0.424735780929375,0.062,0.047,1
"MPND","MPND",0.0837713455697369,1.04577822376748,0.014,0.008,1
"AURKC","AURKC",0.0838220977361548,1.19646206991897,0.011,0.006,1
"LRRTM3","LRRTM3",0.0839385031204073,0.220437658417535,0.029,0.019,1
"UBR5","UBR5",0.0839981276848765,-0.112031896167971,0.675,0.71,1
"BMF","BMF",0.0840807247371378,0.945885488141999,0.011,0.006,1
"ENSG00000226386","ENSG00000226386",0.0842388447600079,-0.603065607762905,0.007,0.014,1
"ENSG00000228536","ENSG00000228536",0.0843186572613983,0.97310192094279,0.014,0.008,1
"LIPH","LIPH",0.0843186572613983,0.891594685848463,0.014,0.008,1
"ENSG00000271653","ENSG00000271653",0.0843399956478244,0.914439271108313,0.011,0.006,1
"SMIM14","SMIM14",0.084369610520742,0.243413392632524,0.224,0.201,1
"BHLHE40-AS1","BHLHE40-AS1",0.0843824353304428,-0.433027802110165,0.033,0.046,1
"SOX2","SOX2",0.0844323035710106,-0.101794160796307,0.46,0.492,1
"TMEM86A","TMEM86A",0.0844945863123422,-0.51545818754306,0.007,0.014,1
"TMEM63B","TMEM63B",0.084495583478147,0.444662765394406,0.139,0.12,1
"RILPL2","RILPL2",0.0845123693073043,0.490206544956517,0.075,0.059,1
"ENSG00000243762","ENSG00000243762",0.0846204868280665,0.985519051465406,0.022,0.013,1
"EIF5A","EIF5A",0.0846532722533913,0.651000753882362,0.042,0.03,1
"RPIA","RPIA",0.084668461244437,-0.238319346199991,0.035,0.048,1
"OTUD5","OTUD5",0.0847079685780742,-0.154773564220425,0.148,0.172,1
"ADCY5","ADCY5",0.0847640396427582,0.659371531909779,0.065,0.05,1
"SCN3B","SCN3B",0.0848083134149153,0.837688104389745,0.011,0.006,1
"CRELD2","CRELD2",0.08486839953519,0.259270917371145,0.066,0.05,1
"ENSG00000284041","ENSG00000284041",0.0848688590738893,0.687146014689043,0.014,0.008,1
"SYTL3","SYTL3",0.0849136542569828,0.853147640600948,0.022,0.013,1
"ZNF430","ZNF430",0.0849184076431055,-0.171974208581678,0.119,0.142,1
"SLC75A1","SLC75A1",0.084942070980967,0.306738876290255,0.117,0.098,1
"ENSG00000267173","ENSG00000267173",0.0849608410700138,0.841165283811446,0.014,0.008,1
"PLCD3","PLCD3",0.0850355162286244,0.305015367408656,0.247,0.225,1
"KCNB2","KCNB2",0.0850416757563789,-1.45250115656865,0.006,0.012,1
"NUDT16","NUDT16",0.0850516001845827,-0.405027790531703,0.027,0.038,1
"ENSG00000232298","ENSG00000232298",0.0850529036749936,0.763291933640558,0.014,0.008,1
"ADRA1B","ADRA1B",0.0850929092017482,-1.26994331757625,0.006,0.012,1
"CLDN5","CLDN5",0.0851004716970746,-0.617213442135621,0.023,0.034,1
"SPINK8","SPINK8",0.0851260699595603,-1.60707803047733,0.004,0.01,1
"PRDX5","PRDX5",0.0851427661539528,0.335169945132846,0.07,0.055,1
"LINC02345","LINC02345",0.0852406566549345,-1.37583923120586,0.004,0.01,1
"ENSG00000261326","ENSG00000261326",0.0853043881502563,0.324580086870216,0.059,0.044,1
"FLYWCH1-AS1","FLYWCH1-AS1",0.085349450939045,-1.17373584577528,0.006,0.012,1
"SETD1B","SETD1B",0.08538055197261,0.354092858869996,0.072,0.057,1
"HMOX2","HMOX2",0.0854704040253695,-0.499870338459839,0.059,0.075,1
"CD74","CD74",0.0854765671198682,0.364866615786795,0.03,0.02,1
"FBXO22","FBXO22",0.0855340740402954,-0.138116439385777,0.125,0.149,1
"ZC3H4","ZC3H4",0.0855781456349297,-0.396189360320867,0.076,0.094,1
"CA13","CA13",0.0856393867628816,-0.135961671523503,0.06,0.077,1
"SYP","SYP",0.0856431062771743,0.223890646117677,0.077,0.061,1
"ICE2","ICE2",0.0857414189260859,-0.124312795470376,0.19,0.219,1
"ENSG00000256152","ENSG00000256152",0.0857612179760923,-1.10739203145482,0.006,0.012,1
"LINC02803","LINC02803",0.085870454525507,0.415094894874628,0.046,0.033,1
"ATOH8","ATOH8",0.0858707664695599,0.180406035929427,0.134,0.111,1
"ENSG00000251567","ENSG00000251567",0.0859160439053874,-0.919028516940165,0.006,0.012,1
"ENSG00000228351","ENSG00000228351",0.0860193866055905,-0.875723870923961,0.006,0.012,1
"MOXD1","MOXD1",0.0860193866055905,-1.04401448064314,0.006,0.012,1
"FBXL19","FBXL19",0.0860451314268723,0.61738847411347,0.059,0.045,1
"ARFIP1","ARFIP1",0.0861372518761766,-0.122979171859653,0.214,0.243,1
"ENSG00000250761","ENSG00000250761",0.0862040980772368,0.614335197139875,0.074,0.059,1
"EZH1","EZH1",0.086238335900902,0.204792093101046,0.28,0.254,1
"SERPINI1","SERPINI1",0.0863534115153114,-0.125159556243108,0.085,0.105,1
"TASOR2","TASOR2",0.0864257754144362,0.15298943230407,0.323,0.293,1
"ENSG00000269921","ENSG00000269921",0.0864856722153765,-0.85909006855139,0.006,0.012,1
"SNHG8","SNHG8",0.0865118442204004,-0.659784130327683,0.019,0.028,1
"TRIM47","TRIM47",0.0868155324537866,0.363145757777865,0.214,0.192,1
"SSR3","SSR3",0.0868167550888939,0.250054508595318,0.174,0.151,1
"TAC4","TAC4",0.0868766953240903,0.583919147011819,0.022,0.013,1
"SORCS1","SORCS1",0.0868877057925369,-0.266564230765772,0.021,0.031,1
"SLC26A11","SLC26A11",0.0869041681607038,0.478295049826691,0.151,0.132,1
"MAP3K15","MAP3K15",0.0869162199469659,-0.767794726936629,0.004,0.01,1
"DENND2C","DENND2C",0.0869881164813077,-0.369676138504852,0.016,0.025,1
"ZNF585B","ZNF585B",0.0870327492572864,-0.73382406988002,0.004,0.01,1
"CXCL17","CXCL17",0.0870327492572864,-0.516455522981228,0.004,0.01,1
"DCAF10","DCAF10",0.087051248274994,0.213900092593814,0.368,0.347,1
"CCDC51","CCDC51",0.0870910611833599,-0.833274279349506,0.004,0.01,1
"CENPE","CENPE",0.0870910611833599,-0.937378678230576,0.004,0.01,1
"ENSG00000263884","ENSG00000263884",0.0870910611833599,-0.880277572001142,0.004,0.01,1
"ENSG00000269814","ENSG00000269814",0.0871394450037438,0.966905529523069,0.018,0.01,1
"ENSG00000239445","ENSG00000239445",0.0872150605706934,-0.32468842436287,0.006,0.012,1
"CABP1","CABP1",0.087266186179885,-0.82185795080964,0.004,0.01,1
"NR1I2","NR1I2",0.0874415952394962,-0.499846115643749,0.004,0.01,1
"PXMP4","PXMP4",0.087454994437697,-0.272110786847677,0.033,0.046,1
"ARPC3","ARPC3",0.0874987985709577,-0.189862730891263,0.119,0.142,1
"ENSG00000260572","ENSG00000260572",0.0875001281035234,-0.59230521391625,0.004,0.01,1
"AZI2","AZI2",0.0875336579390861,-0.201580975794908,0.109,0.131,1
"RALY-AS1","RALY-AS1",0.0875879846904522,-0.4752235812778,0.004,0.01,1
"ERICH6","ERICH6",0.0876172886651292,-0.422290739818874,0.004,0.01,1
"TRIM32","TRIM32",0.0876374904334655,0.689541767412929,0.018,0.01,1
"NLRP1","NLRP1",0.0876562369267077,-0.405121212149134,0.064,0.08,1
"XYLB","XYLB",0.0877112122874599,-0.351987357725917,0.057,0.073,1
"GINS1","GINS1",0.087734575746263,-0.668163549508355,0.004,0.01,1
"ENSG00000197099","ENSG00000197099",0.0877390853780399,-0.356240508088255,0.006,0.012,1
"NPIPA6","NPIPA6",0.0877932667596992,-0.812098006361216,0.004,0.01,1
"VCL","VCL",0.0878415008077602,-0.120468481260261,0.226,0.256,1
"SOCS7","SOCS7",0.0879847502513061,0.270686050445871,0.172,0.15,1
"ELP2","ELP2",0.0882708805907184,-0.105572051474866,0.216,0.248,1
"LYN","LYN",0.0884021302053183,-0.733450122771106,0.009,0.017,1
"SLC7A14","SLC7A14",0.0884998937904746,-0.585248918942378,0.014,0.022,1
"SARS1","SARS1",0.0885253065242099,0.419799113278463,0.106,0.088,1
"LAMB1","LAMB1",0.0885371046325371,-0.494455898007122,0.014,0.022,1
"PHYHIP","PHYHIP",0.0885860055451754,0.350237249970384,0.084,0.067,1
"HID1","HID1",0.0886022556862272,-0.715690000861798,0.011,0.019,1
"MLST8","MLST8",0.0886045921687057,0.483188707101582,0.058,0.044,1
"CREB3L2","CREB3L2",0.0887996879108833,0.319013641452522,0.181,0.158,1
"MRPS11","MRPS11",0.0888386681402631,0.482835486955968,0.103,0.085,1
"ENSG00000273487","ENSG00000273487",0.0889768444123678,0.776214258326965,0.018,0.01,1
"PPM1L","PPM1L",0.0891469744101777,-0.178162267785684,0.566,0.578,1
"ENSG00000232633","ENSG00000232633",0.0892467588132727,-0.672524440469722,0.032,0.044,1
"ZNF107","ZNF107",0.0893108586281144,-0.164598548337288,0.077,0.095,1
"RBM10","RBM10",0.0894531351959201,0.357274923102198,0.181,0.159,1
"B3GALT6","B3GALT6",0.0894958880196395,-0.311935862982593,0.009,0.017,1
"STK38","STK38",0.089505625315317,0.309813929151029,0.206,0.185,1
"ENO3","ENO3",0.0895180300833505,0.871468151368051,0.027,0.017,1
"ATP5F1E","ATP5F1E",0.0895841730123802,0.399421549071081,0.163,0.142,1
"BARD1","BARD1",0.089588532821696,-0.207053528667637,0.138,0.16,1
"ECD","ECD",0.0898123361266128,-0.271190567290489,0.092,0.112,1
"REL","REL",0.0898369829753723,0.465077392516847,0.09,0.074,1
"ITGB1BP1","ITGB1BP1",0.0898822958891249,0.232817182313711,0.146,0.124,1
"TBC1D13","TBC1D13",0.0899461328184062,0.497437947085319,0.097,0.08,1
"LINC02021","LINC02021",0.0900783811521458,-0.473694917435505,0.027,0.039,1
"NAF1","NAF1",0.0900877070752824,0.320247881942778,0.214,0.194,1
"UBAP1","UBAP1",0.0901422572134003,-0.171999221836389,0.295,0.328,1
"DHX35","DHX35",0.0901638426022964,-0.331428283537584,0.103,0.122,1
"PPFIA2-AS2","PPFIA2-AS2",0.0901739028058315,0.381967839963496,0.049,0.036,1
"C8orf34","C8orf34",0.0902352069299199,0.958901506790901,0.068,0.054,1
"NXT2","NXT2",0.0902458487025146,-0.142438269055691,0.009,0.017,1
"ENSG00000260093","ENSG00000260093",0.0904138230067685,0.937228351452553,0.022,0.014,1
"SLC25A15","SLC25A15",0.0906635124954066,-0.322905946997001,0.011,0.019,1
"HTATIP2","HTATIP2",0.090687068478178,0.409076035502712,0.042,0.03,1
"ELF1","ELF1",0.090726860950633,0.142108131809641,0.328,0.304,1
"CCT8","CCT8",0.0907447175858062,0.495113233530092,0.067,0.053,1
"COQ10A","COQ10A",0.0907804549598412,-0.493577512788126,0.031,0.043,1
"PDE4A","PDE4A",0.0909327270298546,-0.656363382461144,0.016,0.026,1
"ENSG00000257681","ENSG00000257681",0.0909830379672429,0.964701079962222,0.022,0.014,1
"GRWD1","GRWD1",0.0910242674745406,1.43969603778254,0.015,0.008,1
"TMEM219","TMEM219",0.09103142827086,-0.251149637134388,0.096,0.115,1
"COPS4","COPS4",0.0910974932759033,-0.183228710367234,0.092,0.111,1
"ARHGEF28","ARHGEF28",0.0911333994872071,0.616841932371024,0.027,0.017,1
"ATAD3A","ATAD3A",0.0912478284641394,0.389500873371478,0.077,0.061,1
"AURKAIP1","AURKAIP1",0.0913001670622202,-0.32887263447046,0.042,0.056,1
"ZNF382","ZNF382",0.0913918707879657,-0.243077695929629,0.075,0.093,1
"PSMD5","PSMD5",0.0914809592129516,-0.167646088695099,0.121,0.143,1
"LINC00989","LINC00989",0.0916393130128698,0.723834706709206,0.032,0.021,1
"LRRN3","LRRN3",0.0917299002315631,0.413852839523362,0.178,0.16,1
"SLC71A2","SLC71A2",0.0918051049399658,-0.195209226731323,0.108,0.129,1
"RTL6","RTL6",0.0919238815723152,1.02334918621049,0.015,0.008,1
"FBXW5","FBXW5",0.0919592838021506,0.546717397969971,0.121,0.103,1
"VPS29","VPS29",0.092101725725971,0.42655719657239,0.146,0.128,1
"MGAT1","MGAT1",0.092112632836506,0.432321519737477,0.095,0.078,1
"OTUD6B-AS1","OTUD6B-AS1",0.0921983220310478,0.566336511390851,0.078,0.063,1
"TTC28","TTC28",0.0922468114759134,0.144896366554677,0.7,0.698,1
"IRF2BP2","IRF2BP2",0.0923599245255534,0.324722401737953,0.217,0.195,1
"C1QTNF7","C1QTNF7",0.0923874596538604,-0.258752157915653,0.019,0.028,1
"NFXL1","NFXL1",0.0924472807974108,-0.209790253145429,0.097,0.117,1
"ARHGEF25","ARHGEF25",0.0925966759069028,0.579022972608422,0.027,0.017,1
"DUS3L","DUS3L",0.0926391375422326,0.929861007581337,0.015,0.008,1
"COQ3","COQ3",0.0927252207054876,-0.405359679829697,0.028,0.039,1
"LINC02576","LINC02576",0.0927348417102358,1.03547056116882,0.015,0.008,1
"P3H3","P3H3",0.0927827235513587,0.831003113643842,0.015,0.008,1
"KRT10","KRT10",0.0927857924295317,0.3712642129672,0.032,0.021,1
"DDX20","DDX20",0.0929163138489676,0.366973350964299,0.026,0.017,1
"PSMB7","PSMB7",0.0929484615527495,-0.184401683929961,0.152,0.176,1
"H3-3A","H3-3A",0.0929708648062459,0.46844824494763,0.059,0.046,1
"ENSG00000258897","ENSG00000258897",0.0930627243997718,0.772800168141375,0.019,0.011,1
"GANAB","GANAB",0.0930704109027092,0.383794013597798,0.186,0.166,1
"ENSG00000250357","ENSG00000250357",0.0931031693065705,-1.05726960326272,0.008,0.015,1
"RCC1","RCC1",0.0931081170707242,0.147631161384969,0.06,0.046,1
"CDH13","CDH13",0.0932469004780716,-0.25982484593409,0.022,0.032,1
"LOC105376244","LOC105376244",0.0932634604152422,-0.487359907027333,0.019,0.029,1
"TNXB","TNXB",0.093282288318581,0.45871590287875,0.083,0.067,1
"LINC01122","LINC01122",0.0933974196946216,-0.650509534137488,0.019,0.029,1
"PHLDA1","PHLDA1",0.0935325157933981,0.832716629110262,0.019,0.011,1
"PLEKHA3","PLEKHA3",0.0936665157520341,-0.338939840291142,0.063,0.079,1
"ADAMTS1","ADAMTS1",0.0937445349231181,0.753084492976444,0.015,0.008,1
"ABCC6","ABCC6",0.0937595773049009,0.560694538229878,0.027,0.017,1
"ENSG00000175170","ENSG00000175170",0.0938084781504732,-0.108285041102711,0.429,0.473,1
"PSD","PSD",0.0939062157726231,0.453483016945541,0.049,0.037,1
"CLEC12A","CLEC12A",0.0939105124762881,-0.901818411222647,0.008,0.015,1
"ATP10A","ATP10A",0.0939105124762881,-0.431780904517444,0.008,0.015,1
"FYCO1","FYCO1",0.0939274035293831,0.3850851100354,0.115,0.096,1
"PRDM6","PRDM6",0.0940524645528805,-0.174722020284273,0.028,0.039,1
"ENSG00000284057","ENSG00000284057",0.0940731332638425,0.529152829904206,0.032,0.021,1
"PUS7L","PUS7L",0.0941377829966902,-0.243998972387178,0.134,0.156,1
"DIRAS1","DIRAS1",0.0941519854319242,1.6088568446503,0.012,0.006,1
"ENSG00000265739","ENSG00000265739",0.0942065234582018,1.29138622440964,0.012,0.006,1
"PXDC1","PXDC1",0.0943304311616674,0.780630807081195,0.039,0.028,1
"DALRD3","DALRD3",0.0943331402641772,0.185388574038585,0.041,0.029,1
"ABHD1","ABHD1",0.0943516972275973,-0.210805467763489,0.024,0.035,1
"CATIP","CATIP",0.0944025366912933,-0.728643793423268,0.008,0.015,1
"GMCL1","GMCL1",0.0946458550411327,-0.284226440571468,0.095,0.115,1
"ENSG00000239407","ENSG00000239407",0.0946539177622905,-0.573933886956199,0.022,0.033,1
"NSUN5","NSUN5",0.0946965839769668,-0.155754740494344,0.084,0.103,1
"FAM174A-DT","FAM174A-DT",0.0947593239638223,-0.386362002369468,0.032,0.044,1
"TMEM131","TMEM131",0.094862578336298,-0.108686354618174,0.41,0.446,1
"RIPOR2","RIPOR2",0.094895260442805,0.28184213113189,0.333,0.317,1
"NTN4","NTN4",0.0948966250987471,-0.6697606859191,0.008,0.015,1
"APBB2","APBB2",0.0949002997510296,0.215210741659521,0.245,0.223,1
"EEF1AKMT4-ECE2","EEF1AKMT4-ECE2",0.0949178250832383,0.987288409060844,0.012,0.006,1
"ABITRAM","ABITRAM",0.0950141770391364,-0.258014244965995,0.049,0.064,1
"IPO5","IPO5",0.0951147830211454,-0.117512477826623,0.139,0.164,1
"ENSG00000251309","ENSG00000251309",0.0953572304207021,-0.385400164780991,0.019,0.029,1
"DRC1","DRC1",0.0953932767493926,0.125957001737122,0.024,0.035,1
"KIF4A","KIF4A",0.0954137570843267,-0.72043486549986,0.014,0.023,1
"LOC105369147","LOC105369147",0.0954415666200328,-0.283990815256982,0.176,0.199,1
"KRTCAP3","KRTCAP3",0.0955939980242936,0.466196195319103,0.015,0.008,1
"PDE7A","PDE7A",0.0957513473674563,0.226875108074864,0.292,0.267,1
"RAD1","RAD1",0.0958517000492641,0.577566654760736,0.039,0.028,1
"PSMC6","PSMC6",0.0959752755148934,-0.127163978753717,0.137,0.16,1
"ASAH1","ASAH1",0.0959935852574847,-0.173024818439275,0.166,0.192,1
"LTO1","LTO1",0.0960155802281811,0.26439692827654,0.128,0.108,1
"POU6F2","POU6F2",0.0960272936982395,0.183409420409943,0.327,0.378,1
"CPVL","CPVL",0.0960843859279214,-0.855541422370373,0.017,0.026,1
"KPNB1","KPNB1",0.096185546781892,0.20839889274823,0.31,0.29,1
"DOK6","DOK6",0.0961919667605057,-0.468725348569937,0.014,0.023,1
"PITPNM3","PITPNM3",0.0963091350726668,-0.417798597956678,0.014,0.023,1
"CZIB","CZIB",0.096447406673123,0.377262397240094,0.087,0.071,1
"ANO8","ANO8",0.0964609166352806,0.147241036930016,0.343,0.315,1
"MYH3","MYH3",0.0964655370970511,0.795551090806808,0.023,0.015,1
"SEZ6L","SEZ6L",0.0965438134805029,0.921126587817869,0.023,0.015,1
"GPATCH3","GPATCH3",0.0965815498259057,-0.279671900390283,0.016,0.026,1
"FANCC","FANCC",0.0967498883810296,0.316822807232496,0.161,0.14,1
"ABR","ABR",0.09695699181682,-0.116466496984599,0.698,0.722,1
"C11orf24","C11orf24",0.0969749805168923,-0.81652769890442,0.012,0.02,1
"PRR3","PRR3",0.0970008737615345,-0.184768719175399,0.065,0.081,1
"TPGS2","TPGS2",0.0970725553326841,0.490669649361642,0.103,0.086,1
"PITRM1","PITRM1",0.0971197846901025,-0.152950481439929,0.092,0.111,1
"PADI2","PADI2",0.097134209957138,0.264077566404554,0.267,0.244,1
"ZYG11B","ZYG11B",0.0972298421418234,0.234411164680751,0.236,0.213,1
"PDE1A","PDE1A",0.0972668031311963,-0.471436763943335,0.022,0.033,1
"RBBP8","RBBP8",0.0972782164186445,-0.261559714034849,0.047,0.061,1
"CHTF8","CHTF8",0.0973004455341552,0.738003356542381,0.07,0.056,1
"BMI1","BMI1",0.0974356172020506,0.327766262402782,0.037,0.026,1
"HECTD4","HECTD4",0.0974676678142895,0.215722188773481,0.517,0.513,1
"RAB2B","RAB2B",0.0976391733515736,-0.104411861706413,0.082,0.1,1
"ATG4D","ATG4D",0.0976911426839637,0.304710508793292,0.057,0.044,1
"ATP1A1","ATP1A1",0.0977572005788957,-0.116938823846202,0.038,0.051,1
"PEF1","PEF1",0.0977703231134794,-0.340427956918879,0.035,0.048,1
"ZNF143","ZNF143",0.0978353076335877,-0.388180419032357,0.048,0.062,1
"TAFAZZIN","TAFAZZIN",0.0978365610047779,-0.185539768648219,0.239,0.266,1
"KCNMA1","KCNMA1",0.0979465747027172,0.120615083651193,0.816,0.833,1
"C10orf143","C10orf143",0.097991330926955,-0.164903851663909,0.077,0.095,1
"CAMSAP3","CAMSAP3",0.097994857374383,1.46351569350014,0.016,0.009,1
"SELENOS","SELENOS",0.0980870765697958,0.379925374791113,0.109,0.091,1
"FOXP4","FOXP4",0.0980894046458697,0.566810667883559,0.064,0.05,1
"INTS1","INTS1",0.0981339645638213,0.293046605716905,0.161,0.139,1
"CPB2","CPB2",0.0983381906196476,-1.3864177598856,0.006,0.012,1
"ENSG00000228639","ENSG00000228639",0.0983381906196476,-1.06507372400497,0.006,0.012,1
"C1QB","C1QB",0.0983582540087391,0.609383305513191,0.023,0.015,1
"IRS1","IRS1",0.098405471158198,0.214048777679434,0.087,0.071,1
"GNB1L","GNB1L",0.0984751104612074,0.889556503228839,0.028,0.019,1
"SMPD4","SMPD4",0.0985196999064918,0.229277451573795,0.213,0.188,1
"LINC01931","LINC01931",0.0986155588971123,-1.41822345074787,0.006,0.012,1
"NDUFAF7","NDUFAF7",0.0986271508879689,-0.326397946592288,0.077,0.094,1
"PPP1R11","PPP1R11",0.0986843867529675,0.921996749785207,0.019,0.012,1
"C17orf58","C17orf58",0.0987266809601719,-1.18130804129364,0.006,0.012,1
"SLC2A13","SLC2A13",0.0987268173592376,0.526718244951693,0.039,0.028,1
"COBLL1","COBLL1",0.0988978379568979,-0.259385048410507,0.017,0.026,1
"ZFAND2A-DT","ZFAND2A-DT",0.0989186446445489,-0.253256125514314,0.019,0.029,1
"ZNF680","ZNF680",0.0991455077494282,-0.110021300096194,0.338,0.372,1
"ZNF197","ZNF197",0.0992777796446949,-0.260975825411574,0.184,0.207,1
"MAP3K8","MAP3K8",0.099288123922997,0.437029497652738,0.07,0.055,1
"ENSG00000241962","ENSG00000241962",0.0993016406724962,-0.172664225507984,0.156,0.18,1
"NEB","NEB",0.0993129434265285,-0.557788422464,0.042,0.055,1
"SNHG12","SNHG12",0.0995256138183877,0.245721813211715,0.048,0.035,1
"EHBP1L1","EHBP1L1",0.0995464690760286,0.372209981173815,0.027,0.018,1
"JUN","JUN",0.0995494320850651,-0.186466610579973,0.165,0.189,1
"TENM1","TENM1",0.0995766414001746,-0.410602489760053,0.034,0.046,1
"TMPRSS9","TMPRSS9",0.0996192602141548,-0.997944077372532,0.006,0.012,1
"CASP3","CASP3",0.0996253554465167,-0.14768074223665,0.085,0.104,1
"ZDHHC16","ZDHHC16",0.0997439783752745,0.388126319278699,0.045,0.033,1
"LRRC8A","LRRC8A",0.0998048097254314,0.241053996523134,0.389,0.369,1
"DLGAP1-AS5","DLGAP1-AS5",0.0998301934819753,-0.112364855429867,0.012,0.02,1
"SH3TC1","SH3TC1",0.0998556484888474,1.08648791360424,0.016,0.009,1
"CLCN3","CLCN3",0.0999386443642813,-0.109049049000168,0.234,0.261,1
"IGF2BP3","IGF2BP3",0.0999463126118902,-0.167322273784798,0.01,0.017,1
"MPP7","MPP7",0.0999927457895391,-0.358234149501182,0.042,0.055,1
"SERINC1","SERINC1",0.100128039755957,0.210910954499238,0.165,0.143,1
"NR6A1","NR6A1",0.100145714714981,-0.169690583048904,0.366,0.393,1
"UQCC3","UQCC3",0.100188273742611,0.919889351785077,0.029,0.019,1
"TSC22D1-AS1","TSC22D1-AS1",0.100274374776644,-0.320560757728713,0.01,0.017,1
"SLC33A2","SLC33A2",0.100274402067369,0.645864489768301,0.028,0.019,1
"CHMP1A","CHMP1A",0.100337875302559,0.186313281032136,0.088,0.071,1
"NUDT12","NUDT12",0.10036265256431,-0.490331299428851,0.029,0.041,1
"SH3BP2","SH3BP2",0.100439542591409,0.219967577171215,0.365,0.346,1
"NAPG","NAPG",0.100506128621886,0.283465463249199,0.209,0.185,1
"SLC35F2","SLC35F2",0.100512195538381,0.755143542989256,0.024,0.015,1
"AFG3L2","AFG3L2",0.100803098012891,-0.181060811642765,0.166,0.189,1
"GOLGA6L7","GOLGA6L7",0.100913607500585,-0.671080845532822,0.006,0.012,1
"POLM","POLM",0.1010788438311,0.422904212663433,0.113,0.095,1
"GDPD1","GDPD1",0.10120474359751,0.119188440588957,0.226,0.202,1
"SLC39A14","SLC39A14",0.101269455707411,0.332841031575543,0.248,0.23,1
"PACRG-AS3","PACRG-AS3",0.10148053048795,-0.694375019118261,0.006,0.012,1
"ENSG00000258472","ENSG00000258472",0.101524234951351,0.575142120376402,0.066,0.052,1
"ENSG00000226526","ENSG00000226526",0.101594364120209,0.648341275113816,0.016,0.009,1
"SLC16A1","SLC16A1",0.101617746230106,0.208530720126677,0.058,0.044,1
"NAGLU","NAGLU",0.10161782531791,0.303435991994852,0.128,0.109,1
"RABIF","RABIF",0.101628795520809,0.704167635232774,0.024,0.015,1
"ABCA6","ABCA6",0.10187805328835,-1.79731212296685,0.005,0.01,1
"MED10","MED10",0.101921341428819,-0.291108211288339,0.064,0.08,1
"PTPN23","PTPN23",0.1020776196817,0.385795815250763,0.104,0.086,1
"SLC16A11","SLC16A11",0.102107072090741,-0.449235009401619,0.006,0.012,1
"PUSL1","PUSL1",0.102346869442973,0.79851339694013,0.016,0.009,1
"CTTNBP2NL","CTTNBP2NL",0.102449826930542,-0.13428796121836,0.099,0.119,1
"RBBP5","RBBP5",0.102515039089694,0.522459406759002,0.094,0.078,1
"SSNA1","SSNA1",0.102570827040243,0.638053116775235,0.049,0.037,1
"ITGA7","ITGA7",0.102664084392174,-0.143996577553386,0.376,0.407,1
"ACYP1","ACYP1",0.102728218672785,-0.237514385078524,0.092,0.111,1
"ANKRD46","ANKRD46",0.102732535583377,-0.151793418020946,0.132,0.154,1
"GTF3C5","GTF3C5",0.102761325591392,0.433320288873564,0.114,0.097,1
"LINC01265","LINC01265",0.102856026533959,0.355140016955868,0.316,0.299,1
"ZFP82","ZFP82",0.102954163736674,-0.376199192166122,0.104,0.122,1
"KLHL4","KLHL4",0.102955013177155,-1.3103992427918,0.005,0.01,1
"TGFB3","TGFB3",0.1030486585431,-0.137256250824705,0.02,0.03,1
"CARM1","CARM1",0.103118495932015,0.291241385063776,0.145,0.124,1
"TCFL5","TCFL5",0.103180252394347,-0.114149873176932,0.047,0.062,1
"CXXC1","CXXC1",0.103213203554655,0.319748261560426,0.113,0.095,1
"IL34","IL34",0.103273483288902,-1.01579404414902,0.005,0.01,1
"BTBD17","BTBD17",0.10329912073938,-0.365334901663237,0.02,0.03,1
"FEM1C","FEM1C",0.103424303664654,0.289595103075609,0.152,0.132,1
"USP9X","USP9X",0.103428301947897,-0.126242634112014,0.249,0.279,1
"ENPP4","ENPP4",0.103571874334972,0.21020524675565,0.167,0.147,1
"ENSG00000269026","ENSG00000269026",0.103624324727533,0.58767920984204,0.035,0.025,1
"ENSG00000257449","ENSG00000257449",0.10365668069701,-0.6825820127013,0.005,0.01,1
"ZIC2","ZIC2",0.103720656655447,-0.939629769569197,0.005,0.01,1
"DPP10-AS1","DPP10-AS1",0.10384870270742,-0.880207326830969,0.005,0.01,1
"ENSG00000273209","ENSG00000273209",0.103976874336664,-0.869275991693357,0.005,0.01,1
"EBAG9","EBAG9",0.104108335128501,-0.214659647780344,0.052,0.066,1
"ENSG00000230131","ENSG00000230131",0.104297853312698,-1.0510651643332,0.005,0.01,1
"ZFR2","ZFR2",0.104362143453506,-0.624302986262369,0.005,0.01,1
"ZNF521","ZNF521",0.104380580029567,-0.12454789448505,0.586,0.611,1
"SLC9A2","SLC9A2",0.104483819478004,-0.791942438587684,0.009,0.015,1
"PTGR3","PTGR3",0.104571890055563,0.299953765628888,0.134,0.114,1
"NAA35","NAA35",0.1045768301432,-0.14253801301182,0.29,0.32,1
"SOX1-OT","SOX1-OT",0.104747920332296,0.932415470967381,0.024,0.016,1
"FEM1B","FEM1B",0.104784452301172,-0.239711724436807,0.106,0.126,1
"CRTC1","CRTC1",0.104789814100771,0.30958026712391,0.278,0.261,1
"ENSG00000236556","ENSG00000236556",0.104791646760292,1.40171476980925,0.01,0.005,1
"SGMS2","SGMS2",0.104796549383437,-0.458968580394875,0.029,0.041,1
"LINC02232","LINC02232",0.104951616823857,-0.794204576451697,0.009,0.015,1
"POLR3K","POLR3K",0.104989862978182,1.51190606964099,0.01,0.005,1
"UBA2","UBA2",0.105013776120614,0.249749424837933,0.227,0.205,1
"TTC5","TTC5",0.105039481512415,-0.478066808994398,0.042,0.055,1
"LDHC","LDHC",0.105055797235639,-0.998494601044928,0.009,0.015,1
"TRAPPC6B","TRAPPC6B",0.105122659138289,0.166488400065566,0.166,0.145,1
"GALNT7","GALNT7",0.105160362358301,-0.108862120815002,0.255,0.283,1
"SCN2A","SCN2A",0.105231223265148,-0.909034280850631,0.011,0.018,1
"GAS1RR","GAS1RR",0.105276140018981,-0.364870858460449,0.013,0.021,1
"ENSG00000269102","ENSG00000269102",0.105292101311992,1.37682021419743,0.013,0.007,1
"BIRC3","BIRC3",0.105320884583743,1.44567028279055,0.01,0.005,1
"SPTB","SPTB",0.105320884583743,1.40240378428078,0.01,0.005,1
"CACNA1S","CACNA1S",0.1053302774203,0.398646646728888,0.005,0.01,1
"SNHG21","SNHG21",0.105353882755415,-0.632347192033229,0.021,0.03,1
"OSBPL2","OSBPL2",0.10537995657686,-0.164547761624879,0.123,0.144,1
"F2RL1","F2RL1",0.105407080633752,1.25491563436255,0.013,0.007,1
"MAEA","MAEA",0.105424214744165,0.349993114097316,0.12,0.101,1
"RBM33-DT","RBM33-DT",0.105428190885916,-0.203028871347132,0.165,0.189,1
"ARRDC2","ARRDC2",0.105449765988685,0.381782599362709,0.024,0.015,1
"ZFPM1","ZFPM1",0.105642342777501,0.277556023000386,0.081,0.065,1
"LRPAP1","LRPAP1",0.105654147296181,0.28809208373431,0.115,0.096,1
"TAOK2","TAOK2",0.105877674607149,0.332225712058933,0.12,0.101,1
"NOSIP","NOSIP",0.105908080198119,0.373214217132757,0.1,0.082,1
"SPDYE2","SPDYE2",0.105908910456331,-0.156619649918295,0.052,0.067,1
"DYRK3","DYRK3",0.105935318135132,0.582909309518815,0.062,0.049,1
"COMT","COMT",0.105944977750515,0.406306867614539,0.165,0.147,1
"LOC105375421","LOC105375421",0.106042134719996,-0.240175514133805,0.024,0.034,1
"NOP58","NOP58",0.10610526811094,-0.164469935763897,0.118,0.139,1
"CASZ1","CASZ1",0.106182027067058,-0.409365445829365,0.013,0.021,1
"ENSG00000230155","ENSG00000230155",0.106214727816086,1.06327220383851,0.013,0.007,1
"DACH2","DACH2",0.106248554399969,-0.676936548862918,0.013,0.021,1
"ENSG00000228408","ENSG00000228408",0.10629112353557,0.278469817402716,0.045,0.033,1
"PPIP5K1","PPIP5K1",0.106409977836782,-0.235284385472052,0.078,0.095,1
"OGFR","OGFR",0.106425359360411,0.113766662782089,0.089,0.11,1
"COPB1","COPB1",0.106446746605523,0.314731473773451,0.158,0.138,1
"ENSG00000272425","ENSG00000272425",0.106562360931544,0.885653928564026,0.013,0.007,1
"HSBP1","HSBP1",0.106642574530414,0.544358577607194,0.069,0.055,1
"PINK1","PINK1",0.10665763491451,-0.321656612034686,0.078,0.095,1
"FAM90A1","FAM90A1",0.106736515365468,0.836870351577263,0.013,0.007,1
"USP4","USP4",0.106784593565669,0.21925454305982,0.243,0.221,1
"AVPI1","AVPI1",0.106786652302448,-0.749701500193195,0.009,0.015,1
"PRR16","PRR16",0.106816676372496,-0.426196740189799,0.101,0.119,1
"ZNF77","ZNF77",0.106839453138486,-0.276017447869071,0.009,0.015,1
"CCDC124","CCDC124",0.106989742997563,0.617666388464766,0.059,0.046,1
"ENSG00000271737","ENSG00000271737",0.107050863398613,-0.502381069328899,0.009,0.015,1
"PGM1","PGM1",0.107068651467307,0.131277319912566,0.257,0.233,1
"RNF25","RNF25",0.107105105030679,0.17612857420272,0.045,0.033,1
"AMN1-AS1","AMN1-AS1",0.107122735633364,0.459157765675037,0.01,0.005,1
"ENSG00000259442","ENSG00000259442",0.10719412234715,-0.332810728458335,0.027,0.038,1
"INTS11","INTS11",0.107254239820828,0.223651105142726,0.224,0.201,1
"ENSG00000260563","ENSG00000260563",0.107258629975125,0.441486940023665,0.04,0.029,1
"ZFPL1","ZFPL1",0.107277708538843,0.643629140239948,0.052,0.039,1
"TPST2","TPST2",0.107337646761526,-0.185925865286921,0.097,0.116,1
"TTLL9","TTLL9",0.107383483559041,0.377305727252188,0.166,0.147,1
"AFMID","AFMID",0.107389480038301,-0.512048988197568,0.011,0.018,1
"ENSG00000276846","ENSG00000276846",0.107435389800539,0.458810568441175,0.013,0.007,1
"LINC01290","LINC01290",0.107437836552323,-0.695748636864862,0.011,0.018,1
"PFKFB2","PFKFB2",0.107553806532766,-0.137438074639461,0.18,0.205,1
"RABGGTB","RABGGTB",0.107593599589584,-0.461206623495928,0.031,0.042,1
"ENSG00000275672","ENSG00000275672",0.107687083284019,-0.112407548437217,0.009,0.015,1
"PER1","PER1",0.107690885967603,-0.133408287908336,0.277,0.307,1
"FAM178B","FAM178B",0.107740236470308,-0.309115250880764,0.009,0.015,1
"UTP4","UTP4",0.107795657873661,0.433326223020851,0.057,0.044,1
"SLC27A4","SLC27A4",0.107960269100533,0.299618021724329,0.103,0.086,1
"WDR62","WDR62",0.107961920186792,0.395466407656273,0.013,0.007,1
"NR2F2","NR2F2",0.107987824908268,-0.149801085111729,0.143,0.166,1
"NME4","NME4",0.108151022574764,0.555755485827303,0.059,0.046,1
"SCAMP2","SCAMP2",0.108372780917825,0.379694198934111,0.127,0.109,1
"ETV6","ETV6",0.10850109830009,0.142928653720329,0.537,0.522,1
"MIDEAS-AS1","MIDEAS-AS1",0.108554219865239,-0.136319581345832,0.024,0.034,1
"FKBP8","FKBP8",0.108901991296135,0.316493049914152,0.197,0.176,1
"TOR1A","TOR1A",0.10890318649701,0.688187596992497,0.029,0.02,1
"HVCN1","HVCN1",0.108967349127268,0.200627424417293,0.31,0.286,1
"ARL16","ARL16",0.108989119432904,-0.497224106506791,0.024,0.035,1
"ENSG00000236833","ENSG00000236833",0.109241907754895,0.913246124148412,0.016,0.01,1
"METTL2A","METTL2A",0.10928433766981,-0.402573851583891,0.038,0.05,1
"TRAF2","TRAF2",0.109295810979423,0.351965408704346,0.067,0.053,1
"CEP295","CEP295",0.109346670737033,-0.160940472008916,0.131,0.152,1
"NR1H3","NR1H3",0.109471348674691,0.396610793012044,0.117,0.099,1
"IQUB","IQUB",0.109581505395126,-0.269217060936261,0.105,0.124,1
"STIM2","STIM2",0.109676884730852,-0.178487019820585,0.29,0.317,1
"GTF3C3","GTF3C3",0.109715158192984,0.392926453945292,0.125,0.107,1
"SETD3","SETD3",0.109731702240911,-0.175588270804582,0.239,0.268,1
"TSPYL4","TSPYL4",0.109759790165165,0.377405084956611,0.054,0.041,1
"AMMECR1","AMMECR1",0.109778618571193,-0.402440878845027,0.072,0.089,1
"LGALS3","LGALS3",0.109839435340045,-0.112348504687061,0.064,0.08,1
"ZNF266","ZNF266",0.109889596500855,-0.369227179237216,0.06,0.075,1
"ERLIN2","ERLIN2",0.109894751668516,-0.18110025085698,0.108,0.128,1
"CDKL2","CDKL2",0.109939132079079,-0.36057748195556,0.027,0.038,1
"PEX39","PEX39",0.109979275078507,-0.316917337495913,0.018,0.027,1
"JRK","JRK",0.109981422226409,0.675939662800122,0.052,0.04,1
"CAPZA2","CAPZA2",0.110005655072538,0.265677991528844,0.287,0.268,1
"ATP5MG","ATP5MG",0.110091243975861,0.160532700097775,0.19,0.167,1
"COG1","COG1",0.110091502237458,-0.422093590528694,0.066,0.082,1
"TRIM25","TRIM25",0.11023414838631,0.126624004850327,0.061,0.047,1
"NCAPD2","NCAPD2",0.110314696705098,-0.319791721567829,0.047,0.061,1
"DNAAF8","DNAAF8",0.110380698968481,0.887974438308171,0.016,0.01,1
"KLHL9","KLHL9",0.110441649629909,0.267842399412774,0.076,0.061,1
"POLR2L","POLR2L",0.110501322505225,-0.644912371771268,0.029,0.039,1
"LOH12CR2","LOH12CR2",0.110519218125698,0.112566311614835,0.011,0.018,1
"CTXND1","CTXND1",0.110553173581187,-0.120414717041145,0.326,0.361,1
"PCDHB9","PCDHB9",0.110629753793771,-1.16152997714224,0.016,0.025,1
"SCAMP4","SCAMP4",0.110640222311801,0.344508539633091,0.108,0.091,1
"PRDX3","PRDX3",0.110681413546231,-0.113604189874379,0.044,0.057,1
"NPC1","NPC1",0.110706453479989,0.250209443303197,0.25,0.228,1
"P3H2","P3H2",0.110709258763881,0.725719854312429,0.07,0.056,1
"ABCG1","ABCG1",0.110811465262421,-0.638211941012266,0.022,0.031,1
"CDK3","CDK3",0.110811465867722,-0.516104515595894,0.022,0.031,1
"ENSG00000251279","ENSG00000251279",0.110868950087991,-0.185284290024439,0.038,0.05,1
"ARMCX6","ARMCX6",0.110878338343267,0.690713745203687,0.025,0.017,1
"PRKX","PRKX",0.110901517447296,0.145998872626322,0.423,0.402,1
"CYP2U1","CYP2U1",0.110904969367345,-0.183354107991403,0.05,0.064,1
"RDH11","RDH11",0.111029358033179,-0.364988733922411,0.032,0.043,1
"EIF3H","EIF3H",0.111074479094996,-0.227986700122858,0.182,0.204,1
"LOC105370103","LOC105370103",0.111079964167498,0.750375476861962,0.021,0.013,1
"NDUFAF8","NDUFAF8",0.111082150963631,0.255860684839962,0.074,0.059,1
"ADAR","ADAR",0.111180638725572,0.260450524109421,0.247,0.227,1
"RRP1B","RRP1B",0.111210336279686,-0.198899516040985,0.075,0.093,1
"LERFS","LERFS",0.111604512897978,-0.160858711878456,0.056,0.071,1
"SMIM29","SMIM29",0.11161200507553,0.431992869973424,0.086,0.071,1
"LDHD","LDHD",0.112022186341654,-0.331489238956794,0.035,0.047,1
"PPTC7","PPTC7",0.112066266106446,0.151844349861149,0.155,0.133,1
"CXorf38","CXorf38",0.112210224721108,-0.216716687135795,0.07,0.086,1
"NPIPA1","NPIPA1",0.112400132436371,0.289565613862717,0.097,0.08,1
"CTBS","CTBS",0.112446092082865,0.523358488556224,0.071,0.057,1
"NAB2","NAB2",0.112474943220228,0.594463765269017,0.042,0.031,1
"GMFG","GMFG",0.11256503992443,0.71678735001915,0.031,0.021,1
"RBM47","RBM47",0.112597176817833,-0.841479438247116,0.014,0.021,1
"TF","TF",0.112839157850294,-0.190907262770538,0.305,0.336,1
"MAP3K9-DT","MAP3K9-DT",0.112996428368856,-1.21129592156818,0.007,0.013,1
"FAM114A2","FAM114A2",0.113016516134417,-0.11609381071222,0.045,0.059,1
"NARS1","NARS1",0.113018968819737,-0.231393386082197,0.083,0.1,1
"ENSG00000270114","ENSG00000270114",0.113056159753171,-0.939973895681414,0.007,0.013,1
"ZNF28","ZNF28",0.113174282622842,-0.354511520764361,0.019,0.028,1
"ACOT13","ACOT13",0.113256554405079,-0.23476602374747,0.1,0.118,1
"RIPPLY2","RIPPLY2",0.113295334133987,-0.846694389727747,0.007,0.013,1
"ENSG00000255041","ENSG00000255041",0.113373159848416,1.31181549425322,0.022,0.014,1
"RNFT1","RNFT1",0.113474955808939,0.34437524448777,0.041,0.03,1
"XKR6","XKR6",0.113529847599892,-0.353433417703547,0.174,0.194,1
"IGSF5","IGSF5",0.113762873038647,-0.21369618314371,0.041,0.054,1
"TC2N","TC2N",0.113785676596228,-0.541575834660973,0.014,0.021,1
"ENOX2","ENOX2",0.114045943412643,-0.305593463379406,0.093,0.111,1
"CCDC141","CCDC141",0.114092463642807,-0.100998669706561,0.027,0.038,1
"PSMD1","PSMD1",0.114103397884091,0.189833384225105,0.432,0.414,1
"RNF14","RNF14",0.114146211803487,-0.440148873038526,0.075,0.091,1
"CFAP92","CFAP92",0.114376134829423,-0.240208140018598,0.019,0.028,1
"PNPLA2","PNPLA2",0.114422319646202,0.368415807145533,0.122,0.104,1
"ARNT","ARNT",0.114678571967809,-0.127390493104622,0.186,0.212,1
"COPA","COPA",0.114789561748105,-0.101259938093799,0.247,0.277,1
"ITIH4","ITIH4",0.114920203103166,-0.6332189167372,0.007,0.013,1
"GRIN1","GRIN1",0.114939083236948,-0.767029262193,0.019,0.028,1
"ZNF283","ZNF283",0.115098610379032,-0.343944414832156,0.074,0.09,1
"LINC00578","LINC00578",0.115101870056275,-0.432271530733791,0.007,0.013,1
"PRKCE","PRKCE",0.115140744153307,0.14498138089505,0.494,0.481,1
"AARS2","AARS2",0.115178078600311,-0.611741989418069,0.019,0.028,1
"AK6","AK6",0.115237218856259,0.288645001648072,0.067,0.053,1
"MRPL39","MRPL39",0.115252013824349,-0.250936278905101,0.057,0.071,1
"NIPAL2","NIPAL2",0.11528516735265,-0.361990373976774,0.014,0.021,1
"WNT7A","WNT7A",0.115372508043965,0.240620662497168,0.079,0.064,1
"PAWR","PAWR",0.115385611021836,0.198122904337886,0.323,0.301,1
"ZBED3","ZBED3",0.115415873828082,-0.335990583060917,0.09,0.107,1
"SH2B3","SH2B3",0.115418643817627,0.793048258840581,0.021,0.013,1
"ENSG00000234688","ENSG00000234688",0.115465881548557,-0.282195862030045,0.007,0.013,1
"PPP1R14C","PPP1R14C",0.115582865839115,-0.750875134662026,0.009,0.016,1
"PLPPR1","PLPPR1",0.115582865839115,-0.915920836971343,0.009,0.016,1
"PLCD4","PLCD4",0.115627408473603,0.994599151315027,0.032,0.023,1
"MAP2K7","MAP2K7",0.115640458605613,0.324377532324047,0.117,0.1,1
"OSBPL10","OSBPL10",0.115820667808492,0.715601874908789,0.026,0.017,1
"QPRT","QPRT",0.115831697031807,0.587898759928986,0.054,0.042,1
"CFAP300","CFAP300",0.115836427362171,-0.34901767779319,0.028,0.039,1
"NCDN","NCDN",0.115929327650381,0.289210166407388,0.085,0.069,1
"DDX52","DDX52",0.115987349777915,-0.189998303698379,0.109,0.129,1
"POFUT1","POFUT1",0.11608844187824,0.484396468273725,0.062,0.049,1
"ANKRD16","ANKRD16",0.11610462481878,0.41816559054794,0.144,0.127,1
"PARP2","PARP2",0.116146002451232,-0.178161916326407,0.027,0.038,1
"ZNF426-DT","ZNF426-DT",0.11644100481003,-0.288965101721274,0.007,0.013,1
"ZMAT2","ZMAT2",0.116631351211174,-0.525618245124463,0.029,0.04,1
"CELF5","CELF5",0.116679537659908,-0.668887748830333,0.009,0.016,1
"CFAP298-TCP10L","CFAP298-TCP10L",0.116715093259295,0.962680692376842,0.014,0.008,1
"TSC22D3","TSC22D3",0.116738699371773,-0.133864063222095,0.163,0.189,1
"ANKRD49","ANKRD49",0.116769695457398,-0.271184281301902,0.036,0.048,1
"INTS9","INTS9",0.116927857376798,-0.221482960548979,0.209,0.231,1
"CAMK1","CAMK1",0.117046954651233,0.156888449398047,0.103,0.085,1
"TINF2","TINF2",0.11712102161799,-0.687851382235407,0.011,0.019,1
"POMP","POMP",0.117154068014256,-0.164677813001701,0.077,0.094,1
"ENSG00000226022","ENSG00000226022",0.11721527870288,0.834766393903693,0.017,0.01,1
"SLC25A10","SLC25A10",0.117286181463363,-0.87705253893925,0.009,0.016,1
"WIPF3","WIPF3",0.117322216773426,-0.208055632049161,0.035,0.047,1
"ENSG00000230185","ENSG00000230185",0.11736294675118,-0.369983932617332,0.071,0.086,1
"MTMR8","MTMR8",0.117396745880808,-0.622199012622268,0.009,0.016,1
"PVR","PVR",0.117396745880808,-0.632328612947845,0.009,0.016,1
"JAGN1","JAGN1",0.117424252487328,0.29487030351334,0.036,0.026,1
"TUBGCP2","TUBGCP2",0.117502745796418,0.276753864225431,0.157,0.136,1
"RSPRY1","RSPRY1",0.117552480109113,-0.101203352745762,0.153,0.176,1
"MIS18BP1","MIS18BP1",0.117643280899505,0.249924404567275,0.067,0.053,1
"ALG10B","ALG10B",0.117660973519986,0.471706107295453,0.064,0.05,1
"UCHL5","UCHL5",0.117684567566581,0.242196191608103,0.1,0.083,1
"ENSG00000239791","ENSG00000239791",0.117705971138561,1.59212348225906,0.011,0.006,1
"ENSG00000226772","ENSG00000226772",0.117895298495042,-0.545087111403369,0.009,0.016,1
"ARFIP2","ARFIP2",0.117942398628519,-0.333672423811249,0.036,0.048,1
"ZNF830","ZNF830",0.11798320333714,-0.375849977822591,0.011,0.019,1
"TMEM208","TMEM208",0.1180310690433,0.392656193606724,0.037,0.027,1
"UBE2Q1","UBE2Q1",0.118129698316003,0.434152357590973,0.052,0.039,1
"PCDHB13","PCDHB13",0.118288688845574,-0.486667015501589,0.011,0.019,1
"DTWD1","DTWD1",0.118289800443877,-0.181096375320568,0.125,0.147,1
"ZNF776","ZNF776",0.118385833250683,0.646879274641882,0.038,0.028,1
"TRIB1","TRIB1",0.118501719464906,-0.265817068944676,0.032,0.044,1
"COL11A2","COL11A2",0.118506894711114,-0.57294541094222,0.009,0.016,1
"ACVR2A","ACVR2A",0.118697474697926,-0.243787626692537,0.099,0.117,1
"TMEM106B","TMEM106B",0.118772075684714,0.230060621271157,0.254,0.232,1
"OTOA","OTOA",0.118816818593499,1.41817829987696,0.011,0.006,1
"TSC2","TSC2",0.118829578834969,0.339682056785122,0.259,0.24,1
"PAFAH2","PAFAH2",0.11884239006606,-0.166482188020293,0.059,0.074,1
"MED25","MED25",0.118923079272538,0.318749809637678,0.168,0.15,1
"CSRNP1","CSRNP1",0.118989117124016,-0.378218749256072,0.075,0.091,1
"MYL12A","MYL12A",0.119153071488949,-0.173795569084965,0.031,0.042,1
"ABCB1","ABCB1",0.119232894674193,-0.255024716519917,0.009,0.016,1
"NOX5","NOX5",0.119232894674193,-0.355461390688503,0.009,0.016,1
"PTGER4P2-CDK2AP2P2","PTGER4P2-CDK2AP2P2",0.119235499002983,1.44329635981866,0.011,0.006,1
"PCDHB6","PCDHB6",0.119288883586642,-0.403627069795685,0.009,0.016,1
"CHST2","CHST2",0.1193042407175,0.728417683269006,0.022,0.014,1
"TMED4","TMED4",0.119309387627966,0.526479628216746,0.099,0.084,1
"PARP10","PARP10",0.119424631881444,0.391115274292035,0.138,0.12,1
"ENSG00000271380","ENSG00000271380",0.119456979096461,-0.205159253319994,0.009,0.016,1
"LOC124902769","LOC124902769",0.119655334661974,0.992681898066868,0.011,0.006,1
"WDR26","WDR26",0.119726242298794,0.23440915594451,0.3,0.281,1
"FANCA","FANCA",0.119727669193519,-0.30173300877563,0.016,0.025,1
"SSR4","SSR4",0.119900990009193,0.352245408080844,0.052,0.039,1
"ENSG00000268050","ENSG00000268050",0.119935867830517,1.13174628015091,0.011,0.006,1
"SNUPN","SNUPN",0.119975546432617,-0.374278433234044,0.05,0.064,1
"CGGBP1","CGGBP1",0.120016815822147,0.32800856212605,0.182,0.163,1
"SLC39A1","SLC39A1",0.120020354877587,0.42524237539559,0.051,0.039,1
"MAN1A2","MAN1A2",0.120229548193095,-0.145919199373309,0.247,0.271,1
"BCDIN3D-AS1","BCDIN3D-AS1",0.120246412175748,-1.08880640695887,0.006,0.011,1
"ENSG00000279073","ENSG00000279073",0.120331242104062,-0.287280852660865,0.036,0.048,1
"ENSG00000259595","ENSG00000259595",0.120416440622817,0.694260271818266,0.039,0.028,1
"ENSG00000250167","ENSG00000250167",0.120428040016915,0.818244039729198,0.011,0.006,1
"ZFP90","ZFP90",0.120438647174756,-0.170083271796104,0.133,0.156,1
"FAM193A","FAM193A",0.120516997682402,0.178054993596715,0.397,0.389,1
"ENSG00000184258","ENSG00000184258",0.12056895064818,1.07615257772955,0.011,0.006,1
"BAZ2B-AS1","BAZ2B-AS1",0.120709990297958,0.849274272072459,0.011,0.006,1
"CDHR1","CDHR1",0.120798369594134,-1.16552742437917,0.006,0.011,1
"TTC33","TTC33",0.120846651400307,0.321094242992039,0.111,0.094,1
"CNR1","CNR1",0.120867503454656,-0.893850633732855,0.006,0.011,1
"PRMT5-DT","PRMT5-DT",0.120878968099101,0.572606442193152,0.068,0.055,1
"ZNF800","ZNF800",0.120918771518039,-0.107275120735385,0.153,0.176,1
"ENSG00000266744","ENSG00000266744",0.121005864053637,-1.01824825563547,0.006,0.011,1
"PXN-AS1","PXN-AS1",0.121038231261911,-0.471666980494196,0.023,0.033,1
"SAMD4B","SAMD4B",0.121049904108524,0.179874879944572,0.414,0.402,1
"LPAR1","LPAR1",0.121054855455896,-0.111012496425243,0.016,0.025,1
"CKS1B","CKS1B",0.12106315433159,1.00369271747331,0.011,0.006,1
"MN1","MN1",0.121090096664654,0.394631215780656,0.161,0.144,1
"IRF1","IRF1",0.121132225937362,0.428902397167856,0.031,0.021,1
"PDSS2","PDSS2",0.12115732616269,0.167156576984387,0.342,0.324,1
"PTPRQ","PTPRQ",0.121213637268391,-0.96309328131839,0.006,0.011,1
"RAB39A","RAB39A",0.121243623581311,0.957317498804735,0.018,0.011,1
"EXOSC8","EXOSC8",0.121265362002341,-0.104336773472125,0.049,0.064,1
"TOM1L1","TOM1L1",0.121271517102725,0.346645277403226,0.16,0.142,1
"SKAP2","SKAP2",0.121357056744002,-0.35356742954703,0.075,0.091,1
"PRPF18","PRPF18",0.121374355789588,-0.393913281290108,0.033,0.044,1
"PRRC1","PRRC1",0.121382542606451,-0.186870922983772,0.063,0.078,1
"TNFAIP3","TNFAIP3",0.121417126240972,0.765080412014219,0.011,0.006,1
"MED28-DT","MED28-DT",0.121451245905628,0.521034827565124,0.032,0.022,1
"SLC22A15","SLC22A15",0.121746840853005,-0.179941683579613,0.288,0.317,1
"PAG1","PAG1",0.12177719707769,-0.110744353878354,0.168,0.193,1
"ENSG00000272009","ENSG00000272009",0.121780020360857,-0.51361346832786,0.027,0.037,1
"FAN1","FAN1",0.121781747659726,0.250762171146138,0.181,0.163,1
"TCAF1","TCAF1",0.121802001713854,0.284556087133658,0.249,0.23,1
"TTC19","TTC19",0.121943921392522,0.15969246982593,0.386,0.369,1
"TTI2","TTI2",0.121973035916811,0.21351546664563,0.082,0.066,1
"TNFRSF11B","TNFRSF11B",0.121990660571906,-1.09369385590347,0.012,0.019,1
"MALT1","MALT1",0.12202808692312,0.296293067512389,0.179,0.16,1
"EHBP1","EHBP1",0.122219644081502,-0.101634485556081,0.586,0.618,1
"LRRC43","LRRC43",0.122288722885855,-0.190215937141924,0.022,0.032,1
"RHBDL1","RHBDL1",0.122431507493887,-0.420199733610387,0.023,0.033,1
"GPS1","GPS1",0.122582003845703,0.322133514652742,0.168,0.149,1
"SCAI","SCAI",0.12268502779269,-0.209217906310068,0.146,0.167,1
"PYROXD1","PYROXD1",0.122874427174002,-0.319540418108314,0.065,0.08,1
"MMACHC","MMACHC",0.122898708502816,-0.33879346593585,0.023,0.033,1
"KAT8","KAT8",0.122899604125781,0.252876553541603,0.141,0.122,1
"ZNF256","ZNF256",0.123096176201528,-0.132511187035367,0.006,0.011,1
"SNX18","SNX18",0.123103931084277,-0.118739854999994,0.087,0.104,1
"ENSG00000246889","ENSG00000246889",0.123115276258962,0.516839303118577,0.087,0.072,1
"MYH14","MYH14",0.123311974656855,0.331085509902516,0.26,0.245,1
"PAXBP1","PAXBP1",0.123353340234193,-0.109586577806149,0.308,0.341,1
"ENSG00000239300","ENSG00000239300",0.123365460921756,-0.362539919820946,0.014,0.022,1
"ORAI3","ORAI3",0.123544550470266,0.256787778322573,0.044,0.033,1
"LYPLAL1-DT","LYPLAL1-DT",0.12357574743019,-0.108532938630069,0.032,0.043,1
"TACC2","TACC2",0.123694246549729,0.105884416793491,0.057,0.073,1
"ENSG00000274561","ENSG00000274561",0.123701620294827,0.875239229693759,0.022,0.015,1
"CASP7","CASP7",0.123968157414037,0.406842777176385,0.153,0.137,1
"IL11RA","IL11RA",0.124010806117396,-0.178449955725173,0.072,0.088,1
"ENSG00000264324","ENSG00000264324",0.124056070110567,-0.346749015410309,0.143,0.162,1
"WARS1","WARS1",0.12414445824729,0.236405972717243,0.09,0.074,1
"DOCK9","DOCK9",0.124208178952822,0.362691774025715,0.185,0.167,1
"DRC3","DRC3",0.124369181840083,0.617207013311591,0.061,0.048,1
"IL1RAPL2","IL1RAPL2",0.124420529015772,-0.586074856040494,0.017,0.026,1
"ENSG00000226822","ENSG00000226822",0.124631219622799,0.756778199427054,0.018,0.011,1
"RALGPS2","RALGPS2",0.124695206263715,0.494155777395966,0.144,0.127,1
"ENPP6","ENPP6",0.124772083314375,-0.626094852467105,0.012,0.019,1
"HCFC1R1","HCFC1R1",0.124900983159892,0.364813340120384,0.062,0.048,1
"CCDC150","CCDC150",0.125110193369058,-0.712398350555976,0.012,0.019,1
"PCDH9-AS3","PCDH9-AS3",0.125110193369058,-0.862709670556221,0.012,0.019,1
"POLDIP3","POLDIP3",0.125430698809616,0.374763061936663,0.127,0.11,1
"C17orf114","C17orf114",0.125587612273265,-0.116669088684098,0.014,0.022,1
"BSN-DT","BSN-DT",0.125937639408957,-1.03231116051301,0.01,0.017,1
"CCDC85A","CCDC85A",0.125978361641938,1.23351655113837,0.037,0.027,1
"ENSG00000279159","ENSG00000279159",0.125994535909779,-1.07265614130829,0.01,0.017,1
"PITHD1","PITHD1",0.126028337057846,0.557848122411639,0.049,0.038,1
"PTP4A3","PTP4A3",0.126108388977699,-1.00556095165829,0.01,0.017,1
"TMEM106C","TMEM106C",0.126113495314315,0.49703169305404,0.027,0.019,1
"MICAL2","MICAL2",0.126117423295036,-0.117263677542024,0.033,0.044,1
"PRICKLE3","PRICKLE3",0.12612537868763,-0.742653961303489,0.018,0.026,1
"ENSG00000225811","ENSG00000225811",0.126172691131358,-0.468566808110638,0.02,0.029,1
"SLAIN2","SLAIN2",0.126338112423333,-0.136257864098968,0.198,0.222,1
"ZNF586","ZNF586",0.126365699043309,0.21070489253863,0.306,0.287,1
"HPS3","HPS3",0.126394424924262,0.421004923282496,0.137,0.12,1
"TRIM56","TRIM56",0.126454084960967,0.445412971090325,0.138,0.121,1
"PRICKLE1","PRICKLE1",0.126507505834829,-1.23290518931231,0.01,0.017,1
"THSD4","THSD4",0.126605333518322,-0.547516303503003,0.03,0.041,1
"ERCC3","ERCC3",0.126643438241069,-0.184999174397217,0.11,0.129,1
"ENSG00000249112","ENSG00000249112",0.126946908857413,0.537976021641613,0.027,0.019,1
"GTF3C2","GTF3C2",0.126987351088247,-0.132656583537016,0.077,0.095,1
"SMIM10L2A","SMIM10L2A",0.127026945250947,-0.923638203179562,0.008,0.014,1
"DUSP15","DUSP15",0.127311176242742,-0.135871234177577,0.026,0.036,1
"IDI1","IDI1",0.127336406077609,-0.278642935987524,0.064,0.079,1
"U2AF1","U2AF1",0.127385542837748,-0.336638063509261,0.024,0.033,1
"TRAM1","TRAM1",0.127400676057213,0.23567034158681,0.146,0.127,1
"ENSG00000284721","ENSG00000284721",0.127576276170602,-0.442056738225069,0.012,0.019,1
"LINC01362","LINC01362",0.127643660739189,0.420466189878745,0.022,0.015,1
"MROH9","MROH9",0.127661453747019,-0.453972945976638,0.008,0.014,1
"CDKL5","CDKL5",0.127670842495464,0.304191516201514,0.207,0.188,1
"TMEM9B","TMEM9B",0.127705321218306,-0.252702849011008,0.063,0.078,1
"CNTN4","CNTN4",0.127731074896028,-0.659862146284078,0.032,0.042,1
"NAA40","NAA40",0.12780250957643,-0.217770203681272,0.09,0.107,1
"SLC2A12","SLC2A12",0.127856409194387,0.102355679688375,0.109,0.131,1
"ZNF211","ZNF211",0.127879874122272,-0.337706537489144,0.044,0.056,1
"FAT1","FAT1",0.127946314277333,0.234163886454378,0.366,0.36,1
"ENSG00000258655","ENSG00000258655",0.128002128919795,-0.836464283078339,0.018,0.026,1
"POLR2E","POLR2E",0.128025391281629,-0.345362286519515,0.045,0.058,1
"ENSG00000149656","ENSG00000149656",0.128056175060412,-0.818905391097434,0.01,0.017,1
"SNAP47","SNAP47",0.128196047732871,0.549235965576238,0.05,0.039,1
"ARK2N","ARK2N",0.128198265017702,-0.27053789555416,0.095,0.112,1
"SUPT5H","SUPT5H",0.128403020869682,0.158536866574246,0.214,0.192,1
"RTKN","RTKN",0.128494583665352,0.48570432611272,0.06,0.048,1
"ENSG00000214772","ENSG00000214772",0.128496549255873,-0.463020581060101,0.039,0.051,1
"SMIM20","SMIM20",0.128528002810936,-0.400049079002359,0.039,0.05,1
"TNFAIP2","TNFAIP2",0.128768197373765,-0.238799330113566,0.02,0.029,1
"CEP250","CEP250",0.128899328430387,0.372120428710225,0.088,0.073,1
"CCDC92","CCDC92",0.128933901246041,0.133869661236177,0.406,0.389,1
"CNBD2","CNBD2",0.12901772772192,-0.400335837081157,0.024,0.033,1
"SLC6A6","SLC6A6",0.129031133327799,0.666048979088079,0.014,0.008,1
"RNF40","RNF40",0.129107805900366,-0.101879558231159,0.077,0.093,1
"SMNDC1","SMNDC1",0.129196646558819,-0.499955465466043,0.048,0.061,1
"COL4A2","COL4A2",0.129262040165293,0.280708320954968,0.237,0.214,1
"NDUFAF4","NDUFAF4",0.129290048353058,0.324089499900238,0.053,0.041,1
"MAPRE1","MAPRE1",0.129318354584089,0.286279372177153,0.09,0.075,1
"C22orf23","C22orf23",0.129346959802112,0.513028468826795,0.014,0.008,1
"RAB37","RAB37",0.129374168090869,0.315618598570467,0.018,0.011,1
"ATG4A","ATG4A",0.12937899693076,0.561093178468163,0.052,0.04,1
"AZIN1","AZIN1",0.129595269463114,-0.187938677688106,0.158,0.179,1
"IPCEF1","IPCEF1",0.129662388660488,-0.621573162842251,0.015,0.023,1
"ITGB1-DT","ITGB1-DT",0.129701995060692,1.07513620917592,0.029,0.021,1
"PDRG1","PDRG1",0.129755009914268,-0.458970878254243,0.021,0.03,1
"SHLD1","SHLD1",0.12976169385286,-0.116207501997744,0.059,0.073,1
"NPIPA8","NPIPA8",0.129779593896811,-0.407441786824805,0.024,0.033,1
"ENSG00000276449","ENSG00000276449",0.129869197882406,0.976409065673564,0.019,0.012,1
"EXT2","EXT2",0.129873391508856,0.180248540731455,0.252,0.231,1
"AP5M1","AP5M1",0.129976060006104,0.161537995717557,0.143,0.122,1
"E2F6","E2F6",0.130048928659214,-0.349612768268134,0.053,0.066,1
"DGKI","DGKI",0.130163292576987,-0.15891914211575,0.118,0.138,1
"SPIRE1","SPIRE1",0.13040798506454,0.108955685352539,0.646,0.647,1
"ACSS2","ACSS2",0.130853312369949,0.301620264732377,0.108,0.092,1
"ADCK2","ADCK2",0.131000714533631,-0.314070141191447,0.008,0.014,1
"GOLGA6L4","GOLGA6L4",0.131066562111909,-0.417231070502998,0.022,0.03,1
"PAFAH1B3","PAFAH1B3",0.131079573143915,0.873423383920703,0.019,0.012,1
"ENSG00000261273","ENSG00000261273",0.131144373459431,-0.93891430030819,0.013,0.02,1
"CYB5A","CYB5A",0.131207123942598,-0.245411947187818,0.034,0.045,1
"AGAP6","AGAP6",0.131298993911081,0.24788147506293,0.153,0.133,1
"TMEM176B","TMEM176B",0.131367098594127,-0.375452420861316,0.07,0.084,1
"ZBTB5","ZBTB5",0.131449521810264,0.371605091585415,0.116,0.1,1
"STAT5A","STAT5A",0.131670203932622,-0.468593536859389,0.056,0.069,1
"PAXIP1","PAXIP1",0.131906185574103,-0.202588966601241,0.08,0.096,1
"ATMIN","ATMIN",0.13197816993813,0.679172370323984,0.065,0.052,1
"MILIP","MILIP",0.131979064090139,0.68247355077118,0.023,0.015,1
"FAM88B","FAM88B",0.132021838200299,-0.202347354771122,0.01,0.017,1
"LINC02899","LINC02899",0.132139899788109,-0.206944105839054,0.01,0.017,1
"MCRS1","MCRS1",0.132223069900409,0.298283175918292,0.057,0.045,1
"ENSG00000268750","ENSG00000268750",0.13224307404721,0.712650282698809,0.019,0.012,1
"PGBD4","PGBD4",0.13236398782302,0.312303401383361,0.039,0.028,1
"RTRAF","RTRAF",0.13254600139489,-0.376054558681128,0.043,0.055,1
"PRMT3","PRMT3",0.132643012183497,0.210107023492552,0.28,0.257,1
"MIEF2","MIEF2",0.132683558988095,0.810852023378462,0.029,0.021,1
"KIAA1586","KIAA1586",0.132790504461007,0.492528458573854,0.059,0.047,1
"MRPL35","MRPL35",0.132858647786525,0.504625455833517,0.051,0.039,1
"GNAO1","GNAO1",0.132921641389946,0.165893541510715,0.5,0.49,1
"SEL1L","SEL1L",0.132926644606722,0.196236707391535,0.181,0.161,1
"RFT1","RFT1",0.133063868869965,-0.230443340962299,0.021,0.03,1
"ARHGEF19","ARHGEF19",0.13306825230666,1.39450577943918,0.011,0.006,1
"DIAPH2","DIAPH2",0.133224840871695,-0.144000728602092,0.121,0.141,1
"MB21D2","MB21D2",0.133249504857725,-0.343044342341784,0.047,0.06,1
"ZNF839","ZNF839",0.133308164061555,-0.136407023403368,0.067,0.083,1
"MNAT1","MNAT1",0.133395059420897,-0.134628020877345,0.377,0.402,1
"TSEN54","TSEN54",0.133577746506934,0.239436812842653,0.096,0.08,1
"ZFAT","ZFAT",0.133617074576966,0.342102347173959,0.105,0.089,1
"DARS2","DARS2",0.133619934779745,0.384033661944411,0.034,0.024,1
"SS18L2","SS18L2",0.133717763942684,0.405596422131885,0.041,0.03,1
"IBA57","IBA57",0.133775056389756,0.520289865399406,0.034,0.025,1
"ZNF514","ZNF514",0.133929461591028,-0.25502761196533,0.024,0.033,1
"PDPR","PDPR",0.134001555019334,0.209578279939866,0.275,0.257,1
"ENSG00000234848","ENSG00000234848",0.134093732201378,1.0210139315076,0.011,0.006,1
"RAB10","RAB10",0.134171274714559,0.132045935966371,0.565,0.564,1
"WDR36","WDR36",0.134193535082699,-0.273969128948869,0.074,0.089,1
"ZNF597","ZNF597",0.134256238677498,0.532600626569169,0.019,0.012,1
"C1QA","C1QA",0.134314271006261,1.00961930309294,0.011,0.006,1
"KCNQ1OT1","KCNQ1OT1",0.134326830268671,0.206630112775196,0.147,0.128,1
"FAR2","FAR2",0.13456209357529,-0.650869680005969,0.013,0.02,1
"NSMCE1","NSMCE1",0.134673443263525,-0.143725036327168,0.07,0.086,1
"ENSG00000258569","ENSG00000258569",0.134711907489786,-0.313934722106986,0.044,0.057,1
"ENSG00000229642","ENSG00000229642",0.13481963737664,0.441299594753038,0.019,0.012,1
"MEIOC","MEIOC",0.13482995218556,0.825736079480635,0.011,0.006,1
"UBA1","UBA1",0.134866671612362,0.325128028995934,0.227,0.212,1
"INTS13","INTS13",0.134917704459981,0.5166084421412,0.048,0.037,1
"VPS16","VPS16",0.134934042775909,0.750155410429811,0.024,0.016,1
"SLC38A1","SLC38A1",0.134957978435168,0.286535280526058,0.145,0.127,1
"PHETA1","PHETA1",0.134977570377108,0.832664740490951,0.011,0.006,1
"EFCAB5","EFCAB5",0.135033482948335,0.531267998192721,0.023,0.015,1
"SMAD3","SMAD3",0.135067474495543,0.187614162490029,0.342,0.325,1
"WDR44","WDR44",0.135094523916741,-0.10807539474721,0.125,0.147,1
"KIAA2013","KIAA2013",0.135114048976356,-0.201483591925895,0.105,0.123,1
"ENSG00000276259","ENSG00000276259",0.135246589752958,0.534532601324774,0.029,0.02,1
"MACO1","MACO1",0.135342384383298,-0.147639503948889,0.133,0.153,1
"SETD6","SETD6",0.135415250789439,0.249972921466685,0.048,0.037,1
"NME6","NME6",0.135451356435699,0.237822984077036,0.039,0.028,1
"C3orf33","C3orf33",0.135569292403936,0.653132786269609,0.011,0.006,1
"FAM47E-STBD1","FAM47E-STBD1",0.135657347365599,-0.790146207087874,0.019,0.027,1
"ITFG2","ITFG2",0.135667213887723,0.29884508325152,0.207,0.189,1
"SEC14L6","SEC14L6",0.135667772557559,-0.198207792121649,0.024,0.033,1
"LEAP2","LEAP2",0.13575560136184,1.15407075806623,0.019,0.012,1
"TMEM260","TMEM260",0.135792344593467,-0.13706077590334,0.224,0.25,1
"CEP20","CEP20",0.136002849506637,0.267679296959907,0.109,0.093,1
"ENSG00000233367","ENSG00000233367",0.136060783622949,1.12809712900981,0.015,0.009,1
"ENSG00000271554","ENSG00000271554",0.136101064799607,0.379629852022592,0.029,0.02,1
"NOMO3","NOMO3",0.136116577068903,0.957592071888948,0.019,0.012,1
"GPRASP2","GPRASP2",0.1361332393395,-0.265190850925686,0.013,0.02,1
"TMEM130","TMEM130",0.136228526043788,-1.19858543535594,0.006,0.012,1
"ENSG00000267219","ENSG00000267219",0.136299482597456,-0.478455241555253,0.025,0.035,1
"ENSG00000280029","ENSG00000280029",0.136306720734067,-0.513599199698506,0.019,0.027,1
"ZKSCAN5","ZKSCAN5",0.136773886084526,-0.311418626171653,0.062,0.077,1
"SEMA5B","SEMA5B",0.136787496267553,-0.45940959502723,0.013,0.02,1
"MIDN","MIDN",0.136868015686725,0.180899821829383,0.214,0.192,1
"SNCG","SNCG",0.136937998805639,0.41553679472102,0.043,0.033,1
"PTMA","PTMA",0.136975342306452,0.200189765275451,0.259,0.239,1
"ENSG00000206028","ENSG00000206028",0.137048725461067,-0.2428987657385,0.018,0.026,1
"PRDM4","PRDM4",0.137061472942467,0.437629980513971,0.059,0.046,1
"PPP3CA-DT","PPP3CA-DT",0.137105942588289,-1.10480061782436,0.006,0.012,1
"LINC03050","LINC03050",0.137146936185704,-0.135309004195263,0.021,0.03,1
"MRPL11","MRPL11",0.13717966740275,0.521004584598696,0.036,0.026,1
"MARCHF3","MARCHF3",0.137277856637779,0.143660232858045,0.607,0.607,1
"AP3M2","AP3M2",0.137282870443734,0.32128163060775,0.083,0.068,1
"SHISAL2A","SHISAL2A",0.137325976371741,-1.08108172868661,0.006,0.012,1
"AP1G2-AS1","AP1G2-AS1",0.137472816786876,-0.876393832884186,0.006,0.012,1
"NRXN2","NRXN2",0.137512877322419,0.34473638749734,0.123,0.106,1
"DARS1-AS1","DARS1-AS1",0.137534557793595,0.655683538035553,0.015,0.009,1
"CTDSPL2","CTDSPL2",0.137576940525704,-0.142063096995729,0.227,0.252,1
"TCTN2","TCTN2",0.137764392885552,0.531197789749678,0.09,0.075,1
"ENSG00000261220","ENSG00000261220",0.137766860805373,-0.804693877652414,0.006,0.012,1
"ENO1","ENO1",0.137867462765841,0.208424677376393,0.448,0.434,1
"YBX3","YBX3",0.137895414971181,-0.182566604375742,0.178,0.201,1
"EXOSC6","EXOSC6",0.137987284004154,0.423671663318125,0.095,0.08,1
"FARSB","FARSB",0.138050169756353,-0.22808562684598,0.094,0.111,1
"SCN3A","SCN3A",0.138208835620918,-0.788842137497341,0.006,0.012,1
"MYH9","MYH9",0.138250034722818,0.340848397612426,0.174,0.157,1
"PGF","PGF",0.138308354174382,0.669330665232398,0.015,0.009,1
"LZTS2","LZTS2",0.138457428350707,0.407299952016811,0.129,0.112,1
"KIF26B","KIF26B",0.138514544082731,0.269802597654556,0.095,0.08,1
"ANAPC2","ANAPC2",0.138568338737624,-0.301609633921817,0.049,0.062,1
"SEL1L2","SEL1L2",0.138725852987527,-0.641316291920747,0.006,0.012,1
"AIFM3","AIFM3",0.138793185303218,-0.125865384132551,0.209,0.237,1
"FAM24B","FAM24B",0.138799834064005,-0.574504451302006,0.006,0.012,1
"NPIPB2","NPIPB2",0.13884551728004,0.49374038902036,0.024,0.016,1
"ENSG00000241295","ENSG00000241295",0.138875321142913,-0.157223714446749,0.013,0.02,1
"ENSG00000249984","ENSG00000249984",0.138997685365371,-0.446632037038729,0.016,0.024,1
"ENSG00000177337","ENSG00000177337",0.139019529209332,-0.159610992522206,0.05,0.064,1
"ESCO1","ESCO1",0.139029005316417,-0.126253828300919,0.116,0.136,1
"ENSG00000266385","ENSG00000266385",0.139096062272991,-0.512350370159486,0.006,0.012,1
"CLDN20","CLDN20",0.139170193433753,-0.579049085483236,0.006,0.012,1
"NAXD","NAXD",0.139618174700326,0.287413514156632,0.091,0.076,1
"DLG4","DLG4",0.139730058526328,0.268822880675466,0.111,0.095,1
"ENSG00000285441","ENSG00000285441",0.139842741855371,0.53195506558554,0.078,0.064,1
"FLVCR2","FLVCR2",0.139848493576707,0.69221509459553,0.024,0.017,1
"MADD","MADD",0.139895442014356,0.257373951857052,0.153,0.135,1
"TTC1","TTC1",0.140046943866028,0.265354684555672,0.182,0.164,1
"SPTLC2","SPTLC2",0.140142092861656,-0.16053269304423,0.131,0.151,1
"ADAMTS3","ADAMTS3",0.140270782981185,0.524824096236451,0.072,0.059,1
"FAM217A","FAM217A",0.14036387353184,-0.839949741552736,0.009,0.015,1
"C1orf174","C1orf174",0.140405348408051,1.06432908876964,0.025,0.017,1
"EPCAM-DT","EPCAM-DT",0.140429295484204,0.461561736502629,0.09,0.076,1
"HIPK1-AS1","HIPK1-AS1",0.140437620852194,-0.589800824516791,0.011,0.017,1
"LHPP","LHPP",0.140618773983874,0.241614628133745,0.201,0.183,1
"GCAT","GCAT",0.140622371502414,0.443859292828079,0.09,0.076,1
"EHMT2","EHMT2",0.14078722435972,-0.155587198350131,0.096,0.114,1
"ZBTB18","ZBTB18",0.140870949764079,-0.127628100494202,0.067,0.082,1
"HDHD5-AS1","HDHD5-AS1",0.140902673465248,-0.118855919050453,0.064,0.079,1
"SH3BP5","SH3BP5",0.140921042093497,-0.61396812039602,0.011,0.017,1
"DYNC2I2","DYNC2I2",0.140938448272493,0.548645681730801,0.057,0.045,1
"LAMP1","LAMP1",0.141001619691205,0.289617078862216,0.214,0.194,1
"RAB6B","RAB6B",0.141041758938817,0.400436039025761,0.184,0.167,1
"MGAT4A","MGAT4A",0.141092817413287,-0.179130120260303,0.128,0.148,1
"ENSG00000232912","ENSG00000232912",0.141105448582032,0.594791012436838,0.019,0.012,1
"FHIP2A","FHIP2A",0.14114546128475,-0.104362971593656,0.162,0.185,1
"AGO4","AGO4",0.14117409016678,-0.116181426043861,0.214,0.239,1
"DOC2B","DOC2B",0.141257103134474,0.452088953169721,0.024,0.017,1
"GNPDA1","GNPDA1",0.141426379271747,0.339903067664841,0.077,0.063,1
"APTR","APTR",0.141447566845756,0.42670856899532,0.128,0.111,1
"STAT6","STAT6",0.1415245321115,0.456604910120847,0.071,0.058,1
"PTGDS","PTGDS",0.141576441085412,-0.205668633089597,0.022,0.03,1
"SLC6A8","SLC6A8",0.141589890658133,-0.224501756360872,0.163,0.182,1
"PLAAT3","PLAAT3",0.141657933033812,-0.111137868622894,0.191,0.217,1
"ZMPSTE24","ZMPSTE24",0.141664641888749,0.299217351581756,0.13,0.113,1
"GMPR2","GMPR2",0.14201201669184,-0.439056078094745,0.026,0.035,1
"CCDC30","CCDC30",0.142084063565186,0.230421608210328,0.306,0.29,1
"CUTC","CUTC",0.142123066855231,-0.137505664351774,0.095,0.112,1
"ENSG00000268533","ENSG00000268533",0.142453784736478,0.399857331854743,0.064,0.051,1
"ENSG00000231113","ENSG00000231113",0.142478772135691,0.347091925607018,0.043,0.033,1
"ENSG00000271971","ENSG00000271971",0.142500998590292,-0.401722480802482,0.011,0.017,1
"ZNF540","ZNF540",0.142516037459404,-0.208170660502329,0.087,0.103,1
"GTF2F1","GTF2F1",0.142541205664215,-0.151095457686822,0.04,0.052,1
"ZNF579","ZNF579",0.142828385126554,0.47502492303718,0.036,0.026,1
"USP42","USP42",0.142860581929637,-0.150294241720202,0.138,0.16,1
"SPRY2","SPRY2",0.142900375577876,0.323104009066108,0.19,0.172,1
"RNH1","RNH1",0.142947894838915,-0.123886508821557,0.085,0.102,1
"CCT6A","CCT6A",0.142993920525212,0.564701219412083,0.069,0.056,1
"SLC39A6","SLC39A6",0.143105088939777,-0.391985811411669,0.037,0.048,1
"C6orf118","C6orf118",0.143124495837858,1.01564493793365,0.02,0.013,1
"YAE1-DT","YAE1-DT",0.143480017401243,-0.17946171376425,0.011,0.017,1
"ENSG00000251555","ENSG00000251555",0.143513613476529,0.224669458603496,0.267,0.248,1
"DOCK2","DOCK2",0.143614114206667,-0.731304473498644,0.014,0.021,1
"ENSG00000231441","ENSG00000231441",0.143620696857951,-0.260540964788226,0.068,0.083,1
"UNC5D","UNC5D",0.143761014763658,0.863834112550465,0.09,0.076,1
"KLF4","KLF4",0.143811435969955,0.154950978533577,0.019,0.012,1
"ENSG00000258871","ENSG00000258871",0.143913440261504,-0.230569341611163,0.009,0.015,1
"TAF1","TAF1",0.144033526939064,-0.120818845334213,0.242,0.266,1
"SNAI3-AS1","SNAI3-AS1",0.14409201824327,-0.115347444679172,0.044,0.056,1
"BID","BID",0.144116719982462,-0.223031755112119,0.08,0.096,1
"SLC44A5","SLC44A5",0.144232215409772,-0.252609694964267,0.029,0.039,1
"AQP11","AQP11",0.14424694154028,-0.310929210698157,0.022,0.031,1
"DDAH2","DDAH2",0.144259533700586,-0.359922192973572,0.042,0.054,1
"NDUFA6","NDUFA6",0.144300129720352,0.43182082432952,0.045,0.035,1
"TP53TG1","TP53TG1",0.144304074337862,-0.283023073880614,0.025,0.035,1
"ENSG00000264016","ENSG00000264016",0.144311750732271,0.897272846813478,0.039,0.03,1
"MAP2K2","MAP2K2",0.144402980570945,0.305804039489394,0.161,0.143,1
"HERC3","HERC3",0.14447179297927,0.144490982839945,0.257,0.234,1
"ENSG00000268364","ENSG00000268364",0.144709871616707,-0.151879411010895,0.092,0.109,1
"MGME1","MGME1",0.144742495604421,-0.203627983805009,0.059,0.073,1
"BRD3","BRD3",0.144814353290352,0.264782985551625,0.105,0.089,1
"DGCR2","DGCR2",0.145069932197725,0.233758058052458,0.278,0.261,1
"REEP5","REEP5",0.145182293128856,0.233540841893386,0.14,0.121,1
"HCN2","HCN2",0.14518700874094,-0.607397388097135,0.016,0.024,1
"MRPL34","MRPL34",0.145258776124213,0.300424142699098,0.063,0.05,1
"ENSG00000213888","ENSG00000213888",0.145357384270555,1.23515825415403,0.012,0.007,1
"FBXO42","FBXO42",0.145363132873623,0.170046414400759,0.441,0.436,1
"ASIC2","ASIC2",0.145407469326999,0.225370585642874,0.019,0.027,1
"LINC01779","LINC01779",0.145475067311846,-0.109949777001673,0.009,0.015,1
"ADGRG2","ADGRG2",0.145496717398403,-0.471979859732648,0.016,0.024,1
"VXN","VXN",0.145570764822466,-0.147321971036415,0.12,0.139,1
"ASTN2-AS1","ASTN2-AS1",0.145601061827995,-0.245676238153975,0.022,0.031,1
"IFIT1","IFIT1",0.145629599060215,-0.189594478163323,0.025,0.035,1
"ENSG00000263624","ENSG00000263624",0.145658610566121,1.01484499926282,0.012,0.007,1
"MAP1S","MAP1S",0.145720550216607,0.335857409598484,0.044,0.034,1
"ENSG00000248265","ENSG00000248265",0.145721579564851,0.866866799102139,0.025,0.017,1
"ACIN1","ACIN1",0.145877177243603,0.188127815041453,0.31,0.288,1
"PIERCE1","PIERCE1",0.145991817088143,-1.28563274861868,0.005,0.01,1
"MAN2A2","MAN2A2",0.146051041343637,0.35641785800334,0.108,0.092,1
"SRCIN1","SRCIN1",0.146076141746111,-0.49420259068638,0.019,0.028,1
"TYK2","TYK2",0.1461302213906,0.610766235241689,0.115,0.099,1
"SYT9","SYT9",0.146210398302328,-0.103680674686507,0.312,0.341,1
"ENSG00000256947","ENSG00000256947",0.146279551001644,0.43015403881479,0.037,0.027,1
"PLPP2","PLPP2",0.14641376703652,1.1207202937489,0.012,0.007,1
"PIM2","PIM2",0.146419878096929,-1.2941133079108,0.005,0.01,1
"CYB5D2","CYB5D2",0.146459780478826,0.369031619470815,0.153,0.137,1
"ENSG00000273576","ENSG00000273576",0.146480799242199,-0.491584187053494,0.016,0.024,1
"PSMA7","PSMA7",0.146557607232591,0.322728095865918,0.101,0.086,1
"HEPHL1","HEPHL1",0.146591371128866,-0.797605134407436,0.005,0.01,1
"GUCA1B","GUCA1B",0.14661279551064,-0.211109550044001,0.029,0.039,1
"ZNF251","ZNF251",0.146675073985205,0.217835172539711,0.195,0.174,1
"ZWILCH","ZWILCH",0.146706235406166,0.220976207133833,0.009,0.015,1
"CHEK1","CHEK1",0.14676301777123,-0.92306757812306,0.005,0.01,1
"PELP1","PELP1",0.14677588446978,-0.10026583373894,0.062,0.077,1
"DHRS4-AS1","DHRS4-AS1",0.146884808565092,-0.167650938746809,0.067,0.082,1
"MZT2A","MZT2A",0.146972974159145,0.379399490368506,0.08,0.066,1
"VAMP4","VAMP4",0.147062715375121,-0.146996010370299,0.085,0.102,1
"CNOT6L","CNOT6L",0.147144673761032,-0.112573446054182,0.214,0.24,1
"KIF22","KIF22",0.147274962852487,0.130241346472745,0.038,0.05,1
"GOLT1B","GOLT1B",0.147287176059057,-0.263222109356551,0.09,0.107,1
"RMND1","RMND1",0.147314934109756,-0.186948757492954,0.078,0.094,1
"ATP6V1G2","ATP6V1G2",0.147364991744157,-0.833231046341107,0.005,0.01,1
"PNMA6A","PNMA6A",0.147364991744157,-0.828996616830257,0.005,0.01,1
"FGF7","FGF7",0.147364991744157,-0.857827610832531,0.005,0.01,1
"NUAK1","NUAK1",0.147377822491698,0.421408476992643,0.078,0.064,1
"ZNF567","ZNF567",0.14738866125525,-0.125431037563159,0.043,0.055,1
"RBMX2","RBMX2",0.147390354692611,-0.162771553154249,0.033,0.044,1
"HIVEP3","HIVEP3",0.147403283722235,0.141752026281219,0.386,0.366,1
"SLC35E2B","SLC35E2B",0.147412527677039,0.183304371074077,0.108,0.092,1
"GLS","GLS",0.147538455030144,0.229416034674006,0.273,0.257,1
"TNFAIP8L3","TNFAIP8L3",0.14755781082526,-0.47046070916063,0.023,0.032,1
"ENSG00000274259","ENSG00000274259",0.147575267668745,-0.186136296786129,0.049,0.062,1
"SSH1","SSH1",0.147634642618918,-0.110762614309192,0.203,0.227,1
"MRPL54","MRPL54",0.147762294919218,0.533402594757164,0.02,0.013,1
"MMP24","MMP24",0.147783954985202,0.185483760909584,0.059,0.047,1
"FAM120C","FAM120C",0.147794094291391,-0.260455456038707,0.133,0.151,1
"LINC01258","LINC01258",0.147796127486328,-0.516954759928215,0.005,0.01,1
"GPIHBP1","GPIHBP1",0.147882470185067,-0.670617365371683,0.005,0.01,1
"ENSG00000274068","ENSG00000274068",0.148144189781436,0.279555865936148,0.172,0.154,1
"CNPY4","CNPY4",0.148175889696474,0.258548151626471,0.024,0.017,1
"ESRRA","ESRRA",0.148179967673767,-0.21458132328841,0.18,0.201,1
"VDAC2","VDAC2",0.148241931731556,0.280891529185659,0.1,0.085,1
"CD200","CD200",0.148439165731865,-0.197097085486909,0.025,0.035,1
"FASN","FASN",0.148517765657878,-0.159402435036174,0.11,0.129,1
"LINC02204","LINC02204",0.148544141030561,0.512074087704177,0.012,0.007,1
"NCEH1","NCEH1",0.148558419973877,-0.151852921924795,0.272,0.299,1
"ENSG00000248240","ENSG00000248240",0.148620661326786,0.865903151390679,0.012,0.007,1
"GFM2","GFM2",0.148640277465883,0.425504735523001,0.101,0.086,1
"PLIN2","PLIN2",0.148877322083486,-0.229941575164222,0.103,0.12,1
"BBIP1","BBIP1",0.149099504606574,0.282676857204802,0.135,0.118,1
"LINC01483","LINC01483",0.149243389782446,-0.762108282364338,0.011,0.018,1
"DAP","DAP",0.149275438175721,-0.183683420156305,0.057,0.071,1
"SYNJ2BP-COX16","SYNJ2BP-COX16",0.149421062822127,0.468772579450277,0.016,0.01,1
"NLRX1","NLRX1",0.149453538720419,-0.116156130138026,0.04,0.052,1
"CLTA","CLTA",0.149705167120899,-0.170437294377416,0.121,0.14,1
"ADPGK","ADPGK",0.149770638176958,-0.104875346252784,0.104,0.122,1
"PLCH2","PLCH2",0.149799698628405,-0.687148636835766,0.011,0.018,1
"PHAF1","PHAF1",0.149874975919409,-0.18821865263493,0.064,0.078,1
"CFAP61","CFAP61",0.149927360958092,-0.192635791651252,0.057,0.071,1
"ZNF66","ZNF66",0.14994288367571,-0.725811384086637,0.028,0.037,1
"MED9","MED9",0.14997364655806,0.269512872453262,0.13,0.113,1
"AAMP","AAMP",0.150029347436064,-0.180315856576299,0.058,0.071,1
"FAM216A","FAM216A",0.150168341331358,0.414741304084629,0.044,0.034,1
"DCLRE1A","DCLRE1A",0.150212282668709,-1.05926888725638,0.009,0.015,1
"NPIPB11","NPIPB11",0.150233475834862,-0.747103339948604,0.011,0.018,1
"MSX1","MSX1",0.150270558289799,0.392814026805167,0.02,0.013,1
"LINC01252","LINC01252",0.150765624920792,0.364517901549055,0.054,0.043,1
"ENSG00000240553","ENSG00000240553",0.150776940593001,0.219802172307943,0.082,0.068,1
"KLHDC2","KLHDC2",0.150778883861765,0.210649344177278,0.184,0.165,1
"ENSG00000228300","ENSG00000228300",0.150816255094381,-0.312514932007181,0.034,0.045,1
"DOLPP1","DOLPP1",0.150929122717309,0.361017170038401,0.025,0.017,1
"STMP1","STMP1",0.151212249464699,0.224130549436788,0.206,0.187,1
"NCOA7","NCOA7",0.151227774659165,-0.24461635940976,0.147,0.167,1
"CEP41","CEP41",0.151237945932713,0.491189467454393,0.06,0.048,1
"RFX1","RFX1",0.151397098603351,0.20894840812962,0.101,0.086,1
"EIF4B","EIF4B",0.151517660069903,-0.1197278079557,0.128,0.148,1
"IP6K3","IP6K3",0.151568966884186,0.557343039569836,0.026,0.018,1
"SRSF8","SRSF8",0.151615437884959,0.439391429285693,0.031,0.022,1
"TXNDC9","TXNDC9",0.151803410371786,0.556959626881187,0.049,0.038,1
"ARCN1","ARCN1",0.151949567021506,0.604874858244747,0.067,0.055,1
"GPR137","GPR137",0.151971671507054,0.221722955014671,0.097,0.082,1
"TRIM68","TRIM68",0.152053207710165,-0.936596814700467,0.009,0.015,1
"SLMAP","SLMAP",0.152123615487223,0.122606952525636,0.471,0.459,1
"MAP7D3","MAP7D3",0.152129081770954,-0.399659234005775,0.035,0.046,1
"ENSG00000223725","ENSG00000223725",0.152438995524845,-0.167049481855749,0.016,0.024,1
"FEM1A","FEM1A",0.152477756891221,0.51894401708508,0.039,0.03,1
"INAFM1","INAFM1",0.152553190191275,0.556813542846732,0.032,0.023,1
"FDPS","FDPS",0.152820167020853,-0.173831555901498,0.113,0.131,1
"MAF1","MAF1",0.152823923526114,0.627707480827365,0.051,0.04,1
"TTLL11","TTLL11",0.152969109134256,0.214034457284036,0.138,0.12,1
"CHST10","CHST10",0.153023713052136,-0.124824516225405,0.075,0.091,1
"ENSG00000234663","ENSG00000234663",0.15306048254506,-1.14809991293329,0.007,0.012,1
"RERG","RERG",0.15306048254506,-0.896668057050467,0.007,0.012,1
"RNF122","RNF122",0.153083098182477,0.224657010771611,0.025,0.017,1
"ENSG00000276075","ENSG00000276075",0.153689519434775,0.89381481228519,0.016,0.01,1
"EBLN3P","EBLN3P",0.153822719484527,-0.116001746649321,0.075,0.09,1
"IGSF9B","IGSF9B",0.154180673885,-0.129937489733,0.011,0.018,1
"PARP12","PARP12",0.154248488687725,-0.529452559409568,0.017,0.025,1
"DNPH1","DNPH1",0.154350203002003,-0.720261206059415,0.021,0.029,1
"KLHDC9","KLHDC9",0.154589119938371,-0.100467872834091,0.019,0.028,1
"CAMSAP1","CAMSAP1",0.154660482452938,0.232280844166484,0.146,0.127,1
"SLC37A1","SLC37A1",0.154669265297848,0.294772660227266,0.147,0.129,1
"CPNE1","CPNE1",0.15472946227164,0.308099314649886,0.136,0.12,1
"BCAT1","BCAT1",0.154758849204048,-0.705458841330964,0.007,0.012,1
"TCF20","TCF20",0.155026989080678,0.239637892959193,0.221,0.202,1
"LRP3","LRP3",0.155091337774207,0.376973226137791,0.109,0.094,1
"ATP2B1-AS1","ATP2B1-AS1",0.155224515181988,-0.920233893025308,0.007,0.012,1
"MTCH2","MTCH2",0.155236419696149,0.125340581877381,0.27,0.25,1
"ABCA10","ABCA10",0.155437947180556,-0.609274389763188,0.009,0.015,1
"TYMP","TYMP",0.155487891291107,0.560339664686337,0.016,0.01,1
"HDAC10","HDAC10",0.15552121096997,0.194576569301428,0.075,0.061,1
"ELOF1","ELOF1",0.155540343838397,0.594179535822052,0.033,0.024,1
"ANXA2R-AS1","ANXA2R-AS1",0.155647019423093,-0.479861701480251,0.009,0.015,1
"LMO4","LMO4",0.15575771128375,0.259275717070663,0.166,0.147,1
"CFAP20DC-AS1","CFAP20DC-AS1",0.155847057017254,-0.518663936147616,0.007,0.012,1
"ENSG00000259577","ENSG00000259577",0.155925007773888,-0.472283614988695,0.007,0.012,1
"LAT","LAT",0.155952170831363,0.28497607732978,0.045,0.035,1
"ACTR6","ACTR6",0.155989594556582,-0.334439290249676,0.049,0.061,1
"CENPV","CENPV",0.155995947350405,-0.30322522778075,0.009,0.015,1
"ALAD","ALAD",0.156213740899855,-0.134279230423219,0.195,0.217,1
"DYRK1B","DYRK1B",0.156241075719601,0.247164034622958,0.062,0.05,1
"ENSG00000272631","ENSG00000272631",0.156352682745688,0.541237418839084,0.027,0.019,1
"RCAN1","RCAN1",0.156390082317164,0.396078990894112,0.094,0.08,1
"YIF1B","YIF1B",0.156425895430479,0.605090590330614,0.041,0.031,1
"CITED4","CITED4",0.156606606112776,0.745875680956897,0.043,0.033,1
"ZC3HC1","ZC3HC1",0.156645469754894,0.268817121357389,0.103,0.088,1
"PKD1L3","PKD1L3",0.156721452450821,0.622829764539318,0.033,0.024,1
"CENPB","CENPB",0.156819018173928,0.22434261579075,0.032,0.023,1
"MT1M","MT1M",0.156836498794171,0.165280787418491,0.324,0.308,1
"KBTBD2","KBTBD2",0.156863921562573,-0.188376819355994,0.11,0.127,1
"CD320","CD320",0.157042879963684,0.448070184495709,0.059,0.048,1
"TPP1","TPP1",0.157052800904194,-0.11236712634314,0.23,0.254,1
"CABLES2","CABLES2",0.157082065441082,0.590204526511644,0.027,0.019,1
"AP3S2","AP3S2",0.15718843070225,0.30405287203251,0.038,0.028,1
"STX5","STX5",0.15729758034424,0.283457300232514,0.158,0.14,1
"SRSF9","SRSF9",0.157328619299052,-0.406255608696873,0.056,0.068,1
"SVEP1","SVEP1",0.157333185114547,-0.249785966069377,0.007,0.012,1
"ADGRF3","ADGRF3",0.157392750437169,-0.438388310590182,0.056,0.068,1
"DPY19L3-DT","DPY19L3-DT",0.157749494756725,-0.174412122011235,0.009,0.015,1
"DHRS11","DHRS11",0.157839167350263,-0.319020837525971,0.017,0.025,1
"SGTB","SGTB",0.157873798114844,-0.263490116159311,0.044,0.055,1
"HERC5","HERC5",0.157885038156661,-0.416715210584964,0.035,0.046,1
"LINC00092","LINC00092",0.157957844377198,-0.202976736380999,0.02,0.028,1
"PDE6C","PDE6C",0.157963563356862,1.02185306577725,0.013,0.008,1
"ENSG00000280007","ENSG00000280007",0.158040959014698,1.16058973510854,0.013,0.008,1
"ATOX1","ATOX1",0.158399339358258,0.177991761214756,0.086,0.071,1
"PCYOX1L","PCYOX1L",0.158455080097741,-0.303275128243191,0.009,0.015,1
"TPRG1","TPRG1",0.158710464333598,-0.111956835382061,0.042,0.053,1
"NUDT17","NUDT17",0.158860323195916,0.253365856418515,0.016,0.01,1
"SNRPA","SNRPA",0.158994385053662,-0.401999959012967,0.046,0.057,1
"APLNR","APLNR",0.159094413029876,0.693512354579626,0.058,0.047,1
"INHA","INHA",0.159113470945418,-0.216886510741584,0.017,0.025,1
"BPTF","BPTF",0.159162961118394,0.145126641372669,0.63,0.649,1
"ENSG00000249898","ENSG00000249898",0.159350545989059,-0.133475381398747,0.153,0.173,1
"SLC4A10","SLC4A10",0.159529497171133,-0.429068935823359,0.014,0.021,1
"KIAA1614","KIAA1614",0.159567230033005,0.28833817956011,0.118,0.102,1
"ENSG00000225964","ENSG00000225964",0.159647565545467,-0.29817825485101,0.014,0.021,1
"ADGRA1","ADGRA1",0.159677973888624,-0.24911906560703,0.024,0.033,1
"ADPRM","ADPRM",0.159793092161397,0.628652091864585,0.034,0.026,1
"OLFML2B","OLFML2B",0.15982899578139,0.95460478331534,0.013,0.008,1
"ENSG00000268713","ENSG00000268713",0.159908244567036,0.668754485718679,0.034,0.026,1
"FHL1","FHL1",0.159909226189015,0.262872185897839,0.195,0.177,1
"ZNF304","ZNF304",0.159982419522231,0.930868175029771,0.028,0.02,1
"POU3F1","POU3F1",0.160202722566451,0.28174135480849,0.048,0.037,1
"ENSG00000249352","ENSG00000249352",0.160225090403175,-0.391304058104124,0.035,0.046,1
"VPS25","VPS25",0.160298123238541,-0.125070150003384,0.014,0.021,1
"BBS10","BBS10",0.160436345748528,-0.374903342326966,0.021,0.029,1
"OXNAD1","OXNAD1",0.160643466799118,0.138678912603485,0.222,0.203,1
"SIPA1L2","SIPA1L2",0.160692037567806,0.294123393296994,0.15,0.133,1
"SART1","SART1",0.160704983124246,0.524449050966679,0.068,0.056,1
"TMEM38B","TMEM38B",0.160740886566847,0.321229365333088,0.062,0.05,1
"PLCB3","PLCB3",0.160943474113351,0.377601899411375,0.048,0.037,1
"PNKP","PNKP",0.160952259777824,-0.204929895184936,0.075,0.09,1
"ENSG00000258982","ENSG00000258982",0.16107621942591,0.578423926718972,0.056,0.045,1
"COTL1","COTL1",0.161083645398424,-0.107769982699667,0.201,0.226,1
"ZNF263","ZNF263",0.161165871763729,-0.267833064332808,0.05,0.062,1
"IRX5","IRX5",0.161166305152229,0.431475607303621,0.052,0.041,1
"ELAPOR2","ELAPOR2",0.161320415957941,-0.117014522512132,0.053,0.066,1
"ENSG00000272368","ENSG00000272368",0.161338441947571,0.183405060463658,0.289,0.273,1
"LCAT","LCAT",0.161493820304007,0.267304455568474,0.166,0.148,1
"ARIH2OS","ARIH2OS",0.161536337148801,-0.527157092220345,0.012,0.019,1
"LRCH3","LRCH3",0.161631844017204,0.155284063572176,0.437,0.425,1
"HSPA1L","HSPA1L",0.161632288138021,0.798226403228818,0.013,0.008,1
"TMEM182","TMEM182",0.161664501121851,-0.526041855761441,0.012,0.019,1
"MALSU1","MALSU1",0.161717417422602,0.280049333010975,0.108,0.093,1
"CD96","CD96",0.161868628230615,0.794202176618516,0.013,0.008,1
"ARHGAP12","ARHGAP12",0.161891455325725,-0.125396187498559,0.269,0.296,1
"ENSG00000225721","ENSG00000225721",0.162049453680506,-0.780488123407813,0.012,0.019,1
"NAT10","NAT10",0.162228964911833,-0.231732536883308,0.101,0.118,1
"DNAJC21","DNAJC21",0.16229713765329,0.492554583666391,0.135,0.121,1
"SCRIB","SCRIB",0.162312073398179,0.42210097502249,0.158,0.144,1
"YY1","YY1",0.162314061235918,0.327745414901272,0.231,0.216,1
"RGS11","RGS11",0.162394920224813,-0.219476315611331,0.044,0.055,1
"SPRY1","SPRY1",0.162400982135428,0.886259457988333,0.017,0.011,1
"CLEC11A","CLEC11A",0.162660803009193,0.362998379336982,0.04,0.03,1
"STK17B","STK17B",0.162684361549334,-0.109647052030727,0.103,0.121,1
"LINC02742","LINC02742",0.162692578090647,-0.607132382180693,0.012,0.019,1
"MIR924HG","MIR924HG",0.162775844021082,0.858845862877937,0.029,0.021,1
"TRMT2B","TRMT2B",0.162897842068803,0.291719981819522,0.078,0.065,1
"NFE2L2","NFE2L2",0.162918135385624,0.1220695004857,0.601,0.594,1
"BIN1","BIN1",0.163171827536406,-0.104583271370372,0.076,0.091,1
"STKLD1","STKLD1",0.163208462363301,-0.545334604638636,0.012,0.019,1
"FAM86B2-DT","FAM86B2-DT",0.163255294909597,-0.330550367732111,0.024,0.033,1
"HSPA12A","HSPA12A",0.163451412248474,-0.141188665326164,0.211,0.233,1
"LINC01739","LINC01739",0.163460958364726,-0.555989611150817,0.015,0.022,1
"KCTD6","KCTD6",0.163569920282217,0.245303682299982,0.094,0.08,1
"ANXA5","ANXA5",0.163570073349448,0.320103780183334,0.12,0.104,1
"PCTP","PCTP",0.163610723321214,-0.203222877714798,0.209,0.23,1
"SERPINB1","SERPINB1",0.163735635009836,0.437049763272098,0.027,0.019,1
"VAMP1","VAMP1",0.163736557345235,0.43132668748634,0.052,0.041,1
"TCTA","TCTA",0.163964740114985,0.242189157596048,0.079,0.065,1
"TRAF5","TRAF5",0.164010297080819,-0.312229039805584,0.018,0.026,1
"GPATCH1","GPATCH1",0.164062911626842,-0.245559473726569,0.046,0.057,1
"GARRE1","GARRE1",0.164343689902741,-0.112667921286168,0.171,0.193,1
"TMUB2","TMUB2",0.164381349959825,-0.196205472945298,0.103,0.12,1
"ZNF224","ZNF224",0.164455720453696,0.147635239393848,0.113,0.097,1
"PROCR","PROCR",0.164604378203846,0.586024301362775,0.028,0.02,1
"STUB1","STUB1",0.164771306552577,0.407155970645167,0.096,0.082,1
"ENSG00000254553","ENSG00000254553",0.16482194118044,-0.458175108827012,0.015,0.022,1
"VCF1","VCF1",0.165065267959019,-0.100242755778257,0.035,0.046,1
"BCL10","BCL10",0.165118932801576,-0.525228059625398,0.015,0.022,1
"UBR7","UBR7",0.165124954397731,-0.280141337171069,0.036,0.046,1
"NPIPB3","NPIPB3",0.165219167534234,-0.376107550475505,0.012,0.019,1
"TANGO6","TANGO6",0.165479014292441,0.186068158344654,0.261,0.243,1
"BPNT2","BPNT2",0.165543798509589,-0.29932305954787,0.08,0.095,1
"RGS2-AS1","RGS2-AS1",0.165818161870944,-0.493434744867961,0.024,0.033,1
"ZBTB46","ZBTB46",0.165864713001882,0.60837483805823,0.093,0.08,1
"PHLPP1","PHLPP1",0.16602348396342,0.112233021307402,0.799,0.804,1
"MGAT5B","MGAT5B",0.16622210243299,1.09158921598868,0.023,0.016,1
"CD63-AS1","CD63-AS1",0.166264218531236,-0.188741806678729,0.012,0.019,1
"KIRREL3","KIRREL3",0.166342227365115,-0.124054147606164,0.036,0.046,1
"HEATR5A-DT","HEATR5A-DT",0.166395198638167,-0.255591157783709,0.012,0.019,1
"GJC2","GJC2",0.166469976918842,-1.1382697043304,0.006,0.01,1
"NUDT16L1","NUDT16L1",0.166520916733715,0.439360877901589,0.066,0.054,1
"GOT2","GOT2",0.166597257692831,0.337704867987727,0.097,0.083,1
"ENSG00000248486","ENSG00000248486",0.16665065636347,-1.06733989894749,0.006,0.01,1
"ENSG00000267345","ENSG00000267345",0.166710334326417,-0.374758365967877,0.018,0.026,1
"LACTB2-AS1","LACTB2-AS1",0.166729651930725,0.631987694103144,0.022,0.015,1
"ENSG00000271382","ENSG00000271382",0.166851823211953,1.86393842463122,0.01,0.006,1
"MRPS9-AS2","MRPS9-AS2",0.166979606773723,-0.33634491641408,0.025,0.034,1
"VPS52","VPS52",0.167103135475228,-0.145050676563671,0.103,0.12,1
"RGS2","RGS2",0.167149167439317,0.634992491113362,0.022,0.015,1
"MANEAL","MANEAL",0.167193579191705,-1.08826075145716,0.006,0.01,1
"UPF3B","UPF3B",0.167288766040268,-0.210334712881747,0.14,0.158,1
"LTC4S","LTC4S",0.167380023476169,-0.168384860915104,0.012,0.019,1
"NRBF2","NRBF2",0.167443427431916,0.538856149756371,0.043,0.033,1
"POP5","POP5",0.167546397663098,0.465844227662284,0.066,0.054,1
"FOXO6","FOXO6",0.167647029217639,-0.782560088610888,0.006,0.01,1
"ENSG00000237637","ENSG00000237637",0.167737829963345,-0.817363998742689,0.006,0.01,1
"ADGRE3","ADGRE3",0.168101400008873,-0.730778145594995,0.006,0.01,1
"NDUFB2","NDUFB2",0.168126593339308,0.456038602763476,0.097,0.084,1
"MCM5","MCM5",0.1681923877865,-0.737204283406795,0.006,0.01,1
"PLAUR","PLAUR",0.168261821560224,0.196270990348907,0.022,0.015,1
"KRAS","KRAS",0.168364729765754,-0.26414692539384,0.08,0.095,1
"CCDC86","CCDC86",0.168374469626091,-1.2008118433912,0.006,0.01,1
"LYRM1","LYRM1",0.168536785321555,-0.212368276999004,0.082,0.097,1
"CENPQ","CENPQ",0.168613351451928,-0.375151347554399,0.025,0.034,1
"FAM228A","FAM228A",0.168739077121342,-0.715079134568273,0.006,0.01,1
"NFYB","NFYB",0.168818173008042,-0.506108058320011,0.034,0.044,1
"HINFP","HINFP",0.168881001613584,0.541640371240935,0.06,0.049,1
"ENSG00000226849","ENSG00000226849",0.168892829426581,-0.420628981365688,0.033,0.043,1
"TMC4","TMC4",0.16889561493412,1.47161215948825,0.01,0.006,1
"ANKRD23","ANKRD23",0.168997686545834,0.288016325339794,0.13,0.113,1
"ZNF557","ZNF557",0.169044480704724,-0.177018737991882,0.04,0.051,1
"ENSG00000255517","ENSG00000255517",0.169047328779826,-0.483858554371766,0.01,0.016,1
"CAVIN1","CAVIN1",0.169104276749615,-0.433451755183952,0.006,0.01,1
"FAM114A1","FAM114A1",0.169209880381935,0.380095695923874,0.042,0.033,1
"PIK3C2B","PIK3C2B",0.169239436522159,0.833717951985613,0.037,0.028,1
"TAF9B","TAF9B",0.169379791372779,-0.142652274953815,0.015,0.022,1
"ECSIT","ECSIT",0.169445368970651,0.187013825522139,0.114,0.098,1
"SNED1","SNED1",0.169480255205821,0.33949566629822,0.348,0.337,1
"ENSG00000254064","ENSG00000254064",0.169480957703366,-0.714274422018267,0.01,0.016,1
"FBXL14","FBXL14",0.169489866842979,0.235500358292749,0.077,0.064,1
"WDR25","WDR25",0.169529861471953,0.298182389129724,0.125,0.109,1
"SYNPR","SYNPR",0.169563384292954,-0.915308722165345,0.008,0.013,1
"ENSG00000249870","ENSG00000249870",0.169619576260901,0.58332730620831,0.036,0.027,1
"ENSG00000230839","ENSG00000230839",0.169621655174201,-0.122082277248292,0.141,0.16,1
"ENSG00000257097","ENSG00000257097",0.169770506707651,-0.718216125457868,0.01,0.016,1
"FGF2","FGF2",0.169943265833524,0.127185134117896,0.568,0.566,1
"ZNF688","ZNF688",0.169975195223959,0.328911510254684,0.05,0.039,1
"USP14","USP14",0.17001676571038,-0.141658759782673,0.189,0.209,1
"ZFYVE1","ZFYVE1",0.170140971383687,0.170760133702906,0.173,0.155,1
"ENSG00000282393","ENSG00000282393",0.170206445034601,-0.750023201231851,0.008,0.013,1
"ZNF30","ZNF30",0.170305633623386,0.280508663220872,0.051,0.04,1
"ATP5MC3","ATP5MC3",0.170337075689906,0.38900574579857,0.07,0.058,1
"ZGLP1","ZGLP1",0.17033893465279,0.263683093106951,0.033,0.024,1
"ATP1B1","ATP1B1",0.170400622582369,0.252844004329978,0.092,0.078,1
"MASTL","MASTL",0.170505664918264,0.716142130709007,0.029,0.021,1
"EDIL3","EDIL3",0.170532143975148,-0.228223386246817,0.082,0.097,1
"ENSG00000232455","ENSG00000232455",0.170769854846215,0.861889821779417,0.01,0.006,1
"FUCA2","FUCA2",0.170776015349234,-0.300216382566161,0.034,0.044,1
"LINC00463","LINC00463",0.170932071051548,-0.755685014249495,0.008,0.013,1
"FAM171B","FAM171B",0.17094037496919,-0.102390644685684,0.416,0.436,1
"MAN2C1","MAN2C1",0.17100472588088,0.286443909453518,0.2,0.183,1
"FAM210B","FAM210B",0.171033496824748,0.278146559428732,0.07,0.057,1
"ANKUB1","ANKUB1",0.171153190995709,0.393455885091577,0.096,0.082,1
"LINC01500","LINC01500",0.171174460530444,-0.811106570950204,0.008,0.013,1
"NPW","NPW",0.171429506127894,0.602038830333512,0.01,0.006,1
"TRIM46","TRIM46",0.171523897535118,0.848343678187442,0.01,0.006,1
"BRMS1","BRMS1",0.171655069606418,0.689468269516481,0.023,0.016,1
"ENSG00000268112","ENSG00000268112",0.171712797056565,0.790240377459642,0.01,0.006,1
"ENSG00000232555","ENSG00000232555",0.171741036742867,-0.86343131838678,0.008,0.013,1
"TMIE","TMIE",0.172017864055526,0.733634024976062,0.014,0.008,1
"GPRC5D-AS1","GPRC5D-AS1",0.172091063135996,0.776253260822711,0.01,0.006,1
"VTI1B","VTI1B",0.172134375910872,0.421854046374159,0.044,0.035,1
"ENSG00000254733","ENSG00000254733",0.172157680058434,0.343221751954981,0.09,0.077,1
"ENSG00000269807","ENSG00000269807",0.172177583560154,0.779324641759489,0.014,0.008,1
"ENSG00000258844","ENSG00000258844",0.172242923160681,-0.616017665632355,0.013,0.019,1
"USP1","USP1",0.172308581610359,-0.182813628748784,0.025,0.034,1
"ENSG00000275964","ENSG00000275964",0.172390269697812,-0.536385471940436,0.008,0.013,1
"ENSG00000249593","ENSG00000249593",0.17255286441623,-0.359432088062231,0.008,0.013,1
"TBC1D22B","TBC1D22B",0.1725973018255,0.469561705388583,0.142,0.127,1
"SLC16A13","SLC16A13",0.172637906700369,-0.559686014753493,0.013,0.019,1
"SLIRP-OT1","SLIRP-OT1",0.172694925449275,0.490092493806184,0.029,0.021,1
"CNKSR1","CNKSR1",0.172776700892777,-0.144004177570871,0.019,0.026,1
"LAMA2","LAMA2",0.172779098827778,-0.422290122269331,0.144,0.16,1
"FANCF","FANCF",0.172819818294908,0.643517744149531,0.018,0.012,1
"COLQ","COLQ",0.172892084480773,-0.117715569320076,0.077,0.091,1
"KCTD11","KCTD11",0.172977845646503,0.41642504597541,0.014,0.008,1
"GSKIP","GSKIP",0.173054451475636,-0.158154461045805,0.04,0.051,1
"DCTN2","DCTN2",0.173339971460933,0.33677883308929,0.138,0.124,1
"SDC3","SDC3",0.173364917757366,0.289158604400845,0.289,0.279,1
"MCUB","MCUB",0.173429905247139,-0.698358494193916,0.013,0.019,1
"CCDC28B","CCDC28B",0.173513852184271,0.733070846742441,0.03,0.022,1
"PUDP","PUDP",0.173515624886545,0.389710234618058,0.07,0.057,1
"ZNF487","ZNF487",0.173527777843659,-0.152509149214388,0.08,0.095,1
"YIPF1","YIPF1",0.173532552743712,0.381939885701092,0.103,0.089,1
"PSMG3","PSMG3",0.173539681475233,0.503013286389692,0.014,0.008,1
"ENSG00000276445","ENSG00000276445",0.173705651301437,0.190066256432701,0.01,0.006,1
"ZNF425","ZNF425",0.173778242979172,-0.143273939113097,0.056,0.068,1
"ARHGAP44","ARHGAP44",0.173779105787427,-0.208501030899352,0.077,0.092,1
"TBC1D20","TBC1D20",0.173779308833716,0.274616999777031,0.13,0.115,1
"COASY","COASY",0.173909748921711,0.41466799522107,0.07,0.057,1
"TSGA10","TSGA10",0.17402137845979,-0.151744528472914,0.148,0.168,1
"STEEP1","STEEP1",0.174110845069383,-0.135072138210508,0.022,0.03,1
"LYRM4","LYRM4",0.174419965773495,0.230775364968039,0.197,0.178,1
"LRRIQ3","LRRIQ3",0.174425319764028,0.372776505818937,0.014,0.008,1
"GAP43","GAP43",0.174521431112655,-0.274039083598273,0.019,0.026,1
"TMEM263-DT","TMEM263-DT",0.174586706849883,0.460467615536091,0.014,0.008,1
"ENSG00000254427","ENSG00000254427",0.174807784837443,-0.166539703535923,0.029,0.038,1
"MICOS13","MICOS13",0.175145475808672,-0.123297011466504,0.064,0.077,1
"LRRC59","LRRC59",0.175172003015286,-0.165859869198865,0.019,0.026,1
"DHX57","DHX57",0.175305315244083,-0.104862599973781,0.15,0.169,1
"TMCO1","TMCO1",0.17534294846274,-0.114038781815981,0.149,0.169,1
"LOC100129203","LOC100129203",0.175355906119318,-0.259579867518393,0.042,0.053,1
"DAB2IP","DAB2IP",0.175391500123326,-0.155780723594662,0.171,0.192,1
"PARK7","PARK7",0.175434343172845,0.42313484866648,0.121,0.107,1
"CDH12","CDH12",0.175439895594349,0.311566863223081,0.074,0.061,1
"COG3","COG3",0.175617317285386,-0.207521890171971,0.115,0.133,1
"ASTE1","ASTE1",0.175670416411563,-0.189721695012364,0.042,0.053,1
"CACNA1C","CACNA1C",0.175972504611526,0.237919516287639,0.551,0.553,1
"FAM3C","FAM3C",0.17598553557082,-0.252711431787895,0.074,0.088,1
"HEY1","HEY1",0.175995906974123,-0.160767943639743,0.076,0.091,1
"ATP5F1D","ATP5F1D",0.175996089561437,0.212643888943693,0.174,0.156,1
"OTULIN","OTULIN",0.176035005109208,-0.188571207943954,0.109,0.125,1
"PATJ","PATJ",0.176139489171432,0.170110611697112,0.352,0.334,1
"PATL2","PATL2",0.176290202043336,-0.399844471814251,0.013,0.019,1
"DHRS13","DHRS13",0.176338822609609,-0.391720960780151,0.019,0.027,1
"ENSG00000258918","ENSG00000258918",0.176424089902104,-0.318891073026494,0.013,0.019,1
"CDKN1A","CDKN1A",0.176450660944061,0.284531440747295,0.035,0.026,1
"ENSG00000268061","ENSG00000268061",0.176679293890538,0.484925518303345,0.029,0.021,1
"SUV39H2","SUV39H2",0.176786976169868,0.429474342999307,0.029,0.021,1
"POLDIP2","POLDIP2",0.17681098114088,-0.105180756298739,0.057,0.069,1
"BTN2A2","BTN2A2",0.176893294297105,-0.191285160030183,0.013,0.019,1
"GABPA","GABPA",0.176982131880349,-0.107968124649556,0.12,0.138,1
"CTH","CTH",0.177004570810897,-0.169524734820717,0.079,0.093,1
"CTDSP2","CTDSP2",0.177134208256372,0.185228708970386,0.262,0.241,1
"ASPRV1","ASPRV1",0.17733280644318,0.881101188269746,0.019,0.012,1
"MRI1","MRI1",0.177368300714196,-0.282888290156421,0.071,0.085,1
"GCSIR","GCSIR",0.177706845147654,-0.992686016046489,0.011,0.017,1
"NUP210","NUP210",0.177874108436217,-0.100850266968373,0.106,0.123,1
"SLC12A9","SLC12A9",0.177891338553482,0.196953691901486,0.133,0.117,1
"ATP8B1","ATP8B1",0.177919243930583,0.43829635092796,0.058,0.047,1
"CCDC28A","CCDC28A",0.177951114384767,0.43254578094637,0.088,0.075,1
"MED12","MED12",0.177991598192738,0.594768656449568,0.072,0.06,1
"ZBTB20-AS1","ZBTB20-AS1",0.178228476756803,0.12300052409938,0.028,0.037,1
"CCDC120","CCDC120",0.178380859243296,0.346265191192376,0.045,0.035,1
"UGDH-AS1","UGDH-AS1",0.178462905114336,0.159440167661677,0.211,0.192,1
"TH2LCRR","TH2LCRR",0.178511502353468,-0.719862927586436,0.011,0.017,1
"SCAT2","SCAT2",0.1785727309558,0.695816185070348,0.019,0.012,1
"DECR2","DECR2",0.178597458619685,0.751587208921977,0.031,0.023,1
"PHF6","PHF6",0.178660904031274,0.531450608277765,0.096,0.083,1
"ISLR","ISLR",0.178700256197392,1.38542529380962,0.014,0.009,1
"DRC10","DRC10",0.178855841077558,-0.388899709653479,0.023,0.031,1
"ENSG00000284686","ENSG00000284686",0.178928797640486,0.42221930989748,0.077,0.065,1
"CDC123","CDC123",0.17933207572921,-0.22459255923216,0.11,0.126,1
"MTMR6","MTMR6",0.179483788731016,-0.258138195939821,0.082,0.096,1
"LINC03143","LINC03143",0.179497925889824,1.23694757733263,0.014,0.009,1
"ZNF865","ZNF865",0.179648231816801,0.490995456939013,0.047,0.037,1
"SLC35F4","SLC35F4",0.179728061274385,-0.28136362362745,0.013,0.019,1
"SMURF1","SMURF1",0.17978716084638,0.168570821218136,0.334,0.315,1
"AKR1E2","AKR1E2",0.179808962208335,0.713560400671339,0.024,0.017,1
"CCNC","CCNC",0.179912904658335,-0.102533949147641,0.122,0.14,1
"PLBD2","PLBD2",0.179939919223206,0.348244871014209,0.18,0.165,1
"UQCRQ","UQCRQ",0.179968150185765,0.468215152252013,0.057,0.046,1
"LOC102723831","LOC102723831",0.180027448338421,0.673858485915867,0.019,0.012,1
"PTPRO","PTPRO",0.18012821898289,-0.488953921443682,0.016,0.024,1
"ZNF101","ZNF101",0.180128941235535,-0.467619665375333,0.011,0.017,1
"MBD4","MBD4",0.180234036625574,-0.29798759457883,0.053,0.065,1
"ANAPC5","ANAPC5",0.180235136566634,-0.116561037537014,0.206,0.228,1
"ZNHIT3","ZNHIT3",0.180293422782321,0.27536719045575,0.046,0.036,1
"ENSG00000262001","ENSG00000262001",0.180530449720548,-0.181640604611497,0.038,0.048,1
"ZNF32","ZNF32",0.180561709353845,0.313393640773913,0.065,0.053,1
"ARMC9","ARMC9",0.180635810865219,-0.134451152919415,0.229,0.249,1
"CHP1","CHP1",0.180652859054371,0.262197400019619,0.117,0.102,1
"GNGT1","GNGT1",0.180692218994532,-0.214723257372419,0.022,0.03,1
"PCDHB11","PCDHB11",0.180699388949873,1.00994853442998,0.014,0.009,1
"MYBL1","MYBL1",0.180869077778653,-0.634777234092546,0.02,0.028,1
"ENSG00000269806","ENSG00000269806",0.180893319679146,0.662810817352535,0.024,0.017,1
"SNX6","SNX6",0.180961196799992,0.228859324910863,0.171,0.154,1
"HMGXB4","HMGXB4",0.18112799853688,-0.144740947399338,0.136,0.154,1
"ENSG00000255817","ENSG00000255817",0.181181642763339,0.756716255706989,0.014,0.009,1
"GLT8D2","GLT8D2",0.181232541213641,-0.439100626006542,0.016,0.024,1
"DNASE1L1","DNASE1L1",0.181382941766487,-0.319642122148392,0.019,0.027,1
"BET1","BET1",0.181420846413107,0.2540790966664,0.082,0.068,1
"CFAP77","CFAP77",0.181460379026567,-0.292686095473891,0.011,0.017,1
"ENSG00000276302","ENSG00000276302",0.181534561373254,-0.494542075706943,0.011,0.017,1
"LARP4","LARP4",0.181575918568167,0.211178516081871,0.301,0.288,1
"TMEM254","TMEM254",0.181597025620734,0.206388598898265,0.123,0.107,1
"ADAMTS12","ADAMTS12",0.181745478944887,0.868223497277778,0.014,0.009,1
"RNF215","RNF215",0.181978616422404,0.430920291630683,0.085,0.073,1
"ACTMAP","ACTMAP",0.182035430072249,0.461526145118706,0.038,0.029,1
"ENSG00000233420","ENSG00000233420",0.182108916322148,0.320053168239806,0.035,0.026,1
"NTMT1","NTMT1",0.182156618252499,0.575524752496021,0.052,0.042,1
"FALEC","FALEC",0.182270799869086,-0.194477923345146,0.025,0.034,1
"MXD3","MXD3",0.18227907010307,-0.208762500002804,0.026,0.035,1
"GTPBP4","GTPBP4",0.182317578189708,0.441653912889381,0.061,0.05,1
"YIF1A","YIF1A",0.182432113560753,-0.134461069657403,0.034,0.044,1
"COA7","COA7",0.182553216044433,0.688380541665829,0.014,0.009,1
"SGSM2","SGSM2",0.182561436842889,0.222164162127108,0.262,0.245,1
"MRPL40","MRPL40",0.182588591722824,-0.390334661592366,0.019,0.027,1
"BLOC1S2","BLOC1S2",0.182594520383613,-0.188756953746603,0.034,0.044,1
"ENSG00000285000","ENSG00000285000",0.18271491177538,0.466974997578381,0.048,0.038,1
"PPARGC1B","PPARGC1B",0.182926613052876,1.65565927770416,0.011,0.006,1
"MSANTD3-TMEFF1","MSANTD3-TMEFF1",0.183022285168444,-0.422402379495135,0.016,0.024,1
"DDN-AS1","DDN-AS1",0.183039134164296,0.631154682992668,0.014,0.009,1
"SUPT3H","SUPT3H",0.183115476708809,-0.120017495593829,0.406,0.434,1
"TMEM19","TMEM19",0.183196086529466,0.355346963985282,0.046,0.036,1
"NDUFA5","NDUFA5",0.183273118409488,-0.257417467517499,0.113,0.129,1
"AAMDC","AAMDC",0.183383048907272,0.151375499398602,0.224,0.203,1
"MPP3","MPP3",0.183393147663871,0.818758434087111,0.04,0.031,1
"ENSG00000261098","ENSG00000261098",0.183517849860305,-0.488425226767857,0.014,0.02,1
"B4GAT1","B4GAT1",0.183601004997137,0.261913129704976,0.141,0.126,1
"ZNF724.1","ZNF724.1",0.183678351487898,-0.331481291540048,0.027,0.035,1
"SRD5A1","SRD5A1",0.184367947217033,-0.174303883337267,0.039,0.049,1
"C1orf87","C1orf87",0.184554328253957,0.132757152966567,0.057,0.07,1
"ENSG00000247925","ENSG00000247925",0.184599412883718,0.224685715901533,0.062,0.05,1
"CCER2","CCER2",0.184606032470304,-0.994260328973311,0.009,0.014,1
"REEP3","REEP3",0.184625971901237,0.192716452935359,0.327,0.31,1
"PCDH9-AS1","PCDH9-AS1",0.184887494057432,-0.427749903106911,0.016,0.024,1
"DMC1","DMC1",0.184887494057432,-0.13310321919075,0.016,0.024,1
"SLC1A3-AS1","SLC1A3-AS1",0.184896102084146,-0.495302704119647,0.011,0.017,1
"ENSG00000271427","ENSG00000271427",0.185213871634958,1.41561994018977,0.011,0.006,1
"CBX7","CBX7",0.185326477774351,0.316596905964587,0.146,0.131,1
"PABPC1","PABPC1",0.185349164010853,0.198291253248965,0.208,0.191,1
"ENSG00000231829","ENSG00000231829",0.18572477355965,-0.221870152082822,0.011,0.017,1
"BMERB1","BMERB1",0.185825831963165,0.173504582304595,0.216,0.197,1
"CRYBG1","CRYBG1",0.185855748611292,-1.2366352740408,0.006,0.011,1
"SPX","SPX",0.185905548024287,0.501961225939695,0.082,0.071,1
"ENSG00000225746","ENSG00000225746",0.18597478747736,0.444483544675185,0.014,0.009,1
"ENSG00000256206","ENSG00000256206",0.18604394642051,-1.40991815751894,0.006,0.011,1
"GRHL3","GRHL3",0.186077025524026,1.03996714102633,0.011,0.006,1
"ZUP1","ZUP1",0.186114356181262,-0.287956940029869,0.049,0.06,1
"NCK1","NCK1",0.186127339506894,-0.121653712808879,0.128,0.147,1
"ABCA9","ABCA9",0.186138098132548,-1.28090003000339,0.006,0.011,1
"ZNF320","ZNF320",0.186173114746243,1.10439667617733,0.011,0.006,1
"BCL2L14","BCL2L14",0.186194861685285,-0.130617968320022,0.066,0.08,1
"TCF3","TCF3",0.186393001814829,-0.176923776280502,0.059,0.071,1
"ENSG00000259995","ENSG00000259995",0.186420764565993,-1.02800976945565,0.006,0.011,1
"MSANTD1","MSANTD1",0.186477129033761,0.42212687025888,0.037,0.028,1
"LINC01994","LINC01994",0.186564862754303,-0.578738412711235,0.024,0.033,1
"CDK11A","CDK11A",0.186674409652628,0.348027860246544,0.061,0.05,1
"MTFMT","MTFMT",0.186793249034395,-0.1650148984003,0.102,0.118,1
"SNRNP48","SNRNP48",0.186844625526142,0.362269945364005,0.062,0.05,1
"RABEP1","RABEP1",0.186941346890379,0.146002215624206,0.391,0.374,1
"LOC105371956","LOC105371956",0.187043393349497,0.408478117750818,0.014,0.009,1
"PRRT3","PRRT3",0.187052550157762,-0.41354549164341,0.027,0.036,1
"LINC02115","LINC02115",0.187223372926977,-0.975924894445245,0.006,0.011,1
"ENSG00000262312","ENSG00000262312",0.187242262754111,0.706984272658137,0.019,0.013,1
"PRIM1","PRIM1",0.187250979970431,0.36601862709324,0.039,0.03,1
"FAM117A","FAM117A",0.187258690266662,0.392176421116835,0.047,0.037,1
"SCUBE3","SCUBE3",0.187382272974298,0.755729101366595,0.019,0.013,1
"ENSG00000272733","ENSG00000272733",0.187459921968044,-0.828705612132448,0.006,0.011,1
"ARHGDIG","ARHGDIG",0.187605758666718,-0.618585467047722,0.009,0.014,1
"ENSG00000283149","ENSG00000283149",0.187785849384821,0.382879908158077,0.014,0.009,1
"ATP2A1","ATP2A1",0.187839808357438,0.555125851196205,0.025,0.018,1
"KIF5A","KIF5A",0.187851284831955,0.163810523641645,0.045,0.035,1
"ENSG00000284906","ENSG00000284906",0.18794126994638,-0.481662381885337,0.009,0.014,1
"SKIDA1","SKIDA1",0.188358688373752,-0.294017096015903,0.014,0.02,1
"ENSG00000231435","ENSG00000231435",0.18835971448854,-0.321353315315334,0.02,0.028,1
"POLA2","POLA2",0.188567786739406,0.262785375911868,0.047,0.037,1
"ENSG00000225075","ENSG00000225075",0.188596315041913,1.16417890718715,0.015,0.01,1
"RABGAP1L-AS1","RABGAP1L-AS1",0.188697788899937,-0.366896543267309,0.009,0.014,1
"ENSG00000266933","ENSG00000266933",0.188781404108948,0.4163272465655,0.011,0.006,1
"ATP8B4","ATP8B4",0.188788662827635,-0.845866463304505,0.006,0.011,1
"KIF1C","KIF1C",0.188849915212928,0.124475227528685,0.099,0.084,1
"LPCAT1","LPCAT1",0.188860498697289,0.295667871252955,0.075,0.062,1
"MED20","MED20",0.188909985316639,1.00652879504505,0.02,0.014,1
"CDKN2AIPNL","CDKN2AIPNL",0.188997949628394,0.478201915078285,0.019,0.013,1
"ARFGAP3","ARFGAP3",0.189099162122912,0.17384847460501,0.169,0.153,1
"FAM20A","FAM20A",0.189170095639719,0.361005459572724,0.011,0.006,1
"ZBTB32","ZBTB32",0.1892648923632,-0.906884611090234,0.006,0.011,1
"BCAM","BCAM",0.189316384105242,0.441084534562281,0.051,0.041,1
"RXFP1","RXFP1",0.189360244437592,-0.555182978368961,0.006,0.011,1
"LOC124904039","LOC124904039",0.189540702872928,0.752475931906722,0.033,0.025,1
"ENSG00000234139","ENSG00000234139",0.189742004595868,-0.32613894364323,0.006,0.011,1
"TNFAIP8","TNFAIP8",0.189742006809933,-0.398938314455957,0.006,0.011,1
"ENSG00000266957","ENSG00000266957",0.189794499777392,-0.157304242283505,0.009,0.014,1
"ZNF491","ZNF491",0.189825196535799,-0.118392959094944,0.034,0.044,1
"ENSG00000177946","ENSG00000177946",0.189949254909729,0.328390884504729,0.011,0.006,1
"KLHDC8B","KLHDC8B",0.189991977502073,-0.349242200849855,0.027,0.036,1
"MVK","MVK",0.190018981803523,-0.20185163538359,0.032,0.041,1
"SP140L","SP140L",0.190028700521798,-0.557019362694976,0.006,0.011,1
"MIR210HG","MIR210HG",0.190146850198343,-0.647466735774852,0.03,0.039,1
"CNOT11","CNOT11",0.190196435918954,-0.114233451818436,0.062,0.075,1
"CLOCK","CLOCK",0.190236962501555,0.167217272797414,0.265,0.246,1
"ZNF749","ZNF749",0.190369985972899,-0.283006971129761,0.02,0.028,1
"ENSG00000259635","ENSG00000259635",0.190411452779921,-0.26821336320069,0.006,0.011,1
"ENSG00000265218","ENSG00000265218",0.190453445862725,0.141557901732824,0.031,0.023,1
"UBE2D1","UBE2D1",0.190518955221064,-0.278924315712572,0.062,0.075,1
"RHOT1","RHOT1",0.190637211523038,0.214237705879442,0.38,0.369,1
"ENSG00000255422","ENSG00000255422",0.190747012323887,0.673294459156363,0.044,0.035,1
"ENSG00000236283","ENSG00000236283",0.190890696034238,-0.416644027420502,0.006,0.011,1
"TMEM160","TMEM160",0.190902660966951,0.711957467453922,0.034,0.026,1
"CDS2","CDS2",0.190991437825052,0.162386354133481,0.368,0.355,1
"SLC4A7","SLC4A7",0.191007979029809,0.333013654533794,0.075,0.063,1
"LINC01876","LINC01876",0.191035821399503,-1.10341195334558,0.018,0.025,1
"L3MBTL1","L3MBTL1",0.191482101761065,-0.140093285843788,0.095,0.111,1
"ENSG00000282278","ENSG00000282278",0.191618111086985,-0.158629362515492,0.049,0.061,1
"SLC26A8","SLC26A8",0.191851840517873,-0.124162228264458,0.006,0.011,1
"KLHL20","KLHL20",0.191946700503229,-0.245862467096642,0.147,0.164,1
"RNF114","RNF114",0.191994603415138,0.350496479657362,0.125,0.111,1
"UAP1","UAP1",0.192050532729523,-0.123302276393698,0.056,0.068,1
"HRH1","HRH1",0.192102952743271,0.592359395332784,0.067,0.055,1
"MAP7D2","MAP7D2",0.192163087868491,0.977219941229114,0.015,0.01,1
"CUL7","CUL7",0.192266958581577,0.158932160954608,0.057,0.046,1
"FBXO46","FBXO46",0.192271831580893,0.531757522886731,0.071,0.059,1
"CDK2AP1","CDK2AP1",0.1924028380661,0.461808304570225,0.019,0.013,1
"DESI1","DESI1",0.192535372627247,0.509835832374669,0.08,0.068,1
"HNRNPLL","HNRNPLL",0.192868710088956,-0.159645828035344,0.156,0.175,1
"SSUH2","SSUH2",0.193022388108899,0.542352785456734,0.025,0.018,1
"STAT1","STAT1",0.193343664961184,-0.128155591397944,0.078,0.092,1
"UCHL3","UCHL3",0.193398753090435,-0.252835734275501,0.062,0.075,1
"LINC01260","LINC01260",0.193410223304543,-0.509960337503753,0.021,0.028,1
"APOOL","APOOL",0.193450897179619,-0.140211059293602,0.118,0.134,1
"C1orf122","C1orf122",0.193680379541379,0.335054310270521,0.135,0.12,1
"RNF112","RNF112",0.193792532584841,-0.194890387689657,0.024,0.032,1
"WDR59","WDR59",0.193793147527066,0.202282545106313,0.382,0.374,1
"GALK1","GALK1",0.193968393954907,-0.298468368219077,0.017,0.024,1
"P2RY11","P2RY11",0.194041925273939,0.596755557669266,0.026,0.019,1
"MAD1L1","MAD1L1",0.194090820193136,0.284576236278556,0.151,0.136,1
"ZBBX","ZBBX",0.194129020077774,0.300749925515643,0.019,0.027,1
"IDH3G","IDH3G",0.19452313893749,0.421494743833923,0.051,0.041,1
"ZNF45","ZNF45",0.19459518343193,-0.20943054206464,0.039,0.049,1
"AKTIP","AKTIP",0.194843892873485,0.37336179643285,0.065,0.053,1
"USF3","USF3",0.194972524325169,0.13981576629956,0.169,0.152,1
"GHRL","GHRL",0.195051282863023,-0.365944920717862,0.017,0.024,1
"ENSG00000275966","ENSG00000275966",0.195058496858357,0.253041985865206,0.041,0.032,1
"TUBB6","TUBB6",0.195107332917545,-0.187048872920837,0.036,0.046,1
"DENND6B","DENND6B",0.195133291807255,0.53622376932421,0.091,0.079,1
"PBX2","PBX2",0.195437917559034,-0.128340276848356,0.068,0.082,1
"SF3A1","SF3A1",0.19548038523819,0.495618394525849,0.075,0.063,1
"CYP21A2","CYP21A2",0.195500012334119,0.696126658494001,0.047,0.038,1
"SAXO4","SAXO4",0.195919157005436,-0.481817300693936,0.025,0.033,1
"ENSG00000228863","ENSG00000228863",0.196030178455687,-0.47848555979131,0.014,0.021,1
"SMS","SMS",0.196223185510543,-0.163821212443201,0.227,0.248,1
"ENSG00000267662","ENSG00000267662",0.196351227996228,-0.137311368021269,0.04,0.05,1
"SLC60A2","SLC60A2",0.196780267734983,-0.171684410764849,0.017,0.024,1
"FBXO38-DT","FBXO38-DT",0.197006743390911,-0.172258931234384,0.237,0.259,1
"CASKIN1","CASKIN1",0.197326981148174,0.30384662198252,0.23,0.217,1
"TEX264","TEX264",0.197376659835505,0.322053279142696,0.07,0.058,1
"CCT2","CCT2",0.197480881759219,0.234228303695971,0.087,0.074,1
"CSF1R","CSF1R",0.197772540604691,0.398487955796276,0.015,0.01,1
"MMEL1","MMEL1",0.197923116149003,1.53741609685464,0.011,0.007,1
"ENSG00000250159","ENSG00000250159",0.197927776588453,-0.138345757227178,0.176,0.194,1
"PANX2","PANX2",0.198068214384471,-0.248234298812804,0.017,0.024,1
"USB1","USB1",0.198252539871364,0.452777037328509,0.042,0.033,1
"PRMT2","PRMT2",0.198443330933348,0.167337579321619,0.306,0.29,1
"STK4","STK4",0.198621460201386,0.273584697708608,0.112,0.098,1
"RBM15-AS1","RBM15-AS1",0.19881688423857,-0.574456035501261,0.034,0.043,1
"EXOSC2","EXOSC2",0.198922529805455,-0.16205935836872,0.024,0.033,1
"DPF1","DPF1",0.19893537352073,0.215995413250277,0.039,0.03,1
"GPR157","GPR157",0.199080092198283,1.0648010020032,0.016,0.01,1
"BSG","BSG",0.19922973279149,-0.228505205665509,0.496,0.521,1
"FSD2","FSD2",0.199405638855728,-0.226418816709084,0.011,0.017,1
"ENSG00000258048","ENSG00000258048",0.199525067341408,0.402265796464905,0.151,0.137,1
"CNOT8","CNOT8",0.19987629819618,0.466073242809367,0.071,0.059,1
"NDUFB9","NDUFB9",0.199968271153835,-0.206018446298255,0.057,0.068,1
"ENSG00000228043","ENSG00000228043",0.199999769193346,-0.135896442598109,0.05,0.062,1
"PODN","PODN",0.200175260021959,0.287024320553054,0.1,0.086,1
"ARMC8","ARMC8",0.200269967706142,0.188883417190029,0.303,0.289,1
"ARHGAP17","ARHGAP17",0.200281662017,0.264505130073479,0.212,0.197,1
"WNK3","WNK3",0.200400191668543,-0.1517962814689,0.105,0.12,1
"MCF2","MCF2",0.200446962143983,1.30015471898807,0.011,0.007,1
"EYS","EYS",0.20045359376935,0.443790475892032,0.042,0.033,1
"THEM4","THEM4",0.200468002333632,0.372096196476433,0.127,0.112,1
"PLTP","PLTP",0.20049615373313,0.273629789738764,0.213,0.199,1
"C15orf40","C15orf40",0.200654925864876,0.206820260495082,0.128,0.113,1
"RCL1","RCL1",0.20074234984101,0.170514799901601,0.253,0.237,1
"TADA3","TADA3",0.200750583418465,0.199785141308624,0.151,0.133,1
"SNHG7","SNHG7",0.200817737235716,0.170142280779741,0.059,0.048,1
"ARID3B","ARID3B",0.200858950249829,0.297333137202771,0.072,0.06,1
"PPEF1","PPEF1",0.201222980443208,-0.746814845831151,0.009,0.015,1
"BLVRA","BLVRA",0.201229051773776,-0.288711929837682,0.047,0.058,1
"MTIF2","MTIF2",0.201366434494683,-0.209233154326788,0.066,0.079,1
"PIK3R1","PIK3R1",0.201376497103159,0.108819571829231,0.53,0.53,1
"MOCS2","MOCS2",0.201833738351703,-0.514064758252217,0.034,0.044,1
"KCNQ4","KCNQ4",0.201925046977971,0.949867262593632,0.039,0.031,1
"DHX33","DHX33",0.202021027535653,-0.19273466530034,0.018,0.025,1
"APBB3","APBB3",0.202211874051309,-0.124273582436628,0.09,0.104,1
"MAK","MAK",0.202242136287723,0.284786780159464,0.123,0.109,1
"ARMC12","ARMC12",0.202277152078307,0.859381011025093,0.016,0.01,1
"ANKRD45","ANKRD45",0.202304701512409,-0.194697763994087,0.037,0.047,1
"CDR2L","CDR2L",0.202306111800102,0.640552738594497,0.011,0.007,1
"ENSG00000283554","ENSG00000283554",0.202338562200544,-0.809454292706234,0.009,0.015,1
"SNX5","SNX5",0.202341631480898,-0.164763068205978,0.092,0.107,1
"NOP10","NOP10",0.202355034719316,0.114124340825671,0.02,0.014,1
"ENSG00000272010","ENSG00000272010",0.202502540387419,0.707475639171516,0.011,0.007,1
"C16orf86","C16orf86",0.202609353342053,-0.743940368870868,0.012,0.018,1
"LSG1","LSG1",0.202645265440291,0.371862561727404,0.072,0.061,1
"NAA16","NAA16",0.202846667594836,0.259638464477378,0.235,0.219,1
"KCTD9","KCTD9",0.202855878289757,0.415701561151421,0.133,0.12,1
"STT3B","STT3B",0.203016338288943,0.202446795679468,0.252,0.235,1
"SEC23IP","SEC23IP",0.203104067728175,-0.192012054507356,0.146,0.163,1
"SPATA1","SPATA1",0.203229099469408,-0.349107403283423,0.043,0.053,1
"TOP1MT","TOP1MT",0.203251751901685,0.480789066444062,0.044,0.035,1
"ACBD4","ACBD4",0.203317693141944,0.286997001094938,0.103,0.089,1
"RDH13","RDH13",0.20340192161583,0.391793067238661,0.057,0.046,1
"TADA2A","TADA2A",0.203435730806594,-0.209826474451079,0.079,0.093,1
"ENSG00000262202","ENSG00000262202",0.203442106483595,-0.197338119490278,0.018,0.025,1
"ANK2-AS1","ANK2-AS1",0.203528708990488,-0.133715307401104,0.06,0.073,1
"STARD3NL","STARD3NL",0.203555808603578,-0.101164842425062,0.082,0.097,1
"ZNF568","ZNF568",0.203594670135096,0.246416063530841,0.171,0.156,1
"MARCHF1","MARCHF1",0.203693122387946,-0.33681280701385,0.08,0.093,1
"DNAJC5","DNAJC5",0.203754198325545,0.202529471902113,0.203,0.184,1
"FA2H","FA2H",0.203766091283883,-0.320826945819118,0.018,0.025,1
"DCUN1D4","DCUN1D4",0.203829387186853,0.127759992520969,0.454,0.443,1
"LOC102723566","LOC102723566",0.203838572619139,-0.700650590897068,0.012,0.018,1
"GPBP1L1","GPBP1L1",0.203991471278721,0.158782751686831,0.396,0.385,1
"TFPT","TFPT",0.203997151278236,0.376323821903906,0.021,0.015,1
"CRYBB2","CRYBB2",0.204078973753713,0.50505535241452,0.011,0.007,1
"ZC3H3","ZC3H3",0.204184460899061,0.29040555057192,0.1,0.087,1
"R3HCC1","R3HCC1",0.204288378750773,-0.289885203633273,0.025,0.033,1
"ZNF346","ZNF346",0.204396275419638,0.285985237445201,0.222,0.209,1
"PAIP2B","PAIP2B",0.204577984344254,-0.234218129969389,0.042,0.053,1
"PFDN4","PFDN4",0.20471475076651,0.609325545672791,0.035,0.027,1
"MOB1A","MOB1A",0.204832517327866,0.282628357300708,0.103,0.089,1
"LOC102723323","LOC102723323",0.204935545760769,-0.146028350793222,0.018,0.025,1
"NDUFB7","NDUFB7",0.205153624809087,0.447591894187527,0.086,0.074,1
"TRIM14","TRIM14",0.205271172155727,-0.312773712378972,0.037,0.047,1
"EMC9","EMC9",0.205287678757064,0.377220676411016,0.021,0.015,1
"PPCDC","PPCDC",0.205349026609376,-0.122522656510638,0.192,0.213,1
"PCBP4","PCBP4",0.205462435175742,-0.152366162629463,0.158,0.176,1
"DTWD2","DTWD2",0.205691439741732,-0.181414322799881,0.133,0.15,1
"ENSG00000228108","ENSG00000228108",0.205769441163558,0.800532196370047,0.039,0.03,1
"HGH1","HGH1",0.20601237131875,0.479115904733372,0.016,0.01,1
"GMNN","GMNN",0.206432819316585,0.252948314529226,0.213,0.198,1
"RBM43","RBM43",0.206438733771374,0.25280690440132,0.031,0.04,1
"RNF139","RNF139",0.206442449142994,-0.20544242123585,0.043,0.053,1
"CLBA1","CLBA1",0.206461664103246,0.470239781333947,0.035,0.027,1
"ST3GAL3","ST3GAL3",0.206530811506762,-0.391413842290866,0.015,0.021,1
"ACKR4","ACKR4",0.206546393269526,-0.424841070433746,0.012,0.018,1
"TOP1","TOP1",0.206555202777262,0.209024329630398,0.342,0.328,1
"MRPL13","MRPL13",0.206575814105724,-0.22854216011255,0.048,0.059,1
"EIF3M","EIF3M",0.206598881149859,-0.138181527311141,0.103,0.119,1
"VHL","VHL",0.206788728282595,0.550257602958196,0.069,0.058,1
"SQOR","SQOR",0.206797042651249,-0.736398650550361,0.007,0.012,1
"ENSG00000227028","ENSG00000227028",0.206935346924939,-0.397587889738546,0.012,0.018,1
"TOR1AIP1","TOR1AIP1",0.206979590640171,0.319979707353831,0.195,0.182,1
"SLC45A1","SLC45A1",0.207086864867578,0.190292241276419,0.033,0.025,1
"MRPL58","MRPL58",0.207106640893251,0.860052239623672,0.029,0.021,1
"SLC7A7","SLC7A7",0.20738512332288,-0.717264308313499,0.007,0.012,1
"STRADB","STRADB",0.207402292458839,-0.115696088230088,0.093,0.108,1
"ENSG00000229751","ENSG00000229751",0.207402792715267,-0.389313158310343,0.012,0.018,1
"ENSG00000254966","ENSG00000254966",0.207910430085085,1.00041694253885,0.022,0.016,1
"ZNF446","ZNF446",0.207981526291828,0.616441293747644,0.049,0.04,1
"IPO7","IPO7",0.208037208106459,0.282998478697655,0.166,0.152,1
"USP22","USP22",0.208197670691865,0.229475931982854,0.279,0.266,1
"CRNKL1","CRNKL1",0.208296988146333,-0.164588323209944,0.038,0.048,1
"ARIH1","ARIH1",0.208372314955861,0.122504374861272,0.502,0.49,1
"NUTF2","NUTF2",0.20839513523789,0.758889503216963,0.038,0.03,1
"CCDC9B","CCDC9B",0.208396932592446,0.323830976044976,0.053,0.043,1
"CEP97","CEP97",0.208736886946659,-0.115207323815587,0.085,0.1,1
"PXDNL","PXDNL",0.208973617404523,0.195072810043194,0.049,0.039,1
"UBE2F-SCLY","UBE2F-SCLY",0.208983803826744,-0.427634891950009,0.022,0.03,1
"ENSG00000242553","ENSG00000242553",0.209057938945566,-0.420684253244066,0.007,0.012,1
"PRDX4","PRDX4",0.209068928650388,0.233130492546455,0.041,0.032,1
"MXRA7","MXRA7",0.209078574308218,0.457376066213748,0.093,0.081,1
"ERH","ERH",0.209094119950325,-0.203011626810286,0.052,0.064,1
"C16orf96","C16orf96",0.209104016731839,-0.566931413770596,0.022,0.03,1
"SHF","SHF",0.209109622257068,-0.229211182149378,0.029,0.038,1
"TBC1D16","TBC1D16",0.20950288363097,0.382981511062562,0.145,0.131,1
"LONRF2","LONRF2",0.209882963819423,0.221865676082012,0.238,0.22,1
"MINDY1","MINDY1",0.209984901045747,0.469195835527052,0.071,0.06,1
"ENSG00000243155","ENSG00000243155",0.210053813622971,0.113142686847456,0.027,0.019,1
"TEX15","TEX15",0.210095780765047,-0.206161150221544,0.043,0.053,1
"SCD","SCD",0.210107605196567,-0.264247123988825,0.175,0.191,1
"SNIP1","SNIP1",0.210330831085435,-0.16026985600553,0.033,0.042,1
"ST7-AS1","ST7-AS1",0.210343731046918,-0.215999304488981,0.007,0.012,1
"PRAG1","PRAG1",0.210472253422086,0.405679950165917,0.129,0.115,1
"RFC2","RFC2",0.210508476652467,-0.385350065621653,0.019,0.026,1
"VPS13A","VPS13A",0.210638214277967,0.227948047405391,0.266,0.254,1
"ENSG00000259543","ENSG00000259543",0.210641263279475,-0.106184438322653,0.007,0.012,1
"ENSG00000239801","ENSG00000239801",0.210673797933383,-0.161998407451209,0.052,0.064,1
"ATG12","ATG12",0.210792770168407,0.307341757826226,0.111,0.097,1
"PEG10","PEG10",0.210852736161311,-0.450417144625872,0.022,0.03,1
"ELK3","ELK3",0.210876597083296,-0.124775675646783,0.079,0.093,1
"SYDE1","SYDE1",0.211047352327508,0.87271801358967,0.016,0.011,1
"NDUFV2","NDUFV2",0.211084687467459,-0.197983703261473,0.118,0.133,1
"POLR3H","POLR3H",0.211465596493947,0.303864417832016,0.128,0.115,1
"STN1","STN1",0.211776389665124,0.306587264506134,0.07,0.058,1
"ASIC3","ASIC3",0.211802601053284,-0.118986190996883,0.012,0.018,1
"IST1","IST1",0.211871965610659,0.15746095119167,0.274,0.256,1
"SEPTIN3","SEPTIN3",0.212002146949334,0.45466711662075,0.045,0.036,1
"LOC101927863","LOC101927863",0.212033773100549,0.110440373257786,0.007,0.012,1
"FAM118B","FAM118B",0.212038874664391,0.435299377956236,0.08,0.068,1
"WIPF1","WIPF1",0.212059746857856,0.296078370659031,0.203,0.19,1
"TLE3","TLE3",0.212102764345702,0.27071790532857,0.185,0.171,1
"ISYNA1","ISYNA1",0.212251320155384,0.358115647962954,0.022,0.015,1
"ZNF142","ZNF142",0.212267052359389,0.423095771139001,0.061,0.05,1
"CCDC163","CCDC163",0.212307281629745,0.124679109525607,0.036,0.046,1
"TUSC2","TUSC2",0.212364488981831,0.461257576192037,0.028,0.021,1
"AKR1A1","AKR1A1",0.212668646764784,0.317748938731066,0.054,0.044,1
"UQCR10","UQCR10",0.212703038699112,0.150821674219315,0.067,0.081,1
"KY","KY",0.21272700262218,0.348197283573981,0.114,0.101,1
"GRIK1","GRIK1",0.212823809921224,-0.522575878857809,0.04,0.05,1
"ADAMTSL4","ADAMTSL4",0.213196192163185,-0.462677518351597,0.016,0.022,1
"ZNF20","ZNF20",0.213267318324852,-0.607722357378978,0.016,0.022,1
"AKR7A2","AKR7A2",0.213325187186204,0.309169424974484,0.073,0.062,1
"SNX8","SNX8",0.213385597402107,-0.130974335216483,0.063,0.075,1
"DHPS","DHPS",0.213755058864086,0.152560330560208,0.064,0.053,1
"JPH2","JPH2",0.213794336268229,0.52129561791693,0.016,0.011,1
"IGF2R","IGF2R",0.213832119622317,0.367809351851807,0.245,0.237,1
"FAM219B","FAM219B",0.214127640170659,0.284106364152894,0.111,0.098,1
"ZNHIT2","ZNHIT2",0.214422255156437,0.940313161942123,0.012,0.008,1
"EPN2-AS1","EPN2-AS1",0.214570370553732,0.754724895999419,0.012,0.008,1
"RCBTB2","RCBTB2",0.214729245780556,-0.195373541465287,0.056,0.067,1
"OSGIN1","OSGIN1",0.214810651229629,-0.220325904148567,0.022,0.03,1
"KIF9","KIF9",0.214949029894726,-0.312560639915953,0.041,0.05,1
"LGALS9","LGALS9",0.215064614408494,0.953317850042703,0.012,0.008,1
"ETV3","ETV3",0.215240061282145,-0.123036411274358,0.022,0.03,1
"ENSG00000262633","ENSG00000262633",0.215386668117866,0.463594443737169,0.061,0.05,1
"ENSG00000259001","ENSG00000259001",0.215460599789991,1.0146148714043,0.012,0.008,1
"PI4KB","PI4KB",0.215606150939572,0.171365426757885,0.187,0.169,1
"ZFAND2B","ZFAND2B",0.215823552832067,-0.484439160428265,0.049,0.059,1
"GLRX2","GLRX2",0.216194851562887,0.310269140738089,0.028,0.021,1
"SFXN1","SFXN1",0.216427932470545,0.174770381102335,0.337,0.326,1
"CHAD","CHAD",0.216552267202684,0.541475000337257,0.012,0.008,1
"MLXIP","MLXIP",0.216676881591979,0.325876399138101,0.145,0.129,1
"SDHA","SDHA",0.216863228765049,-0.166891964433638,0.16,0.177,1
"SLC39A10","SLC39A10",0.216966696078254,-0.11047128546094,0.125,0.142,1
"ZNF843","ZNF843",0.216989511894614,-0.227354922289969,0.016,0.022,1
"LAMTOR2","LAMTOR2",0.217451198482312,0.547556905328107,0.029,0.022,1
"PAK1","PAK1",0.21768690197008,-0.29220879109918,0.072,0.084,1
"DEK","DEK",0.21784703550055,-0.109635951058554,0.143,0.16,1
"VDAC1","VDAC1",0.21788361358089,0.316055667691443,0.115,0.101,1
"CACFD1","CACFD1",0.218033951803895,0.48157207870801,0.05,0.041,1
"ENSG00000278002","ENSG00000278002",0.218144149943855,-0.275634714075013,0.016,0.022,1
"LOC101927745","LOC101927745",0.218147244482246,0.513927788673532,0.012,0.008,1
"SPATA22","SPATA22",0.218285338980807,-0.471842397111855,0.047,0.057,1
"ZW10","ZW10",0.218292993942903,-0.302809336988286,0.046,0.056,1
"ZNF318","ZNF318",0.218586545263193,0.2147390608586,0.17,0.154,1
"CADM3","CADM3",0.218662906166219,0.240032240639817,0.095,0.111,1
"TUBGCP6","TUBGCP6",0.21888972335513,0.247878730124665,0.111,0.098,1
"ZNF175","ZNF175",0.218919416014429,-0.357221925183126,0.047,0.057,1
"ENSG00000259038","ENSG00000259038",0.219143802588894,-0.484527397451913,0.01,0.015,1
"ENSG00000224204","ENSG00000224204",0.219321901199835,-0.353482953296141,0.019,0.026,1
"GPX3","GPX3",0.219893550509288,-0.487311400769289,0.013,0.019,1
"TMEM87A","TMEM87A",0.220120228714244,-0.10985187392412,0.268,0.29,1
"CLPP","CLPP",0.2204120585425,0.385520714865044,0.047,0.038,1
"LYVE1","LYVE1",0.220512623484012,-0.14941083547923,0.191,0.21,1
"GEMIN6","GEMIN6",0.220610176570742,-0.421455465082748,0.013,0.019,1
"PRKCH","PRKCH",0.220706734874985,0.286228281036851,0.046,0.037,1
"PHC2","PHC2",0.220813459554986,0.249839730253894,0.181,0.167,1
"ENSG00000281593","ENSG00000281593",0.221009847920137,0.228568118962871,0.175,0.158,1
"CDC25B","CDC25B",0.221039365429079,0.333827156347202,0.115,0.102,1
"LY6E","LY6E",0.221187509907484,-0.299140064715399,0.01,0.015,1
"IL17RA","IL17RA",0.221308418420608,-0.4028420209902,0.037,0.046,1
"C6orf52","C6orf52",0.221365867060888,-0.284407526482568,0.01,0.015,1
"NIPA2","NIPA2",0.221393573898635,0.656469654558163,0.059,0.05,1
"GTF2E1","GTF2E1",0.221527658938969,0.292023979319672,0.029,0.021,1
"SLC22A1","SLC22A1",0.221662751002229,0.514328447966645,0.017,0.012,1
"PROSER1","PROSER1",0.22169305389695,0.439942167666671,0.07,0.059,1
"OGFOD1","OGFOD1",0.221693897307219,0.375952832848491,0.07,0.059,1
"SPSB2","SPSB2",0.221728257912996,-0.266102073308985,0.013,0.019,1
"MIEN1","MIEN1",0.221785583347681,0.204726886222544,0.046,0.037,1
"IKBKG","IKBKG",0.221800405913084,-0.659309031147332,0.024,0.032,1
"ENSG00000259459","ENSG00000259459",0.221984849826753,-0.29836756847617,0.019,0.026,1
"PLGLB1","PLGLB1",0.221988427703963,0.270112894812338,0.122,0.109,1
"C6orf120","C6orf120",0.22201936879601,-0.330748475854104,0.023,0.03,1
"OSCP1","OSCP1",0.222085261552122,0.451240517387319,0.084,0.073,1
"MRPS34","MRPS34",0.222112299508422,-0.108336566599132,0.034,0.043,1
"C3","C3",0.222639652627644,0.164395378554657,0.223,0.206,1
"LINC01003","LINC01003",0.222806849338549,0.35208552171253,0.022,0.016,1
"AFG2B","AFG2B",0.222902241539494,0.42937766377255,0.052,0.043,1
"RIN3","RIN3",0.223138039752321,0.117631289530261,0.064,0.077,1
"GSTM4","GSTM4",0.223253625785401,0.397308195512488,0.067,0.057,1
"RNASE10","RNASE10",0.223510576398209,0.730146192052855,0.017,0.012,1
"LINC03022","LINC03022",0.223578346977441,-0.301581382892963,0.04,0.05,1
"GNPDA2","GNPDA2",0.22367843383623,0.445145369810927,0.111,0.099,1
"XPO1","XPO1",0.223941168958967,-0.104482091813163,0.544,0.573,1
"ENSG00000285053","ENSG00000285053",0.224047214394528,0.271709951515005,0.078,0.066,1
"DDX41","DDX41",0.224188059320897,0.445147401619531,0.039,0.031,1
"ATG101","ATG101",0.224607638618228,0.438069585169882,0.017,0.012,1
"MXRA8","MXRA8",0.22464425343734,-0.218601370112693,0.051,0.062,1
"ZNF675","ZNF675",0.224964019540881,-0.386488870563968,0.06,0.071,1
"ENSG00000272316","ENSG00000272316",0.224994170996147,-0.157717686567013,0.051,0.062,1
"TOM1","TOM1",0.225481253502166,0.196602856061955,0.135,0.12,1
"NCAPD3","NCAPD3",0.225571126762167,0.323100857313825,0.088,0.076,1
"ENSG00000266076","ENSG00000266076",0.225752677764745,0.353069423807958,0.04,0.032,1
"CABCOCO1","CABCOCO1",0.225875946264814,0.299779044936789,0.065,0.054,1
"TMEM161B","TMEM161B",0.225946955122998,-0.125080218802517,0.172,0.191,1
"G6PC3","G6PC3",0.225955244486698,0.56589247655859,0.062,0.053,1
"COQ8B","COQ8B",0.226134708349541,0.361759064709851,0.172,0.16,1
"GTPBP3","GTPBP3",0.226193158781686,-0.16574520215977,0.055,0.066,1
"DKK2","DKK2",0.226479822991546,-0.827642521333241,0.008,0.012,1
"PCSK2","PCSK2",0.226479822991546,-0.448741639717699,0.008,0.012,1
"PGAP3","PGAP3",0.226630236157714,-0.116514511175887,0.049,0.059,1
"LINC01776","LINC01776",0.227061227941395,1.03034350807374,0.013,0.008,1
"GLIS2","GLIS2",0.227078465370743,-0.108034446078591,0.049,0.059,1
"ENSG00000235910","ENSG00000235910",0.227085803553955,-0.646500236266685,0.008,0.012,1
"FMNL3","FMNL3",0.227168008028466,0.156446025643756,0.176,0.201,1
"TIMMDC1","TIMMDC1",0.22725876885195,0.305666135087726,0.156,0.142,1
"ENSG00000231901","ENSG00000231901",0.227288053752215,-0.537633641491802,0.008,0.012,1
"SPECC1L","SPECC1L",0.227541045032937,-0.376696923824028,0.008,0.012,1
"ZBTB20-AS5","ZBTB20-AS5",0.227616036869362,0.213434869881286,0.153,0.139,1
"ENSG00000272077","ENSG00000272077",0.227815758202776,0.832500410376691,0.018,0.012,1
"TSPAN14","TSPAN14",0.228036782611223,0.269607961678008,0.124,0.111,1
"RASGEF1A","RASGEF1A",0.228263345597411,0.308629338384542,0.085,0.073,1
"ENSG00000267082","ENSG00000267082",0.228357450994413,-1.07549613138522,0.006,0.01,1
"INAFM2","INAFM2",0.228651015530453,0.893216956113988,0.018,0.012,1
"ARK2C","ARK2C",0.228726602111911,-0.35679025333184,0.014,0.019,1
"HUNK","HUNK",0.228734661035266,0.978399226940462,0.018,0.012,1
"UBL7-DT","UBL7-DT",0.228761968459681,-0.439266656764397,0.024,0.032,1
"ENSG00000205212","ENSG00000205212",0.228761968459681,-0.678866556744655,0.024,0.032,1
"LINC01580","LINC01580",0.228910679210316,-0.17012580159142,0.008,0.012,1
"CERS3","CERS3",0.22910599754485,-0.840795065145011,0.011,0.016,1
"ENSG00000246334","ENSG00000246334",0.229155552930727,0.72681748738079,0.013,0.008,1
"TAF6","TAF6",0.229160271925333,0.153423017977741,0.046,0.037,1
"GON7","GON7",0.229276855012117,0.695895799100112,0.024,0.018,1
"PAK1IP1","PAK1IP1",0.22942962512337,-0.413001353341269,0.038,0.047,1
"HIRA","HIRA",0.229439637704635,0.381319356822841,0.08,0.068,1
"RWDD2A","RWDD2A",0.229475986555888,0.378428139568468,0.032,0.025,1
"TELO2","TELO2",0.22947892012343,-0.157312176319481,0.08,0.093,1
"RRAGA","RRAGA",0.229494900618823,-0.23407566072168,0.037,0.046,1
"ROGDI","ROGDI",0.229515419479943,0.357338148053334,0.089,0.077,1
"LHFPL4","LHFPL4",0.229521284703865,-0.166295238776491,0.008,0.012,1
"LINC00276","LINC00276",0.229856576839899,-0.246820799783078,0.032,0.041,1
"WDR86","WDR86",0.22987403940205,-0.745355557861288,0.006,0.01,1
"PBDC1","PBDC1",0.22987403940205,-0.843679380413708,0.006,0.01,1
"RELL1","RELL1",0.229940144742246,-0.201246876002161,0.107,0.122,1
"ENSG00000251615","ENSG00000251615",0.229962238681137,-0.448804835491879,0.02,0.027,1
"ENSG00000227603","ENSG00000227603",0.229990996077803,-0.788884008275621,0.006,0.01,1
"DPM1","DPM1",0.230015645122226,-0.130866463101146,0.15,0.169,1
"ARMC7","ARMC7",0.230244006843937,0.853196828735626,0.018,0.012,1
"MRPS12","MRPS12",0.230251575071036,-0.504595371223255,0.014,0.019,1
"SAP30L","SAP30L",0.230319018111517,0.495342411930955,0.059,0.049,1
"BRD8","BRD8",0.230341367211439,0.230521897943032,0.194,0.18,1
"CAV2","CAV2",0.230342120004061,-0.632788438265191,0.006,0.01,1
"ENSG00000250390","ENSG00000250390",0.230439364283342,-0.235831005291521,0.008,0.012,1
"RASAL2","RASAL2",0.230481336911502,0.106849009527501,0.27,0.248,1
"JPH3","JPH3",0.230541534048399,-0.22299774088462,0.008,0.012,1
"ADAMTS9-AS1","ADAMTS9-AS1",0.230576414250797,-0.473228023477244,0.006,0.01,1
"ACSM3","ACSM3",0.230622796863238,-0.698535215881289,0.011,0.016,1
"FBH1","FBH1",0.230721061551043,-0.173457115120999,0.18,0.197,1
"ENSG00000241220","ENSG00000241220",0.230745970169389,-0.205533699304053,0.008,0.012,1
"ENSG00000253978","ENSG00000253978",0.230810877844421,-0.504332919148484,0.006,0.01,1
"HACL1","HACL1",0.230998295933103,0.280114886274579,0.207,0.194,1
"ADAT2","ADAT2",0.231014321590888,-0.550607095366666,0.029,0.037,1
"ENSG00000258461","ENSG00000258461",0.231162890841575,-0.664144366670252,0.006,0.01,1
"GEMIN5","GEMIN5",0.231204989061029,-0.243335235184277,0.08,0.093,1
"ENSG00000247373","ENSG00000247373",0.231218431546517,-0.397985552850399,0.014,0.019,1
"EVA1C","EVA1C",0.231324219548709,0.228904518619723,0.228,0.212,1
"TLR2","TLR2",0.231397777964869,-0.32818876228976,0.006,0.01,1
"APOBEC3F","APOBEC3F",0.231515285077935,-0.698564469707114,0.006,0.01,1
"MTPN","MTPN",0.231806543776563,-0.160659700307972,0.147,0.164,1
"GSTM3","GSTM3",0.231855200065133,0.501414600265516,0.057,0.048,1
"TRRAP","TRRAP",0.231925202667747,0.141361985667338,0.368,0.367,1
"SNTG1","SNTG1",0.232247962467562,-0.444083827672128,0.021,0.028,1
"SART3","SART3",0.232380217742208,-0.113271116075412,0.099,0.113,1
"SYNDIG1L","SYNDIG1L",0.232574756465676,-0.10482063844748,0.006,0.01,1
"MYO5C","MYO5C",0.232585461374507,0.296046218511541,0.027,0.035,1
"FBXW12","FBXW12",0.232810660999249,-0.307058537591681,0.006,0.01,1
"RASA2","RASA2",0.232918645048222,-0.111689365694411,0.307,0.328,1
"IMMT","IMMT",0.233231978712904,-0.154346716045808,0.161,0.179,1
"C1QBP","C1QBP",0.233240828182435,-0.239465615957684,0.049,0.059,1
"ENSG00000267436","ENSG00000267436",0.233401164833352,-0.115575698997187,0.006,0.01,1
"SOCS5","SOCS5",0.233411055791363,0.380835897147604,0.122,0.109,1
"RCE1","RCE1",0.233689599857668,0.40047106746605,0.013,0.008,1
"PGAP1","PGAP1",0.233730751795898,-0.117574037641144,0.141,0.157,1
"EXTL1","EXTL1",0.234254564620461,-0.16775149721018,0.024,0.017,1
"CARS2","CARS2",0.234440525517042,0.288370113544407,0.209,0.196,1
"ESR2","ESR2",0.234862232194598,-0.21493463995386,0.042,0.051,1
"CHCHD1","CHCHD1",0.234874075065206,-0.153421122725534,0.021,0.028,1
"ENSG00000268458","ENSG00000268458",0.234878725629779,0.972618783857182,0.019,0.013,1
"ENSG00000264187","ENSG00000264187",0.235063569445202,0.197619467967303,0.024,0.017,1
"EMC1","EMC1",0.235116005235551,-0.104577100838989,0.064,0.075,1
"BTBD2","BTBD2",0.235202515713126,0.272011696684207,0.144,0.13,1
"BCAS3-AS1","BCAS3-AS1",0.235306682764126,-0.36507704749571,0.011,0.016,1
"MAGT1","MAGT1",0.235392643111297,0.304194165064509,0.122,0.109,1
"E2F5","E2F5",0.235398924973703,0.420667213052777,0.043,0.035,1
"CHUK","CHUK",0.235485721954383,0.277664261600059,0.072,0.062,1
"TRADD","TRADD",0.23549702805346,0.405044600257804,0.018,0.012,1
"LCMT2","LCMT2",0.235523214620926,-0.17867808627597,0.014,0.019,1
"KIF5B","KIF5B",0.23553481486459,-0.147735949867409,0.207,0.225,1
"RBM4B","RBM4B",0.2355835817085,0.262741337019265,0.105,0.092,1
"RFXAP","RFXAP",0.235814009348545,0.28168585165255,0.066,0.055,1
"HEXIM2","HEXIM2",0.236131474187936,0.80892656599502,0.019,0.013,1
"RPA1","RPA1",0.236134461490863,0.420043529469823,0.124,0.112,1
"IMPDH1","IMPDH1",0.236295090785647,0.828042268272837,0.034,0.027,1
"CTNS","CTNS",0.236307065711753,0.243164603736702,0.095,0.082,1
"TRIP4","TRIP4",0.236319050509863,0.241503864744779,0.184,0.169,1
"ENSG00000215271","ENSG00000215271",0.236631622043876,0.449097259865055,0.075,0.064,1
"LLGL2","LLGL2",0.237410207378973,0.162215032760417,0.05,0.041,1
"CBL","CBL",0.237512385223631,0.259868334922803,0.197,0.182,1
"MRPL49","MRPL49",0.23764100139276,0.874639900322738,0.019,0.013,1
"C11orf68","C11orf68",0.237812896872318,0.58552749922593,0.048,0.039,1
"CMPK1","CMPK1",0.237880220514167,-0.104919191868507,0.077,0.089,1
"ENSG00000258754","ENSG00000258754",0.238147941267027,-0.905150772946215,0.018,0.024,1
"ZFP37","ZFP37",0.238222329808804,0.166022927174533,0.011,0.016,1
"DPM3","DPM3",0.238493329755485,0.14818781821798,0.027,0.035,1
"HARBI1","HARBI1",0.238707594366204,0.821096319539486,0.026,0.019,1
"CCDC88C","CCDC88C",0.238708740772402,0.171082783486022,0.125,0.111,1
"ALG1","ALG1",0.23877974257332,0.383349683945255,0.091,0.08,1
"ACOT7","ACOT7",0.238859360215745,0.200905528612191,0.077,0.065,1
"RAB32","RAB32",0.238930764018791,0.121681020212489,0.018,0.012,1
"RHOXF1-AS1","RHOXF1-AS1",0.23896731831285,0.299403273113753,0.156,0.142,1
"MRPS27","MRPS27",0.239067567922395,-0.102096119812059,0.17,0.189,1
"MIR4500HG","MIR4500HG",0.239092081019018,-0.309154277177295,0.021,0.028,1
"TTLL12","TTLL12",0.239324284651899,0.230200756338231,0.031,0.024,1
"DDX19A","DDX19A",0.239356605617764,-0.339790667445187,0.029,0.037,1
"AP4E1","AP4E1",0.239453365898769,0.355728156240686,0.141,0.129,1
"CYRIB","CYRIB",0.239471879313283,-0.256522716946354,0.139,0.154,1
"NKD1","NKD1",0.239474601568841,-0.665544123394131,0.014,0.02,1
"PLCG1","PLCG1",0.239623718611445,0.14521367962007,0.27,0.256,1
"GPR37L1","GPR37L1",0.239711522331955,0.129376030556461,0.588,0.584,1
"FTSJ3","FTSJ3",0.239854906203534,-0.646018336541588,0.032,0.039,1
"F10","F10",0.239884577778499,0.862509072567133,0.014,0.009,1
"ACADM","ACADM",0.240029596723894,0.154412725519424,0.193,0.178,1
"FAM222A","FAM222A",0.240035830185488,0.463603290269186,0.06,0.05,1
"ZNF516","ZNF516",0.240225222715516,0.134018057140327,0.546,0.546,1
"ZNF778","ZNF778",0.240256972819272,0.387520592744813,0.062,0.052,1
"NDUFS5","NDUFS5",0.240438289804095,0.324672712000267,0.094,0.082,1
"TCN2","TCN2",0.240479538000545,0.606562808432791,0.047,0.038,1
"TECPR1","TECPR1",0.240535646268462,0.288529711610676,0.138,0.124,1
"ZCCHC9","ZCCHC9",0.240794077912305,0.344106555113783,0.08,0.069,1
"HEY2","HEY2",0.240880218014714,0.185076870091075,0.09,0.079,1
"DCTN5","DCTN5",0.240992552944696,0.317075369313658,0.207,0.194,1
"HS2ST1","HS2ST1",0.2411022113243,0.195846677551396,0.348,0.34,1
"ARID5A","ARID5A",0.241274046759675,0.475257822677764,0.061,0.051,1
"ZNF385D","ZNF385D",0.241306072166,0.508550338942766,0.034,0.027,1
"GLB1L","GLB1L",0.24158826841507,-0.673364124469034,0.014,0.02,1
"CYTH3","CYTH3",0.241648487613369,0.21907716426836,0.126,0.113,1
"LRIG3-DT","LRIG3-DT",0.241724432240116,-0.500168146861432,0.034,0.043,1
"CCDC34","CCDC34",0.241792911488238,0.667008852724168,0.034,0.026,1
"TRMT6","TRMT6",0.241824328773528,0.466573684482304,0.025,0.019,1
"SRSF6","SRSF6",0.242027757290161,-0.111937126757621,0.158,0.174,1
"VEGFD","VEGFD",0.242240976584523,0.324404127268923,0.075,0.064,1
"CDKL3","CDKL3",0.242378356114869,0.142964323238314,0.297,0.279,1
"RAP2A","RAP2A",0.242791638171907,0.21711212798105,0.087,0.075,1
"CPLX2","CPLX2",0.243103047553563,0.716432865096956,0.014,0.009,1
"RNF207","RNF207",0.243110713830295,-0.613753807930168,0.011,0.017,1
"STRN4","STRN4",0.243117431341291,0.38697189685288,0.08,0.069,1
"HSD17B11","HSD17B11",0.243468417044263,-0.135740635476898,0.033,0.041,1
"NFS1","NFS1",0.243561014808596,-0.268307123555155,0.022,0.028,1
"CFL2","CFL2",0.243598092204951,-0.241085261557076,0.039,0.048,1
"MPHOSPH10","MPHOSPH10",0.243620504294602,0.401431452684606,0.057,0.048,1
"TCEAL4","TCEAL4",0.243648650248322,-0.116960785350031,0.077,0.089,1
"GAS1","GAS1",0.243811115064174,0.497201594204135,0.014,0.009,1
"ING2-DT","ING2-DT",0.244143249480707,0.363064378667587,0.083,0.072,1
"RBBP7","RBBP7",0.244183616585184,0.306372621598791,0.106,0.094,1
"LAT2","LAT2",0.244218338603658,0.695550347597185,0.019,0.014,1
"AIP","AIP",0.244255176249598,0.222397720807799,0.032,0.025,1
"POMK","POMK",0.244273808606139,0.516666723724965,0.034,0.027,1
"NAP1L5","NAP1L5",0.244289358797656,-0.688009838455725,0.011,0.017,1
"CYFIP1","CYFIP1",0.244612887655657,0.313267296886911,0.177,0.165,1
"ATP6V0E2-AS1","ATP6V0E2-AS1",0.244736780910607,-0.200669788640632,0.029,0.037,1
"TAF1B","TAF1B",0.244789858721731,-0.147778370823164,0.123,0.138,1
"CENPL","CENPL",0.244838574608479,-0.686089620512806,0.009,0.013,1
"ZNF169","ZNF169",0.244928300771964,0.285549634446286,0.056,0.046,1
"SGK2","SGK2",0.245107690519775,-0.607233311967554,0.011,0.017,1
"FAHD2A","FAHD2A",0.245142214957811,0.33920517784815,0.102,0.09,1
"ENSG00000235609","ENSG00000235609",0.245252947046809,0.182224936612295,0.032,0.025,1
"LYSMD2","LYSMD2",0.245460228060649,-0.142990144678262,0.034,0.042,1
"STX2","STX2",0.245642731226349,0.164829655264394,0.128,0.115,1
"ENSG00000257831","ENSG00000257831",0.245745499075322,-1.02036476629427,0.011,0.017,1
"SUMO2","SUMO2",0.245810968648492,-0.128984149566719,0.029,0.037,1
"CDH3","CDH3",0.246321414360425,0.587731499996318,0.019,0.014,1
"SPIN4","SPIN4",0.246493073487531,-0.29471586824407,0.009,0.013,1
"ENSG00000260267","ENSG00000260267",0.246567247455418,-0.470722733726479,0.011,0.017,1
"NOL8","NOL8",0.246624995845136,0.288538687317535,0.09,0.078,1
"KIF7","KIF7",0.246972216390358,0.374398633034587,0.1,0.088,1
"AKNA","AKNA",0.247006162321234,0.314669490941504,0.126,0.114,1
"RAD9B","RAD9B",0.247024605392258,-0.499263500470626,0.011,0.017,1
"MRPS22","MRPS22",0.247576780816538,-0.666758076151276,0.023,0.03,1
"PLXNB3","PLXNB3",0.247635076359119,-0.40232684885711,0.009,0.013,1
"ZNF623","ZNF623",0.247817597288768,0.3492550734518,0.067,0.057,1
"ENSG00000249335","ENSG00000249335",0.247956979787908,0.267589779943941,0.057,0.048,1
"KMT2D","KMT2D",0.248073912789785,0.236083943289671,0.139,0.126,1
"KPNA1","KPNA1",0.248121892998775,0.213676161895894,0.257,0.243,1
"TFRC","TFRC",0.248387199605342,-0.322118542795485,0.114,0.128,1
"MMAA","MMAA",0.248449862886369,-0.25777730837534,0.031,0.039,1
"MRPS18C","MRPS18C",0.248491709226627,0.394329358923921,0.062,0.052,1
"ENSG00000280485","ENSG00000280485",0.248676470237281,-0.300809870623904,0.009,0.013,1
"SLC35A1","SLC35A1",0.248687466365435,-0.210454340068621,0.018,0.024,1
"LOC101929270","LOC101929270",0.248867823977362,-0.115370187309678,0.022,0.028,1
"PPA2","PPA2",0.248964974526898,0.116186382199034,0.428,0.421,1
"ENSG00000267552","ENSG00000267552",0.249286992614739,0.699274534169183,0.019,0.014,1
"UTP14A","UTP14A",0.249372544964948,0.601201427260942,0.038,0.03,1
"MRPS33","MRPS33",0.249506036401628,0.724910612397483,0.037,0.03,1
"CHMP3","CHMP3",0.249712676803207,0.211148734370037,0.019,0.014,1
"ENSG00000272505","ENSG00000272505",0.249875656486025,0.519338573037965,0.027,0.02,1
"HSD17B14","HSD17B14",0.249998507372704,0.312921178410695,0.148,0.136,1
"LOC124901151","LOC124901151",0.250012370805142,0.676023713714593,0.039,0.032,1
"NOG","NOG",0.250118734743232,0.85774793100353,0.014,0.01,1
"ROM1","ROM1",0.250238806496275,0.424736046140002,0.045,0.037,1
"CNDP2","CNDP2",0.250266541455507,-0.271877068724525,0.085,0.097,1
"YIPF2","YIPF2",0.25031262810073,0.243932929289697,0.058,0.048,1
"TMED1","TMED1",0.250500532738792,-0.213495234805492,0.018,0.024,1
"SYVN1","SYVN1",0.250511561254339,0.276230356452449,0.07,0.059,1
"TSPAN5-DT","TSPAN5-DT",0.250797358435177,-0.236337849847542,0.011,0.017,1
"TSR2","TSR2",0.25082182845339,0.583406629453564,0.019,0.014,1
"SFR1","SFR1",0.250869106530103,-0.96970491477115,0.006,0.01,1
"ZNF804A","ZNF804A",0.250919959252789,0.886805386475052,0.014,0.01,1
"ENSG00000257228","ENSG00000257228",0.250927015944349,0.745455753413973,0.02,0.015,1
"COX10","COX10",0.251077061169448,-0.182680641395379,0.112,0.126,1
"OR3A2","OR3A2",0.251183128024474,-0.473800492417324,0.019,0.025,1
"TFIP11","TFIP11",0.25123256719812,-0.106796485047156,0.067,0.079,1
"TMF1","TMF1",0.251350587820562,-0.220125093382386,0.105,0.118,1
"DTX2","DTX2",0.251441143475812,0.160783375627116,0.067,0.057,1
"PGAM5","PGAM5",0.251522052023252,0.744085220370565,0.014,0.01,1
"CDC7","CDC7",0.251651819245786,-0.394108599098586,0.031,0.039,1
"ENSG00000267042","ENSG00000267042",0.251666722770075,0.273840784015171,0.061,0.051,1
"RNF32","RNF32",0.251713818692753,0.558070907426401,0.009,0.013,1
"ENSG00000278847","ENSG00000278847",0.251823263419172,-0.837309168536085,0.006,0.01,1
"SOX21","SOX21",0.25191386358,0.256116890995951,0.034,0.026,1
"ENSG00000269973","ENSG00000269973",0.251924006661301,0.794250376520194,0.014,0.01,1
"ENSG00000272933","ENSG00000272933",0.252017329665503,0.756036723228486,0.02,0.015,1
"LYSMD3","LYSMD3",0.252254389739016,0.385513097436016,0.046,0.037,1
"FUZ","FUZ",0.25241892328264,0.342651930165442,0.046,0.037,1
"PCGF1","PCGF1",0.252420895063869,-0.794029886195914,0.006,0.01,1
"ENSG00000100101","ENSG00000100101",0.252466329700017,-0.151459470639946,0.011,0.017,1
"SYT1","SYT1",0.252506752933099,-0.156008939326071,0.057,0.068,1
"CCDC28A-AS1","CCDC28A-AS1",0.252779948190185,-0.724249908771893,0.006,0.01,1
"ENSG00000256717","ENSG00000256717",0.25280034562309,0.433384079934279,0.135,0.124,1
"LINC00665","LINC00665",0.252841021627122,-0.103077109706978,0.059,0.071,1
"SNPH","SNPH",0.252883949519516,0.42387654145581,0.078,0.068,1
"ENSG00000226647","ENSG00000226647",0.252979737987323,-0.610360451155144,0.019,0.025,1
"ENSG00000279652","ENSG00000279652",0.253139357022829,-0.653059302604466,0.006,0.01,1
"CUX1","CUX1",0.253257806970088,0.130562757869971,0.522,0.52,1
"RAB1A","RAB1A",0.253258577819043,0.130316532951514,0.379,0.366,1
"RABGGTA","RABGGTA",0.253647809273783,0.310088631193997,0.027,0.02,1
"ENSG00000270344","ENSG00000270344",0.253661219686862,0.134311405156248,0.143,0.129,1
"PDE7B","PDE7B",0.253940668413949,0.114870679184547,0.816,0.833,1
"ENSG00000254129","ENSG00000254129",0.253979361398343,-0.243648225423059,0.006,0.01,1
"ZKSCAN2-DT","ZKSCAN2-DT",0.254085595416724,0.392190508729096,0.027,0.02,1
"RNASEH1","RNASEH1",0.254339956513384,-0.613121001904311,0.006,0.01,1
"AOAH","AOAH",0.254339956513384,-0.629392743241649,0.006,0.01,1
"ANGPTL2","ANGPTL2",0.254339956513384,-0.516924288036384,0.006,0.01,1
"ENSG00000248478","ENSG00000248478",0.254343114231736,0.851120277459232,0.01,0.006,1
"CFAP46","CFAP46",0.254459036429063,0.522544799814015,0.08,0.071,1
"MTF1","MTF1",0.254499449802164,0.306114540580511,0.096,0.084,1
"ZFAND2A","ZFAND2A",0.254984352822782,0.380307857942948,0.027,0.021,1
"EPHB3","EPHB3",0.255238842828755,0.414300200151359,0.05,0.041,1
"PLEKHH3","PLEKHH3",0.255571605956784,0.282983644049141,0.11,0.098,1
"ENSG00000254343","ENSG00000254343",0.255647267175224,0.384800861203837,0.02,0.015,1
"PHKA1-AS1","PHKA1-AS1",0.255878677487835,0.240680251602503,0.027,0.02,1
"LOC105379230","LOC105379230",0.25606669002937,0.648838076493293,0.01,0.006,1
"ENSG00000225610","ENSG00000225610",0.256190112325463,0.860070954816023,0.01,0.006,1
"PTPN12","PTPN12",0.256209732869237,0.204045319513307,0.244,0.228,1
"ENSG00000261485","ENSG00000261485",0.256269145901143,-0.306491398722613,0.006,0.01,1
"MYLK3","MYLK3",0.256313575936772,0.930353911185791,0.01,0.006,1
"TUBA8","TUBA8",0.256313575936772,0.884773902474896,0.01,0.006,1
"MAP3K11","MAP3K11",0.256337288050378,0.433118256532166,0.072,0.062,1
"ENSG00000228629","ENSG00000228629",0.256390056795172,-0.365363974657952,0.006,0.01,1
"ARID2","ARID2",0.256696260879099,0.11893393478167,0.496,0.498,1
"STAMBPL1","STAMBPL1",0.256761406540633,0.1400047456507,0.101,0.118,1
"ST6GALNAC5","ST6GALNAC5",0.256874096525607,-0.260627946561113,0.006,0.01,1
"FNBP1L","FNBP1L",0.256936912503901,0.107495010865964,0.386,0.371,1
"ZNF587","ZNF587",0.256962550991783,0.188637607412011,0.11,0.098,1
"IPO13","IPO13",0.257011002689992,0.365908957157271,0.08,0.07,1
"PRMT5","PRMT5",0.257233539926864,0.448321378799761,0.039,0.031,1
"SNRNP200","SNRNP200",0.257474439382119,-0.105491592915738,0.108,0.121,1
"PCNX3","PCNX3",0.257593231175527,0.258486836099034,0.062,0.052,1
"LIMK1","LIMK1",0.257837574983818,0.465336860668035,0.068,0.058,1
"MAP4K1","MAP4K1",0.258294615097223,0.510250053533884,0.01,0.006,1
"NUDT22","NUDT22",0.258423812979751,0.248386228294875,0.06,0.05,1
"LOC102723324","LOC102723324",0.258537838151192,-0.245855474637862,0.075,0.086,1
"ADAM8","ADAM8",0.258667238527782,0.55453355782011,0.01,0.006,1
"OPN3","OPN3",0.25891740897848,0.156879024968224,0.036,0.028,1
"NIPA1","NIPA1",0.258972914589674,0.25659448490196,0.098,0.086,1
"ENSG00000229491","ENSG00000229491",0.259040234342555,0.726165687270097,0.01,0.006,1
"PCDHB1-AS1","PCDHB1-AS1",0.259131507342043,-1.08577989871101,0.009,0.014,1
"GRTP1-AS1","GRTP1-AS1",0.259131507342043,-0.837754123333663,0.009,0.014,1
"DNAAF5","DNAAF5",0.259198564707937,0.226175040424144,0.087,0.075,1
"LINC02613","LINC02613",0.259235580722618,-0.784168284492172,0.009,0.014,1
"DLST","DLST",0.259536864106318,-0.169464417685124,0.118,0.132,1
"ECT2","ECT2",0.259549797928712,0.500478521081444,0.028,0.021,1
"DMRTA1","DMRTA1",0.259669633855565,0.223780626734679,0.006,0.01,1
"EPHA5-AS1","EPHA5-AS1",0.259912006520622,0.136908193004504,0.01,0.006,1
"WDR73","WDR73",0.259979853768021,0.176130211178554,0.19,0.174,1
"ENSG00000221990","ENSG00000221990",0.260139852195285,-0.13148908055336,0.015,0.021,1
"FLOT1","FLOT1",0.2601473852426,0.209506166096669,0.166,0.149,1
"PFKP-DT","PFKP-DT",0.260173544074071,-0.78852320396734,0.009,0.014,1
"KNSTRN","KNSTRN",0.260230509152325,1.01700324842745,0.015,0.01,1
"ZXDA","ZXDA",0.260382298942786,-0.624209220592431,0.009,0.014,1
"MKRN2","MKRN2",0.260568308576651,0.808918580263559,0.046,0.038,1
"DHX58","DHX58",0.26074106016316,0.244155710241329,0.046,0.037,1
"GABBR1","GABBR1",0.261062889120338,0.122090530340087,0.584,0.595,1
"RPUSD2","RPUSD2",0.261114455215745,-0.478758359090992,0.012,0.017,1
"DAXX","DAXX",0.261578566781127,0.81841058329,0.022,0.016,1
"NBPF10","NBPF10",0.261579111938988,-0.356830668040142,0.012,0.017,1
"ATL3","ATL3",0.261597997636398,0.18685194156185,0.109,0.096,1
"COX7C","COX7C",0.261606255416995,-0.271028337444045,0.117,0.13,1
"NLGN1","NLGN1",0.261774228179345,0.25866023065765,0.104,0.092,1
"ENPP1","ENPP1",0.261933912150501,0.61208504514071,0.015,0.01,1
"MPDU1-AS1","MPDU1-AS1",0.26205651043269,-0.45609869531405,0.009,0.014,1
"EXOC5","EXOC5",0.262183336416055,0.241827334657377,0.227,0.214,1
"ENSG00000267011","ENSG00000267011",0.262266308636599,-0.257001638431244,0.009,0.014,1
"ZMAT5","ZMAT5",0.262281999418402,0.550878987771743,0.064,0.055,1
"OSBP","OSBP",0.262654249362964,0.228411615741608,0.123,0.11,1
"RAB12","RAB12",0.262961591339334,0.267167365735861,0.175,0.162,1
"ENSG00000260618","ENSG00000260618",0.263040210809461,0.756132675145296,0.015,0.01,1
"UNC5B","UNC5B",0.263312379785853,0.337119771268898,0.028,0.021,1
"SCAP","SCAP",0.263350266140213,0.188298015567179,0.205,0.191,1
"XRCC2","XRCC2",0.263527534156292,-0.441419324672458,0.009,0.014,1
"MPV17","MPV17",0.263543131309761,0.234847085404356,0.09,0.079,1
"ZNF534","ZNF534",0.263574341733103,-0.551373329874282,0.016,0.021,1
"C2orf49","C2orf49",0.263588272772333,0.565907278868468,0.059,0.05,1
"DUSP14","DUSP14",0.263968699148743,0.15522760856304,0.02,0.015,1
"BMP2","BMP2",0.264250755803226,0.770745157825006,0.015,0.01,1
"EFHC2","EFHC2",0.264314582210268,0.340494489097696,0.152,0.14,1
"CTC1","CTC1",0.264318354517185,0.463864807053095,0.057,0.048,1
"SLC66A1","SLC66A1",0.264576452598492,-0.270920342116584,0.027,0.035,1
"LINGO2","LINGO2",0.264682541521592,-0.399834893358876,0.019,0.026,1
"CDK4","CDK4",0.264691071953325,0.359519965701504,0.038,0.03,1
"ANKMY2","ANKMY2",0.264721400876767,0.335857675027265,0.111,0.1,1
"DENND5B-AS1","DENND5B-AS1",0.265055087436029,0.396946313504273,0.021,0.015,1
"TRAK2","TRAK2",0.265102162546601,0.155058518291246,0.258,0.243,1
"TSPAN12","TSPAN12",0.265155627055399,0.275156242604228,0.065,0.055,1
"SKIL","SKIL",0.265205222023216,0.289080391140066,0.138,0.125,1
"NDUFB4","NDUFB4",0.265429973330666,0.128722271624296,0.089,0.103,1
"ENSG00000262529","ENSG00000262529",0.2654651366109,0.592843295573543,0.015,0.01,1
"GLIPR2","GLIPR2",0.26553198725071,0.382889896508227,0.051,0.042,1
"ISCA2","ISCA2",0.265580597690705,-0.417214484923948,0.016,0.021,1
"SSR1","SSR1",0.265642601075464,0.264816497853791,0.178,0.166,1
"MTPAP","MTPAP",0.265721693778899,-0.138513355202629,0.058,0.068,1
"LAMTOR3","LAMTOR3",0.266389544509353,-0.229373098844728,0.042,0.051,1
"ADISSP","ADISSP",0.266419633600855,-0.323697602593232,0.016,0.021,1
"ITGB1","ITGB1",0.266524985990474,0.115536149585527,0.197,0.18,1
"ENSG00000235939","ENSG00000235939",0.266593432641904,0.406105823005551,0.021,0.015,1
"TOMM40L","TOMM40L",0.266781409869547,-0.907685536422827,0.013,0.018,1
"VWA5A","VWA5A",0.267092196397444,-0.443470804734979,0.045,0.054,1
"MUS81","MUS81",0.267344455384391,0.218721005787607,0.091,0.08,1
"SLC35D2-HSD17B3","SLC35D2-HSD17B3",0.267395756769156,0.451041220682153,0.015,0.01,1
"MLLT11","MLLT11",0.267681604423993,-0.342075525164033,0.016,0.021,1
"MCFD2","MCFD2",0.267746417620943,0.179829978042751,0.123,0.109,1
"CD302","CD302",0.267821160178052,-0.231967377713505,0.019,0.026,1
"RECQL4","RECQL4",0.268007426818594,0.423546617750304,0.015,0.01,1
"TMEM25","TMEM25",0.268324212652629,0.115114051277688,0.048,0.039,1
"PRKG1-AS1","PRKG1-AS1",0.268649585014126,0.164906732941692,0.032,0.039,1
"ZDHHC18","ZDHHC18",0.26878745867734,0.370463531296619,0.074,0.064,1
"CANT1","CANT1",0.268890658496053,0.475621660793574,0.066,0.057,1
"ENSG00000269035","ENSG00000269035",0.268973958861634,-0.608208124306055,0.016,0.022,1
"ZNF282","ZNF282",0.269102259117263,0.533967616050811,0.067,0.058,1
"SSU72","SSU72",0.269405684156581,0.39201001325961,0.09,0.08,1
"ENSG00000259371","ENSG00000259371",0.269682621178254,1.01658607062808,0.016,0.011,1
"SIDT2","SIDT2",0.269707366679257,0.236475200652381,0.112,0.1,1
"ARLNC1","ARLNC1",0.269728263081857,0.181402249548664,0.028,0.021,1
"HS1BP3","HS1BP3",0.270059672024477,0.243446018185412,0.092,0.08,1
"ZNF837","ZNF837",0.270194853957958,1.39197303960955,0.011,0.007,1
"ENSG00000273248","ENSG00000273248",0.270302680816992,-0.230443491488494,0.016,0.021,1
"CCNE1","CCNE1",0.270440682910259,1.32660547087729,0.011,0.007,1
"RBP1","RBP1",0.270451026375697,0.327046407209935,0.026,0.033,1
"GDF10","GDF10",0.270654315323244,-0.413848591067612,0.02,0.026,1
"ENSG00000271218","ENSG00000271218",0.27118030833356,0.758423165961606,0.022,0.017,1
"MRPS31","MRPS31",0.271314104969504,0.198324023695831,0.196,0.181,1
"GUK1","GUK1",0.271417788378527,0.203523107306987,0.116,0.104,1
"FAM161B","FAM161B",0.271733122538113,0.934161733014874,0.016,0.011,1
"SYMPK","SYMPK",0.271983879875985,0.187725219607399,0.278,0.265,1
"ENSG00000260661","ENSG00000260661",0.272042308387561,1.3411886519333,0.011,0.007,1
"FABP5","FABP5",0.272511738433011,-0.333924253002064,0.034,0.041,1
"PAM16","PAM16",0.273031145213134,0.637899288242644,0.011,0.007,1
"ENSG00000224467","ENSG00000224467",0.273401809632462,-0.756492925193106,0.007,0.011,1
"THAP10","THAP10",0.273401809632462,-0.6667108137499,0.007,0.011,1
"TMEM81","TMEM81",0.27352648435946,0.707438796916645,0.011,0.007,1
"BRME1","BRME1",0.273814112017676,0.513364973353996,0.031,0.024,1
"MEN1","MEN1",0.273891345152916,0.393420706529667,0.041,0.033,1
"ENSG00000271993","ENSG00000271993",0.273895094232631,0.59747116422619,0.016,0.011,1
"ZNF530","ZNF530",0.273898391644614,0.438648086504237,0.011,0.007,1
"ENSG00000231616","ENSG00000231616",0.273967416670418,0.343778790595965,0.022,0.016,1
"HCRT","HCRT",0.274022437497859,0.621552109649923,0.011,0.007,1
"ENSG00000225311","ENSG00000225311",0.274026758562304,0.490109557605897,0.031,0.024,1
"IFT46","IFT46",0.27418671012227,-0.104011400548043,0.069,0.08,1
"WASL","WASL",0.274265799845074,0.214649765086872,0.242,0.229,1
"PAK3","PAK3",0.274313082835857,0.501838448244028,0.074,0.064,1
"DDX56","DDX56",0.274478853453306,0.423846754002865,0.088,0.077,1
"MEP1B","MEP1B",0.274496704166221,-0.799829794235977,0.007,0.011,1
"RAF1","RAF1",0.274786370180744,0.134101601723051,0.36,0.347,1
"GATD1-DT","GATD1-DT",0.274911724834137,0.111136052332124,0.178,0.2,1
"JADE3","JADE3",0.275084386916196,0.101241191869557,0.023,0.03,1
"ELAVL4","ELAVL4",0.275228295454508,-0.803411360264906,0.007,0.011,1
"ENSG00000260465","ENSG00000260465",0.275308287926619,0.364039044917464,0.071,0.061,1
"BTF3","BTF3",0.275319507520091,-0.236091837695943,0.047,0.055,1
"ENSG00000249753","ENSG00000249753",0.275350356605248,-0.906850596374783,0.007,0.011,1
"CAPN5","CAPN5",0.275379725568725,-0.128989789095443,0.047,0.057,1
"HSDL1","HSDL1",0.275398036173567,-0.153324645558329,0.033,0.041,1
"NYNRIN","NYNRIN",0.275559203928613,1.03082736855636,0.016,0.012,1
"SCRN2","SCRN2",0.275575050919885,0.380747876972221,0.063,0.054,1
"LGI3","LGI3",0.275594589725158,-0.704278371598172,0.007,0.011,1
"ZNF518B","ZNF518B",0.275612892674468,0.238414469998146,0.03,0.024,1
"CDK16","CDK16",0.27595536794927,0.380708273076689,0.057,0.048,1
"ENSG00000230394","ENSG00000230394",0.27623569062166,-0.522060643383691,0.01,0.015,1
"ATAD3C","ATAD3C",0.276261828104675,0.28688515989852,0.011,0.007,1
"ENSG00000247934","ENSG00000247934",0.276292157116924,-0.310405563937064,0.013,0.018,1
"ENDOV","ENDOV",0.27649583918729,0.455821293502711,0.095,0.084,1
"ZNF594-DT","ZNF594-DT",0.276532778187056,0.325323985923284,0.221,0.213,1
"CHCHD10","CHCHD10",0.27662978647415,-0.145062328860432,0.173,0.189,1
"DSN1","DSN1",0.276669780418482,-0.149419901122359,0.013,0.018,1
"TPRA1","TPRA1",0.276777076064931,0.283273246264949,0.082,0.071,1
"FGF10","FGF10",0.2771857075204,-0.446541293437655,0.007,0.011,1
"LOC124902013","LOC124902013",0.277293246000057,-0.709861712297211,0.01,0.015,1
"ZKSCAN4","ZKSCAN4",0.277505087620207,-0.761651261488331,0.01,0.015,1
"PLBD1-AS1","PLBD1-AS1",0.27757956342803,0.143589844952675,0.016,0.021,1
"HLX-AS1","HLX-AS1",0.27780476042151,-0.292474474406558,0.013,0.018,1
"SDF2L1","SDF2L1",0.277838809338788,0.177932337928685,0.022,0.016,1
"POLD2","POLD2",0.277863428565423,0.151514859014333,0.092,0.08,1
"TFB2M","TFB2M",0.277888315732935,-0.180643163657816,0.02,0.026,1
"AMER1","AMER1",0.277899484988508,-0.401456269498761,0.013,0.018,1
"EFL1","EFL1",0.278291402405892,0.291748078553581,0.115,0.103,1
"EFEMP2","EFEMP2",0.278515503434063,0.340445718874216,0.128,0.116,1
"ZNF233","ZNF233",0.278536917191903,-0.295878589510903,0.007,0.011,1
"ZNF398","ZNF398",0.278592286736401,0.282967105785011,0.177,0.164,1
"SLC22A3","SLC22A3",0.278600267991138,0.422930442499545,0.167,0.158,1
"UBE2M","UBE2M",0.278679181681169,0.248870481853363,0.052,0.044,1
"ZNF778-DT","ZNF778-DT",0.279029140097253,1.00590813432597,0.016,0.012,1
"ARSK","ARSK",0.279075683436174,0.256178844139789,0.072,0.062,1
"ENSG00000236017","ENSG00000236017",0.279141255600089,-0.164771066348335,0.058,0.068,1
"RIPK2","RIPK2",0.279204121328785,0.227895736164782,0.098,0.087,1
"ZSCAN31","ZSCAN31",0.279227938038805,-0.324321102620985,0.013,0.018,1
"OSER1-DT","OSER1-DT",0.279375132343712,0.336830732213545,0.057,0.048,1
"ZNF616","ZNF616",0.279404561854172,-0.250457623751197,0.016,0.022,1
"TPD52","TPD52",0.279436417261106,0.250386717304532,0.029,0.023,1
"C14orf93","C14orf93",0.279593544020589,0.299483917043053,0.059,0.05,1
"PUM2","PUM2",0.27963883953188,0.163625254346238,0.414,0.408,1
"LMF2","LMF2",0.27964379518417,0.297108331954098,0.074,0.064,1
"LOC105378976","LOC105378976",0.279660277825621,0.292601400268187,0.022,0.017,1
"SKA2","SKA2",0.280006586398021,0.309707440266132,0.16,0.148,1
"FAM234A","FAM234A",0.280141765634847,0.410443619307096,0.061,0.052,1
"CKAP4","CKAP4",0.280216648042611,0.371803281292017,0.07,0.061,1
"F2RL2","F2RL2",0.280254497551513,0.545191286776259,0.023,0.017,1
"PLA2G12A","PLA2G12A",0.280658791680358,-0.151794205498353,0.049,0.058,1
"PAXIP1-DT","PAXIP1-DT",0.280685134586353,0.368696357572504,0.046,0.038,1
"MRPL27","MRPL27",0.280906845725141,-0.270392860285352,0.058,0.068,1
"POLR1E","POLR1E",0.281016391120676,-0.262309579703397,0.01,0.015,1
"ENSG00000263307","ENSG00000263307",0.281068695766661,0.200244139223675,0.163,0.15,1
"ENSG00000250421","ENSG00000250421",0.281265532637117,-0.792646776449048,0.014,0.019,1
"SSR2","SSR2",0.281296580259203,0.219189627832345,0.054,0.046,1
"YKT6","YKT6",0.281391816315547,0.336493257437505,0.07,0.06,1
"NKAPD1","NKAPD1",0.28192544322793,-0.241293071926344,0.034,0.041,1
"ZDHHC1","ZDHHC1",0.282016196717054,0.219821958332664,0.087,0.076,1
"ATP6V1E2","ATP6V1E2",0.2820495367992,0.346275476116942,0.042,0.034,1
"NFYA","NFYA",0.282060343271844,0.30461459737379,0.055,0.046,1
"ENSG00000223576","ENSG00000223576",0.282482133424494,-0.800203432193529,0.014,0.019,1
"ENSG00000224032","ENSG00000224032",0.282515108314175,-0.228141130454016,0.01,0.015,1
"ENSG00000273291","ENSG00000273291",0.283012508981697,-0.325930577323206,0.034,0.041,1
"ENSG00000281938","ENSG00000281938",0.283031027358047,0.429103023688186,0.016,0.012,1
"RAPGEFL1","RAPGEFL1",0.283167672280017,0.370020909626423,0.062,0.053,1
"ENSG00000250354","ENSG00000250354",0.28326649523384,-0.382265738639926,0.01,0.015,1
"CD40","CD40",0.283295396914693,0.60817046342656,0.033,0.026,1
"ZNF79","ZNF79",0.283299885041223,-0.60367102605476,0.022,0.028,1
"ARFGAP2","ARFGAP2",0.283390547765277,0.197255294196722,0.177,0.163,1
"BUD23","BUD23",0.28357878874413,0.241186988425804,0.075,0.065,1
"PACSIN2","PACSIN2",0.283601994088616,0.198139541039683,0.213,0.198,1
"ZNF319","ZNF319",0.2837887436176,1.34224045242984,0.011,0.008,1
"TMED3","TMED3",0.283837071211577,-0.219608470154855,0.025,0.032,1
"LIN7C","LIN7C",0.284018926885833,-0.2250707531894,0.055,0.065,1
"CPOX","CPOX",0.284064596448335,-0.205157230898383,0.046,0.055,1
"FAHD1","FAHD1",0.284160947520057,0.622668239416369,0.024,0.018,1
"WNT9B","WNT9B",0.284172539330509,-0.670342985759127,0.014,0.019,1
"PPIL1","PPIL1",0.28444083114513,0.62870690031657,0.016,0.012,1
"GCNT1","GCNT1",0.284523203095672,1.25443986337226,0.011,0.008,1
"RUNDC3A","RUNDC3A",0.28460377113111,-0.275630121549236,0.041,0.049,1
"RAN","RAN",0.28482241620134,-0.155857202860331,0.051,0.06,1
"WDR97","WDR97",0.285148129974637,1.08188229612332,0.017,0.012,1
"LINC02482","LINC02482",0.285762793777651,-0.313930975129558,0.07,0.08,1
"SEC22B","SEC22B",0.285889745478394,-0.103517884998399,0.154,0.169,1
"MX1","MX1",0.285966925747839,0.17860471983943,0.034,0.028,1
"FTCD","FTCD",0.286611151348232,0.738097573568234,0.011,0.008,1
"SHISA5","SHISA5",0.286722474904925,0.148755425405448,0.191,0.177,1
"DIO3OS","DIO3OS",0.286828330103113,1.11128326612356,0.017,0.012,1
"SWSAP1","SWSAP1",0.286851131680342,0.293598229673845,0.023,0.017,1
"ENSG00000267546","ENSG00000267546",0.287323776178352,0.719955025410146,0.017,0.012,1
"BAG6","BAG6",0.287405181909488,0.275765661359862,0.087,0.076,1
"MBOAT7","MBOAT7",0.28743801045864,0.277147858989004,0.108,0.097,1
"ING3","ING3",0.287636919012278,0.278614000390371,0.1,0.089,1
"DISP2","DISP2",0.287919071962029,0.754879349047947,0.017,0.012,1
"RAB11B-AS1","RAB11B-AS1",0.287985570247087,0.616580374137949,0.035,0.028,1
"ENSG00000260349","ENSG00000260349",0.288214782510152,0.607935200192416,0.011,0.008,1
"MXD1","MXD1",0.288227377320837,0.258936534029251,0.103,0.092,1
"ENSG00000254615","ENSG00000254615",0.288338388862206,0.503436949378256,0.011,0.008,1
"IFT43","IFT43",0.288529048628613,0.19678004497614,0.296,0.286,1
"ENSG00000273650","ENSG00000273650",0.288614637555292,0.735053222566353,0.017,0.012,1
"OSBPL7","OSBPL7",0.288928130256544,0.232392108262305,0.061,0.052,1
"A2M-AS1","A2M-AS1",0.28899914473187,-0.20173606099398,0.014,0.019,1
"SIGMAR1","SIGMAR1",0.289567670142949,-0.19122627721049,0.031,0.038,1
"UBE2L3","UBE2L3",0.289732281030463,0.127806291170294,0.195,0.218,1
"NHSL3","NHSL3",0.290079002605635,-0.283691004112723,0.026,0.033,1
"AP1S3","AP1S3",0.290265195070059,0.218118110262447,0.037,0.046,1
"DEGS2","DEGS2",0.290401168057471,1.14334050377448,0.018,0.013,1
"TUBG1","TUBG1",0.290532212844965,-0.149891595821884,0.017,0.023,1
"SLA2","SLA2",0.290693700648113,0.475911620523235,0.011,0.008,1
"PYROXD2","PYROXD2",0.290730389415768,0.345479257640425,0.113,0.102,1
"LINC00536","LINC00536",0.290818147521167,-1.04778495415153,0.008,0.012,1
"WDR74","WDR74",0.290936797956695,-0.33474245392526,0.022,0.028,1
"MAPK13","MAPK13",0.291066769536637,0.300691133088205,0.011,0.008,1
"SNX21","SNX21",0.291307845260439,0.139794042024936,0.141,0.159,1
"ENSG00000282772","ENSG00000282772",0.291315664653475,0.209644104628962,0.011,0.008,1
"VRK2","VRK2",0.291485197446443,-0.107490467058601,0.039,0.047,1
"HARS1","HARS1",0.291594148634375,0.308321975360677,0.128,0.118,1
"ZNF24","ZNF24",0.291601838186868,0.236822304897132,0.18,0.168,1
"DNASE1","DNASE1",0.292118696791,0.187020782603911,0.259,0.243,1
"LGR5","LGR5",0.292187916307547,0.33774417193444,0.011,0.008,1
"LPP-AS2","LPP-AS2",0.29225907027701,-0.709291231254841,0.011,0.015,1
"MCAM","MCAM",0.292309996415343,0.539775090187136,0.017,0.012,1
"MRPL1","MRPL1",0.29290195663905,-0.1359631057646,0.124,0.138,1
"MBTPS1","MBTPS1",0.292914225567253,0.258385363739059,0.237,0.225,1
"RLIG1","RLIG1",0.293379556482689,0.130802775444748,0.043,0.052,1
"TOPBP1","TOPBP1",0.293487028692001,0.27651706057881,0.092,0.081,1
"ACTR8","ACTR8",0.293488709523202,-0.251568957849993,0.026,0.033,1
"P4HA2-AS1","P4HA2-AS1",0.293716491781965,0.503514140307272,0.017,0.012,1
"ENSG00000249459","ENSG00000249459",0.293725923018747,0.299755628600488,0.034,0.027,1
"ENSG00000266049","ENSG00000266049",0.294139914821528,-0.160468082525286,0.035,0.043,1
"APRT","APRT",0.29444405719796,0.262459289452483,0.024,0.018,1
"CLNK","CLNK",0.294497280704564,-0.889343064519886,0.008,0.012,1
"ISG15","ISG15",0.294506758391129,-0.386588331217903,0.011,0.015,1
"LOC400499","LOC400499",0.294641053365858,-0.624268450028829,0.014,0.019,1
"PABIR2","PABIR2",0.294974057198446,-0.445628152351306,0.027,0.033,1
"SF3A2","SF3A2",0.295078330711691,0.19678378198221,0.067,0.057,1
"PIK3CD","PIK3CD",0.295094912486687,0.579910661947056,0.037,0.03,1
"LINC02449","LINC02449",0.295236834873022,-0.574670786904354,0.008,0.012,1
"RACGAP1","RACGAP1",0.295502651852655,0.353066417523195,0.034,0.028,1
"BRF2","BRF2",0.295688731017888,-0.624412234584206,0.011,0.015,1
"ZNF84","ZNF84",0.295839956271668,-0.13701035005395,0.146,0.161,1
"KLRG1","KLRG1",0.295845179498471,0.446271095877913,0.058,0.05,1
"DTNBP1","DTNBP1",0.295962022542588,0.202983021252355,0.238,0.225,1
"ENSG00000264968","ENSG00000264968",0.296003197232563,0.438365372411287,0.113,0.102,1
"RETSAT","RETSAT",0.296048275625883,0.497141268966396,0.055,0.047,1
"MORF4L1","MORF4L1",0.296128662264777,0.269861981820216,0.252,0.244,1
"BET1L","BET1L",0.296229892473238,-0.166175505721666,0.058,0.068,1
"ENSG00000228323","ENSG00000228323",0.296334780214555,-0.460303993877875,0.011,0.015,1
"PWP1","PWP1",0.296351183218603,-0.217438106229982,0.076,0.087,1
"MED24","MED24",0.296405626943726,0.29534851261761,0.125,0.115,1
"ZFP64","ZFP64",0.29683792333899,0.408471822899348,0.107,0.096,1
"PNO1","PNO1",0.296856784812287,0.753187187573727,0.027,0.021,1
"PDE6B","PDE6B",0.296924646737784,-0.415038746327337,0.018,0.024,1
"EIF1AX","EIF1AX",0.297041611383981,-0.118625200302006,0.107,0.12,1
"ENSG00000261420","ENSG00000261420",0.297182054770237,-0.415132162256038,0.018,0.024,1
"ENSG00000253549","ENSG00000253549",0.29725256244626,0.302123400539667,0.017,0.012,1
"SLC35A4","SLC35A4",0.297630509804948,0.146118440411714,0.045,0.037,1
"BLTP2","BLTP2",0.297670286050952,0.225662436101607,0.119,0.107,1
"GNL2","GNL2",0.29773173736849,-0.17060030296206,0.03,0.037,1
"GSTP1","GSTP1",0.297809809698348,0.517274800593422,0.107,0.097,1
"TMEM238L","TMEM238L",0.297882537851969,0.656385260012218,0.018,0.013,1
"MRM3","MRM3",0.29808330867443,-0.282906993128523,0.008,0.012,1
"THRA","THRA",0.298193726495708,0.22648669119441,0.247,0.236,1
"ENSG00000223528","ENSG00000223528",0.298213178473321,-0.27717456193173,0.018,0.024,1
"GPR37","GPR37",0.298244880714518,0.301740323177354,0.103,0.092,1
"DBR1","DBR1",0.29839235673521,-0.536289281565828,0.028,0.035,1
"ALG3","ALG3",0.298456789319672,0.314864912597704,0.024,0.019,1
"ADCK5","ADCK5",0.298672689032067,0.362980259579834,0.047,0.039,1
"TBC1D10A","TBC1D10A",0.298916539463914,0.33341736528839,0.14,0.129,1
"ARRDC1-AS1","ARRDC1-AS1",0.298989199701437,-0.127934429319216,0.04,0.048,1
"AP1M1","AP1M1",0.299285200727206,0.397495562127779,0.101,0.091,1
"RAB5IF","RAB5IF",0.29932660530965,-0.177267104878496,0.008,0.012,1
"ITFG2-AS1","ITFG2-AS1",0.299598160108167,-0.364681343838266,0.027,0.034,1
"DRC7","DRC7",0.29970026802931,-0.233017558822632,0.008,0.012,1
"EHD4","EHD4",0.299764339475242,-0.155071905768727,0.018,0.024,1
"ALG12","ALG12",0.300096907161467,0.100460676812458,0.056,0.047,1
"SHFL","SHFL",0.300205150619372,0.333684727108582,0.1,0.089,1
"LONP1","LONP1",0.300461952023044,0.135393970806825,0.115,0.104,1
"DDB1","DDB1",0.30064077273385,-0.103600243353163,0.225,0.245,1
"CYS1","CYS1",0.30067305963939,0.179734684582087,0.021,0.027,1
"ARHGEF33","ARHGEF33",0.30072176934084,0.177832565903272,0.046,0.038,1
"SLC6A15","SLC6A15",0.301043752693145,0.9548686446036,0.012,0.008,1
"DAAM2-AS1","DAAM2-AS1",0.301163642459179,0.434428853418574,0.037,0.03,1
"ADSS1","ADSS1",0.30131733815798,-0.824359086019887,0.015,0.02,1
"EFCAB10","EFCAB10",0.301412381198752,0.598242079999581,0.012,0.008,1
"NSL1","NSL1",0.301527302809578,-0.234879314265394,0.18,0.194,1
"HSF2BP","HSF2BP",0.301840910393666,-0.343956251447262,0.018,0.024,1
"TAGLN3","TAGLN3",0.301904353232426,0.963735793908516,0.012,0.008,1
"SNCAIP-AS3","SNCAIP-AS3",0.302074021073108,-0.21484463123137,0.008,0.012,1
"TMEM184C","TMEM184C",0.302122751922544,-0.162289413596299,0.097,0.109,1
"TMC2","TMC2",0.302150539556445,0.609374540369857,0.012,0.008,1
"ENSG00000267131","ENSG00000267131",0.302208000079738,0.481468666858594,0.027,0.021,1
"TRMT44","TRMT44",0.302527793075398,0.181116251375399,0.07,0.06,1
"WDCP","WDCP",0.302724605664322,-0.81657759939941,0.011,0.016,1
"ENSG00000273437","ENSG00000273437",0.30288989981024,0.477820192624701,0.012,0.008,1
"ANKRD42","ANKRD42",0.303390916300111,0.391736417342241,0.089,0.08,1
"ENSG00000230490","ENSG00000230490",0.303535114774563,0.849805433293978,0.084,0.075,1
"MCMBP","MCMBP",0.303668026427513,0.328404576521357,0.12,0.11,1
"IFT70A","IFT70A",0.303752825395789,-0.166622351538155,0.018,0.024,1
"NDUFC1","NDUFC1",0.303779955414996,0.281453986768958,0.091,0.081,1
"POU4F1","POU4F1",0.303877583297599,0.425677690846613,0.012,0.008,1
"APH1A","APH1A",0.303979469488053,0.376351367856554,0.073,0.064,1
"TESK2","TESK2",0.304150877602402,0.183117894329199,0.544,0.565,1
"PDZD8","PDZD8",0.304335046528466,-0.112898906049783,0.141,0.156,1
"NAXE","NAXE",0.30442374797622,-0.194045039570936,0.019,0.024,1
"ENSG00000238290","ENSG00000238290",0.304992050812924,-0.136209804938675,0.031,0.038,1
"SLC39A7","SLC39A7",0.305290125418049,0.337762486782289,0.035,0.028,1
"CHMP3-AS1","CHMP3-AS1",0.305440709593785,-0.248875291309404,0.014,0.019,1
"NOP16","NOP16",0.305611172106808,0.322428918241951,0.012,0.008,1
"DDX46","DDX46",0.306031852192,-0.1209718086828,0.269,0.286,1
"RAC3","RAC3",0.306061626230789,-0.19687991580665,0.017,0.012,1
"ZNF71","ZNF71",0.30625613652705,-0.290234653689816,0.057,0.066,1
"ENSG00000233895","ENSG00000233895",0.306427850654432,0.306053325472926,0.197,0.187,1
"H2AZ2","H2AZ2",0.306869711309535,0.21833646023741,0.133,0.12,1
"RNF139-DT","RNF139-DT",0.306869812569195,0.710820995382855,0.019,0.014,1
"GPN3","GPN3",0.307068668178815,-0.342891937415243,0.023,0.029,1
"BCL2L2","BCL2L2",0.307128102580193,0.389103051717429,0.027,0.021,1
"MMD","MMD",0.30718720690079,0.241730647462089,0.022,0.028,1
"BAG5","BAG5",0.307431845431758,-0.111522935532964,0.037,0.044,1
"PNPT1","PNPT1",0.307511173992242,0.100258259506836,0.162,0.148,1
"SFXN3","SFXN3",0.307623013984441,0.380441808514772,0.027,0.021,1
"MBNL3","MBNL3",0.307715541782794,0.651972345605146,0.028,0.022,1
"CCPG1","CCPG1",0.307716801042146,0.262553329408447,0.314,0.308,1
"C1RL","C1RL",0.308061946103998,-0.124623591927796,0.146,0.16,1
"VIM","VIM",0.308452664460577,1.04905451372866,0.046,0.039,1
"TRMT2A","TRMT2A",0.30875075037255,0.188805307874817,0.052,0.044,1
"UEVLD","UEVLD",0.308970664567336,0.261469519180603,0.163,0.151,1
"SLC25A41","SLC25A41",0.309228218139223,0.899330833251047,0.019,0.015,1
"ENSG00000258301","ENSG00000258301",0.30932512602124,0.435789941008431,0.06,0.052,1
"RBBP6","RBBP6",0.309378067018443,0.10341160852949,0.396,0.387,1
"CUEDC2","CUEDC2",0.309399144697699,-0.142726586312856,0.049,0.057,1
"COMMD4","COMMD4",0.309646030157522,0.277039649892515,0.101,0.091,1
"LINC00624","LINC00624",0.30977447166511,-0.281105394974301,0.019,0.024,1
"ENSG00000255311","ENSG00000255311",0.310066145837408,0.115378879144014,0.018,0.024,1
"UIMC1","UIMC1",0.310299873631673,0.207221053734488,0.185,0.174,1
"TIMM10","TIMM10",0.310330294464074,-0.584669062808639,0.015,0.02,1
"RBM22","RBM22",0.310501757665103,0.392275628961774,0.06,0.052,1
"ADCK1","ADCK1",0.31050549525922,0.531584328593339,0.066,0.057,1
"HSPB6","HSPB6",0.31069318181393,0.748000666843451,0.019,0.015,1
"ETS2","ETS2",0.310781916288625,-0.325651067147138,0.011,0.016,1
"COPS8-DT","COPS8-DT",0.311679594295144,0.229246921781204,0.075,0.065,1
"MYH13","MYH13",0.311949976366263,0.33268982574481,0.019,0.014,1
"SELENON","SELENON",0.312057864141279,-0.586863108834594,0.015,0.02,1
"MT1A","MT1A",0.312292846996783,1.27844427468572,0.013,0.009,1
"ZDHHC11","ZDHHC11",0.312541102408819,0.268145989691466,0.034,0.027,1
"LINC01609","LINC01609",0.313171994558217,-0.172027659951423,0.011,0.016,1
"ENSG00000255767","ENSG00000255767",0.313502392365416,0.443535542698798,0.029,0.023,1
"BFAR","BFAR",0.313703757839286,0.316015911632997,0.102,0.092,1
"ASB14","ASB14",0.31387841887806,0.582383659728822,0.013,0.009,1
"ENSG00000255209","ENSG00000255209",0.31387841887806,0.558489763775707,0.013,0.009,1
"CARD14","CARD14",0.31387841887806,0.710766775663156,0.013,0.009,1
"PPRC1","PPRC1",0.313938465353497,0.277591123733393,0.052,0.044,1
"IREB2","IREB2",0.31403124030606,0.21979401214731,0.296,0.288,1
"PMPCA","PMPCA",0.314040457471277,-0.107239804653872,0.075,0.086,1
"DCTN6-DT","DCTN6-DT",0.314129147702908,0.986345768227638,0.032,0.026,1
"GOLGA6L4.1","GOLGA6L4.1",0.314471999582631,-0.628118646186612,0.009,0.012,1
"ABCA8","ABCA8",0.314501900816113,-0.710277379082095,0.016,0.021,1
"RAMP2-AS1","RAMP2-AS1",0.314802953946727,0.316283494082393,0.039,0.033,1
"NINJ2-AS1","NINJ2-AS1",0.315027139605089,-0.113750577103625,0.011,0.016,1
"ZNF649","ZNF649",0.315214251885904,0.646763446631569,0.019,0.015,1
"ZNF613","ZNF613",0.315613359693632,0.207184437971569,0.027,0.021,1
"P3R3URF-PIK3R3","P3R3URF-PIK3R3",0.315628845953879,-0.223146102084288,0.015,0.02,1
"EQTN","EQTN",0.315683617373589,-0.152026098312002,0.011,0.016,1
"HYLS1","HYLS1",0.315977763413682,-0.2010206008763,0.019,0.024,1
"SLC6A13","SLC6A13",0.31609092080823,-0.622537648761251,0.009,0.012,1
"ENSG00000276030","ENSG00000276030",0.31609092080823,-0.720138109378755,0.009,0.012,1
"ZNF696","ZNF696",0.31611346279558,0.827659741531256,0.02,0.015,1
"ENSG00000259560","ENSG00000259560",0.316340470360105,-0.534927028114029,0.009,0.012,1
"IMP3","IMP3",0.316387541587717,-0.283186048869656,0.028,0.035,1
"TYW5","TYW5",0.316585930009454,-0.138213501973335,0.083,0.094,1
"TTYH3","TTYH3",0.317053187687765,0.197647952875573,0.195,0.183,1
"TIMM9","TIMM9",0.317135854849542,-0.182663639964288,0.063,0.073,1
"CDO1","CDO1",0.317365052297893,-0.102858742692107,0.019,0.025,1
"UQCC4","UQCC4",0.317590157131727,-0.373313748740552,0.009,0.012,1
"BCCIP","BCCIP",0.317744215271106,0.302121997488969,0.127,0.116,1
"ENSG00000260017","ENSG00000260017",0.317965693343251,-0.522681962297535,0.009,0.012,1
"ZNF674","ZNF674",0.318139728801485,-0.194887043925575,0.039,0.046,1
"ZNF433","ZNF433",0.318216212402039,-0.388954148644943,0.009,0.012,1
"SLC60A1","SLC60A1",0.318318506209618,0.420700931047475,0.011,0.016,1
"GID8","GID8",0.318381562985117,0.619508606020647,0.075,0.067,1
"LMBR1L","LMBR1L",0.318439212673612,-0.114921247807068,0.094,0.106,1
"SFRP4","SFRP4",0.318466860728135,-0.243308446894678,0.009,0.012,1
"MATCAP2","MATCAP2",0.318540741637015,0.331126202330386,0.087,0.078,1
"PRRT1","PRRT1",0.318594123863439,0.239703306004069,0.038,0.031,1
"CHRNB1","CHRNB1",0.318598160044646,-0.503572435380172,0.024,0.03,1
"ENSG00000225450","ENSG00000225450",0.318606402193112,-0.473423890667976,0.035,0.042,1
"AP5Z1","AP5Z1",0.318891450728254,0.432378942969518,0.072,0.063,1
"ENSG00000238009","ENSG00000238009",0.319128976122354,0.691147790816468,0.02,0.015,1
"GABRA1","GABRA1",0.319160669412002,0.174528033212898,0.013,0.009,1
"RUNX2","RUNX2",0.31933449192031,-0.437941853763944,0.057,0.066,1
"CCDC81","CCDC81",0.319363297905247,0.198138828626293,0.04,0.033,1
"TIMP2","TIMP2",0.319472800178338,-0.255365194084413,0.039,0.046,1
"RNF175","RNF175",0.319596377869259,-0.348496025661877,0.009,0.012,1
"CDC37L1","CDC37L1",0.319699929411106,0.219920851626732,0.124,0.113,1
"IFT22","IFT22",0.320126215494896,0.704711132610008,0.032,0.026,1
"MFSD6","MFSD6",0.320312053425979,-0.209525323046198,0.024,0.03,1
"OXCT1","OXCT1",0.320379823702292,0.196515923416748,0.209,0.197,1
"KCTD15","KCTD15",0.320387398699068,0.129891103922762,0.186,0.172,1
"TTL","TTL",0.320388821651871,0.288233485481584,0.115,0.104,1
"RMC1","RMC1",0.320509208740141,0.392283133251998,0.088,0.079,1
"SDHAF1","SDHAF1",0.320728512622071,-0.327462207784659,0.009,0.012,1
"JAK3","JAK3",0.320814299875944,0.359314017253724,0.028,0.022,1
"DCDC2B","DCDC2B",0.32085446695051,0.166745513868905,0.009,0.012,1
"SLC35D1","SLC35D1",0.321019817726095,-0.105843404792971,0.199,0.216,1
"LINC02720","LINC02720",0.321034293972782,-0.665546492937223,0.012,0.017,1
"CGN","CGN",0.321100198837604,0.174324323910756,0.027,0.021,1
"ENSG00000266490","ENSG00000266490",0.321142310068997,-0.489626345507643,0.012,0.017,1
"SNRPB","SNRPB",0.321502760036758,0.478499432121677,0.029,0.023,1
"ZNF134","ZNF134",0.321663585338813,0.687570265287731,0.061,0.053,1
"BBS7","BBS7",0.322504566967533,-0.272083891158633,0.063,0.072,1
"ENSG00000231760","ENSG00000231760",0.323294754036775,0.300768029491823,0.028,0.022,1
"ADARB2","ADARB2",0.323301585835913,0.120386419662868,0.183,0.205,1
"MUC20","MUC20",0.323307821895251,0.939362347759785,0.014,0.01,1
"DNAL1","DNAL1",0.323437376830058,-0.168320982047113,0.1,0.112,1
"ZNF593","ZNF593",0.323549422069147,0.763558795607982,0.014,0.01,1
"ENSG00000237352","ENSG00000237352",0.323614720964796,-0.295570411325303,0.029,0.036,1
"FAM222A-AS1","FAM222A-AS1",0.324072462850473,-0.235821965962474,0.024,0.03,1
"XPO6","XPO6",0.324181484844645,0.233076961461689,0.215,0.205,1
"LRRFIP1","LRRFIP1",0.324314951524808,0.143941841699968,0.249,0.238,1
"TPR","TPR",0.324580860914111,0.166849949586527,0.232,0.221,1
"HGS","HGS",0.324707919304469,0.357013044171687,0.151,0.14,1
"KCNAB2","KCNAB2",0.32489587063687,-0.118550202072734,0.033,0.04,1
"ENSG00000268439","ENSG00000268439",0.325181424891369,-0.305945807920767,0.029,0.036,1
"SLC25A40","SLC25A40",0.325217101552684,0.272396319775711,0.152,0.142,1
"ZNF202","ZNF202",0.325505301860772,0.421663066593957,0.03,0.024,1
"GDAP1L1","GDAP1L1",0.325809456140015,-0.299299934555711,0.012,0.017,1
"MPI","MPI",0.326294001993629,0.13248925035193,0.052,0.044,1
"ENSG00000274422","ENSG00000274422",0.326608786200397,-0.138108839747298,0.113,0.125,1
"TTBK2","TTBK2",0.32711438510154,0.101924758098725,0.421,0.409,1
"OPA3","OPA3",0.327148029725992,-0.335558630299265,0.07,0.08,1
"HPF1","HPF1",0.327336393797083,0.480151169490235,0.047,0.04,1
"ATP5F1B","ATP5F1B",0.327377797705226,-0.14866419292362,0.133,0.147,1
"ACAA1","ACAA1",0.328259203330085,-0.103409243270445,0.178,0.192,1
"CSNK2A2","CSNK2A2",0.328282285095022,0.363542951425072,0.115,0.105,1
"ENSG00000244286","ENSG00000244286",0.328311978241121,0.31139255779529,0.029,0.023,1
"MTERF3","MTERF3",0.328468968368472,0.47574145059278,0.065,0.057,1
"ANO7","ANO7",0.328660421698456,-0.2794520209583,0.024,0.03,1
"SMC1A","SMC1A",0.328817009068501,0.22342799373881,0.103,0.092,1
"STAP2","STAP2",0.328894380890198,0.285438819773188,0.014,0.01,1
"DDX51","DDX51",0.328968257418915,0.292650159503279,0.057,0.048,1
"PCYT1A","PCYT1A",0.328971243933608,-0.183475786935288,0.072,0.082,1
"C12orf56","C12orf56",0.329199577461183,-0.275033224109315,0.025,0.031,1
"RALGAPB","RALGAPB",0.329333585303569,0.155369025231256,0.267,0.255,1
"ENSG00000267765","ENSG00000267765",0.329422161282054,0.480185550019838,0.021,0.016,1
"HK1","HK1",0.329640375872036,0.148226408508557,0.269,0.254,1
"LZIC","LZIC",0.329711209039349,0.310961789922874,0.078,0.069,1
"DCAF13","DCAF13",0.33010306235845,-0.270779598234702,0.024,0.03,1
"TRMT10C","TRMT10C",0.330424205091591,-0.176721840152775,0.024,0.03,1
"FLOT2","FLOT2",0.330437021374019,0.145640236557838,0.145,0.162,1
"CHURC1-FNTB","CHURC1-FNTB",0.330766871261581,0.132947720178436,0.156,0.145,1
"ZNF316","ZNF316",0.330844866633061,0.197423209138329,0.066,0.057,1
"TRAM2","TRAM2",0.330928416027342,0.303774352237167,0.043,0.036,1
"ZNF652","ZNF652",0.331327390368008,0.172691359525214,0.302,0.289,1
"ENSG00000226785","ENSG00000226785",0.331346961648688,-1.13990902483516,0.006,0.01,1
"ASB6","ASB6",0.331420787288989,0.206768972377487,0.085,0.075,1
"NBPF26","NBPF26",0.33151074301912,-0.163299829268919,0.163,0.176,1
"PEX26","PEX26",0.331776921377739,0.159772062434805,0.087,0.077,1
"C1orf216","C1orf216",0.331873942538211,0.702465451880855,0.022,0.017,1
"JMJD8","JMJD8",0.331919554952891,0.555223393247856,0.032,0.026,1
"TCEANC","TCEANC",0.332018538193035,-0.602391084319138,0.016,0.021,1
"RNF185","RNF185",0.332129409310352,0.192101321986544,0.118,0.107,1
"ATP6AP1-DT","ATP6AP1-DT",0.332155917083466,-0.864900165995907,0.009,0.013,1
"SLC24A5","SLC24A5",0.332405557647512,-0.844717540031893,0.009,0.013,1
"GLIPR1L1","GLIPR1L1",0.332433289910554,-0.278786339487536,0.021,0.026,1
"SETD9","SETD9",0.332621948643017,0.841196164324251,0.014,0.01,1
"PPCS","PPCS",0.332771693405639,0.629780861257289,0.034,0.028,1
"TSPAN4","TSPAN4",0.333321741971243,0.714540385918185,0.022,0.017,1
"RASGRP1","RASGRP1",0.333404040807337,0.246407161344221,0.042,0.035,1
"FBXO41","FBXO41",0.33340527027933,-1.03579565921585,0.006,0.01,1
"ZNF622","ZNF622",0.33340912416239,-0.655717135856216,0.013,0.017,1
"MIX23","MIX23",0.333507807293375,-0.126305012727379,0.058,0.067,1
"RBM12B","RBM12B",0.333700983221882,0.145173940926248,0.168,0.155,1
"DPP9","DPP9",0.334093497539195,0.153184344725147,0.141,0.129,1
"ALK","ALK",0.334302770526552,0.292377650545838,0.262,0.293,1
"CMTM7","CMTM7",0.334407028394763,-0.541171110756579,0.009,0.013,1
"PGPEP1","PGPEP1",0.33441940809749,0.399796749288241,0.097,0.088,1
"ZNF440","ZNF440",0.334667332039131,0.404313138293728,0.05,0.043,1
"TRAP1","TRAP1",0.335233431639763,0.292913275248268,0.181,0.172,1
"RANBP6","RANBP6",0.335325867480939,0.268767708968774,0.048,0.041,1
"GLYCTK","GLYCTK",0.335915712571147,-0.640353482277343,0.006,0.01,1
"MRNIP-DT","MRNIP-DT",0.335978606384493,0.664854666353842,0.014,0.01,1
"BLZF1","BLZF1",0.336125626805811,0.221456607642162,0.163,0.152,1
"FBXO15","FBXO15",0.336448921322585,-0.241967079055648,0.065,0.075,1
"ENSG00000232461","ENSG00000232461",0.336542084970623,-0.269814532640079,0.009,0.013,1
"INTS4","INTS4",0.336542398694771,0.33661941208774,0.138,0.129,1
"CELF2-AS2","CELF2-AS2",0.336989497836485,-0.549849924442659,0.013,0.017,1
"GMPPB","GMPPB",0.337062144408925,0.627857054428226,0.014,0.01,1
"PCNA","PCNA",0.33710506457076,-0.255307251436935,0.016,0.021,1
"ZDHHC11B","ZDHHC11B",0.337150850731579,0.145573324194824,0.084,0.074,1
"SAMTOR","SAMTOR",0.337371348288472,0.130835439450562,0.247,0.232,1
"POLR2K","POLR2K",0.338012469401888,-0.747424606356573,0.022,0.028,1
"ECH1","ECH1",0.338027934455345,0.109042608671483,0.054,0.063,1
"IRAK1","IRAK1",0.338095355663733,0.288681449096421,0.031,0.025,1
"BGN","BGN",0.338389519929388,0.323589791576659,0.014,0.01,1
"LSM2","LSM2",0.338419474741337,0.23514334817125,0.031,0.025,1
"LEPR","LEPR",0.338527244091018,-0.116065471896465,0.237,0.253,1
"ITPKA","ITPKA",0.33866369889009,0.69219325333176,0.022,0.017,1
"TRO","TRO",0.33867457981975,-0.416440232530059,0.027,0.033,1
"ENSG00000230074","ENSG00000230074",0.338762810983212,-0.164889859735882,0.016,0.021,1
"LPCAT3","LPCAT3",0.338836832137063,0.141048161008612,0.186,0.172,1
"VAX2","VAX2",0.338873032288397,0.475865508631392,0.014,0.01,1
"ENSG00000253553","ENSG00000253553",0.339109986233973,-0.445930913856505,0.032,0.039,1
"LMAN2","LMAN2",0.339281848165833,0.118084891337841,0.078,0.068,1
"POGLUT3","POGLUT3",0.339366500176539,0.568643386970154,0.067,0.059,1
"KLHL42","KLHL42",0.339553813673362,0.243181631981356,0.185,0.174,1
"FAM76B","FAM76B",0.340049925716344,0.200544815318196,0.076,0.087,1
"ZNF614","ZNF614",0.340057784001769,0.409939078399966,0.032,0.026,1
"MORC2","MORC2",0.340088287844015,0.128211274895085,0.101,0.091,1
"FHAD1","FHAD1",0.340237042127407,1.16252550567812,0.015,0.011,1
"NOP53-AS1","NOP53-AS1",0.34032622799924,0.205170381767098,0.014,0.01,1
"FBXO45","FBXO45",0.340454829478217,0.327236242159342,0.032,0.026,1
"PLN","PLN",0.340674165384956,-0.577900729587003,0.006,0.01,1
"RAB1B","RAB1B",0.341080746164996,0.390950756879968,0.087,0.079,1
"SLC29A3","SLC29A3",0.341690314173925,0.231357618909747,0.05,0.043,1
"ENSG00000269476","ENSG00000269476",0.341891116132624,0.980349169293412,0.015,0.011,1
"NOP14","NOP14",0.342001079574491,0.320969249749888,0.047,0.04,1
"CEP57L1","CEP57L1",0.342115463868501,-0.156259055692388,0.092,0.103,1
"LRRD1","LRRD1",0.342192262358229,-0.153038853537264,0.016,0.021,1
"LEMD2","LEMD2",0.342196267224872,0.247790493788335,0.142,0.132,1
"HDGF","HDGF",0.342214759954915,-0.119436322730704,0.068,0.077,1
"TBCD","TBCD",0.342216493538842,0.139302686882492,0.295,0.283,1
"BRPF3","BRPF3",0.34231456437815,0.763420753751005,0.045,0.039,1
"CFAP68","CFAP68",0.342546703032431,0.161475659872131,0.044,0.037,1
"BCL2L13","BCL2L13",0.342654096384911,0.194756532849847,0.308,0.299,1
"ARL17A.1","ARL17A.1",0.342715800969064,0.154527649120736,0.161,0.149,1
"KLHL8","KLHL8",0.342758892853206,0.207461473092186,0.125,0.115,1
"ZNRF3-AS1","ZNRF3-AS1",0.342887973946974,-0.795241142213151,0.023,0.028,1
"CCT7","CCT7",0.343105786817085,0.475853585236058,0.063,0.055,1
"C8orf33","C8orf33",0.343106352402316,0.202894531389565,0.024,0.03,1
"SERF2","SERF2",0.343459155629503,0.156361436695674,0.216,0.205,1
"SH2B1","SH2B1",0.343929035252686,0.22943618923061,0.261,0.253,1
"PCP4","PCP4",0.343988234139645,0.507765049433814,0.059,0.051,1
"UBL7","UBL7",0.344018194890208,-0.446386867370588,0.022,0.028,1
"DLAT","DLAT",0.34461322959173,0.124265347501267,0.103,0.092,1
"ENSG00000255121","ENSG00000255121",0.344636237683549,-1.07853182923994,0.01,0.014,1
"SNRPD2","SNRPD2",0.344685936035682,0.12512166972595,0.034,0.041,1
"PRKAB1","PRKAB1",0.344728484453162,0.24894185398191,0.032,0.026,1
"KCTD5","KCTD5",0.344754651983514,-0.33794770156007,0.032,0.038,1
"POU3F2","POU3F2",0.345000901404898,0.195929718379043,0.275,0.266,1
"UGDH","UGDH",0.345221440519526,-0.486536920997579,0.033,0.039,1
"MOSPD1","MOSPD1",0.345265576908385,0.142607767816324,0.021,0.026,1
"TAMM41","TAMM41",0.345283552716164,-0.127971261507261,0.166,0.181,1
"CD163L1","CD163L1",0.345343247998477,-0.267516667833295,0.022,0.027,1
"EMSY-DT","EMSY-DT",0.345489368243337,-0.373704274166925,0.032,0.039,1
"NELFCD","NELFCD",0.345712782777405,0.143870251733576,0.13,0.119,1
"MCM3AP-AS1","MCM3AP-AS1",0.346031296305861,-0.339360359775662,0.057,0.065,1
"LRFN2","LRFN2",0.346064004749873,0.342345625394068,0.146,0.136,1
"ZNF671","ZNF671",0.34638590727441,0.165169414358441,0.033,0.027,1
"RILPL1","RILPL1",0.346493520934802,0.102570277921883,0.316,0.305,1
"RPAP3","RPAP3",0.346575935293543,-0.232398722901445,0.082,0.091,1
"ATF6B","ATF6B",0.34681955850899,0.187825674918598,0.205,0.194,1
"GRIN2A","GRIN2A",0.346831518507636,-0.384578604811291,0.017,0.022,1
"SAV1","SAV1",0.34700520147281,-0.299129890194164,0.065,0.073,1
"MRPS18B","MRPS18B",0.347144329789368,0.546323413465637,0.067,0.059,1
"MTHFR","MTHFR",0.347464368035089,0.260763372291621,0.079,0.07,1
"NRXN3","NRXN3",0.347786117325841,1.04287292499017,0.106,0.12,1
"WDR76","WDR76",0.347960088138969,0.608390661592736,0.015,0.011,1
"ATP11C","ATP11C",0.347990172114605,0.193756940901197,0.166,0.154,1
"PCDHB7","PCDHB7",0.347994835248442,-0.43781934664185,0.01,0.014,1
"SSH3","SSH3",0.348301632703071,0.244746313032667,0.034,0.028,1
"DCC","DCC",0.348304246191042,-0.218465517415856,0.032,0.039,1
"PGBD5","PGBD5",0.3487943318047,0.22932195983039,0.16,0.149,1
"KGD4","KGD4",0.348849305588978,0.151484535842255,0.102,0.091,1
"HAUS5","HAUS5",0.348903707445025,0.245186131980392,0.05,0.043,1
"CPAMD8","CPAMD8",0.34894034740036,0.203534978008885,0.26,0.247,1
"TMEM147","TMEM147",0.349546437422913,0.438997555005587,0.056,0.048,1
"OSGEPL1-AS1","OSGEPL1-AS1",0.349724327354635,0.553978422730731,0.024,0.019,1
"EBNA1BP2","EBNA1BP2",0.35039809039521,-0.167951370317264,0.017,0.022,1
"ZNF777","ZNF777",0.350466457778345,0.366012684707802,0.034,0.028,1
"FAM8A1","FAM8A1",0.35056078800742,-0.132420134248428,0.068,0.077,1
"IP6K2","IP6K2",0.350817307545106,0.221346644090292,0.179,0.169,1
"ZNF112","ZNF112",0.350888466895582,-0.188600184664267,0.017,0.022,1
"KDM7A","KDM7A",0.350983241608178,0.325732919846863,0.176,0.166,1
"GORAB","GORAB",0.351066952320323,-0.290737833171668,0.052,0.059,1
"LOC101928059","LOC101928059",0.351499727654036,-0.706645188517394,0.01,0.014,1
"CCDC22","CCDC22",0.351550875908615,-0.49861930136186,0.014,0.018,1
"LMNB1-DT","LMNB1-DT",0.351562515790756,-0.311099583808496,0.01,0.014,1
"IL17RE","IL17RE",0.351968825628707,-0.141819965967157,0.017,0.022,1
"MYT1L","MYT1L",0.35283337761417,-0.695777366338599,0.018,0.023,1
"MRPL47","MRPL47",0.353171921924695,0.38749148980888,0.034,0.028,1
"HAX1","HAX1",0.353668138494203,-0.182279299685422,0.044,0.052,1
"MRPL24","MRPL24",0.353739263029673,-0.17967620252303,0.022,0.027,1
"FAM3D-AS1","FAM3D-AS1",0.353760235616035,0.708863943627672,0.016,0.012,1
"TDG","TDG",0.353991270852566,-0.208281150246494,0.075,0.084,1
"LOC124902727","LOC124902727",0.353993873462257,0.704333959029086,0.04,0.034,1
"ENSG00000251182","ENSG00000251182",0.354016864575777,-0.619318313121602,0.01,0.014,1
"DRAM2","DRAM2",0.35435108806038,0.237933170690094,0.113,0.103,1
"INTS5","INTS5",0.354467649026448,0.494267694173045,0.016,0.012,1
"ENSG00000184208","ENSG00000184208",0.354630498019249,-0.106578731473245,0.022,0.027,1
"GABPB1","GABPB1",0.354766267068636,0.279999093310945,0.128,0.119,1
"ENSG00000251675","ENSG00000251675",0.354783050697948,0.752944967653998,0.049,0.042,1
"TMEM101","TMEM101",0.354859622582625,0.398490478548005,0.024,0.019,1
"TMEM201","TMEM201",0.355019997329029,0.294663484117024,0.035,0.029,1
"EXOC8","EXOC8",0.355153282732399,-0.271584792127886,0.01,0.014,1
"GATAD2A","GATAD2A",0.355391321505255,0.132574362471136,0.214,0.202,1
"CIB2","CIB2",0.355530442980373,0.610210595469,0.016,0.012,1
"ENSG00000228274","ENSG00000228274",0.35568318957418,0.201367918860987,0.021,0.026,1
"BICC1","BICC1",0.355806917140119,-0.130824536308476,0.247,0.263,1
"DNAH9","DNAH9",0.356057317670431,0.159940390342324,0.096,0.109,1
"CDH26","CDH26",0.356154295355144,-0.170321098297858,0.136,0.149,1
"COX19","COX19",0.356308985359406,0.140341026918946,0.125,0.113,1
"UBE2K","UBE2K",0.356396185632185,0.130237618904816,0.441,0.436,1
"ENSG00000259066","ENSG00000259066",0.35681565816711,0.209192561032328,0.023,0.018,1
"MITF","MITF",0.356942992965396,0.110487940366849,0.279,0.266,1
"CCNE2","CCNE2",0.357105004072397,-1.07278526260372,0.007,0.01,1
"ABHD5","ABHD5",0.357382855767443,-0.167746342601982,0.069,0.078,1
"ENSG00000265987","ENSG00000265987",0.357498378756633,-0.320956067847975,0.018,0.023,1
"RAB3C","RAB3C",0.357595977360496,-0.143777850636577,0.018,0.023,1
"TMEM186","TMEM186",0.357595977360496,-0.322686752881405,0.018,0.023,1
"ENSG00000283360","ENSG00000283360",0.357991761936189,-0.639761291636263,0.007,0.01,1
"ATF5","ATF5",0.357991761936189,-0.905826985628696,0.007,0.01,1
"HYCC2","HYCC2",0.358101432152047,0.124161583293395,0.234,0.225,1
"SCN9A","SCN9A",0.358139689508917,-0.817968567619269,0.007,0.01,1
"RAB3GAP1","RAB3GAP1",0.358149828922488,0.167433813515275,0.416,0.419,1
"EPM2AIP1","EPM2AIP1",0.358309074728876,0.227443755708635,0.227,0.219,1
"SALL2","SALL2",0.35840897967201,0.28223676097306,0.128,0.119,1
"TMEM255B","TMEM255B",0.358737579945274,-0.609527861986388,0.014,0.019,1
"RHOBTB2","RHOBTB2",0.358794827221531,0.251773005474321,0.222,0.212,1
"ENSG00000228886","ENSG00000228886",0.358849751578031,0.18507066082333,0.016,0.012,1
"WASL-DT","WASL-DT",0.358879904099921,-0.618348063397818,0.007,0.01,1
"PPARD","PPARD",0.359135887423001,0.28313009788461,0.135,0.125,1
"ANXA1","ANXA1",0.359714795476406,1.24316071913009,0.01,0.007,1
"ENSG00000225498","ENSG00000225498",0.359920796491019,0.553401778129716,0.016,0.012,1
"MMS22L","MMS22L",0.359998267687683,0.416424178179974,0.103,0.094,1
"TMEM44","TMEM44",0.360066246313375,-0.487646941901612,0.007,0.01,1
"ENSG00000239265","ENSG00000239265",0.360472235509409,1.03691346767817,0.01,0.007,1
"LOXL1-AS1","LOXL1-AS1",0.361078907690556,1.10254230510293,0.01,0.007,1
"ENSG00000124593","ENSG00000124593",0.361106313171315,-0.468233454797329,0.007,0.01,1
"PTCD1","PTCD1",0.361200385866949,0.133619052714296,0.024,0.019,1
"IQCC","IQCC",0.361838147891799,0.740897116207265,0.01,0.007,1
"ENSG00000260371","ENSG00000260371",0.362221290068994,0.570264365843355,0.026,0.021,1
"NXPH1","NXPH1",0.362297265735697,-0.410969650072103,0.007,0.01,1
"NAV2-AS3","NAV2-AS3",0.362498474704986,0.627014293406917,0.026,0.021,1
"IL15","IL15",0.362744506549763,-0.298332561066091,0.007,0.01,1
"MOB4","MOB4",0.362934853172137,0.350325758714982,0.039,0.033,1
"RHOBTB1","RHOBTB1",0.363085332924706,0.351384792316768,0.039,0.033,1
"COG7","COG7",0.363224538281389,0.237992698711147,0.24,0.232,1
"TTLL3","TTLL3",0.363311955484044,-0.141958773647323,0.044,0.052,1
"LSM11","LSM11",0.363745190803031,0.115682863312508,0.016,0.012,1
"KANSL2","KANSL2",0.363907178618168,-0.159603355121509,0.044,0.051,1
"PPIC","PPIC",0.364229970144318,0.496325524902813,0.044,0.037,1
"ARMC10","ARMC10",0.364297071477369,-0.105962908652338,0.083,0.093,1
"ENSG00000249319","ENSG00000249319",0.3643933795671,0.275108510656354,0.061,0.053,1
"PLPP6","PLPP6",0.364427040901597,0.744703674274872,0.01,0.007,1
"SFXN4","SFXN4",0.364600218397133,-0.158245279567725,0.167,0.18,1
"UBTD2","UBTD2",0.365017161553308,0.207555458597546,0.106,0.096,1
"TMC5","TMC5",0.365190677855341,0.53169426369513,0.01,0.007,1
"TRAPPC5","TRAPPC5",0.365190677855341,0.389028812003737,0.01,0.007,1
"ENSG00000250240","ENSG00000250240",0.365285395931019,0.115135311755393,0.007,0.01,1
"ENSG00000249773","ENSG00000249773",0.365467920969903,0.228779302529175,0.038,0.032,1
"WDR5B","WDR5B",0.365496412235259,0.18230751586823,0.01,0.007,1
"EPS8L2","EPS8L2",0.36572495511783,0.538103616688788,0.042,0.035,1
"ZXDB","ZXDB",0.365941658462428,-0.766530096021298,0.011,0.015,1
"ATP8A2","ATP8A2",0.366392050815358,-0.306753363851815,0.019,0.024,1
"KBTBD4","KBTBD4",0.36644270483615,-0.573496759259673,0.011,0.015,1
"DPF3","DPF3",0.366498800353179,0.126555161850064,0.555,0.558,1
"POLR2H","POLR2H",0.366645203392084,0.161417984178473,0.12,0.109,1
"SOD1","SOD1",0.366753163700187,0.179862576499549,0.15,0.138,1
"TPM4","TPM4",0.367454387300284,0.180174369530761,0.067,0.077,1
"ST7-AS2","ST7-AS2",0.367503486811995,0.515133645813038,0.045,0.039,1
"TMEM138","TMEM138",0.36777586256534,-0.183441712068627,0.039,0.046,1
"SEMA4D","SEMA4D",0.36777794130552,0.220822413447353,0.265,0.254,1
"AIMP2","AIMP2",0.367914824123428,-0.176542131070956,0.05,0.058,1
"TMOD2","TMOD2",0.368034376285075,0.219290491005622,0.27,0.264,1
"MFAP1","MFAP1",0.368047947373225,-0.194408440712304,0.04,0.047,1
"MCAT","MCAT",0.368100312482131,-0.277027756845463,0.019,0.024,1
"ZNF510","ZNF510",0.368251894829297,0.202127182971461,0.06,0.053,1
"HBS1L","HBS1L",0.368527524834661,-0.21723863320669,0.166,0.176,1
"PTP4A2","PTP4A2",0.368593766598182,0.306078301362231,0.066,0.058,1
"ENSG00000250057","ENSG00000250057",0.368702999487368,0.838459569101683,0.017,0.013,1
"FGFRL1","FGFRL1",0.368873571500954,0.217400433192372,0.097,0.086,1
"ENSG00000234771","ENSG00000234771",0.368891963438145,-0.46455990748089,0.019,0.024,1
"KANSL1-AS1","KANSL1-AS1",0.369193648140696,0.270999326976167,0.016,0.012,1
"STK11","STK11",0.36934177295725,0.192892000651527,0.13,0.119,1
"DCAF1","DCAF1",0.369498435958197,0.218614657622059,0.094,0.084,1
"CYBC1","CYBC1",0.369540776338729,-0.139270153766016,0.094,0.104,1
"DIDO1","DIDO1",0.369589087937566,0.168782997093289,0.27,0.261,1
"LRP2","LRP2",0.369960320059652,-0.115467319005687,0.014,0.019,1
"CCNJ","CCNJ",0.370024532683186,-0.558211580218315,0.015,0.019,1
"DCAF7","DCAF7",0.370048272417457,0.133780403696139,0.186,0.174,1
"BACE1-AS","BACE1-AS",0.370058671184704,-0.257986878410101,0.019,0.024,1
"FZD4","FZD4",0.37012238003309,-0.234492736521265,0.039,0.046,1
"TICAM1","TICAM1",0.370329002601209,0.474845230297325,0.05,0.044,1
"CSNK2A1","CSNK2A1",0.370592421969062,0.164108516629935,0.31,0.304,1
"SRRD","SRRD",0.370612725725809,0.108390551964914,0.022,0.028,1
"ACTR1A","ACTR1A",0.370714014562608,0.286494561436559,0.151,0.141,1
"ENSG00000273269","ENSG00000273269",0.370907574725454,1.01270835628961,0.018,0.014,1
"LINC01396","LINC01396",0.371350304893652,-0.181214023094638,0.011,0.015,1
"TMEM100","TMEM100",0.371415681483568,0.872817785503751,0.031,0.026,1
"MED30","MED30",0.371538506231405,-0.208020321875556,0.034,0.041,1
"PCIF1","PCIF1",0.371626119137854,0.323366813822113,0.026,0.021,1
"GPNMB","GPNMB",0.371683431085186,1.3300207453482,0.011,0.008,1
"KCNJ6","KCNJ6",0.371729494134119,-0.117527765812467,0.011,0.015,1
"HSD17B1-AS1","HSD17B1-AS1",0.371855943890126,-0.152766425256334,0.011,0.015,1
"R3HDM4","R3HDM4",0.371977163257823,0.44909729419754,0.027,0.021,1
"ZBTB14","ZBTB14",0.372054521473355,0.540481146428519,0.017,0.013,1
"PXDN","PXDN",0.37209476640284,0.241240143794217,0.193,0.184,1
"NUP88","NUP88",0.372131886465324,0.206595110280016,0.187,0.176,1
"RBPMS-AS1","RBPMS-AS1",0.37240230508865,0.672027500290596,0.017,0.013,1
"FUCA1","FUCA1",0.372417228316092,-0.26977491027944,0.019,0.024,1
"OXSM","OXSM",0.372576807755985,0.598508516218066,0.027,0.022,1
"RBM15B","RBM15B",0.372614194355605,-0.180028756786029,0.019,0.024,1
"ABHD17B","ABHD17B",0.372768518317084,0.21353372434059,0.118,0.108,1
"ENSG00000228614","ENSG00000228614",0.372982391984032,0.533995037458956,0.017,0.013,1
"ARMC6","ARMC6",0.373144483350419,-0.168960685480325,0.039,0.046,1
"CACTIN","CACTIN",0.373154994157495,0.420229579886773,0.042,0.036,1
"CAVIN4","CAVIN4",0.373452618968407,0.206611757297871,0.014,0.019,1
"NCAPG2","NCAPG2",0.374175667530656,0.179158160522157,0.039,0.033,1
"SEMA5A","SEMA5A",0.374179868319917,0.413200767506847,0.042,0.036,1
"RFX5","RFX5",0.374314937723084,0.472272556305463,0.027,0.022,1
"ENSG00000272840","ENSG00000272840",0.374398230030969,0.200963828573291,0.194,0.185,1
"SMIM19","SMIM19",0.374405149191468,0.350840557801655,0.08,0.072,1
"ABHD17C","ABHD17C",0.374525680925945,0.165918332058173,0.145,0.16,1
"SPICE1","SPICE1",0.375165941770073,-0.153216085815464,0.11,0.12,1
"SHANK1","SHANK1",0.375407508531294,0.791367109322347,0.011,0.008,1
"EID2","EID2",0.37556891755213,0.13083567586249,0.014,0.019,1
"YPEL3-DT","YPEL3-DT",0.375690859286324,0.310319444455272,0.027,0.021,1
"ZNF813","ZNF813",0.375774590637604,0.349825770576316,0.017,0.013,1
"FNTB","FNTB",0.375845760907536,0.285535010772195,0.04,0.034,1
"NIM1K","NIM1K",0.376124424729345,0.178925147756487,0.258,0.244,1
"DHRS4L2","DHRS4L2",0.376385945816667,0.236470962773546,0.042,0.035,1
"GALNT3","GALNT3",0.376519085848856,0.300823434259278,0.022,0.028,1
"ENSG00000260276","ENSG00000260276",0.376589959813106,0.722827286906364,0.018,0.014,1
"DUBR","DUBR",0.37675373001132,0.273867420221907,0.141,0.132,1
"CLIP3","CLIP3",0.376821442975338,0.222523184424525,0.111,0.102,1
"METTL9","METTL9",0.376864847855563,0.119333048916473,0.161,0.15,1
"KHDRBS1","KHDRBS1",0.377157091013094,0.129770987250151,0.244,0.234,1
"RIT2","RIT2",0.377503024038492,0.859503525577446,0.011,0.008,1
"GPR108","GPR108",0.377585063315479,0.401699214802435,0.028,0.023,1
"CORO2A","CORO2A",0.377802970820252,0.543436326958398,0.011,0.008,1
"ENSG00000263657","ENSG00000263657",0.377883293812605,0.301209468373179,0.027,0.021,1
"COLGALT2","COLGALT2",0.3779436086902,0.369160852483456,0.256,0.255,1
"SLC9A7","SLC9A7",0.37804162013475,0.294002965897092,0.049,0.043,1
"FYTTD1","FYTTD1",0.378106290814217,-0.152060316331732,0.087,0.097,1
"CAPN1-AS1","CAPN1-AS1",0.378155422435333,0.203806312366667,0.019,0.024,1
"NPRL3","NPRL3",0.378552870021225,0.152143506890469,0.308,0.298,1
"DMAP1","DMAP1",0.378946480301457,0.467500452791918,0.063,0.056,1
"PRDM1","PRDM1",0.37919578432402,-0.658844283659481,0.011,0.015,1
"RERGL","RERGL",0.379291458062853,0.454417488458768,0.044,0.038,1
"ZMYND19","ZMYND19",0.379336479331758,0.435837610804837,0.018,0.014,1
"ABCF3","ABCF3",0.379364669103384,0.216333280948947,0.04,0.034,1
"POPDC1","POPDC1",0.379412288126481,-0.356013723950952,0.015,0.019,1
"NACAD","NACAD",0.37967556291891,-0.120327836914841,0.052,0.059,1
"COMMD9","COMMD9",0.380230125004448,0.318870004068294,0.065,0.057,1
"GRAPL","GRAPL",0.380310338242546,-1.04450812561916,0.008,0.011,1
"DDX21","DDX21",0.380758622445853,-0.128405552549879,0.062,0.071,1
"TXN","TXN",0.38078022618914,0.228345923257363,0.028,0.034,1
"MRPL44","MRPL44",0.38096497507248,0.593020012440463,0.03,0.025,1
"RHOC","RHOC",0.380968314452236,0.177749618439493,0.094,0.084,1
"ATP5IF1","ATP5IF1",0.381255188556,0.201549663225196,0.087,0.078,1
"RBCK1","RBCK1",0.381281857875411,0.21364946090501,0.194,0.183,1
"ADCY6","ADCY6",0.381510989822234,-0.174694185894773,0.086,0.095,1
"ENSG00000269793","ENSG00000269793",0.381790427054626,-0.461849132073083,0.008,0.011,1
"SLC25A11","SLC25A11",0.38182866584452,0.206992671436883,0.076,0.086,1
"CCNF","CCNF",0.381834016189867,0.193757163029908,0.041,0.035,1
"MAN1B1-DT","MAN1B1-DT",0.381866611426281,0.194283023941741,0.011,0.008,1
"ENSG00000250349","ENSG00000250349",0.381965744893355,0.22790335863092,0.072,0.064,1
"BZW1","BZW1",0.38217389192188,-0.110275345907363,0.034,0.041,1
"ENKD1","ENKD1",0.382729730766581,0.458438477924641,0.058,0.051,1
"NOMO1","NOMO1",0.382933497404063,0.156794841645405,0.059,0.052,1
"ENSG00000258386","ENSG00000258386",0.383274044305489,-0.40233202380426,0.008,0.011,1
"NOTCH3","NOTCH3",0.383274460338952,-0.155450361097949,0.015,0.019,1
"ENSG00000274605","ENSG00000274605",0.383335292728933,0.316612817710917,0.028,0.023,1
"MEI1","MEI1",0.383571190939565,-0.471420093940987,0.008,0.011,1
"SYNC","SYNC",0.383628498929356,0.307084357258829,0.123,0.114,1
"ENSG00000254671","ENSG00000254671",0.383871085071552,0.490137451891444,0.03,0.025,1
"SLC16A3","SLC16A3",0.384002090820975,-0.408625701683733,0.037,0.043,1
"CFAP97D2","CFAP97D2",0.384271468974185,-0.108907710276972,0.015,0.019,1
"FBL","FBL",0.384303147585101,0.209413770191289,0.029,0.024,1
"SLC51B","SLC51B",0.384524140802968,0.181640223002136,0.042,0.036,1
"RAD54B","RAD54B",0.384634970712585,0.448154888304435,0.018,0.014,1
"MRPL19","MRPL19",0.384711406872949,0.17198775524563,0.148,0.138,1
"UPRT","UPRT",0.384804685689406,-0.165001215979453,0.049,0.057,1
"ATP6V0A2","ATP6V0A2",0.384861716247544,0.301541060419858,0.094,0.086,1
"SRP68","SRP68",0.384951359167466,-0.135840175379458,0.055,0.063,1
"ENSG00000259103","ENSG00000259103",0.384955365623472,-0.306503277791441,0.011,0.015,1
"ELAVL2","ELAVL2",0.385059038865106,-0.456437918269403,0.008,0.011,1
"ENSG00000259416","ENSG00000259416",0.385059038865106,-0.387646724566867,0.008,0.011,1
"TM2D3","TM2D3",0.385122054557615,0.275465617055122,0.106,0.098,1
"ERCC4","ERCC4",0.385290834908144,0.265036250848571,0.131,0.122,1
"ENSG00000249096","ENSG00000249096",0.385315552098289,-0.349259005433608,0.016,0.02,1
"TCEAL7","TCEAL7",0.385458713811197,-0.190519309741674,0.011,0.015,1
"DFFB","DFFB",0.385599765176599,-0.158452694332561,0.042,0.048,1
"TERF2IP","TERF2IP",0.38565767989921,0.194855609504741,0.349,0.344,1
"FAM229B","FAM229B",0.385711979995898,0.343634420143561,0.1,0.091,1
"TSHR","TSHR",0.385868123685258,0.455295266083424,0.032,0.027,1
"TARDBP","TARDBP",0.38610262853199,-0.287877745006734,0.008,0.011,1
"CHADL","CHADL",0.386442277091154,0.116860756770377,0.062,0.071,1
"ENSG00000244198","ENSG00000244198",0.386603985546557,0.760441620326612,0.019,0.015,1
"HACL2","HACL2",0.387106224950547,0.167220576504262,0.089,0.08,1
"ENSG00000273270","ENSG00000273270",0.387116800237963,0.369752404051921,0.05,0.044,1
"ENSG00000271327","ENSG00000271327",0.387147943345611,-0.14495963430293,0.008,0.011,1
"NCAPH2","NCAPH2",0.387310091564437,0.333968403181601,0.051,0.044,1
"LINC00654","LINC00654",0.387446921451899,0.115226934650814,0.008,0.011,1
"PLCD1","PLCD1",0.387565758477452,0.18206656436066,0.209,0.201,1
"ARNT2-AS3","ARNT2-AS3",0.38789565247002,0.121859657618083,0.008,0.011,1
"TRERF1","TRERF1",0.38795905078306,0.260059842208736,0.108,0.1,1
"MRPL50","MRPL50",0.388040674490846,-0.19174505383345,0.02,0.025,1
"ENSG00000231104","ENSG00000231104",0.388163786048289,0.716952028717019,0.019,0.015,1
"NBPF15","NBPF15",0.388319032585101,0.216956548521205,0.067,0.059,1
"TMEM120B","TMEM120B",0.38847124725023,0.24417674866949,0.115,0.106,1
"CD22","CD22",0.388481271667365,-0.35965999817028,0.016,0.02,1
"DUSP26","DUSP26",0.388535574793787,0.509143490085123,0.019,0.015,1
"RFPL3S","RFPL3S",0.38874026963182,-0.239188415342603,0.011,0.015,1
"LAPTM5","LAPTM5",0.389164781573837,0.739461458060046,0.011,0.008,1
"ENSG00000254302","ENSG00000254302",0.389236471423926,-0.96146715384429,0.012,0.016,1
"STAM-DT","STAM-DT",0.389675850434276,0.242608957497207,0.019,0.015,1
"PSD3-AS1","PSD3-AS1",0.389693741404424,0.528773682298796,0.008,0.011,1
"SOS2","SOS2",0.389876734660902,0.157359213579372,0.349,0.345,1
"COL5A1","COL5A1",0.38990146576043,0.949691374594188,0.011,0.008,1
"ENSG00000265943","ENSG00000265943",0.389951102180767,0.530969599158844,0.019,0.015,1
"TPRKB","TPRKB",0.390338737732186,0.165959783106501,0.044,0.038,1
"TTC31","TTC31",0.390355812756123,0.329381402664326,0.052,0.045,1
"KARS1","KARS1",0.390571280685966,0.167882726063556,0.065,0.057,1
"LIG3","LIG3",0.390578598233164,0.343750336096881,0.054,0.047,1
"NPHP3-ACAD11","NPHP3-ACAD11",0.390798816611317,0.675458031533877,0.032,0.027,1
"LARP1B","LARP1B",0.390980187127108,0.130975005521765,0.272,0.261,1
"PPOX","PPOX",0.391267873463604,-0.100881114956179,0.06,0.068,1
"ANAPC11","ANAPC11",0.391309373158265,0.349304425194508,0.051,0.044,1
"ENSG00000259915","ENSG00000259915",0.391475518996656,0.386912820551041,0.031,0.026,1
"ZDHHC23","ZDHHC23",0.391672964182898,0.392928469009381,0.011,0.008,1
"DENND1A","DENND1A",0.391774206594265,0.119187413451316,0.582,0.591,1
"DCAF11","DCAF11",0.39184801749097,-0.199051021505421,0.011,0.015,1
"CHCHD4","CHCHD4",0.391968688078096,0.531954327244266,0.011,0.008,1
"GSS","GSS",0.391998313013819,-0.239806894402324,0.052,0.059,1
"ZNF490","ZNF490",0.392052431368618,0.355856539672782,0.085,0.077,1
"SPTBN2","SPTBN2",0.392116600807316,0.459174720583314,0.011,0.008,1
"HSD17B1","HSD17B1",0.392142352028335,-0.462739890185915,0.027,0.033,1
"XPNPEP3","XPNPEP3",0.392291751129768,0.141953439029314,0.254,0.243,1
"TRAPPC14","TRAPPC14",0.392328371885019,0.322820327491116,0.029,0.024,1
"LOC101929609","LOC101929609",0.392763508034721,-0.347511239763063,0.016,0.02,1
"SYT2","SYT2",0.392763508034721,-0.134113781198913,0.016,0.02,1
"ENSG00000253853","ENSG00000253853",0.392966800818208,-0.363426281276219,0.026,0.031,1
"TMEM185B","TMEM185B",0.393004787946831,0.307724528445689,0.011,0.008,1
"ZBTB39","ZBTB39",0.39331577854077,0.601816301136282,0.019,0.015,1
"IFIT2","IFIT2",0.393324123533806,-0.788890932043302,0.012,0.016,1
"PP2D1","PP2D1",0.393449338308184,0.601504681591257,0.011,0.008,1
"UQCR11","UQCR11",0.393449338308184,0.382228776946445,0.011,0.008,1
"ANXA2","ANXA2",0.393522472939116,0.357291535506504,0.029,0.024,1
"SPDL1","SPDL1",0.393645438902363,-0.139725000115814,0.016,0.02,1
"AP2A2","AP2A2",0.393853501102552,0.269579235342517,0.226,0.219,1
"DDX10","DDX10",0.393926382520714,-0.211924465795467,0.154,0.164,1
"COPS7A","COPS7A",0.393968649744603,-0.162621732152631,0.054,0.062,1
"ENSG00000214189","ENSG00000214189",0.394095764611816,-0.270878419810849,0.059,0.066,1
"NMNAT2","NMNAT2",0.39413322974685,-0.199546504020378,0.036,0.042,1
"COPS9","COPS9",0.394149409914656,0.18579158352942,0.102,0.093,1
"ENSG00000271576","ENSG00000271576",0.394443434652035,-0.571665121288102,0.012,0.016,1
"NT5M","NT5M",0.394449285134232,0.144440713425131,0.099,0.09,1
"ENSG00000269172","ENSG00000269172",0.394784815626809,0.325498137588688,0.011,0.008,1
"SMAD7","SMAD7",0.395109569043947,0.488433616150879,0.034,0.029,1
"ZNF426","ZNF426",0.395117217077339,0.111691752395819,0.042,0.036,1
"PGM2","PGM2",0.395455807517104,0.535017719481848,0.019,0.015,1
"LINC02798","LINC02798",0.395564670687767,-0.989522451497667,0.012,0.016,1
"RASGRP3","RASGRP3",0.395681482325475,0.416166648111447,0.019,0.015,1
"XAF1","XAF1",0.395804009919902,0.299106329243252,0.214,0.206,1
"CLN3","CLN3",0.396420783331369,0.143513940957191,0.011,0.008,1
"NBPF9","NBPF9",0.397115872573145,0.360700327218182,0.09,0.082,1
"TMEM263","TMEM263",0.39743013775947,-0.166715874369229,0.07,0.078,1
"ESYT1","ESYT1",0.397776399109079,-0.341306924150368,0.039,0.045,1
"NRSN1","NRSN1",0.397844044074716,0.184885388005338,0.07,0.08,1
"TLN1","TLN1",0.398226742714964,0.144484440041364,0.082,0.073,1
"LINC01090","LINC01090",0.398923248535532,-0.700082808660037,0.009,0.012,1
"ENSG00000258400","ENSG00000258400",0.399038714578643,0.733037182130173,0.012,0.009,1
"TDRKH","TDRKH",0.399065256687991,-0.469767519698126,0.012,0.016,1
"ENSG00000231840","ENSG00000231840",0.399167085597972,-0.16502068860043,0.021,0.026,1
"SLC12A7","SLC12A7",0.399661486205171,-0.176693385669972,0.05,0.057,1
"PLAC8","PLAC8",0.399761526967983,0.9801582561776,0.012,0.009,1
"ENSG00000261423","ENSG00000261423",0.399778192975967,0.229042426587886,0.144,0.135,1
"PKNOX1","PKNOX1",0.399818302622248,0.16659480252709,0.24,0.228,1
"KLHL1","KLHL1",0.399870486479718,0.226161538685486,0.019,0.015,1
"PPM1G","PPM1G",0.40025737795193,0.103208478850092,0.1,0.091,1
"TBL2","TBL2",0.400613918855247,0.243938304238309,0.029,0.024,1
"BRAT1","BRAT1",0.401083200096108,0.114595841731946,0.131,0.12,1
"VANGL2","VANGL2",0.401150856485635,0.211569938965608,0.092,0.104,1
"ZSCAN9","ZSCAN9",0.401386807376829,0.162050470270296,0.02,0.025,1
"ENSG00000259367","ENSG00000259367",0.401413371104858,0.136936972421449,0.016,0.02,1
"MAP3K5-AS1","MAP3K5-AS1",0.401971722233576,0.152209375016621,0.016,0.02,1
"ENSG00000203886","ENSG00000203886",0.402015370893651,-0.58750967999622,0.009,0.012,1
"FGD6","FGD6",0.402052192068689,0.196218499559803,0.211,0.201,1
"DCAF12","DCAF12",0.402067757013702,0.229338870341572,0.085,0.076,1
"PANK3","PANK3",0.402111804163889,0.240107514970402,0.126,0.117,1
"PEX10","PEX10",0.402193369283632,0.563084447142218,0.037,0.031,1
"RCHY1","RCHY1",0.402372710464056,-0.111255284751959,0.102,0.112,1
"CXXC4-AS1","CXXC4-AS1",0.402425829347782,-0.170306855506173,0.044,0.051,1
"ENSG00000227014","ENSG00000227014",0.402707249922886,0.36972865748495,0.054,0.048,1
"ENSG00000262967","ENSG00000262967",0.402710450152161,-0.237741145177013,0.012,0.016,1
"MSN","MSN",0.403144154657908,0.367458571266578,0.135,0.127,1
"NABP2","NABP2",0.403419370160555,0.326668702514527,0.032,0.026,1
"NAGK","NAGK",0.40350339893555,0.241183008494257,0.096,0.087,1
"ENSG00000253347","ENSG00000253347",0.403527660662341,0.12363176487993,0.088,0.08,1
"PHLDB1","PHLDB1",0.403573761688819,0.209463997319822,0.318,0.317,1
"MELTF","MELTF",0.403969344108453,0.428560602706192,0.012,0.009,1
"ZNF571","ZNF571",0.404012673148374,0.248468978419486,0.082,0.073,1
"MTRES1","MTRES1",0.404014846576754,-0.103731680226655,0.057,0.065,1
"POP7","POP7",0.40452901684835,-0.445535971057006,0.009,0.012,1
"DYNLT3","DYNLT3",0.404922857301604,0.39206721340712,0.034,0.028,1
"SNRPD3","SNRPD3",0.404941982167865,-0.12564046513795,0.074,0.082,1
"DMAC2","DMAC2",0.405246790907614,0.312824933102216,0.032,0.027,1
"CHCHD7","CHCHD7",0.405355954887888,0.561274644288742,0.021,0.017,1
"SLC22A2","SLC22A2",0.405418425794477,-0.267442512968773,0.009,0.012,1
"INCENP","INCENP",0.405466143017734,0.357020896741077,0.021,0.017,1
"TMEM132D","TMEM132D",0.405615607563837,-0.302523297296814,0.012,0.016,1
"PCDHB12","PCDHB12",0.405632259122406,-0.347570842458052,0.022,0.026,1
"ENSG00000249526","ENSG00000249526",0.405635656139599,0.104326306762829,0.042,0.048,1
"MGAM","MGAM",0.405920057408253,-0.625595192838646,0.047,0.053,1
"TCF4-AS1","TCF4-AS1",0.406237960933399,0.312860996325086,0.021,0.017,1
"NTPCR","NTPCR",0.406319940681549,0.256289947799965,0.103,0.095,1
"ARFRP1","ARFRP1",0.40647738149866,0.319670115073249,0.07,0.063,1
"CPTP","CPTP",0.406618594378484,0.322792812416265,0.033,0.028,1
"SOX21-AS1","SOX21-AS1",0.406804103451933,-0.205306532867205,0.022,0.026,1
"PHPT1","PHPT1",0.406958350446008,0.439563515952139,0.09,0.083,1
"EPHA7","EPHA7",0.407079773083381,0.152463532827697,0.118,0.109,1
"CA1","CA1",0.407158934860388,-0.507703420526807,0.017,0.021,1
"DDX23","DDX23",0.407183230331479,0.309459589842615,0.054,0.047,1
"DNAAF10","DNAAF10",0.407196583457585,-0.136072110773485,0.038,0.044,1
"SHROOM2","SHROOM2",0.407327113132568,0.271486311862324,0.118,0.11,1
"LCN12","LCN12",0.407338758053305,0.364446612184567,0.173,0.167,1
"MYO5A","MYO5A",0.407367750208774,-0.102739649995818,0.234,0.246,1
"RAB33B","RAB33B",0.407452588257959,-0.17460777603978,0.016,0.021,1
"ENSG00000261584","ENSG00000261584",0.407983157040486,-0.138851411522675,0.019,0.015,1
"TEN1","TEN1",0.407983900675564,0.367656796369544,0.012,0.009,1
"ETFRF1","ETFRF1",0.408291588770623,0.328772533048565,0.103,0.095,1
"ROR2","ROR2",0.408689575289132,0.129898286075157,0.009,0.012,1
"AXIN1","AXIN1",0.408811750037727,0.192222350262651,0.07,0.062,1
"CSE1L","CSE1L",0.409089608800879,-0.280372734902327,0.07,0.077,1
"ENSG00000254035","ENSG00000254035",0.409214829067733,0.217717796963256,0.032,0.026,1
"ENSG00000227220","ENSG00000227220",0.409412789733661,-0.134150089596915,0.032,0.037,1
"URB2","URB2",0.409511732340561,0.258591830883109,0.034,0.029,1
"ANKS3","ANKS3",0.40992068491557,0.297412931385177,0.159,0.151,1
"LYPLA2","LYPLA2",0.409940000080322,0.419131623076555,0.034,0.029,1
"SLC43A1","SLC43A1",0.41010606328265,0.578402064422459,0.045,0.039,1
"OST4","OST4",0.41020497124787,0.499081936963992,0.037,0.031,1
"GNS","GNS",0.410260282629371,0.134298365882295,0.151,0.14,1
"FUT2","FUT2",0.41031217758219,-0.318796608780423,0.017,0.021,1
"PRKAA1","PRKAA1",0.410989183274854,0.172681469658965,0.125,0.139,1
"BRIX1","BRIX1",0.411078450501932,0.193616534120593,0.033,0.028,1
"B3GAT2","B3GAT2",0.411143734941556,0.258312572131311,0.143,0.136,1
"GTF2H3","GTF2H3",0.411312382612649,0.179538139333549,0.121,0.112,1
"PPP4C","PPP4C",0.41171063575641,0.280458670275292,0.072,0.065,1
"WDR83","WDR83",0.411744600763554,0.213439886780572,0.032,0.027,1
"RARA","RARA",0.411744601474063,0.127198769854386,0.032,0.027,1
"LRP10","LRP10",0.411775789635049,0.340941050368132,0.118,0.109,1
"ETF1","ETF1",0.412046719599019,0.296745129898867,0.094,0.086,1
"NEDD9","NEDD9",0.412132033031796,0.225890912763235,0.033,0.028,1
"RFK","RFK",0.41238693174951,0.691132126021746,0.022,0.018,1
"YWHAQ","YWHAQ",0.412660115959174,0.314569841123279,0.159,0.151,1
"TTC7A","TTC7A",0.412760429640768,0.230684766624684,0.309,0.304,1
"FCGRT","FCGRT",0.412820182271773,0.368984579808358,0.095,0.087,1
"RAB36","RAB36",0.413202316472047,0.244347800234748,0.031,0.037,1
"MZT1","MZT1",0.413289692809886,0.217894809965432,0.035,0.03,1
"KAZN","KAZN",0.413323346310818,0.239338386288843,0.457,0.455,1
"ADNP-AS1","ADNP-AS1",0.413380988276815,0.402037220772156,0.012,0.016,1
"ATP10B","ATP10B",0.413446197813638,0.180723756337801,0.133,0.124,1
"FANCD2","FANCD2",0.413479886304367,-0.350046672886135,0.017,0.021,1
"PDC-AS1","PDC-AS1",0.413705035088335,0.330543860406775,0.084,0.076,1
"LINC02145","LINC02145",0.414004269084983,0.109424178590026,0.016,0.021,1
"MIR4300HG","MIR4300HG",0.414456520148508,-0.122549580611959,0.477,0.499,1
"TBL3","TBL3",0.41446164960519,0.675012833356665,0.023,0.019,1
"SMC6","SMC6",0.414472629691793,-0.164228883582832,0.133,0.144,1
"RGS3","RGS3",0.414595248382568,-0.143998436348453,0.083,0.092,1
"SYNPO","SYNPO",0.41477950427787,0.728346901369733,0.023,0.019,1
"UBN2","UBN2",0.414889329301307,0.159974864959916,0.391,0.391,1
"RAB9B","RAB9B",0.414956742115345,0.318557065442792,0.037,0.031,1
"RNF135","RNF135",0.415164540465077,-0.141412529111969,0.052,0.059,1
"GABRG3","GABRG3",0.415303836205713,0.774162316005265,0.013,0.01,1
"MRPL46","MRPL46",0.415343531800857,-0.176868031706181,0.017,0.021,1
"ZMYM3","ZMYM3",0.41617040298338,0.242456468037623,0.097,0.089,1
"ENSG00000274987","ENSG00000274987",0.416223196973108,-0.77992592095951,0.009,0.012,1
"MEST","MEST",0.416332173471169,-0.147243597493747,0.017,0.021,1
"ETHE1","ETHE1",0.416503331806306,0.377148155240568,0.04,0.035,1
"GADD45A","GADD45A",0.416543404817427,-0.18322085762337,0.022,0.027,1
"HCG23","HCG23",0.41704817129994,0.365502724708437,0.039,0.046,1
"PUS1","PUS1",0.417050991364596,-0.220965425138013,0.049,0.055,1
"ENSG00000267723","ENSG00000267723",0.417263004420807,0.346296752522143,0.04,0.035,1
"SNRPE","SNRPE",0.417322202499147,0.239315479591706,0.022,0.017,1
"JPH1","JPH1",0.417772825145656,0.350777629582428,0.026,0.031,1
"CD247","CD247",0.417886487502888,0.356049833691257,0.022,0.018,1
"POLR2J","POLR2J",0.418106181807738,0.269297841225019,0.057,0.05,1
"NDUFA12","NDUFA12",0.418163198309363,0.129287676068761,0.09,0.082,1
"ESR1","ESR1",0.418539306608413,0.311160911340819,0.057,0.066,1
"SDF4","SDF4",0.4187683349463,0.255815479245103,0.089,0.081,1
"ENSG00000261069","ENSG00000261069",0.418786410958043,0.775329766945222,0.014,0.01,1
"RBBP4","RBBP4",0.41890115283041,0.152697893334058,0.271,0.263,1
"ZNF584","ZNF584",0.419334946796473,0.203508126125907,0.027,0.032,1
"C5AR1","C5AR1",0.419345735948813,0.843146777883597,0.014,0.01,1
"ENSG00000255224","ENSG00000255224",0.419472386949024,0.191207237013002,0.013,0.01,1
"PTCHD4","PTCHD4",0.419576434526658,0.874663372863098,0.024,0.02,1
"FAAH2","FAAH2",0.419801185807631,0.201971284826124,0.069,0.062,1
"RELL2","RELL2",0.419858572785053,0.234796802076614,0.022,0.017,1
"WWTR1","WWTR1",0.419890700384953,0.24015085656483,0.366,0.364,1
"FJX1","FJX1",0.419962904308521,0.431056730154151,0.039,0.034,1
"ENSG00000267168","ENSG00000267168",0.420049283912207,0.183149567835157,0.013,0.01,1
"NOLC1","NOLC1",0.420217534568986,0.364636215077662,0.039,0.033,1
"KCNH7","KCNH7",0.420263451724631,-0.464495901047237,0.032,0.038,1
"ZNF81","ZNF81",0.420464116095152,0.171207409790059,0.184,0.174,1
"GOLGA7","GOLGA7",0.421065655797706,-0.185201766014452,0.061,0.068,1
"FAM177A1","FAM177A1",0.421115903017248,0.193767563979469,0.117,0.109,1
"TMEM222","TMEM222",0.421216765179636,0.210311024145932,0.095,0.087,1
"RASGEF1C","RASGEF1C",0.421490692498966,-0.475086027741556,0.009,0.012,1
"TIGD1","TIGD1",0.421794408567015,-0.256056291068554,0.018,0.022,1
"ZNF808","ZNF808",0.42183816812573,-0.209907555165846,0.034,0.04,1
"PFKFB4","PFKFB4",0.421893606094164,0.229823828044016,0.108,0.1,1
"ZNF280B","ZNF280B",0.422184467963046,0.291225749683246,0.039,0.033,1
"TBC1D25","TBC1D25",0.422353343615056,0.422020101619477,0.042,0.037,1
"RAB40B","RAB40B",0.422676905640282,0.26062339108888,0.125,0.117,1
"HEATR5A","HEATR5A",0.423176044709666,0.105713834973859,0.176,0.165,1
"FLVCR1-DT","FLVCR1-DT",0.423836126092948,0.466503942557956,0.014,0.01,1
"BCL2L2-PABPN1","BCL2L2-PABPN1",0.42385801198264,0.214776865685211,0.124,0.116,1
"ARMCX1","ARMCX1",0.423892946014754,-0.347204195285802,0.024,0.028,1
"SSRP1","SSRP1",0.423931045595255,-0.136770862783362,0.049,0.056,1
"TMEM198","TMEM198",0.423991652419993,-0.134791352871643,0.009,0.012,1
"C9orf78","C9orf78",0.424064586586704,0.466864730219263,0.051,0.045,1
"ENSG00000258851","ENSG00000258851",0.424117706276514,0.738417252429492,0.014,0.01,1
"SDE2","SDE2",0.42416719312244,0.369731025236669,0.023,0.019,1
"SNRPA1-DT","SNRPA1-DT",0.42450684882531,-0.48764243102663,0.014,0.017,1
"NECAB2","NECAB2",0.424553338370227,0.483936386050121,0.024,0.02,1
"HLA-DRA","HLA-DRA",0.424681194709681,0.344205169255649,0.014,0.01,1
"PPP1R12C","PPP1R12C",0.424742672066037,0.2193696484996,0.127,0.118,1
"ENSG00000253992","ENSG00000253992",0.424901307416662,-0.145795449253672,0.04,0.046,1
"MYLK","MYLK",0.425081650120352,0.27174194747157,0.292,0.287,1
"ENSG00000132832","ENSG00000132832",0.425104097997547,0.502630922132935,0.014,0.01,1
"HNRNPU","HNRNPU",0.425347381403708,0.116984859071733,0.462,0.478,1
"ENSG00000250039","ENSG00000250039",0.425614535166433,-0.198702729422139,0.009,0.012,1
"ENSG00000256101","ENSG00000256101",0.425752927309887,-0.126577022380852,0.023,0.028,1
"PSMB1","PSMB1",0.426118908959207,0.202524537691634,0.138,0.129,1
"NHERF2","NHERF2",0.426515550946292,0.423700583350518,0.014,0.01,1
"H4C3","H4C3",0.426925423572183,0.503195202097478,0.081,0.075,1
"FBXO16","FBXO16",0.427269626335272,0.5966515300208,0.061,0.055,1
"ZNF526","ZNF526",0.427287872728523,0.188883928046884,0.023,0.019,1
"PUS3","PUS3",0.427788191918484,0.400908764701911,0.014,0.01,1
"REN","REN",0.427872521375373,0.187913131294087,0.013,0.017,1
"MRFAP1L2","MRFAP1L2",0.428071300979649,0.277179950600278,0.014,0.01,1
"SMIM30","SMIM30",0.428100052895335,-0.20639279438172,0.023,0.028,1
"CPNE4","CPNE4",0.42858309089696,0.334915366747542,0.023,0.019,1
"BTBD3","BTBD3",0.428628027161668,0.242640402239878,0.183,0.175,1
"ADAM9","ADAM9",0.429035559072426,0.160026989780327,0.133,0.122,1
"LOC101928053","LOC101928053",0.429344200032219,-0.151742125533648,0.018,0.022,1
"WDR24","WDR24",0.429443100458941,0.674686836707684,0.028,0.024,1
"ABCB7","ABCB7",0.429610092940667,-0.188330448234628,0.172,0.184,1
"GPSM2","GPSM2",0.429902499181003,0.108132374645906,0.455,0.456,1
"ATP2C2-AS1","ATP2C2-AS1",0.430058965961204,0.104669350047883,0.009,0.012,1
"YIPF7","YIPF7",0.430131680568705,0.285360255897398,0.043,0.037,1
"ACTL6A","ACTL6A",0.43037666259887,-0.267401374501296,0.03,0.035,1
"ENSG00000271870","ENSG00000271870",0.430624185489838,0.267287013834165,0.014,0.01,1
"RHBDF2","RHBDF2",0.430736849026254,-0.159979450352765,0.014,0.017,1
"PANK4","PANK4",0.431865994930858,0.452646586734223,0.025,0.021,1
"GPN1","GPN1",0.432373829736532,-0.5441892273753,0.019,0.023,1
"SARS2","SARS2",0.432440306414477,0.210668141467315,0.009,0.012,1
"ENSG00000196312","ENSG00000196312",0.432752783511195,0.10324708877261,0.373,0.373,1
"TAF13","TAF13",0.432765512129362,0.178097746861984,0.038,0.033,1
"CYB5R3","CYB5R3",0.432950124588578,0.224406733721488,0.13,0.121,1
"HELLS","HELLS",0.433034145936756,0.564030947691977,0.027,0.022,1
"HDDC2","HDDC2",0.43310328589849,0.143448498717232,0.097,0.089,1
"NUBP1","NUBP1",0.433263527335231,0.319832018266011,0.041,0.035,1
"SLC35A2","SLC35A2",0.433297358296696,-0.328998178350877,0.019,0.023,1
"ZNF48","ZNF48",0.433380062049999,0.452919246357715,0.026,0.021,1
"CCDC157","CCDC157",0.433569202608317,-0.402454716177906,0.019,0.023,1
"PPFIA2-AS1","PPFIA2-AS1",0.433949947905437,0.199423734518307,0.023,0.019,1
"MED15","MED15",0.434087720667469,0.218329163851536,0.27,0.263,1
"ENSG00000248458","ENSG00000248458",0.434188258134603,0.524271121614808,0.024,0.02,1
"AGO1","AGO1",0.434512892090844,0.297791581159569,0.125,0.117,1
"EPHB1","EPHB1",0.434628211910564,-0.119751809906507,0.136,0.147,1
"DIS3L","DIS3L",0.434767476960451,0.153431181323561,0.165,0.156,1
"SARNP","SARNP",0.435106646162198,-0.728565056855486,0.01,0.013,1
"BMPER","BMPER",0.435172612043304,-0.184884088229003,0.024,0.029,1
"PRPF38A","PRPF38A",0.435423612575196,0.443441221118939,0.07,0.064,1
"PSMA4","PSMA4",0.435520706364066,0.30334700006627,0.066,0.059,1
"TACO1","TACO1",0.435682564267877,0.588695141855563,0.026,0.021,1
"CSRNP2","CSRNP2",0.435766832449975,0.204160726883167,0.066,0.075,1
"PGBD1","PGBD1",0.435889880939718,0.367385227677524,0.065,0.059,1
"ATIC","ATIC",0.435951396372514,0.10159408958892,0.199,0.188,1
"ENSG00000258380","ENSG00000258380",0.435977446005012,-0.500340017728561,0.01,0.013,1
"ENSG00000267750","ENSG00000267750",0.436009638186586,1.39230373951562,0.016,0.012,1
"CDH22","CDH22",0.436175094324099,0.970387575778848,0.015,0.012,1
"ENSG00000272523","ENSG00000272523",0.436527635476384,0.112722508320658,0.018,0.022,1
"ZNF296","ZNF296",0.437531121198454,0.701105489887824,0.015,0.012,1
"ENSG00000229848","ENSG00000229848",0.437754989468357,0.384920186155788,0.014,0.011,1
"SLX4","SLX4",0.437920784841114,-0.137193351072109,0.03,0.035,1
"PTPN2","PTPN2",0.4385864344642,0.138539668194615,0.186,0.178,1
"NTAN1","NTAN1",0.438782980380185,0.283547163172723,0.047,0.041,1
"ENSG00000269930","ENSG00000269930",0.438941109387101,0.288091905336216,0.014,0.011,1
"ENSG00000247679","ENSG00000247679",0.439025549035032,0.676487725744183,0.015,0.012,1
"DCTN6","DCTN6",0.439036048637455,0.202033505787323,0.033,0.039,1
"ZBTB49","ZBTB49",0.439372699752781,0.222457476811109,0.044,0.039,1
"MCU","MCU",0.439651952393834,0.241346139845441,0.155,0.147,1
"SPART-AS1","SPART-AS1",0.439820135513126,0.660103697062268,0.029,0.025,1
"VPS9D1","VPS9D1",0.439920585135437,0.178817201861315,0.18,0.172,1
"CLDND1","CLDND1",0.439959974473322,0.163987382061133,0.119,0.131,1
"ZNF236-DT","ZNF236-DT",0.440019566595392,-0.149395036375258,0.057,0.064,1
"MYO5B","MYO5B",0.440076869201738,0.613407990925906,0.027,0.023,1
"VAMP7","VAMP7",0.440593962080154,-0.190188218711672,0.059,0.066,1
"ENSG00000258378","ENSG00000258378",0.440927846156871,0.270377179977855,0.027,0.022,1
"ENSG00000226266","ENSG00000226266",0.441103387585864,0.180531636853025,0.074,0.083,1
"JAKMIP2-AS1","JAKMIP2-AS1",0.441313064878672,0.301172653201352,0.08,0.073,1
"SUN1","SUN1",0.441527509936249,0.202830820062596,0.336,0.338,1
"ZDHHC5","ZDHHC5",0.441545512127198,0.167499542668372,0.122,0.113,1
"TIPIN","TIPIN",0.441885343000994,0.182303580084945,0.122,0.113,1
"APOD","APOD",0.442122784746189,0.36904456731307,0.05,0.044,1
"SLC37A4","SLC37A4",0.442271940173247,-0.198104405068764,0.03,0.035,1
"ERICH2-DT","ERICH2-DT",0.442568473306849,0.125422228294552,0.052,0.059,1
"PDE8B","PDE8B",0.442994745012881,-0.403035620194394,0.09,0.097,1
"PRELID1","PRELID1",0.443200734700058,-0.107895022412995,0.019,0.023,1
"LINC03021.1","LINC03021.1",0.443481735775397,-0.446178048460266,0.019,0.024,1
"MDGA2","MDGA2",0.443795631632427,0.18031888969388,0.042,0.048,1
"APLN","APLN",0.44384711946455,0.287625784858746,0.057,0.051,1
"ITGB8-AS1","ITGB8-AS1",0.443859730965343,-0.151138511580053,0.01,0.013,1
"CINP","CINP",0.444059773304115,0.147138880371881,0.052,0.059,1
"SLC26A4","SLC26A4",0.444153221849076,-0.174167761856725,0.01,0.013,1
"KCMF1","KCMF1",0.444165407832117,0.298051969049812,0.206,0.198,1
"ZNF619","ZNF619",0.444373214661979,0.451587355769496,0.014,0.017,1
"SHISA4","SHISA4",0.444639400252961,-0.149526224833559,0.108,0.116,1
"RHOU","RHOU",0.444646568636676,0.107206365769526,0.194,0.213,1
"NOTCH2","NOTCH2",0.445569814249346,0.105493652680992,0.462,0.47,1
"GTPBP8","GTPBP8",0.445736329021059,0.33106323660743,0.049,0.043,1
"HDHD2","HDHD2",0.445910719382927,0.497415617629704,0.029,0.025,1
"CEP76","CEP76",0.446305926421761,0.505683729371688,0.08,0.074,1
"NAA30","NAA30",0.446339566441087,0.29237252675716,0.089,0.082,1
"INIP","INIP",0.44644011507989,-0.131855613576636,0.074,0.082,1
"MORC4","MORC4",0.446542749924779,-0.192435813342267,0.049,0.056,1
"SLC3A1","SLC3A1",0.446648717752254,0.514582685218874,0.016,0.012,1
"PPP1R16A","PPP1R16A",0.446722943861188,0.255485429929656,0.148,0.141,1
"TRIM16","TRIM16",0.446725185137346,0.138800120838223,0.118,0.109,1
"C17orf100","C17orf100",0.446748103842219,0.321044519705882,0.027,0.022,1
"GOT1","GOT1",0.447015926497614,0.193827246427488,0.143,0.135,1
"NECTIN1","NECTIN1",0.447184521650057,0.59124629972248,0.016,0.012,1
"TSSK3","TSSK3",0.447383564825593,0.165427832752082,0.046,0.053,1
"RAB40C","RAB40C",0.447744874467737,0.238218998213541,0.176,0.169,1
"PLEKHG2","PLEKHG2",0.447915894848879,0.377396044364792,0.015,0.012,1
"WASHC2C.1","WASHC2C.1",0.44842328302016,0.15725557462635,0.092,0.084,1
"CYB561","CYB561",0.448659865665355,0.292488187114745,0.016,0.012,1
"ZBTB26","ZBTB26",0.448691570409095,0.243884425596962,0.064,0.057,1
"PPIL4","PPIL4",0.448819699376929,-0.129504278244421,0.147,0.158,1
"SLFNL1-AS1","SLFNL1-AS1",0.448821404449252,0.884754416372406,0.016,0.013,1
"SVIL","SVIL",0.44891795324503,0.618017204359017,0.032,0.028,1
"FGD1","FGD1",0.44903625929394,0.319583451771525,0.067,0.06,1
"ASL","ASL",0.449049284249284,-0.345696172826662,0.026,0.03,1
"SCML2","SCML2",0.449051186401848,-0.297450091696324,0.025,0.03,1
"FKBP14","FKBP14",0.449133637623636,0.130507162574036,0.059,0.067,1
"ZBTB6","ZBTB6",0.449171031592797,0.119371380225202,0.019,0.023,1
"MTCH1","MTCH1",0.449452146486721,0.142110251715727,0.267,0.262,1
"HEMK2","HEMK2",0.44948499532474,0.157200348402268,0.042,0.037,1
"MEIG1","MEIG1",0.449734576379041,0.403435615513859,0.016,0.012,1
"ENSG00000273888","ENSG00000273888",0.449756528329507,0.654536445048797,0.035,0.03,1
"PEBP1","PEBP1",0.450249160927708,0.189428427155096,0.361,0.364,1
"CENPX","CENPX",0.450257157136604,0.65502507408997,0.031,0.026,1
"FRMPD3","FRMPD3",0.450304599264503,0.320718589702987,0.161,0.155,1
"ENSG00000271335","ENSG00000271335",0.450750954999785,0.349565354009446,0.164,0.159,1
"RUNX1","RUNX1",0.451378676344348,0.152607177618454,0.054,0.048,1
"ACVR1B","ACVR1B",0.451464552333373,0.212123082840783,0.063,0.057,1
"DAZAP1","DAZAP1",0.451570158251916,0.290941156960447,0.208,0.203,1
"SNW1","SNW1",0.452253065599881,-0.10148684315917,0.114,0.124,1
"BICRA-AS2","BICRA-AS2",0.452524813113526,0.198007315566557,0.014,0.018,1
"FNDC4","FNDC4",0.452580038984127,-0.401063618711993,0.034,0.039,1
"PDLIM4","PDLIM4",0.45279152189948,0.284840297200379,0.06,0.054,1
"ENSG00000242686","ENSG00000242686",0.452905219179377,-0.359601760087944,0.011,0.014,1
"GNG12","GNG12",0.453095659316081,0.215503476749929,0.282,0.279,1
"CSNK1G2","CSNK1G2",0.453277762526473,0.317467363491965,0.092,0.084,1
"ZNF436","ZNF436",0.453406806225106,0.174225650438764,0.014,0.018,1
"SLC2A10","SLC2A10",0.453478106559418,0.534931865365352,0.063,0.057,1
"SDR42E2","SDR42E2",0.453554539344896,0.743621217460902,0.016,0.013,1
"TNFRSF14","TNFRSF14",0.453645016910081,0.149175748195617,0.027,0.022,1
"SEPHS2","SEPHS2",0.45377771393034,0.445833607359959,0.016,0.012,1
"ZNF737","ZNF737",0.453807844853278,0.336080827659231,0.078,0.071,1
"CPSF4","CPSF4",0.453964669141696,-0.111460146372591,0.091,0.099,1
"GMEB1","GMEB1",0.453974492154494,0.218869771482253,0.051,0.045,1
"SLC10A1","SLC10A1",0.454047983455616,0.43116442080359,0.016,0.012,1
"C2CD3","C2CD3",0.454349430865114,0.272292878762157,0.2,0.194,1
"UHMK1","UHMK1",0.454467926083617,0.146852208167538,0.138,0.129,1
"QRSL1","QRSL1",0.455020076940732,0.109188259871118,0.117,0.129,1
"COPB2","COPB2",0.455386466062677,0.310395203102672,0.13,0.123,1
"ENSG00000267265","ENSG00000267265",0.45540587330155,-0.186522525421172,0.025,0.021,1
"EML3","EML3",0.456019588118407,0.213615735557792,0.14,0.131,1
"MRM2","MRM2",0.456077895685903,0.234230310681289,0.016,0.012,1
"DTX4","DTX4",0.456368502666757,0.179211695887469,0.063,0.071,1
"KBTBD3","KBTBD3",0.45639764881514,0.285442462788341,0.072,0.066,1
"STMN3","STMN3",0.456976380165851,0.196942491222864,0.066,0.059,1
"TBC1D22A-DT","TBC1D22A-DT",0.457038788777148,-0.128867289762885,0.019,0.024,1
"CADM4","CADM4",0.457081403853578,0.275348159928024,0.133,0.125,1
"LEPROTL1","LEPROTL1",0.457267607816268,0.295248207750575,0.087,0.08,1
"UBE3C","UBE3C",0.457513569931905,0.140456461976421,0.38,0.382,1
"ADAMTS2","ADAMTS2",0.457649165946531,-0.291120972011454,0.021,0.025,1
"FCGBP","FCGBP",0.457785308894463,0.481983335824097,0.016,0.013,1
"PEX6","PEX6",0.458001056349705,0.191671969398435,0.16,0.151,1
"LOC101928008","LOC101928008",0.45808093888798,-0.164940918555126,0.045,0.051,1
"ASCL1","ASCL1",0.458661088652618,0.1484190243193,0.03,0.035,1
"BBOX1-AS1","BBOX1-AS1",0.458691525380836,-0.156074025042656,0.049,0.056,1
"FBXL6","FBXL6",0.458838207942557,0.134556038755496,0.027,0.023,1
"RANBP2","RANBP2",0.458901232138553,0.219774621584121,0.247,0.24,1
"LENG1","LENG1",0.459127858521584,-0.320348978378614,0.011,0.014,1
"ZSCAN25","ZSCAN25",0.459277072555225,-0.133427330213597,0.046,0.052,1
"ZBTB44","ZBTB44",0.459277587641704,0.197000841355092,0.22,0.212,1
"TIGD6","TIGD6",0.459345786888548,-0.182284481183237,0.011,0.014,1
"PSMB8","PSMB8",0.459353820803126,0.82795913939451,0.018,0.015,1
"ZNG1B.1","ZNG1B.1",0.459469701800492,-0.269181109566771,0.021,0.025,1
"MMGT1","MMGT1",0.459641768850668,0.476950125867446,0.034,0.03,1
"UBL5","UBL5",0.4597257113034,0.584823675649768,0.039,0.035,1
"LOC105369911","LOC105369911",0.460041883058775,0.323537280993038,0.016,0.013,1
"PYCR3","PYCR3",0.460243269360148,0.357925052930361,0.014,0.018,1
"RUSC1","RUSC1",0.460282194554969,0.316904988981899,0.029,0.024,1
"LRRK1","LRRK1",0.460290820944449,-0.19916032292363,0.011,0.014,1
"JAZF1","JAZF1",0.460404790965653,-0.110619264635545,0.294,0.306,1
"SMPD1","SMPD1",0.460492750262003,0.304093161667084,0.092,0.086,1
"INTS12","INTS12",0.460498750175775,0.223627348436181,0.131,0.123,1
"ERG","ERG",0.460965381621346,-1.16594072203861,0.007,0.01,1
"MMP15","MMP15",0.461372180684575,0.259642022071409,0.016,0.013,1
"MSS51","MSS51",0.461475632342839,0.333508747241912,0.031,0.026,1
"NCK1-DT","NCK1-DT",0.461586420183939,0.424052043847622,0.037,0.032,1
"DNAI1","DNAI1",0.461958336502568,0.437023670780481,0.033,0.028,1
"CNTNAP3B","CNTNAP3B",0.462115089826555,0.231605332495548,0.432,0.439,1
"CCDC121","CCDC121",0.462184144906001,-0.191973888821976,0.011,0.014,1
"RAVER1","RAVER1",0.4623046685547,0.205479228855655,0.016,0.013,1
"KSR2","KSR2",0.462541035786855,0.453889759453576,0.07,0.064,1
"B4GALT1","B4GALT1",0.462639978226159,-0.515125707465366,0.016,0.019,1
"ZNF862","ZNF862",0.462914989134588,0.20943381690268,0.222,0.214,1
"TPI1","TPI1",0.463005890103135,-0.137712753663063,0.141,0.15,1
"FGFBP3","FGFBP3",0.463249752300516,-0.512688316136493,0.007,0.01,1
"NGDN","NGDN",0.463776819391948,-0.15628572009039,0.038,0.044,1
"ENSG00000270673","ENSG00000270673",0.463777809331042,-0.508564496131839,0.007,0.01,1
"PIP4K2C","PIP4K2C",0.463942443865206,0.532788029580161,0.036,0.031,1
"SYPL2","SYPL2",0.464263605750928,0.169187166980298,0.03,0.026,1
"ENDOG","ENDOG",0.464384370429491,-0.300351251371024,0.043,0.048,1
"PANK1","PANK1",0.464570463775853,-0.154847520786495,0.048,0.054,1
"PRR11","PRR11",0.465282536780781,0.426767701845486,0.017,0.014,1
"AFF2","AFF2",0.465363990147624,-0.975128138264235,0.007,0.01,1
"SERPINE3","SERPINE3",0.465363990147624,-0.410467719017074,0.007,0.01,1
"NVL","NVL",0.465816265988924,0.112706515018696,0.181,0.198,1
"ZNF599","ZNF599",0.465819386537148,-0.296035758534169,0.021,0.025,1
"LINC00511","LINC00511",0.465844124561129,0.124726683651373,0.639,0.693,1
"ENSG00000261248","ENSG00000261248",0.466246502956867,-0.284872846896201,0.007,0.01,1
"USP44","USP44",0.466496316382758,0.455758241619067,0.018,0.015,1
"KCNIP2-AS1","KCNIP2-AS1",0.466757193872168,0.343608698487042,0.032,0.028,1
"ENSG00000234336","ENSG00000234336",0.466953181673493,0.109297238096335,0.007,0.01,1
"MYOF","MYOF",0.467008842557303,0.585193245503238,0.018,0.015,1
"ABCE1","ABCE1",0.467128408655774,0.240520227290677,0.08,0.073,1
"LSMEM2","LSMEM2",0.467129944138026,0.307942280247449,0.007,0.01,1
"REXO1","REXO1",0.467480251053445,0.3451895383939,0.075,0.069,1
"NEK10","NEK10",0.467486173654122,-0.215394368312037,0.027,0.032,1
"SMIM15","SMIM15",0.467507991910005,0.61768252194335,0.017,0.014,1
"ENSG00000280987","ENSG00000280987",0.467677694907178,0.154759551137142,0.031,0.026,1
"RBM42","RBM42",0.468213168329352,0.15384330133695,0.026,0.03,1
"ENSG00000232725","ENSG00000232725",0.468452784353031,0.79000105622749,0.019,0.015,1
"SLC25A22","SLC25A22",0.468459085442071,-0.525776977339091,0.022,0.026,1
"STX5-DT","STX5-DT",0.468781625044686,-0.241698580697067,0.016,0.019,1
"FBXL20","FBXL20",0.468860362414377,0.169722636848496,0.411,0.42,1
"STX16-NPEPL1","STX16-NPEPL1",0.469070017610946,-0.191360558352246,0.039,0.045,1
"CACNG2","CACNG2",0.469183830400097,0.438227745532624,0.038,0.033,1
"CREB3","CREB3",0.469576152496202,0.470390360710313,0.018,0.015,1
"ENSG00000262903","ENSG00000262903",0.469578587662287,-0.585908300927659,0.011,0.015,1
"ZNG1B","ZNG1B",0.470258840131187,0.105003033693219,0.07,0.063,1
"SMC3","SMC3",0.470523059855653,-0.191372675450014,0.103,0.111,1
"ZNF853","ZNF853",0.470659830596145,0.149393866721213,0.017,0.014,1
"FYB1","FYB1",0.470724304225801,-0.420154361970672,0.011,0.015,1
"SFMBT1","SFMBT1",0.470909340699642,0.357751289831842,0.111,0.105,1
"FABP6","FABP6",0.471028092367838,0.100966490822238,0.007,0.01,1
"RIOX2","RIOX2",0.471303861430005,-0.152399018042493,0.087,0.095,1
"PPP6R1","PPP6R1",0.471783965736257,0.316198438987085,0.115,0.108,1
"SPCS3","SPCS3",0.471991003102327,0.251511951206651,0.102,0.095,1
"ZNF592","ZNF592",0.472534731666931,0.289899583002033,0.18,0.174,1
"ENSG00000273295","ENSG00000273295",0.472731710195174,0.469586535824732,0.018,0.015,1
"SLFNL1","SLFNL1",0.473020359378442,-0.290430837730351,0.011,0.015,1
"LSM5","LSM5",0.473325633478873,0.103232278867587,0.069,0.062,1
"FGD5-AS1","FGD5-AS1",0.473796716683424,0.138867859501352,0.087,0.097,1
"ZNF230","ZNF230",0.473882966403043,-0.372069985037248,0.011,0.015,1
"MIDEAS","MIDEAS",0.474172960585258,0.170739205180369,0.152,0.144,1
"ENSG00000267152","ENSG00000267152",0.474255662209413,-0.578317187743812,0.016,0.02,1
"ENSG00000259820","ENSG00000259820",0.474770199166224,0.193594183191699,0.062,0.055,1
"PPP1R13B","PPP1R13B",0.475046855751615,-0.116159778344123,0.214,0.228,1
"TMEM11-DT","TMEM11-DT",0.47547329087073,0.419677302364783,0.051,0.046,1
"SUSD6","SUSD6",0.475701258251541,0.229550656848917,0.128,0.12,1
"MMRN2","MMRN2",0.475717391247645,-0.501361971211946,0.016,0.02,1
"PLAGL2","PLAGL2",0.476428679194515,-0.20065117534213,0.022,0.026,1
"CHRNA7","CHRNA7",0.476815307320305,-0.260202344953067,0.016,0.02,1
"ZC3H14","ZC3H14",0.476826283294183,0.148151619586782,0.259,0.252,1
"GTF2H2","GTF2H2",0.476965248934118,0.188190462895593,0.111,0.103,1
"MRPL17","MRPL17",0.47719762349599,-0.153769083171309,0.011,0.015,1
"SPATC1","SPATC1",0.477375161764238,0.321979472566784,0.07,0.064,1
"EAF1","EAF1",0.477396569138767,0.149702955651734,0.037,0.032,1
"TBX2","TBX2",0.477766602534229,0.28642218777542,0.016,0.019,1
"GGACT","GGACT",0.477808455588085,0.175697284260202,0.054,0.062,1
"MTRF1","MTRF1",0.478193842197273,0.121855611325173,0.07,0.063,1
"RSRP1","RSRP1",0.478552775616548,0.108420801341157,0.561,0.568,1
"MID1IP1","MID1IP1",0.478568513805448,0.128816057561647,0.058,0.065,1
"RASSF1","RASSF1",0.47884019479812,0.301611888199835,0.037,0.032,1
"SLC41A2","SLC41A2",0.479072688438635,-0.268041007920438,0.094,0.101,1
"PLEKHG3","PLEKHG3",0.47929884771033,0.252348721087002,0.146,0.138,1
"USP12","USP12",0.479311519759767,0.308564347738082,0.121,0.113,1
"TAGLN2","TAGLN2",0.479400295325714,-0.148402618851922,0.03,0.026,1
"PPFIBP2","PPFIBP2",0.479532491331595,-0.143263491470092,0.065,0.072,1
"ENSG00000249458","ENSG00000249458",0.479667996730522,-0.103777942748522,0.022,0.026,1
"TTC39C","TTC39C",0.479711912337954,-0.100460554813298,0.113,0.122,1
"SAMD3","SAMD3",0.479788294993024,-1.06066467686274,0.008,0.01,1
"RREB1","RREB1",0.479795559718407,0.141865669159339,0.378,0.377,1
"LRRC41","LRRC41",0.480031405843504,0.226727110444494,0.155,0.147,1
"EMC4","EMC4",0.480513293113798,-0.336663700483973,0.029,0.034,1
"CMIP","CMIP",0.48071036727799,0.155657851806313,0.454,0.456,1
"KIF19","KIF19",0.480967080040501,-0.101786242613834,0.022,0.026,1
"JRKL","JRKL",0.48096944378523,0.176560858802187,0.032,0.028,1
"CELF4","CELF4",0.481099003540429,-0.101138255592185,0.028,0.033,1
"PSMD2","PSMD2",0.481178521819328,0.375451758441038,0.08,0.074,1
"THAP11","THAP11",0.481220813084119,-0.150561430178719,0.016,0.02,1
"ENSG00000197585","ENSG00000197585",0.481225043159058,0.113303095223005,0.018,0.015,1
"PSMF1","PSMF1",0.481249915909443,0.162038847543063,0.217,0.21,1
"ARRDC4","ARRDC4",0.481324249273248,0.368188428046387,0.016,0.019,1
"RNPEP","RNPEP",0.481381380080622,0.162228022094797,0.061,0.068,1
"COPS3","COPS3",0.481439568253662,0.319835646560712,0.041,0.036,1
"ABCC5","ABCC5",0.482161779512271,0.124197560903244,0.196,0.187,1
"COX11","COX11",0.48217129270613,-0.13128534832828,0.121,0.129,1
"RDH10","RDH10",0.482287448986479,0.321185554400961,0.038,0.033,1
"LGALS3BP","LGALS3BP",0.482345666278345,0.16367964233154,0.112,0.104,1
"GOLPH3L","GOLPH3L",0.482645394089705,0.151726584948947,0.093,0.103,1
"KIF15","KIF15",0.482734221461404,-0.252420883140791,0.022,0.026,1
"ZP3","ZP3",0.482897374236418,-0.606524353545126,0.008,0.01,1
"TMC6","TMC6",0.483208854236309,-0.193877472146185,0.11,0.118,1
"ZNF717","ZNF717",0.483248316954479,0.150978109098881,0.273,0.268,1
"CTXN1","CTXN1",0.483327826522528,0.587528312164118,0.019,0.016,1
"ENSG00000226883","ENSG00000226883",0.483416615982803,-0.644198034886121,0.008,0.01,1
"ENSG00000235100","ENSG00000235100",0.483711064004156,0.258786185386071,0.031,0.036,1
"ENSG00000229195","ENSG00000229195",0.483762945439772,-0.506248112579119,0.008,0.01,1
"TAF5","TAF5",0.483802270164966,0.197490346611554,0.019,0.015,1
"ENSG00000230286","ENSG00000230286",0.483850795098701,0.696582951390525,0.022,0.019,1
"COA6","COA6",0.483923940155171,-0.129074803660044,0.016,0.02,1
"EIF1AD","EIF1AD",0.484010336433533,0.301379176396317,0.011,0.015,1
"ENSG00000234261","ENSG00000234261",0.484047003801071,0.66411017178484,0.02,0.017,1
"C8orf58","C8orf58",0.484100827096608,0.864136347399008,0.01,0.008,1
"ODF2","ODF2",0.484264149862387,0.116004458970708,0.09,0.082,1
"FUNDC1","FUNDC1",0.484440104162976,-0.459463903130887,0.012,0.015,1
"TOX2","TOX2",0.484472485517679,0.526051595039881,0.036,0.041,1
"CUL2","CUL2",0.484619373457697,-0.138825567754294,0.113,0.121,1
"EEF1A2","EEF1A2",0.484652903794039,-0.468533424575502,0.012,0.015,1
"CCAR2","CCAR2",0.484660155578283,0.280754480823601,0.07,0.064,1
"THSD8","THSD8",0.484807763106631,0.662490313295897,0.01,0.008,1
"FAM167A-AS1","FAM167A-AS1",0.48483603913465,-0.261587485797159,0.05,0.056,1
"ENSG00000272455","ENSG00000272455",0.485161440740863,0.890634785699898,0.01,0.008,1
"LINC01322","LINC01322",0.485369737496413,0.127250960464525,0.052,0.059,1
"ENTPD4","ENTPD4",0.485650501603483,0.140154825522874,0.091,0.084,1
"ARAF","ARAF",0.485740955958338,0.327850862389662,0.047,0.042,1
"TMCO6","TMCO6",0.486046245779815,0.937164413668454,0.01,0.008,1
"ENSG00000255139","ENSG00000255139",0.486538421064969,-0.447034793152142,0.008,0.01,1
"GPT2","GPT2",0.48654702519561,0.141407214257513,0.439,0.448,1
"FSHR","FSHR",0.487059779289699,-0.384887242926,0.008,0.01,1
"SLC51A","SLC51A",0.487407519013545,-0.380285262399807,0.008,0.01,1
"YIPF6","YIPF6",0.487798435204048,0.266319538670049,0.122,0.115,1
"P3H1","P3H1",0.48815292882859,0.312599005157126,0.056,0.05,1
"SNAPC5","SNAPC5",0.48821318142145,0.34945884688581,0.04,0.035,1
"CPSF7","CPSF7",0.488376243438034,0.130787749756352,0.316,0.315,1
"RIGI","RIGI",0.488577233726636,0.239185793021587,0.102,0.095,1
"ATXN7L3-AS1","ATXN7L3-AS1",0.488705889615126,0.660867767435312,0.01,0.008,1
"ENSG00000224541","ENSG00000224541",0.488705889615126,0.323987080613334,0.01,0.008,1
"SLC5A11","SLC5A11",0.488817017433664,-0.372767408202953,0.057,0.063,1
"MRPL22","MRPL22",0.488881294751295,0.239942354754166,0.043,0.049,1
"PPP4R3A","PPP4R3A",0.48907074778225,0.160544360872671,0.244,0.239,1
"SERTAD3","SERTAD3",0.489238758032322,0.336509562508382,0.01,0.008,1
"RBM18","RBM18",0.489396841055378,-0.140274928247635,0.049,0.055,1
"SCOC","SCOC",0.489490757620517,0.264954819587445,0.087,0.08,1
"GPT","GPT",0.489511758428263,0.353353344343853,0.123,0.117,1
"ENSG00000267940","ENSG00000267940",0.489561213485389,-0.198965875445643,0.012,0.015,1
"PLRG1","PLRG1",0.489721913906489,0.256158131840351,0.08,0.073,1
"NDUFAF1","NDUFAF1",0.489970241267219,0.452662750753393,0.042,0.037,1
"ENTPD3","ENTPD3",0.490417556080297,-0.276778877688269,0.012,0.015,1
"OVOL2","OVOL2",0.491461855714833,0.322193868307696,0.016,0.02,1
"LOC93463","LOC93463",0.491765553327963,0.211731235205924,0.008,0.01,1
"SMIM12","SMIM12",0.492291200970618,0.165418388746388,0.165,0.158,1
"ACOX3","ACOX3",0.492499993320158,0.367374764470091,0.132,0.127,1
"ENSG00000255730","ENSG00000255730",0.492567541404235,0.530044446058971,0.022,0.018,1
"LOC105375344","LOC105375344",0.49263966297225,0.984895970123123,0.008,0.01,1
"NRG1","NRG1",0.492650239101097,0.230490737751923,0.042,0.037,1
"KRCC1","KRCC1",0.49289324125529,0.197768293983371,0.25,0.246,1
"ESF1","ESF1",0.49290601173184,-0.146506856492876,0.141,0.149,1
"NDOR1","NDOR1",0.492938377152476,0.241435630023197,0.043,0.038,1
"TSHZ3","TSHZ3",0.493441137292878,0.411908709370342,0.055,0.05,1
"SRSF12","SRSF12",0.493590917315061,0.136391362412642,0.047,0.053,1
"ENSG00000275119","ENSG00000275119",0.493830456236817,-0.17607003476316,0.044,0.05,1
"XYLT2","XYLT2",0.493833043224944,0.234906787115766,0.086,0.08,1
"HDAC1","HDAC1",0.49415528124632,0.3070362085062,0.161,0.155,1
"DUSP16","DUSP16",0.494218292480927,0.134135336756541,0.171,0.163,1
"ENSG00000283696","ENSG00000283696",0.494357973311075,-0.353702391432912,0.03,0.035,1
"AEN","AEN",0.494909560447573,0.334171097032773,0.021,0.017,1
"SYF2","SYF2",0.495095672207113,-0.131381499789377,0.041,0.046,1
"KCNAB1","KCNAB1",0.495245617258427,-0.294636458356059,0.062,0.068,1
"NPRL2","NPRL2",0.495282526569655,0.283518467038149,0.047,0.041,1
"VIRMA-DT","VIRMA-DT",0.49536394693342,0.394295240633942,0.047,0.041,1
"RNF145","RNF145",0.495807534204181,0.102328073717397,0.184,0.174,1
"OPA1-AS1","OPA1-AS1",0.495850861461984,0.669387612222087,0.011,0.008,1
"KLHL18","KLHL18",0.495919549898773,0.146750034790346,0.122,0.114,1
"LINC00051","LINC00051",0.496195452432023,0.69755604747209,0.011,0.008,1
"ENSG00000260647","ENSG00000260647",0.496195452432023,0.731287356772859,0.011,0.008,1
"NCKIPSD","NCKIPSD",0.496474221245009,-0.168649809811705,0.068,0.075,1
"ENSG00000249426","ENSG00000249426",0.496540171105406,0.757435199023677,0.011,0.008,1
"TMEM60","TMEM60",0.496823506454359,-0.521632820121968,0.013,0.016,1
"GPATCH11","GPATCH11",0.497681653978345,0.108900507592772,0.041,0.036,1
"DNAJC19","DNAJC19",0.497835204492646,0.161738427465673,0.059,0.066,1
"GAGE10","GAGE10",0.497853932758678,0.246535657639538,0.022,0.018,1
"ENSG00000236255","ENSG00000236255",0.497988236879267,-0.353877949221951,0.019,0.016,1
"TRIM24","TRIM24",0.498114391066362,0.16990722774377,0.225,0.217,1
"PPP2R5D","PPP2R5D",0.498144901805576,0.187653149244334,0.046,0.041,1
"PLXNB2","PLXNB2",0.498148765963914,0.238615900134844,0.242,0.239,1
"SPATS2L","SPATS2L",0.498219843827504,0.104832674117034,0.543,0.539,1
"AMIGO1","AMIGO1",0.49827301843334,0.762079136152668,0.023,0.019,1
"CCN5","CCN5",0.498462096950205,0.290814907963234,0.021,0.017,1
"RABGEF1","RABGEF1",0.498785311875111,0.426316131388467,0.022,0.019,1
"FANCG","FANCG",0.498789565316936,-0.385690425199198,0.013,0.016,1
"ZSWIM9","ZSWIM9",0.498827131277184,0.292548172150846,0.053,0.048,1
"ENSG00000257703","ENSG00000257703",0.498994343638797,-0.156801491018666,0.029,0.034,1
"UBB","UBB",0.499138673766462,0.244596071761883,0.154,0.148,1
"TGM1","TGM1",0.499317755406633,-0.747824904679025,0.009,0.011,1
"NAE1","NAE1",0.499882742242745,0.138698879097422,0.159,0.151,1
"MESP1","MESP1",0.500337215993963,-0.886597300035329,0.009,0.011,1
"NECTIN2","NECTIN2",0.500795674688794,0.253394499910192,0.091,0.085,1
"ZNF582-DT","ZNF582-DT",0.500859906985266,0.434060982001826,0.011,0.008,1
"ENSG00000232065","ENSG00000232065",0.501033109746885,0.332399732141679,0.011,0.008,1
"ZNF512B","ZNF512B",0.501597017723673,0.241286768054448,0.059,0.066,1
"PLEKHB2","PLEKHB2",0.501616732984489,-0.103555956641532,0.084,0.091,1
"NBPF3","NBPF3",0.501744594551079,-0.104990730360333,0.068,0.062,1
"SERINC2","SERINC2",0.501833672859163,-0.23433329006197,0.03,0.035,1
"USP27X","USP27X",0.501899599386139,0.239383131566115,0.011,0.008,1
"SESN3","SESN3",0.502141429469215,0.126156524290964,0.356,0.358,1
"ZNF600","ZNF600",0.50224641716492,0.359753555625656,0.011,0.008,1
"SMIM27","SMIM27",0.502711857390118,0.474058192744185,0.023,0.019,1
"POMGNT2","POMGNT2",0.502876262141474,0.130938959363743,0.076,0.07,1
"VPS41","VPS41",0.502983123526225,0.12226485216039,0.346,0.34,1
"MIA3","MIA3",0.502999307752558,0.114578389937302,0.181,0.173,1
"CACNA1E","CACNA1E",0.503146718773312,0.380807510957531,0.042,0.037,1
"ARMC3","ARMC3",0.50315694418779,0.393256186784325,0.138,0.133,1
"ENSG00000237436","ENSG00000237436",0.503277401783783,0.502668620269998,0.024,0.021,1
"MBIP","MBIP",0.503631159011259,-0.134746493494196,0.084,0.091,1
"PSMA1","PSMA1",0.503691536896509,-0.172212832609532,0.038,0.043,1
"ASPHD1","ASPHD1",0.503821234701723,0.11919460269126,0.045,0.04,1
"GLMP","GLMP",0.504005077184698,-0.264611135808563,0.024,0.028,1
"ENSG00000259579","ENSG00000259579",0.504084663140899,-0.834016354720189,0.009,0.011,1
"RDH14","RDH14",0.504254495286896,0.18884692223706,0.022,0.019,1
"HCG11","HCG11",0.504278917165681,0.509010689040015,0.025,0.021,1
"UBL4A","UBL4A",0.504599201178016,0.582505811860767,0.026,0.022,1
"FIZ1","FIZ1",0.504726781737752,0.561176811576627,0.025,0.021,1
"ENSG00000237001","ENSG00000237001",0.504938416246568,-0.39854861035438,0.009,0.011,1
"RBFOX1","RBFOX1",0.505127810606129,0.148212179489519,0.225,0.243,1
"PM20D1","PM20D1",0.505137902595172,0.897378965866671,0.011,0.009,1
"NUBP2","NUBP2",0.505241930529675,0.103856583722259,0.041,0.046,1
"TMEM107","TMEM107",0.505891839277843,0.365866299107851,0.024,0.021,1
"CDC25C","CDC25C",0.505963924914717,-0.330282152602762,0.009,0.011,1
"AGER","AGER",0.505995907565096,0.287112385858333,0.023,0.019,1
"MIR1915HG","MIR1915HG",0.506005672386881,0.368360534779594,0.024,0.021,1
"CSTF2T","CSTF2T",0.506403189036576,0.261957492230029,0.022,0.019,1
"SET","SET",0.506472147080457,-0.138815555606007,0.067,0.074,1
"CENPA","CENPA",0.506933970173318,-0.141014767765773,0.018,0.021,1
"CCR10","CCR10",0.506990528494842,-0.182585047184721,0.009,0.011,1
"DMAC2L","DMAC2L",0.507085987935219,0.158694089985487,0.101,0.111,1
"RANGRF","RANGRF",0.507120488775595,-0.272587617167821,0.019,0.022,1
"ENSG00000238221","ENSG00000238221",0.507171512456303,0.248484939046756,0.023,0.019,1
"TMEM132B","TMEM132B",0.507373907458588,-0.197832935617994,0.073,0.066,1
"DLG3","DLG3",0.507403716170581,0.278764600922304,0.051,0.046,1
"ZNF394","ZNF394",0.507472015884836,0.212381655319034,0.063,0.057,1
"P2RY12","P2RY12",0.507524473501484,0.318674910016139,0.023,0.019,1
"MAP7-AS1","MAP7-AS1",0.507638262965222,-0.386445768471433,0.011,0.008,1
"ENSG00000236266","ENSG00000236266",0.508333687956592,0.559464778942561,0.011,0.009,1
"MRPL43","MRPL43",0.508450974855353,0.154236769582113,0.058,0.053,1
"ABCA13","ABCA13",0.508703963586726,0.19352581902224,0.009,0.011,1
"PLEKHG4","PLEKHG4",0.508875471990435,-0.217689567338538,0.009,0.011,1
"ENSG00000283415","ENSG00000283415",0.508875473884088,-0.364027040609521,0.009,0.011,1
"ENSG00000231329","ENSG00000231329",0.508916070669693,-0.133296814502166,0.019,0.022,1
"PSME2","PSME2",0.509437189356982,-0.265260990127224,0.031,0.035,1
"GFUS","GFUS",0.509712572095443,0.228631409223031,0.024,0.021,1
"LOC102724023","LOC102724023",0.509935545948123,0.538334835442711,0.011,0.009,1
"PLPBP","PLPBP",0.510107093831305,0.119688932928642,0.059,0.066,1
"ENSG00000272871","ENSG00000272871",0.510411808308732,-0.368987268533708,0.019,0.023,1
"ENSG00000248554","ENSG00000248554",0.510764085268351,0.222443703081713,0.009,0.011,1
"LINC01772","LINC01772",0.510811399602619,-0.38085002949859,0.014,0.017,1
"CES2","CES2",0.510926803703421,0.289998968440164,0.077,0.071,1
"ENSG00000237753","ENSG00000237753",0.511179275264072,0.215682046497199,0.023,0.019,1
"ENSG00000258520","ENSG00000258520",0.511623754391302,0.349372473818641,0.009,0.011,1
"TMEM163","TMEM163",0.511831073459307,0.49681736110596,0.027,0.024,1
"SATL1","SATL1",0.51188283892353,0.130479273603199,0.013,0.016,1
"NR2E1","NR2E1",0.512232787790733,-0.23413430181923,0.047,0.052,1
"CTCF","CTCF",0.512377695749739,0.305597308719039,0.131,0.125,1
"RNF149","RNF149",0.512820360814457,0.10373575473558,0.287,0.281,1
"MADCAM1","MADCAM1",0.513060852689955,0.188437826661104,0.072,0.066,1
"RUNDC1","RUNDC1",0.513380478956538,0.183734015209234,0.057,0.052,1
"RPA2","RPA2",0.514062815942219,-0.200422745735128,0.064,0.07,1
"NPTN","NPTN",0.514095512482399,0.176543711621549,0.239,0.232,1
"AGFG2","AGFG2",0.514339370932506,0.192229175110387,0.252,0.251,1
"ARL6IP6","ARL6IP6",0.514361076698986,0.15866615711911,0.174,0.167,1
"PCBP1","PCBP1",0.515168637251562,0.216171822210265,0.082,0.076,1
"SYNE2","SYNE2",0.515396733399074,-0.126585047721496,0.082,0.089,1
"ZBTB4","ZBTB4",0.515617373568673,0.234158254533488,0.314,0.32,1
"PPL","PPL",0.515849079805346,0.566398740493116,0.012,0.01,1
"MYO15A","MYO15A",0.51601335612277,0.604483561130067,0.012,0.01,1
"ATP13A5","ATP13A5",0.51684750801994,0.131890507518961,0.208,0.201,1
"LYAR","LYAR",0.516996094321137,0.20308440625702,0.024,0.021,1
"MEIS1","MEIS1",0.517187500978834,0.163195529181769,0.238,0.234,1
"UBE2G1","UBE2G1",0.51745355958622,0.178197734748594,0.26,0.254,1
"OAF","OAF",0.517554996096882,-0.251998749645694,0.069,0.075,1
"SPNS1","SPNS1",0.517631778241075,0.362044646127522,0.082,0.077,1
"ENSG00000255159","ENSG00000255159",0.517790252691252,0.177962126470905,0.024,0.028,1
"CLDN10","CLDN10",0.51780638022783,0.179467873190761,0.166,0.18,1
"CDHR2","CDHR2",0.517904897559139,0.39150989119297,0.027,0.024,1
"RBM27-POU4F3","RBM27-POU4F3",0.517928865275397,-0.303254306937898,0.014,0.017,1
"GGA3","GGA3",0.517997152731867,0.268592926724311,0.083,0.092,1
"KCNJ14","KCNJ14",0.518013696538446,0.432553251962831,0.027,0.024,1
"PLPP7","PLPP7",0.518110541688816,0.153511074560718,0.059,0.054,1
"TDRD12","TDRD12",0.51815444236486,-0.157617840495737,0.011,0.009,1
"ATP5MC1","ATP5MC1",0.518258418895547,0.24763504775787,0.059,0.054,1
"BBS12","BBS12",0.518810199548446,0.527078867704827,0.012,0.01,1
"CFAP100","CFAP100",0.518884512986702,0.43308276370515,0.027,0.024,1
"ST8SIA5","ST8SIA5",0.519054756033117,0.130181924421132,0.025,0.021,1
"SBF2-AS1","SBF2-AS1",0.519382840123455,0.289639023747468,0.077,0.071,1
"WBP1L","WBP1L",0.51960304265908,0.140174905268377,0.231,0.224,1
"ENSG00000278291","ENSG00000278291",0.519910161350173,0.126776316425426,0.044,0.049,1
"ENSG00000235079","ENSG00000235079",0.520294045339321,0.181240224812755,0.012,0.01,1
"CCDC160","CCDC160",0.520450235532398,0.525113508998102,0.074,0.069,1
"TLCD2","TLCD2",0.52045905202669,0.29118883145564,0.012,0.01,1
"NDUFAF2","NDUFAF2",0.52092547806143,-0.142420045327924,0.17,0.178,1
"ZNF439","ZNF439",0.520981953547419,0.172910474270547,0.147,0.14,1
"CNPY3","CNPY3",0.521312296023212,0.394707309224995,0.028,0.024,1
"SMARCB1","SMARCB1",0.521347631848578,0.154350546217668,0.143,0.136,1
"PSD4","PSD4",0.521415658675631,0.530762687332329,0.034,0.03,1
"PLCXD1","PLCXD1",0.521981704265853,0.4626900995489,0.03,0.026,1
"VILL","VILL",0.522193266159116,0.240562332528223,0.026,0.022,1
"NOP53","NOP53",0.522320691160617,0.297579360783879,0.027,0.024,1
"PAPSS2","PAPSS2",0.522547887932351,0.603896895187972,0.039,0.035,1
"TTC4","TTC4",0.52264274236408,0.292074946447733,0.026,0.022,1
"HEG1","HEG1",0.52270576268646,0.323066365718411,0.144,0.14,1
"B4GALT7","B4GALT7",0.522719491118626,-0.170970944620557,0.026,0.03,1
"ENSG00000258646","ENSG00000258646",0.523327650736035,0.333818745682092,0.027,0.023,1
"MAMSTR","MAMSTR",0.523346610301434,-0.137486794657875,0.026,0.03,1
"ZBTB45","ZBTB45",0.523540232381109,-0.13125051861105,0.019,0.023,1
"RORA-AS1","RORA-AS1",0.523812849992089,0.275745763734839,0.172,0.168,1
"KIF1A","KIF1A",0.524013377377859,0.127463636750844,0.4,0.402,1
"ENSG00000256073","ENSG00000256073",0.524044306932763,-0.41410934460288,0.009,0.012,1
"LRRC37A","LRRC37A",0.524159669745457,0.242308116251582,0.027,0.023,1
"ASXL3","ASXL3",0.524605239177623,0.12237012915436,0.145,0.137,1
"SHC1","SHC1",0.524617553950356,-0.216181190437713,0.02,0.024,1
"MMP24OS","MMP24OS",0.524700252059677,0.134359846716105,0.173,0.165,1
"ENSG00000258017","ENSG00000258017",0.524971043239656,-0.378308760349934,0.02,0.024,1
"SPSB1","SPSB1",0.525197650130601,0.221917997858188,0.069,0.075,1
"RAB3IL1","RAB3IL1",0.525404902784218,0.534371223060007,0.013,0.01,1
"USP34-DT","USP34-DT",0.525825509998547,-0.277795526384287,0.053,0.058,1
"UBXN1","UBXN1",0.525830244781192,-0.156789727246853,0.048,0.053,1
"CTU2","CTU2",0.525887346492466,0.569363786167055,0.013,0.01,1
"DYRK2","DYRK2",0.526055839329882,0.377824902858984,0.032,0.028,1
"GRB10","GRB10",0.526335909797317,-0.429366790515828,0.014,0.017,1
"RSBN1","RSBN1",0.526530032833641,0.179938269494568,0.168,0.161,1
"MTRFR","MTRFR",0.526589225799633,0.286084483575342,0.083,0.077,1
"RPS21-DT","RPS21-DT",0.527078389051032,-0.328201265211892,0.009,0.012,1
"ENSG00000272772","ENSG00000272772",0.527247469485021,-0.183281656231271,0.012,0.01,1
"BCS1L","BCS1L",0.52725419160119,-0.168729186382907,0.019,0.023,1
"SHMT1","SHMT1",0.527444891333974,-0.140199457634201,0.042,0.046,1
"USHBP1","USHBP1",0.527446949846761,0.236541865688723,0.029,0.025,1
"CEP135","CEP135",0.527612448417155,-0.107510177940856,0.086,0.093,1
"ENSG00000275285","ENSG00000275285",0.527922779960863,-0.208106920618139,0.009,0.012,1
"ENSG00000264630","ENSG00000264630",0.528412045502253,0.162060526030669,0.166,0.158,1
"ENSG00000269950","ENSG00000269950",0.528429744202637,-0.364463842649684,0.009,0.012,1
"CHRNA4","CHRNA4",0.528450834577154,0.758804345193604,0.014,0.011,1
"ENSG00000267059","ENSG00000267059",0.528920837812728,0.700197542444756,0.014,0.011,1
"CIAO1","CIAO1",0.529418154065333,0.181475189013869,0.095,0.089,1
"ENSG00000257303","ENSG00000257303",0.529675585066843,0.338013837948109,0.029,0.026,1
"DUS4L","DUS4L",0.529825721226415,0.546428151056315,0.034,0.03,1
"SOD3","SOD3",0.529879251453986,0.520249564228359,0.035,0.031,1
"SETBP1","SETBP1",0.53022813484223,0.309453927826886,0.1,0.094,1
"MPPE1","MPPE1",0.530228787191314,0.321503059112292,0.112,0.107,1
"CBX1","CBX1",0.53055043608807,-0.177837162117444,0.06,0.066,1
"GOLM1","GOLM1",0.530939660507195,0.200879696196167,0.127,0.12,1
"RNF166","RNF166",0.53100201417294,0.429855580560756,0.044,0.039,1
"KDM8","KDM8",0.531084278256675,0.264411432497811,0.031,0.027,1
"POLRMT","POLRMT",0.531304846857928,0.205448559380874,0.029,0.025,1
"DCTN3","DCTN3",0.531319439961807,-0.29833257899707,0.034,0.039,1
"C21orf58","C21orf58",0.531639198760863,0.167136697923467,0.03,0.035,1
"ENSG00000269939","ENSG00000269939",0.531783268418107,0.336302485946191,0.03,0.026,1
"SUSD4","SUSD4",0.532017884719731,-0.169157352987207,0.041,0.046,1
"HDAC2","HDAC2",0.532187517166889,0.132532561668471,0.1,0.093,1
"CPNE2","CPNE2",0.532198770874055,0.356038400341381,0.034,0.03,1
"ANKRD27","ANKRD27",0.532331668055343,0.124941667012971,0.199,0.192,1
"ARHGEF4-AS1","ARHGEF4-AS1",0.532494364300795,0.323403599469855,0.009,0.012,1
"KCTD10","KCTD10",0.53274206685973,0.303989054875601,0.032,0.028,1
"NDUFAF3","NDUFAF3",0.532789841706865,-0.130660277116558,0.039,0.044,1
"SNX1","SNX1",0.532940720441258,0.110579134945923,0.219,0.21,1
"ALG1L2","ALG1L2",0.533003090832111,0.647339877449354,0.014,0.011,1
"ENSG00000258181","ENSG00000258181",0.53300355230561,0.330613321378879,0.009,0.012,1
"MINCR","MINCR",0.533150692449983,-0.623388135805103,0.015,0.018,1
"SYCP2L","SYCP2L",0.53376115603193,0.123690151140995,0.08,0.088,1
"CTR9","CTR9",0.53453698974429,-0.23870598435157,0.082,0.088,1
"SBNO2","SBNO2",0.534577540091214,0.390840398304857,0.083,0.077,1
"GNB5","GNB5",0.53483505123844,0.254819329978673,0.099,0.093,1
"ENSG00000266904","ENSG00000266904",0.534892567984954,0.422929287753225,0.014,0.011,1
"CAPN10-DT","CAPN10-DT",0.535470480263757,0.354225636612932,0.034,0.03,1
"ENSG00000230091","ENSG00000230091",0.536024138522126,0.226385181812407,0.067,0.074,1
"SLC25A5","SLC25A5",0.536087890114423,0.108969144193626,0.037,0.042,1
"MTUS2","MTUS2",0.536154093482422,0.920272473442013,0.014,0.011,1
"ELN","ELN",0.536521140000809,0.258463739788974,0.103,0.097,1
"CYB5D1","CYB5D1",0.536522618832919,-0.169852018554988,0.021,0.024,1
"TP53I3","TP53I3",0.536627551365608,0.307369457063267,0.014,0.011,1
"ACTA2","ACTA2",0.536692230992667,0.307353661804928,0.038,0.034,1
"AP5B1","AP5B1",0.536898109756105,0.153987066336337,0.029,0.026,1
"GALE","GALE",0.537049034357985,-0.256596314422967,0.043,0.048,1
"RBL1","RBL1",0.537421840885131,-0.113925012071948,0.109,0.117,1
"ENSG00000229498","ENSG00000229498",0.537492202094042,-0.644051747827934,0.01,0.012,1
"PLEKHM1","PLEKHM1",0.537748627700933,0.100161369926752,0.15,0.142,1
"DHX8","DHX8",0.537765338895577,0.33212405151773,0.12,0.116,1
"ENSG00000228651","ENSG00000228651",0.537891133020697,0.190252552755265,0.014,0.011,1
"VAMP8","VAMP8",0.537902984221131,0.150762542177441,0.032,0.036,1
"H1-2","H1-2",0.53792362044006,-0.514931870121448,0.015,0.018,1
"MYRIP","MYRIP",0.537976340043595,0.213350602058378,0.118,0.112,1
"ZNF415","ZNF415",0.538081589488105,-0.150484278399311,0.041,0.046,1
"PTRHD1","PTRHD1",0.53897482772079,0.457879778695982,0.014,0.012,1
"DKK1","DKK1",0.540634343363505,-0.460890005485572,0.01,0.012,1
"NRBP1","NRBP1",0.540651726053326,0.213652792301176,0.131,0.124,1
"BRPF1","BRPF1",0.540748946367419,0.247301967198503,0.031,0.027,1
"P2RX6","P2RX6",0.540965628481946,-0.280669315782168,0.01,0.012,1
"MAPK9","MAPK9",0.541034090843978,0.101650595151134,0.143,0.155,1
"SUGT1-DT","SUGT1-DT",0.541462746272967,-0.487830602690339,0.01,0.012,1
"PTPN23-DT","PTPN23-DT",0.541478135681889,0.228897241995735,0.032,0.036,1
"ZNF747-DT","ZNF747-DT",0.541594647700748,0.517986664437226,0.014,0.012,1
"ENSG00000267136","ENSG00000267136",0.541628502874183,-0.266073390197483,0.01,0.012,1
"ENSG00000258636","ENSG00000258636",0.542500792021446,0.150577415109866,0.025,0.029,1
"MIR762HG","MIR762HG",0.543597378849616,0.167399126355313,0.077,0.071,1
"ENSG00000259805","ENSG00000259805",0.543675861847007,0.163934803550355,0.031,0.027,1
"ENSG00000255910","ENSG00000255910",0.543785640850216,0.71960657562675,0.01,0.012,1
"AKT1","AKT1",0.543942808524571,0.450066520688798,0.072,0.066,1
"SMIM10L2B","SMIM10L2B",0.544450234424325,-0.165147513956112,0.01,0.012,1
"RUFY1","RUFY1",0.544646210921975,-0.103945382957355,0.244,0.256,1
"NUFIP1","NUFIP1",0.544677905504641,-0.434886474102397,0.029,0.033,1
"PHF23","PHF23",0.544994410603504,0.140805019799987,0.014,0.012,1
"AMOT","AMOT",0.545045772126531,0.175524196297612,0.285,0.284,1
"HECTD3","HECTD3",0.545075044422996,0.185062109080762,0.035,0.031,1
"STS","STS",0.545188612702724,-0.215597426732855,0.028,0.032,1
"TIMM22","TIMM22",0.545477590748709,0.30262724941502,0.038,0.034,1
"MUL1","MUL1",0.545604124236399,0.26475675535984,0.054,0.049,1
"ING2","ING2",0.545822907947642,0.220616717091807,0.032,0.028,1
"GDPD5","GDPD5",0.546480762356226,0.293544029551732,0.015,0.012,1
"ACSL6-AS1","ACSL6-AS1",0.546698256977273,0.263147946554688,0.014,0.012,1
"ENSG00000274712","ENSG00000274712",0.546890668230387,0.207029431575232,0.103,0.097,1
"CHROMR","CHROMR",0.547091054963666,0.246591517997473,0.044,0.039,1
"MYBBP1A","MYBBP1A",0.547527487163424,0.185603654044251,0.039,0.035,1
"HINT2","HINT2",0.547538349248309,0.429201842153478,0.015,0.012,1
"ACLY","ACLY",0.547666038246586,-0.117536442290581,0.09,0.096,1
"TPPP3","TPPP3",0.547743977484435,-0.161304601494853,0.022,0.025,1
"ADGRB1","ADGRB1",0.54839500523136,0.218946061717491,0.229,0.224,1
"CLEC18B","CLEC18B",0.548404737170492,0.2896323895494,0.014,0.012,1
"MYL11","MYL11",0.548425953318173,-0.352350102594325,0.016,0.019,1
"NIP7","NIP7",0.548445657240249,0.262512249873769,0.015,0.012,1
"TOMM70","TOMM70",0.548486995560909,0.183298728659695,0.118,0.111,1
"ENSG00000255389","ENSG00000255389",0.549102156791805,-0.278684585571743,0.016,0.019,1
"SNN","SNN",0.549114988121628,0.29267924254327,0.067,0.062,1
"ENSG00000267348","ENSG00000267348",0.549537021132669,0.205362341799536,0.106,0.1,1
"PARVB","PARVB",0.549557233470032,-0.129044405638123,0.085,0.091,1
"PLEKHA2","PLEKHA2",0.549722156174326,0.33682584640798,0.166,0.163,1
"UFM1","UFM1",0.549765125384819,0.224720510853564,0.089,0.083,1
"TRIM41","TRIM41",0.549954830934253,-0.189246668913003,0.052,0.057,1
"GALNT9","GALNT9",0.5501155247477,0.243364915426081,0.01,0.012,1
"LINC02177","LINC02177",0.550414034869706,0.463897878050253,0.015,0.012,1
"NUDCD1","NUDCD1",0.550842721497332,0.265463196762329,0.055,0.05,1
"PI4K2B","PI4K2B",0.551020388495495,0.281106642976065,0.015,0.012,1
"ADAMTSL5","ADAMTSL5",0.551028082462818,0.432486331635252,0.016,0.013,1
"RPGR","RPGR",0.55127503645291,0.232699247569373,0.204,0.199,1
"COMTD1","COMTD1",0.552055429052065,0.748894176168852,0.017,0.015,1
"CLTC","CLTC",0.552119522292353,0.203183555190071,0.354,0.363,1
"IL17D","IL17D",0.552259312672065,0.134447586097035,0.26,0.256,1
"NPFFR1","NPFFR1",0.55251831206619,0.283583314152835,0.068,0.063,1
"SEC24A","SEC24A",0.552751711125033,0.34707034936161,0.126,0.122,1
"CREBRF","CREBRF",0.553429294307813,0.13813284457883,0.25,0.245,1
"CSKMT","CSKMT",0.55441492102587,0.39044875198139,0.016,0.014,1
"TPMT","TPMT",0.55454495305088,0.143055247348287,0.039,0.044,1
"GNE","GNE",0.554563388566903,0.237788913306877,0.061,0.056,1
"ENSG00000272732","ENSG00000272732",0.55484983341806,0.771257351308385,0.016,0.014,1
"NDP","NDP",0.554923795019945,0.304331211737037,0.124,0.119,1
"GCLM","GCLM",0.555274858180171,0.23611161582614,0.115,0.109,1
"LRIG2-DT","LRIG2-DT",0.555298856853709,0.100114412959218,0.078,0.072,1
"UCHL1","UCHL1",0.555536729916615,0.186765394982449,0.051,0.046,1
"PPP1R42","PPP1R42",0.555585966191441,0.361808182909995,0.11,0.12,1
"GPX7","GPX7",0.556158969904112,-0.108357074871226,0.016,0.019,1
"SLC9C2","SLC9C2",0.556184533409517,0.197052336594438,0.073,0.08,1
"LINC01524","LINC01524",0.556229388833893,-0.555066426956546,0.011,0.013,1
"DNAH11","DNAH11",0.556300744775443,0.60152173665724,0.016,0.014,1
"TMEM229B","TMEM229B",0.556663760377599,0.638350732164825,0.016,0.014,1
"KRIT1","KRIT1",0.557003015167543,0.202352035117128,0.254,0.25,1
"ECT2L","ECT2L",0.5574078773759,0.188919322347201,0.036,0.04,1
"SLC12A2","SLC12A2",0.557765982451651,0.171481688708602,0.13,0.123,1
"YWHAB","YWHAB",0.557895519613671,0.107319839023547,0.122,0.131,1
"SLC68A1","SLC68A1",0.557957221672031,0.157248884824997,0.036,0.032,1
"ATP6AP2","ATP6AP2",0.558316051907251,0.23904719725075,0.115,0.108,1
"SLC37A3","SLC37A3",0.558716862851662,0.202527489165722,0.112,0.106,1
"ENSG00000253535","ENSG00000253535",0.558747173962099,0.197702782972977,0.016,0.013,1
"PPP1R9B","PPP1R9B",0.558776954253084,0.143108927802063,0.043,0.039,1
"RBFOX3","RBFOX3",0.559492153587959,0.315453313174207,0.016,0.013,1
"ENSG00000270019","ENSG00000270019",0.559657568473757,-0.339902785876307,0.011,0.013,1
"TBC1D17","TBC1D17",0.559868418920301,0.141135470563785,0.172,0.166,1
"TGFBR2","TGFBR2",0.559939372576557,-0.371813795175173,0.016,0.013,1
"IMP4","IMP4",0.560164663628161,-0.407062690849545,0.023,0.026,1
"MZT2B","MZT2B",0.560497912767817,0.321092846873602,0.107,0.102,1
"PPFIBP1","PPFIBP1",0.560849058904211,-0.198002379247652,0.016,0.019,1
"SLC12A4","SLC12A4",0.561042293114022,0.143549440723493,0.092,0.1,1
"TRIM5","TRIM5",0.561790922658635,-0.811565917637443,0.025,0.028,1
"KCTD18","KCTD18",0.562053008260008,0.239367568951641,0.059,0.054,1
"NEFL","NEFL",0.562268753492207,0.2470198495743,0.016,0.014,1
"ENSG00000234584","ENSG00000234584",0.562414700149966,0.210714825524181,0.016,0.014,1
"ENSG00000277969","ENSG00000277969",0.562414700149966,0.412219980537559,0.016,0.014,1
"ENSG00000230325","ENSG00000230325",0.562828455459141,0.131181777700755,0.038,0.034,1
"ENSG00000272106","ENSG00000272106",0.562998669645337,0.18444016571988,0.016,0.014,1
"LTBP3","LTBP3",0.563114075693009,0.153024232353141,0.329,0.333,1
"SNAP29","SNAP29",0.563248441519855,0.47809666640322,0.089,0.084,1
"ENSG00000278740","ENSG00000278740",0.5632843457745,0.464194030060008,0.017,0.015,1
"DUSP10","DUSP10",0.563436838647161,0.251554749874557,0.016,0.014,1
"NAP1L1","NAP1L1",0.563680023032011,0.10007015099881,0.336,0.331,1
"CLN8-AS1","CLN8-AS1",0.564342238275755,0.526995448869174,0.018,0.015,1
"DAO","DAO",0.564830090359545,0.76753389027818,0.02,0.017,1
"DCPH1","DCPH1",0.564848475087304,0.212805954801083,0.044,0.039,1
"ZNF234","ZNF234",0.564859718095111,-0.320795542682811,0.055,0.06,1
"DHX32","DHX32",0.564969344398206,0.133922104107225,0.249,0.246,1
"POLR2C","POLR2C",0.564974041184376,0.166072916276214,0.046,0.041,1
"NUP43","NUP43",0.565018102901051,0.407572349819087,0.092,0.087,1
"DNAH3","DNAH3",0.565145918877532,-0.223382585878865,0.016,0.019,1
"ATP6V0D1-DT","ATP6V0D1-DT",0.565221949567713,0.101590352460497,0.243,0.237,1
"RITA1","RITA1",0.565776512373723,0.128158530821541,0.016,0.014,1
"ZNF335","ZNF335",0.565824270395386,0.209631633446634,0.082,0.077,1
"LEMD1","LEMD1",0.566051248020902,0.142006730023899,0.011,0.013,1
"MEA1","MEA1",0.566215720063532,0.139550432892799,0.016,0.014,1
"SLC31A2","SLC31A2",0.566302981629483,0.525175629636872,0.018,0.015,1
"EIF3G","EIF3G",0.566347386657713,0.273539940494707,0.059,0.054,1
"IMPA2","IMPA2",0.566550041083306,0.159677078472515,0.047,0.042,1
"ZNF287","ZNF287",0.566596018656275,0.223940594528932,0.042,0.046,1
"PINX1","PINX1",0.566896027396586,0.738578448841654,0.019,0.017,1
"GABRD","GABRD",0.567101246369377,0.506794551412461,0.019,0.016,1
"PGM5","PGM5",0.567340240905855,-0.548244989285362,0.017,0.02,1
"SLC49A3","SLC49A3",0.567751836123484,-0.464301963244973,0.011,0.014,1
"ENSG00000267360","ENSG00000267360",0.567863901719457,0.248238123672299,0.017,0.015,1
"REPS2","REPS2",0.568109160812151,0.588851344596562,0.019,0.017,1
"PSMD3","PSMD3",0.568191573738891,0.115815763767675,0.106,0.1,1
"ACP1","ACP1",0.569179560623672,0.404098770929351,0.065,0.06,1
"CHTF18","CHTF18",0.569439701411683,0.437511151127535,0.019,0.016,1
"ENSG00000125122","ENSG00000125122",0.56982434332859,0.184270570085642,0.067,0.074,1
"FZD8","FZD8",0.569972161081358,-0.198966022798195,0.016,0.013,1
"IL3RA","IL3RA",0.570006493217758,0.166216674259034,0.12,0.131,1
"ENSG00000275674","ENSG00000275674",0.570317496876692,0.268271367478931,0.119,0.114,1
"PMM1","PMM1",0.570471112926226,0.139384172722049,0.069,0.064,1
"APBB1IP","APBB1IP",0.570636117491643,-0.664173245105017,0.011,0.014,1
"PNKD","PNKD",0.570765364977625,0.132888134083693,0.143,0.137,1
"ENSG00000253392","ENSG00000253392",0.570796559785441,-0.406328006209999,0.011,0.014,1
"LOC124903883","LOC124903883",0.570807011730691,0.512207577854677,0.017,0.015,1
"PHF8","PHF8",0.570821699640591,0.224423717762116,0.155,0.149,1
"TFAM","TFAM",0.571179685495648,0.21166105181012,0.044,0.04,1
"TUBG2","TUBG2",0.571210274123421,-0.114647875692433,0.125,0.131,1
"SUPT7L","SUPT7L",0.571298123861745,0.163822274400978,0.122,0.115,1
"SLC35B4","SLC35B4",0.571440192874412,0.183396377556668,0.151,0.144,1
"PEX13","PEX13",0.571505088500562,0.109727584593542,0.092,0.086,1
"ZNF470","ZNF470",0.571723415795756,0.150600694959785,0.062,0.057,1
"NFKBIB","NFKBIB",0.571845377248542,-0.215698419347071,0.017,0.02,1
"AP3M1","AP3M1",0.57234852880061,0.139564452847978,0.041,0.046,1
"MYOT","MYOT",0.572443989772518,0.578202293497184,0.021,0.018,1
"ARFGEF2","ARFGEF2",0.572535837058782,0.121258759957739,0.35,0.347,1
"MPLKIP","MPLKIP",0.572568603813894,0.177304627031615,0.062,0.057,1
"LEO1","LEO1",0.57267951851497,-0.167205742116888,0.039,0.043,1
"ENSG00000285404","ENSG00000285404",0.572704875337581,0.61028083293324,0.021,0.018,1
"COMMD8","COMMD8",0.573163150169195,0.170596039210531,0.019,0.016,1
"CNOT1","CNOT1",0.57324618025248,0.124425557871517,0.188,0.202,1
"ZNF574","ZNF574",0.573306553934551,0.724064151686028,0.02,0.017,1
"PNMA8A","PNMA8A",0.573341027188762,0.652615123084455,0.022,0.019,1
"ENSG00000268751","ENSG00000268751",0.573646662735771,0.328895568609024,0.019,0.016,1
"ENSG00000258410","ENSG00000258410",0.574001744637175,0.136914382601449,0.049,0.045,1
"NCS1","NCS1",0.574332832632874,0.164649058452926,0.234,0.229,1
"PFN1","PFN1",0.574392744754915,0.14885088925118,0.045,0.041,1
"SMARCAL1","SMARCAL1",0.57517935179577,0.258507780054456,0.156,0.152,1
"YES1","YES1",0.575213133610176,0.121411735682491,0.113,0.122,1
"DOLK","DOLK",0.57530191619765,-0.198350480652906,0.017,0.02,1
"ENSG00000250222","ENSG00000250222",0.575413919226958,0.375999782890465,0.019,0.017,1
"ENSG00000258957","ENSG00000258957",0.575459179983977,0.526904405304455,0.022,0.019,1
"NUF2","NUF2",0.575523423210517,0.528284168955378,0.022,0.019,1
"ACAD8","ACAD8",0.576037581841285,0.197224559876258,0.059,0.054,1
"CAPNS1","CAPNS1",0.576444682272405,0.215841946263208,0.071,0.078,1
"PRC1-AS1","PRC1-AS1",0.576886700488917,0.508818181650951,0.021,0.018,1
"SCUBE2","SCUBE2",0.577370732250657,0.603317506517986,0.023,0.02,1
"ATP6V0D1","ATP6V0D1",0.57750079808702,0.164763237896242,0.071,0.077,1
"HEBP1","HEBP1",0.577542472086074,0.545358167612853,0.046,0.042,1
"GRIN2B","GRIN2B",0.57772647192949,-0.226545116457091,0.017,0.015,1
"GPATCH4","GPATCH4",0.577868298497623,0.155101462276813,0.019,0.016,1
"DRC9","DRC9",0.578105064312896,0.154298080358637,0.151,0.145,1
"ENSG00000267416","ENSG00000267416",0.578385586356222,0.511517394094514,0.022,0.019,1
"ENSG00000259675","ENSG00000259675",0.578944636802942,-0.435260396541701,0.057,0.061,1
"ENG","ENG",0.578978029089821,-0.13798220809392,0.019,0.016,1
"FASTK","FASTK",0.579362175626304,0.228153383450035,0.105,0.1,1
"LIN9","LIN9",0.579448704786021,0.548422586146482,0.022,0.019,1
"GTF2A2","GTF2A2",0.579529955535004,0.211376948530202,0.081,0.075,1
"ASF1A","ASF1A",0.579576806245569,0.259667747729841,0.054,0.059,1
"SEMA6A-AS1","SEMA6A-AS1",0.580121012946035,0.277403862841425,0.074,0.069,1
"EPHB4","EPHB4",0.580172067111075,0.141851272293076,0.016,0.019,1
"ENSG00000227033","ENSG00000227033",0.580476842193598,0.487588747159094,0.022,0.019,1
"APEH","APEH",0.580611770586136,-0.127094849929939,0.032,0.035,1
"ENSG00000233396","ENSG00000233396",0.581533005636501,0.565143141492726,0.024,0.021,1
"CASC17","CASC17",0.581534700609573,0.128554810948617,0.088,0.095,1
"CWC25","CWC25",0.582373534883943,0.274600742011943,0.104,0.099,1
"LRRC20","LRRC20",0.582378695905382,0.175990805736927,0.052,0.048,1
"WRAP53","WRAP53",0.582780120310286,0.28190149141667,0.02,0.017,1
"ENSG00000259639","ENSG00000259639",0.583009165709689,0.154476995523598,0.019,0.016,1
"SPATA2","SPATA2",0.583089764798052,0.125434635122137,0.064,0.07,1
"SCG5","SCG5",0.583187124180939,-0.409822814932578,0.012,0.015,1
"SEC24C","SEC24C",0.58365659338276,0.105901454303319,0.109,0.102,1
"HELQ","HELQ",0.583812980231411,0.225241252754395,0.085,0.08,1
"IFFO1","IFFO1",0.584052786119114,0.345120822125114,0.069,0.064,1
"ENSG00000225938","ENSG00000225938",0.584450303950873,-0.419751811397075,0.012,0.015,1
"ERVK3-1","ERVK3-1",0.584502726061921,-0.197644201722111,0.018,0.021,1
"CNTROB","CNTROB",0.584543047506125,-0.31567648810838,0.043,0.047,1
"GRK6","GRK6",0.584611935161548,0.458722254887141,0.023,0.02,1
"TOGARAM1","TOGARAM1",0.585368638663459,0.161093451030563,0.305,0.301,1
"ENSG00000229178","ENSG00000229178",0.585488925677301,0.619727570435668,0.028,0.025,1
"LRFN3","LRFN3",0.585688702474477,0.231377427806616,0.021,0.018,1
"LAMTOR1","LAMTOR1",0.585903769811398,0.170079696564776,0.096,0.091,1
"NELL1","NELL1",0.586040209952022,-0.417882256364719,0.019,0.021,1
"KLHDC3","KLHDC3",0.586164206231462,0.292148025035255,0.069,0.064,1
"CCDC43","CCDC43",0.586660625384224,-0.188428907002293,0.025,0.028,1
"IDH3B","IDH3B",0.587152219148711,-0.191006711731312,0.041,0.045,1
"TRPT1","TRPT1",0.587964319956526,0.513085404321938,0.039,0.035,1
"ABHD4","ABHD4",0.587994671877834,-0.185120015159948,0.033,0.037,1
"TSPAN9","TSPAN9",0.58879065107392,0.129580869518108,0.072,0.078,1
"DDI2","DDI2",0.589005635973613,-0.103419857217174,0.118,0.124,1
"C19orf47","C19orf47",0.589357107024022,-0.218408378177942,0.012,0.015,1
"ZNF225","ZNF225",0.589948017184471,0.38640446405729,0.024,0.021,1
"MRPL55","MRPL55",0.590011830139033,0.631859068738117,0.033,0.03,1
"RBX1","RBX1",0.590633045380394,0.158088389425249,0.13,0.14,1
"RFC4","RFC4",0.59094399016525,-0.190209988123615,0.012,0.015,1
"HIRIP3","HIRIP3",0.591013885671796,0.372422831847237,0.023,0.02,1
"PRKAR1B","PRKAR1B",0.591493788776903,0.212612839259155,0.063,0.069,1
"STK11IP","STK11IP",0.591607696416357,0.120474810188622,0.059,0.055,1
"DSEL-AS1","DSEL-AS1",0.591884971169017,0.155786595303699,0.022,0.019,1
"TOMM7","TOMM7",0.591984030009745,0.393883616867105,0.082,0.078,1
"ENSG00000249378","ENSG00000249378",0.592231451134443,0.155453244410438,0.021,0.018,1
"ABCC4","ABCC4",0.592534066405104,0.138010135100528,0.168,0.162,1
"PCDH11X.1","PCDH11X.1",0.592960489713751,0.157213325288718,0.021,0.018,1
"CPSF1","CPSF1",0.593307768770371,0.289214951353391,0.074,0.069,1
"LINC02008","LINC02008",0.593559478549347,-1.09025007172624,0.013,0.015,1
"BCKDK","BCKDK",0.59427293560938,-0.228362009951325,0.026,0.029,1
"DND1","DND1",0.594700640759871,0.160098961844064,0.022,0.019,1
"PLEKHF1","PLEKHF1",0.594839495135983,0.220445102697419,0.058,0.054,1
"DMD","DMD",0.59527496392333,0.122241299005598,0.389,0.412,1
"BTG3","BTG3",0.595429870928327,-0.177490297187994,0.041,0.045,1
"IVNS1ABP","IVNS1ABP",0.595612258347215,0.189604140556453,0.083,0.078,1
"HLA-E","HLA-E",0.595659447794717,0.185826318258512,0.091,0.086,1
"BOLA3","BOLA3",0.596290953386382,0.458016295637913,0.042,0.039,1
"BZW2","BZW2",0.596574880332255,-0.341681973596993,0.036,0.039,1
"CCDC61","CCDC61",0.596581501387576,0.341359080709977,0.027,0.024,1
"SDF2","SDF2",0.596698791100812,0.154500720799588,0.045,0.05,1
"SNCA","SNCA",0.597195314501988,0.245165056833327,0.024,0.027,1
"SH2D6","SH2D6",0.597321424052283,0.409640287798072,0.023,0.02,1
"SLC35A5","SLC35A5",0.59785501456109,0.202457029893096,0.085,0.08,1
"STK16","STK16",0.597887129025957,-0.10241757529847,0.019,0.021,1
"AFTPH","AFTPH",0.597981161417923,-0.131155272115293,0.181,0.187,1
"BICDL1","BICDL1",0.598008675869757,0.150445278004622,0.018,0.021,1
"FDXR","FDXR",0.598245485117181,0.687499077968373,0.032,0.029,1
"HERPUD2-AS1","HERPUD2-AS1",0.598533264380426,-0.34715235941199,0.013,0.015,1
"SLC25A20","SLC25A20",0.598667695665491,0.286316341270086,0.092,0.087,1
"ZFP62","ZFP62",0.598714039661285,-0.274418373138474,0.035,0.039,1
"ALDH18A1","ALDH18A1",0.598879298164653,0.318736345714455,0.065,0.06,1
"IGSF8","IGSF8",0.599075956048348,0.134681105568722,0.069,0.075,1
"DESI2","DESI2",0.599459524629532,0.12474003960378,0.125,0.119,1
"SLC46A1","SLC46A1",0.599479125673127,0.436560074275591,0.027,0.024,1
"ABCC10","ABCC10",0.599853293825945,0.180355216263584,0.091,0.086,1
"DLGAP4-AS1","DLGAP4-AS1",0.59992238795525,-0.105886212677756,0.049,0.053,1
"SRA1","SRA1",0.600055476702695,0.254877617861013,0.075,0.071,1
"EIF1AY","EIF1AY",0.600084944299264,0.174875524202699,0.039,0.043,1
"ENTPD7","ENTPD7",0.60009144091682,-0.474864630794999,0.013,0.015,1
"MARCHF2","MARCHF2",0.600764468850452,0.203077986888275,0.093,0.102,1
"RHOG","RHOG",0.600980640819259,0.366418546769481,0.04,0.037,1
"RASGRP2","RASGRP2",0.601135546872494,0.162650067784213,0.024,0.021,1
"STAU2","STAU2",0.601388983065954,0.139720425400439,0.33,0.331,1
"LCA5","LCA5",0.60150976398529,0.122712822328153,0.097,0.105,1
"ZNF154","ZNF154",0.601560159214376,-0.101078450249679,0.047,0.052,1
"POLG","POLG",0.601722318178426,0.195953055298818,0.095,0.089,1
"ACD","ACD",0.601793560755367,0.274865897208948,0.024,0.021,1
"TRMO","TRMO",0.601809802614811,-0.107732448841682,0.033,0.037,1
"ENSG00000277022","ENSG00000277022",0.602089777510693,-1.04126786872522,0.008,0.01,1
"TMEM115","TMEM115",0.602237366456113,0.356815477139141,0.038,0.035,1
"MRPL2","MRPL2",0.60224555059367,0.330012039644525,0.029,0.026,1
"ENSG00000281538","ENSG00000281538",0.602464952060689,0.168732381081519,0.025,0.022,1
"TMEM106A","TMEM106A",0.602807163822915,-0.31082118149744,0.019,0.022,1
"SLC26A2","SLC26A2",0.602879374503071,0.386867975994974,0.032,0.028,1
"CDH24","CDH24",0.602931820706475,0.351366326246211,0.052,0.048,1
"HK2","HK2",0.602935850601064,-0.130101888392557,0.065,0.059,1
"DAD1","DAD1",0.603047510527419,0.252481945744262,0.061,0.057,1
"XPR1","XPR1",0.603084784188475,0.110806287133327,0.452,0.461,1
"TIAL1","TIAL1",0.603179744797913,-0.10190176919389,0.152,0.159,1
"COMMD5","COMMD5",0.603272430329183,0.44310840807238,0.027,0.024,1
"UBQLN1","UBQLN1",0.603954140894198,0.129335894415382,0.181,0.175,1
"SRPRA","SRPRA",0.603999762511443,-0.117618868321737,0.052,0.056,1
"ENSG00000270147","ENSG00000270147",0.604455686627706,-0.362700748247936,0.008,0.01,1
"ENSG00000271978","ENSG00000271978",0.604455686627706,-0.549764474240204,0.008,0.01,1
"DNAH10","DNAH10",0.604508101965183,0.100631878267327,0.019,0.021,1
"KCNH3","KCNH3",0.60452947176828,0.129626110547047,0.026,0.023,1
"ENSG00000240963","ENSG00000240963",0.60462567568662,0.219212869238864,0.024,0.021,1
"NEFM","NEFM",0.605070010252655,-1.04560865597077,0.014,0.017,1
"KLHL15","KLHL15",0.605340869633186,0.387001278423738,0.038,0.035,1
"NPAS1","NPAS1",0.6054427119395,-0.477437810423547,0.008,0.01,1
"TBC1D7","TBC1D7",0.605547437803982,0.217299862679214,0.026,0.023,1
"ENSG00000270871","ENSG00000270871",0.605626544910808,0.360703885433728,0.029,0.026,1
"HAUS1","HAUS1",0.605735519931808,-0.113508687854681,0.024,0.021,1
"LOC105370906","LOC105370906",0.605837724115117,-0.321470157023664,0.008,0.01,1
"LOC101927572","LOC101927572",0.606137748751703,0.41039330429596,0.029,0.026,1
"ICMT","ICMT",0.606184357971477,0.119264370516785,0.025,0.028,1
"ENSG00000264666","ENSG00000264666",0.606560358148401,0.339163191757094,0.028,0.025,1
"RANBP1","RANBP1",0.606567513948591,-0.166988699596565,0.027,0.03,1
"ENSG00000272541","ENSG00000272541",0.606825758870281,-0.40557368748769,0.008,0.01,1
"NLGN2","NLGN2",0.607020819339446,0.102017160958786,0.123,0.116,1
"TRIM3","TRIM3",0.607911114813872,0.255518251584228,0.03,0.027,1
"ENSG00000203386","ENSG00000203386",0.608019180578859,-0.353724012443223,0.021,0.024,1
"ABCC1","ABCC1",0.608226682123025,0.139409806418352,0.182,0.196,1
"DNAH5","DNAH5",0.608469678807085,0.300077919980628,0.12,0.116,1
"SLC52A2","SLC52A2",0.608576490109409,0.129536697055823,0.028,0.025,1
"SNRPD1","SNRPD1",0.6086621592128,0.157896693759771,0.033,0.03,1
"MRPL10","MRPL10",0.60868002679867,0.255198550361273,0.031,0.028,1
"THAP8","THAP8",0.60891496050933,0.284907506169269,0.039,0.035,1
"LINC01085","LINC01085",0.608917659201292,0.109960316356584,0.097,0.091,1
"GNAZ","GNAZ",0.608975762145564,0.32303622328577,0.029,0.026,1
"PREP","PREP",0.608979433271648,0.103109546415906,0.196,0.209,1
"ENSG00000277831","ENSG00000277831",0.609007867604263,0.102041225546794,0.013,0.015,1
"ZNG1E","ZNG1E",0.60908569967573,0.177122231064095,0.106,0.1,1
"C5orf22","C5orf22",0.609244066206565,0.232805080265695,0.087,0.083,1
"ALDH3A2","ALDH3A2",0.60939695168959,0.277404343172192,0.097,0.093,1
"SSBP1","SSBP1",0.609404996040465,0.133759860581758,0.185,0.196,1
"PDE9A-AS1","PDE9A-AS1",0.60999229654012,-0.439773475343821,0.008,0.01,1
"UTP18","UTP18",0.610067101262818,-0.100447416867187,0.072,0.077,1
"STOML2","STOML2",0.610189282610875,0.203095411197153,0.032,0.036,1
"PI15","PI15",0.610190448612653,0.11351855275516,0.008,0.01,1
"GABARAPL1","GABARAPL1",0.610438405089878,-0.214751954600496,0.079,0.084,1
"PRR13","PRR13",0.610866376220659,0.311593695437822,0.043,0.039,1
"ZNF43","ZNF43",0.61101628288595,0.108265383359674,0.158,0.169,1
"NHP2","NHP2",0.611052770702847,0.14984750443034,0.026,0.029,1
"ENSG00000167747","ENSG00000167747",0.611521280648469,0.262427241690779,0.013,0.015,1
"TDP2","TDP2",0.6118974537923,0.222913090237994,0.13,0.125,1
"LACTB2","LACTB2",0.611978256946094,0.245812894197144,0.044,0.041,1
"PTRH2","PTRH2",0.612077113161677,0.243185201496724,0.075,0.071,1
"TMEM225B","TMEM225B",0.612173538919099,0.181498389003165,0.008,0.01,1
"CREG2","CREG2",0.612372004649062,-0.288843530317309,0.008,0.01,1
"MOCS2-DT","MOCS2-DT",0.612570498822676,0.278579122751291,0.008,0.01,1
"TOMM20","TOMM20",0.612598188792175,0.168216826524092,0.084,0.091,1
"FBXW8","FBXW8",0.613168387406553,0.117215405526493,0.154,0.165,1
"PCDH17","PCDH17",0.613218479704992,0.103444128034589,0.511,0.518,1
"ATG10","ATG10",0.61338897355947,0.121839145665184,0.323,0.346,1
"CEP120","CEP120",0.613900286045372,0.129701552967217,0.06,0.066,1
"COX7A2L","COX7A2L",0.614222862771875,0.116757082197406,0.068,0.074,1
"ACADS","ACADS",0.61440800538758,0.177319361324253,0.072,0.068,1
"ENSG00000272973","ENSG00000272973",0.61475580863298,0.180015164909425,0.008,0.01,1
"VCPIP1","VCPIP1",0.615276133391934,0.365023715184202,0.082,0.078,1
"SAMMSON","SAMMSON",0.615352397215027,0.467392782859645,0.008,0.01,1
"HADH","HADH",0.615589603751179,0.510638114938707,0.095,0.091,1
"DTD1","DTD1",0.615747785549192,-0.107322689874394,0.027,0.03,1
"PSMB5","PSMB5",0.615783302446585,0.159145866301459,0.095,0.09,1
"SLIT1","SLIT1",0.616558929382,-0.120099511297219,0.058,0.062,1
"PCDH11X","PCDH11X",0.616883674170737,0.127991050131158,0.019,0.022,1
"MPG","MPG",0.61697354755925,-0.102679732677741,0.082,0.087,1
"TXNL4B","TXNL4B",0.617466685890899,0.313488262188343,0.133,0.13,1
"PRADC1","PRADC1",0.617817256577393,0.281755267944205,0.035,0.032,1
"AGPAT4","AGPAT4",0.617821158783405,0.154480600554115,0.075,0.07,1
"VWA3A","VWA3A",0.618033298737997,0.417936214382123,0.09,0.099,1
"NAIF1","NAIF1",0.618046870698528,-0.538817393294015,0.014,0.017,1
"NAA20","NAA20",0.618518800086506,0.225992968719511,0.092,0.086,1
"ZC2HC1C","ZC2HC1C",0.618558691801945,0.146236613871995,0.037,0.034,1
"HMOX1","HMOX1",0.618574501379848,-0.35868952142726,0.014,0.017,1
"COQ5","COQ5",0.61883606605179,0.159158692926026,0.067,0.062,1
"LTBR","LTBR",0.619007723907234,0.266247102758917,0.045,0.041,1
"VEGFA","VEGFA",0.619066759450835,-0.316207865686405,0.331,0.331,1
"SLIT3","SLIT3",0.619088922924312,0.339360306421289,0.013,0.015,1
"WDR77","WDR77",0.619236421135531,-0.392656488379595,0.03,0.033,1
"AK1","AK1",0.619654210655308,-0.161859370910763,0.056,0.06,1
"ADCYAP1R1","ADCYAP1R1",0.619696054023543,0.101888806104982,0.366,0.365,1
"ERN1","ERN1",0.62007303876872,0.122854291516042,0.068,0.073,1
"C19orf25","C19orf25",0.62036881169829,0.124502960057054,0.123,0.131,1
"ARL14EP","ARL14EP",0.620424036255456,-0.111363973351362,0.059,0.063,1
"ZNF782","ZNF782",0.620645314990845,0.120785512446101,0.229,0.223,1
"ABCF1","ABCF1",0.620783002763163,-0.12999719875714,0.065,0.07,1
"NR2C2AP","NR2C2AP",0.621212119852668,-0.685338348286622,0.009,0.01,1
"CASP6","CASP6",0.622059995156309,0.101659693054532,0.034,0.03,1
"TCF7","TCF7",0.622198903412523,0.146650418527927,0.044,0.041,1
"GRHL1","GRHL1",0.622311956761891,0.147544194513271,0.038,0.035,1
"GTPBP2","GTPBP2",0.622354646920621,-0.120636764937682,0.047,0.05,1
"ENSG00000263272","ENSG00000263272",0.622366138616918,-0.854554063693123,0.009,0.01,1
"ENSG00000264365","ENSG00000264365",0.622366140229432,-0.404313108482347,0.009,0.01,1
"DNAJC9-AS1","DNAJC9-AS1",0.622943498856072,-0.550863810313197,0.009,0.01,1
"IP6K1","IP6K1",0.62321224879846,0.126426798641853,0.175,0.187,1
"ENSG00000235085","ENSG00000235085",0.62371367104597,-0.31479619029703,0.009,0.01,1
"ENSG00000260285","ENSG00000260285",0.623738591402963,0.510622392147571,0.01,0.008,1
"DELE1","DELE1",0.624253058070176,0.194828736341105,0.093,0.089,1
"AIFM2","AIFM2",0.624397442098996,0.367831926172284,0.039,0.044,1
"NOC4L","NOC4L",0.624484254815027,-0.29331514841614,0.009,0.01,1
"GLYR1","GLYR1",0.62473175899411,0.121782646492847,0.242,0.239,1
"TCEA1","TCEA1",0.624790949338253,0.10660159759572,0.151,0.16,1
"HBEGF","HBEGF",0.624916464026114,0.440573914589778,0.01,0.008,1
"DNAJB5","DNAJB5",0.624996249404223,0.250052969904499,0.027,0.03,1
"IL4R","IL4R",0.625112869413543,0.350835428910189,0.01,0.008,1
"TRIM61","TRIM61",0.625448062251555,-0.297904133516147,0.009,0.01,1
"UXT","UXT",0.625665305019051,0.145459531348922,0.032,0.029,1
"NCKAP5L","NCKAP5L",0.626208929094086,0.184381959408016,0.123,0.118,1
"ENSG00000233070","ENSG00000233070",0.626219569532812,-0.164690841718697,0.009,0.01,1
"ENSG00000272667","ENSG00000272667",0.626291858733254,0.324233363191313,0.01,0.008,1
"ACSF2","ACSF2",0.626477379338725,0.169287790045965,0.137,0.147,1
"ALKBH6","ALKBH6",0.626657485275211,0.260296336062431,0.041,0.045,1
"WDR5","WDR5",0.626661769744921,0.180756727975883,0.095,0.09,1
"KHK","KHK",0.626685069930235,0.589077455072852,0.01,0.008,1
"HNRNPAB","HNRNPAB",0.62670678203682,0.333534901090822,0.034,0.031,1
"FILIP1L","FILIP1L",0.626957979481789,0.128455614317276,0.048,0.053,1
"IFT122","IFT122",0.627230766307513,0.137216727620766,0.314,0.313,1
"DHRS1","DHRS1",0.627452520203877,0.134357344163534,0.043,0.039,1
"HIPK1","HIPK1",0.628436467321153,0.170385624873463,0.136,0.131,1
"CLINT1","CLINT1",0.628470834503064,0.23369635636879,0.179,0.176,1
"ENSG00000280136","ENSG00000280136",0.628574755463397,-0.12795867830505,0.028,0.031,1
"FAM120A","FAM120A",0.628642367749165,0.101952026648066,0.348,0.348,1
"SEC22A","SEC22A",0.628803014890163,0.117577069103746,0.166,0.161,1
"IDH3A","IDH3A",0.628886577559555,0.107362325414589,0.138,0.133,1
"ENSG00000258757","ENSG00000258757",0.629243514420979,0.117417193402236,0.01,0.008,1
"AMFR","AMFR",0.629350756052514,0.237152376554791,0.138,0.133,1
"GCN1","GCN1",0.629374872820488,0.173366821974678,0.1,0.095,1
"BANF1","BANF1",0.629622745594844,-0.121253176710734,0.037,0.041,1
"ENSG00000223492","ENSG00000223492",0.630205469794034,0.204662513182849,0.011,0.009,1
"LHFPL3","LHFPL3",0.630723369999165,-0.286075460357189,0.038,0.041,1
"LRIT3","LRIT3",0.630820159253709,0.124860693668775,0.01,0.008,1
"PDHA1","PDHA1",0.631023892468745,-0.117939984975294,0.084,0.089,1
"HDX","HDX",0.631294272377635,0.116900555585481,0.066,0.062,1
"RRAGC","RRAGC",0.631451425884701,0.165776487969641,0.063,0.059,1
"EPN1","EPN1",0.631876387891813,0.167294964762517,0.071,0.077,1
"FGF22","FGF22",0.631886120954966,-0.181112986438892,0.022,0.024,1
"PITPNB","PITPNB",0.631992908693013,0.146881749162642,0.239,0.235,1
"SHANK3","SHANK3",0.632255773446097,-0.118654639863859,0.029,0.032,1
"CCDC134","CCDC134",0.632590482690909,-0.280257138655719,0.03,0.033,1
"FBLN5","FBLN5",0.632793836866758,0.161798066138917,0.009,0.01,1
"LTV1","LTV1",0.633058232188437,0.419677549789956,0.011,0.009,1
"USP19","USP19",0.633330724682288,-0.262415319574744,0.041,0.044,1
"POLR1D","POLR1D",0.633491428185996,0.285050418092355,0.094,0.09,1
"RSPH14","RSPH14",0.63403661113713,0.186233122991783,0.014,0.017,1
"AGFG1","AGFG1",0.634187620725553,0.183548070591288,0.289,0.288,1
"EFNB1","EFNB1",0.634391394725151,0.24679279884627,0.011,0.009,1
"TBCCD1","TBCCD1",0.634618509091708,0.145282763651857,0.042,0.038,1
"ZHX1-C8orf76","ZHX1-C8orf76",0.634653324568696,-0.334476234481116,0.022,0.024,1
"TRIM13","TRIM13",0.63480748890819,0.236199992846054,0.176,0.172,1
"ENSG00000246250","ENSG00000246250",0.63492706574426,0.320875528447192,0.009,0.01,1
"ENSG00000280241","ENSG00000280241",0.634966840516313,-0.161174268824732,0.01,0.008,1
"CDK9","CDK9",0.635968827253114,0.122384318656125,0.146,0.141,1
"MSR1","MSR1",0.636286156395869,0.460577357592198,0.009,0.01,1
"ENSG00000237567","ENSG00000237567",0.636297971157584,0.115399854389207,0.011,0.009,1
"DNASE1L2","DNASE1L2",0.63637633125313,0.605619693070739,0.011,0.01,1
"PML","PML",0.63653432009769,-0.21581481656919,0.071,0.075,1
"CCDC106","CCDC106",0.637114235671978,0.211600971570227,0.034,0.038,1
"CNEP1R1","CNEP1R1",0.6374623517127,0.266505848385992,0.05,0.055,1
"ZBTB47","ZBTB47",0.637584044741221,-0.218825179740991,0.022,0.025,1
"B3GAT1","B3GAT1",0.638546186601565,0.307167652180967,0.168,0.167,1
"ENSG00000282024","ENSG00000282024",0.638703071092833,-0.262336429953099,0.022,0.025,1
"KRT8","KRT8",0.638828531830424,-0.501882243676728,0.009,0.011,1
"STPG4","STPG4",0.638959912692077,0.454329217008938,0.011,0.01,1
"TAB2-AS1","TAB2-AS1",0.639110269361003,-0.104107073760743,0.009,0.011,1
"CNNM3","CNNM3",0.639248097702735,-0.213871033924137,0.038,0.041,1
"GGCX","GGCX",0.639449609016,0.207231293416702,0.089,0.084,1
"PALB2","PALB2",0.639584201823691,0.448248262848069,0.052,0.049,1
"ZSCAN2","ZSCAN2",0.639753568770589,-0.734300757751383,0.016,0.019,1
"OAZ2","OAZ2",0.640260568300761,0.188323165127102,0.095,0.09,1
"TBK1","TBK1",0.640520264831812,0.177516386900878,0.168,0.166,1
"DIPK1B","DIPK1B",0.64056980290778,0.513682675559,0.045,0.042,1
"MECOM","MECOM",0.640957675501863,0.45444431641765,0.065,0.062,1
"RAMP2","RAMP2",0.641366030146531,-0.348971626712324,0.009,0.011,1
"GALK2","GALK2",0.641729704517013,0.124038601858755,0.229,0.225,1
"GTF3C4","GTF3C4",0.641999777361177,0.228429603329493,0.063,0.059,1
"GLA","GLA",0.642212794800378,-0.286726519683684,0.009,0.011,1
"COA3","COA3",0.642436946480605,0.193064260237701,0.021,0.024,1
"B3GNT9","B3GNT9",0.642878840726992,0.657115498673534,0.012,0.01,1
"PWRN1","PWRN1",0.643213883467187,0.139152544355913,0.011,0.01,1
"RPA3","RPA3",0.643307123250844,-0.206548319661783,0.023,0.026,1
"ENSG00000235298","ENSG00000235298",0.643596424496986,0.646244985564691,0.012,0.01,1
"ORMDL2","ORMDL2",0.643596424496986,0.395872604178523,0.012,0.01,1
"ENSG00000262151","ENSG00000262151",0.643625106717814,-0.299730170986019,0.009,0.011,1
"ENSG00000277511","ENSG00000277511",0.643634219514281,0.784199560056441,0.013,0.011,1
"HIF1A-AS3","HIF1A-AS3",0.644434111682354,0.463328315402215,0.11,0.106,1
"ERMAP","ERMAP",0.644668879383706,0.152392524447576,0.078,0.084,1
"ADCY7","ADCY7",0.644679444701606,0.846684206040647,0.013,0.011,1
"PJA1","PJA1",0.644755881491592,-0.342261716503517,0.009,0.011,1
"ENSG00000224616","ENSG00000224616",0.644755882919293,-0.107948915824633,0.009,0.011,1
"DOCK4-AS1","DOCK4-AS1",0.644944425628139,-0.201411073348564,0.009,0.011,1
"NARF","NARF",0.645401033376172,-0.123637955595078,0.151,0.156,1
"IQCK-AS1","IQCK-AS1",0.645751168434521,0.227919658218708,0.012,0.01,1
"NINJ2","NINJ2",0.646076160999697,-0.206038104077325,0.009,0.011,1
"PLPP4","PLPP4",0.64616162465541,0.150864204723055,0.114,0.109,1
"EMCN","EMCN",0.646831106797391,-0.104195363632952,0.009,0.011,1
"G6PD","G6PD",0.647193309173816,0.667339137983843,0.038,0.035,1
"TRPC5","TRPC5",0.647586416266825,-0.254438146905811,0.009,0.011,1
"ENSG00000256427","ENSG00000256427",0.647819334741675,0.515631697762271,0.013,0.011,1
"ICAM3","ICAM3",0.647851062672639,-0.215145559236054,0.011,0.01,1
"LENG8","LENG8",0.648044899132601,0.149050780743048,0.35,0.352,1
"ARF6","ARF6",0.648130821525709,0.727959501195317,0.014,0.012,1
"ENSG00000236230","ENSG00000236230",0.648311765801623,-0.179652141328726,0.016,0.018,1
"MGAT2","MGAT2",0.648342088748234,-0.126803323605865,0.009,0.011,1
"GLI1","GLI1",0.648355062246774,0.246724200078863,0.029,0.032,1
"MAPKAPK5-AS1","MAPKAPK5-AS1",0.648376562393747,-0.181224930865149,0.031,0.034,1
"NR4A2","NR4A2",0.648537265645951,0.244911798446216,0.069,0.065,1
"EHD3","EHD3",0.648954727499163,0.23163259730322,0.013,0.011,1
"PDGFA-DT","PDGFA-DT",0.648988861465113,0.51732337657802,0.012,0.01,1
"NOM1","NOM1",0.649003822156108,0.207926735191572,0.062,0.058,1
"PLAGL1","PLAGL1",0.649299803462901,-0.127061492928922,0.057,0.062,1
"GTF3C1","GTF3C1",0.649823308576179,0.125363208707463,0.231,0.225,1
"ORMDL3","ORMDL3",0.650090939026968,0.252081093302005,0.013,0.011,1
"CXADR","CXADR",0.651400773250231,-0.630801200219718,0.01,0.012,1
"FRAT2","FRAT2",0.651648249492,0.758797265432359,0.014,0.012,1
"CALY","CALY",0.652033203467138,-0.661464842191387,0.017,0.019,1
"ZNF707","ZNF707",0.65289627684918,0.989294994617468,0.016,0.015,1
"ZNF550","ZNF550",0.652996570691256,-0.295081312901528,0.031,0.034,1
"DUSP22","DUSP22",0.653278890911272,0.22327993202976,0.083,0.08,1
"ENSG00000268030","ENSG00000268030",0.653316115199653,-0.353844027277523,0.012,0.01,1
"ENSG00000272145","ENSG00000272145",0.653767324778873,0.446918599480318,0.013,0.011,1
"RPAIN","RPAIN",0.65409658423543,0.106401467392138,0.173,0.183,1
"EIF2A","EIF2A",0.65411531736695,0.103570510885029,0.08,0.085,1
"GGT1","GGT1",0.654283016062739,0.844745254577759,0.015,0.013,1
"CALM2","CALM2",0.654779867762081,0.720207431116867,0.009,0.011,1
"ENSG00000205959","ENSG00000205959",0.655160702097049,1.04689467687189,0.019,0.017,1
"GALNS","GALNS",0.65533784875506,0.10952264219395,0.087,0.082,1
"TNK2","TNK2",0.655549351105486,0.224498308772386,0.222,0.221,1
"ATF3","ATF3",0.655619548121404,-0.435233743753651,0.01,0.012,1
"GSEC","GSEC",0.655789648135191,0.349179397853984,0.014,0.012,1
"RMDN3","RMDN3",0.656119538406406,0.237572848787341,0.111,0.107,1
"SPATA4","SPATA4",0.656301537180635,0.437430777486747,0.014,0.012,1
"NAAA","NAAA",0.656342212190773,-0.102257931885954,0.045,0.041,1
"ENSG00000268555","ENSG00000268555",0.656472202742192,0.311290860944471,0.014,0.012,1
"DEXI","DEXI",0.656661174878581,0.266742912777552,0.079,0.075,1
"LOC124900637","LOC124900637",0.656792685068614,0.393985089637042,0.014,0.012,1
"NPIPB6","NPIPB6",0.656984306959217,0.2081626748055,0.014,0.012,1
"ZNF160","ZNF160",0.65706235995645,0.114310860223122,0.166,0.16,1
"TRIM35","TRIM35",0.65717615504909,0.240753815233158,0.036,0.039,1
"ENSG00000254604","ENSG00000254604",0.657387178696848,0.220061896502806,0.209,0.206,1
"FADD","FADD",0.658008953737354,-0.484524076361524,0.01,0.012,1
"TMEM258","TMEM258",0.658132003216113,0.152415926876958,0.037,0.04,1
"PLIN1","PLIN1",0.658147128850301,0.352846475095933,0.049,0.046,1
"LINC01503","LINC01503",0.65817984309011,0.187796401462119,0.014,0.012,1
"TBC1D10B","TBC1D10B",0.658296868398048,0.130249707228879,0.044,0.048,1
"ACAP1","ACAP1",0.658376865657846,-0.232990378645714,0.01,0.012,1
"DAGLA","DAGLA",0.658576722748981,0.140387602095599,0.086,0.082,1
"CASTOR1","CASTOR1",0.660134866135416,0.288451600058494,0.06,0.057,1
"FCSK","FCSK",0.66041189980568,0.112378271089342,0.089,0.084,1
"ZNF641","ZNF641",0.660542220427419,0.182600827470816,0.118,0.113,1
"LOC101928894","LOC101928894",0.661138836844519,-0.152633127748702,0.01,0.012,1
"LNCTAM34A","LNCTAM34A",0.661979151431328,0.243584054832893,0.016,0.014,1
"LOC101926907","LOC101926907",0.66214780818322,0.127792186862774,0.135,0.144,1
"ANGPTL1","ANGPTL1",0.662244921092708,0.123715325486734,0.01,0.012,1
"UBE2L6","UBE2L6",0.662254349472917,0.526047598495406,0.037,0.034,1
"IGSF21","IGSF21",0.662798239843117,-0.426360582174202,0.01,0.012,1
"LINC01485","LINC01485",0.663287871364032,0.163621881325654,0.014,0.012,1
"SLC5A4-AS1","SLC5A4-AS1",0.663695198941257,0.141018859749752,0.015,0.013,1
"ACSL1","ACSL1",0.663695733113001,0.380786684946198,0.039,0.036,1
"VPS72","VPS72",0.663970561919729,0.278803414588749,0.043,0.04,1
"CLCA4-AS1","CLCA4-AS1",0.664009307620796,0.441329851235832,0.016,0.018,1
"KXD1","KXD1",0.664539702138261,0.132040438442614,0.07,0.066,1
"GRIK5","GRIK5",0.664569795101608,0.230451869359468,0.173,0.172,1
"NDN","NDN",0.664779435632802,0.66565849595835,0.021,0.019,1
"ENSG00000267605","ENSG00000267605",0.664902355090281,0.607122405737061,0.018,0.016,1
"PFAS","PFAS",0.665184614983966,-0.62188236297607,0.011,0.012,1
"TOLLIP","TOLLIP",0.665185716860096,0.22025295857246,0.085,0.081,1
"SLC25A19","SLC25A19",0.66548632790362,0.149873578082024,0.015,0.013,1
"ENSG00000273702","ENSG00000273702",0.665545970934803,0.55223336734661,0.017,0.015,1
"SPMIP4","SPMIP4",0.665985636453296,0.394386308964432,0.034,0.032,1
"ZNF486","ZNF486",0.666043640399962,0.538381967552531,0.019,0.017,1
"MYL12B","MYL12B",0.666050877995937,-0.112152285085388,0.042,0.046,1
"CLVS1","CLVS1",0.666491505253037,0.676969096682847,0.027,0.024,1
"ENSG00000226747","ENSG00000226747",0.666660751355516,0.530146832666167,0.033,0.03,1
"ERAP1","ERAP1",0.666695960418847,0.262278810488062,0.08,0.077,1
"AIF1L","AIF1L",0.66674735123399,0.21074883637892,0.016,0.014,1
"ENSG00000196741","ENSG00000196741",0.666773917014651,0.510464943280396,0.019,0.017,1
"POLR3GL","POLR3GL",0.666920010263533,0.144650457252146,0.016,0.019,1
"NPIPB4","NPIPB4",0.66712320884318,0.190829629653124,0.074,0.08,1
"ABRACL","ABRACL",0.667279367617241,0.196328934007537,0.015,0.013,1
"C15orf39","C15orf39",0.667650665873514,0.653203855300661,0.019,0.017,1
"TMEM62","TMEM62",0.667869780849924,0.233181509959813,0.101,0.109,1
"ENSG00000285258","ENSG00000285258",0.66814472211745,0.238237690624508,0.092,0.089,1
"ANKRD35","ANKRD35",0.668631696177028,0.444061213386021,0.035,0.033,1
"UBE2Z","UBE2Z",0.668811295708582,0.109428857973222,0.115,0.122,1
"TOMM22","TOMM22",0.669047611590302,0.458121962388025,0.017,0.015,1
"AIRIM","AIRIM",0.669160009099868,0.500573487089994,0.028,0.026,1
"BCL9L","BCL9L",0.669242512177462,0.124309854384218,0.065,0.07,1
"CHCHD6","CHCHD6",0.66968695401964,0.296027380660814,0.127,0.124,1
"ENSG00000268568","ENSG00000268568",0.669809794461487,0.30043956351474,0.017,0.015,1
"SPOPL","SPOPL",0.669848815039573,0.190300495980818,0.136,0.133,1
"DPY30","DPY30",0.669889387504574,0.211594523383028,0.088,0.084,1
"WDR46","WDR46",0.670078210361142,0.556665075190982,0.025,0.023,1
"HFE","HFE",0.670507704413762,0.40830222137672,0.02,0.018,1
"STK32B","STK32B",0.670527078127191,-0.427162142630632,0.014,0.012,1
"CHRNA6","CHRNA6",0.67054430616731,0.1106105828351,0.015,0.013,1
"FBXO30","FBXO30",0.670844951830629,0.142975809077694,0.077,0.073,1
"PYGO2","PYGO2",0.671022525330936,0.163672099637445,0.06,0.065,1
"CYP3A43","CYP3A43",0.671105838332669,0.647209236060775,0.022,0.019,1
"MCM8","MCM8",0.671164755991075,0.505251745312669,0.037,0.034,1
"ASB7","ASB7",0.67201927235945,0.193352953335923,0.118,0.115,1
"GNAS-AS1","GNAS-AS1",0.672121761103364,0.501307408171446,0.027,0.024,1
"DCK","DCK",0.672184413355679,-0.474683341084224,0.011,0.012,1
"HDGFL2","HDGFL2",0.672316537872506,0.289593928910911,0.084,0.08,1
"PAQR7","PAQR7",0.672778164091854,0.142044537270646,0.04,0.044,1
"TMEM177","TMEM177",0.67300799873348,0.444497104189062,0.023,0.021,1
"ENSG00000259199","ENSG00000259199",0.673162077395547,-0.177323190998638,0.014,0.012,1
"ENSG00000238058","ENSG00000238058",0.673409880881497,0.291625188950976,0.018,0.016,1
"GAL3ST1","GAL3ST1",0.673409880881497,0.367841438641649,0.018,0.016,1
"CHD1L","CHD1L",0.673552577721945,0.163719124556965,0.197,0.194,1
"PHACTR1","PHACTR1",0.673596469569302,0.120657715800979,0.264,0.281,1
"ILRUN-AS1","ILRUN-AS1",0.673983851103587,-0.172788632320157,0.011,0.012,1
"PCBP2","PCBP2",0.674206143490958,0.112243775726173,0.339,0.339,1
"PGLS","PGLS",0.674221987685082,0.146398909297223,0.047,0.051,1
"ARL5A","ARL5A",0.674500171720605,0.101644386096119,0.128,0.136,1
"HHIP-AS1","HHIP-AS1",0.674504448227873,0.519806698093879,0.024,0.021,1
"SYT12","SYT12",0.674758954686654,0.319307159070578,0.038,0.035,1
"PTDSS1","PTDSS1",0.67487902767549,0.208941363699298,0.084,0.08,1
"TDRD10","TDRD10",0.674891509072552,0.435658252967605,0.028,0.026,1
"ENSG00000265287","ENSG00000265287",0.67549101160076,0.156381994208507,0.017,0.019,1
"MCTP1","MCTP1",0.675669171860743,0.515974524095862,0.035,0.033,1
"XAB2","XAB2",0.675811117122624,0.181148607001686,0.04,0.044,1
"CHLSN","CHLSN",0.675844618231597,0.130079109025405,0.16,0.156,1
"TPM1","TPM1",0.675869115693083,0.119019141873045,0.376,0.384,1
"HAAO","HAAO",0.675939319236975,0.196065070507196,0.024,0.026,1
"ADGRL2","ADGRL2",0.675996156013119,-0.352409671777185,0.019,0.021,1
"SLC5A9","SLC5A9",0.676145640211483,-0.120026619518169,0.011,0.012,1
"FAM210A","FAM210A",0.676224849808399,0.111009939240055,0.095,0.091,1
"SBK1","SBK1",0.676643631963601,0.153880685054285,0.017,0.019,1
"ENSG00000224789","ENSG00000224789",0.676788163208071,0.423112082706688,0.032,0.03,1
"ZNF143-AS1","ZNF143-AS1",0.677076559681213,0.340272011475629,0.034,0.032,1
"SETD1A","SETD1A",0.678203703259665,0.243826682623271,0.047,0.044,1
"TMEM187","TMEM187",0.678497967664,-0.221328918518216,0.027,0.029,1
"STMN2","STMN2",0.678573968992526,0.548773140109271,0.024,0.022,1
"ENSG00000224848","ENSG00000224848",0.678809290034732,0.405708531565808,0.037,0.034,1
"BBOX1","BBOX1",0.679300195743981,0.113082774973692,0.445,0.478,1
"FHIP1A","FHIP1A",0.67940520433685,0.281453617646655,0.018,0.016,1
"VMA22","VMA22",0.679570613978113,0.460610809030602,0.022,0.02,1
"DACH1","DACH1",0.679800778735507,0.567977452239912,0.025,0.023,1
"GORAB-AS1","GORAB-AS1",0.679910143477353,-0.715388867854493,0.011,0.013,1
"XKR8","XKR8",0.679955344528826,0.331926968347039,0.038,0.035,1
"NOB1","NOB1",0.680109040981008,0.29943452993823,0.022,0.02,1
"LAGE3","LAGE3",0.68016898279079,0.293727296787601,0.021,0.019,1
"ZNF689","ZNF689",0.680266761067995,0.309634462077561,0.019,0.017,1
"TCEAL9","TCEAL9",0.680368920265997,-0.378022235828049,0.029,0.032,1
"PCDH15","PCDH15",0.680635278493861,-0.287454814315584,0.053,0.05,1
"COL6A6","COL6A6",0.680650872024319,-0.185466238092068,0.016,0.014,1
"ZFAND3-DT","ZFAND3-DT",0.680838665808588,0.293305481566806,0.011,0.012,1
"STYX","STYX",0.681243917386066,0.292257307989771,0.055,0.059,1
"ZBTB41","ZBTB41",0.681385329566776,0.208464821609822,0.131,0.128,1
"CCDC127","CCDC127",0.681441394992956,0.330141430701688,0.027,0.025,1
"LINC02955","LINC02955",0.681860056961242,0.190815486392279,0.022,0.02,1
"AIDA","AIDA",0.681931781889533,0.220893975020356,0.067,0.064,1
"PNPO","PNPO",0.682004805235174,0.200225058561672,0.037,0.035,1
"DDA1","DDA1",0.682084691244978,0.123553389974321,0.075,0.08,1
"PHYH","PHYH",0.682095891333418,0.175042842222697,0.065,0.061,1
"ENSG00000260455","ENSG00000260455",0.682192724803704,-0.28360642384096,0.011,0.013,1
"CAMLG","CAMLG",0.682403598032144,-0.142684412172633,0.069,0.073,1
"CREB5","CREB5",0.682870201824741,0.136466598261198,0.077,0.082,1
"COPS5","COPS5",0.683107413243891,0.211824086993627,0.024,0.021,1
"COQ8A","COQ8A",0.683162368179446,0.110026849100974,0.085,0.091,1
"LENG9","LENG9",0.683598838490435,-0.271742492267267,0.011,0.013,1
"NT5C3B","NT5C3B",0.683830357120405,0.385602718313191,0.044,0.041,1
"MAGOH","MAGOH",0.683838527097861,0.128343769020915,0.057,0.061,1
"ZNF133","ZNF133",0.683943341423246,-0.168909887452952,0.1,0.104,1
"LETM2","LETM2",0.684606240386749,0.319723094041619,0.027,0.025,1
"PI4K2A","PI4K2A",0.684742524380812,-0.129780544438517,0.027,0.029,1
"ENSG00000272821","ENSG00000272821",0.684806843093152,0.244960011482723,0.024,0.021,1
"LLPH","LLPH",0.6848272162371,0.172808294619834,0.022,0.02,1
"ZNF823","ZNF823",0.685679451744527,0.149897208267548,0.043,0.04,1
"METTL13","METTL13",0.685929515140635,0.324399254544219,0.028,0.026,1
"JMJD4","JMJD4",0.685945101684444,0.105487847634194,0.025,0.028,1
"IPPK","IPPK",0.68595943412152,0.149608468556867,0.09,0.086,1
"ALKBH4","ALKBH4",0.685995681793433,0.331408575846309,0.024,0.027,1
"ENSG00000271553","ENSG00000271553",0.686282276705308,-0.151929550242394,0.028,0.03,1
"EID2B","EID2B",0.686486690662422,0.218659119667321,0.024,0.027,1
"IL1R1","IL1R1",0.686699181999591,-0.30333140785349,0.019,0.021,1
"MTMR9","MTMR9",0.686723185032694,0.108872633805184,0.156,0.152,1
"ESS2","ESS2",0.686986423702387,-0.209077165035639,0.027,0.029,1
"BCDIN3D","BCDIN3D",0.687151289559369,0.354566390274376,0.034,0.032,1
"FBLN1","FBLN1",0.687200146914375,0.378353516544924,0.133,0.131,1
"ERLEC1","ERLEC1",0.687708535205999,0.154664167934229,0.146,0.141,1
"ZNF229","ZNF229",0.687757799640564,0.327626262397083,0.057,0.061,1
"CACNG7","CACNG7",0.687789120085384,0.109990265905821,0.101,0.097,1
"C18orf32","C18orf32",0.687817433890706,0.287098369200244,0.024,0.021,1
"EPHA3","EPHA3",0.687836868956644,0.323137428501152,0.039,0.036,1
"SPAG17","SPAG17",0.688835886066645,0.29306441274774,0.032,0.035,1
"PIP5K1B","PIP5K1B",0.688880439038158,0.20967326781283,0.028,0.026,1
"HAT1","HAT1",0.689194418407097,0.172553171786422,0.099,0.095,1
"ZNF598","ZNF598",0.689308433568914,0.275960001642707,0.029,0.026,1
"STX1B","STX1B",0.689586484599802,-0.277397218336468,0.019,0.021,1
"LSM4","LSM4",0.689632497575556,0.222167072496211,0.039,0.036,1
"TACR1-AS1","TACR1-AS1",0.689763441665705,-0.193258649501021,0.011,0.013,1
"RAD23A","RAD23A",0.689831573011793,0.182064199754065,0.102,0.098,1
"FPGS","FPGS",0.689945063029161,0.223205771110927,0.082,0.087,1
"EIF2S3","EIF2S3",0.690110173253324,0.104306918184635,0.204,0.198,1
"ENSG00000229294","ENSG00000229294",0.690502324726354,0.179802439164177,0.036,0.033,1
"RUNDC3B","RUNDC3B",0.690645794147079,-0.122115964095945,0.011,0.013,1
"NARS2","NARS2",0.69113327535111,0.131826056712902,0.198,0.193,1
"GET1","GET1",0.691237529664078,0.164270512889845,0.087,0.092,1
"PMVK","PMVK",0.6917260086272,0.132304659316488,0.101,0.097,1
"DSCAM","DSCAM",0.693096011520399,0.322158620756346,0.149,0.147,1
"ATP1A4","ATP1A4",0.693164670727573,0.182414361384649,0.028,0.026,1
"NUCB1-AS1","NUCB1-AS1",0.693863849503285,-0.23083830337826,0.012,0.014,1
"TTC32","TTC32",0.693906735386049,0.115922127576306,0.052,0.055,1
"OS9","OS9",0.694194052367863,0.100746721857622,0.119,0.115,1
"LOC100128079","LOC100128079",0.694293117625358,0.123333366571451,0.025,0.023,1
"SDAD1","SDAD1",0.694692986612263,0.11833315674056,0.09,0.086,1
"ENSG00000261613","ENSG00000261613",0.695067253189884,-0.119633185873436,0.02,0.018,1
"PDZD11","PDZD11",0.695068467559707,-0.174831696832943,0.012,0.014,1
"ZNF513","ZNF513",0.695323325163329,0.190563974103644,0.038,0.035,1
"ANKRD50","ANKRD50",0.695515573624283,0.102116846857017,0.03,0.028,1
"RLIM","RLIM",0.695544388703094,0.109707162851869,0.088,0.093,1
"CHD1","CHD1",0.695707125023751,0.118087860632474,0.214,0.21,1
"ENSG00000225806","ENSG00000225806",0.695833362269053,0.115635211125303,0.019,0.021,1
"PRKCH-AS2","PRKCH-AS2",0.695844265117196,0.117454102481885,0.04,0.037,1
"TRMT13","TRMT13",0.696743716241747,0.123618449849232,0.145,0.141,1
"TACR1","TACR1",0.697042668569346,-0.621536332404018,0.013,0.015,1
"RNF123","RNF123",0.697206739360835,0.300039146015822,0.077,0.074,1
"GABRB3","GABRB3",0.697404647619472,0.190955925097241,0.144,0.154,1
"SP1","SP1",0.697423684323738,0.124119359990069,0.125,0.133,1
"SLC25A30","SLC25A30",0.697565955618584,0.219580168776277,0.027,0.025,1
"GORASP2","GORASP2",0.697761527490492,0.323712644476825,0.077,0.074,1
"IQGAP2","IQGAP2",0.697997170225316,-0.593543601040172,0.012,0.014,1
"ENSG00000250990","ENSG00000250990",0.698169587508539,-0.380159436039209,0.012,0.014,1
"ZNF850","ZNF850",0.698554420180254,-0.647271838616674,0.013,0.015,1
"WNT3","WNT3",0.698893824641494,0.184081517405552,0.08,0.076,1
"DYSF","DYSF",0.699226275105006,0.386725389498103,0.011,0.013,1
"SKP2","SKP2",0.70007064068555,0.134463368216909,0.07,0.074,1
"CDPF1","CDPF1",0.700290480236069,0.331785418248362,0.011,0.013,1
"AZGP1","AZGP1",0.700412426903453,-0.175909989703227,0.012,0.014,1
"ZNF317","ZNF317",0.700740927365379,0.238326619677744,0.034,0.037,1
"ATPAF2","ATPAF2",0.700760170992821,0.118235108537729,0.086,0.082,1
"DSCAML1","DSCAML1",0.700969495176898,0.165781054062321,0.026,0.028,1
"AFAP1","AFAP1",0.701132393081213,0.122799901773661,0.029,0.026,1
"SNX10","SNX10",0.7014582656829,-0.442421414617134,0.019,0.017,1
"AP1AR","AP1AR",0.701496127698042,0.181337973839797,0.08,0.077,1
"NKRF","NKRF",0.70151111268221,-0.139108253255427,0.039,0.041,1
"KIF3B","KIF3B",0.701637636205463,0.207371683862174,0.097,0.093,1
"ENSG00000064489","ENSG00000064489",0.70175572688948,-0.375051850787168,0.022,0.024,1
"FLT3","FLT3",0.702186005198624,-0.165211794798742,0.02,0.022,1
"RNF157-AS1","RNF157-AS1",0.702305203111964,-0.41627395494285,0.021,0.019,1
"LINC01933","LINC01933",0.702650882541426,0.162843164572128,0.027,0.029,1
"MRPL37","MRPL37",0.702899257379412,0.334447014558782,0.026,0.028,1
"SPPL2A","SPPL2A",0.703011977466572,0.18936801036784,0.249,0.249,1
"NBR1","NBR1",0.703361400059926,0.144055891358887,0.178,0.174,1
"ENSG00000256566","ENSG00000256566",0.703440556943153,0.125580981638874,0.044,0.047,1
"HDAC11","HDAC11",0.70411187374377,0.375284367225968,0.055,0.059,1
"CCDC69","CCDC69",0.704732914790542,-0.102714819443418,0.012,0.014,1
"PYM1","PYM1",0.705049120489233,-0.107451823746499,0.02,0.022,1
"WFDC10B","WFDC10B",0.705078967887779,0.218463107030151,0.012,0.014,1
"CDK5R1","CDK5R1",0.705624995763096,-0.348836961717117,0.013,0.015,1
"COX6B1","COX6B1",0.705740698912456,0.144264926865894,0.092,0.098,1
"TMEM255A","TMEM255A",0.706035014422447,0.378250075827718,0.085,0.082,1
"ENSG00000244036","ENSG00000244036",0.706468440978709,-0.147287563609204,0.013,0.015,1
"SYNCRIP.1","SYNCRIP.1",0.706476412632965,-0.117342352893224,0.072,0.076,1
"FAM217B","FAM217B",0.706626769977572,0.118893227196504,0.179,0.189,1
"ENSG00000255158","ENSG00000255158",0.706975634641211,0.112612328301509,0.035,0.033,1
"ERCC2","ERCC2",0.707235428383468,0.135905738173342,0.066,0.063,1
"COG2","COG2",0.707236294110393,0.15378281631163,0.133,0.14,1
"TIRAP","TIRAP",0.707528070456442,0.225920330359782,0.036,0.039,1
"INTS14","INTS14",0.707640563850678,0.173435200918773,0.077,0.082,1
"SNAPC1","SNAPC1",0.707831881351392,0.239789136708355,0.158,0.158,1
"SLC24A3","SLC24A3",0.707855552594696,0.222867035879883,0.136,0.133,1
"SCO1","SCO1",0.708289764918822,0.177633630043477,0.077,0.073,1
"SRM","SRM",0.708551644298101,0.122636399536873,0.067,0.071,1
"UQCC6","UQCC6",0.710058119045744,0.201684756597447,0.105,0.102,1
"TRMT61A","TRMT61A",0.710120524816679,-0.186602921690509,0.027,0.025,1
"ZBTB3","ZBTB3",0.71046991658344,-0.151608975508024,0.021,0.023,1
"CFAP97","CFAP97",0.710487739308502,0.160281602627769,0.084,0.089,1
"FCF1","FCF1",0.710796275465573,0.120677836921867,0.066,0.063,1
"HAUS6","HAUS6",0.710816258983761,-0.11868868997125,0.041,0.044,1
"RAB8A","RAB8A",0.711249176766076,0.253107436708008,0.027,0.029,1
"HCN1","HCN1",0.711277887989544,-0.102409744537376,0.021,0.023,1
"LYSMD4","LYSMD4",0.711399600438403,0.160086878112146,0.052,0.055,1
"COX5A","COX5A",0.711853452008739,0.163417669023825,0.071,0.075,1
"BRAP","BRAP",0.712026764278852,0.235704687881683,0.104,0.101,1
"LOC105376070","LOC105376070",0.712187986762367,-0.322431350029,0.044,0.047,1
"CA2","CA2",0.712397171368016,0.266446474149519,0.082,0.079,1
"ENSG00000246982","ENSG00000246982",0.71278260985944,0.221230009929546,0.059,0.057,1
"NIPSNAP3A","NIPSNAP3A",0.71279431650514,0.63350564265156,0.012,0.014,1
"BACE1","BACE1",0.712889538580767,0.121805259071434,0.119,0.125,1
"ZNF687","ZNF687",0.713064102618379,0.541152658764319,0.041,0.039,1
"CFAP90","CFAP90",0.713644181322774,0.404164442352804,0.027,0.029,1
"FURIN","FURIN",0.714302772496588,0.304287807837711,0.055,0.053,1
"NSDHL","NSDHL",0.714599247313615,-0.199034623231348,0.022,0.024,1
"ACBD6","ACBD6",0.714908069092121,0.101476934143067,0.368,0.377,1
"SERAC1","SERAC1",0.715131156043453,0.338896098673747,0.053,0.05,1
"PAPPA","PAPPA",0.716091917665102,0.216377326759178,0.055,0.059,1
"POLD3","POLD3",0.716328804323647,0.219681964972571,0.158,0.156,1
"ENSG00000253618","ENSG00000253618",0.716354223214272,-0.253889314497465,0.014,0.015,1
"TRAF3","TRAF3",0.717035144253262,0.23986412575529,0.225,0.227,1
"ENSG00000230612","ENSG00000230612",0.71734702180759,-0.176236543854174,0.014,0.015,1
"LINC02478","LINC02478",0.717465703512231,0.180324467494219,0.013,0.015,1
"NTHL1","NTHL1",0.717465703512231,0.150824727347642,0.013,0.015,1
"GDPD3","GDPD3",0.71767806201119,-0.264025440026412,0.014,0.015,1
"CNOT4","CNOT4",0.717727073697271,0.103990079426124,0.427,0.445,1
"EIF2AK3","EIF2AK3",0.71796178534459,0.294709642780224,0.098,0.095,1
"TDRD9","TDRD9",0.717974706798465,-0.199080793683368,0.013,0.015,1
"LRRC57","LRRC57",0.718927860512628,0.273138769397329,0.056,0.053,1
"CYB5R1","CYB5R1",0.719484261478717,0.144381673521964,0.073,0.077,1
"PSMD8","PSMD8",0.719797374090321,0.167165406249807,0.056,0.053,1
"M6PR","M6PR",0.720235658396951,0.156317885677519,0.087,0.084,1
"MRPL3","MRPL3",0.720550844237257,0.166594697938981,0.095,0.091,1
"UROS","UROS",0.721236036143617,0.153150547111617,0.134,0.13,1
"ENSG00000261386","ENSG00000261386",0.72216369958591,0.343636191968277,0.049,0.047,1
"ENSG00000272853","ENSG00000272853",0.72239129152674,0.5201215003089,0.013,0.015,1
"NDUFAB1","NDUFAB1",0.72243593176938,0.105657794499185,0.055,0.059,1
"FBXO33","FBXO33",0.722804346436756,0.188078609413304,0.137,0.134,1
"FAM98A","FAM98A",0.722931663957228,-0.201351661276264,0.032,0.035,1
"ZNF829","ZNF829",0.72331379764977,0.225885988954877,0.014,0.015,1
"ZDBF2","ZDBF2",0.723803367642216,0.225335028464478,0.103,0.1,1
"DGKH","DGKH",0.724047887976403,0.116184328581416,0.05,0.053,1
"FLYWCH2","FLYWCH2",0.724359909209593,0.220649017797893,0.05,0.048,1
"VMA21","VMA21",0.724525163725154,0.283929464308558,0.049,0.046,1
"GET3","GET3",0.724557607056629,-0.117101419256349,0.034,0.032,1
"TAB1","TAB1",0.724634739214449,0.169075381592532,0.176,0.175,1
"CCNJL","CCNJL",0.724863507009256,0.123139579904232,0.087,0.084,1
"HARS2","HARS2",0.725327016547064,0.342584001492649,0.027,0.03,1
"LINC00601","LINC00601",0.725424903083471,-0.292880743381444,0.023,0.025,1
"ERG28","ERG28",0.725638959388218,0.347905158607392,0.036,0.039,1
"WWP1","WWP1",0.726917472093593,0.212157964934612,0.251,0.251,1
"TMEM176A","TMEM176A",0.72774440726893,0.409743234464732,0.038,0.036,1
"EPC1-AS1","EPC1-AS1",0.728047415773455,0.212334408155826,0.021,0.023,1
"POLR3D","POLR3D",0.729255093709441,-0.381739235390582,0.024,0.026,1
"RNF26","RNF26",0.729297439318095,0.139618918164491,0.014,0.015,1
"MBD1","MBD1",0.729695451249902,-0.125328044363617,0.077,0.08,1
"THAP12","THAP12",0.730674002813966,0.268932112560683,0.054,0.051,1
"CHMP2B","CHMP2B",0.7311125236625,0.126461801164151,0.085,0.089,1
"MAN2B1","MAN2B1",0.731240195378163,0.261085721815945,0.052,0.05,1
"RAE1","RAE1",0.73132835640173,0.17607179133145,0.057,0.055,1
"TIPRL","TIPRL",0.731352283414123,0.151730353115612,0.067,0.064,1
"STX4","STX4",0.731465806759922,0.232069208487916,0.052,0.05,1
"ZNF7","ZNF7",0.73166013892795,0.343307088522977,0.071,0.068,1
"DCTN1","DCTN1",0.732106556814097,0.500828840448453,0.02,0.022,1
"OXR1","OXR1",0.732261171965878,0.148023578484816,0.266,0.263,1
"ZMYM5","ZMYM5",0.732573766350833,0.144470917407829,0.193,0.189,1
"SCAF4","SCAF4",0.732622926631626,0.128978132105033,0.169,0.167,1
"NDUFV3","NDUFV3",0.733574906421444,0.198728239451874,0.182,0.183,1
"ARIH2","ARIH2",0.734081423502059,0.108310823872655,0.311,0.311,1
"MAP1LC3B","MAP1LC3B",0.734515937482415,0.169590343267312,0.135,0.133,1
"CS","CS",0.73463819154586,0.326062558476623,0.1,0.098,1
"INTS7","INTS7",0.734782053288902,0.162511300281602,0.064,0.061,1
"ENSG00000231769","ENSG00000231769",0.735239779101002,-0.170231577830799,0.06,0.063,1
"EIF2S1","EIF2S1",0.735333949246388,0.179656605622977,0.12,0.117,1
"PCYT2","PCYT2",0.735379467629187,0.283692041940292,0.07,0.068,1
"C16orf95","C16orf95",0.735501897526524,0.208724329677784,0.054,0.057,1
"MAPK11","MAPK11",0.735729445375795,0.167795021424247,0.078,0.082,1
"PDIA6","PDIA6",0.735852567832166,0.13577479001887,0.116,0.113,1
"PLAG1","PLAG1",0.736092958639564,0.34363994075223,0.05,0.048,1
"CFDP1","CFDP1",0.736349349900384,0.146057270291574,0.206,0.215,1
"THEM6","THEM6",0.736471388097698,0.190637535297956,0.023,0.025,1
"TMEM39B","TMEM39B",0.737161605105841,0.149594539235386,0.056,0.059,1
"ERCC6","ERCC6",0.737333887935962,0.149829424683953,0.175,0.172,1
"ZNF500","ZNF500",0.737902670098398,0.123924628918663,0.078,0.075,1
"FMO5","FMO5",0.737989095938984,0.32221104447549,0.054,0.051,1
"UROD","UROD",0.738040192183773,0.172468171708127,0.03,0.033,1
"TSHZ1","TSHZ1",0.738360064439667,0.28551729427087,0.196,0.198,1
"TANGO2","TANGO2",0.738783531476886,0.142049977091513,0.105,0.102,1
"MEX3C","MEX3C",0.738927516975437,0.224939115949481,0.054,0.051,1
"IFNGR2","IFNGR2",0.739219988422102,0.117887461233992,0.148,0.146,1
"PSMD10","PSMD10",0.73930364604081,-0.246393902350732,0.016,0.017,1
"GMPPA","GMPPA",0.739333009832954,0.286429980296023,0.046,0.044,1
"USP6","USP6",0.739333832732429,0.104646220541455,0.014,0.016,1
"TUB","TUB",0.73937267984923,0.172364192416708,0.258,0.264,1
"VPS11","VPS11",0.739646735287629,0.256426527866473,0.048,0.051,1
"TMEM143","TMEM143",0.740068378996526,0.276091041819205,0.073,0.071,1
"ZNF329","ZNF329",0.740546320175806,0.139410642676069,0.077,0.082,1
"THBS4-AS1","THBS4-AS1",0.740732487214757,-0.247890635136976,0.034,0.037,1
"LARS2","LARS2",0.74103567072371,0.162131537549144,0.211,0.221,1
"ZNF3","ZNF3",0.741260907178902,0.105014511360637,0.077,0.081,1
"GINM1","GINM1",0.741281476024675,0.174401651356654,0.146,0.154,1
"ENSG00000233635","ENSG00000233635",0.741313984484746,0.562313497933887,0.014,0.015,1
"NDUFS7","NDUFS7",0.741879909138951,-0.109187687991348,0.143,0.147,1
"ZNF629","ZNF629",0.741996760771052,0.329893357054087,0.043,0.041,1
"NACC1","NACC1",0.742163141523062,0.402151815557951,0.075,0.073,1
"HAS2","HAS2",0.742397206757865,0.165320374576763,0.056,0.053,1
"FZR1","FZR1",0.742631889676832,0.34387691110427,0.065,0.062,1
"ATF6","ATF6",0.742786495154576,0.106270835805942,0.33,0.335,1
"ZNF558","ZNF558",0.7429558192182,0.221388930949224,0.054,0.052,1
"TMEM59L","TMEM59L",0.745150968159838,0.117352111482499,0.07,0.073,1
"UQCRB","UQCRB",0.746221614307987,-0.192811556588573,0.172,0.174,1
"ST3GAL4","ST3GAL4",0.746637880953526,0.283431169980416,0.079,0.077,1
"TMEM126A","TMEM126A",0.74675399314583,0.572653082117286,0.033,0.031,1
"FBXL3","FBXL3",0.746911505892885,0.118714841969304,0.171,0.168,1
"IKZF5","IKZF5",0.747000046565911,0.224932701086779,0.072,0.069,1
"TMEM65","TMEM65",0.74728340776739,0.105222250681323,0.222,0.23,1
"GNAI3","GNAI3",0.747358548474398,0.195055420407476,0.104,0.102,1
"ARLN","ARLN",0.748355590903726,0.123008351828245,0.052,0.049,1
"LRAT","LRAT",0.749031063095815,0.210012767633749,0.043,0.041,1
"CASC3","CASC3",0.749083933157098,0.106710793314506,0.213,0.211,1
"GANC","GANC",0.749984948687195,0.125238629651817,0.27,0.274,1
"PSMB4","PSMB4",0.750442695611802,0.213962517818366,0.054,0.052,1
"PLA2G15","PLA2G15",0.750734132531391,0.182186118229061,0.032,0.035,1
"TAF4B","TAF4B",0.750881422120001,-0.256115392489029,0.039,0.041,1
"NKIRAS2","NKIRAS2",0.751002909836006,0.421613590663623,0.037,0.035,1
"TSR1","TSR1",0.75170313637769,0.161516046285011,0.047,0.045,1
"INHBA","INHBA",0.751752496763219,0.169675837559491,0.044,0.041,1
"CIART","CIART",0.752098526723921,0.370754069208675,0.036,0.034,1
"OIP5","OIP5",0.752355286880247,0.224188967527718,0.015,0.017,1
"LMAN1","LMAN1",0.752416543249867,0.111866059764345,0.137,0.134,1
"CEP89","CEP89",0.752563458079833,0.112328775878553,0.211,0.209,1
"ENSG00000284772","ENSG00000284772",0.752809041494114,-0.30269488834586,0.027,0.028,1
"RIT1","RIT1",0.752828390054224,0.205074665077954,0.084,0.082,1
"KPNA2","KPNA2",0.752944047582258,-0.212691373560027,0.016,0.017,1
"CTBP1","CTBP1",0.753927376456925,0.140272291563836,0.161,0.169,1
"SEC61A2","SEC61A2",0.75435120454406,0.165218975524356,0.135,0.132,1
"COPRS","COPRS",0.754489152201847,0.194262435845309,0.054,0.051,1
"LTBP1","LTBP1",0.754533173934916,0.157226845321421,0.308,0.326,1
"ING1","ING1",0.754631041414892,0.448996363826244,0.022,0.024,1
"TIMM8B","TIMM8B",0.755247064114262,0.277695411695812,0.035,0.033,1
"PBLD","PBLD",0.755698438652326,0.213286295394084,0.044,0.042,1
"GABRB2","GABRB2",0.755891065802297,0.242518738345133,0.015,0.017,1
"CD109-AS1","CD109-AS1",0.758317657396055,0.300321020566837,0.032,0.03,1
"ENSG00000270175","ENSG00000270175",0.759108871989771,-0.292675056208423,0.009,0.01,1
"LNX2","LNX2",0.759136392241614,0.172391799188023,0.05,0.048,1
"ZNF746","ZNF746",0.759172031003332,0.250373325702862,0.05,0.053,1
"FAH","FAH",0.759513505766822,0.212931262091335,0.077,0.082,1
"VPS13B-DT","VPS13B-DT",0.75971512183959,0.104635747362815,0.135,0.141,1
"TOR3A","TOR3A",0.759721558330337,-0.122939021702289,0.026,0.028,1
"LINC00457","LINC00457",0.759953645619785,-0.44486294022841,0.009,0.01,1
"CIAO2B","CIAO2B",0.760191400322515,0.39503451272169,0.052,0.05,1
"NTM-AS3","NTM-AS3",0.760497212157257,0.144962636436634,0.016,0.018,1
"CCDC178","CCDC178",0.760798705687567,-0.32095269409378,0.009,0.01,1
"BNIP2","BNIP2",0.761641570928534,0.109975529010269,0.114,0.111,1
"EI24","EI24",0.761878462584249,0.119097110232116,0.062,0.065,1
"ZNF836","ZNF836",0.761892456085142,0.350303886613203,0.031,0.029,1
"NDUFB5","NDUFB5",0.76199990773401,0.276622446192379,0.077,0.075,1
"GNL3L","GNL3L",0.762297525296999,-0.115028390877001,0.027,0.029,1
"ENSG00000259755","ENSG00000259755",0.762855410852292,0.305586790586234,0.03,0.028,1
"MAP3K20-AS1","MAP3K20-AS1",0.762921846041865,0.391618355071942,0.027,0.026,1
"NDST3","NDST3",0.76319173680255,0.260877938488034,0.034,0.033,1
"ENSG00000260808","ENSG00000260808",0.763335595076618,-0.213659316151929,0.009,0.01,1
"SNRPB2","SNRPB2",0.763537211759027,0.128569791807186,0.043,0.046,1
"ENSG00000272449","ENSG00000272449",0.763547117707707,-0.136234270659322,0.009,0.01,1
"EVA1A-AS","EVA1A-AS",0.764600051913834,1.02289165706603,0.011,0.01,1
"ENSG00000258077","ENSG00000258077",0.764604995336301,0.334448160769591,0.009,0.01,1
"BTD","BTD",0.765116763976692,0.22542589320768,0.09,0.095,1
"RCCD1","RCCD1",0.765379621649823,0.414341419319967,0.029,0.028,1
"ADAMTS16","ADAMTS16",0.765398463590343,0.704010307211334,0.015,0.017,1
"CHAF1A","CHAF1A",0.765408831457466,0.790831266303112,0.01,0.009,1
"ZNF691","ZNF691",0.765412759857244,0.27817583899048,0.027,0.025,1
"ENSG00000237301","ENSG00000237301",0.765451613917999,0.156970860722134,0.009,0.01,1
"SIKE1","SIKE1",0.765463340607474,0.120161443799777,0.074,0.071,1
"HYAL1","HYAL1",0.766207867017499,0.509119041605404,0.025,0.024,1
"SLC25A6","SLC25A6",0.766306201335755,0.258554359028379,0.089,0.087,1
"PRKAB1-AS1","PRKAB1-AS1",0.766503912907388,0.456211928555739,0.016,0.017,1
"ENSG00000267747","ENSG00000267747",0.766940927068793,0.135896021602417,0.075,0.073,1
"MOAP1","MOAP1",0.767922673613883,0.458359034262025,0.024,0.022,1
"ENSG00000272004","ENSG00000272004",0.76825816565928,0.871781906153939,0.014,0.013,1
"KCNQ1","KCNQ1",0.768327527967869,0.303595374667306,0.024,0.022,1
"DUSP28","DUSP28",0.768817018211914,0.52763582389058,0.011,0.01,1
"EMC7","EMC7",0.768952539446192,0.110343656566816,0.072,0.07,1
"PTK7","PTK7",0.769332588538701,0.409775775639437,0.054,0.053,1
"SOX12","SOX12",0.769522254200359,0.226814711292331,0.09,0.087,1
"SLC12A5","SLC12A5",0.769594303831799,0.79611003533138,0.011,0.01,1
"ENSG00000251184","ENSG00000251184",0.769610428619025,0.127927940942709,0.041,0.039,1
"ASS1","ASS1",0.769738133380867,0.40317286652953,0.026,0.024,1
"ENSG00000203706","ENSG00000203706",0.769788661450455,0.65537042391949,0.011,0.01,1
"POMT2","POMT2",0.770054053717989,0.124872410864871,0.142,0.139,1
"PDCD1LG2","PDCD1LG2",0.77009571095025,0.364624558563961,0.012,0.011,1
"ENSG00000272159","ENSG00000272159",0.770191879573969,0.410650164710171,0.01,0.009,1
"HCCS","HCCS",0.770400038079591,0.474392294641174,0.01,0.009,1
"ENSG00000203321","ENSG00000203321",0.770406227580438,0.159950393734896,0.016,0.018,1
"PPP1R26-AS1","PPP1R26-AS1",0.770644486591005,0.436324415425337,0.022,0.02,1
"GPR171","GPR171",0.770749292575927,0.196221090426658,0.009,0.01,1
"ZNF668","ZNF668",0.770924857746825,0.213360013789003,0.032,0.03,1
"VANGL1","VANGL1",0.770949225130608,0.169452724995886,0.016,0.018,1
"PANX1","PANX1",0.771213603290162,-0.352516259627869,0.009,0.01,1
"DNAH2","DNAH2",0.771232837362982,0.310537099399598,0.01,0.009,1
"CLK2","CLK2",0.771240983028126,0.173564654217746,0.07,0.068,1
"MLEC","MLEC",0.771717519801795,0.173445640365562,0.151,0.15,1
"ENSG00000267022","ENSG00000267022",0.772065900385822,0.32707820714812,0.01,0.009,1
"ENSG00000272154","ENSG00000272154",0.772236377720211,-0.526194983823518,0.009,0.01,1
"ZNF620","ZNF620",0.772268402321807,0.214570528242924,0.016,0.018,1
"ENSG00000261474","ENSG00000261474",0.772321309434536,0.195941852865325,0.084,0.082,1
"ZKSCAN2","ZKSCAN2",0.772423642935602,0.290059682062905,0.016,0.018,1
"ANXA6","ANXA6",0.772438171112381,0.19342754156686,0.103,0.108,1
"PECAM1","PECAM1",0.772482530516841,0.288190919394313,0.01,0.009,1
"FLI1","FLI1",0.772850232504408,-0.516200761132248,0.009,0.01,1
"SAT2","SAT2",0.772922312840098,0.128566226555153,0.228,0.227,1
"NOMO2","NOMO2",0.772935202859592,0.307010280687177,0.028,0.026,1
"ENSG00000270071","ENSG00000270071",0.773322938935189,0.400427388562842,0.027,0.025,1
"ENSG00000284776","ENSG00000284776",0.773668926613094,-0.220298804919854,0.009,0.01,1
"ASGR1","ASGR1",0.773732814030006,0.170236851352086,0.01,0.009,1
"ORC6","ORC6",0.773873494565342,0.252973940592132,0.011,0.01,1
"ACOT1","ACOT1",0.774056593742623,0.720046371114678,0.012,0.011,1
"BHLHE41","BHLHE41",0.774237243771192,0.121729148007152,0.222,0.234,1
"KCNE1","KCNE1",0.774245354918031,0.517171092171239,0.012,0.011,1
"MAST1","MAST1",0.774262287932478,0.412177704504262,0.017,0.016,1
"REEP4","REEP4",0.774508584731108,0.430279734157731,0.015,0.014,1
"UBAC1","UBAC1",0.774631224561792,0.162847476724069,0.104,0.109,1
"TMEM64","TMEM64",0.774643736238846,0.123008914721732,0.035,0.037,1
"RRH","RRH",0.774670232857497,0.305892438291662,0.023,0.021,1
"ENSG00000267395","ENSG00000267395",0.774697203980643,0.140877581335328,0.037,0.039,1
"C6orf62","C6orf62",0.774921807959481,0.13058911795733,0.376,0.4,1
"ENSG00000272647","ENSG00000272647",0.774963205405674,0.519437549456788,0.019,0.018,1
"ENSG00000260773","ENSG00000260773",0.775189360796737,0.34450942643462,0.012,0.011,1
"GPR89B","GPR89B",0.775332491230519,0.220026967189837,0.062,0.059,1
"RHD","RHD",0.775601669486586,-0.385702519519988,0.019,0.02,1
"ADD2","ADD2",0.775650002034552,0.167867839480071,0.011,0.01,1
"SNHG18","SNHG18",0.775820863940408,0.535494349192347,0.011,0.01,1
"PPP1R8","PPP1R8",0.775870837065045,0.123654442031228,0.056,0.059,1
"ENSG00000272086","ENSG00000272086",0.775900210386656,0.51621034426939,0.014,0.013,1
"NOL6","NOL6",0.776173965358016,0.357034693440133,0.022,0.02,1
"ENSG00000254420","ENSG00000254420",0.776200908080369,0.102959109500777,0.101,0.106,1
"TLCD3A","TLCD3A",0.776320617452328,0.282541435575299,0.014,0.012,1
"NANP","NANP",0.776499159853998,0.496491666123373,0.014,0.012,1
"NRAS","NRAS",0.776522441095795,0.164128299483211,0.027,0.026,1
"KCNQ2","KCNQ2",0.776638853210318,0.131927622396394,0.034,0.032,1
"ENSG00000231772","ENSG00000231772",0.776741265593979,-0.216886783950869,0.009,0.01,1
"NUP160","NUP160",0.77676096698241,0.127596387680567,0.253,0.254,1
"ENSG00000249916","ENSG00000249916",0.776858248466205,0.144437206942491,0.011,0.01,1
"SLC35B2","SLC35B2",0.777148211028933,0.110266104038998,0.036,0.038,1
"UTP3","UTP3",0.777255905748845,0.438752682328985,0.022,0.021,1
"HDHD5","HDHD5",0.777318484174498,-0.122122570308948,0.065,0.067,1
"PPP1R18","PPP1R18",0.777487176114152,0.111304496520819,0.01,0.009,1
"ENSG00000260658","ENSG00000260658",0.777574702687337,0.30817292315618,0.011,0.01,1
"BORCS6","BORCS6",0.777814148733827,0.429820878182545,0.014,0.013,1
"PCDHB16","PCDHB16",0.777971182703953,-0.407873896080478,0.009,0.01,1
"ZNF232","ZNF232",0.778212406638474,0.28423895070922,0.012,0.011,1
"ZNF8-DT","ZNF8-DT",0.778435351942693,0.177026276978299,0.06,0.058,1
"NEK9","NEK9",0.77855657241953,0.188546546522061,0.246,0.261,1
"CDK5","CDK5",0.778739790430586,-0.151195043262009,0.01,0.009,1
"PROX1","PROX1",0.778779603126404,0.396781652642106,0.012,0.011,1
"EDDM13","EDDM13",0.778796283513308,0.386908425744886,0.018,0.017,1
"MRPL36","MRPL36",0.77910752864129,0.458059249471151,0.018,0.017,1
"SEPTIN1","SEPTIN1",0.779465658542238,0.346127061347849,0.029,0.028,1
"DUSP8","DUSP8",0.779477964705257,-0.109374221821076,0.011,0.01,1
"ENSG00000283003","ENSG00000283003",0.779611937347635,-0.201551266387107,0.009,0.01,1
"ENSG00000233840","ENSG00000233840",0.779860399111721,0.39691423744785,0.017,0.019,1
"ZNF684","ZNF684",0.779900033288273,0.127879696725993,0.047,0.049,1
"NAP1L2","NAP1L2",0.780085382557919,0.251079685738904,0.013,0.012,1
"RAD23B","RAD23B",0.780157777144589,0.103958607331196,0.234,0.233,1
"TMEM70","TMEM70",0.780165706605486,0.175786493926943,0.017,0.019,1
"CEL","CEL",0.780170604430328,0.253822166602791,0.023,0.021,1
"H2BC21","H2BC21",0.780275012433752,0.264255338736165,0.018,0.017,1
"FLT1","FLT1",0.78029270245954,0.924792937734051,0.012,0.011,1
"FAM53A","FAM53A",0.780636704957727,0.201059543584254,0.013,0.012,1
"NPSR1","NPSR1",0.780695432974106,0.122870329305591,0.011,0.01,1
"TRAFD1","TRAFD1",0.780786916883287,0.165060315774627,0.054,0.057,1
"PCED1B","PCED1B",0.780831639463817,0.115505735944653,0.223,0.222,1
"GFRA1","GFRA1",0.781168793767473,0.22560197937764,0.017,0.016,1
"CCDC152","CCDC152",0.78118005522753,0.184555226656058,0.024,0.022,1
"EEF2KMT","EEF2KMT",0.781324239263135,0.398471009613116,0.014,0.012,1
"SOX15","SOX15",0.781842194879228,0.253755785500114,0.016,0.015,1
"ZFP69","ZFP69",0.78192355241324,0.351087503410783,0.013,0.012,1
"LRRC8D","LRRC8D",0.782061236900508,-0.448782656298749,0.01,0.011,1
"TM2D2","TM2D2",0.78216900829082,0.169866846117067,0.014,0.013,1
"GRK7","GRK7",0.782343345098561,0.117203000377049,0.014,0.013,1
"KCTD21","KCTD21",0.782648439019497,0.161154038221045,0.048,0.05,1
"ENSG00000241449","ENSG00000241449",0.782845219764922,0.233201615213519,0.018,0.017,1
"LPIN3","LPIN3",0.78352631694989,0.316508917180651,0.017,0.019,1
"ENSG00000254998","ENSG00000254998",0.783543866681944,-0.257312834986046,0.019,0.02,1
"DIMT1","DIMT1",0.784054232864037,0.14290859701741,0.048,0.05,1
"SH2B2","SH2B2",0.784064947894478,-0.224144402262985,0.061,0.063,1
"ENSG00000269967","ENSG00000269967",0.784087320681284,0.110220404352266,0.014,0.013,1
"LINC02112","LINC02112",0.784261777987282,0.191674093575843,0.014,0.013,1
"PDE4D-AS1","PDE4D-AS1",0.784540068062613,0.652826318830952,0.009,0.01,1
"ABHD14A","ABHD14A",0.785128908686832,-0.391909952442106,0.011,0.01,1
"BPGM","BPGM",0.785183830798365,0.242301885277746,0.018,0.017,1
"URM1","URM1",0.785189590717723,0.14125653263206,0.072,0.069,1
"SNRNP27","SNRNP27",0.785238172707525,-0.177629699399639,0.01,0.011,1
"ENSG00000249483","ENSG00000249483",0.785436850632147,-0.302272213597898,0.01,0.011,1
"UHRF1","UHRF1",0.78568748640199,-0.224134059881007,0.019,0.021,1
"KLF10","KLF10",0.78596966004339,-0.5314634145633,0.011,0.01,1
"MMP16","MMP16",0.78602250166289,-0.120351841327586,0.088,0.091,1
"ENSG00000253238","ENSG00000253238",0.786066503932568,0.132368591178856,0.015,0.014,1
"PHF5A","PHF5A",0.7863401501527,0.154372971203625,0.017,0.016,1
"JPT2","JPT2",0.786737944683462,0.110989480266898,0.019,0.017,1
"ARSA","ARSA",0.786947783089009,0.211038667052133,0.103,0.102,1
"MON1B","MON1B",0.787056117856517,0.751633677717799,0.016,0.018,1
"PARP1","PARP1",0.787298040830259,0.181704454990468,0.115,0.121,1
"EXTL3","EXTL3",0.787318800462357,0.14451791161464,0.143,0.142,1
"GZF1","GZF1",0.787538908255695,0.121949156200014,0.028,0.026,1
"SLITRK2","SLITRK2",0.78801908981331,0.127001978813654,0.219,0.218,1
"KCTD2","KCTD2",0.78866811983955,0.15416444677971,0.06,0.058,1
"HCG25","HCG25",0.78882775481907,-0.127691355269599,0.029,0.031,1
"GALNT15","GALNT15",0.788883569066357,0.277260642319381,0.202,0.214,1
"ZNF350-AS1","ZNF350-AS1",0.789418860795227,0.146336060374441,0.149,0.147,1
"MAPK12","MAPK12",0.789645396942296,0.120793183628506,0.078,0.082,1
"TTC13","TTC13",0.78990154456787,0.223710094828637,0.151,0.149,1
"L3MBTL2","L3MBTL2",0.789975734589255,0.257849282922678,0.075,0.073,1
"ATG16L1","ATG16L1",0.790228082910782,0.357489228434984,0.07,0.068,1
"MDH2","MDH2",0.790839173689339,-0.10408757841574,0.039,0.037,1
"ENSG00000225442","ENSG00000225442",0.790899113687303,-0.124196127708413,0.014,0.013,1
"ZCCHC4","ZCCHC4",0.791056332751561,0.160514277924273,0.059,0.057,1
"GP6","GP6",0.791179009205144,0.163054519118222,0.019,0.017,1
"SERINC3","SERINC3",0.791421290366588,0.214115683219937,0.125,0.124,1
"QRICH2","QRICH2",0.791558681016039,0.310896828108565,0.065,0.064,1
"COX4I1","COX4I1",0.791922134671822,0.203145235172361,0.166,0.165,1
"ZNF260","ZNF260",0.792704806947098,0.155435097898424,0.066,0.069,1
"CDH18","CDH18",0.792763642244575,-0.232164116081509,0.034,0.035,1
"BCAS2","BCAS2",0.792951856968732,-0.261150243880035,0.056,0.053,1
"ENSG00000226438","ENSG00000226438",0.793103889400727,-0.100138174111723,0.035,0.033,1
"MBLAC2","MBLAC2",0.793464231571215,-0.165955915526104,0.032,0.03,1
"TAB3","TAB3",0.794429281025158,0.205082750774929,0.09,0.095,1
"AKAP3","AKAP3",0.794721066545504,-0.36576144057354,0.011,0.012,1
"LRRC8C-DT","LRRC8C-DT",0.794770774597536,0.248596241902932,0.037,0.039,1
"TBC1D9","TBC1D9",0.794859514006554,-0.184297600179685,0.019,0.017,1
"SLC25A44","SLC25A44",0.794909420390304,0.40331513842599,0.036,0.038,1
"SLC25A24","SLC25A24",0.795576152014074,-0.130120087627692,0.03,0.028,1
"SNRPF","SNRPF",0.796049801355118,0.148592238237987,0.057,0.055,1
"LOC105370777","LOC105370777",0.796161631495336,-0.158679330058362,0.028,0.03,1
"ALPK3","ALPK3",0.796682768659328,0.117157889428825,0.019,0.02,1
"STX1A","STX1A",0.797425167679357,-0.226932370932091,0.011,0.012,1
"IMPG2","IMPG2",0.797618410463919,-0.145350907981691,0.011,0.012,1
"BRI3BP","BRI3BP",0.797655920977001,0.134642859471421,0.079,0.077,1
"MSANTD2-AS1","MSANTD2-AS1",0.797784809842327,-0.10114861481642,0.043,0.045,1
"ENSG00000231920","ENSG00000231920",0.798380333828387,0.652551700611498,0.01,0.011,1
"ZNF239","ZNF239",0.798536275508758,-0.366636553755546,0.016,0.015,1
"OXTR","OXTR",0.798633393260778,-0.198387334286013,0.103,0.106,1
"SYCE1L","SYCE1L",0.798679698910492,0.229426398729278,0.01,0.011,1
"ENSG00000261478","ENSG00000261478",0.799164805295433,-0.1346753669,0.011,0.012,1
"ERLIN1","ERLIN1",0.799171703696993,0.366610549122336,0.077,0.075,1
"LINC02284","LINC02284",0.799199140073402,0.293870609745785,0.019,0.02,1
"ENSG00000228506","ENSG00000228506",0.799587231985383,0.187240150101555,0.119,0.118,1
"TNFSF14","TNFSF14",0.800462447501771,-0.599411152889202,0.011,0.012,1
"RNF138","RNF138",0.800546522642346,0.15050518943341,0.116,0.114,1
"DISP1","DISP1",0.801103347579351,-0.353489980469544,0.022,0.021,1
"CSRP2","CSRP2",0.80124420042847,-0.314819945957394,0.022,0.021,1
"ZNF383","ZNF383",0.801256744065293,0.12845226188521,0.09,0.093,1
"ZNF75A","ZNF75A",0.801823912576791,0.129011264538606,0.191,0.19,1
"COPG1","COPG1",0.80202532574178,0.200649951797895,0.057,0.055,1
"WIPI1","WIPI1",0.802903217371442,0.136269457765099,0.114,0.112,1
"PCGF3","PCGF3",0.802903732001793,0.163200900451465,0.141,0.14,1
"FAM117B","FAM117B",0.803142271956226,-0.102310376161769,0.086,0.089,1
"SF3B4","SF3B4",0.803995142411339,0.11973025568,0.019,0.021,1
"TRAPPC13","TRAPPC13",0.804392826627176,0.101040552469687,0.153,0.151,1
"ENSG00000269693","ENSG00000269693",0.80445614751671,0.217996681236415,0.06,0.063,1
"NFASC","NFASC",0.806006100395594,0.239308555531081,0.36,0.38,1
"PIP4K2B","PIP4K2B",0.806069952069781,0.218808827125448,0.141,0.14,1
"FKBP7","FKBP7",0.806327037034253,0.156786699912019,0.011,0.012,1
"NDUFB11","NDUFB11",0.807028491746713,0.246199391170276,0.047,0.045,1
"LDOC1","LDOC1",0.807102317800274,0.339560045508343,0.011,0.012,1
"ZNF367","ZNF367",0.80729616763691,0.208912556310697,0.011,0.012,1
"INF2","INF2",0.807573729066604,0.391730007691838,0.097,0.097,1
"FAM32A","FAM32A",0.807859653088629,0.348250241336614,0.019,0.021,1
"TAS1R1","TAS1R1",0.807877788112405,0.353992438598648,0.011,0.012,1
"RALB","RALB",0.808116088256015,0.212664268100299,0.04,0.042,1
"DMAC1","DMAC1",0.808157167391665,-0.11660452621561,0.045,0.047,1
"KIT","KIT",0.808550658664052,-0.179531268342759,0.03,0.028,1
"MFF-DT","MFF-DT",0.809047392238586,0.174394298250514,0.084,0.087,1
"HTRA1","HTRA1",0.809602318725582,0.136512299782473,0.541,0.573,1
"DPH2","DPH2",0.810154438992801,0.117803029473193,0.02,0.021,1
"BEGAIN","BEGAIN",0.810215408924836,0.196092499935367,0.056,0.059,1
"GCC1","GCC1",0.810593416319216,0.311349185602936,0.011,0.012,1
"CCDC12","CCDC12",0.81075543130963,0.280705948801828,0.1,0.099,1
"TNPO3","TNPO3",0.810917865873183,0.143651449528597,0.246,0.248,1
"FAM181B","FAM181B",0.810958929708674,0.103882167232702,0.234,0.243,1
"BAP1","BAP1",0.81103516731096,0.129708773669182,0.05,0.048,1
"CCDC78","CCDC78",0.811181000458239,0.350065871311788,0.011,0.012,1
"RHOT2","RHOT2",0.811192903416711,0.120049672182798,0.181,0.18,1
"COA5","COA5",0.81130514533065,0.134776945469211,0.05,0.053,1
"SERBP1","SERBP1",0.811410027921162,0.129893730601082,0.123,0.121,1
"AKAP17A","AKAP17A",0.811674217689516,0.222823665431793,0.057,0.06,1
"FOXRED1","FOXRED1",0.812183622913892,0.209510329112799,0.129,0.128,1
"CES4A","CES4A",0.81231136873905,-0.175084491077833,0.011,0.012,1
"DCUN1D5","DCUN1D5",0.812918951079358,0.143949610913431,0.082,0.081,1
"TRAF1","TRAF1",0.813110275847073,-0.120830753618054,0.06,0.062,1
"CXXC5","CXXC5",0.8131269329069,0.111118484976986,0.18,0.178,1
"AKIP1","AKIP1",0.81350733702964,-0.137565562959225,0.044,0.046,1
"GLRX5","GLRX5",0.813643537725786,0.116089336457704,0.032,0.034,1
"MSH6","MSH6",0.813644939085944,0.176599641276356,0.057,0.059,1
"TNFRSF1A","TNFRSF1A",0.813714610253656,0.145312899889588,0.257,0.259,1
"PDE12","PDE12",0.813783315044983,-0.227444288107702,0.042,0.04,1
"ATP6V0E1","ATP6V0E1",0.813834305806695,0.130423568237897,0.224,0.224,1
"ENSG00000255252","ENSG00000255252",0.814510463843142,0.113681494073533,0.032,0.033,1
"EMP2","EMP2",0.814751483577131,0.157167798829167,0.104,0.102,1
"ENSG00000277675","ENSG00000277675",0.814801032305484,-0.125259892313393,0.034,0.036,1
"ENSG00000223839","ENSG00000223839",0.814930078509856,0.568604096585052,0.035,0.034,1
"YPEL2","YPEL2",0.81500053251609,0.125379935778823,0.153,0.151,1
"TSPYL1","TSPYL1",0.815719596669314,0.373252807741933,0.038,0.04,1
"EML1","EML1",0.816517863830379,0.177501270361552,0.095,0.094,1
"CAPN7","CAPN7",0.816578579136784,0.124513980243747,0.305,0.311,1
"SNF8","SNF8",0.816762727574095,0.257684467821067,0.095,0.094,1
"CYB561A3","CYB561A3",0.816969908913934,-0.104148702088278,0.035,0.037,1
"FARS2","FARS2",0.817191322301993,0.102247829826942,0.465,0.475,1
"DNAJC18","DNAJC18",0.817883814008226,0.195407186157598,0.107,0.111,1
"TMEM33","TMEM33",0.817916655434688,0.205227357196395,0.11,0.109,1
"ZSCAN29","ZSCAN29",0.81793366087088,0.369535951141066,0.037,0.036,1
"ACOT9","ACOT9",0.819005765826226,0.123146578818663,0.108,0.112,1
"NSUN4","NSUN4",0.81904781059943,0.174033028190367,0.088,0.086,1
"LIAS","LIAS",0.819714241299898,0.118190954799933,0.116,0.114,1
"PIGA","PIGA",0.820500196727252,-0.108193540103689,0.035,0.037,1
"RRAS2","RRAS2",0.820580808968678,0.244645938223913,0.084,0.082,1
"YTHDF2","YTHDF2",0.820637555457801,0.169380134088585,0.128,0.126,1
"ENSG00000266667","ENSG00000266667",0.820801445183132,0.5446882222486,0.011,0.012,1
"HDDC3","HDDC3",0.82088007655265,0.261556974902828,0.031,0.033,1
"SSU72-AS1","SSU72-AS1",0.822124039799932,0.717310262026264,0.011,0.012,1
"NPLOC4","NPLOC4",0.82225196944024,0.230046242095063,0.224,0.229,1
"DNTTIP1","DNTTIP1",0.822279850583922,0.117151362255861,0.068,0.071,1
"ARF1","ARF1",0.822420782886258,0.129977806102948,0.125,0.122,1
"CCDC190","CCDC190",0.822962775174109,0.19969346525825,0.047,0.046,1
"SCARF1","SCARF1",0.823219818575601,-0.805151100530079,0.014,0.015,1
"HS3ST4","HS3ST4",0.823431312782585,0.262410721555998,0.022,0.023,1
"RCC1L","RCC1L",0.823600012493391,0.10379489003349,0.095,0.098,1
"POLR2I","POLR2I",0.824179531181926,-0.544146939006557,0.014,0.015,1
"SMARCD2","SMARCD2",0.824334565097842,0.214087373334824,0.192,0.194,1
"ZNF205","ZNF205",0.824507048306186,0.206450488370192,0.042,0.041,1
"GDPD2","GDPD2",0.824552661582025,0.128320436924044,0.11,0.114,1
"CTDP1","CTDP1",0.82477868012898,0.122215358665851,0.05,0.048,1
"LSM1","LSM1",0.824918168160855,-0.125066554513143,0.035,0.037,1
"ARL4C","ARL4C",0.825286055809724,0.124567897318522,0.103,0.101,1
"MELTF-AS1","MELTF-AS1",0.825380486443254,0.127974352466407,0.067,0.069,1
"RBM38","RBM38",0.825765288015595,0.272655670226791,0.072,0.071,1
"RIMS3","RIMS3",0.82592490152723,-0.257583412692964,0.013,0.014,1
"RP2","RP2",0.825944945984945,0.204214901512263,0.022,0.023,1
"ASNSD1","ASNSD1",0.826792464175304,0.175905098324909,0.057,0.055,1
"SAP30L-AS1","SAP30L-AS1",0.827198543012319,0.271743314481552,0.07,0.073,1
"PRR18","PRR18",0.827444728696675,0.242894933169966,0.041,0.039,1
"SCAMP1-AS1","SCAMP1-AS1",0.827716115532419,-0.191636688207846,0.013,0.014,1
"LRRC75A","LRRC75A",0.828215828431901,0.29696748574955,0.058,0.057,1
"ERAP2","ERAP2",0.828290609215626,-0.102652901557804,0.035,0.037,1
"AAAS","AAAS",0.828671058786135,0.124165892759622,0.081,0.084,1
"NCOR2","NCOR2",0.83027270022718,0.144851828059863,0.368,0.374,1
"NOVA2","NOVA2",0.830280468344959,0.134231418172625,0.054,0.056,1
"MAGEE1","MAGEE1",0.83205407331153,0.265136844646374,0.022,0.024,1
"RIPK1","RIPK1",0.832065279729991,0.148169755770337,0.133,0.138,1
"ACKR2","ACKR2",0.832198055200484,-0.129549352593669,0.013,0.014,1
"MTA3","MTA3",0.832278085074231,0.111364715690944,0.382,0.392,1
"ZNF121","ZNF121",0.8323491401486,0.20504385435807,0.068,0.066,1
"UBXN8","UBXN8",0.832500684600667,-0.223413801356885,0.025,0.026,1
"PRKD2","PRKD2",0.833414438520381,0.404116842849018,0.062,0.061,1
"THUMPD3","THUMPD3",0.833445244006932,0.159754915587599,0.063,0.062,1
"MANEA-DT","MANEA-DT",0.834403385773252,-0.46898938490813,0.014,0.015,1
"CAMTA1-AS3","CAMTA1-AS3",0.834889849583971,0.195773080860552,0.013,0.014,1
"MTOR","MTOR",0.834951356224822,0.11745006760644,0.269,0.268,1
"RABL2B","RABL2B",0.835119261429912,0.230200601545656,0.138,0.138,1
"DAZAP2","DAZAP2",0.835258228688012,0.176620956916968,0.12,0.126,1
"TMEM248","TMEM248",0.835550891837731,0.119457311554183,0.119,0.118,1
"MRPL48","MRPL48",0.836439719292564,0.189121398406689,0.079,0.077,1
"ADPRHL1","ADPRHL1",0.836542156285322,0.121788893978553,0.024,0.025,1
"ZNF559-ZNF177","ZNF559-ZNF177",0.836688031896802,0.136283583064196,0.128,0.127,1
"ENSG00000167945","ENSG00000167945",0.83688990043575,0.198739445816992,0.043,0.045,1
"TMEM170B","TMEM170B",0.837347120589691,0.139886238609598,0.135,0.134,1
"CMTR1","CMTR1",0.838045732781208,0.122420563751303,0.072,0.075,1
"UBTF","UBTF",0.838656393510519,0.135443628030755,0.113,0.111,1
"UBLCP1","UBLCP1",0.838710541372828,0.221895924461415,0.087,0.09,1
"LOC124902438","LOC124902438",0.838888121495315,-0.115785580468543,0.024,0.025,1
"SAMD14","SAMD14",0.839298079510482,0.120744248677426,0.039,0.038,1
"NDUFA2","NDUFA2",0.839989904442704,0.152548784791493,0.038,0.037,1
"SUV39H1","SUV39H1",0.840638775395851,0.32647352028301,0.013,0.014,1
"TERF2","TERF2",0.840743891993901,0.225875982400762,0.12,0.124,1
"GMFB","GMFB",0.840881111220927,0.266270457203869,0.057,0.055,1
"IFT70B","IFT70B",0.841019551401927,-0.195075255918793,0.014,0.015,1
"VPS28","VPS28",0.841251527383101,0.30511214792419,0.135,0.136,1
"ALDH1A2","ALDH1A2",0.841361868277228,-0.322631390761371,0.014,0.015,1
"UCK2","UCK2",0.842301636747963,-0.239080079458663,0.059,0.061,1
"ENSG00000263264","ENSG00000263264",0.842462453997279,0.117301072815764,0.014,0.015,1
"USP51","USP51",0.842564784051995,-0.386764212217763,0.015,0.016,1
"ITGAE","ITGAE",0.842755848363948,0.144478883654072,0.054,0.057,1
"UBOX5","UBOX5",0.843515673006649,0.18892794586267,0.062,0.065,1
"ZNF295-AS1","ZNF295-AS1",0.844776090644633,0.662900181163194,0.013,0.014,1
"ENSG00000272677","ENSG00000272677",0.845112142184608,0.536190296008043,0.027,0.026,1
"RNF7","RNF7",0.845474494074294,0.297914643282237,0.032,0.03,1
"PYURF","PYURF",0.846041007927,0.184020366441072,0.033,0.035,1
"SLC2A6","SLC2A6",0.846258851125192,-0.103123410086433,0.039,0.038,1
"MROH1","MROH1",0.846832827312993,0.111832779696206,0.209,0.209,1
"PPIH","PPIH",0.846924179499796,0.462831584497417,0.041,0.043,1
"PHAX","PHAX",0.847391649584062,0.10420886945458,0.061,0.063,1
"ZNF395","ZNF395",0.848009375076097,0.122567137965884,0.08,0.082,1
"TOP3A","TOP3A",0.848149749510359,0.120875863486801,0.062,0.061,1
"MAP3K7CL","MAP3K7CL",0.848218899645918,0.445261057948023,0.024,0.025,1
"AXL","AXL",0.848428508587018,0.111953736233743,0.229,0.229,1
"ZSCAN12","ZSCAN12",0.848692541146733,0.442569303456441,0.029,0.028,1
"CHRAC1","CHRAC1",0.848768989102897,0.200322031666837,0.024,0.026,1
"SNORC","SNORC",0.848786236244092,0.211828102118266,0.189,0.191,1
"ENSG00000259846","ENSG00000259846",0.849274202966098,0.30239826316263,0.075,0.074,1
"PLCL1","PLCL1",0.849870355655869,0.107490662597744,0.166,0.17,1
"TAF10","TAF10",0.849912288023156,0.161216192307482,0.044,0.046,1
"IER5L","IER5L",0.850662833705689,-0.13281001679132,0.105,0.102,1
"TRIR","TRIR",0.851367674523676,0.147789436044098,0.072,0.071,1
"TMEM167B","TMEM167B",0.851387900691545,0.37554489590248,0.048,0.047,1
"TRAPPC3","TRAPPC3",0.851508410314551,0.156346522760164,0.1,0.103,1
"PDGFA","PDGFA",0.851596634583247,-0.200401689567274,0.045,0.046,1
"ENSG00000225885","ENSG00000225885",0.851645023342,0.254659677472008,0.014,0.015,1
"LOC105370947","LOC105370947",0.852052498327055,0.262095688911486,0.067,0.066,1
"LITATS1","LITATS1",0.85226128487224,0.201694982809505,0.035,0.037,1
"MAST3","MAST3",0.852562146919522,0.132535051076162,0.032,0.031,1
"TRAPPC4","TRAPPC4",0.852650929855686,0.280166566132559,0.034,0.035,1
"MAK16","MAK16",0.853143837602115,-0.387064734331505,0.016,0.017,1
"ISCA1","ISCA1",0.853229778973194,0.184396799794723,0.081,0.08,1
"C2orf68","C2orf68",0.853360891624526,0.170434671765942,0.056,0.058,1
"TTC21A","TTC21A",0.853830659654522,0.139453564009087,0.14,0.145,1
"DMWD","DMWD",0.854127820582654,-0.110754433639104,0.015,0.016,1
"YWHAH","YWHAH",0.855801559451945,0.114463383984123,0.033,0.032,1
"MISFA","MISFA",0.855855515862352,0.25625201426417,0.052,0.051,1
"CYYR1-AS1","CYYR1-AS1",0.856663969044132,0.16860994268874,0.028,0.027,1
"WTAP","WTAP",0.85724686391044,0.111263657915353,0.262,0.262,1
"ZNF783","ZNF783",0.857781180476632,0.144184449710874,0.151,0.151,1
"ENSG00000230258","ENSG00000230258",0.857991268538787,-0.57138085241862,0.024,0.023,1
"USP46","USP46",0.85852810971609,0.176696889441235,0.136,0.136,1
"NSMCE4A","NSMCE4A",0.85902400987226,0.230522813588431,0.052,0.05,1
"FAM168B","FAM168B",0.859366561953345,0.209848736203411,0.176,0.177,1
"NEK5","NEK5",0.859431437786169,-0.110435603002246,0.027,0.028,1
"MCM6","MCM6",0.859550269043258,0.145273418693792,0.016,0.017,1
"HTRA2","HTRA2",0.859587135329092,-0.132609943696648,0.029,0.03,1
"NAP1L3","NAP1L3",0.859653805593789,0.49280750289613,0.024,0.026,1
"FAM47E","FAM47E",0.859879057100561,-0.173666018988425,0.016,0.017,1
"SRP72","SRP72",0.860167413606576,0.170985283440706,0.123,0.127,1
"FIGNL1","FIGNL1",0.861013648425382,0.141006572883017,0.015,0.016,1
"LGALS8","LGALS8",0.861144128594135,0.135587986977638,0.051,0.053,1
"ZNF805","ZNF805",0.861170380637511,0.265089371250248,0.028,0.027,1
"FIBP","FIBP",0.861292159038597,-0.283042565288691,0.031,0.032,1
"GTPBP1","GTPBP1",0.861816785669182,0.273289535949036,0.088,0.087,1
"METRNL","METRNL",0.862051641861989,0.139890231795441,0.029,0.028,1
"SEC31B","SEC31B",0.862275691615174,0.115733419965804,0.141,0.14,1
"CSTF3","CSTF3",0.862304317983479,0.176855230049602,0.198,0.205,1
"ODAD4","ODAD4",0.863786639390074,0.119986324660185,0.057,0.056,1
"PDE7B-AS1","PDE7B-AS1",0.864243687896599,0.127929968048265,0.138,0.143,1
"ZBTB34","ZBTB34",0.864369182083774,0.21838858146591,0.095,0.099,1
"DNMT1","DNMT1",0.864851172506043,0.19277408076617,0.075,0.073,1
"CBX4","CBX4",0.864854486588154,0.669142908134723,0.022,0.021,1
"PSIP1","PSIP1",0.865051931642809,0.116360817842438,0.168,0.169,1
"ENSG00000284959","ENSG00000284959",0.865244229563494,0.146055796948472,0.222,0.225,1
"SLC26A6","SLC26A6",0.865356009947658,0.10585058890258,0.03,0.029,1
"RBM5","RBM5",0.86563630124403,0.149318125646484,0.343,0.355,1
"KAT14","KAT14",0.866672675300909,0.176840214809806,0.038,0.039,1
"PAPPA-AS1","PAPPA-AS1",0.8667318951049,0.411862873715275,0.015,0.016,1
"CHCHD5","CHCHD5",0.866842557888406,0.497102241211101,0.022,0.021,1
"ABCD1","ABCD1",0.867068482899739,0.363333555038349,0.015,0.016,1
"THTPA","THTPA",0.867411494876013,0.339684287685069,0.022,0.021,1
"CLK3","CLK3",0.867496904783347,0.149361332110931,0.105,0.104,1
"UMPS","UMPS",0.867623978508387,0.255180820124328,0.05,0.049,1
"APBB1","APBB1",0.867766848955178,0.184293076116376,0.178,0.179,1
"ANKS6","ANKS6",0.868052407262539,0.117143131152476,0.109,0.112,1
"ARL6IP5","ARL6IP5",0.868601936754128,0.141033200296972,0.186,0.185,1
"BORA","BORA",0.868765334796662,0.249630142607677,0.016,0.017,1
"LRP11","LRP11",0.868880545766014,0.352370766778404,0.082,0.082,1
"FAM220A","FAM220A",0.869588995290883,0.114483823943033,0.016,0.017,1
"VPS26C","VPS26C",0.869959407025704,0.173265456734814,0.151,0.151,1
"ARPC5","ARPC5",0.870694825140162,0.119072541606592,0.078,0.08,1
"LOC112694756","LOC112694756",0.871002477509448,0.585461632545238,0.019,0.019,1
"ETS1","ETS1",0.87148622236295,0.128612062039639,0.025,0.024,1
"PPIA","PPIA",0.871795774188027,0.218039854924485,0.118,0.118,1
"TBX19","TBX19",0.872155560715363,0.30217069300036,0.022,0.021,1
"POT1-AS1","POT1-AS1",0.872954802546058,-0.119446014453454,0.176,0.178,1
"ENSG00000272374","ENSG00000272374",0.873214770854305,0.416854109212446,0.016,0.017,1
"COCH","COCH",0.873379642719712,0.260739285129203,0.016,0.017,1
"PRAF2","PRAF2",0.873546633272241,0.132423058527604,0.065,0.066,1
"STEAP1B","STEAP1B",0.873785381750905,0.374509823020907,0.038,0.039,1
"BAZ1B","BAZ1B",0.874183921548455,0.109002467416135,0.259,0.263,1
"TBC1D2","TBC1D2",0.874336906254772,-0.304676337957283,0.059,0.06,1
"FITM2","FITM2",0.874853021404251,0.302660799444441,0.037,0.039,1
"FKBP15","FKBP15",0.875454800417974,0.124410364071474,0.147,0.151,1
"SEMA4C","SEMA4C",0.875554980485999,-0.184753973520041,0.052,0.053,1
"MYO19","MYO19",0.87576467603965,0.157494947797148,0.172,0.18,1
"MED4","MED4",0.875832934024558,0.133583844123587,0.147,0.151,1
"DNAJC27","DNAJC27",0.875946187173961,0.170326612031138,0.119,0.119,1
"GPR35","GPR35",0.877432471122019,0.114902490968828,0.024,0.024,1
"CEP170B","CEP170B",0.878512806701704,0.123025436305559,0.029,0.03,1
"TCF24","TCF24",0.879015060376739,0.488155295578736,0.019,0.018,1
"TP53INP1","TP53INP1",0.879159919721673,0.110961309937782,0.057,0.059,1
"METTL14-DT","METTL14-DT",0.879242283584825,0.196644223123268,0.024,0.023,1
"YJU2","YJU2",0.879242283584825,0.123259304909538,0.024,0.023,1
"LAPTM4A","LAPTM4A",0.879402654092512,0.287832872264225,0.132,0.133,1
"FKRP","FKRP",0.879479833837758,0.230261983219934,0.083,0.086,1
"PRXL2B","PRXL2B",0.879703483381687,0.346137412836584,0.02,0.019,1
"NSUN7","NSUN7",0.880117366688929,0.500937083706799,0.039,0.038,1
"RECQL","RECQL",0.880157989669508,0.193866933741196,0.047,0.046,1
"KIZ-AS1","KIZ-AS1",0.881434355710728,0.254267184599441,0.017,0.018,1
"TRABD-AS1","TRABD-AS1",0.88165768104824,0.31890197958995,0.019,0.018,1
"MTX1","MTX1",0.88198838894026,0.268818154995885,0.038,0.039,1
"RPF2","RPF2",0.882168663899913,0.182553639192947,0.065,0.064,1
"SLC39A13-AS1","SLC39A13-AS1",0.882512454856871,0.188687086191318,0.022,0.021,1
"RUBCN","RUBCN",0.882570220708079,0.122714640203997,0.184,0.184,1
"LSM14B","LSM14B",0.882634669050486,0.132893354605702,0.054,0.055,1
"ENSG00000231217","ENSG00000231217",0.883076904242166,0.213799640056214,0.02,0.019,1
"SPDYE16","SPDYE16",0.883439905701135,0.183686266273906,0.022,0.021,1
"ZNF480","ZNF480",0.883893504664818,-0.116503108250067,0.059,0.06,1
"DNASE2","DNASE2",0.884019238587408,0.162667283584513,0.052,0.054,1
"ENSG00000240291","ENSG00000240291",0.884329043387495,0.157768835352708,0.136,0.136,1
"COL9A2","COL9A2",0.884523426688152,0.149226555017212,0.186,0.189,1
"MYO9A-AS1","MYO9A-AS1",0.884576724202583,-0.109254532918757,0.019,0.019,1
"PACRG","PACRG",0.884725648398037,0.171846838697913,0.276,0.29,1
"VPS26B","VPS26B",0.885064635016305,0.171490041043716,0.112,0.111,1
"ZDHHC24","ZDHHC24",0.886051962567508,0.264031255998439,0.039,0.041,1
"SPI1","SPI1",0.886064338466137,0.244054657376143,0.051,0.05,1
"TSEN34","TSEN34",0.886409645294063,0.19836021121335,0.019,0.019,1
"ENSG00000249988","ENSG00000249988",0.886452447381227,0.191286389029723,0.02,0.019,1
"SVBP","SVBP",0.886508873354656,0.240564685762045,0.017,0.018,1
"FAM131A","FAM131A",0.887381513618785,0.104589284868494,0.109,0.108,1
"RMP24","RMP24",0.88738153056888,0.400341058269436,0.017,0.018,1
"ATXN7L3","ATXN7L3",0.887399795147062,0.100313272833479,0.042,0.043,1
"GULP1","GULP1",0.887813000252101,0.296047422934149,0.038,0.037,1
"COL24A1","COL24A1",0.887963717639674,0.248789769792768,0.023,0.022,1
"ENSG00000242628","ENSG00000242628",0.888503454670839,0.277555916016281,0.019,0.018,1
"ENSG00000263982","ENSG00000263982",0.888570463570014,0.614434102666793,0.016,0.016,1
"ZNF16","ZNF16",0.888694899450503,0.394866464009016,0.041,0.04,1
"LINC01569","LINC01569",0.888742118133688,0.813714077327983,0.016,0.015,1
"ABHD15","ABHD15",0.88880980962925,0.240577201334804,0.018,0.017,1
"NIF3L1","NIF3L1",0.888814827580317,0.254265166413242,0.019,0.018,1
"E2F5-DT","E2F5-DT",0.88891982873868,0.253568007062873,0.017,0.017,1
"ENSG00000248092","ENSG00000248092",0.889320808434653,0.107027237562952,0.244,0.244,1
"RYR1","RYR1",0.889595807478829,0.22641783802823,0.218,0.23,1
"OSTC","OSTC",0.889764916746272,0.218516746064232,0.062,0.061,1
"CLDN12","CLDN12",0.890084365128103,0.120386669838375,0.206,0.208,1
"ENSG00000225963","ENSG00000225963",0.890205465586225,-0.141326601561946,0.019,0.02,1
"SF3B6","SF3B6",0.89032915522955,-0.118932707007759,0.039,0.037,1
"LINC00158","LINC00158",0.890354132297872,0.339293048793331,0.039,0.039,1
"RNFT1-DT","RNFT1-DT",0.891759101753004,0.265083697789555,0.019,0.019,1
"FNIP2","FNIP2",0.891788196494297,-0.125510346231144,0.156,0.152,1
"PUS10","PUS10",0.892831676474906,0.16811512953482,0.11,0.109,1
"VARS2","VARS2",0.892931886598902,0.2122221157684,0.09,0.089,1
"SNHG10","SNHG10",0.893784559167465,-0.340411793586604,0.026,0.025,1
"SPRY3","SPRY3",0.893954926748951,0.27705815485619,0.018,0.019,1
"ELMOD3","ELMOD3",0.894217167318602,0.148374687102885,0.271,0.275,1
"GCC2-AS1","GCC2-AS1",0.894245460805005,0.199929905154308,0.079,0.078,1
"MRPL20","MRPL20",0.895332852754461,0.121210240387886,0.08,0.079,1
"NOA1","NOA1",0.895513422279033,0.309156625795519,0.018,0.019,1
"SPATC1L","SPATC1L",0.896437288963842,0.342754698478561,0.016,0.015,1
"LURAP1","LURAP1",0.896788798413995,0.290139778554363,0.049,0.05,1
"ENSG00000277611","ENSG00000277611",0.896841343831065,0.185184005603763,0.044,0.044,1
"CCDC159","CCDC159",0.896965344212545,0.29403052186285,0.094,0.097,1
"ZNF529","ZNF529",0.897143166242842,0.127201089630494,0.139,0.143,1
"ENSG00000261172","ENSG00000261172",0.897148486723977,0.489778191008623,0.017,0.018,1
"CHMP2A","CHMP2A",0.897223592404418,-0.241639680796204,0.041,0.041,1
"EDEM1","EDEM1",0.897374358029966,0.182309273746042,0.065,0.064,1
"FCHO1","FCHO1",0.897622045112702,0.208559396531948,0.016,0.015,1
"CAND1","CAND1",0.897674223077576,0.123141838754737,0.197,0.204,1
"MYG1","MYG1",0.897943787255814,-0.126192174010577,0.024,0.023,1
"MRPS9","MRPS9",0.898244985802049,0.136289960497552,0.148,0.152,1
"TTBK1","TTBK1",0.898391360542458,0.340492742020686,0.077,0.077,1
"RNF11","RNF11",0.898860138550157,0.17658919455645,0.129,0.133,1
"ANKRD40","ANKRD40",0.89897235235747,0.163459254598802,0.053,0.055,1
"CFAP44","CFAP44",0.899518572351734,0.17963953505481,0.211,0.219,1
"FAM86C1P","FAM86C1P",0.89959299275682,0.314779185777222,0.015,0.015,1
"NUDCD2","NUDCD2",0.899895958456472,-0.158172761213191,0.035,0.036,1
"DYNC1LI1","DYNC1LI1",0.900366252929505,0.155097268582181,0.127,0.13,1
"ZNF408","ZNF408",0.900481518915572,-0.131326315631589,0.019,0.019,1
"RARG","RARG",0.900637333274274,0.35431044188873,0.08,0.08,1
"ITGAL","ITGAL",0.9018875831013,0.501046524024903,0.012,0.012,1
"LRGUK","LRGUK",0.902457787711094,0.273162156514978,0.057,0.057,1
"LOC105372480","LOC105372480",0.902472565118532,0.315213715449044,0.019,0.019,1
"NAMPT","NAMPT",0.902707695192082,0.341613213715236,0.065,0.064,1
"FAM174B","FAM174B",0.902713804252058,0.295851536149626,0.135,0.137,1
"EFCAB13","EFCAB13",0.902840269357431,0.204360608710688,0.032,0.033,1
"ENSG00000262877","ENSG00000262877",0.903324580652898,0.210265565215478,0.042,0.044,1
"FASTKD3","FASTKD3",0.903461579189823,0.465745154194025,0.014,0.013,1
"GGCT","GGCT",0.903467897236891,0.172769802384133,0.019,0.018,1
"PPP2R2D","PPP2R2D",0.903568296447407,0.117696549621653,0.171,0.176,1
"GLE1","GLE1",0.903589407697037,0.158753490017904,0.094,0.093,1
"ENSG00000265907","ENSG00000265907",0.904299718879025,0.239715787032035,0.021,0.021,1
"CDH8","CDH8",0.904548310716909,-0.104496623135745,0.016,0.016,1
"GCKR","GCKR",0.904941532984981,-0.272463528633397,0.018,0.017,1
"FBXO34","FBXO34",0.905766213426691,0.152283602434373,0.13,0.131,1
"RUSF1","RUSF1",0.9063271266476,0.144563561984077,0.08,0.082,1
"RPN2","RPN2",0.906695188314196,0.163661312035066,0.126,0.126,1
"PABPC1L","PABPC1L",0.906789523903393,0.316735150860963,0.067,0.066,1
"ENSG00000262481","ENSG00000262481",0.906897444308218,0.275896874717863,0.019,0.02,1
"PHRF1","PHRF1",0.907002457407281,0.113005430749135,0.108,0.108,1
"PCDHB5","PCDHB5",0.907176243529409,-0.170305758383465,0.022,0.022,1
"EXOC3","EXOC3",0.907370294733456,0.160035553196876,0.132,0.132,1
"RALA","RALA",0.908122592951298,0.152435173089692,0.13,0.134,1
"LOC102724560","LOC102724560",0.908209126336182,-0.661960060625141,0.009,0.01,1
"BLOC1S4","BLOC1S4",0.908294808947013,-0.10586672284818,0.016,0.015,1
"MYL6B","MYL6B",0.908298945714226,0.234890767252458,0.074,0.073,1
"C6orf47","C6orf47",0.90830259925069,0.202446654835683,0.021,0.021,1
"AGPAT1","AGPAT1",0.908978606117519,0.236404888381274,0.068,0.068,1
"NDUFA3","NDUFA3",0.90898655810289,0.251261616510388,0.044,0.046,1
"JPT1","JPT1",0.909541723198279,-0.21587840972084,0.024,0.024,1
"SLC9A3","SLC9A3",0.909585975910963,0.38012631716532,0.012,0.012,1
"MTSS1","MTSS1",0.909608329399233,0.107177342680065,0.019,0.02,1
"ENSG00000244513","ENSG00000244513",0.909971124619183,0.448234164372108,0.012,0.012,1
"ENSG00000260111","ENSG00000260111",0.909985505877971,0.787955096405134,0.011,0.01,1
"ARHGAP20","ARHGAP20",0.911126697335441,0.502436906478876,0.012,0.012,1
"CFAP119","CFAP119",0.911213631994121,0.614448387927568,0.011,0.011,1
"LOC105378798","LOC105378798",0.911214847285202,0.747332152776286,0.011,0.01,1
"PCDHB15","PCDHB15",0.911319311131611,0.410380506602166,0.012,0.012,1
"SMIM13","SMIM13",0.911329658408231,0.163017717419899,0.057,0.058,1
"UNC45A","UNC45A",0.911356495612425,0.203773018999582,0.097,0.1,1
"ZBTB48","ZBTB48",0.911387478148945,0.2595009441784,0.057,0.059,1
"ENSG00000271976","ENSG00000271976",0.911412106114693,0.340305446896678,0.011,0.011,1
"SMUG1","SMUG1",0.911486386443176,-0.102565208929491,0.023,0.024,1
"SYS1-DBNDD2","SYS1-DBNDD2",0.911666959061743,-0.332554118812821,0.027,0.026,1
"BZW1-AS1","BZW1-AS1",0.911904675682538,-0.105761530276835,0.013,0.012,1
"ENSG00000249258","ENSG00000249258",0.912007561589877,0.377878490025049,0.011,0.011,1
"MIR181A2HG","MIR181A2HG",0.91234027868603,0.309861172670411,0.085,0.088,1
"CH25H","CH25H",0.912391151980642,0.370054057516253,0.014,0.013,1
"LMNB2","LMNB2",0.912668300671883,-0.286109577026311,0.023,0.024,1
"ENSG00000227704","ENSG00000227704",0.913981636972603,0.722525770692505,0.011,0.01,1
"SLC30A8","SLC30A8",0.91433960851213,-0.830695927640013,0.013,0.012,1
"BTG1","BTG1",0.914710014585257,0.129873470711201,0.043,0.042,1
"EXOSC5","EXOSC5",0.914787001786122,0.154190349599429,0.011,0.011,1
"TEKT3","TEKT3",0.914901630520256,-0.316831813758061,0.009,0.01,1
"RAB24","RAB24",0.915083765482645,-0.257491936994422,0.016,0.016,1
"LOC105372146","LOC105372146",0.915519195638753,0.250884579460044,0.011,0.01,1
"GBA1","GBA1",0.916014001268683,0.169874046286376,0.077,0.077,1
"OGFOD2","OGFOD2",0.916566151535197,0.143404916771869,0.022,0.022,1
"LINC02055","LINC02055",0.916714572077581,0.559397307570719,0.012,0.012,1
"ENSG00000268392","ENSG00000268392",0.916749470185,0.562419660597452,0.011,0.01,1
"PODXL","PODXL",0.916939973548553,-0.435534135253129,0.015,0.015,1
"SFT2D1","SFT2D1",0.917758611031682,0.194127800621197,0.088,0.091,1
"AP2A1","AP2A1",0.917768875723857,0.162796725105008,0.161,0.163,1
"FARP2","FARP2",0.917961409968058,0.145125862694044,0.183,0.185,1
"ZNF2","ZNF2",0.918093637567757,-0.163688063685537,0.023,0.024,1
"HMCN2","HMCN2",0.918185042314094,0.39166848902867,0.011,0.01,1
"ENSG00000251357","ENSG00000251357",0.918305008285487,-0.421498501725387,0.016,0.015,1
"ENSG00000214559","ENSG00000214559",0.918462084203951,-0.187438852498879,0.013,0.012,1
"PTER","PTER",0.918536735994571,0.256238492862441,0.01,0.01,1
"SNX17","SNX17",0.919221255308059,0.13782470701994,0.037,0.037,1
"TRIM65","TRIM65",0.919587488048903,0.110553468252962,0.082,0.083,1
"ENSG00000224086","ENSG00000224086",0.919597979584793,0.554871060651766,0.01,0.01,1
"CASP8","CASP8",0.919810245550176,0.143838027591761,0.01,0.01,1
"ZNF253","ZNF253",0.919868459143324,0.308221809339807,0.094,0.095,1
"MCPH1-DT","MCPH1-DT",0.920087095510574,-0.111711663771426,0.009,0.01,1
"ENSG00000280683","ENSG00000280683",0.92015026482929,-0.43939417538509,0.011,0.011,1
"ZSCAN32","ZSCAN32",0.92026870708772,-0.163725147012469,0.024,0.025,1
"MAD2L1BP","MAD2L1BP",0.920303231861986,-0.277143683137947,0.009,0.01,1
"ENSG00000283408","ENSG00000283408",0.920447077670612,0.226784613203514,0.01,0.01,1
"ENSG00000271009","ENSG00000271009",0.920447077670612,0.610277607407317,0.01,0.01,1
"CYC1","CYC1",0.920463939819197,0.114651433768717,0.072,0.072,1
"TMEM121","TMEM121",0.920519374100829,0.112655020770467,0.009,0.01,1
"CYP2R1","CYP2R1",0.920994981889843,0.104817511282494,0.037,0.038,1
"ZNF41","ZNF41",0.921172439404403,0.129660249460207,0.047,0.048,1
"ST6GALNAC4","ST6GALNAC4",0.9213457606696,0.312329279837541,0.021,0.021,1
"PPP1R36","PPP1R36",0.921467344305319,0.221694222358628,0.011,0.01,1
"SP100","SP100",0.921535020649633,-0.258298696155538,0.012,0.012,1
"ENSG00000263923","ENSG00000263923",0.921603789998589,0.188471858765023,0.046,0.047,1
"NCOA3","NCOA3",0.921627485812806,0.142442175298265,0.195,0.198,1
"APOL2","APOL2",0.921902048606762,-0.152305740061206,0.056,0.055,1
"HOMER2","HOMER2",0.92202320581285,0.137678997920929,0.154,0.156,1
"ARHGAP15","ARHGAP15",0.92204420397757,-1.12379832951991,0.014,0.014,1
"CWC22","CWC22",0.922239221562155,0.258092998584885,0.1,0.1,1
"ENSG00000275239","ENSG00000275239",0.922464916567422,0.337818783016388,0.009,0.01,1
"PGAP6","PGAP6",0.922678685049938,0.239739571597827,0.036,0.037,1
"CADM2-AS2","CADM2-AS2",0.922698555540114,-0.193832368199576,0.011,0.01,1
"ISOC2","ISOC2",0.923022980131144,0.149198946083682,0.036,0.035,1
"KIZ","KIZ",0.923286524536734,0.129512048101064,0.282,0.296,1
"PLPPR5-AS1","PLPPR5-AS1",0.923377621827638,-0.476350945508915,0.01,0.01,1
"PROSER3","PROSER3",0.923499333723197,0.211340417684788,0.033,0.033,1
"HLA-DPB1","HLA-DPB1",0.923545974740699,0.296043498924726,0.009,0.01,1
"ZFP30","ZFP30",0.924218311077616,-0.195327983011683,0.119,0.12,1
"SH3TC2","SH3TC2",0.924545718824032,-0.125262845177628,0.011,0.01,1
"STAB2","STAB2",0.924627174148635,0.121554866303363,0.009,0.01,1
"TET3","TET3",0.924636565316865,0.176690065803264,0.175,0.178,1
"INA","INA",0.924718107386037,-0.38390588472048,0.012,0.012,1
"KCNV2","KCNV2",0.92475098448843,-0.150602539348783,0.011,0.01,1
"SPATA31H1","SPATA31H1",0.925492234029863,0.294490169132827,0.009,0.01,1
"CDKL4","CDKL4",0.925492234029863,0.49251991454978,0.009,0.01,1
"USP43","USP43",0.925492234029863,0.513605016487792,0.009,0.01,1
"ENSG00000167807","ENSG00000167807",0.925882469394066,-0.109087436238185,0.01,0.01,1
"EIF1","EIF1",0.92625506329196,0.158442038020471,0.211,0.217,1
"SMIM3","SMIM3",0.927006300207549,0.138465047373474,0.009,0.01,1
"KCND1","KCND1",0.927006300207549,0.486522151435326,0.009,0.01,1
"FBXW10","FBXW10",0.927222617083628,0.534972673033159,0.009,0.01,1
"SUGP1","SUGP1",0.927322711488979,0.162033616822125,0.106,0.106,1
"ENSG00000231595","ENSG00000231595",0.927516362752032,-0.400604752315959,0.012,0.012,1
"NENF","NENF",0.927614776220466,0.128353020992854,0.075,0.077,1
"CCZ1","CCZ1",0.928026841912648,0.214165788343432,0.075,0.075,1
"IWS1","IWS1",0.928294064738434,0.122768551271793,0.275,0.283,1
"HLA-F","HLA-F",0.928305409425237,-0.252994905569465,0.01,0.01,1
"RYR2","RYR2",0.928710492449584,1.86743625053355,0.032,0.032,1
"PDZD7","PDZD7",0.930251610935482,0.606159434096567,0.009,0.01,1
"ZNF773","ZNF773",0.930291194826246,0.176273654928254,0.032,0.031,1
"TNNT1","TNNT1",0.930403057034151,-0.210107303779529,0.011,0.011,1
"RAB15","RAB15",0.930898612632995,0.104219286731793,0.036,0.035,1
"ZNF212","ZNF212",0.931469184425666,0.167488769732296,0.038,0.039,1
"CRADD-AS1","CRADD-AS1",0.931515299765242,0.145265508736055,0.049,0.049,1
"MICAL1","MICAL1",0.931521026841988,0.479198550629236,0.01,0.01,1
"PAK5","PAK5",0.932565589870358,0.176708939381834,0.01,0.01,1
"NOL11","NOL11",0.933355929894358,-0.14639871115887,0.048,0.048,1
"ASB16-AS1","ASB16-AS1",0.933436078024316,0.175472808822889,0.034,0.035,1
"C12orf54","C12orf54",0.933610269041424,0.37330190509587,0.01,0.01,1
"KC6","KC6",0.93528199282177,0.432563061922823,0.01,0.01,1
"ENSG00000281028","ENSG00000281028",0.935846672437805,0.15529337112525,0.08,0.08,1
"SLC35B1","SLC35B1",0.935880014966882,0.237774887801793,0.049,0.049,1
"TARBP2","TARBP2",0.936171749299599,0.292400396430997,0.035,0.036,1
"GOLGA7B","GOLGA7B",0.936183164482574,0.108375787628025,0.213,0.216,1
"CCDC18","CCDC18",0.936405914263754,0.109919889715989,0.097,0.099,1
"ANK1","ANK1",0.936535973353632,0.479222830853812,0.01,0.01,1
"CEDORA","CEDORA",0.936670141976883,-0.114931609445367,0.011,0.011,1
"CNTFR-AS1","CNTFR-AS1",0.936744985499416,0.402579153428383,0.01,0.01,1
"MIEF1","MIEF1",0.937027692611959,-0.365633861113301,0.054,0.054,1
"INSYN2B","INSYN2B",0.937167868517088,0.507895318257107,0.027,0.026,1
"LINC00471","LINC00471",0.937319013785552,-0.261338337699565,0.011,0.012,1
"TINCR","TINCR",0.937333111581792,0.533394220645895,0.026,0.026,1
"MPV17L2","MPV17L2",0.937999149144718,0.479325199372132,0.01,0.01,1
"VAT1L","VAT1L",0.938879919581487,0.200861159033831,0.042,0.041,1
"PNPLA4","PNPLA4",0.939058956184999,0.315537924919825,0.029,0.029,1
"USH2A","USH2A",0.939647692690398,0.291943884402622,0.027,0.027,1
"CHRD","CHRD",0.94018189161446,0.268650631142036,0.029,0.029,1
"PLEKHM2","PLEKHM2",0.94093281511446,0.128568428431303,0.199,0.202,1
"CASP2","CASP2",0.941024050150188,-0.156962022987209,0.029,0.03,1
"THY1","THY1",0.941045347039673,-0.192773426584546,0.011,0.012,1
"ZNF470-DT","ZNF470-DT",0.941232043791908,0.185789079216968,0.052,0.051,1
"IFNLR1","IFNLR1",0.941394902909212,0.269157023235329,0.024,0.025,1
"TMEM134","TMEM134",0.941554953613135,0.197315159225455,0.081,0.082,1
"CMTM3","CMTM3",0.942334120130856,0.325382345544034,0.011,0.011,1
"UBQLN2","UBQLN2",0.942667070885858,0.126700901902267,0.051,0.05,1
"PSMC4","PSMC4",0.942831803547097,0.206351546747412,0.032,0.031,1
"ATP6V1G1","ATP6V1G1",0.942948494690928,0.177357463138532,0.067,0.068,1
"ENSG00000235848","ENSG00000235848",0.94314350469923,0.416367816954137,0.011,0.011,1
"ENSG00000278013","ENSG00000278013",0.943203293170826,-0.101465876114419,0.011,0.012,1
"TNFRSF21","TNFRSF21",0.943345860047338,0.733758352356913,0.011,0.011,1
"PDZD4","PDZD4",0.944554935370626,0.196735610615215,0.063,0.064,1
"ZNF726","ZNF726",0.944600138935326,0.251928919403204,0.025,0.026,1
"RABEP2","RABEP2",0.944713673215932,0.199236770497588,0.065,0.066,1
"PPP1R16B","PPP1R16B",0.945167221155134,0.66855434301291,0.011,0.011,1
"BOD1","BOD1",0.945850168054077,0.340336695502053,0.044,0.044,1
"SKIC8","SKIC8",0.946267588514412,0.186733594318955,0.13,0.131,1
"GLRA1","GLRA1",0.946381621743743,0.262319826243639,0.011,0.011,1
"TM9SF2","TM9SF2",0.946417192288112,0.164632291426201,0.193,0.196,1
"UPF1","UPF1",0.946513991015183,0.230389292192902,0.096,0.097,1
"ENSG00000257657","ENSG00000257657",0.946858477438451,0.29780310504446,0.041,0.041,1
"C10orf88","C10orf88",0.94714111833426,0.135132249877912,0.052,0.053,1
"SKP1","SKP1",0.947319751874523,0.155191843147352,0.15,0.153,1
"UTP11","UTP11",0.947543282817417,0.103677481140571,0.025,0.026,1
"KSR1","KSR1",0.947843280225712,0.13511886775151,0.195,0.201,1
"LMO2","LMO2",0.948680976211444,0.460047892371064,0.037,0.038,1
"RAP2B","RAP2B",0.948735801919231,-0.13253155986112,0.012,0.012,1
"LOC728743","LOC728743",0.949012464807959,-0.329712444854097,0.036,0.036,1
"SIRT6","SIRT6",0.949224074625107,-0.113836177069962,0.034,0.033,1
"OSGEPL1","OSGEPL1",0.949307468449337,0.405623243288613,0.036,0.037,1
"KDELR1","KDELR1",0.949435933551395,0.263100418616731,0.074,0.075,1
"ATP2C2","ATP2C2",0.949590341303076,-0.259760618647672,0.014,0.014,1
"SLC27A5","SLC27A5",0.949736673823192,0.42473037590567,0.046,0.047,1
"WASF1","WASF1",0.950091683621977,0.161342483035106,0.053,0.054,1
"SERTAD2","SERTAD2",0.950931649845489,0.174015782374935,0.132,0.133,1
"ENSG00000263990","ENSG00000263990",0.951691646081097,0.175387536384036,0.025,0.026,1
"ENSG00000258465","ENSG00000258465",0.952864352513583,0.290405396519256,0.054,0.055,1
"GRIN2D","GRIN2D",0.95301715876693,0.592538775295418,0.011,0.012,1
"PROCA1","PROCA1",0.953428644673403,0.301164928323689,0.027,0.026,1
"GAR1","GAR1",0.953809735659814,0.113337172348381,0.029,0.028,1
"ZNF618","ZNF618",0.954138910727053,0.318355050082238,0.047,0.048,1
"ETFB","ETFB",0.954179125947815,0.247280568908484,0.067,0.068,1
"KNTC1","KNTC1",0.954244667486273,0.193746098387173,0.043,0.043,1
"KLF16","KLF16",0.954984883117162,0.332280440041793,0.024,0.024,1
"ENSG00000268870","ENSG00000268870",0.955091041482025,0.159327773888331,0.042,0.041,1
"RHCG","RHCG",0.955142175619367,-0.112233510947135,0.033,0.033,1
"SMC2","SMC2",0.956184593355338,0.20658558664311,0.027,0.026,1
"ENSG00000229539","ENSG00000229539",0.957003703709356,-0.226062565414312,0.014,0.014,1
"MTCP1","MTCP1",0.957127756371781,0.429853637045905,0.012,0.012,1
"ZNF324B","ZNF324B",0.957509328841198,0.215705571355237,0.012,0.012,1
"APEX2","APEX2",0.95819393041346,0.103626272737833,0.013,0.013,1
"ARL3","ARL3",0.958552547672879,0.145736365703207,0.284,0.295,1
"PCDHB14","PCDHB14",0.958565204328574,0.103140235911783,0.013,0.013,1
"ZNF761","ZNF761",0.958864012207001,-0.16019183207314,0.054,0.054,1
"ARV1","ARV1",0.959337069417781,0.183156260268703,0.066,0.066,1
"LINC00842","LINC00842",0.960762161059416,0.227221985473844,0.078,0.08,1
"GEMIN2","GEMIN2",0.960791983594601,0.119178570922006,0.026,0.026,1
"ENSG00000272341","ENSG00000272341",0.960793032904129,0.132527400083247,0.013,0.013,1
"ZSCAN21","ZSCAN21",0.961034769225016,0.139272061749367,0.044,0.044,1
"ASIP","ASIP",0.961164367905405,0.285711155756076,0.013,0.013,1
"SOX9","SOX9",0.961407761477175,0.118615003984557,0.512,0.528,1
"MINDY2","MINDY2",0.961504987355556,0.104991920612776,0.178,0.183,1
"TWF1","TWF1",0.962217692018585,0.350741495247864,0.037,0.038,1
"ADAMTS6","ADAMTS6",0.962240573180605,0.32468729512527,0.023,0.023,1
"UNKL","UNKL",0.962253177846958,0.111052133889359,0.143,0.145,1
"CFAP52","CFAP52",0.962589142389285,0.497009506969206,0.022,0.022,1
"TPTE2","TPTE2",0.962716215684754,0.14518835594393,0.032,0.032,1
"ENSG00000214106","ENSG00000214106",0.962763386033462,0.114784203341985,0.082,0.082,1
"ENSG00000271344","ENSG00000271344",0.96287577582357,0.826312517708888,0.022,0.023,1
"SH2D4A","SH2D4A",0.963382333119726,-0.394039136985838,0.031,0.03,1
"POLR1C","POLR1C",0.963612011440419,-0.139392696274491,0.092,0.092,1
"ENSG00000263300","ENSG00000263300",0.963613571823142,0.532546939766324,0.024,0.024,1
"FRAS1","FRAS1",0.964058901383297,0.320478687577728,0.014,0.014,1
"EEF1B2","EEF1B2",0.964061637171868,-0.231941111072589,0.032,0.033,1
"PRRC2A","PRRC2A",0.965205250831013,0.140337760376101,0.202,0.205,1
"ENSG00000272030","ENSG00000272030",0.96532553287758,0.291846379589087,0.014,0.014,1
"ZIM2","ZIM2",0.965781229946671,0.165569290301434,0.026,0.026,1
"ZNF90","ZNF90",0.965831449215531,0.101150124624712,0.045,0.045,1
"COMMD2","COMMD2",0.966285420300918,0.301854315981128,0.054,0.055,1
"EARS2","EARS2",0.966698506550773,0.171248617774254,0.044,0.044,1
"ENSG00000257524","ENSG00000257524",0.966954187208992,0.29920516653522,0.014,0.014,1
"UCP3","UCP3",0.966954187208992,0.163711089015771,0.014,0.014,1
"MED1","MED1",0.967283658639375,0.140719467667468,0.087,0.089,1
"ADCY3","ADCY3",0.96729796377944,0.118918292769037,0.146,0.147,1
"DR1","DR1",0.968007144355747,0.105024963190056,0.075,0.076,1
"ENSG00000225146","ENSG00000225146",0.968023272624952,0.224743566524004,0.014,0.015,1
"ENSG00000263709","ENSG00000263709",0.968221014011581,0.205821012839728,0.014,0.014,1
"ABCB8","ABCB8",0.968449343127949,0.105610487433625,0.106,0.107,1
"THSD7B","THSD7B",0.968582979397135,0.205527795375188,0.014,0.014,1
"PXYLP1","PXYLP1",0.968690152020992,0.332441914189707,0.061,0.062,1
"DDX49","DDX49",0.968727137908974,0.196644309303139,0.044,0.044,1
"ATRIP","ATRIP",0.968858841031736,0.434042737353625,0.023,0.023,1
"SRF","SRF",0.969024657141144,0.114787269169034,0.025,0.025,1
"RAD51C","RAD51C",0.969414814284252,0.156013033837236,0.085,0.086,1
"SLC25A42","SLC25A42",0.970207263594924,0.147017289891206,0.161,0.165,1
"KIAA2012","KIAA2012",0.970392901923236,0.378114510667481,0.014,0.014,1
"UQCRFS1-DT","UQCRFS1-DT",0.970821799806973,0.778780375066919,0.013,0.013,1
"TACC3","TACC3",0.971093012293916,-0.105587900621922,0.015,0.015,1
"SLC6A16","SLC6A16",0.97131162418321,0.271180901167167,0.022,0.022,1
"RILP","RILP",0.971378421056794,0.189970587715268,0.014,0.015,1
"ARHGAP23","ARHGAP23",0.974095332041707,0.159069979242069,0.153,0.156,1
"BLVRB","BLVRB",0.974312278985258,0.153787477399205,0.067,0.068,1
"GEMIN4","GEMIN4",0.974557451007911,0.374214402174207,0.014,0.015,1
"IKBKE","IKBKE",0.976159476831087,0.217843836582226,0.022,0.021,1
"TIMM17B","TIMM17B",0.977247797305846,0.127613184474104,0.022,0.022,1
"MRPL42","MRPL42",0.977371497251486,0.109949845524514,0.13,0.131,1
"STPG1","STPG1",0.977465499007336,0.224809088404279,0.052,0.053,1
"ANAPC15","ANAPC15",0.97789042476978,0.155401616804401,0.016,0.016,1
"THAP4","THAP4",0.978208932129883,0.168026971674417,0.105,0.105,1
"UTP15","UTP15",0.978396625722522,0.160794974519477,0.016,0.016,1
"DGKA","DGKA",0.978406555659045,-0.245070451459853,0.028,0.028,1
"LRTM1","LRTM1",0.978475743410897,0.19190932018268,0.092,0.093,1
"GARIN2","GARIN2",0.97872036574693,0.534217088271325,0.014,0.014,1
"PIEZO2","PIEZO2",0.978920356452855,-0.126360843036533,0.024,0.024,1
"DNAJC17","DNAJC17",0.979155580141113,0.152642605936097,0.117,0.118,1
"VARS1","VARS1",0.979307801583609,0.197671967958869,0.045,0.046,1
"C2orf92","C2orf92",0.979339602898719,0.254621322076106,0.063,0.064,1
"DXO","DXO",0.979600924118292,-0.13738645476617,0.037,0.037,1
"HAS2-AS1","HAS2-AS1",0.979829905736807,0.207780805894162,0.021,0.021,1
"IRAG1-AS1","IRAG1-AS1",0.980024340364978,0.192035391822303,0.056,0.056,1
"MREG","MREG",0.980755044431401,0.301512959928688,0.042,0.042,1
"ZNF428","ZNF428",0.981168790749956,0.266493108545413,0.087,0.089,1
"LRFN1","LRFN1",0.98154787176544,-0.211501753519469,0.017,0.017,1
"LYSMD1","LYSMD1",0.981963080654333,0.215779942040103,0.015,0.015,1
"CETN2","CETN2",0.98211591177025,0.413429434255876,0.02,0.02,1
"HLA-C","HLA-C",0.982303540981382,-0.109969848051609,0.103,0.102,1
"RPP25L","RPP25L",0.982341492772634,0.245972107786749,0.021,0.021,1
"SUMO3","SUMO3",0.9826808267333,0.121918255057132,0.032,0.033,1
"ENSG00000271855","ENSG00000271855",0.982735336814507,0.186846276377143,0.016,0.017,1
"CCDC13","CCDC13",0.982768635025861,0.267770697649843,0.037,0.037,1
"ZSWIM3","ZSWIM3",0.98317607802795,-0.14459431685881,0.027,0.026,1
"LINC01600","LINC01600",0.983354516770709,0.331212515939145,0.045,0.046,1
"TSR3","TSR3",0.983463349055342,-0.17873815528517,0.025,0.025,1
"DHX16","DHX16",0.98363208340598,0.423628649673524,0.028,0.028,1
"SYN2","SYN2",0.983757568057993,0.14202885699411,0.022,0.022,1
"SEZ6L2","SEZ6L2",0.983843957152526,0.188621146398136,0.02,0.02,1
"ENSG00000225205","ENSG00000225205",0.98411382022147,-0.434292729891141,0.019,0.019,1
"PRRT3-AS1","PRRT3-AS1",0.984671462730394,-0.110375003409335,0.049,0.049,1
"ENSG00000253932","ENSG00000253932",0.984683917926177,0.554701076222885,0.018,0.018,1
"ZNF140","ZNF140",0.984696938925419,0.274519816018013,0.054,0.055,1
"PDPN","PDPN",0.984836735525504,0.367622503189053,0.071,0.072,1
"ZNF275","ZNF275",0.98556119312413,0.342165954322271,0.06,0.061,1
"UBXN10","UBXN10",0.985653029190365,0.173511635327714,0.016,0.016,1
"HNRNPUL1","HNRNPUL1",0.986143399036984,0.151837894958426,0.188,0.191,1
"C15orf61","C15orf61",0.986270910986047,-0.101722911864063,0.018,0.018,1
"LINC02693","LINC02693",0.987304470072705,0.12511279461478,0.049,0.049,1
"EMC6","EMC6",0.98751674343169,0.319137315167479,0.03,0.03,1
"RNF44","RNF44",0.987970108879286,0.120752028616018,0.072,0.072,1
"SDC2","SDC2",0.988187621259891,0.117938445992832,0.351,0.361,1
"PGRMC2","PGRMC2",0.988404240206466,0.151550366176313,0.09,0.09,1
"PRXL2C","PRXL2C",0.988577663011297,0.215749022865634,0.02,0.02,1
"NUDT13","NUDT13",0.988842822614036,0.148185413012883,0.021,0.021,1
"ZNF681","ZNF681",0.989064192236484,0.248646425768843,0.019,0.019,1
"FES","FES",0.989112932066687,0.511092660361334,0.016,0.016,1
"ENSG00000274322","ENSG00000274322",0.990396903898904,0.115902034315802,0.062,0.063,1
"NFKB1","NFKB1",0.990497901806204,0.144984461987428,0.252,0.262,1
"KIAA1191","KIAA1191",0.990504601890843,0.26584540495538,0.082,0.084,1
"CLN6","CLN6",0.990547589759478,0.431680520854924,0.016,0.016,1
"MAGEH1","MAGEH1",0.990665001482357,0.265514166255987,0.016,0.017,1
"HSPA13","HSPA13",0.990724317187361,0.149966969474895,0.078,0.079,1
"COX7A2","COX7A2",0.990805309635018,0.211674027749509,0.072,0.073,1
"ZMYM1","ZMYM1",0.99159175657524,0.221784792981955,0.089,0.09,1
"GSTK1","GSTK1",0.991927801474407,0.192758545329857,0.097,0.098,1
"KAT5","KAT5",0.992265314005291,0.177019399015325,0.062,0.063,1
"TOPORS","TOPORS",0.99227477287802,0.107426216931952,0.082,0.082,1
"ENSG00000283563","ENSG00000283563",0.99338494079913,0.222691071925848,0.037,0.037,1
"FBXL16","FBXL16",0.993386917867537,0.114564776374444,0.02,0.02,1
"P4HA3","P4HA3",0.993537211877874,-0.136054633942049,0.02,0.02,1
"C11orf96","C11orf96",0.993925529743,0.222127187959218,0.019,0.019,1
"SDHAF4","SDHAF4",0.994053710260523,0.232281421899167,0.034,0.035,1
"CBLL1","CBLL1",0.994282886342796,0.106952225863693,0.035,0.035,1
"GKAP1","GKAP1",0.994411038259943,0.104700718218886,0.267,0.277,1
"ABT1","ABT1",0.994417255590357,0.211667690114352,0.019,0.019,1
"MTNAP1","MTNAP1",0.994480685407001,0.156050881564561,0.065,0.065,1
"TRAPPC2L","TRAPPC2L",0.994658158155472,0.290750566799198,0.017,0.017,1
"ZNF846","ZNF846",0.994901305131183,0.113851922256833,0.16,0.163,1
"DUSP7","DUSP7",0.994981901739732,0.426080048244933,0.017,0.017,1
"NIT1","NIT1",0.994996755216178,-0.123092931826139,0.07,0.07,1
"PHF2","PHF2",0.995151244078102,0.280571296088329,0.128,0.131,1
"KBTBD6","KBTBD6",0.995228716429202,0.289368466255937,0.033,0.033,1
"LOC101929227","LOC101929227",0.996083792718136,-0.183001447644846,0.021,0.021,1
"DPM2","DPM2",0.996262532013342,0.180661944260457,0.036,0.036,1
"ENSG00000262049","ENSG00000262049",0.99639283528712,0.166070913130275,0.02,0.02,1
"PCMT1","PCMT1",0.996969758095663,0.105140514304688,0.115,0.115,1
"GPR146","GPR146",0.997146902671276,0.134998487735949,0.052,0.052,1
"ENSG00000265749","ENSG00000265749",0.99738103189083,0.235133135456776,0.018,0.018,1
"ARSB","ARSB",0.997397065691156,0.115160590609471,0.222,0.225,1
"CDK6","CDK6",0.997585767817892,0.244430673822774,0.019,0.019,1
"NEURL2","NEURL2",0.997601057368712,-0.353795205894377,0.022,0.021,1
"SH3BP4","SH3BP4",0.997675495578324,0.467078025559586,0.071,0.073,1
"ADRB2","ADRB2",0.998543123968226,0.522448367108594,0.017,0.017,1
"BLOC1S5-TXNDC5","BLOC1S5-TXNDC5",0.999218703775681,0.332553009473703,0.049,0.049,1
"INTS15","INTS15",0.999375343656806,0.219291817529252,0.068,0.069,1
