"","Gene_Symbol","p_val","avg_log2FC","pct.1","pct.2","p_val_adj"
"CARNS1","CARNS1",0,-1.43757931319958,0.294,0.583,0
"MIR219A2HG","MIR219A2HG",0,-1.85209195136103,0.277,0.564,0
"TP53TG5","TP53TG5",0,-1.98732519747466,0.166,0.451,0
"CIRBP","CIRBP",0,-1.2377690068025,0.322,0.593,0
"POLR2F","POLR2F",0,-1.35252149544049,0.398,0.666,0
"NAALADL2","NAALADL2",0,-1.05111531353539,0.465,0.73,0
"HSPA1A","HSPA1A",0,1.72769219259953,0.546,0.283,0
"KCNH8","KCNH8",0,-1.13016171125501,0.528,0.784,0
"MOBP","MOBP",0,-1.252252875369,0.484,0.725,0
"SLC38A2","SLC38A2",0,1.2564818478171,0.64,0.405,0
"SPOCK1","SPOCK1",0,-0.83832624706538,0.613,0.844,0
"PLEKHH1","PLEKHH1",0,-1.09265948650276,0.528,0.751,0
"PPP2R2B","PPP2R2B",0,-1.15844684441548,0.648,0.868,0
"ANK3","ANK3",0,-1.03053785107753,0.635,0.853,0
"TRIM2","TRIM2",0,-0.831463410057304,0.631,0.846,0
"PTPRD","PTPRD",0,-0.75770734268704,0.69,0.884,0
"ANK2","ANK2",0,-0.986210056767509,0.712,0.893,0
"CTNNA3","CTNNA3",0,-0.865658289110036,0.617,0.788,0
"FKBP5","FKBP5",0,1.02752195406126,0.845,0.695,0
"SIK3","SIK3",0,-0.865004853145353,0.867,0.936,0
"NEAT1","NEAT1",0,1.11312240929561,0.915,0.872,0
"CREB5","CREB5",8.7389343305108e-319,-0.917639286015224,0.598,0.812,2.33652887194867e-314
"HSPH1","HSPH1",6.6572591855198e-315,1.76656015553334,0.407,0.163,1.77995138843243e-310
"IL1RAPL1","IL1RAPL1",3.25071089715455e-306,-0.725690953020333,0.696,0.89,8.69142572572211e-302
"CNP","CNP",1.77966604291667e-296,-0.907993391223019,0.521,0.747,4.75829309894629e-292
"ZFYVE16","ZFYVE16",2.18831196486466e-292,-0.911484423433497,0.58,0.763,5.85088970045864e-288
"ENSG00000228651","ENSG00000228651",1.64362067010538e-291,2.58017503704883,0.298,0.091,4.39454858566074e-287
"LHFPL2","LHFPL2",2.92288305750573e-279,1.47537823378559,0.437,0.193,7.81491243085308e-275
"ENSG00000285218","ENSG00000285218",5.56523158226597e-279,-1.09304654837729,0.441,0.67,1.48797596815045e-274
"PHLDB1","PHLDB1",5.37203934236539e-271,-0.896601860118487,0.475,0.713,1.43632215896823e-266
"SEMA3B","SEMA3B",1.70192698628596e-270,-1.26411303280916,0.276,0.521,4.55044218323278e-266
"PDE4B","PDE4B",1.24199959390506e-268,-0.599923730394269,0.871,0.938,3.32073431422395e-264
"CLASP2","CLASP2",9.1764777329487e-264,-0.539311599776836,0.835,0.932,2.45351485145849e-259
"ITPR2","ITPR2",3.00361019781442e-262,1.08526106056978,0.637,0.385,8.0307525858964e-258
"MRPS6","MRPS6",7.38077643597046e-262,2.20028875122955,0.26,0.07,1.97339819568542e-257
"LMCD1-AS1","LMCD1-AS1",1.46546327316146e-261,-0.956327547764605,0.455,0.687,3.91820915345178e-257
"UNC5C","UNC5C",3.59845662260767e-261,-0.858963608978821,0.617,0.816,9.62119347186612e-257
"MOG","MOG",1.07695385215592e-258,-0.937563409587806,0.423,0.649,2.87945151450929e-254
"ENSG00000243444","ENSG00000243444",7.29242184155254e-254,-1.38042752644045,0.251,0.491,1.9497748277759e-249
"HSPA1B","HSPA1B",9.4062879150431e-249,1.88954130420618,0.304,0.103,2.51495919984507e-244
"AKAP6","AKAP6",2.26738195905154e-248,-0.681245405934963,0.639,0.841,6.0622991439161e-244
"PCDH9","PCDH9",1.73708990363012e-246,-0.546355793046629,0.734,0.914,4.64445727533586e-242
"CHI3L1","CHI3L1",1.58654487049977e-245,4.66342697468068,0.136,0.009,4.24194502025524e-241
"BCAS1","BCAS1",3.88773812831063e-244,-0.674076992229609,0.593,0.807,1.03946454336641e-239
"TJP1","TJP1",1.48111448145751e-243,-0.67414887833701,0.71,0.853,3.96005578907294e-239
"SORL1","SORL1",3.28977836666876e-240,0.96480755188262,0.659,0.46,8.79588041896228e-236
"PPFIA2","PPFIA2",5.28227148024248e-240,-0.985106162069015,0.398,0.635,1.41232092567243e-235
"HECW2","HECW2",2.25144273293357e-238,-0.884018925339223,0.456,0.683,6.01968243504448e-234
"PLP1","PLP1",5.4071116064287e-238,-0.649969319375406,0.637,0.825,1.44569943021084e-233
"AK5","AK5",5.65450208196518e-238,-0.963941469494053,0.448,0.666,1.51184422165503e-233
"ARHGAP15","ARHGAP15",7.22223123315405e-237,1.49946443974608,0.344,0.135,1.9310079648084e-232
"PTK2","PTK2",6.3155328880827e-234,-0.614223047938026,0.814,0.901,1.68858402828667e-229
"DLG2","DLG2",2.20792911648977e-230,-0.531052936788423,0.756,0.911,5.9033400787587e-226
"NKAIN2","NKAIN2",1.49050908375817e-228,-0.853352308412676,0.509,0.711,3.98517413724421e-224
"SLC24A2","SLC24A2",4.50436551928449e-226,-0.678643712478065,0.644,0.83,1.2043322088911e-221
"PLLP","PLLP",8.70939418854679e-226,-0.907754346294149,0.403,0.637,2.32863072419176e-221
"RUNX1","RUNX1",7.61354932954834e-224,1.47350272316431,0.374,0.167,2.03563468424134e-219
"PDE8A","PDE8A",1.35737239403347e-223,-0.744198484146938,0.72,0.826,3.62920656992729e-219
"TMEM144","TMEM144",4.99388098393481e-223,-0.757291342422028,0.58,0.748,1.33521395867465e-218
"HS3ST4","HS3ST4",8.9872589913768e-222,1.96558567878934,0.31,0.122,2.40292343652441e-217
"TUBA1A","TUBA1A",5.75864678224375e-221,-0.907043814995562,0.442,0.647,1.53968939016851e-216
"SCD5","SCD5",2.93584455709903e-220,-0.58754344575671,0.613,0.828,7.84956759231566e-216
"DOCK8","DOCK8",9.72954150223146e-218,1.45256660537833,0.327,0.129,2.60138751145162e-213
"ZNF536","ZNF536",1.91412222108786e-216,-0.714134773005532,0.565,0.755,5.1177885825226e-212
"CERCAM","CERCAM",2.38909301100349e-216,-0.901230967477454,0.459,0.679,6.38771798352002e-212
"PPP1R14A","PPP1R14A",2.50432904305902e-214,-1.12680100260771,0.3,0.517,6.69582456242691e-210
"ASTN2","ASTN2",5.12392000123461e-214,-0.800935653877986,0.436,0.667,1.3699824907301e-209
"FYB1","FYB1",1.23058173373679e-212,1.45986672826516,0.317,0.123,3.29020638149205e-208
"OGFRL1","OGFRL1",1.97834088747105e-212,1.59476081873378,0.328,0.137,5.28949003083134e-208
"LDB3","LDB3",4.52840685375029e-212,-1.03225339059133,0.305,0.526,1.21076014048722e-207
"APBB1IP","APBB1IP",1.23542601824312e-211,1.29334126599867,0.322,0.125,3.30315854497664e-207
"SFMBT2","SFMBT2",2.66540214455866e-209,1.02276478720033,0.628,0.445,7.12648571390648e-205
"TUBB4A","TUBB4A",2.09540956211869e-208,-1.07989297973755,0.295,0.516,5.60249654623675e-204
"COL4A5","COL4A5",2.5719073785571e-208,-0.827095325127033,0.425,0.638,6.87650875804812e-204
"DNM3","DNM3",1.36130195924183e-203,-0.496528946554375,0.734,0.899,3.63971304842489e-199
"CD74","CD74",2.63824738105694e-203,1.29778569322041,0.321,0.126,7.05388202273194e-199
"ENPP2","ENPP2",5.26326043160836e-203,-0.690281108694813,0.515,0.718,1.40723794159913e-198
"CHORDC1","CHORDC1",7.12527717244976e-203,1.4134435672712,0.379,0.184,1.90508535759789e-198
"TMEM165","TMEM165",1.15566073463805e-201,-0.641991670654866,0.763,0.845,3.08989010620175e-197
"CPED1","CPED1",1.35844819490198e-201,2.01682058548022,0.234,0.072,3.63208293870943e-197
"LINC02232","LINC02232",2.61004114331877e-199,1.71048242290349,0.246,0.079,6.9784670048914e-195
"LINC01630","LINC01630",8.02596005449802e-199,-1.24676150333292,0.244,0.452,2.14590093977114e-194
"TTLL7","TTLL7",5.18179934648012e-198,-0.605087136595897,0.622,0.825,1.38545769126839e-193
"PIK3AP1","PIK3AP1",2.535281781849e-197,1.89078267559816,0.242,0.079,6.77858290012966e-193
"OSBPL3","OSBPL3",2.00561247873731e-196,1.77051571012286,0.248,0.082,5.36240608439994e-192
"BNC2","BNC2",3.10099855365682e-196,1.66840931620874,0.275,0.102,8.29113983291225e-192
"ST6GAL1","ST6GAL1",3.74692299286148e-196,1.03590364607642,0.399,0.194,1.00181480060137e-191
"MS4A6A","MS4A6A",9.70869880283905e-196,1.96168888316343,0.223,0.067,2.59581479891508e-191
"PTPRC","PTPRC",3.83404744049496e-195,1.32378545859657,0.297,0.113,1.02510926416514e-190
"DNAJB6","DNAJB6",4.04547930492589e-194,1.07933231363861,0.509,0.316,1.08163980175804e-189
"MARCKSL1","MARCKSL1",8.59404574089855e-194,-0.877261145723994,0.346,0.561,2.29779000974404e-189
"QKI","QKI",1.16671305937289e-193,-0.392143472046978,0.988,0.992,3.1194407068453e-189
"ENOSF1","ENOSF1",4.40063443515894e-192,-1.07579407992755,0.298,0.506,1.17659762892845e-187
"IKZF1","IKZF1",4.54058538059548e-191,1.55620680901214,0.256,0.088,1.21401631320981e-186
"SYK","SYK",6.50424951766029e-190,1.32475511371826,0.281,0.103,1.73904119353683e-185
"NFATC2","NFATC2",2.64885481776786e-189,1.52124699593067,0.275,0.103,7.08224312626593e-185
"ABR","ABR",4.28063778903868e-188,1.3668171632886,0.385,0.198,1.14451412565527e-183
"MBP","MBP",1.77788309470391e-187,-0.586000283902678,0.869,0.902,4.75352603030984e-183
"KLHL32","KLHL32",2.01149163036e-187,-0.654512824424755,0.589,0.785,5.37812517209353e-183
"SKAP2","SKAP2",3.06696447956053e-187,1.4065981217467,0.331,0.149,8.20014292900099e-183
"INPP5D","INPP5D",2.18486219372938e-186,1.07219829474241,0.306,0.118,5.84166604737424e-182
"FLI1","FLI1",1.01208180968683e-185,1.45792179354115,0.267,0.097,2.70600313455967e-181
"SAMSN1","SAMSN1",5.08913356342587e-185,1.88363268364631,0.219,0.067,1.36068164085318e-180
"ARHGAP24","ARHGAP24",5.17986508712384e-185,1.30581359801784,0.36,0.173,1.3849405283443e-180
"IRAK3","IRAK3",1.33422954794911e-184,1.70332332066053,0.253,0.091,3.56732954235152e-180
"APBB2","APBB2",4.37881393572842e-184,-0.523012988243555,0.64,0.838,1.17076348199571e-179
"LPGAT1","LPGAT1",9.82216536083981e-183,-0.79716237824153,0.573,0.724,2.62615235252774e-178
"FAM13C","FAM13C",1.08212416904163e-182,-0.845674569032695,0.446,0.639,2.8932753907666e-178
"SAT1","SAT1",1.2481950898958e-182,1.57722759499423,0.334,0.156,3.3372992118544e-178
"ADAM28","ADAM28",1.90470067626872e-181,1.11890145109961,0.307,0.124,5.09259819813966e-177
"TBXAS1","TBXAS1",2.47023099392093e-181,1.30063069958861,0.335,0.154,6.60465660844639e-177
"TRPM2","TRPM2",4.53243307284763e-181,1.67595406451805,0.23,0.076,1.21183663068727e-176
"HCLS1","HCLS1",5.65684941561571e-181,1.57432418010449,0.245,0.085,1.51247182825317e-176
"CDKL1","CDKL1",2.39297371031994e-180,1.38121194315222,0.451,0.277,6.39809380928243e-176
"PIK3R5","PIK3R5",2.25945279789438e-179,1.60346849172499,0.237,0.08,6.04109894573019e-175
"HSPB1","HSPB1",1.03265368647115e-178,1.66926819462712,0.213,0.066,2.76100616151791e-174
"C3","C3",1.41504739356964e-178,1.20709322207511,0.288,0.112,3.78341221618714e-174
"ALOX5","ALOX5",1.87878240190755e-178,1.47491694855574,0.256,0.094,5.02330050798021e-174
"MYO1F","MYO1F",2.98896936130511e-178,1.36192415077734,0.277,0.107,7.99160738132148e-174
"SEPTIN7","SEPTIN7",8.92510050891142e-178,-0.626047536916214,0.742,0.832,2.38630412306765e-173
"NECAB1","NECAB1",1.52821352625405e-177,-0.973873691022528,0.339,0.536,4.08598450514545e-173
"PTPRK","PTPRK",1.57938793805903e-176,-0.551546848779596,0.633,0.828,4.22280952998843e-172
"ATP8A1","ATP8A1",1.77997691507788e-176,-0.571212834821511,0.649,0.809,4.75912427784372e-172
"FOLH1","FOLH1",1.81174253861658e-176,-0.90266850282073,0.328,0.535,4.84405602549916e-172
"PALD1","PALD1",2.12718113438471e-176,1.17304527277038,0.295,0.118,5.6874441990044e-172
"ROR1","ROR1",1.30034635667136e-175,-2.36564316290193,0.039,0.175,3.47673605383222e-171
"ENSG00000226994","ENSG00000226994",1.53845954071632e-175,-1.15666125546525,0.251,0.448,4.11337927401322e-171
"SEPTIN4","SEPTIN4",2.90345511622848e-175,-1.00281538151288,0.266,0.468,7.76296794426008e-171
"LINC01608","LINC01608",9.03933878115111e-175,-1.08466851130879,0.257,0.454,2.41684800991637e-170
"DOCK2","DOCK2",1.42936332611382e-174,1.31967170147782,0.321,0.147,3.82168872503053e-170
"OPALIN","OPALIN",2.30946214949828e-173,-1.58774195831541,0.126,0.298,6.17480894911356e-169
"LYN","LYN",4.67266949967763e-173,1.35460356207778,0.28,0.112,1.24933164412881e-168
"TFEC","TFEC",7.04287053552341e-173,1.61185913424726,0.214,0.067,1.88305229508289e-168
"UTRN","UTRN",1.80644035867222e-172,1.47030969246807,0.271,0.108,4.82987958698191e-168
"LAPTM5","LAPTM5",3.27216399581497e-172,1.42507500737253,0.24,0.083,8.74878487561047e-168
"FRMD5","FRMD5",3.37715486443548e-172,-0.520615264690054,0.654,0.846,9.02949896104113e-168
"MEF2C","MEF2C",1.26267646063055e-171,1.10619728203114,0.373,0.188,3.3760180527879e-167
"HHIP","HHIP",6.21158667318349e-171,-0.936378146951256,0.344,0.544,1.66079192880907e-166
"RNASE1","RNASE1",9.76803580538344e-171,-1.01004293080962,0.259,0.457,2.61167973328537e-166
"PIP4K2A","PIP4K2A",1.08540591240701e-170,-0.523535305193266,0.876,0.926,2.90204978800261e-166
"RBM47","RBM47",1.88309140015035e-170,1.64145789507139,0.253,0.096,5.034821476582e-166
"CSF1R","CSF1R",2.33903895895033e-170,1.06055698394885,0.286,0.112,6.25388846454551e-166
"ENSG00000285106","ENSG00000285106",4.21028173561716e-170,0.602303725817918,0.899,0.853,1.12570302765196e-165
"SCIN","SCIN",4.32964557433095e-170,1.49126673923121,0.224,0.073,1.15761733720887e-165
"SRGAP2B","SRGAP2B",5.66105736405906e-170,1.10272930419851,0.339,0.157,1.51359690742847e-165
"LRCH1","LRCH1",5.16009911383708e-169,1.40055562892781,0.334,0.162,1.37965570006662e-164
"AKAP13","AKAP13",8.88320167585261e-169,1.24080939082415,0.427,0.251,2.37510163207271e-164
"KCTD12","KCTD12",1.04877634035512e-168,1.70114027748067,0.202,0.061,2.80411330120748e-164
"ENSG00000230084","ENSG00000230084",1.54799224623182e-168,-1.45573550746226,0.266,0.44,4.13886686875001e-164
"MAG","MAG",2.40861798287083e-168,-0.698447003036134,0.397,0.613,6.43992190080174e-164
"SH3RF3","SH3RF3",3.23259950420403e-168,1.46409609554015,0.329,0.158,8.64300129439031e-164
"PTGES3","PTGES3",6.15209253882993e-168,0.987928495653358,0.528,0.358,1.64488498210696e-163
"CD53","CD53",8.41719380770697e-168,1.48030584769305,0.226,0.076,2.25050510836661e-163
"RUNX2","RUNX2",9.48754749466208e-168,1.63747472709217,0.293,0.131,2.5366855736478e-163
"ANKS1B","ANKS1B",2.1199713938295e-167,-0.515220062502618,0.65,0.843,5.66816751568194e-163
"CELF2","CELF2",3.10584002863945e-167,1.14652858652749,0.464,0.286,8.30408448457329e-163
"ENSG00000232104","ENSG00000232104",2.32330144110469e-166,-1.09145914891348,0.222,0.414,6.21181106308161e-162
"ENSG00000242759","ENSG00000242759",6.75151736394756e-166,-0.879671562047866,0.338,0.54,1.80515319759866e-161
"FNBP1","FNBP1",7.70332011448136e-166,-0.637792413091016,0.631,0.763,2.05963669900888e-161
"FMN1","FMN1",1.043491931616e-165,1.73162617491473,0.348,0.183,2.78998437756169e-161
"WDFY4","WDFY4",1.72365206216663e-165,1.33693546516731,0.242,0.087,4.60852851861492e-161
"LAT2","LAT2",1.3060428835712e-164,1.66727569902552,0.216,0.072,3.49196685780432e-160
"SLCO2B1","SLCO2B1",1.3453607392766e-164,1.0432603285364,0.286,0.116,3.59709100860386e-160
"MAGI2","MAGI2",1.50881161437274e-164,-0.464471067897277,0.698,0.885,4.0341096133484e-160
"CHST15","CHST15",2.91270382950174e-164,1.89335507494754,0.229,0.084,7.7876962289388e-160
"ARHGAP26","ARHGAP26",1.55068088925438e-162,1.19570323777943,0.415,0.241,4.14605549359943e-158
"FAM66D","FAM66D",2.7238385547555e-162,-1.18498009022603,0.194,0.374,7.28272714384977e-158
"TPD52L1","TPD52L1",4.88339125460825e-162,3.55893820920958,0.111,0.014,1.30567231974461e-157
"HLA-DQB1","HLA-DQB1",8.80786475352991e-162,2.51919939902034,0.128,0.022,2.35495879915129e-157
"SH3D19","SH3D19",8.93469730801334e-162,-0.642359701374436,0.55,0.731,2.38887001924353e-157
"ASPA","ASPA",1.09958481538592e-161,-1.0081438501034,0.24,0.433,2.93995992089733e-157
"CYP7B1","CYP7B1",1.40718489935913e-161,-1.16192715640477,0.208,0.393,3.76239026541649e-157
"FGFR2","FGFR2",2.98238049623356e-161,-0.709879093084553,0.441,0.634,7.97399073277967e-157
"CMTM5","CMTM5",8.44748639717584e-161,-1.40337640383976,0.131,0.298,2.2586044380129e-156
"CHST11","CHST11",3.22770070342737e-160,0.930521073210026,0.476,0.283,8.62990337075375e-156
"CPVL","CPVL",1.04943633670052e-159,1.71498597089387,0.217,0.076,2.80587793343619e-155
"NEDD4L","NEDD4L",1.05297940787742e-159,1.24068888839061,0.42,0.248,2.81535104284187e-155
"PARVG","PARVG",2.4015305527425e-159,2.0544657518476,0.159,0.039,6.42097223886761e-155
"ARAP2","ARAP2",4.40198041938564e-159,-0.614648705842875,0.729,0.831,1.17695750473114e-154
"SPP1","SPP1",6.1773737502025e-159,1.30612456265997,0.776,0.708,1.65164441959164e-154
"RHBDF2","RHBDF2",4.49653665218437e-158,1.06624435475592,0.275,0.111,1.20223900469454e-153
"ITPR1","ITPR1",1.21954629993232e-157,1.40463234846856,0.296,0.135,3.26070094212905e-153
"ATP10B","ATP10B",1.23257354074214e-157,-0.680935542282669,0.452,0.644,3.29553187588225e-153
"NCAM2","NCAM2",6.11161698523785e-157,-0.496597101999869,0.682,0.875,1.63406303334305e-152
"APOE","APOE",1.58249995816699e-156,1.54208841117508,0.367,0.203,4.23113013815107e-152
"RIN3","RIN3",1.96061013931528e-156,1.09147802017565,0.3,0.133,5.24208332948726e-152
"ERBB4","ERBB4",6.35796858781281e-156,-0.471810426319323,0.607,0.833,1.69993006132351e-151
"AATK","AATK",1.26462272793043e-155,-0.748552088712205,0.411,0.608,3.38122178766759e-151
"SLA","SLA",2.53933983860395e-155,1.49224187611812,0.219,0.077,6.78943292647537e-151
"MYO6","MYO6",3.16228519284816e-155,-0.576692975979567,0.592,0.75,8.45500192011813e-151
"S100B","S100B",1.36796051569686e-154,-0.835280409714676,0.403,0.582,3.65751603081868e-150
"ANO4","ANO4",1.5179966038228e-153,-0.786456212894294,0.431,0.621,4.05866751964102e-149
"LINC02882","LINC02882",2.09673289035907e-152,-1.06538275171835,0.212,0.396,5.60603472895304e-148
"CCDC88A","CCDC88A",4.30027187031979e-152,-0.437274794511977,0.827,0.909,1.1497636899674e-147
"GRM3","GRM3",9.91291901996061e-152,-0.67086605559766,0.467,0.656,2.65041715836687e-147
"CDC42BPA","CDC42BPA",7.01938279359296e-151,-0.5146691117809,0.65,0.823,1.87677237752295e-146
"STOX2","STOX2",8.95341479902672e-151,-0.84456208484869,0.342,0.529,2.39387451481577e-146
"SP100","SP100",2.51449456319506e-150,1.31652706667513,0.282,0.127,6.72300411361463e-146
"ANKRD17-DT","ANKRD17-DT",3.77664028834619e-150,-1.10696304838648,0.205,0.382,1.00976031389512e-145
"C1QB","C1QB",7.0642008626414e-150,1.13620879770602,0.25,0.099,1.88875538464443e-145
"SLC4A8","SLC4A8",7.13584504311726e-150,-1.02705307425058,0.294,0.47,1.90791088917826e-145
"TMEFF2","TMEFF2",8.64324573528918e-149,-0.739189377445661,0.527,0.699,2.31094461224427e-144
"CYFIP1","CYFIP1",1.05520296680226e-148,1.20029098080609,0.347,0.183,2.82129617233921e-144
"JAM3","JAM3",1.32272887848984e-148,-0.643074317510563,0.472,0.663,3.53658020241829e-144
"FOXP2","FOXP2",1.92541951821189e-148,1.28706654600845,0.262,0.11,5.14799416584312e-144
"RREB1","RREB1",2.14187822027278e-148,1.46029216006563,0.223,0.083,5.72673979754333e-144
"RNF220","RNF220",3.50386094631461e-148,-0.540491971198118,0.58,0.758,9.36827301216136e-144
"SDK1","SDK1",3.59853682458705e-148,1.33101827077589,0.334,0.172,9.62140790789838e-144
"STMN4","STMN4",5.80768639207367e-148,-1.26481059608744,0.225,0.388,1.55280111064874e-143
"ETS2","ETS2",1.58336881584016e-147,1.66237780005097,0.189,0.061,4.23345320291182e-143
"PLCG2","PLCG2",6.27750367165144e-147,0.552980384947446,0.694,0.521,1.67841615668945e-142
"TLR5","TLR5",7.78170466355839e-147,2.17706151797575,0.139,0.031,2.08059437589561e-142
"SGK1","SGK1",1.31513638517621e-146,-0.543156392134255,0.712,0.845,3.51628015304563e-142
"GRID1","GRID1",2.33401934423767e-146,-0.429856648549598,0.604,0.798,6.24046752068827e-142
"FCGR2A","FCGR2A",2.79754470243055e-146,1.59740480248226,0.178,0.054,7.47979527088855e-142
"NHSL1","NHSL1",5.84258918676545e-146,2.25416579706315,0.263,0.12,1.56213307086548e-141
"SHROOM4","SHROOM4",7.48192168367089e-146,-0.656566647445872,0.473,0.661,2.00044140056309e-141
"MYOF","MYOF",1.8039692238815e-145,1.64208244311357,0.191,0.063,4.82327251389196e-141
"GRID2","GRID2",4.24786656975087e-145,0.578492545434806,0.639,0.414,1.13575208475429e-140
"LURAP1L-AS1","LURAP1L-AS1",7.85508515427715e-145,-1.69628838195581,0.117,0.268,2.10021411769908e-140
"GREB1L","GREB1L",1.43849769901727e-144,-1.04414651149907,0.208,0.384,3.84611129786249e-140
"TLR2","TLR2",3.55571293679714e-144,1.15945060242612,0.237,0.091,9.5069096791145e-140
"BACH1","BACH1",8.56005778324368e-144,1.10620867594541,0.448,0.281,2.28870264950586e-139
"PNISR","PNISR",8.84393623930647e-144,0.533699697134162,0.793,0.694,2.36460323230337e-139
"SLC8A1","SLC8A1",3.01000200555812e-143,1.02804145633577,0.452,0.281,8.04784236226075e-139
"NCK2","NCK2",6.33294432355337e-143,1.45993385352937,0.317,0.164,1.69323932378846e-138
"ELAPOR2","ELAPOR2",9.06805884745689e-143,-0.766781967137133,0.378,0.559,2.42452689404455e-138
"DENND3","DENND3",1.92629567557327e-142,1.01428808216903,0.271,0.114,5.15033674778025e-138
"PTBP2","PTBP2",3.28209909248246e-142,-0.549733505938026,0.674,0.799,8.77534834357035e-138
"APOC1","APOC1",1.38562659295825e-141,1.83582657883692,0.172,0.052,3.70474982159248e-137
"HCK","HCK",1.48396507932547e-141,1.46113805631286,0.2,0.069,3.9676774325925e-137
"LY86","LY86",3.11109374550194e-140,1.08609051908693,0.235,0.091,8.31813134734853e-136
"ZFP36L1","ZFP36L1",4.68621393864066e-140,0.86740929753099,0.309,0.147,1.25295302077435e-135
"LOC107986448","LOC107986448",5.2210852507062e-140,-0.908065556139515,0.286,0.466,1.39596156348132e-135
"LINC03048","LINC03048",7.94783734006936e-140,-1.12122187737666,0.201,0.372,2.12501326961434e-135
"LINC00278","LINC00278",1.08568415115076e-139,1.67640460753423,0.179,0.057,2.90279371493179e-135
"IL18","IL18",1.37085563939986e-139,1.40722239133499,0.213,0.078,3.66525672306342e-135
"MAML2","MAML2",2.08190924591825e-139,0.827262390770303,0.712,0.592,5.56640075081161e-135
"OSBPL1A","OSBPL1A",2.54772628498922e-139,-0.583766680395938,0.653,0.772,6.81185576817568e-135
"ST18","ST18",9.07987516214996e-139,-0.534195529583227,0.581,0.751,2.42768622210404e-134
"RAPGEF1","RAPGEF1",1.13428363949009e-138,0.997712567239712,0.453,0.291,3.03273416690466e-134
"SYT11","SYT11",6.21653143473957e-138,-0.667166747573654,0.413,0.599,1.66211400970632e-133
"CIITA","CIITA",8.2012478971531e-138,1.34725949507179,0.219,0.083,2.19276765026183e-133
"RETREG1","RETREG1",1.5202067568656e-137,-0.752323639470299,0.371,0.553,4.06457680583156e-133
"GPRIN3","GPRIN3",3.45097074073265e-137,1.42887323034252,0.241,0.101,9.2268604694969e-133
"CYBA","CYBA",3.71025236312237e-137,1.38639774678096,0.193,0.066,9.92010174328028e-133
"LOC101928893","LOC101928893",5.98039258363145e-137,1.71059622172534,0.178,0.057,1.59897756508554e-132
"LRMDA","LRMDA",8.17367410149186e-137,0.83944896913939,0.489,0.322,2.18539524451588e-132
"CNTNAP4","CNTNAP4",1.52787854474452e-136,-0.69341278282321,0.412,0.599,4.08508886508341e-132
"CD86","CD86",1.5473251300921e-136,1.36344387323304,0.208,0.077,4.13708320032724e-132
"ANAPC16","ANAPC16",2.19016432199535e-136,0.801381645267255,0.561,0.405,5.85584234771896e-132
"HS3ST5","HS3ST5",2.46286203638256e-136,-0.846462915596768,0.354,0.53,6.58495422667605e-132
"FRMD4B","FRMD4B",8.1284459451716e-136,-0.4833221384155,0.799,0.871,2.17330259236053e-131
"STIP1","STIP1",1.23578007248191e-135,1.28306326377468,0.299,0.148,3.30410517979489e-131
"KLHL6","KLHL6",1.35779118989896e-135,1.97664921311243,0.148,0.04,3.63032630443285e-131
"PSD3","PSD3",1.4518113319488e-135,-0.612143019989669,0.548,0.706,3.88170795823151e-131
"TSPAN14","TSPAN14",2.66175374285047e-135,1.11516169407591,0.311,0.157,7.11673098225931e-131
"TLR1","TLR1",2.81764560701985e-135,1.54731216359497,0.203,0.075,7.53353905948897e-131
"ENSG00000239521","ENSG00000239521",4.0224511221984e-135,-0.697246763884428,0.418,0.591,1.07548275654219e-130
"FUT8","FUT8",6.10856599730658e-135,-0.58144749529655,0.697,0.805,1.63324729069986e-130
"TGFBR2","TGFBR2",7.7422226078722e-135,1.28787677771263,0.243,0.103,2.07003805866679e-130
"CCND3","CCND3",1.7322388055731e-134,1.3132890469673,0.311,0.159,4.63148689446079e-130
"ABCC4","ABCC4",3.22185416797482e-134,0.957331120007155,0.293,0.138,8.61427148891427e-130
"ETV6","ETV6",5.23178504712442e-134,1.14379649386091,0.46,0.31,1.39882236804966e-129
"ST8SIA4","ST8SIA4",9.82621248884689e-134,1.41129999372675,0.201,0.074,2.62723443314299e-129
"SEM1","SEM1",1.10760008506153e-133,0.947325233933519,0.505,0.355,2.96139034742902e-129
"MAL","MAL",1.24082224526594e-133,-0.705437048667032,0.32,0.511,3.31758643716755e-129
"MGAT4A","MGAT4A",2.3425366581997e-133,1.10822335675041,0.454,0.3,6.26324026302854e-129
"ATP8B4","ATP8B4",2.39184428916633e-133,0.773107997505928,0.275,0.119,6.39507407594401e-129
"FAM149A","FAM149A",5.94718549744e-133,1.16110672763367,0.25,0.107,1.59009898645053e-128
"HSP90AA1","HSP90AA1",7.15453934437508e-133,0.697586019274499,0.841,0.782,1.91290918450557e-128
"DOCK11","DOCK11",1.76594357356737e-132,1.20559569051675,0.321,0.169,4.72160333264707e-128
"EPB41","EPB41",2.15055379270904e-132,1.4554867709084,0.229,0.095,5.74993567556617e-128
"S100A6","S100A6",2.63872201701528e-132,1.85039762335314,0.193,0.071,7.05515105689376e-128
"BANP","BANP",3.27494678479506e-132,1.01967283164968,0.379,0.218,8.75622521850655e-128
"SEMA6A","SEMA6A",3.70133554775861e-132,-0.590593092360252,0.472,0.655,9.89626085404219e-128
"PPP1R16B","PPP1R16B",6.430811962815e-132,-0.674029677643373,0.404,0.588,1.71940619449785e-127
"CARD11","CARD11",7.75725672349018e-132,1.52222073192014,0.174,0.057,2.07405773015957e-127
"CKB","CKB",1.20798189657443e-131,-0.728251495364344,0.375,0.551,3.22978119687106e-127
"MIR325HG","MIR325HG",1.29053418816302e-131,-1.15177796006393,0.19,0.35,3.45050125889146e-127
"MAN1A1","MAN1A1",6.92129201535465e-131,1.54494237791602,0.186,0.065,1.85054584614537e-126
"DNAJC6","DNAJC6",1.00692538692321e-130,-0.436683047934492,0.593,0.783,2.69221640701657e-126
"PALM2AKAP2","PALM2AKAP2",1.32143830475916e-130,-1.15670681871422,0.158,0.317,3.53312959543457e-126
"CLDND1","CLDND1",1.37553162678693e-130,-0.542186322517004,0.499,0.676,3.67775891054022e-126
"UNC79","UNC79",2.32689578026586e-130,-0.879799957319733,0.292,0.463,6.22142124769683e-126
"SLC6A1","SLC6A1",2.34800340749414e-130,-0.730479506759882,0.315,0.497,6.27785671061709e-126
"RAPGEF5","RAPGEF5",3.58781633454736e-130,-0.539588222506876,0.496,0.682,9.59274453367926e-126
"HLA-DRA","HLA-DRA",3.97563477976613e-130,1.37329283175511,0.206,0.078,1.06296547106607e-125
"MBNL1","MBNL1",8.92098282201104e-130,0.565631291558811,0.859,0.797,2.38520317712109e-125
"ALOX5AP","ALOX5AP",9.57926584599156e-130,1.86616855974517,0.144,0.039,2.56120830924276e-125
"ARHGAP21","ARHGAP21",1.18507924515325e-129,-0.406344281039039,0.843,0.912,3.16854637776624e-125
"SH3KBP1","SH3KBP1",1.44441134433103e-129,0.672762971505076,0.685,0.563,3.86192261133788e-125
"SLCO3A1","SLCO3A1",2.11037192209811e-129,-0.580079637026918,0.533,0.7,5.64250140811372e-125
"ABCA2","ABCA2",2.58420219049194e-129,-0.496771568266002,0.541,0.735,6.90938139671829e-125
"MERTK","MERTK",3.67164734671479e-129,1.58367853098839,0.212,0.085,9.81688351091133e-125
"NRXN3","NRXN3",7.16079628198346e-129,-0.686404529627302,0.571,0.728,1.91458210191392e-124
"FOXP1","FOXP1",7.79973001995227e-129,0.592502495003734,0.819,0.749,2.08541381543464e-124
"ALPK1","ALPK1",8.28315340026988e-129,1.2702685170883,0.207,0.078,2.21466672463016e-124
"PACS1","PACS1",1.06558209400838e-128,0.976458530509291,0.427,0.265,2.84904684475021e-124
"MTMR7","MTMR7",2.98323144497805e-128,-0.813777085436426,0.301,0.473,7.97626591443782e-124
"SLC22A15","SLC22A15",3.03045329304013e-128,-0.691557948344867,0.435,0.598,8.10252296960141e-124
"CD163","CD163",3.26357811379492e-128,2.69504891006629,0.124,0.029,8.72582880285347e-124
"SH3GL3","SH3GL3",3.73485217142103e-128,-0.561220008518259,0.503,0.685,9.98587425072841e-124
"LIPA","LIPA",4.61121124146547e-128,-0.682049127940345,0.476,0.625,1.23289954963062e-123
"DMD","DMD",5.70350376479419e-128,-0.567525535523902,0.506,0.69,1.52494580159302e-123
"MSRA","MSRA",1.19671199151167e-127,0.987249817979133,0.473,0.322,3.19964885170475e-123
"COBL","COBL",2.92821529561681e-127,-0.456327908885106,0.587,0.781,7.82916923589068e-123
"SLC2A5","SLC2A5",4.46694871913247e-127,1.17325425129353,0.218,0.086,1.19432807903445e-122
"MYRF","MYRF",6.02044170451207e-127,-0.614679636187609,0.411,0.598,1.60968549853539e-122
"SRGAP2","SRGAP2",1.23575429655465e-126,0.967712095013192,0.518,0.375,3.30403626269816e-122
"FGD2","FGD2",1.82925890089105e-126,1.20725787824569,0.198,0.072,4.89088952331239e-122
"C1QC","C1QC",2.20697620741419e-126,1.17042975243902,0.2,0.074,5.90079228576333e-122
"LILRB1","LILRB1",4.43060525511468e-126,1.75828246005802,0.133,0.034,1.18461092706001e-121
"EXOC6B","EXOC6B",6.17343799492782e-126,-0.533877964729756,0.777,0.862,1.65059211670385e-121
"DIAPH2","DIAPH2",1.55534087435987e-125,0.884781811791147,0.463,0.302,4.15851489577599e-121
"ABHD3","ABHD3",3.10973148583122e-125,1.40355587215184,0.258,0.121,8.31448907366694e-121
"LRRK1","LRRK1",5.24678908321723e-125,1.04623514859652,0.252,0.112,1.40283399717979e-120
"VSIR","VSIR",5.79289700012868e-125,1.04207747032216,0.234,0.098,1.5488468709244e-120
"GPM6B","GPM6B",6.49152711957792e-125,-0.400458635797499,0.686,0.869,1.73563960596155e-120
"MAP3K5","MAP3K5",1.03233590218241e-124,0.931685283680641,0.381,0.219,2.7601565016651e-120
"AOPEP","AOPEP",1.0937469236816e-124,-0.488438992959655,0.647,0.793,2.92435114984749e-120
"ZFHX4","ZFHX4",2.61406278620061e-124,-0.654350259216501,0.368,0.553,6.98921967146457e-120
"PRKAG2","PRKAG2",3.98104924183846e-124,1.0676681314117,0.309,0.162,1.06441313579035e-119
"TECPR2","TECPR2",5.74199214939346e-124,-0.698859319700836,0.396,0.56,1.53523644098333e-119
"VSIG4","VSIG4",1.5368168180832e-123,1.61557703859508,0.149,0.044,4.10898712650906e-119
"HERPUD1","HERPUD1",1.72802244865179e-123,1.26139396139712,0.272,0.133,4.62021362096028e-119
"HLA-DRB1","HLA-DRB1",5.66408454530149e-123,1.48859739450861,0.184,0.066,1.51440628487726e-118
"ARHGAP25","ARHGAP25",5.93570002207092e-123,1.15026084680113,0.21,0.082,1.5870281149011e-118
"ADCY7","ADCY7",1.81784003240021e-122,1.46582010226951,0.176,0.061,4.86035889462845e-118
"NRBP2","NRBP2",2.11968575235121e-122,-1.18246893978483,0.151,0.298,5.66740379606143e-118
"PPP2R3A","PPP2R3A",2.24655492505622e-122,-0.795626368989864,0.316,0.486,6.0066139031228e-118
"APLP1","APLP1",2.47600188176566e-122,-0.460345171450566,0.499,0.693,6.62008623127685e-118
"ENTPD1","ENTPD1",2.62959551118924e-122,1.00054596096698,0.253,0.113,7.03074951826667e-118
"UGCG","UGCG",4.83373439794246e-122,1.62387499624843,0.242,0.112,1.29239556597788e-117
"LANCL1","LANCL1",5.25452876793076e-122,-0.514973271984247,0.509,0.692,1.40490335668165e-117
"KIF6","KIF6",9.93034379550111e-122,-0.658947726646159,0.357,0.536,2.65507602060313e-117
"LINC00609","LINC00609",2.95312867881631e-121,-0.663781408758128,0.396,0.573,7.89578014855116e-117
"DLG1","DLG1",1.02239407500578e-120,-0.45355581451899,0.791,0.88,2.73357503834295e-116
"RUBCNL","RUBCNL",1.34753132262521e-120,1.50547266975361,0.185,0.069,3.60289449730303e-116
"ENSG00000268797","ENSG00000268797",1.78559641326233e-120,-1.24276528907847,0.115,0.255,4.77414913013949e-116
"ANOS1","ANOS1",4.46536623319647e-120,1.3097269754252,0.228,0.1,1.19390496976974e-115
"ZFHX3","ZFHX3",4.56503357774998e-120,1.1333936542607,0.427,0.288,1.22055302768301e-115
"GALNT13","GALNT13",6.90761868095809e-120,-0.58951721256754,0.39,0.578,1.84689000672777e-115
"C1QA","C1QA",9.10176625583747e-120,1.25026657136128,0.186,0.068,2.43353924382326e-115
"SVEP1","SVEP1",3.47176282069737e-119,-1.53604168287104,0.109,0.242,9.28245225369856e-115
"IL13RA1","IL13RA1",3.4042414817329e-118,1.37078768744226,0.224,0.098,9.10192044970926e-114
"FBXO7","FBXO7",4.47336162951432e-118,-0.751005591804498,0.321,0.483,1.19604269888324e-113
"CTSS","CTSS",4.56943137828872e-118,1.53822943794437,0.163,0.055,1.22172886761305e-113
"PHLPP1","PHLPP1",4.77703217246425e-118,-0.400302522204775,0.713,0.866,1.27723509195177e-113
"LINC01736","LINC01736",7.82511579846502e-118,2.11723959551437,0.111,0.024,2.09220121103559e-113
"PLSCR1","PLSCR1",9.84213614829598e-118,1.52794676859893,0.182,0.068,2.6314919419699e-113
"AGPAT4","AGPAT4",1.12147566254644e-117,-0.664093612887821,0.48,0.627,2.99848947895041e-113
"LCP2","LCP2",1.17108512248161e-117,1.61076028627453,0.16,0.053,3.13113029197907e-113
"SMAP2","SMAP2",1.31414140574882e-117,1.07243866807098,0.403,0.26,3.51361987655062e-113
"SLC48A1","SLC48A1",1.33718290009233e-117,-0.861031759492688,0.266,0.431,3.57522591997685e-113
"CNDP1","CNDP1",1.4428057092316e-117,-0.558591388949556,0.421,0.601,3.85762962477252e-113
"CTSC","CTSC",2.46558791281731e-117,1.44365227171004,0.18,0.066,6.59224240249965e-113
"RCSD1","RCSD1",2.52061118416013e-117,1.03792822392922,0.212,0.086,6.73935812308894e-113
"LINC02910","LINC02910",3.44767093391151e-117,1.08914587867895,0.285,0.143,9.2180377759992e-113
"CPA6","CPA6",4.34810909763777e-117,2.4945649704565,0.106,0.022,1.16255392943541e-112
"RASGRF2","RASGRF2",4.48353796986015e-117,-0.750891153206321,0.361,0.526,1.19876354700151e-112
"TMTC2","TMTC2",6.1098859866578e-117,-0.501865830292267,0.611,0.752,1.6336002162527e-112
"IRS2","IRS2",8.40606335562107e-117,0.910744538772932,0.45,0.299,2.24752915939241e-112
"TBC1D1","TBC1D1",1.62905565793823e-116,1.13201559058246,0.319,0.176,4.35560611262945e-112
"BMP2K","BMP2K",1.6710059999673e-116,1.03026538750144,0.483,0.346,4.46776874211257e-112
"FTCDNL1","FTCDNL1",1.70189559120893e-116,-0.87935219170747,0.247,0.407,4.55035824221532e-112
"HSP90AB1","HSP90AB1",2.86619052409518e-116,0.803120715592772,0.6,0.481,7.66333360427327e-112
"LOC100507336","LOC100507336",3.79443766818347e-116,-1.05087523514338,0.161,0.31,1.01451879934221e-111
"NALCN","NALCN",3.94657099679174e-116,-0.453300827432977,0.568,0.752,1.05519468741221e-111
"FAM107B","FAM107B",7.09028527118937e-116,-0.53150449133193,0.531,0.684,1.8957295729579e-111
"CEBPD","CEBPD",8.8490781230754e-116,1.24623744025294,0.226,0.099,2.36597801776667e-111
"PDE3B","PDE3B",1.84989465954476e-115,1.17169227528507,0.275,0.139,4.94606335122481e-111
"RGS10","RGS10",5.63862373973803e-115,1.33001679686654,0.175,0.063,1.50759882929376e-110
"CCDC122","CCDC122",5.68682482106309e-115,-1.03138851720746,0.153,0.3,1.52048635240764e-110
"MAF","MAF",5.89776008619308e-115,1.30720046296337,0.266,0.132,1.57688411424544e-110
"SAMD4B","SAMD4B",9.55121203214773e-115,-0.673948382162236,0.412,0.569,2.55370756103534e-110
"ENSG00000249141","ENSG00000249141",2.24509481472511e-114,1.745358014772,0.139,0.041,6.00271000613053e-110
"DSCAML1","DSCAML1",3.29693345464779e-114,-0.416802374219007,0.607,0.792,8.8150109776918e-110
"SH3TC2-DT","SH3TC2-DT",4.03192608807564e-114,-1.18566782408393,0.147,0.287,1.07801607816878e-109
"VAV1","VAV1",4.08446193976354e-114,1.35789597307976,0.176,0.064,1.09206258883458e-109
"HLA-DPA1","HLA-DPA1",5.50668912845358e-114,1.46382651265035,0.162,0.055,1.47232347227463e-109
"PRKCE","PRKCE",9.56630270763704e-114,0.841923594916437,0.56,0.417,2.55774235494091e-109
"IL17RA","IL17RA",3.04518252207018e-113,1.10825473354863,0.309,0.171,8.14190450925904e-109
"FCGBP","FCGBP",7.67545065029557e-113,1.69096447180408,0.122,0.032,2.05218524036953e-108
"MTHFD1L","MTHFD1L",2.22850811691175e-112,1.10873095857336,0.417,0.281,5.95836215218693e-108
"GALNT2","GALNT2",2.40425026570161e-112,0.947970740948597,0.494,0.359,6.42824393540641e-108
"MCF2L","MCF2L",4.16708365624871e-112,0.778988939435537,0.501,0.352,1.11415315717122e-107
"PXK","PXK",4.547551618158e-112,-0.420950133142485,0.639,0.786,1.2158788761469e-107
"LPP","LPP",1.18020476024375e-111,0.624107999394785,0.73,0.633,3.15551346746372e-107
"DANT2","DANT2",2.01277154102122e-111,-0.808300234371978,0.293,0.451,5.38154726922844e-107
"CTBP2","CTBP2",6.48354897354413e-111,0.771168596276661,0.581,0.457,1.73350648905649e-106
"TPT1","TPT1",6.54008443578554e-111,0.927482039337392,0.46,0.318,1.74862237559598e-106
"KCNMA1","KCNMA1",6.74198501669648e-111,1.02890504576221,0.479,0.323,1.80260453391414e-106
"TMEM176B","TMEM176B",7.23729348190667e-111,1.94574435105702,0.131,0.038,1.93503515825739e-106
"RYR1","RYR1",1.24992989417243e-110,1.18488407203187,0.222,0.099,3.34193755804883e-106
"SORCS2","SORCS2",1.27486678474606e-110,-0.694227841420441,0.305,0.473,3.40861132237553e-106
"CACNA2D1","CACNA2D1",1.44832550057458e-110,-0.467939602370414,0.556,0.732,3.87238789088626e-106
"TNS3","TNS3",6.6166667722784e-110,1.11876269881702,0.353,0.213,1.76909819490407e-105
"ERMN","ERMN",9.18715409326644e-110,-0.584428141684192,0.366,0.542,2.45636938991665e-105
"MMADHC-DT","MMADHC-DT",1.40564712651073e-109,-1.2366442428984,0.119,0.25,3.75827872215173e-105
"EDIL3","EDIL3",2.58554115512587e-109,-0.334237209116769,0.668,0.86,6.91296138646005e-105
"SPI1","SPI1",4.04582071949129e-109,1.45057436603358,0.155,0.053,1.08173108577039e-104
"TYROBP","TYROBP",5.90369538063954e-109,1.35633166690061,0.153,0.051,1.57847103392159e-104
"LINGO1","LINGO1",7.35977373698083e-109,-1.03591059429746,0.209,0.355,1.96778270405656e-104
"CD14","CD14",7.56925585162314e-109,1.5291470192148,0.154,0.053,2.02379193704848e-104
"LINC00320","LINC00320",1.23562448644514e-108,-0.766980882733083,0.323,0.484,3.30368918940837e-104
"PLA2G4A","PLA2G4A",2.12946392563159e-108,1.12606604605217,0.185,0.071,5.69354769796119e-104
"KCNQ1","KCNQ1",3.37605492453755e-108,1.14108808486582,0.309,0.174,9.02655805173604e-104
"S100A11","S100A11",3.42842416488067e-108,1.6659637407359,0.132,0.039,9.16657768964145e-104
"CEBPB","CEBPB",3.72558543414967e-108,1.49332329911996,0.143,0.046,9.96109777528597e-104
"SLAIN1","SLAIN1",4.50966196311577e-108,-0.412697215493354,0.653,0.826,1.20574831907826e-103
"AGAP1","AGAP1",4.57726899288696e-108,-0.351138371653442,0.753,0.885,1.22382441062819e-103
"NCKAP1L","NCKAP1L",4.63090293079544e-108,1.08539282618258,0.193,0.076,1.23816451660678e-103
"FRMD4A","FRMD4A",5.2120825736673e-108,0.982708287664338,0.605,0.511,1.39355451772143e-103
"CDH11","CDH11",8.45993331237815e-108,-0.899324960604587,0.216,0.367,2.26193236973055e-103
"TNFRSF10D","TNFRSF10D",1.4126954745646e-107,2.11376088720031,0.098,0.02,3.77712389034337e-103
"C17orf67","C17orf67",1.52741249817559e-107,1.85241707326504,0.126,0.036,4.08384279637207e-103
"ZNF280D","ZNF280D",1.58126461581471e-107,-0.657497676601431,0.408,0.567,4.22782720330379e-103
"GLRX","GLRX",1.96004750030709e-107,1.86166742262771,0.141,0.046,5.24057900157106e-103
"CTSB","CTSB",3.69454449064447e-107,1.03883078528206,0.329,0.193,9.87810360463611e-103
"S100A4","S100A4",4.86147041579085e-107,2.92294180432235,0.08,0.012,1.29981134507e-102
"LINC02798","LINC02798",5.94236127265699e-107,0.915431388249592,0.267,0.133,1.5888091334703e-102
"TNFAIP8","TNFAIP8",7.29602829779913e-107,1.65452278980564,0.149,0.051,1.95073908598255e-102
"CMTM7","CMTM7",1.63035092751701e-106,1.35339819616373,0.166,0.061,4.35906927490223e-102
"ABCA8","ABCA8",2.49065019556119e-106,-0.518430464096298,0.41,0.594,6.65925142787195e-102
"ENSG00000237166","ENSG00000237166",2.83811846982465e-106,-1.36812891079839,0.083,0.201,7.58827735277017e-102
"CCDC200","CCDC200",3.07823038263896e-106,-1.16579164311517,0.196,0.334,8.23026457406178e-102
"TSC22D4","TSC22D4",3.97186441257595e-106,-0.584782387114427,0.429,0.586,1.06195738799043e-101
"SH3TC1","SH3TC1",4.18010811414952e-106,1.18064362578187,0.17,0.063,1.11763550648016e-101
"PELI1","PELI1",4.297175122869e-106,0.859858093724992,0.475,0.332,1.14893571260149e-101
"LAIR1","LAIR1",4.39973514470419e-106,1.47617756764675,0.141,0.045,1.17635718563956e-101
"SPOCK3","SPOCK3",6.31408577733352e-106,-0.380000625630089,0.633,0.821,1.68819711428566e-101
"CAMK1D","CAMK1D",8.75962997152091e-106,0.932856981713737,0.336,0.195,2.34206226548555e-101
"RASSF4","RASSF4",1.3665063904586e-105,0.791883997788942,0.541,0.419,3.65362813616915e-101
"GPR65","GPR65",2.63060007180221e-105,2.08749213430389,0.098,0.021,7.03343541197756e-101
"PARP8","PARP8",3.66791446982274e-105,1.0046222044577,0.31,0.173,9.80690291796505e-101
"TGFBR1","TGFBR1",4.88081227827209e-105,1.22151654090161,0.313,0.183,1.30498277884161e-100
"ARRB2","ARRB2",1.15514852786142e-104,1.1052661403489,0.23,0.107,3.08852061894308e-100
"TM6SF1","TM6SF1",1.19881384687876e-104,1.25698664479516,0.174,0.067,3.20526858239973e-100
"LPCAT2","LPCAT2",1.20626432115848e-104,0.986271761789863,0.378,0.241,3.22518891548144e-100
"NUPR1","NUPR1",1.42268416787899e-104,1.67288738104225,0.165,0.063,3.80383065965807e-100
"RHOU","RHOU",1.73577595402179e-104,-0.741248544995225,0.325,0.482,4.64094416826806e-100
"PCBP4","PCBP4",2.55804386821228e-104,-0.882596509789803,0.206,0.354,6.83944189043918e-100
"NFASC","NFASC",5.93235560052061e-104,-0.35430331634192,0.562,0.751,1.5861339169112e-99
"SHOC1","SHOC1",6.64515884387819e-104,2.07715795138962,0.143,0.049,1.77671612008771e-99
"HLA-DPB1","HLA-DPB1",1.358999147167e-103,1.50413006085992,0.143,0.047,3.63355601978042e-99
"PGM5","PGM5",1.44706744783389e-103,1.20013642791708,0.256,0.13,3.86902423527347e-99
"ZIC1","ZIC1",1.45050241188258e-103,-1.85616548646964,0.04,0.136,3.87820829865046e-99
"PSEN1","PSEN1",1.51136962911811e-103,-0.522873544773938,0.599,0.707,4.04094897737309e-99
"FCGR3A","FCGR3A",1.52153724851009e-103,1.29011253907455,0.153,0.053,4.06813414134144e-99
"NEK3","NEK3",1.74006713348797e-103,-1.00905484133311,0.177,0.315,4.65241749480678e-99
"MAP7","MAP7",2.21616524654247e-103,-0.408519998409083,0.591,0.763,5.92536101968059e-99
"ITGB2","ITGB2",2.35141592902318e-103,1.30503756071394,0.151,0.052,6.28698076942927e-99
"VASH1","VASH1",2.63891362630982e-103,1.18584609093334,0.279,0.151,7.05566336266457e-99
"CTNND2","CTNND2",2.90312896420332e-103,-0.520198820372392,0.502,0.663,7.76209591159041e-99
"ALOX15B","ALOX15B",3.42168728115568e-103,2.60881291938396,0.075,0.01,9.14856528362595e-99
"NFIX","NFIX",3.76868686667356e-103,-0.528599977643195,0.481,0.639,1.00763380754251e-98
"CSF3R","CSF3R",4.02929586317502e-103,0.965290651446006,0.196,0.081,1.0773128349371e-98
"RNF144B","RNF144B",4.56036167872423e-103,1.73604619422423,0.151,0.053,1.2193039020405e-98
"SEC14L5","SEC14L5",5.21151748359979e-103,-0.797284602152525,0.249,0.401,1.39340342959008e-98
"DNAJB1","DNAJB1",7.4912458165362e-103,1.35564600263059,0.231,0.113,2.00293439396728e-98
"FBXO2","FBXO2",1.39194036313376e-102,1.85638361689022,0.15,0.054,3.72163094891074e-98
"FAM13A","FAM13A",1.91281423329867e-102,0.858521823316633,0.402,0.257,5.11429141557065e-98
"SLC13A3","SLC13A3",2.04738113686561e-102,-0.795429778163853,0.276,0.426,5.47408294563758e-98
"ENDOD1","ENDOD1",2.38801608914911e-102,-0.78350999668883,0.271,0.422,6.38483861755798e-98
"TAB2","TAB2",3.02109855811409e-102,0.943790072484968,0.518,0.397,8.07751121482965e-98
"IQGAP2","IQGAP2",3.3327390999654e-102,2.400014525198,0.1,0.023,8.91074453157748e-98
"KCNK13","KCNK13",3.67135705124659e-102,1.34400509379429,0.169,0.065,9.81610734791801e-98
"LPAR6","LPAR6",4.7309030530004e-102,1.02091008279317,0.2,0.085,1.26490154928072e-97
"FNBP1L","FNBP1L",7.13393962445928e-102,1.28967268639599,0.216,0.1,1.90740143739168e-97
"NUFIP2","NUFIP2",9.38778264301006e-102,0.697782085375158,0.546,0.414,2.5100114452616e-97
"HRH2","HRH2",1.30507391468648e-101,1.85480837199432,0.104,0.025,3.48937612569725e-97
"SOAT1","SOAT1",1.85946412169751e-101,1.23385804432093,0.225,0.107,4.97164922218265e-97
"ATP1B3","ATP1B3",1.86203434168576e-101,0.979959450554449,0.345,0.213,4.97852121936521e-97
"ATG16L2","ATG16L2",2.34077511507642e-101,1.29598108558406,0.207,0.093,6.25853042517983e-97
"ARHGDIB","ARHGDIB",4.79051793010845e-101,1.65175373896052,0.126,0.038,1.2808407789731e-96
"KIF13A","KIF13A",5.73810142580505e-101,-0.420296151882274,0.648,0.779,1.5341961782175e-96
"TMSB4X","TMSB4X",2.04163078437908e-100,0.852281593356265,0.548,0.434,5.45870822819435e-96
"LAMA2","LAMA2",2.97128103094651e-100,-1.01568638736967,0.204,0.346,7.94431409244169e-96
"ENSG00000237422","ENSG00000237422",3.57287991811792e-100,1.64094336636545,0.152,0.055,9.55280903707188e-96
"IFNGR2","IFNGR2",4.86672322224537e-100,1.16534688919291,0.287,0.162,1.30121578793174e-95
"VOPP1","VOPP1",6.79840484462347e-100,0.980033487266386,0.351,0.219,1.81768950330698e-95
"ZDHHC9","ZDHHC9",7.03865911124442e-100,-0.816967135972458,0.262,0.409,1.88192628657342e-95
"PRKACB","PRKACB",7.94593265873827e-100,-0.462960691296139,0.628,0.754,2.12450401496685e-95
"ENSG00000230490","ENSG00000230490",8.46974233136351e-100,-0.756533089496823,0.263,0.415,2.26455500713666e-95
"NLGN1","NLGN1",8.60742561426669e-100,-0.473415351268566,0.512,0.686,2.30136738648648e-95
"MPZL1","MPZL1",9.58394676736809e-100,1.07502380334398,0.265,0.138,2.56245984719121e-95
"RASSF8","RASSF8",1.61756131739903e-99,0.965544439893494,0.473,0.337,4.32487369432978e-95
"POU2F2","POU2F2",1.86626111619325e-99,1.11291873360279,0.219,0.102,4.9898223463659e-95
"NIBAN1","NIBAN1",1.97439213707107e-99,1.57723472606851,0.157,0.059,5.27893225688691e-95
"ENSG00000203709","ENSG00000203709",2.1697363415219e-99,0.898086953570919,0.398,0.263,5.80122405632709e-95
"LINC01376","LINC01376",3.03317352895012e-99,-1.61583579805284,0.051,0.149,8.10979606435394e-95
"MARCHF3","MARCHF3",4.75673681352658e-99,1.07412147440097,0.246,0.122,1.2718087218326e-94
"PPARG","PPARG",9.47954677763855e-99,1.96411712106749,0.127,0.04,2.53454642193722e-94
"B2M","B2M",1.07300594226337e-98,0.786695603384869,0.52,0.391,2.86889598782958e-94
"CTSH","CTSH",1.5440714853001e-98,1.70190598966135,0.133,0.044,4.12838393024687e-94
"SOCS6","SOCS6",1.75043301109665e-98,1.32504394151422,0.339,0.213,4.6801327417691e-94
"FCGR1A","FCGR1A",1.80436625978596e-98,1.57367585327169,0.121,0.036,4.82433406878971e-94
"PTPN2","PTPN2",2.09942660034992e-98,1.06500998801913,0.368,0.238,5.61323690135558e-94
"GNB4","GNB4",2.70159151020238e-98,1.08880375630074,0.238,0.119,7.22324522082811e-94
"TMEM51","TMEM51",2.94719988419473e-98,1.63357566475004,0.146,0.052,7.87992833037146e-94
"REL","REL",3.83248680448545e-98,1.06311345776296,0.254,0.132,1.02469199691528e-93
"NRP1","NRP1",6.4254092309392e-98,1.98721963467513,0.114,0.032,1.71796166607622e-93
"HLA-B","HLA-B",1.15722690809948e-97,1.10542457732692,0.245,0.124,3.09407758418558e-93
"PDE1C","PDE1C",1.39074419035945e-97,-0.262982938082944,0.587,0.777,3.71843274176406e-93
"DOCK9","DOCK9",1.66607566759112e-97,-0.375460551061142,0.605,0.789,4.45458651243837e-93
"DDX3Y","DDX3Y",1.73019636586479e-97,1.10682432050209,0.252,0.13,4.62602602341269e-93
"PRR18","PRR18",4.08848762892518e-97,-1.04801431454967,0.147,0.278,1.09313893734573e-92
"TMT1A","TMT1A",5.30238670554313e-97,0.922320851472914,0.384,0.248,1.41769913346107e-92
"HAPLN2","HAPLN2",6.89292805877288e-97,-0.512031278517815,0.426,0.598,1.8429621750741e-92
"CNTN2","CNTN2",8.45019826950873e-97,-0.406891453469181,0.489,0.679,2.25932951131855e-92
"ARL15","ARL15",1.04526980179943e-96,0.757001851571854,0.496,0.356,2.79473786907114e-92
"ZNF708","ZNF708",2.02680485651454e-96,-0.621073739969955,0.423,0.565,5.41906814486292e-92
"TPPP3","TPPP3",3.15627453500824e-96,-1.40851802997657,0.077,0.186,8.43893122425154e-92
"PRKD3","PRKD3",5.3588247702171e-96,0.999533444759123,0.268,0.143,1.43278897881295e-91
"ACYP2","ACYP2",5.61474843076794e-96,-0.507555086324748,0.569,0.696,1.50121528793442e-91
"HLA-E","HLA-E",1.37312762028194e-95,1.19134016491254,0.175,0.071,3.67133131834781e-91
"ARHGAP6","ARHGAP6",2.00728196349821e-95,1.07134017132132,0.253,0.132,5.36686978580517e-91
"CTSZ","CTSZ",4.50477789245794e-95,1.53530843165681,0.158,0.062,1.20444246510648e-90
"ENSG00000237152","ENSG00000237152",5.31347944002126e-95,1.05002378912907,0.201,0.09,1.42066499787848e-90
"MSN","MSN",5.61377111368197e-95,1.25512676977448,0.274,0.155,1.50095398266515e-90
"GAB3","GAB3",6.48819943151395e-95,1.16603168024347,0.179,0.075,1.73474988200388e-90
"AUTS2","AUTS2",1.16361628068784e-94,-0.464503011351904,0.766,0.845,3.11116084967508e-90
"ADD3","ADD3",1.65665360122021e-94,-0.49442856867071,0.485,0.64,4.42939473358249e-90
"XPO1","XPO1",1.78826549869095e-94,0.613101953989182,0.571,0.444,4.78128546384998e-90
"ITGA2","ITGA2",1.83196702013792e-94,-0.75005934391752,0.327,0.473,4.89813022174277e-90
"ARHGAP31","ARHGAP31",2.1170739201433e-94,0.924151595722367,0.323,0.189,5.66042054028713e-90
"CYRIB","CYRIB",3.05280530922372e-94,0.613229267362898,0.762,0.686,8.16228555527146e-90
"DLC1","DLC1",4.1442570068958e-94,-0.449783558882579,0.565,0.726,1.10804999593373e-89
"ENSG00000270099","ENSG00000270099",5.32172116203785e-94,1.28708938186367,0.178,0.076,1.42286858709406e-89
"TRIM22","TRIM22",9.02231506042423e-94,1.29407747674894,0.135,0.045,2.41229637770563e-89
"ENOX1","ENOX1",1.19852353065064e-93,-0.40742527621075,0.556,0.724,3.20449236390061e-89
"DISC1","DISC1",1.50233371226066e-93,1.01244612558125,0.463,0.349,4.01678964647132e-89
"GRAMD2B","GRAMD2B",1.51986093377078e-93,-0.83170099978711,0.201,0.341,4.06365217862294e-89
"JAK3","JAK3",1.79128744827131e-93,1.49979968001517,0.136,0.047,4.789365250443e-89
"APP","APP",3.13726000365207e-93,-0.365695087428481,0.696,0.828,8.38809207176453e-89
"NPAS3","NPAS3",3.44603913070587e-93,-0.343927990933917,0.739,0.879,9.21367482376829e-89
"CD58","CD58",4.91479569852137e-93,1.48239676109908,0.146,0.054,1.31406892591366e-88
"MS4A14","MS4A14",1.00035709828286e-92,2.44371720544362,0.07,0.01,2.67465477367888e-88
"DNAJA1","DNAJA1",1.36845447999117e-92,1.04309486595167,0.311,0.188,3.65883674315238e-88
"CD84","CD84",1.43056192070171e-92,1.37029104337361,0.134,0.046,3.82489340738016e-88
"SRGAP2C","SRGAP2C",1.7190632396667e-92,0.880451329301147,0.369,0.238,4.59625938389684e-88
"TNFRSF1B","TNFRSF1B",2.29739428349353e-92,0.968238783042316,0.176,0.073,6.14254309577665e-88
"MEGF10","MEGF10",2.52973297197056e-92,-0.487154851501476,0.445,0.607,6.76374704715769e-88
"BLNK","BLNK",2.59030551898102e-92,0.845620757559104,0.202,0.089,6.92569986609955e-88
"SRCIN1","SRCIN1",3.28278791632324e-92,-0.51482619707448,0.412,0.575,8.77719005187343e-88
"LY96","LY96",3.8364218170303e-92,1.68009684682799,0.107,0.03,1.02574410121939e-87
"TNFRSF1A","TNFRSF1A",5.34688570907653e-92,1.29863136339281,0.159,0.063,1.42959683203579e-87
"PTPDC1","PTPDC1",8.81706109527186e-92,-0.902057689423574,0.191,0.325,2.35741762504284e-87
"IRAG2","IRAG2",1.10474004717326e-91,1.13738586156452,0.166,0.067,2.95374346412715e-87
"PEBP1","PEBP1",1.50907865672476e-91,-0.479302968958174,0.468,0.621,4.034823604485e-87
"KYNU","KYNU",2.32661012135439e-91,1.35385775606163,0.15,0.057,6.22065748146523e-87
"PAG1","PAG1",3.64787881303396e-91,0.990268018967762,0.451,0.334,9.7533335824089e-87
"CMIP","CMIP",4.25047549509787e-91,0.919485179111001,0.501,0.389,1.13644963312432e-86
"SLC11A1","SLC11A1",4.77538893750777e-91,0.746844432928012,0.222,0.105,1.27679574022145e-86
"UGT8","UGT8",6.76568188896922e-91,-0.391014435211828,0.546,0.723,1.8089403666537e-86
"RASAL1","RASAL1",8.89536468214593e-91,-1.63639598793251,0.043,0.133,2.37835365506536e-86
"PAPOLA","PAPOLA",1.19266381108363e-90,0.631637704531084,0.569,0.45,3.18882523169431e-86
"SH3BGRL","SH3BGRL",1.3138267519519e-90,0.851221322784697,0.437,0.311,3.5127785866938e-86
"LSAMP","LSAMP",1.8835677230722e-90,-0.407157451417991,0.625,0.794,5.03609502117814e-86
"ZEB2","ZEB2",2.65294174456482e-90,-0.352695090236352,0.906,0.929,7.09317034244296e-86
"RAB40B","RAB40B",2.68561425865042e-90,-0.600662994818538,0.343,0.492,7.18052684335362e-86
"ARHGAP18","ARHGAP18",3.18700873817251e-90,1.45264598792425,0.173,0.075,8.52110526325184e-86
"LRRK2","LRRK2",3.35884704163165e-90,0.974590759099516,0.321,0.193,8.98054933521055e-86
"LPAR1","LPAR1",3.81810465560866e-90,-0.592712641969522,0.551,0.663,1.02084664177009e-85
"MIS18BP1","MIS18BP1",4.30833489893401e-90,1.16453401573789,0.209,0.101,1.15191950192799e-85
"SESTD1","SESTD1",4.38070810211233e-90,-0.549211446478565,0.419,0.568,1.17126992526177e-85
"LINC01411","LINC01411",4.59414202923914e-90,-0.980732471557019,0.149,0.273,1.22833575435767e-85
"ANKRD28","ANKRD28",4.67656327167402e-90,-0.46834811521788,0.49,0.648,1.25037272194748e-85
"CRYAB","CRYAB",5.0919305143694e-90,-0.249306243753048,0.473,0.639,1.36142946162695e-85
"KAZN","KAZN",5.34034968090505e-90,-0.438148298015788,0.548,0.709,1.42784929418358e-85
"IRF8","IRF8",7.29236941821682e-90,1.46644849597525,0.121,0.039,1.94976081134863e-85
"E2F3","E2F3",1.33186141091617e-89,1.29298129803799,0.174,0.076,3.56099785436656e-85
"FMNL1","FMNL1",1.54277955961572e-89,1.26961115816664,0.138,0.049,4.12492970854456e-85
"SERINC5","SERINC5",1.69285088263984e-89,-0.514793180590785,0.511,0.647,4.52617540491414e-85
"STAT6","STAT6",4.79051973389196e-89,1.49710113692663,0.129,0.044,1.28084126125069e-84
"SDCBP","SDCBP",4.91379486768149e-89,1.50103582203486,0.217,0.111,1.313801333772e-84
"LIMCH1","LIMCH1",8.00569797831784e-89,-0.352750258225774,0.559,0.745,2.14048346846284e-84
"GPNMB","GPNMB",1.00458763681705e-88,2.33259866071958,0.107,0.032,2.68596596455775e-84
"RCAN2","RCAN2",1.05759190491967e-88,-0.612491865055113,0.366,0.514,2.82768347618372e-84
"CPB2-AS1","CPB2-AS1",1.06287470327931e-88,-0.675602312701194,0.331,0.477,2.8418080941579e-84
"TBC1D4","TBC1D4",1.33742751419375e-88,1.2730109945531,0.204,0.098,3.57587994469983e-84
"MAP3K8","MAP3K8",1.57486473480395e-88,1.4074588760354,0.123,0.041,4.21071584144532e-84
"CLEC5A","CLEC5A",1.76923134937226e-88,2.31101670470014,0.072,0.012,4.7303938588166e-84
"LPIN2","LPIN2",1.98236555680171e-88,0.954877617822228,0.354,0.229,5.30025078922073e-84
"SMCO4","SMCO4",2.14432794420343e-88,1.62519324442989,0.136,0.05,5.73328962441671e-84
"PTPRE","PTPRE",2.32510432632279e-88,0.655929674245034,0.59,0.467,6.21663143728926e-84
"DPH6","DPH6",2.52727876719006e-88,-0.673012328394772,0.291,0.436,6.75718523983608e-84
"NOVA1","NOVA1",2.63364002602311e-88,-0.355784768643286,0.503,0.681,7.041563337578e-84
"LINC00639","LINC00639",2.85578783399864e-88,-0.477728108454256,0.419,0.586,7.63551993176217e-84
"TMEM125","TMEM125",2.99295593914358e-88,-1.19160131758494,0.103,0.214,8.00226629448819e-84
"SHTN1","SHTN1",5.42711303082624e-88,-0.394850925646986,0.815,0.846,1.45104721105201e-83
"B3GNT5","B3GNT5",5.80950112837219e-88,1.31911892075396,0.15,0.058,1.55328631669287e-83
"FOXN3","FOXN3",7.96432254506431e-88,0.746775927791481,0.656,0.569,2.12942091887385e-83
"ADAMTS14","ADAMTS14",8.46178242353375e-88,-1.81138050448974,0.034,0.116,2.26242676658022e-83
"TLR7","TLR7",9.68974550301203e-88,2.17918488124184,0.084,0.019,2.59074725514033e-83
"TNFSF13B","TNFSF13B",1.37431195378236e-87,1.32006609323611,0.167,0.071,3.6744978708279e-83
"MAML3","MAML3",1.39437343842614e-87,0.796648014985839,0.54,0.421,3.72813626231998e-83
"PMP22","PMP22",1.43089336138963e-87,-0.597805897412435,0.319,0.47,3.82577958034745e-83
"SUSD6","SUSD6",1.69435404682661e-87,0.929494280642121,0.361,0.238,4.5301944150003e-83
"SIRPB2","SIRPB2",1.95431712275622e-87,1.37037094003029,0.121,0.039,5.2252576911133e-83
"ENSG00000275294","ENSG00000275294",1.97654953439317e-87,-1.47480786526246,0.064,0.16,5.28470049010702e-83
"MCAM","MCAM",3.14753301111153e-87,-1.47295965402765,0.057,0.15,8.4155590118089e-83
"PRKCH","PRKCH",3.42327947016256e-87,1.27446876834168,0.198,0.094,9.15282231937365e-83
"IGSF11","IGSF11",3.64558309733626e-87,-0.509706962317822,0.433,0.588,9.74719552734797e-83
"ENSG00000205056","ENSG00000205056",5.1017958597112e-87,4.24602755206573,0.048,0.003,1.36406715901098e-82
"GPR37","GPR37",5.79477147179339e-87,-0.531555495507395,0.354,0.515,1.5493480484134e-82
"LINC01877","LINC01877",5.88061369785176e-87,-1.38054428013922,0.081,0.184,1.57229968439463e-82
"IFI16","IFI16",6.47731130747473e-87,0.992574536633309,0.357,0.241,1.73183872427952e-82
"C1QTNF3-AMACR","C1QTNF3-AMACR",6.74673060479414e-87,-0.563765061047091,0.432,0.576,1.80387336180381e-82
"ZKSCAN1","ZKSCAN1",1.55977086252436e-86,-0.525962825826866,0.52,0.637,4.17035935513139e-82
"P2RX7","P2RX7",2.24505791961604e-86,0.485793183665494,0.7,0.62,6.00261135967741e-82
"EPB41L2","EPB41L2",2.63892510864067e-86,0.630587026602935,0.751,0.686,7.05569406297255e-82
"COLGALT2","COLGALT2",3.38780816930729e-86,-0.42638346065859,0.472,0.64,9.0579827022769e-82
"KCNQ3","KCNQ3",3.83650961789714e-86,1.15751822438466,0.382,0.267,1.02576757653716e-81
"LINC01099","LINC01099",6.03849654848991e-86,-1.57004650435389,0.073,0.172,1.61451282216975e-81
"ENSG00000242861","ENSG00000242861",6.04683697184363e-86,-1.08275459843653,0.112,0.225,1.61674280116183e-81
"ANKIB1","ANKIB1",7.17387810143494e-86,-0.405736221930892,0.683,0.788,1.91807978798066e-81
"H3-3B","H3-3B",9.88592474659002e-86,-0.654995320310111,0.397,0.532,2.64319969949577e-81
"HEPACAM","HEPACAM",1.31173564017867e-85,-0.530971489012264,0.377,0.53,3.50718758114571e-81
"KCNMB4","KCNMB4",1.36346179240041e-85,-0.494704298513841,0.429,0.584,3.64548779434098e-81
"AOAH","AOAH",1.52083985841687e-85,0.861335933159903,0.364,0.239,4.06626952944918e-81
"NEK6","NEK6",1.56658204937311e-85,1.46205045298464,0.169,0.074,4.18857042540889e-81
"ATM","ATM",2.24519292127475e-85,0.556026949988792,0.691,0.602,6.00297231361231e-81
"ROBO1","ROBO1",2.41012857354141e-85,-0.466826909548373,0.53,0.681,6.44396076707766e-81
"SIPA1L2","SIPA1L2",2.68274571466082e-85,1.03946628409116,0.271,0.155,7.17285721728864e-81
"FKBP4","FKBP4",2.98739736139434e-85,1.17009602715743,0.205,0.1,7.98740432516005e-81
"EVA1C","EVA1C",3.82164116272463e-85,-0.597563935742756,0.39,0.531,1.02179219767768e-80
"PRTFDC1","PRTFDC1",3.91859106175548e-85,-0.754140785408227,0.27,0.406,1.04771369218156e-80
"IL10RA","IL10RA",6.18175559921267e-85,1.24761090943368,0.136,0.05,1.65281599456149e-80
"PCDH10-DT","PCDH10-DT",7.80558286305855e-85,-1.00066015735019,0.156,0.277,2.08697869009596e-80
"DYSF","DYSF",8.51909950769434e-85,-0.913608506534906,0.181,0.307,2.27775163537224e-80
"NAIP","NAIP",1.02290070618366e-84,0.49915264477161,0.667,0.564,2.73492961812326e-80
"FNDC3B","FNDC3B",1.13975449031235e-84,1.08396896786392,0.406,0.291,3.04736158074814e-80
"NKX6-2","NKX6-2",1.35390213456215e-84,-0.493911700765119,0.376,0.535,3.61992813717883e-80
"MAFB","MAFB",1.93374973532887e-84,1.95760656702964,0.093,0.024,5.1702666673488e-80
"TBC1D16","TBC1D16",2.39154203604862e-84,1.60356183299348,0.187,0.09,6.39426594178319e-80
"MIR223HG","MIR223HG",2.78428859453355e-84,1.36523198571276,0.121,0.041,7.44435241520435e-80
"CSGALNACT1","CSGALNACT1",3.16291613858422e-84,0.759771476595284,0.387,0.247,8.45668887973264e-80
"PREX1","PREX1",3.5066276936791e-84,0.504848104129336,0.806,0.754,9.3756704645898e-80
"STEAP3","STEAP3",5.38711724696836e-84,2.28692408941281,0.074,0.014,1.44035353832193e-79
"BACE1","BACE1",5.80630352568031e-84,-0.653772282819408,0.292,0.431,1.55243137366115e-79
"PTBP3","PTBP3",6.70855759754508e-84,0.94392588905087,0.316,0.195,1.79366704485563e-79
"RASAL3","RASAL3",6.72062146449333e-84,1.87193894771314,0.092,0.024,1.79689256096158e-79
"USP6NL","USP6NL",1.06144147436501e-83,1.0553404766319,0.323,0.204,2.83797607000972e-79
"FBXL7","FBXL7",1.21283065659632e-83,-0.378609094057247,0.553,0.719,3.24274532654158e-79
"ENSG00000260392","ENSG00000260392",1.2696669357756e-83,1.87332145368694,0.106,0.033,3.39470848618322e-79
"C3AR1","C3AR1",1.45541563418636e-83,1.66605210669384,0.099,0.028,3.89134478112408e-79
"SLC9B1","SLC9B1",1.78293061005491e-83,-1.26994290281651,0.075,0.173,4.76702157210382e-79
"GAS7","GAS7",2.40645325595584e-83,-0.5985305592934,0.45,0.576,6.43413407044912e-79
"INTU","INTU",3.36213263548413e-83,-0.948179675813064,0.169,0.289,8.98933402749393e-79
"OLR1","OLR1",4.90464647886481e-83,1.08525494487217,0.138,0.051,1.31135532905408e-78
"LINC00877","LINC00877",5.41807856686793e-83,-0.842757400974827,0.195,0.323,1.44863166642348e-78
"BHLHE41","BHLHE41",6.92020273072961e-83,0.907583428041921,0.402,0.283,1.85025460411517e-78
"FAM124A","FAM124A",1.12391886115509e-82,-0.504677780385843,0.391,0.543,3.00502185907036e-78
"SKI","SKI",1.20079205048915e-82,0.914508514077463,0.347,0.227,3.21055770539283e-78
"NEO1","NEO1",1.23682201840577e-82,-0.366790250110256,0.564,0.717,3.3068910306115e-78
"PRKCD","PRKCD",1.37522470398344e-82,1.34231789765678,0.117,0.039,3.67693829104053e-78
"LRP1","LRP1",1.89504830024293e-82,0.77352030306768,0.336,0.207,5.06679064035951e-78
"PDXK","PDXK",2.18558988380799e-82,1.10621290313612,0.243,0.134,5.84361167233742e-78
"FANCC","FANCC",2.36109843175227e-82,0.965787554215342,0.318,0.197,6.31286887697605e-78
"DDX5","DDX5",4.20007927505551e-82,0.518421191013962,0.714,0.632,1.12297519577159e-77
"PLD1","PLD1",6.32031811280654e-82,-0.468607592958276,0.54,0.664,1.68986345382108e-77
"CSF2RA","CSF2RA",1.10202012094849e-81,0.694812926351272,0.184,0.082,2.94647119737998e-77
"A2M","A2M",1.187394494754e-81,0.836535182062734,0.211,0.103,3.17473666062376e-77
"MOB1B","MOB1B",1.48865079270311e-81,1.03350065850718,0.251,0.139,3.9802056244503e-77
"P4HA1","P4HA1",1.54772640324672e-81,0.929641424000127,0.412,0.297,4.13815608436074e-77
"SLC2A9","SLC2A9",1.84151549905313e-81,1.18966767495884,0.195,0.095,4.92365998981837e-77
"COLGALT1","COLGALT1",2.6130125622523e-81,1.05098051161814,0.205,0.101,6.98641168769398e-77
"RB1","RB1",2.63488349567068e-81,0.725304735339163,0.524,0.409,7.04488800237469e-77
"KLHL4","KLHL4",2.66296135976196e-81,-0.686820106057325,0.299,0.434,7.11995978759555e-77
"SERPINA1","SERPINA1",2.91468012805724e-81,1.9659214557975,0.075,0.016,7.79298025838663e-77
"FAM221A","FAM221A",2.98083811786171e-81,-1.10349978432004,0.114,0.222,7.96986687572686e-77
"BST2","BST2",3.01298631765354e-81,1.73240371106856,0.087,0.022,8.05582151751026e-77
"BAG3","BAG3",3.415928970979e-81,1.83906141805303,0.081,0.019,9.13316928970656e-77
"DNER","DNER",3.73180996322738e-81,-0.419845051008445,0.46,0.617,9.97774029868105e-77
"ELF1","ELF1",5.43994934211312e-81,0.594788093986763,0.57,0.455,1.45447925560078e-76
"SIGLEC10","SIGLEC10",7.98483856443414e-81,1.52011388622612,0.104,0.032,2.13490628697276e-76
"TBC1D8","TBC1D8",8.77909252256704e-81,1.27650312650101,0.263,0.154,2.34726596775875e-76
"HK1","HK1",8.79185364896997e-81,1.23060230530664,0.175,0.08,2.3506779101251e-76
"GNAS","GNAS",1.48142584763174e-80,0.637527312509923,0.6,0.498,3.96088828881298e-76
"MED13L","MED13L",2.75560475223479e-80,0.570531760103939,0.814,0.77,7.36766042605015e-76
"IL4R","IL4R",2.77972424463104e-80,1.15006983406407,0.15,0.061,7.43214871287002e-76
"ACSL1","ACSL1",2.79667875046792e-80,1.20279445075461,0.481,0.388,7.47747997512608e-76
"SYT17","SYT17",2.91076991038488e-80,1.03862086895286,0.267,0.155,7.78252550939606e-76
"STAG1","STAG1",3.93315901594036e-80,0.469620573297885,0.747,0.663,1.05160872609197e-75
"DHRS3","DHRS3",4.03717344305632e-80,1.40974185265459,0.112,0.037,1.07941906346997e-75
"WNT5A","WNT5A",4.51133867122005e-80,1.33800499388601,0.129,0.048,1.2061966205241e-75
"HAMP","HAMP",5.90909008779762e-80,1.26510892958673,0.113,0.038,1.57991341677445e-75
"ITGAX","ITGAX",6.47181203803921e-80,0.81232661277779,0.176,0.078,1.73036838461054e-75
"ADHFE1","ADHFE1",6.96820014964772e-80,-1.11733278382742,0.086,0.187,1.86308767401131e-75
"RAPH1","RAPH1",7.43174661269403e-80,0.950929604794382,0.271,0.157,1.987026091836e-75
"MTUS1","MTUS1",9.08760799766955e-80,-0.465437250542463,0.609,0.722,2.42975375033691e-75
"MGAT1","MGAT1",1.48328236270916e-79,1.06539497836558,0.223,0.119,3.96585205317548e-75
"PSMD7-DT","PSMD7-DT",2.44848916406247e-79,-1.19182577696646,0.09,0.19,6.54652547795382e-75
"GPR34","GPR34",2.58090438675213e-79,1.45419392623611,0.113,0.038,6.90056405885917e-75
"TRPM1","TRPM1",4.67876435735673e-79,-2.75705744004169,0.012,0.071,1.25096122622647e-74
"ENSG00000229989","ENSG00000229989",5.30928215539008e-79,-0.495630291679842,0.58,0.695,1.41954276988665e-74
"FCER1G","FCER1G",5.63574544248126e-79,1.47118695161229,0.098,0.029,1.50682925895622e-74
"ADAMTS10","ADAMTS10",6.27044152950687e-79,1.54796029453552,0.125,0.047,1.67652795174425e-74
"PTPRJ","PTPRJ",9.82123134521007e-79,0.483309855960695,0.77,0.699,2.62590262476882e-74
"PARD3B","PARD3B",1.13953329901944e-78,-0.607759716866238,0.318,0.458,3.04677018158829e-74
"BCL6","BCL6",1.16102199787528e-78,0.913298109467518,0.364,0.245,3.10422451571915e-74
"SRGN","SRGN",1.46105042473172e-78,0.676498963527534,0.175,0.078,3.90641052060521e-74
"CLEC7A","CLEC7A",1.51330182207689e-78,1.07709188269013,0.14,0.054,4.04611508168697e-74
"NEGR1","NEGR1",1.56470720499787e-78,-0.509558686480581,0.476,0.611,4.18355765400281e-74
"ELK3","ELK3",1.74847176370844e-78,1.51051256066873,0.128,0.049,4.67488895462726e-74
"LGALS9","LGALS9",3.04652605916365e-78,1.27799565088663,0.124,0.045,8.14549672438585e-74
"SECISBP2L","SECISBP2L",3.31549265913239e-78,-0.466687795652905,0.553,0.669,8.86463272272226e-74
"HIF1A","HIF1A",3.965875175623e-78,1.03772823033137,0.372,0.264,1.06035604570632e-73
"PNRC1","PNRC1",6.20206144317851e-78,0.944377952226504,0.275,0.161,1.65824516806264e-73
"ENSG00000265987","ENSG00000265987",6.34397236417035e-78,1.655680009551,0.114,0.04,1.69618789100823e-73
"ENSG00000260664","ENSG00000260664",9.20841702019099e-78,-0.739253451523178,0.253,0.384,2.46205445868847e-73
"ARHGAP22","ARHGAP22",1.17429759682706e-77,0.598949629581888,0.708,0.618,3.13971948463651e-73
"ENSG00000253320","ENSG00000253320",1.31406909219609e-77,-1.04618036327485,0.118,0.226,3.51342653180468e-73
"B4GALT1","B4GALT1",1.56625479414055e-77,1.1704375245086,0.145,0.06,4.18769544309358e-73
"LOC101927468","LOC101927468",1.77131116675902e-77,-0.674787025748844,0.267,0.397,4.73595466656359e-73
"FARP1","FARP1",2.43721902865531e-77,1.14303381040596,0.24,0.134,6.5163925169157e-73
"PLEK","PLEK",3.07154404183997e-77,1.98761545462722,0.093,0.027,8.21238730466753e-73
"HYDIN","HYDIN",3.82205520754422e-77,-0.664356211461859,0.301,0.428,1.0219029008411e-72
"KIAA1755","KIAA1755",5.0959571600186e-77,-0.526547814562008,0.369,0.512,1.36250606587417e-72
"CASP4","CASP4",6.63823560481186e-77,1.85348149340216,0.079,0.019,1.77486505365855e-72
"PLS3","PLS3",7.39877412067303e-77,-0.997219046353911,0.135,0.245,1.97821023664435e-72
"TBC1D9","TBC1D9",7.56411379273011e-77,1.1846804597906,0.183,0.088,2.02241710476225e-72
"TNRC6C","TNRC6C",7.72562266632453e-77,-0.397535580941731,0.578,0.712,2.06559973229519e-72
"USP38-DT","USP38-DT",8.02769745575723e-77,-0.825684348652904,0.234,0.358,2.14636546874581e-72
"SLC4A7","SLC4A7",1.13915478757922e-76,0.99052750016714,0.325,0.212,3.04575815555057e-72
"LCP1","LCP1",1.16087476358541e-76,1.45019466615948,0.165,0.076,3.1038308553983e-72
"TREM2","TREM2",1.18344822234671e-76,1.56654366300887,0.099,0.03,3.1641855120884e-72
"TRIM38","TRIM38",1.18756302012991e-76,1.25645905032408,0.124,0.045,3.17518724692134e-72
"CDC14B","CDC14B",1.21648361041632e-76,-0.410515971838378,0.597,0.718,3.25251222917011e-72
"ITGAM","ITGAM",1.75442286915728e-76,1.07458526653704,0.148,0.061,4.69080042526582e-72
"P2RY12","P2RY12",3.28142969031431e-76,1.19308135066694,0.188,0.092,8.77355856299338e-72
"CXCR4","CXCR4",5.29538271392946e-76,1.89914850889663,0.077,0.018,1.41582647622332e-71
"ZFP36L2","ZFP36L2",5.92810081557612e-76,0.810493481949682,0.322,0.206,1.58499631506059e-71
"FAM66C","FAM66C",6.08759981303894e-76,-0.842656374241908,0.166,0.284,1.62764156201222e-71
"PLEKHA2","PLEKHA2",7.14751254758091e-76,0.788785855687862,0.283,0.167,1.91103042984671e-71
"CERS6","CERS6",1.00621290231409e-75,0.971184772168069,0.27,0.159,2.69031143691717e-71
"TARBP1","TARBP1",1.24705993792688e-75,-0.740407763544726,0.195,0.318,3.33426415603509e-71
"FXYD5","FXYD5",1.869942919734e-75,1.87707419425479,0.084,0.022,4.99966638449281e-71
"ZFAND3","ZFAND3",2.02334111872201e-75,0.412560162943975,0.831,0.78,5.40980714912704e-71
"GRIK4","GRIK4",2.18419279595432e-75,-0.667146391496121,0.214,0.344,5.83987627854306e-71
"COTL1","COTL1",2.66289221762345e-75,1.11610066541267,0.218,0.118,7.11977492225981e-71
"USP53","USP53",2.77962081958646e-75,0.991086742739667,0.243,0.137,7.43187218532831e-71
"NT5DC1","NT5DC1",2.86203146050614e-75,-0.48722527717351,0.452,0.589,7.65221351595526e-71
"SRGAP1","SRGAP1",3.43288116422957e-75,0.822006202211552,0.575,0.479,9.17849436880059e-71
"SSH1","SSH1",3.94082461534451e-75,0.92856900684287,0.31,0.2,1.05365827740466e-70
"TENM4","TENM4",3.97979523880074e-75,0.950921947882306,0.315,0.2,1.06407785299816e-70
"C14orf132","C14orf132",4.62305283306114e-75,-1.42098940752977,0.059,0.144,1.23606563597556e-70
"CHSY3","CHSY3",7.10545826279593e-75,1.08438618027763,0.233,0.129,1.89978637572375e-70
"CARMIL1","CARMIL1",8.98416097014323e-75,1.37353689332208,0.131,0.052,2.4020951185872e-70
"RASSF3","RASSF3",9.31727785856241e-75,1.25331958412916,0.146,0.062,2.49116058104383e-70
"TRPC1","TRPC1",1.42025170976182e-74,-0.564822578626905,0.357,0.49,3.79732699639018e-70
"TF","TF",1.66012207610714e-74,-0.266214230922729,0.573,0.747,4.43866839488766e-70
"STX7","STX7",2.02758049944233e-74,0.720936184189197,0.489,0.381,5.42114198135897e-70
"STAB1","STAB1",2.36963647708484e-74,1.59246587116278,0.099,0.031,6.33569704878174e-70
"HP1BP3","HP1BP3",2.43091407443713e-74,0.44696918135266,0.681,0.595,6.49953496082257e-70
"LINC00513","LINC00513",2.5516183331035e-74,1.03590119682208,0.229,0.127,6.82226193721882e-70
"METTL21A","METTL21A",5.32479237227941e-74,1.17868644811166,0.199,0.104,1.42368973657635e-69
"ATP2C1","ATP2C1",5.8341551257982e-74,0.689280834217884,0.574,0.47,1.55987805598467e-69
"BIN2","BIN2",5.94962514799763e-74,1.31958401802161,0.114,0.041,1.59075127582013e-69
"TRIM9","TRIM9",6.6718760070565e-74,-0.517890493678525,0.369,0.514,1.7838594880067e-69
"LOC105369147","LOC105369147",8.02179312458435e-74,1.60643355135846,0.127,0.05,2.14478682772012e-69
"ZNF710","ZNF710",9.80832985800861e-74,0.871404661458617,0.348,0.235,2.62245315413576e-69
"FGD3","FGD3",1.19167716847277e-73,1.24197593776253,0.13,0.051,3.18618724534565e-69
"RAB31","RAB31",1.3138435490733e-73,0.528996427130007,0.429,0.292,3.51282349715727e-69
"PRR5L","PRR5L",1.33622717850439e-73,-0.49716889442523,0.422,0.555,3.57267060716719e-69
"USP15","USP15",1.44974435519415e-73,0.768169875633467,0.557,0.463,3.8761814824826e-69
"BTG1","BTG1",1.60762208878745e-73,1.19194227511039,0.197,0.102,4.29829917879101e-69
"STK4","STK4",2.00135327296172e-73,0.849755797910623,0.356,0.242,5.35101824591776e-69
"ATP9A","ATP9A",2.51366906319199e-73,-0.59252919841516,0.3,0.432,6.72079697425643e-69
"HIP1R","HIP1R",2.90133676614995e-73,-0.425636035082717,0.448,0.596,7.75730411165512e-69
"DOCK3","DOCK3",3.44695093851225e-73,-0.330602406799917,0.669,0.79,9.2161127243002e-69
"PECAM1","PECAM1",4.01453077000202e-73,1.27522064072645,0.117,0.043,1.07336509197544e-68
"RASAL2","RASAL2",6.28228607866121e-73,0.905237427380779,0.494,0.389,1.67969482885165e-68
"ARHGAP9","ARHGAP9",6.40521081498081e-73,2.08759976949553,0.068,0.014,1.71256121560142e-68
"FCGR2B","FCGR2B",9.57625831657478e-73,3.03440089488309,0.049,0.006,2.5604041861026e-68
"TBC1D2B","TBC1D2B",1.00691825057668e-72,0.949271022396133,0.262,0.156,2.69219732656687e-68
"DAPK2","DAPK2",1.27777405565573e-72,-0.772922840298396,0.212,0.333,3.41638449260672e-68
"NRIP1","NRIP1",1.73869365389042e-72,0.940435629139413,0.314,0.202,4.64874522240681e-68
"GPR137C","GPR137C",2.81385062575908e-72,-0.73079911750656,0.286,0.409,7.52339241809205e-68
"LRRFIP1","LRRFIP1",2.94468355958237e-72,0.839304607448587,0.337,0.222,7.87320043325539e-68
"MRPS30-DT","MRPS30-DT",3.51951805642356e-72,-1.08951999261828,0.083,0.176,9.41013542745967e-68
"FXR1","FXR1",3.64588844897039e-72,0.548047978120999,0.579,0.484,9.74801194601213e-68
"RUFY2","RUFY2",3.72903602486717e-72,-0.565262503899123,0.382,0.504,9.97032361968735e-68
"LOC101927237","LOC101927237",4.00571939780174e-72,1.26043541952743,0.167,0.08,1.07100919539025e-67
"RAB20","RAB20",4.47206819159756e-72,1.45913805603523,0.102,0.034,1.19569687238744e-67
"GIPC1","GIPC1",4.52016719453818e-72,-0.80565424441776,0.181,0.298,1.20855710280367e-67
"KCNIP1","KCNIP1",4.70184006338696e-72,0.58232577654841,0.367,0.237,1.25713097774777e-67
"HLA-DRB5","HLA-DRB5",6.51583549729674e-72,1.33851061829363,0.101,0.033,1.74213893691223e-67
"ARHGAP45","ARHGAP45",6.64042809489566e-72,1.42318407153249,0.105,0.036,1.77545125973225e-67
"ADAMTS18","ADAMTS18",6.92391450064921e-72,-0.814858258910113,0.17,0.285,1.85124702003858e-67
"CHSY1","CHSY1",7.21121017959995e-72,0.996017061869353,0.295,0.187,1.92806126571964e-67
"CD300A","CD300A",1.05307556017033e-71,1.248990660649,0.102,0.033,2.8156081252274e-67
"LINC03002","LINC03002",1.15651817820532e-71,-1.11044636682883,0.139,0.245,3.09218265306756e-67
"ENG","ENG",1.39382933880598e-71,1.42158959157137,0.118,0.045,3.72668150316555e-67
"INPP4A","INPP4A",1.45319823638999e-71,0.798946384273555,0.351,0.238,3.8854161246359e-67
"SIGLEC8","SIGLEC8",1.79321513275793e-71,1.39190679071782,0.1,0.033,4.79451930045487e-67
"PLXNC1","PLXNC1",3.70579587705881e-71,1.44748302371537,0.181,0.092,9.90818643649215e-67
"ITGA5","ITGA5",4.35878521080493e-71,1.70549882146581,0.081,0.022,1.16540840181291e-66
"STAMBPL1","STAMBPL1",5.40409860261699e-71,1.086070080792,0.166,0.078,1.4448938433817e-66
"PHACTR3","PHACTR3",6.00595239714756e-71,-0.291191634126787,0.58,0.751,1.60581149242534e-66
"LINC02119","LINC02119",6.40771817776639e-71,-1.45808001140942,0.048,0.126,1.7132316091894e-66
"KLF6","KLF6",6.41237540306621e-71,1.13439404607555,0.198,0.105,1.71447681151781e-66
"TAL1","TAL1",7.60338950787467e-71,1.47744513460083,0.099,0.032,2.03291825272045e-66
"ZC3HAV1","ZC3HAV1",9.79596590718331e-71,1.1814722927381,0.186,0.095,2.6191474046036e-66
"ARFGEF3","ARFGEF3",1.28326806571824e-70,-0.334197083309436,0.549,0.71,3.43107382731087e-66
"ST3GAL6","ST3GAL6",1.78146510581122e-70,0.727639240776378,0.351,0.232,4.76310325340747e-66
"AHNAK","AHNAK",1.93151492422173e-70,2.00660757751007,0.084,0.024,5.16429145289164e-66
"SCD","SCD",2.69140106716242e-70,-0.272598464017502,0.482,0.646,7.19599903327216e-66
"PTAFR","PTAFR",3.12569936073555e-70,1.35403499140773,0.131,0.054,8.35718238079865e-66
"HERC4","HERC4",4.80666028377728e-70,0.507330125440912,0.677,0.591,1.28515676007353e-65
"PIM1","PIM1",5.57602397579424e-70,1.55683572948796,0.092,0.029,1.49086153040811e-65
"SIGLEC9","SIGLEC9",7.71133325193326e-70,1.46322847130915,0.088,0.026,2.0617791715694e-65
"ATF7IP2","ATF7IP2",8.98416575044375e-70,1.13347914855445,0.221,0.124,2.40209639669614e-65
"PLEKHG3","PLEKHG3",9.10899895800672e-70,-0.65874264363928,0.256,0.38,2.43547305140226e-65
"GCNT2","GCNT2",1.02317161412452e-69,1.15271312574483,0.169,0.082,2.73565394468473e-65
"CD37","CD37",1.08601732159644e-69,1.34871986417141,0.105,0.037,2.9036845127524e-65
"AFF1","AFF1",1.13291687705387e-69,0.728252551913974,0.516,0.415,3.02907985417894e-65
"NFKBIA","NFKBIA",1.64605458189003e-69,1.01916853790378,0.243,0.14,4.40105613559938e-65
"SLC25A37","SLC25A37",1.88145532013376e-69,1.2324894617901,0.365,0.271,5.03044708944163e-65
"MRC2","MRC2",1.99262228180848e-69,1.39235298761621,0.119,0.046,5.32767419487133e-65
"AHSA1","AHSA1",2.02383814235943e-69,1.00510983051794,0.217,0.12,5.41113604122642e-65
"HAVCR2","HAVCR2",2.47645649398385e-69,0.831856959308193,0.274,0.166,6.62130172796462e-65
"LOC100128079","LOC100128079",2.77551266012755e-69,-0.505912531060229,0.31,0.447,7.42088819938302e-65
"BNIP3L","BNIP3L",3.00193322461369e-69,0.621435859402014,0.552,0.454,8.02626886264961e-65
"ANKS1A","ANKS1A",4.21627418224365e-69,0.627417179340917,0.542,0.44,1.12730522810648e-64
"ARHGEF6","ARHGEF6",5.40289539319646e-69,0.89922051255715,0.252,0.148,1.44457214127894e-64
"WDPCP","WDPCP",6.14538011116226e-69,-0.438979904067487,0.529,0.646,1.64309028032145e-64
"ADGRL3","ADGRL3",6.40986185534436e-69,-0.324506877579482,0.6,0.752,1.71380476426342e-64
"IL15","IL15",7.55508426386739e-69,1.62247822656629,0.094,0.03,2.02000287963022e-64
"ZNF124","ZNF124",1.03945663617216e-68,1.07999835511593,0.209,0.114,2.7791952081335e-64
"ZNF462","ZNF462",1.09695117271034e-68,-0.440404717276649,0.384,0.527,2.93291835047562e-64
"C9orf153","C9orf153",1.33949212576915e-68,1.50729206705913,0.126,0.052,3.58140009666899e-64
"PDS5B","PDS5B",1.43354399674758e-68,0.522317647787252,0.612,0.518,3.83286658410401e-64
"CADM2","CADM2",1.49345644862952e-68,-0.30104333696169,0.709,0.875,3.99305450670074e-64
"HIF1A-AS3","HIF1A-AS3",1.74594635032638e-68,1.32490016450412,0.131,0.054,4.66813675686764e-64
"SOS1","SOS1",1.94177807454726e-68,0.512343707435432,0.567,0.454,5.19173203791701e-64
"TMEM156","TMEM156",2.06712747053587e-68,0.834566108211596,0.171,0.082,5.52687871797175e-64
"ARHGAP23","ARHGAP23",2.55590366788197e-68,-0.436294306297236,0.388,0.532,6.83371963681602e-64
"CD68","CD68",3.04945948717273e-68,1.43635880625629,0.091,0.029,8.15333983085372e-64
"PRUNE2","PRUNE2",3.11235956972737e-68,-0.260875258715539,0.617,0.799,8.32151578158006e-64
"ARID3A","ARID3A",3.56744713342708e-68,0.961360715143283,0.164,0.077,9.53828340064399e-64
"CD55","CD55",3.59143390450888e-68,-0.961867396899921,0.197,0.306,9.6024168304854e-64
"DEF6","DEF6",3.72072685984679e-68,1.20416422787513,0.119,0.046,9.94810740517235e-64
"TRAF3IP3","TRAF3IP3",3.79336097344937e-68,1.34201478058757,0.109,0.04,1.01423092347116e-63
"ARHGAP1","ARHGAP1",5.06528345129867e-68,-0.580707696533368,0.275,0.403,1.35430483637373e-63
"FEZ1","FEZ1",6.58037566028615e-68,-0.378138371898804,0.406,0.556,1.75939504029071e-63
"OXR1","OXR1",6.78847260317803e-68,1.07537290276885,0.46,0.363,1.81503391991171e-63
"TGFB1","TGFB1",8.25501658751934e-68,0.925834953498492,0.17,0.082,2.20714378500505e-63
"CBL","CBL",8.9874553610119e-68,0.900979999414622,0.294,0.189,2.40297593987375e-63
"SERPINB9","SERPINB9",9.27174621420372e-68,0.775933808946826,0.19,0.097,2.47898678529165e-63
"GLIDR","GLIDR",1.15381588342427e-67,-0.913413555970845,0.162,0.268,3.08495752751148e-63
"PACSIN2","PACSIN2",1.6833720628499e-67,0.922797531645938,0.317,0.214,4.50083188444177e-63
"CAPZB","CAPZB",1.78228044266774e-67,0.606664372926311,0.565,0.478,4.76528321956074e-63
"JDP2","JDP2",1.8135402772581e-67,0.893105194331854,0.19,0.097,4.84886263930499e-63
"HLA-DMA","HLA-DMA",1.88368097447471e-67,-2.06061198026224,0.017,0.073,5.03639782145303e-63
"STK39","STK39",1.98370180640092e-67,-0.357978877814032,0.502,0.649,5.30382351977414e-63
"BASP1","BASP1",2.02525128885693e-67,1.03196144043195,0.235,0.137,5.41491437101676e-63
"GYPC","GYPC",2.17235962975166e-67,1.57557702827963,0.101,0.035,5.80823794206701e-63
"FANCL","FANCL",2.21447835562245e-67,-0.548953317766163,0.364,0.486,5.92085077942776e-63
"SLCO1A2","SLCO1A2",2.28245851460953e-67,-0.317446464767525,0.466,0.63,6.10260933051151e-63
"ATP6V1B2","ATP6V1B2",2.2942222892421e-67,1.06166499427829,0.249,0.15,6.1340621347466e-63
"STK17A","STK17A",2.57185867005782e-67,1.34362992762244,0.145,0.066,6.8763785261336e-63
"AQP9","AQP9",2.84586938166353e-67,7.25911139801169,0.032,0,7.60900096575377e-63
"ENSG00000267121","ENSG00000267121",3.31934738710319e-67,1.76092990580929,0.078,0.022,8.87493910889779e-63
"LOC105370169","LOC105370169",3.39940370650744e-67,-0.7109293838547,0.19,0.305,9.08898569008895e-63
"TMPRSS5","TMPRSS5",3.48120574389697e-67,1.16313069218651,0.213,0.12,9.30769979745733e-63
"PRKCQ","PRKCQ",4.50248824985522e-67,-0.912174272501017,0.134,0.237,1.20383028336379e-62
"IL12B-AS1","IL12B-AS1",6.4569839062771e-67,1.56502566840863,0.125,0.052,1.72640378702131e-62
"TRIO","TRIO",6.80143853488476e-67,0.436139643533316,0.626,0.514,1.81850062107214e-62
"LIMA1","LIMA1",6.92789908417996e-67,-0.750674290996535,0.161,0.272,1.8523123781372e-62
"PPDPF","PPDPF",8.06014489680609e-67,-0.734643273165463,0.19,0.304,2.15504094105904e-62
"PIK3C2B","PIK3C2B",8.6286973175027e-67,-0.55805595449525,0.345,0.47,2.3070548017807e-62
"PIK3CD","PIK3CD",9.27708364565182e-67,1.02501409692916,0.146,0.065,2.48041385433793e-62
"NLRC5","NLRC5",1.01295822496312e-66,1.11646693825424,0.179,0.091,2.70834640608388e-62
"CFTR","CFTR",1.27004812351957e-66,-1.19791580951013,0.094,0.184,3.39572766785426e-62
"KCNMB1","KCNMB1",2.43679586153863e-66,1.48099945669656,0.091,0.029,6.51526109499584e-62
"CPEB3","CPEB3",2.531446798361e-66,0.526082308392019,0.58,0.471,6.76832930477781e-62
"PSTPIP2","PSTPIP2",3.70336643818011e-66,1.67094230455614,0.091,0.03,9.90169084576216e-62
"HIP1","HIP1",3.74034415903638e-66,-0.290428514037597,0.632,0.777,1.00005581780156e-61
"FCGRT","FCGRT",4.03708548011879e-66,1.11870427360674,0.14,0.062,1.07939554481936e-61
"RANBP17","RANBP17",4.93446409891323e-66,-0.99395437845324,0.147,0.248,1.31932766612643e-61
"HK2","HK2",5.20918449032079e-66,1.06569792154934,0.147,0.066,1.39277965717707e-61
"HISLA","HISLA",5.64911582725304e-66,2.16044032788907,0.061,0.013,1.51040409873264e-61
"WNT2B","WNT2B",5.65284104616486e-66,1.2329250927751,0.167,0.083,1.5114001105131e-61
"LYST","LYST",6.04140383171121e-66,0.716971741145883,0.477,0.375,1.61529014248463e-61
"KANSL1","KANSL1",6.7131910975843e-66,0.377615748065689,0.809,0.764,1.79490590376111e-61
"HECA","HECA",7.0278245120508e-66,1.26513446355217,0.169,0.085,1.87902943978702e-61
"LINC01299","LINC01299",8.14276359495302e-66,-1.90336552216903,0.02,0.077,2.17713070238259e-61
"LIMS1","LIMS1",9.08779236005601e-66,0.813086761331243,0.451,0.348,2.42980304330818e-61
"FMO5","FMO5",1.02477052462735e-65,1.34329071860255,0.217,0.127,2.73992895169615e-61
"ZNF189","ZNF189",1.07365320779973e-65,-0.798785475866479,0.184,0.293,2.87062658169415e-61
"TTYH3","TTYH3",1.82683195204468e-65,1.35142730153698,0.136,0.06,4.88440059018186e-61
"AMOTL2","AMOTL2",2.73725899417626e-65,-0.740319281528225,0.165,0.274,7.31860937272907e-61
"SLC15A2","SLC15A2",2.79303960106269e-65,1.2899884297934,0.137,0.061,7.46774998136133e-61
"ENSG00000253535","ENSG00000253535",5.91116505925024e-65,1.00214258232581,0.133,0.057,1.58046820189174e-60
"ENAH","ENAH",6.38707029975279e-65,-0.533432755271298,0.331,0.459,1.7077109860449e-60
"CLIC4","CLIC4",7.17622325078117e-65,-0.523827831721202,0.395,0.518,1.91870681056136e-60
"CAB39","CAB39",8.52893605044797e-65,0.763457680608885,0.436,0.334,2.28038163180827e-60
"DOCK5","DOCK5",1.03354962384678e-64,-0.297209087526076,0.773,0.835,2.76340162927913e-60
"APAF1","APAF1",1.76458145070375e-64,1.10177712511283,0.198,0.109,4.71796142474663e-60
"ENSG00000273748","ENSG00000273748",2.0133277766438e-64,0.7101028243142,0.356,0.245,5.38303447641254e-60
"LOC101927314","LOC101927314",2.16930313517855e-64,-0.484038222505215,0.36,0.49,5.8000657925269e-60
"GPHN","GPHN",2.20157606030585e-64,-0.310739687184949,0.781,0.846,5.88635391243974e-60
"CLVS1","CLVS1",2.20329268258146e-64,-1.36276948833719,0.074,0.156,5.89094364541805e-60
"RAB39A","RAB39A",2.2626168805788e-64,1.5233975093733,0.088,0.029,6.04955875360353e-60
"EFS","EFS",2.84273491709932e-64,-1.01543786110476,0.116,0.21,7.60062034784844e-60
"TMEM65","TMEM65",3.43516305956589e-64,0.804495495425295,0.341,0.232,9.18459547236132e-60
"KLHL42","KLHL42",3.72708357378608e-64,-0.695711921802922,0.231,0.346,9.96510335123185e-60
"NOTCH2","NOTCH2",3.9315349414134e-64,0.951462822395686,0.207,0.114,1.0511744972857e-59
"BTBD3","BTBD3",4.29725205139499e-64,-0.505185112439463,0.392,0.518,1.14895628098148e-59
"DST","DST",4.33094438680685e-64,-0.216789853566734,0.905,0.953,1.15796460070055e-59
"CMKLR1","CMKLR1",4.44538742721366e-64,0.877532831073614,0.128,0.053,1.18856323641412e-59
"ENSG00000258561","ENSG00000258561",4.88049288298407e-64,-1.33971077996343,0.05,0.125,1.30489738212345e-59
"ERGIC1","ERGIC1",4.94010445732386e-64,0.75050228199447,0.381,0.275,1.32083572875468e-59
"SNAP23","SNAP23",5.32100001797626e-64,0.725791530488176,0.379,0.27,1.42267577480631e-59
"LRRC8B","LRRC8B",8.48077169922003e-64,-0.536208958395509,0.324,0.448,2.26750392922046e-59
"CORO1A","CORO1A",9.28973641982967e-64,1.25073041785643,0.105,0.039,2.48379682656986e-59
"OTULINL","OTULINL",1.1356769818343e-63,0.974162823601742,0.139,0.061,3.03645954633037e-59
"LUZP1","LUZP1",1.22054140550669e-63,1.11774920059838,0.167,0.084,3.26336155590325e-59
"ENSG00000239828","ENSG00000239828",2.65181509532073e-63,-1.10050792453915,0.118,0.211,7.09015802035902e-59
"CDH19","CDH19",2.86342747973846e-63,-0.547564045930884,0.323,0.446,7.65594605257671e-59
"IFNGR1","IFNGR1",4.47688742440979e-63,0.772649100960533,0.372,0.268,1.19698539066445e-58
"FLT1","FLT1",5.35223684429285e-63,2.09476427270219,0.073,0.021,1.43102756505858e-58
"CEBPA","CEBPA",6.7428847822854e-63,1.58743848705679,0.085,0.027,1.80284510423965e-58
"PTGS1","PTGS1",7.17497052464882e-63,1.43106806831951,0.094,0.032,1.91837186917535e-58
"SNCA","SNCA",7.42522789006709e-63,0.605973563321846,0.513,0.403,1.98528318096724e-58
"CAPG","CAPG",1.08828219974924e-62,1.4507281704485,0.079,0.024,2.90974011746954e-58
"ENSG00000259678","ENSG00000259678",1.61434092870435e-62,1.00298130327381,0.261,0.164,4.31626334107683e-58
"SLC2A13","SLC2A13",1.83526217462238e-62,0.754869275537938,0.297,0.19,4.90694047628785e-58
"PCED1B","PCED1B",1.90102774764619e-62,1.10972444363925,0.151,0.072,5.08277788888162e-58
"ADAM19","ADAM19",1.90486972118482e-62,-0.760464655068913,0.155,0.259,5.09305017353185e-58
"DNM1L","DNM1L",2.02819415452114e-62,-0.524884148512954,0.337,0.456,5.42278271094316e-58
"ZMAT1","ZMAT1",2.24897750046371e-62,-0.574078931567377,0.3,0.418,6.01309114298981e-58
"SREBF1","SREBF1",2.39750855874453e-62,-0.703909231351286,0.252,0.364,6.41021863351524e-58
"ENSG00000227757","ENSG00000227757",2.45049583994642e-62,-1.12992692008825,0.088,0.174,6.55189072726475e-58
"ITGA9","ITGA9",3.37119295260899e-62,0.929646471638971,0.233,0.137,9.01355859739067e-58
"PPARD","PPARD",3.50680032621066e-62,0.993560552079879,0.369,0.274,9.37613203218944e-58
"TGFBI","TGFBI",3.69563287567316e-62,2.58937816935752,0.049,0.008,9.88101361968732e-58
"IL1RAP","IL1RAP",4.01850065304472e-62,0.853186714229344,0.25,0.151,1.07442651960457e-57
"RAB11FIP4","RAB11FIP4",4.16633973736022e-62,-0.577283075022621,0.274,0.398,1.113954255578e-57
"PRKX","PRKX",4.64672855196909e-62,0.737257083175007,0.329,0.224,1.24239581293998e-57
"SCGB2B2","SCGB2B2",5.20420100327061e-62,-0.7703672472904,0.197,0.305,1.39144722224446e-57
"DOK3","DOK3",5.77651298854366e-62,1.60447240463164,0.072,0.02,1.54446627774692e-57
"SELPLG","SELPLG",6.56240104082101e-62,1.21374470512582,0.101,0.037,1.75458916628431e-57
"GREM1","GREM1",6.72271378320984e-62,-1.02374515868179,0.098,0.188,1.79745198421682e-57
"BIN1","BIN1",7.3306973646396e-62,-0.398053476355866,0.557,0.67,1.96000855438369e-57
"TPPP","TPPP",7.74781704388456e-62,-0.438183572131333,0.343,0.476,2.07153384302342e-57
"PHACTR2","PHACTR2",9.39492017438693e-62,1.27710891099289,0.201,0.115,2.51191980702583e-57
"OTUD7B","OTUD7B",9.7942629203639e-62,-0.427240257419713,0.427,0.554,2.6186920770177e-57
"GRN","GRN",1.03261568539769e-61,1.05637245388828,0.191,0.104,2.76090455804782e-57
"SPANXA2-OT1","SPANXA2-OT1",1.39616427739667e-61,-1.4339755737882,0.051,0.123,3.73292442847548e-57
"RGL3","RGL3",1.50647377374061e-61,1.70363329514693,0.073,0.02,4.02785892885028e-57
"SEMA6D","SEMA6D",1.75024367657933e-61,-0.699829152111004,0.199,0.31,4.67962651807014e-57
"HIPK2","HIPK2",1.94776725104131e-61,-0.330036709142227,0.709,0.803,5.20774529910915e-57
"ZNF704","ZNF704",2.00117546795778e-61,-0.353808361106887,0.537,0.678,5.35054284867872e-57
"EPSTI1","EPSTI1",2.00558897090035e-61,1.1023366648711,0.129,0.057,5.36234323149628e-57
"HPGDS","HPGDS",2.18143812033789e-61,1.65277263129339,0.09,0.031,5.83251110234741e-57
"USP54","USP54",2.2507549816638e-61,-0.254880500803253,0.615,0.779,6.01784359447452e-57
"RALGAPA1","RALGAPA1",2.6214403432733e-61,-0.32458726103103,0.66,0.758,7.00894504580982e-57
"FA2H","FA2H",2.87967870957136e-61,-0.30919049646243,0.515,0.668,7.69939696578094e-57
"SH3TC2","SH3TC2",3.69499321813007e-61,-0.392500343411541,0.383,0.524,9.87930336731437e-57
"CTTNBP2NL","CTTNBP2NL",4.80915937336247e-61,0.893509778169373,0.292,0.194,1.28582494165592e-56
"ZNF532","ZNF532",4.96152760621065e-61,-0.445136064915259,0.453,0.576,1.32656363607254e-56
"CASP1","CASP1",5.77701080294924e-61,2.1103627739491,0.057,0.012,1.54459937838454e-56
"JADE2","JADE2",8.97076934240018e-61,0.823622479097065,0.288,0.188,2.39851459907753e-56
"PDGFC","PDGFC",1.23904177349904e-60,0.977131588958798,0.22,0.128,3.31282598980437e-56
"TMEM235","TMEM235",1.36112323222863e-60,-0.621175248602401,0.184,0.293,3.63923518600968e-56
"OLIG1","OLIG1",1.53976555295127e-60,-0.371753393643811,0.35,0.482,4.11687115892581e-56
"APC2","APC2",1.54097302381831e-60,-0.688828712903097,0.184,0.29,4.120099573783e-56
"GNG2","GNG2",1.56678883494654e-60,1.2101671905134,0.159,0.08,4.18912330799656e-56
"CYTH4","CYTH4",1.65470838240764e-60,1.22505315982128,0.102,0.039,4.42419380204332e-56
"TBC1D22A","TBC1D22A",1.79149419782417e-60,0.603030170013642,0.625,0.557,4.78991803672249e-56
"TRPM6","TRPM6",1.91751895825257e-60,-0.863263327737149,0.145,0.244,5.1268704386799e-56
"APLP2","APLP2",2.17012299873019e-60,0.750050395606014,0.301,0.197,5.8022578617049e-56
"CD99","CD99",2.26811002204973e-60,1.29439131622435,0.104,0.04,6.06424576595435e-56
"CLEC1A","CLEC1A",2.55798947256992e-60,2.84408637012173,0.043,0.005,6.8392964528102e-56
"ARID5A","ARID5A",3.2904857743627e-60,1.21551209120978,0.12,0.051,8.79777181491355e-56
"IKBIP","IKBIP",3.6523656039618e-60,1.45892583752751,0.101,0.038,9.76532991531266e-56
"ENSG00000257258","ENSG00000257258",3.89417518331343e-60,1.8468123764824,0.07,0.019,1.04118561876251e-55
"MSR1","MSR1",4.32082659656858e-60,1.30838539215967,0.184,0.102,1.15525940712454e-55
"FKTN","FKTN",4.5069334634427e-60,-0.697554284314199,0.18,0.287,1.20501880012067e-55
"ATP11C","ATP11C",6.97844949573068e-60,0.803055389835561,0.282,0.182,1.86582804167351e-55
"FGR","FGR",7.01868689155152e-60,1.99071437893407,0.058,0.013,1.87658631419413e-55
"IFNLR1","IFNLR1",7.70789457196826e-60,1.93766506767292,0.061,0.015,2.06085977170715e-55
"PIAS1","PIAS1",7.84975248841369e-60,0.484739374368349,0.617,0.528,2.09878832282717e-55
"PKP4","PKP4",8.00212188661605e-60,-0.285065718802212,0.633,0.767,2.13952732882453e-55
"HSPA5","HSPA5",8.68383155956982e-60,1.1327936600812,0.267,0.174,2.32179604408218e-55
"IPCEF1","IPCEF1",9.12042973678674e-60,0.96545795641847,0.231,0.14,2.43852929872467e-55
"GRAMD1B","GRAMD1B",9.12743401151853e-60,0.769028382814668,0.27,0.169,2.44040203165971e-55
"AXL","AXL",1.30849762060108e-59,0.984034453124029,0.16,0.08,3.49853008820112e-55
"GRK5","GRK5",1.34494924048526e-59,0.975893108692939,0.164,0.083,3.59599078428545e-55
"CPM","CPM",1.42768456750227e-59,0.784696818971712,0.512,0.426,3.81720022813082e-55
"PTS","PTS",2.04831387176126e-59,-0.808602099850675,0.14,0.237,5.47657679892808e-55
"CYTIP","CYTIP",2.05883502287686e-59,1.72967815446078,0.068,0.018,5.50470720066587e-55
"TYMP","TYMP",2.08513474339824e-59,1.24876456151654,0.093,0.033,5.57502476342388e-55
"PPP1R12B","PPP1R12B",2.65885363042662e-59,-0.410126649936179,0.63,0.709,7.10897695167164e-55
"SLC12A2-DT","SLC12A2-DT",2.92143270140132e-59,-0.500993399743134,0.353,0.471,7.81103461373671e-55
"PCSK6","PCSK6",2.94087155562929e-59,-0.240096718949323,0.489,0.649,7.86300827828603e-55
"GALM","GALM",3.72269317248103e-59,1.38083254564809,0.09,0.032,9.95336473526254e-55
"PYGL","PYGL",3.90408936271587e-59,0.935151432493692,0.195,0.108,1.04383637290934e-54
"TMEM163","TMEM163",4.20177790001057e-59,1.35100641364912,0.28,0.187,1.12342935712583e-54
"CREBRF","CREBRF",4.79171778107882e-59,0.57718448932893,0.446,0.339,1.28116158312704e-54
"NPFFR1","NPFFR1",4.89220698523234e-59,2.72259267145631,0.056,0.012,1.30802938164157e-54
"MXI1","MXI1",6.14532667753859e-59,-0.37315577051049,0.506,0.631,1.64307599377349e-54
"RNF32-DT","RNF32-DT",6.38408976630401e-59,-1.00161074797267,0.103,0.19,1.7069140808167e-54
"CX3CR1","CX3CR1",6.72100122734007e-59,1.07098948818317,0.121,0.052,1.79699409815391e-54
"COL9A3","COL9A3",7.30024694343876e-59,-0.839774559832001,0.122,0.216,1.95186702526722e-54
"MOB3B","MOB3B",1.02272239324795e-58,-0.451359915403428,0.516,0.618,2.73445286282704e-54
"DOC2A","DOC2A",1.18961368323342e-58,1.83541541968383,0.061,0.015,3.1806701048612e-54
"TLE3","TLE3",1.88651408809122e-58,1.2376308163399,0.132,0.061,5.04397271732949e-54
"LRP2","LRP2",2.11299165355745e-58,-0.362429307062057,0.372,0.516,5.64950578411656e-54
"PRAM1","PRAM1",2.84517284244294e-58,0.885156079911896,0.169,0.087,7.60713862883969e-54
"ZNF516","ZNF516",3.04821177418065e-58,0.996351899059771,0.178,0.095,8.1500038206268e-54
"GBP2","GBP2",3.53803392530224e-58,1.84382375174643,0.063,0.016,9.45964130608061e-54
"STOM","STOM",3.73424455888074e-58,1.0862747496876,0.154,0.077,9.98424967707943e-54
"LILRB4","LILRB4",4.4184773609941e-58,1.20927358258838,0.089,0.031,1.18136829200899e-53
"LRRFIP2","LRRFIP2",4.52275429198706e-58,-0.429974065114803,0.494,0.608,1.20924881504858e-53
"PAAF1","PAAF1",4.62142484103658e-58,-0.714393951607639,0.191,0.295,1.23563035974795e-53
"LIFR-AS1","LIFR-AS1",4.96972230645599e-58,-1.28768066445533,0.046,0.113,1.32875465307714e-53
"ENSG00000249061","ENSG00000249061",6.03760269147879e-58,-2.06138623216606,0.015,0.065,1.61427383162068e-53
"C10orf90","C10orf90",6.45500814024627e-58,-0.195422557259203,0.62,0.801,1.72587552645764e-53
"ENSG00000253988","ENSG00000253988",6.75763486033157e-58,1.04363621786931,0.109,0.044,1.80678883260685e-53
"LRRTM3","LRRTM3",7.13202906570897e-58,-0.449323749368542,0.341,0.464,1.90689061129861e-53
"NABP1","NABP1",7.23400094620384e-58,1.23522502586997,0.098,0.037,1.93415483298652e-53
"LINC01684","LINC01684",8.20713312762745e-58,1.12795800015594,0.117,0.05,2.19434118433375e-53
"UACA","UACA",9.76261283637962e-58,-0.658004967371872,0.195,0.301,2.61022979406282e-53
"CRYL1","CRYL1",1.1054044989881e-57,-0.498949408971564,0.273,0.39,2.95552000894447e-53
"PPM1H","PPM1H",1.15643876994505e-57,-0.385268782338391,0.448,0.574,3.09197033920207e-53
"SLC12A2","SLC12A2",1.23220312349415e-57,-0.37964606797347,0.489,0.618,3.29454149128632e-53
"CYP2J2","CYP2J2",1.26219295442364e-57,-0.71413982197229,0.184,0.287,3.37472530224248e-53
"MR1","MR1",1.33873771808853e-57,1.62848227022773,0.072,0.021,3.57938303685329e-53
"SMARCA2","SMARCA2",1.3861644316693e-57,0.477037315634851,0.563,0.465,3.7061878409542e-53
"CPB1","CPB1",1.44271341683944e-57,-1.51549233019018,0.047,0.114,3.8573828626036e-53
"LINC01505","LINC01505",1.96957946563199e-57,-0.814629296436654,0.297,0.4,5.26606461726026e-53
"ZNG1E","ZNG1E",2.02222604887123e-57,0.803413899471869,0.292,0.195,5.40682578686701e-53
"ARAP1","ARAP1",2.31359205485122e-57,0.781999108444048,0.296,0.197,6.1858510770557e-53
"CECR2","CECR2",3.53520284838904e-57,-0.408031170629559,0.411,0.535,9.45207185573776e-53
"STK31","STK31",3.61138498709728e-57,-2.05266835562713,0.018,0.069,9.655760040002e-53
"ARHGAP12","ARHGAP12",3.61777792610025e-57,0.458348351287176,0.474,0.36,9.67285284101424e-53
"SLC12A7","SLC12A7",3.91946778157035e-57,1.65645092810971,0.069,0.02,1.04794810075846e-52
"HMOX1","HMOX1",4.03588073214447e-57,1.60411301639708,0.089,0.032,1.07907343135347e-52
"KIRREL3","KIRREL3",4.81178898808416e-57,-0.335373189604709,0.499,0.638,1.28652802174406e-52
"EPN2","EPN2",4.85440374379491e-57,-0.450708032142201,0.64,0.75,1.29792192897844e-52
"ENSG00000232855","ENSG00000232855",4.96622942400313e-57,-0.608879341957479,0.211,0.321,1.32782076109572e-52
"LSP1","LSP1",5.88583652072052e-57,2.39056190676948,0.046,0.008,1.57369611054505e-52
"ENSG00000223797","ENSG00000223797",7.5479464423905e-57,-0.766053243312653,0.2,0.301,2.01809444030195e-52
"PDE1A","PDE1A",8.07744008907969e-57,-0.682880288533294,0.27,0.379,2.15966515661724e-52
"DOCK4","DOCK4",1.11586232159271e-56,0.611204583653259,0.94,0.932,2.98348108924242e-52
"ANO6","ANO6",1.27465122324532e-56,0.755192720856483,0.241,0.146,3.40803497559101e-52
"FBN1","FBN1",1.27892395362187e-56,-0.443845412935909,0.344,0.472,3.4194589747988e-52
"KANSL1L","KANSL1L",1.28403496256608e-56,0.469746089716955,0.582,0.489,3.43312427941294e-52
"MCPH1","MCPH1",1.29427294410099e-56,0.58410207903656,0.433,0.327,3.46049757064283e-52
"ENSG00000229751","ENSG00000229751",1.45138525523875e-56,1.2881787494109,0.079,0.026,3.88056875693183e-52
"GNAQ","GNAQ",1.67623576707869e-56,0.404663681572869,0.879,0.855,4.48175157043831e-52
"ENSG00000257139","ENSG00000257139",2.15430239268457e-56,-0.730274990226953,0.161,0.26,5.75995830732073e-52
"MGST2","MGST2",2.18034949153963e-56,1.13107473530552,0.146,0.073,5.82960043552951e-52
"TMSB10","TMSB10",2.18719326346626e-56,0.910103779359085,0.233,0.143,5.84789862852973e-52
"NBPF19","NBPF19",2.58098231691909e-56,1.47036123226895,0.112,0.048,6.90077242074657e-52
"EEIG1","EEIG1",2.60541309059297e-56,-0.502145758454799,0.306,0.426,6.96609298031843e-52
"CD22","CD22",3.06180558067404e-56,-0.346562830287139,0.399,0.541,8.18634958104819e-52
"PIK3CG","PIK3CG",3.79663718545468e-56,1.42516073851493,0.082,0.028,1.01510688427502e-51
"PPID","PPID",5.1390656270136e-56,1.06979996569289,0.172,0.093,1.37403197669463e-51
"YBX3","YBX3",5.31470352878041e-56,1.29613997121093,0.105,0.043,1.42099228249002e-51
"RAB27A","RAB27A",5.45199802909487e-56,1.08438094793857,0.188,0.106,1.45770071303909e-51
"SEPTIN6","SEPTIN6",5.62419845249271e-56,1.02171255268921,0.161,0.083,1.50374194024298e-51
"POGZ","POGZ",6.12338254493834e-56,-0.328504266791905,0.647,0.723,1.63720879104016e-51
"AP1B1","AP1B1",6.87555090554468e-56,0.711181158390055,0.279,0.184,1.83831604561548e-51
"EAF2","EAF2",7.49057042026274e-56,1.24673781704077,0.133,0.063,2.00275381326565e-51
"GSDME","GSDME",9.00341987187254e-56,1.40273076641386,0.106,0.044,2.40724437114256e-51
"FTH1","FTH1",9.72069272872173e-56,-0.389119694523397,0.718,0.788,2.59902161487833e-51
"PIGU","PIGU",1.06092429171725e-55,-0.617502200886911,0.256,0.366,2.83659327876442e-51
"ITGB5","ITGB5",1.18598652519929e-55,0.916939364373805,0.191,0.108,3.17097217242534e-51
"RBMS1","RBMS1",1.200824871787e-55,1.01817249280876,0.279,0.191,3.21064545969689e-51
"GLIPR1","GLIPR1",1.27804663900889e-55,1.61748383851739,0.077,0.025,3.41711329871806e-51
"REPS2","REPS2",1.29518025391969e-55,-0.483727307334235,0.41,0.521,3.46292344490507e-51
"RBM48","RBM48",1.3650770811031e-55,0.939207342248745,0.223,0.135,3.64980659174535e-51
"CEP170","CEP170",1.54535964773741e-55,0.377344901238331,0.733,0.673,4.13182809015552e-51
"MANBA","MANBA",1.67464509931402e-55,0.665904578681027,0.406,0.308,4.4774986020359e-51
"LANCL2","LANCL2",2.06198070555139e-55,-0.689521847710111,0.187,0.289,5.51311781243274e-51
"PLAAT3","PLAAT3",2.09636414943165e-55,-0.368427200631282,0.482,0.602,5.60504882633539e-51
"SNX3","SNX3",2.26487969233442e-55,0.746183745119186,0.302,0.205,6.05560883339454e-51
"DYNC2H1","DYNC2H1",2.69684571272375e-55,-0.589359257437608,0.22,0.327,7.21055638210949e-51
"MIR34AHG","MIR34AHG",2.74722708028788e-55,1.28745689217721,0.122,0.056,7.3452610445657e-51
"TMEM243","TMEM243",3.47720474261847e-55,1.44124655959833,0.103,0.043,9.297002320339e-51
"LRRC4C","LRRC4C",3.69042565943269e-55,-0.191969745705836,0.441,0.577,9.86709108562518e-51
"SNX10","SNX10",4.08142738158828e-55,1.39470699957504,0.141,0.071,1.09125123901526e-50
"PHC2","PHC2",4.18721520851211e-55,0.548852833978089,0.588,0.513,1.11953573029988e-50
"LOC105375903","LOC105375903",4.75009886772631e-55,2.27693386467413,0.044,0.007,1.27003393426398e-50
"IL6R","IL6R",4.82614831805436e-55,1.04738917654004,0.152,0.077,1.2903672757982e-50
"TMEM63A","TMEM63A",4.88143817988833e-55,-0.432847313915477,0.419,0.53,1.30515012615674e-50
"CLEC2D","CLEC2D",4.93244951683492e-55,1.08347409756897,0.151,0.076,1.31878902731615e-50
"PLA2G7","PLA2G7",5.94099131665501e-55,1.80083550682433,0.067,0.02,1.58844284833405e-50
"ANKRD44","ANKRD44",6.57525409243406e-55,0.528558679274231,0.767,0.72,1.7580256866941e-50
"LINC01122","LINC01122",7.45106399239118e-55,-0.942875229421203,0.092,0.174,1.99219097964563e-50
"SASH3","SASH3",8.63924000118403e-55,1.4898634384928,0.071,0.022,2.30987359911657e-50
"SMAD3","SMAD3",8.91612229548442e-55,0.953167152483652,0.189,0.107,2.38390361814367e-50
"TBC1D5","TBC1D5",1.50950362667378e-54,0.323859424062795,0.887,0.865,4.03595984663768e-50
"DIP2C","DIP2C",1.57490848664367e-54,-0.206066925880704,0.703,0.843,4.21083282073918e-50
"MLXIPL","MLXIPL",1.84932677040324e-54,0.838195045800916,0.131,0.06,4.94454498602715e-50
"LINC00499","LINC00499",1.85723127763473e-54,3.52207372786368,0.055,0.013,4.96567926701197e-50
"RGS18","RGS18",1.91574019961792e-54,1.86114087585609,0.06,0.015,5.12211457171843e-50
"ADD1","ADD1",2.07074669442694e-54,-0.477693696029702,0.57,0.656,5.53655543688932e-50
"FPR1","FPR1",2.17528365364307e-54,1.38159680396176,0.071,0.022,5.81605590474548e-50
"CMTM6","CMTM6",2.28107103602372e-54,1.02597958683538,0.16,0.083,6.09889962901663e-50
"SERPINE1","SERPINE1",2.37166655499183e-54,1.4851931013356,0.065,0.018,6.34112486808167e-50
"CXCL16","CXCL16",2.43750207049431e-54,1.36708398613795,0.097,0.039,6.51714928588064e-50
"CD163L1","CD163L1",2.74065128507011e-54,1.29520948017086,0.111,0.048,7.32767934089195e-50
"FAXDC2","FAXDC2",3.2295652997339e-54,-0.408882402058584,0.376,0.497,8.63488874189854e-50
"MALAT1","MALAT1",3.29021154862223e-54,-0.162139872233197,1,1,8.79703861755125e-50
"WIPF3","WIPF3",3.72648945649599e-54,1.65245318330135,0.081,0.028,9.96351485983332e-50
"ENSG00000270898","ENSG00000270898",3.99969446842727e-54,0.754167390966853,0.289,0.191,1.0693983100234e-49
"GNAO1","GNAO1",4.5941975603994e-54,-0.184425494241843,0.562,0.72,1.22835060172399e-49
"SEC24D","SEC24D",4.63977213108104e-54,1.11897679745666,0.155,0.081,1.24053587468714e-49
"SRD5A3","SRD5A3",4.76522292921364e-54,-1.09403789567105,0.08,0.156,1.27407765458385e-49
"PLAC8","PLAC8",5.27832241893323e-54,1.82133251247,0.07,0.021,1.41126506515018e-49
"PAQR6","PAQR6",5.96809867504859e-54,-0.781222029651598,0.126,0.216,1.59569054274774e-49
"ATP10D","ATP10D",6.76652905876808e-54,0.741501704525265,0.264,0.17,1.80916687444282e-49
"RGS19","RGS19",7.64846023409909e-54,1.25898369809866,0.08,0.028,2.04496881279107e-49
"DNAJC5","DNAJC5",8.19693472329985e-54,0.698213098760869,0.343,0.247,2.19161443696868e-49
"VWA8","VWA8",1.16606497433994e-53,-0.453144014700424,0.39,0.507,3.1177079218927e-49
"MIR3667HG","MIR3667HG",1.40672600650005e-53,1.07207588676246,0.144,0.072,3.76116332357918e-49
"ZNF804A","ZNF804A",1.62303310309072e-53,1.20320822366292,0.17,0.093,4.33950360773366e-49
"ZBTB1","ZBTB1",1.72491033984267e-53,0.663634202712838,0.398,0.301,4.61189277563735e-49
"LINC01285","LINC01285",1.81035178747374e-53,-1.0722222656849,0.068,0.142,4.84033757416855e-49
"SLF2","SLF2",1.83636822812214e-53,-0.43689951772476,0.447,0.552,4.90989773153016e-49
"BDNF-AS","BDNF-AS",1.98118672168295e-53,-0.69193710347387,0.229,0.33,5.29709893776371e-49
"CUEDC1","CUEDC1",2.36676679589403e-53,-0.43824509404572,0.398,0.513,6.32802438218187e-49
"PLCXD1","PLCXD1",2.81464962540301e-53,1.76323204786056,0.113,0.051,7.52552870344003e-49
"NEK10","NEK10",2.93731466506915e-53,1.63350157267502,0.119,0.056,7.85349821999538e-49
"PHF21A","PHF21A",3.68465605135644e-53,0.401087749978439,0.709,0.645,9.85166488451172e-49
"MIB1","MIB1",4.00455735206688e-53,0.484381350700046,0.54,0.444,1.07069849922212e-48
"MFSD6","MFSD6",4.22209666663295e-53,-0.505860842728148,0.302,0.413,1.12886198575765e-48
"ARNT2","ARNT2",4.79173939358218e-53,-0.428179206341682,0.343,0.463,1.28116736166207e-48
"MARCHF1","MARCHF1",5.15723847729593e-53,-0.250064742970508,0.916,0.943,1.37889085167461e-48
"SH3BP2","SH3BP2",5.36541330299197e-53,1.17839184570487,0.099,0.04,1.43455055482096e-48
"DIRC3","DIRC3",6.53825508096729e-53,1.85937290971753,0.211,0.131,1.74813326099823e-48
"BEST1","BEST1",7.14453645773415e-53,-0.713281389562531,0.191,0.289,1.91023471270438e-48
"CD4","CD4",7.47351563339228e-53,0.973596298649487,0.107,0.045,1.99819387490009e-48
"SOX8","SOX8",8.01863984355311e-53,-0.418848132347365,0.284,0.405,2.14394373497079e-48
"PARP14","PARP14",1.06010851789127e-52,0.711780352801103,0.204,0.118,2.8344121442859e-48
"GNA13","GNA13",1.15075383893854e-52,0.821406161763292,0.301,0.21,3.07677053916998e-48
"FGD4","FGD4",1.37290704544098e-52,0.88837189919166,0.529,0.466,3.67074156739555e-48
"NFKBIZ","NFKBIZ",1.50874196714092e-52,0.737421104092646,0.325,0.231,4.03392339754467e-48
"PLEKHO1","PLEKHO1",1.51302440862196e-52,0.931512801188657,0.142,0.071,4.04537336133255e-48
"MYO1D","MYO1D",1.52910273595899e-52,-0.343804242149829,0.537,0.646,4.08836198513355e-48
"WSB1","WSB1",1.54239513028456e-52,-0.253788101131095,0.774,0.854,4.12390185984183e-48
"HSPA4","HSPA4",1.68587241221699e-52,0.740823653623152,0.283,0.189,4.50751706854456e-48
"CACYBP","CACYBP",1.81467212797131e-52,1.03150624364223,0.183,0.105,4.85188886855688e-48
"LINC01102","LINC01102",2.12242323729118e-52,-0.894830870249896,0.105,0.188,5.67472300954543e-48
"DRAM1","DRAM1",2.30780464090955e-52,1.82485051277128,0.074,0.025,6.17037726839987e-48
"ST3GAL1","ST3GAL1",2.36663106719767e-52,1.0181800279326,0.129,0.062,6.32766148436642e-48
"SARAF","SARAF",2.64687158632067e-52,0.558344265277038,0.444,0.346,7.07694056034557e-48
"LYL1","LYL1",3.0928633492146e-52,1.647526827684,0.062,0.017,8.26938873679507e-48
"HDAC9","HDAC9",3.33902120967868e-52,0.678651412274567,0.585,0.501,8.92754100831789e-48
"MALT1","MALT1",3.54099361063067e-52,0.936692109345395,0.203,0.121,9.46755461674323e-48
"FLOT1","FLOT1",3.54294162254974e-52,0.765786707436504,0.274,0.183,9.47276301621124e-48
"FAM177B","FAM177B",4.84782959209733e-52,1.20165417131544,0.078,0.027,1.29616419803906e-47
"SPON1","SPON1",5.52752741671728e-52,1.88387225756421,0.113,0.052,1.4778950054077e-47
"ENSG00000223749","ENSG00000223749",6.55553863596189e-52,2.15039848904848,0.052,0.012,1.75275436509713e-47
"EPS8","EPS8",7.32530056315978e-52,0.548511718587064,0.489,0.392,1.95856561157203e-47
"PTGER4P2-CDK2AP2P2","PTGER4P2-CDK2AP2P2",7.51884357412819e-52,1.17146768458924,0.098,0.04,2.01031320641466e-47
"HEPH","HEPH",7.54674771664909e-52,-1.25839664470093,0.049,0.113,2.01777393700047e-47
"CUX1","CUX1",8.24452350241601e-52,0.435340245044359,0.674,0.603,2.20433824884097e-47
"ENSG00000227028","ENSG00000227028",8.45534245483234e-52,1.22587567991442,0.11,0.048,2.26070491214852e-47
"TSPAN5","TSPAN5",8.66592449208291e-52,-0.354821912604527,0.49,0.616,2.31700823144821e-47
"MON2","MON2",8.98242686281745e-52,-0.336875421801313,0.63,0.713,2.4016314703115e-47
"PLCB2","PLCB2",8.98420725411363e-52,0.990105809014822,0.108,0.046,2.40210749353236e-47
"TMC8","TMC8",9.17135536823874e-52,1.0056667533002,0.143,0.072,2.45214528480599e-47
"ENSG00000284959","ENSG00000284959",9.7610321584031e-52,0.834409574696917,0.297,0.204,2.60980716819224e-47
"GRIA2","GRIA2",1.3069516280466e-51,-0.327436536141977,0.447,0.577,3.4943965679082e-47
"NAV1","NAV1",1.55215436013721e-51,-0.295357977912042,0.565,0.688,4.14999511269885e-47
"TG","TG",1.97812777527107e-51,1.48990535186625,0.067,0.02,5.28892023274225e-47
"DPYD","DPYD",2.1135183366996e-51,-0.257579449208813,0.793,0.83,5.65091397683373e-47
"ENSG00000225313","ENSG00000225313",2.1951199944349e-51,1.19986506782047,0.096,0.039,5.8690923291206e-47
"ZBTB20","ZBTB20",2.32610224787828e-51,-0.189751333040215,0.951,0.975,6.21929958015216e-47
"ZNF846","ZNF846",2.6986390888877e-51,0.895448425322846,0.213,0.13,7.21535133195903e-47
"SLC7A7","SLC7A7",3.26903410492577e-51,1.11211623055485,0.095,0.038,8.74041648634002e-47
"HPN-AS1","HPN-AS1",3.77239153831256e-51,-0.745459269394601,0.188,0.284,1.00862432559863e-46
"HDAC2-AS2","HDAC2-AS2",3.91868002147523e-51,-0.260421884852456,0.455,0.583,1.04773747734183e-46
"VWA1","VWA1",4.38563963248859e-51,-0.579067083833926,0.205,0.309,1.17258846853847e-46
"ZNF217","ZNF217",5.32250227125903e-51,1.18909010062899,0.102,0.043,1.42307743226653e-46
"HPS3","HPS3",5.36611173700504e-51,0.833178225535442,0.248,0.16,1.43473729512304e-46
"ATP8B1","ATP8B1",5.42274268907531e-51,1.35943911878219,0.094,0.038,1.44987871277807e-46
"GLYATL1-AS1","GLYATL1-AS1",5.47480535237327e-51,2.8415683904677,0.039,0.006,1.46379870706404e-46
"GAS6","GAS6",5.96271650215297e-51,0.909496376456551,0.172,0.096,1.59425151118064e-46
"MS4A4A","MS4A4A",6.47427549607472e-51,1.89122600587613,0.061,0.018,1.7310270393855e-46
"GSTA4","GSTA4",6.70364823531265e-51,-0.712364735139492,0.154,0.246,1.79235442867554e-46
"KHDRBS3","KHDRBS3",6.74878254175134e-51,0.607900039954516,0.485,0.381,1.80442198818806e-46
"RHOQ","RHOQ",6.95881105252563e-51,0.707339762863734,0.346,0.251,1.86057731111378e-46
"HCN2","HCN2",1.03192949596069e-50,-0.562786033402207,0.201,0.302,2.75906989335009e-46
"TIAM2","TIAM2",1.05691893228749e-50,0.576562579013612,0.453,0.361,2.82588414925706e-46
"ANAPC5","ANAPC5",1.1238795746872e-50,-0.433648366834111,0.442,0.544,3.00491681884116e-46
"HLA-DQA1","HLA-DQA1",1.25980739740077e-50,1.72070332425773,0.061,0.018,3.36834703843045e-46
"NHLRC3","NHLRC3",1.50989517347223e-50,-0.582049651018973,0.218,0.32,4.0370067253127e-46
"CHD9","CHD9",1.53090368166707e-50,0.321002913854552,0.796,0.746,4.09317717367324e-46
"ZCCHC2","ZCCHC2",1.54402074140731e-50,0.634930611222867,0.351,0.254,4.12824825630073e-46
"ENSG00000273734","ENSG00000273734",1.66951252733547e-50,1.30053544375329,0.084,0.031,4.46377564433684e-46
"AFMID","AFMID",1.71986150040267e-50,-0.662123219366388,0.208,0.306,4.59839369362662e-46
"CDKL5","CDKL5",2.26815965208663e-50,-0.623109112266469,0.225,0.325,6.06437846178403e-46
"KIF1B","KIF1B",2.61267313776137e-50,-0.214961986485426,0.703,0.829,6.98550416843257e-46
"IZUMO4","IZUMO4",2.6812268935391e-50,-1.31004130250384,0.049,0.112,7.1687963452555e-46
"CREBBP","CREBBP",2.77183010923342e-50,0.419792427439846,0.604,0.52,7.4110421630574e-46
"GALNT15","GALNT15",3.27736346346435e-50,-0.58090455915632,0.159,0.252,8.76268669226464e-46
"IGSF8","IGSF8",3.90829750038228e-50,-0.701262696329703,0.166,0.259,1.04496150267721e-45
"TCIRG1","TCIRG1",4.04336852665443e-50,1.82990940015471,0.055,0.014,1.0810754429716e-45
"KCNK6","KCNK6",4.78236792952739e-50,1.55855734346939,0.07,0.023,1.27866171331774e-45
"TULP4","TULP4",5.53173981989282e-50,-0.315748897664497,0.698,0.774,1.47902127564474e-45
"NTM","NTM",6.01902569336573e-50,-0.20917420974528,0.67,0.838,1.6093068996352e-45
"GRB2","GRB2",6.50711171926733e-50,0.751978672643046,0.41,0.328,1.73980646038051e-45
"CNTNAP2","CNTNAP2",6.80394489659307e-50,-0.113816977398291,0.467,0.612,1.81917074700209e-45
"BACH2","BACH2",8.13198839636075e-50,-0.358647575437376,0.465,0.587,2.17424973753497e-45
"IL6ST","IL6ST",8.54846564428932e-50,0.707001880075027,0.476,0.392,2.28560325931363e-45
"SINHCAF","SINHCAF",8.59683670771103e-50,1.46391360974926,0.075,0.026,2.2985362305407e-45
"ADAMTS4","ADAMTS4",9.07724838267651e-50,-0.744498751007766,0.141,0.23,2.42698390007622e-45
"NUCKS1","NUCKS1",1.00815845557951e-49,-0.370566425393312,0.511,0.614,2.69551326268295e-45
"TMEM132C","TMEM132C",1.0127709101814e-49,-0.487457031062392,0.226,0.338,2.70784558255201e-45
"TCF12","TCF12",1.02094575916577e-49,-0.208963352578472,0.954,0.971,2.72970267628151e-45
"SLC17A9","SLC17A9",1.15293866083814e-49,1.9368433442397,0.049,0.011,3.08261209748293e-45
"CFD","CFD",1.42568377476518e-49,2.04863079949456,0.044,0.009,3.81185070858966e-45
"SMS","SMS",1.48744926960585e-49,1.1715724763699,0.133,0.067,3.97699311214515e-45
"PPA1","PPA1",1.52110753456043e-49,0.750368962432791,0.439,0.362,4.06698521515423e-45
"GPSM3","GPSM3",1.69789658670227e-49,1.61850777395307,0.06,0.017,4.53966610386585e-45
"ENSG00000270069","ENSG00000270069",1.90705982863427e-49,1.46264987943787,0.072,0.024,5.09890586381944e-45
"MAP3K14","MAP3K14",1.98469466713893e-49,0.922228227737739,0.171,0.096,5.30647813152937e-45
"BAG2","BAG2",2.07408205075314e-49,1.37616857425012,0.096,0.04,5.54547317909866e-45
"ARRB1","ARRB1",2.22687025223581e-49,0.70466173074021,0.269,0.178,5.9539829934029e-45
"NFIL3","NFIL3",2.45563859776676e-49,1.66298197296641,0.073,0.026,6.56564091884898e-45
"CD81","CD81",2.7052382541624e-49,0.579481022985911,0.54,0.467,7.23299552015402e-45
"TTYH1","TTYH1",2.72999003794951e-49,-0.461781168579112,0.302,0.414,7.29917436446561e-45
"FGL2","FGL2",3.60464788298128e-49,1.22519954470635,0.081,0.03,9.63774704472705e-45
"OSBPL9","OSBPL9",3.74032671564677e-49,-0.396158726734928,0.529,0.621,1.00005115396248e-44
"ST3GAL5","ST3GAL5",4.02147521159852e-49,-0.537441383908884,0.33,0.432,1.0752218273251e-44
"ARHGAP30","ARHGAP30",4.29409678083393e-49,1.31612564067377,0.079,0.029,1.14811265629157e-44
"PILRA","PILRA",4.45147335867955e-49,1.011050353504,0.201,0.122,1.19019043191015e-44
"IKBKE","IKBKE",4.75967406847141e-49,1.52012149669735,0.059,0.017,1.2725940556872e-44
"CRLF3","CRLF3",4.84242648716496e-49,0.680999196147111,0.332,0.239,1.2947195698733e-44
"ENSG00000235609","ENSG00000235609",5.09270512900452e-49,1.52115511699835,0.081,0.031,1.36163657034194e-44
"ENSG00000242242","ENSG00000242242",5.26967113879685e-49,-1.54144729300317,0.029,0.081,1.40895197238011e-44
"SLFN11","SLFN11",5.28807556673427e-49,1.56566473217857,0.063,0.019,1.41387276427774e-44
"DENND1A","DENND1A",5.64492135917051e-49,0.464101465040525,0.652,0.593,1.50928262380142e-44
"LTBR","LTBR",6.20370805936799e-49,1.15511432963875,0.099,0.042,1.65868542383322e-44
"EHBP1L1","EHBP1L1",6.52145165058785e-49,0.910860211259222,0.119,0.055,1.74364052781767e-44
"GNAI1","GNAI1",6.79486283764649e-49,-0.318417299491295,0.501,0.624,1.81674247690154e-44
"TNFAIP3","TNFAIP3",7.25394448117707e-49,2.33123920459259,0.046,0.01,1.93948713593231e-44
"SGIP1","SGIP1",7.30115261502061e-49,-0.294773556283773,0.532,0.662,1.95210917467806e-44
"CARD8","CARD8",9.30547804593504e-49,0.796758336595623,0.26,0.174,2.48800566514165e-44
"SLC7A11","SLC7A11",9.80286945651166e-49,1.53575273047525,0.108,0.05,2.62099320658752e-44
"JUND","JUND",1.00884731124154e-48,-0.442720370837019,0.411,0.519,2.6973550560665e-44
"UNC93B1","UNC93B1",1.41732913195051e-48,1.00207654281444,0.104,0.045,3.78951290009608e-44
"ZNF618","ZNF618",1.49721562401681e-48,1.05890668224422,0.191,0.114,4.00310541393373e-44
"IMMP1L","IMMP1L",1.83400957368101e-48,-0.650692914144152,0.162,0.254,4.90359139715093e-44
"ST3GAL4","ST3GAL4",1.9731420240967e-48,-0.627947236014254,0.169,0.262,5.27558982982736e-44
"ENSG00000281593","ENSG00000281593",1.99276116519481e-48,0.756326086405778,0.296,0.207,5.32804552738137e-44
"FOSL2","FOSL2",2.43908691292511e-48,2.3248657631217,0.038,0.006,6.52138667908787e-44
"RHOH","RHOH",2.46791574804457e-48,1.59602589082102,0.063,0.019,6.59846633554676e-44
"ANXA11","ANXA11",2.87599413085392e-48,1.25717128994441,0.081,0.03,7.68954550766413e-44
"TBC1D14","TBC1D14",2.97006696338164e-48,0.95440512512572,0.366,0.284,7.94106803999348e-44
"SIPA1","SIPA1",2.98638668945072e-48,1.10516267344501,0.1,0.043,7.9847020915844e-44
"SLC29A1","SLC29A1",3.40112856667644e-48,1.7690161571312,0.064,0.02,9.0935974487228e-44
"MAP2K1","MAP2K1",4.34985633433339e-48,0.749106244217857,0.277,0.189,1.16302108811072e-43
"SLC39A11","SLC39A11",5.19131004163164e-48,0.526938127382638,0.697,0.663,1.38800056583105e-43
"BAZ1A","BAZ1A",5.44785879886582e-48,0.655548438918847,0.281,0.189,1.45659400705275e-43
"DPF3","DPF3",5.78656185841753e-48,-0.453099499121118,0.299,0.409,1.5471530440851e-43
"RCC2","RCC2",6.19593918333269e-48,0.780630636320748,0.199,0.119,1.65660825944766e-43
"CHPT1","CHPT1",6.28963969687579e-48,0.818354822874387,0.264,0.179,1.68166096575368e-43
"GIMAP4","GIMAP4",6.53435560330538e-48,1.43493170236151,0.066,0.021,1.74709065765576e-43
"CHEK2","CHEK2",7.53089872998497e-48,1.42626140473063,0.068,0.022,2.01353639343608e-43
"FRRS1","FRRS1",7.7317622160614e-48,1.37599081584455,0.062,0.019,2.06724126370834e-43
"ABI3","ABI3",8.0031693208225e-48,0.991833611693562,0.083,0.032,2.13980738130831e-43
"ASAH1","ASAH1",8.4933266508859e-48,0.807427621937868,0.322,0.235,2.27086074664736e-43
"ELAVL3","ELAVL3",9.15080020739075e-48,-0.265402491112472,0.432,0.564,2.44664945145007e-43
"CCT3","CCT3",9.79468741625814e-48,0.689355786438686,0.298,0.208,2.61880557448494e-43
"CD180","CD180",1.11705845380492e-47,2.26438166998777,0.037,0.006,2.98667918793822e-43
"SLC1A3","SLC1A3",1.32857693288281e-47,0.852044644673626,0.674,0.644,3.55221614544877e-43
"AP1G2","AP1G2",1.60269720457504e-47,1.55023533568036,0.08,0.031,4.28513151587228e-43
"ANKRD36B","ANKRD36B",1.84181554659564e-47,-0.531065700705551,0.231,0.331,4.92446222693276e-43
"MRAS","MRAS",2.11785418901437e-47,0.969806979878282,0.205,0.128,5.66250674516773e-43
"S100Z","S100Z",2.41559633241243e-47,1.06692594665911,0.104,0.046,6.45857991397111e-43
"GSE1","GSE1",2.51958601277464e-47,1.0118758892278,0.157,0.087,6.73661712235557e-43
"ENSG00000278610","ENSG00000278610",2.61159925529089e-47,0.816396692797876,0.175,0.1,6.98263292887126e-43
"BRSK1","BRSK1",3.75370149742498e-47,-0.727975827543171,0.141,0.228,1.00362716936652e-42
"ADAP2","ADAP2",3.81925161675096e-47,0.79681667506348,0.166,0.092,1.0211533047707e-42
"HSPA6","HSPA6",4.69835670031597e-47,1.81280202252661,0.052,0.013,1.25619963096348e-42
"SKIL","SKIL",4.87570687146753e-47,0.910223964824881,0.276,0.194,1.30361774622427e-42
"PLOD3","PLOD3",5.36831106732e-47,0.786559120222038,0.273,0.189,1.43532533006935e-42
"GPR173","GPR173",5.55683597166206e-47,-0.701850949325455,0.146,0.233,1.48573123374328e-42
"AGTPBP1","AGTPBP1",6.29847427626564e-47,-0.303132173427185,0.642,0.729,1.68402306724514e-42
"FLOT2","FLOT2",6.34927675162058e-47,0.934145819547608,0.195,0.119,1.69760612508079e-42
"TNFRSF10B","TNFRSF10B",6.83288536586292e-47,1.21525940915237,0.096,0.041,1.82690856027077e-42
"CPQ","CPQ",8.10417449590062e-47,0.4739698444935,0.651,0.602,2.16681313496895e-42
"PVT1","PVT1",8.34966423722741e-47,1.15113342115518,0.15,0.082,2.23244972710749e-42
"EPHA3","EPHA3",8.48935523880644e-47,-1.52674445888111,0.03,0.081,2.26979891019968e-42
"KIF21A","KIF21A",9.42257828492401e-47,-0.448724766514796,0.324,0.432,2.51931475604013e-42
"UBE2D3","UBE2D3",1.04324416181767e-46,0.379979765652757,0.649,0.577,2.78932191545191e-42
"TLL2","TLL2",1.05148682725581e-46,-1.30289681180932,0.037,0.092,2.81136033003386e-42
"SCARB2","SCARB2",1.08073372404889e-46,-0.372684912658051,0.549,0.637,2.88955775798951e-42
"LINC01091","LINC01091",1.10342293328333e-46,1.47258723393174,0.083,0.033,2.95022189671964e-42
"ZMAT3","ZMAT3",1.18427659938538e-46,0.739026977164908,0.293,0.204,3.1664003437767e-42
"SYNJ2","SYNJ2",1.21914084123643e-46,-0.233500752893455,0.498,0.658,3.25961686721384e-42
"PLAUR","PLAUR",1.35083668879931e-46,1.45575859019682,0.072,0.026,3.61173205484273e-42
"JAK2","JAK2",1.48732119060662e-46,0.619124178290847,0.375,0.285,3.97665066732491e-42
"LDHA","LDHA",1.71197610559651e-46,1.04646202313243,0.127,0.064,4.5773105135334e-42
"APOD","APOD",1.75538839691946e-46,-0.110496132475721,0.497,0.658,4.69338195684357e-42
"TWIST2","TWIST2",1.93395612429786e-46,2.23627751906927,0.041,0.008,5.17081848953518e-42
"ENSG00000267458","ENSG00000267458",1.9551409288037e-46,1.52222322141722,0.074,0.027,5.22746030134245e-42
"ZMYND8","ZMYND8",2.22976483461844e-46,0.47549333550575,0.65,0.603,5.96172223831932e-42
"ABI1","ABI1",2.41306626008601e-46,0.627751102576733,0.376,0.287,6.45181525959197e-42
"NINJ2","NINJ2",2.517098037734e-46,-0.59917327042123,0.28,0.377,6.72996502348939e-42
"CDCP1","CDCP1",3.52254160858824e-46,1.50396632695305,0.059,0.018,9.41821949888237e-42
"GIMAP8","GIMAP8",3.61531323043446e-46,1.41447319537937,0.067,0.022,9.66626298421262e-42
"ENSG00000251139","ENSG00000251139",3.73386588401313e-46,2.15554346224896,0.036,0.006,9.9832372140859e-42
"PPP2R3C","PPP2R3C",4.02691976738954e-46,0.560552195848131,0.374,0.281,1.07667753820694e-41
"PDXP-DT","PDXP-DT",4.59832823989261e-46,2.25904538843149,0.04,0.008,1.22945502150009e-41
"BDH1","BDH1",5.01079944086576e-46,-0.78496873529078,0.09,0.163,1.33973744650428e-41
"CCDC26","CCDC26",5.71604113917662e-46,1.20427449517056,0.127,0.065,1.52829791938165e-41
"MKRN3","MKRN3",5.95882704922046e-46,-0.499076574766196,0.296,0.398,1.59321158815007e-41
"TRIM14","TRIM14",7.16549462938457e-46,1.08531638594595,0.121,0.06,1.91583829905855e-41
"ENSG00000239920","ENSG00000239920",7.24198916178971e-46,1.77171420014021,0.058,0.018,1.93629064218771e-41
"SWAP70","SWAP70",7.40850973987831e-46,0.804338079684092,0.272,0.19,1.98081324915126e-41
"NFATC1","NFATC1",7.56041438095394e-46,1.12746586597251,0.099,0.044,2.02142799303566e-41
"PTMA","PTMA",7.58847336784489e-46,-0.304619560851892,0.616,0.703,2.02893012436069e-41
"CBR1","CBR1",7.98754925137927e-46,-0.555494025222032,0.286,0.386,2.13563104334127e-41
"RGL1","RGL1",9.22659969422558e-46,-0.394485847677034,0.367,0.473,2.46691596024509e-41
"COPB2-DT","COPB2-DT",1.01373763106715e-45,-0.630084707464412,0.225,0.319,2.71043030418425e-41
"GJB1","GJB1",1.16570266274328e-45,-0.610216040468135,0.143,0.23,3.1167392093767e-41
"SLC1A5","SLC1A5",1.23249953290666e-45,1.36879011166753,0.066,0.022,3.29533400113254e-41
"RORA","RORA",1.32390784958575e-45,-0.331960637967978,0.311,0.424,3.53973241743741e-41
"PRDM1","PRDM1",1.60265657961017e-45,1.78151259969775,0.05,0.013,4.2850228969037e-41
"P3H2","P3H2",1.73985548309162e-45,0.801744184022727,0.213,0.134,4.65185160514207e-41
"TRIM59","TRIM59",1.86035087714951e-45,-1.11334901388504,0.066,0.13,4.97402014023464e-41
"EIF5","EIF5",1.95892040337216e-45,0.663178841396766,0.332,0.246,5.23756548249615e-41
"PRMT2","PRMT2",2.04911600045891e-45,0.435067275137975,0.551,0.469,5.47872145042699e-41
"EBI3","EBI3",2.13166258411083e-45,1.60692129219508,0.057,0.017,5.69942625113712e-41
"ANKDD1B","ANKDD1B",2.39368177607781e-45,2.08469976846931,0.055,0.016,6.39998696469924e-41
"SLC2A3","SLC2A3",2.45185605298403e-45,0.882828304838428,0.137,0.072,6.55552752886341e-41
"MEF2A","MEF2A",2.56908481025409e-45,0.628117855854648,0.678,0.646,6.86896205717635e-41
"GTF3A","GTF3A",2.9989730347903e-45,0.83856599761244,0.191,0.115,8.01835420311883e-41
"DLEU7","DLEU7",3.47505033693157e-45,0.957715573048448,0.109,0.051,9.29124208585395e-41
"ZC3H6","ZC3H6",3.52079390621305e-45,-0.437900063474825,0.33,0.433,9.41354666704183e-41
"CFLAR","CFLAR",3.52829037218403e-45,0.690571369207466,0.418,0.336,9.43358996810843e-41
"PPP1R18","PPP1R18",3.67344706018393e-45,1.43618316264246,0.073,0.027,9.82169540481378e-41
"PTEN","PTEN",4.05327510769838e-45,0.567888235780292,0.497,0.418,1.08372416554532e-40
"ENSG00000264031","ENSG00000264031",4.07962417953016e-45,0.871679178738393,0.193,0.119,1.09076911688098e-40
"MKNK1","MKNK1",4.2721043644801e-45,0.672217944260751,0.229,0.147,1.14223254393104e-40
"PARP9","PARP9",4.69795756386217e-45,0.83474851391911,0.178,0.105,1.25609291384983e-40
"AASS","AASS",4.96733985419769e-45,-0.525336606008644,0.207,0.302,1.32811765681684e-40
"SP140L","SP140L",5.22238997392813e-45,1.14817094512318,0.096,0.042,1.39631040732916e-40
"STK38L","STK38L",5.27262434333398e-45,0.974202739853846,0.208,0.132,1.40974157067721e-40
"TRAF3","TRAF3",6.88878074530002e-45,0.846456510047322,0.296,0.212,1.84185330787087e-40
"ANKRD36C","ANKRD36C",6.90023051650869e-45,-0.347180221603608,0.44,0.55,1.84491463319893e-40
"KATNAL1","KATNAL1",7.70704737531676e-45,-0.658377436515306,0.185,0.273,2.06063325673844e-40
"NFAT5","NFAT5",7.7648671018622e-45,0.400185400035698,0.639,0.566,2.0760925170249e-40
"DNAJB2","DNAJB2",8.32517568927477e-45,-0.38377790481797,0.354,0.465,2.2259022240414e-40
"ITM2B","ITM2B",8.3901867779778e-45,0.502430191674571,0.605,0.534,2.24328423882792e-40
"CDC42EP3","CDC42EP3",8.44489459539243e-45,1.95627220593537,0.049,0.013,2.25791146797007e-40
"PRANCR","PRANCR",1.01286864770107e-44,-0.741213438922852,0.203,0.291,2.70810690335835e-40
"NCKAP5","NCKAP5",1.10927412519174e-44,-0.134607959619951,0.788,0.898,2.96586622852517e-40
"IER3","IER3",1.12548161947246e-44,1.26993554642667,0.062,0.02,3.00920020598352e-40
"TMOD3","TMOD3",1.21688546037784e-44,0.774328199489109,0.221,0.141,3.25358665541222e-40
"KLK6","KLK6",1.34183734684933e-44,-0.40412499720284,0.219,0.322,3.58767051427105e-40
"CDC42EP1","CDC42EP1",1.42392257644584e-44,-0.64588364451385,0.16,0.247,3.80714179264325e-40
"FLVCR2","FLVCR2",1.51053333667762e-44,1.35393820995608,0.063,0.021,4.03871298227497e-40
"VIM","VIM",1.83266928832525e-44,1.36486401342732,0.076,0.029,4.90000787619521e-40
"GAMT","GAMT",1.96241931407444e-44,-0.842067433755244,0.104,0.179,5.24692052004084e-40
"HELZ","HELZ",2.09248358466638e-44,0.507486355008785,0.498,0.418,5.59467336032251e-40
"SLC6A8","SLC6A8",2.25307592597491e-44,-0.523902838415185,0.242,0.34,6.02404910327913e-40
"PI16","PI16",2.37708279521612e-44,-0.641637370269939,0.165,0.252,6.35560626956934e-40
"CASP8","CASP8",2.39836871037713e-44,1.22394232616156,0.067,0.023,6.41251842093532e-40
"MAP3K20","MAP3K20",2.72086480843001e-44,1.17198956980439,0.118,0.059,7.27477623829931e-40
"ZNF106","ZNF106",2.83132339441102e-44,0.648861099155142,0.34,0.253,7.57010935963675e-40
"CCDC69","CCDC69",2.89829287604779e-44,1.78057808198233,0.052,0.015,7.74916566268896e-40
"DDHD2","DDHD2",2.91497119753542e-44,-0.687363371088137,0.137,0.219,7.79375849085046e-40
"RBM14-RBM4","RBM14-RBM4",2.94644726422417e-44,0.853600108869157,0.195,0.119,7.87791605035616e-40
"IPO13","IPO13",3.03441070447052e-44,-0.62378464976302,0.193,0.284,8.11310390054283e-40
"MAFG","MAFG",3.16616143870018e-44,1.16417132095882,0.116,0.057,8.46536583865267e-40
"ABHD17A","ABHD17A",3.23665028382441e-44,-0.557195186163643,0.232,0.325,8.65383186386133e-40
"RGS12","RGS12",3.86601720871061e-44,0.701096116525721,0.339,0.253,1.03365702109295e-39
"GGA2","GGA2",4.92170187883682e-44,0.711830693772045,0.259,0.175,1.3159154313446e-39
"LIMK2","LIMK2",5.01273628092902e-44,1.08075267279449,0.208,0.134,1.34025529943199e-39
"CCDC88B","CCDC88B",5.6110799078661e-44,1.10289173887932,0.1,0.045,1.50023443496616e-39
"HDAC11","HDAC11",5.74565517203777e-44,-0.68314217881297,0.165,0.251,1.53621582334774e-39
"USH1C","USH1C",5.95544016324989e-44,-0.985365600340842,0.07,0.135,1.59230603644812e-39
"JAKMIP2","JAKMIP2",6.41824104456453e-44,-0.305907676675627,0.447,0.568,1.71604510808522e-39
"SCART1","SCART1",6.88396901034533e-44,-1.64978399160964,0.023,0.068,1.84056679429603e-39
"HACD4","HACD4",7.48976428363395e-44,1.35007736849735,0.065,0.022,2.00253827651521e-39
"ENSG00000259336","ENSG00000259336",7.72070801170989e-44,-0.801467487649216,0.119,0.197,2.06428570109087e-39
"KLF13","KLF13",7.90686393511369e-44,-0.527088199390287,0.287,0.383,2.11405821033135e-39
"C1orf198","C1orf198",8.03538319808323e-44,-0.445935221551826,0.262,0.365,2.14842040567151e-39
"LINC00862","LINC00862",8.8151365359415e-44,0.675588191251133,0.339,0.252,2.35690305561468e-39
"RESF1","RESF1",9.51466732643955e-44,0.790246379052626,0.307,0.225,2.54393660307014e-39
"KEL","KEL",1.11631240300036e-43,-0.876150232001812,0.082,0.151,2.98468447190206e-39
"POC1B","POC1B",1.21436379944112e-43,-0.526678887724006,0.249,0.346,3.24684449056573e-39
"STMN1","STMN1",1.28785098997318e-43,-0.301853801076326,0.344,0.457,3.4433271918913e-39
"INTS6","INTS6",1.33591127324629e-43,0.563557925662398,0.429,0.34,3.5718259712786e-39
"TMTC4","TMTC4",1.35745327888051e-43,-0.436977866896857,0.356,0.46,3.62942283174281e-39
"HSPA4L","HSPA4L",1.42373583068771e-43,1.12749227423187,0.14,0.077,3.80664249050973e-39
"AHI1","AHI1",1.50023427726958e-43,-0.309286197520652,0.526,0.629,4.01117638713569e-39
"ASPHD1","ASPHD1",2.00052027067608e-43,-0.707405111190327,0.141,0.223,5.34879104770664e-39
"EFCAB13","EFCAB13",2.00881444267552e-43,1.09155290076375,0.144,0.08,5.37096717538153e-39
"ETV5","ETV5",2.41283708055167e-43,0.58950126908389,0.313,0.221,6.45120250227099e-39
"PLXDC2","PLXDC2",2.47446372887333e-43,0.972301433363924,0.622,0.608,6.61597367188861e-39
"SRSF7","SRSF7",2.65396941341103e-43,0.610342867902244,0.309,0.222,7.09591802063708e-39
"DTNBP1","DTNBP1",2.67953394063401e-43,0.761277826347961,0.266,0.183,7.16426989707314e-39
"IRAK2","IRAK2",3.04401908945041e-43,0.846237996428591,0.271,0.193,8.13879383946357e-39
"CNPY3","CNPY3",3.39120424889313e-43,0.960097135773355,0.16,0.092,9.06706280026557e-39
"ENSG00000225205","ENSG00000225205",4.03119214663958e-43,1.38271415497478,0.068,0.025,1.07781984424702e-38
"DUBR","DUBR",4.33738135720999e-43,-0.365452133335573,0.391,0.501,1.15968565347724e-38
"LUCAT1","LUCAT1",4.42181797970777e-43,1.63818896758184,0.091,0.04,1.18226147323447e-38
"RTKN","RTKN",5.37016768755867e-43,-0.477680032832551,0.269,0.367,1.43582173462256e-38
"SLC31A2","SLC31A2",5.63890976827749e-43,-0.530158066434256,0.245,0.34,1.50767530474435e-38
"CLEC2B","CLEC2B",6.21557915303748e-43,1.46882987087727,0.05,0.014,1.66185939814763e-38
"PLPP3","PLPP3",6.63357162344738e-43,-0.667783633381901,0.162,0.246,1.77361804496113e-38
"DPYSL5","DPYSL5",6.93222415894421e-43,-0.39497495900859,0.384,0.493,1.85346877337691e-38
"SLC15A3","SLC15A3",8.41621828261631e-43,1.48486817143568,0.054,0.016,2.25024428222312e-38
"CCR1","CCR1",8.62563760939999e-43,1.48464288105273,0.054,0.016,2.30623672762528e-38
"CHDH","CHDH",9.3308039050674e-43,0.93675067818186,0.16,0.093,2.49477704009787e-38
"SPATA7","SPATA7",9.78776150492963e-43,-0.670070814338872,0.173,0.258,2.61695379357303e-38
"COPA","COPA",9.8544298631994e-43,0.461016332344889,0.568,0.504,2.63477891252362e-38
"ARL5A","ARL5A",1.01241031745542e-42,0.734750315790239,0.236,0.156,2.70688146578056e-38
"C1QL1","C1QL1",1.1007096771979e-42,-1.51457455725057,0.044,0.098,2.94296746392403e-38
"SEMA4D","SEMA4D",1.13782390999988e-42,-0.347720978063873,0.558,0.642,3.04219978816668e-38
"GRAMD4","GRAMD4",1.15043046609966e-42,1.28248241110892,0.107,0.052,3.07590593721067e-38
"SLAMF8","SLAMF8",1.50016321667143e-42,2.2966534039477,0.033,0.005,4.0109863924144e-38
"NINJ1","NINJ1",1.60201825924168e-42,0.965265278450206,0.118,0.059,4.28331621973448e-38
"LINC01010","LINC01010",1.68895814801024e-42,-1.33768522973412,0.042,0.096,4.51576740033499e-38
"RAP1GDS1","RAP1GDS1",2.15453304359346e-42,-0.360824767275332,0.562,0.641,5.76057499865585e-38
"MAP2K4","MAP2K4",2.22555920171928e-42,0.429091542503004,0.584,0.524,5.95047763763684e-38
"PLAGL1","PLAGL1",2.27241173719978e-42,0.901802530429013,0.141,0.077,6.07574726175105e-38
"PPP6R3","PPP6R3",2.48565247899661e-42,0.315412260876698,0.729,0.676,6.64588903309324e-38
"LINC02226","LINC02226",2.57711373557112e-42,-1.23254792206215,0.057,0.115,6.89042899479651e-38
"MPP2","MPP2",2.78689275182632e-42,-0.650257109445903,0.17,0.256,7.45131515055804e-38
"WAC","WAC",3.187416634112e-42,0.34715964772943,0.688,0.629,8.52219585462526e-38
"SLC6A6","SLC6A6",3.18770433474903e-42,0.76599216020422,0.257,0.178,8.52296507981848e-38
"ENSG00000235522","ENSG00000235522",3.73404312137552e-42,2.18357757982002,0.037,0.007,9.98371109362172e-38
"LEPR","LEPR",3.80713691079633e-42,0.913102610443116,0.167,0.099,1.01791419583962e-37
"LINC01909","LINC01909",3.98770498207978e-42,1.79812903993493,0.071,0.027,1.06619268105867e-37
"SLC5A11","SLC5A11",4.56868528772431e-42,-0.228272368808431,0.433,0.579,1.22152938537885e-37
"KCTD1","KCTD1",4.92026794260212e-42,-0.877981768231397,0.111,0.184,1.31553203981353e-37
"RNF166","RNF166",4.97346716347763e-42,1.05398000791774,0.104,0.05,1.32975591549901e-37
"NEMP2-DT","NEMP2-DT",5.51341115698753e-42,-0.855716706738904,0.096,0.166,1.47412074104376e-37
"KCNJ5","KCNJ5",5.8783853792346e-42,1.74608540546279,0.045,0.012,1.57170389884596e-37
"ENSG00000198019","ENSG00000198019",7.29448309987806e-42,1.40237612655302,0.062,0.021,1.9503259464144e-37
"MYCBP2","MYCBP2",7.72670228097029e-42,0.341368690544359,0.744,0.691,2.06588838886303e-37
"NCF4","NCF4",7.79193104441064e-42,1.51011046636345,0.048,0.013,2.08332860334407e-37
"CAB39L","CAB39L",7.98525685290086e-42,0.753092517745152,0.28,0.2,2.1350181247601e-37
"LOC100505774","LOC100505774",8.17566935941196e-42,-1.93824128358431,0.011,0.047,2.18592871662598e-37
"DPEP2","DPEP2",8.42654609602118e-42,1.66234822938723,0.051,0.015,2.25300562969318e-37
"TBC1D32","TBC1D32",8.50903227202993e-42,-0.514641352752891,0.275,0.37,2.27505995857264e-37
"ENSG00000271538","ENSG00000271538",9.29755102440251e-42,-1.38035616859972,0.025,0.07,2.4858862173945e-37
"VRK2","VRK2",1.05246140118742e-41,-0.46491786626282,0.497,0.58,2.81396604835481e-37
"OLIG2","OLIG2",1.06512260994712e-41,-0.574140166984748,0.169,0.254,2.84781832221561e-37
"GSTO2","GSTO2",1.10069496997534e-41,-0.947311232868381,0.085,0.152,2.94292814122306e-37
"STK24","STK24",1.14847691519641e-41,0.807388522483708,0.204,0.13,3.07068272816064e-37
"NCF1","NCF1",1.28165124182126e-41,1.29543712863042,0.08,0.033,3.42675092525749e-37
"TRERF1","TRERF1",1.293336566598e-41,0.873696294092327,0.198,0.125,3.45799397811308e-37
"ENSG00000254777","ENSG00000254777",1.33917703336959e-41,-1.29417912607633,0.042,0.094,3.58055763412028e-37
"STXBP6","STXBP6",1.63721675311801e-41,-0.393503433141787,0.36,0.468,4.37742643281162e-37
"ZCCHC24","ZCCHC24",1.65336813046352e-41,-0.238906617389847,0.56,0.686,4.4206103704203e-37
"ENSG00000236963","ENSG00000236963",1.70892100090243e-41,1.03166965219474,0.094,0.043,4.56914208011282e-37
"LUC7L2","LUC7L2",1.77098841302353e-41,-0.68613054374871,0.113,0.187,4.73509171990101e-37
"MIR4527HG","MIR4527HG",1.87456881905658e-41,1.99444168938979,0.085,0.038,5.01203465151158e-37
"LPAR5","LPAR5",1.88516657390367e-41,1.03995997439504,0.079,0.032,5.04036986864625e-37
"SYT6","SYT6",2.14333805756643e-41,1.2684026285077,0.077,0.032,5.73064296451538e-37
"GIPR","GIPR",2.39274694698939e-41,1.50090333944665,0.081,0.034,6.39748751216553e-37
"C12orf42","C12orf42",2.57451332422728e-41,2.10129587681837,0.059,0.02,6.88347627498648e-37
"C1orf162","C1orf162",2.80640758943121e-41,1.14327646104277,0.088,0.038,7.50349197186224e-37
"SND1","SND1",3.2503335400896e-41,0.578594357862284,0.509,0.442,8.69041678613756e-37
"BCO2","BCO2",3.42403496186912e-41,0.882240272361114,0.187,0.116,9.15484227754947e-37
"CCT5","CCT5",3.61583885175835e-41,0.800675003939414,0.196,0.123,9.66766833794631e-37
"CASC2","CASC2",3.75828294613712e-41,-1.46804459734434,0.029,0.075,1.00485211130868e-36
"CDC14A","CDC14A",3.75940971043134e-41,0.857267298061365,0.172,0.103,1.00515337427803e-36
"NENF","NENF",3.88011566262601e-41,-0.516894984405882,0.233,0.327,1.03742652471632e-36
"TNFAIP8L3","TNFAIP8L3",4.2543826775022e-41,2.68373624582664,0.034,0.006,1.13749429648376e-36
"MAPK8IP1","MAPK8IP1",4.33336841639552e-41,-0.440362332107537,0.241,0.339,1.15861271349167e-36
"ARHGEF10L","ARHGEF10L",5.25888537219709e-41,0.884755039122418,0.182,0.113,1.40606818196434e-36
"CHADL","CHADL",5.53222060165049e-41,-0.522418009319191,0.229,0.322,1.47914982226329e-36
"LOC101926907","LOC101926907",5.96583909165692e-41,-0.526454091773333,0.239,0.33,1.59508639793631e-36
"VASP","VASP",6.22566987637486e-41,1.42727488102379,0.079,0.033,1.66455735484635e-36
"PABPC1","PABPC1",7.02523143790991e-41,0.557846654799183,0.374,0.286,1.87833612955397e-36
"USP3","USP3",8.87168458972034e-41,0.605760246086887,0.359,0.276,2.37202230875353e-36
"HSPA12A","HSPA12A",9.6481263769877e-41,-0.571247870962046,0.23,0.32,2.5796195494152e-36
"COL27A1","COL27A1",1.01944260826782e-40,1.09389440509495,0.119,0.062,2.72568370172568e-36
"PLCH2","PLCH2",1.04455530597498e-40,-0.95720459796726,0.074,0.137,2.7928275215853e-36
"TPRG1","TPRG1",1.19250234618938e-40,1.51453231666459,0.123,0.066,3.18839352300655e-36
"CST3","CST3",1.20802855271374e-40,0.372495754751572,0.371,0.275,3.22990594139074e-36
"CD300LF","CD300LF",1.26773323812963e-40,1.63284046385311,0.043,0.011,3.3895383587872e-36
"LINC02742","LINC02742",1.27379999617748e-40,1.53088834280229,0.053,0.017,3.40575904977974e-36
"METRN","METRN",1.28968477547829e-40,-0.546975655489091,0.217,0.306,3.4482301841963e-36
"ICA1L","ICA1L",1.32152282351781e-40,-0.614078508888879,0.167,0.251,3.53335557323957e-36
"AEBP2","AEBP2",1.43470300699779e-40,0.529034987229245,0.436,0.355,3.83596542980998e-36
"PLEKHF2","PLEKHF2",1.64003376247692e-40,1.27597287347354,0.094,0.044,4.38495827073455e-36
"FAM89A","FAM89A",1.92773269780912e-40,1.16358206985405,0.099,0.047,5.15417891413224e-36
"CPEB2","CPEB2",1.936901277923e-40,-0.302339167478711,0.511,0.619,5.17869294678273e-36
"MIR2052HG","MIR2052HG",1.97524752906921e-40,0.786065861587488,0.139,0.077,5.28121931847235e-36
"RHBDL2","RHBDL2",2.0193158707345e-40,-0.647489981059222,0.145,0.224,5.39904484358282e-36
"SF1","SF1",2.15609608303728e-40,-0.40261909993947,0.434,0.527,5.76475409721677e-36
"PSMA1","PSMA1",3.54662200509196e-40,0.862878493910556,0.163,0.097,9.48260325501438e-36
"HIVEP3","HIVEP3",3.66961481786433e-40,0.461078905852786,0.526,0.439,9.81144913852387e-36
"TCAIM","TCAIM",4.13873438348967e-40,0.679696312773174,0.263,0.183,1.10657341211363e-35
"GRK3","GRK3",4.3091458968264e-40,0.808817107269129,0.316,0.243,1.15213633843447e-35
"ENSG00000237461","ENSG00000237461",4.36486942124103e-40,-0.79764366498003,0.108,0.179,1.16703513715721e-35
"LIPE","LIPE",4.57653051271336e-40,-0.52826189214833,0.224,0.315,1.22362696318417e-35
"HSPA2","HSPA2",4.79570583988266e-40,-0.30759327177217,0.302,0.412,1.28222787040943e-35
"SYTL3","SYTL3",5.06196149511245e-40,0.580768149634639,0.131,0.069,1.35341664494821e-35
"STRN","STRN",5.1238397021494e-40,-0.430146946956644,0.419,0.506,1.36996102116369e-35
"FAM78A","FAM78A",5.12469067931802e-40,1.08716699192211,0.068,0.025,1.37018854692926e-35
"ENSA","ENSA",5.31407327550953e-40,0.621209979217729,0.309,0.224,1.42082377167298e-35
"MYLK","MYLK",5.63987051589413e-40,-0.56493188884066,0.171,0.255,1.50793217983461e-35
"RALGAPA2","RALGAPA2",5.72720222899703e-40,0.476335781129466,0.558,0.49,1.53128205996694e-35
"GNG5","GNG5",6.01437131307802e-40,1.14328393986854,0.095,0.045,1.60806245797767e-35
"SLC16A7","SLC16A7",6.02100591455456e-40,-0.585013900190603,0.192,0.278,1.60983635137445e-35
"NUAK1","NUAK1",6.35943096413035e-40,0.574720182938216,0.403,0.322,1.70032105687953e-35
"PPT1","PPT1",6.55350585019306e-40,0.835794012160363,0.201,0.129,1.75221085916612e-35
"APMAP","APMAP",6.65115003606462e-40,0.76029408830316,0.221,0.146,1.7783179851426e-35
"MTHFD2","MTHFD2",7.34226085036814e-40,0.994090357259947,0.097,0.045,1.96310028356293e-35
"ABCA5","ABCA5",7.53144807622691e-40,-0.438079879147047,0.257,0.352,2.01368327214079e-35
"ENSG00000244879","ENSG00000244879",8.26369262766335e-40,-0.353815507499859,0.387,0.488,2.20946349785835e-35
"ENSG00000285253","ENSG00000285253",8.499330105684e-40,-0.509892454312155,0.303,0.393,2.27246589035673e-35
"APBB1","APBB1",9.48755177901581e-40,-0.357631788104851,0.338,0.441,2.53668671915546e-35
"ENSG00000205464","ENSG00000205464",9.90217095895452e-40,-0.655347277366263,0.16,0.24,2.64754344929567e-35
"SRRM2","SRRM2",1.1317706230198e-39,0.344478590577961,0.647,0.578,3.02601511476805e-35
"N4BP2L2","N4BP2L2",1.24704155048596e-39,0.231806138752999,0.868,0.839,3.33421499353431e-35
"GNA15","GNA15",1.39153671140878e-39,1.58204772726477,0.044,0.012,3.72055170529365e-35
"ARPC2","ARPC2",1.42890813138072e-39,0.696497736021986,0.287,0.208,3.82047167087263e-35
"NCBP3","NCBP3",1.53317159932989e-39,-0.526202989311226,0.238,0.327,4.09924090512832e-35
"DAPP1","DAPP1",1.56154749546865e-39,1.41162256790787,0.052,0.016,4.17510953863452e-35
"PDK1","PDK1",1.66349706560043e-39,0.851397288343572,0.177,0.109,4.44769210429588e-35
"SLC25A18","SLC25A18",1.67404951789821e-39,1.19594849989807,0.113,0.059,4.47590619600443e-35
"PER3","PER3",1.70884041405261e-39,-0.519728017846499,0.283,0.373,4.56892661505247e-35
"HSPE1-MOB4","HSPE1-MOB4",1.97787818557272e-39,2.02733264426912,0.039,0.009,5.28825290476579e-35
"LMO2","LMO2",2.07004821670211e-39,0.964339439038242,0.097,0.046,5.53468791699643e-35
"NACA","NACA",2.07742154590022e-39,0.662516166657329,0.282,0.201,5.55440198727342e-35
"XAF1","XAF1",2.22255837034341e-39,0.812333503999462,0.103,0.05,5.94245431478717e-35
"SLC26A3","SLC26A3",2.46933389243531e-39,-0.875064440521501,0.113,0.183,6.60225802820428e-35
"MEGF9","MEGF9",2.49499936048263e-39,-0.401204159643952,0.443,0.538,6.67087979012241e-35
"APOLD1","APOLD1",2.72194047189224e-39,0.783812409057534,0.26,0.182,7.27765223969829e-35
"DENND2D","DENND2D",2.7309678617259e-39,2.10616878639871,0.035,0.007,7.30178877189655e-35
"TARS3","TARS3",2.82505003629815e-39,-0.30428240144319,0.453,0.558,7.55333628205037e-35
"UBXN2B","UBXN2B",3.07093360052885e-39,0.790812220328951,0.283,0.207,8.21075516773398e-35
"C12orf75","C12orf75",3.71534840828536e-39,1.39020107305584,0.076,0.032,9.93372703923256e-35
"ZBTB46","ZBTB46",3.97314338896354e-39,1.12643913522558,0.102,0.05,1.06229934790718e-34
"SLC26A7","SLC26A7",4.46722424548884e-39,1.92673703788279,0.045,0.012,1.19440174651635e-34
"RAB1A","RAB1A",4.49358163222828e-39,0.51507223398531,0.492,0.419,1.20144892100888e-34
"DNAJC3","DNAJC3",4.92654039440807e-39,0.667896372719196,0.359,0.279,1.31720910525289e-34
"MAGEC3","MAGEC3",4.94780026019996e-39,-0.904022604840458,0.097,0.165,1.32289335556966e-34
"KIF5C","KIF5C",5.46746028053455e-39,-0.274575612507331,0.456,0.579,1.46183485520652e-34
"LASP1","LASP1",5.56343997239875e-39,1.08323181011279,0.129,0.071,1.48749694542025e-34
"MAP1LC3A","MAP1LC3A",5.90676283664947e-39,-0.91850063998316,0.084,0.148,1.57929117963497e-34
"BET1","BET1",6.01401079733997e-39,0.867482549671322,0.16,0.095,1.60796606688479e-34
"PTPRF","PTPRF",6.07604623878998e-39,-0.455617373164115,0.243,0.337,1.62455248286528e-34
"ZFAND6","ZFAND6",6.46235790727004e-39,0.49284522991193,0.415,0.332,1.72784063366679e-34
"DUSP1","DUSP1",7.61314666807928e-39,0.808197493566329,0.151,0.087,2.03552702464436e-34
"SOWAHA","SOWAHA",8.00445924873935e-39,1.15515998248008,0.097,0.046,2.14015226933544e-34
"PWWP3A","PWWP3A",1.02950351383242e-38,0.472961045491854,0.428,0.341,2.75258354493375e-34
"TMC7","TMC7",1.11183000648057e-38,-0.45533656676552,0.253,0.346,2.9726998883271e-34
"ZNF146","ZNF146",1.21142322991516e-38,-0.410693838953301,0.324,0.42,3.23898228982417e-34
"SIGLEC7","SIGLEC7",1.27571327789085e-38,2.1355450575807,0.031,0.005,3.41087459109677e-34
"ADGRG1","ADGRG1",1.28135813962221e-38,0.569588844058206,0.252,0.172,3.4259672579079e-34
"DIPK1C","DIPK1C",1.43096250604187e-38,-0.695646070870779,0.086,0.152,3.82596445240414e-34
"RANBP9","RANBP9",1.48623619697549e-38,0.619729277526763,0.393,0.314,3.97374971985338e-34
"ACTN1","ACTN1",1.5147099177528e-38,1.8186599146447,0.057,0.02,4.04987990709566e-34
"HID1","HID1",1.69237213428122e-38,-0.529380998032609,0.165,0.247,4.5248953754277e-34
"PLXNA1","PLXNA1",1.74194472074692e-38,1.1720688396559,0.093,0.043,4.65743759986104e-34
"MKNK2","MKNK2",1.87765985885246e-38,0.977807625452611,0.125,0.067,5.02029916461383e-34
"NECTIN1","NECTIN1",1.9554898751941e-38,-0.566231424457149,0.178,0.261,5.22839327930645e-34
"NUMB","NUMB",1.99089814630605e-38,0.665409373397358,0.438,0.374,5.32306437377848e-34
"ST14","ST14",2.08041589333654e-38,2.20247443934277,0.033,0.006,5.56240797401392e-34
"SMYD3","SMYD3",2.28993839605565e-38,0.359802894851708,0.562,0.464,6.122608289534e-34
"BID","BID",2.45632390494969e-38,1.26817764996802,0.06,0.021,6.56747322466398e-34
"ELL","ELL",2.58740768497266e-38,0.948926637563745,0.137,0.077,6.91795192731141e-34
"GPRC5B","GPRC5B",2.77659868378229e-38,-0.134572563928563,0.556,0.702,7.4237919008287e-34
"HLA-DMB","HLA-DMB",2.87296449164988e-38,0.930758288870341,0.096,0.046,7.68144516132427e-34
"CASP10","CASP10",2.96006138896117e-38,1.15853633090555,0.064,0.024,7.91431613566547e-34
"VEGFB","VEGFB",3.77804660512174e-38,0.905938428342223,0.127,0.069,1.0101363208114e-33
"TMEM64","TMEM64",3.88690663659491e-38,-0.576667523080228,0.202,0.288,1.03924222742638e-33
"PKM","PKM",3.90221476054759e-38,0.63108446547093,0.334,0.254,1.04333516052761e-33
"DCAF6","DCAF6",3.98089814539392e-38,0.611073464233227,0.415,0.339,1.06437273713397e-33
"TDRD3","TDRD3",4.21504142775061e-38,-0.353995192938535,0.388,0.485,1.12697562653768e-33
"TMCO4","TMCO4",4.24608118498302e-38,1.38010036167439,0.061,0.023,1.13527472642891e-33
"DSCAM","DSCAM",4.66258059437376e-38,0.144162136238299,0.396,0.288,1.24663417351771e-33
"LAP3","LAP3",4.74089652022413e-38,0.876196971487986,0.181,0.114,1.26757350261233e-33
"MITD1","MITD1",4.82848370322003e-38,0.767236339833094,0.2,0.129,1.29099168772994e-33
"TEC","TEC",5.31205663506994e-38,1.91361996160793,0.04,0.01,1.42028458251865e-33
"OOEP","OOEP",5.60072640539373e-38,0.999670652558758,0.178,0.112,1.49746621901012e-33
"DNAJA4","DNAJA4",5.83751965467792e-38,1.00552465342813,0.134,0.076,1.56077763007123e-33
"ZNF135","ZNF135",5.91447014304389e-38,-0.616319531354523,0.143,0.219,1.58135188214565e-33
"PPP1R9A","PPP1R9A",6.05125520015135e-38,-0.285784908115416,0.489,0.605,1.61792410286447e-33
"ADAM22","ADAM22",6.56399797603121e-38,-0.431070306308524,0.292,0.387,1.75501613885146e-33
"TES","TES",6.71697375386485e-38,2.5269971247707,0.028,0.004,1.79591727257085e-33
"STX18-AS1","STX18-AS1",7.77565514703768e-38,-0.580707360478899,0.19,0.273,2.07897691666346e-33
"C1RL","C1RL",7.99049664021517e-38,1.23763759665486,0.061,0.022,2.13641908669433e-33
"LTBP2","LTBP2",8.91898696819151e-38,2.96347737963867,0.028,0.004,2.38466954568536e-33
"HDAC4","HDAC4",9.83209602888499e-38,0.374351293492785,0.669,0.615,2.62880751524298e-33
"SLC8A3","SLC8A3",1.00044700384463e-37,-1.02098654122753,0.073,0.133,2.67489515417938e-33
"ATF6","ATF6",1.14066382555089e-37,0.451625760030242,0.507,0.433,3.04979287037541e-33
"MSH4","MSH4",1.17512841478151e-37,1.33175387539466,0.092,0.044,3.14194084260131e-33
"ROGDI","ROGDI",1.34989909922862e-37,-0.548269292307649,0.178,0.26,3.60922522160757e-33
"RNF213","RNF213",1.41095223982194e-37,0.539416734541451,0.42,0.345,3.77246300361191e-33
"TAGLN","TAGLN",1.64760756406324e-37,-1.12956695624959,0.051,0.104,4.40520834403589e-33
"PRRG4","PRRG4",1.66249566018853e-37,1.89313497510476,0.043,0.012,4.44501464664607e-33
"ITFG1","ITFG1",1.70259178019534e-37,-0.279797281630535,0.603,0.682,4.55221964270827e-33
"LILRA2","LILRA2",1.75019250574439e-37,1.59127006583563,0.044,0.012,4.67948970260877e-33
"MLKL","MLKL",1.84985292906197e-37,1.08899716591258,0.077,0.033,4.945951776433e-33
"XIST","XIST",1.90758512014398e-37,-0.798207372985497,0.091,0.156,5.10031033572896e-33
"EEIG2","EEIG2",2.14332311020402e-37,0.832074649705511,0.161,0.097,5.7306029997525e-33
"ENSG00000284461","ENSG00000284461",2.19652480479907e-37,-0.403793990883908,0.286,0.381,5.87284837059128e-33
"TSPO","TSPO",2.37243997044944e-37,0.880349402511945,0.174,0.109,6.34319274899067e-33
"IRF5","IRF5",2.45854552974093e-37,1.4203348011806,0.051,0.017,6.57341318286832e-33
"MIR9-2HG","MIR9-2HG",2.50201290558705e-37,-0.51765362824098,0.177,0.259,6.68963190566809e-33
"HSPD1","HSPD1",2.76908475148724e-37,0.590344770638643,0.275,0.197,7.40370190005143e-33
"NAV3","NAV3",3.04652298981168e-37,0.490348554430917,0.621,0.568,8.14548851785949e-33
"EFHD2","EFHD2",3.05706009446531e-37,1.06412405561577,0.077,0.033,8.17366157457191e-33
"PDS5A","PDS5A",3.15641974589279e-37,0.359947976477529,0.601,0.531,8.43931947459356e-33
"ARL4A","ARL4A",3.22564365846788e-37,1.38644185619643,0.071,0.029,8.62440344964558e-33
"PLEC","PLEC",3.3975436990063e-37,0.875048691760149,0.12,0.064,9.08401258803315e-33
"PIK3R6","PIK3R6",3.45669462996022e-37,1.3398246666652,0.056,0.02,9.24216443212464e-33
"GREB1","GREB1",3.50627709422246e-37,-0.753665039255074,0.085,0.149,9.3747330668226e-33
"ENSG00000274265","ENSG00000274265",3.61794133923529e-37,0.359962518916165,0.668,0.607,9.67328975871339e-33
"IGF2R","IGF2R",3.82081891535294e-37,0.601370287374817,0.343,0.263,1.02157235339792e-32
"CCDC102B","CCDC102B",4.445206296948e-37,-0.701718404329475,0.116,0.186,1.18851480761499e-32
"WIPI1","WIPI1",4.48622026341014e-37,0.867829735027751,0.173,0.108,1.19948071182797e-32
"TANGO2","TANGO2",4.60139980291647e-37,0.691239318511709,0.246,0.172,1.23027626530578e-32
"ANKRD11","ANKRD11",4.8034573442013e-37,0.360750529849626,0.684,0.639,1.2843003901191e-32
"TNPO1","TNPO1",5.11852508388355e-37,0.557434401072265,0.504,0.44,1.36854005167794e-32
"CDK11A","CDK11A",5.8269732390402e-37,1.11362000158075,0.106,0.054,1.55795783492218e-32
"CGAS","CGAS",6.00401861997341e-37,1.28539341188268,0.072,0.03,1.60529445842229e-32
"ACACB","ACACB",6.16663817523105e-37,-0.583441533762336,0.172,0.251,1.64877404891153e-32
"ZNF518A","ZNF518A",6.28369821774301e-37,-0.321675973528151,0.444,0.536,1.68007239247795e-32
"DNAJC27-AS1","DNAJC27-AS1",6.57393909675768e-37,-0.802488492088008,0.093,0.158,1.7576740963001e-32
"MAPKAPK3","MAPKAPK3",7.00864121145793e-37,1.29484754740033,0.066,0.026,1.87390040070751e-32
"WAS","WAS",7.20119057276271e-37,1.2431344020343,0.063,0.024,1.92538232343957e-32
"FAM20A","FAM20A",8.29376229651144e-37,1.36986524886708,0.052,0.017,2.21750322521826e-32
"TMIGD3","TMIGD3",8.3344417002477e-37,0.919336302262956,0.128,0.071,2.22837967739523e-32
"MEF2C-AS1","MEF2C-AS1",8.59353445521445e-37,0.571233962233412,0.225,0.15,2.29765330729069e-32
"XNDC1N","XNDC1N",8.97549215006702e-37,-0.714373570900564,0.128,0.199,2.39977733616342e-32
"ENSG00000253582","ENSG00000253582",1.01087109567771e-36,1.28062892787463,0.072,0.03,2.70276604851349e-32
"FGL1","FGL1",1.01287091647677e-36,2.39764008446585,0.03,0.005,2.70811296938395e-32
"HLA-A","HLA-A",1.08193106942699e-36,0.590299826545397,0.262,0.184,2.89275910032694e-32
"RELA","RELA",1.20071374053996e-36,0.939289184785518,0.134,0.076,3.21034832808168e-32
"LST1","LST1",1.23288151613782e-36,0.88947969417112,0.088,0.04,3.29635530969768e-32
"NBPF14","NBPF14",1.27594393853235e-36,1.17982271265918,0.092,0.044,3.41149130845394e-32
"CFAP161","CFAP161",1.46780970771943e-36,1.39084710816154,0.08,0.036,3.92448281552944e-32
"FAR1","FAR1",1.4827554471837e-36,-0.33564702165293,0.569,0.638,3.96444323913506e-32
"RASSF5","RASSF5",1.58807964920163e-36,1.41398120157397,0.06,0.023,4.24604855807039e-32
"GPD1","GPD1",1.67449685262477e-36,-1.36305132208069,0.03,0.073,4.47710223486284e-32
"JMJD6","JMJD6",1.68815184339966e-36,1.07105963742888,0.099,0.049,4.51361158369767e-32
"AIG1","AIG1",2.05628982692988e-36,-0.368217707761402,0.421,0.512,5.49790211026242e-32
"SH2B3","SH2B3",2.11130340575108e-36,0.825243846089511,0.153,0.091,5.64499191595667e-32
"RAB42","RAB42",2.19853955962882e-36,3.69650829162508,0.022,0.002,5.87823522057958e-32
"CLCN7","CLCN7",2.23413078553231e-36,0.657791723514272,0.231,0.157,5.97339548127774e-32
"NPC2","NPC2",2.40860296739436e-36,0.81526465904026,0.221,0.152,6.4398817539223e-32
"THBD","THBD",2.42504336812165e-36,3.12969735755386,0.022,0.002,6.48383845334685e-32
"STXBP2","STXBP2",2.4996740055611e-36,1.98347617740145,0.038,0.01,6.68337838866872e-32
"TMEM71","TMEM71",3.27865664665248e-36,1.88663570368094,0.043,0.012,8.76614427615472e-32
"ITGAL","ITGAL",3.31093550597973e-36,1.07414363111685,0.079,0.035,8.85244826233799e-32
"NEDD9","NEDD9",3.31515396191424e-36,1.01864136490558,0.13,0.073,8.86372714797012e-32
"CCDC82","CCDC82",3.34675875350402e-36,-0.493872484481514,0.262,0.347,8.94822887924369e-32
"CADM4","CADM4",3.37399605071988e-36,-0.511868719459076,0.199,0.283,9.02105324080975e-32
"HLA-C","HLA-C",3.88768535912796e-36,0.649625665674207,0.213,0.142,1.03945043447004e-31
"CDK19","CDK19",4.05397081149473e-36,-0.281689133374058,0.731,0.791,1.08391017586934e-31
"RBP1","RBP1",4.08646254443941e-36,-1.05237910917157,0.054,0.106,1.09259749050677e-31
"DHRSX","DHRSX",4.73486214649624e-36,0.581328117784638,0.32,0.239,1.2659600921087e-31
"ZBTB40","ZBTB40",4.78133068360673e-36,0.811827353446184,0.194,0.128,1.27838438487593e-31
"SHANK3","SHANK3",4.79869797930045e-36,-0.595253137828875,0.157,0.234,1.28302787872556e-31
"GATM","GATM",5.72081939508955e-36,-0.368455538407216,0.379,0.473,1.52957548166509e-31
"CLEC19A","CLEC19A",6.14900343111089e-36,2.53083655813836,0.029,0.005,1.64405904737612e-31
"TRA2B","TRA2B",6.81608572727383e-36,0.46133076415419,0.41,0.33,1.8224168409012e-31
"NIPBL","NIPBL",6.86733631457575e-36,0.312496691644219,0.787,0.745,1.83611971042812e-31
"ENSG00000226067","ENSG00000226067",7.29490265902553e-36,0.671622281325424,0.264,0.189,1.95043812394366e-31
"ATL1","ATL1",7.3714117447982e-36,-0.429165290544789,0.334,0.427,1.9708943582067e-31
"PLEKHA7","PLEKHA7",7.62859102951606e-36,0.601912987338296,0.347,0.268,2.03965638356171e-31
"ANKRD13D","ANKRD13D",7.95718527902681e-36,0.649234737710111,0.222,0.15,2.1275126280534e-31
"HBS1L","HBS1L",8.30561499079093e-36,-0.369792389622028,0.42,0.506,2.22067228008777e-31
"BTBD16","BTBD16",1.03618246289734e-35,-1.82966975588788,0.017,0.052,2.77044105104861e-31
"KIAA0040","KIAA0040",1.15353997202841e-35,1.68985612424126,0.048,0.016,3.08421982321237e-31
"NCAM1","NCAM1",1.3641031810698e-35,-0.167921074391886,0.682,0.878,3.64720267522634e-31
"ADARB1","ADARB1",1.37743102313128e-35,1.11930262725258,0.111,0.059,3.68283732654611e-31
"MOB1A","MOB1A",1.45048925324362e-35,0.809816539878279,0.179,0.115,3.87817311639746e-31
"LRRC69","LRRC69",1.56739980345261e-35,0.761600045672888,0.178,0.113,4.19075685449124e-31
"LINC00310","LINC00310",1.71987917598842e-35,2.06604952988291,0.043,0.013,4.59844095284023e-31
"PDPN","PDPN",1.78560394742279e-35,1.13797983094286,0.091,0.044,4.7741692742243e-31
"EMB","EMB",2.01689580694552e-35,1.23995544099765,0.07,0.029,5.39257431903025e-31
"RAB29","RAB29",2.21983210582045e-35,0.967906971242825,0.109,0.057,5.93516510133213e-31
"ACSF2","ACSF2",2.32157423158877e-35,1.27832685397332,0.055,0.02,6.20719302299889e-31
"CD47","CD47",2.40777526795123e-35,-0.358632333621273,0.394,0.487,6.43766873392121e-31
"RGS1","RGS1",2.42704376112926e-35,0.589335258174082,0.123,0.066,6.48918690413129e-31
"S100PBP","S100PBP",2.45918682600383e-35,-0.418814158805823,0.267,0.356,6.57512781668643e-31
"BTK","BTK",2.4762606323288e-35,1.12183875147431,0.065,0.026,6.62077805265752e-31
"FAM110B","FAM110B",2.49102651209819e-35,0.600360927125766,0.233,0.159,6.66025758539693e-31
"CEMIP2","CEMIP2",2.88305820088314e-35,1.14625257814449,0.132,0.075,7.70843271170126e-31
"PDE6B","PDE6B",3.0088265804748e-35,-0.692919663595822,0.136,0.205,8.04469962821548e-31
"GRK2","GRK2",3.02907676949371e-35,0.727995338633425,0.17,0.106,8.09884255859533e-31
"LYZ","LYZ",3.87723868141392e-35,2.17402127485054,0.028,0.005,1.03665730624964e-30
"PTPN13","PTPN13",4.22893903727926e-35,-0.412646398513142,0.385,0.476,1.13069143039736e-30
"TIGAR","TIGAR",4.55872694745349e-35,0.863789339357331,0.153,0.093,1.21886682394064e-30
"RNF145","RNF145",4.95115431113633e-35,0.523632563777443,0.315,0.237,1.32379012816852e-30
"TRIM56","TRIM56",5.22035338896205e-35,0.696331966706104,0.202,0.134,1.39576588560678e-30
"FIS1","FIS1",5.27721686155762e-35,-0.466260786903148,0.25,0.335,1.41096947227466e-30
"SMAD6","SMAD6",5.43151890759646e-35,1.4211426817027,0.052,0.018,1.45222521032407e-30
"PCSK5","PCSK5",5.62039362839088e-35,0.736055268157861,0.193,0.125,1.50272464442287e-30
"RALGPS2","RALGPS2",5.83086298802269e-35,0.685030821727068,0.181,0.115,1.55899783710763e-30
"LINC02611","LINC02611",5.97683336636271e-35,1.84283492318498,0.034,0.008,1.5980259371644e-30
"NCOA3","NCOA3",6.21512338880775e-35,0.663479602214579,0.372,0.303,1.66173754046553e-30
"JAK1","JAK1",6.52270368862029e-35,0.596845671735899,0.335,0.258,1.74397528522641e-30
"PRRC2C","PRRC2C",7.15801789604796e-35,0.323765012449753,0.658,0.604,1.91383924486634e-30
"BCL2","BCL2",7.21895687239497e-35,0.408313636342206,0.556,0.481,1.93013249897224e-30
"MILR1","MILR1",7.79666863232132e-35,1.17796357122471,0.059,0.022,2.08459529222375e-30
"SESN3","SESN3",7.89142206056783e-35,0.767495922229136,0.219,0.151,2.10992951633402e-30
"RNASE6","RNASE6",8.03963243175162e-35,1.41992392889128,0.05,0.016,2.14955652327743e-30
"GCNA","GCNA",8.0769258048576e-35,0.979392057546643,0.115,0.063,2.15952765244478e-30
"CD9","CD9",8.98708592847449e-35,-0.499450787808654,0.244,0.329,2.40287716469623e-30
"ALMS1","ALMS1",9.10743737253482e-35,-0.402219353469606,0.3,0.39,2.43505553029463e-30
"SGTA","SGTA",9.21837866773627e-35,-0.655945614306797,0.176,0.25,2.46471790439265e-30
"RHOB","RHOB",9.6207721250775e-35,-0.459421017211148,0.208,0.292,2.57230584308197e-30
"ZC3H12B","ZC3H12B",9.70808059501554e-35,-0.824075458929516,0.106,0.17,2.5956495086893e-30
"DENND2A","DENND2A",1.08768440572262e-34,-0.465542975203323,0.235,0.321,2.90814179558057e-30
"UTP23","UTP23",1.0957644288297e-34,0.735761067806974,0.232,0.163,2.92974535336198e-30
"ITSN2","ITSN2",1.16349001414702e-34,0.366590833227598,0.593,0.529,3.11082325082489e-30
"PDE4DIP","PDE4DIP",1.25104348355523e-34,0.388449367613903,0.614,0.572,3.34491496198162e-30
"CALM1","CALM1",1.31983916585094e-34,-0.245942392138126,0.543,0.638,3.52885397773565e-30
"TP53I11","TP53I11",1.3243771891826e-34,1.47282031817046,0.044,0.013,3.54098729071751e-30
"PARP6","PARP6",1.44556912124505e-34,-0.484072782859786,0.196,0.277,3.86501815947289e-30
"HOOK2","HOOK2",1.63069184176795e-34,0.736103307485824,0.17,0.107,4.35998077733497e-30
"CRACDL","CRACDL",1.72701075171887e-34,1.30054762417053,0.064,0.026,4.61750864687075e-30
"CSAD","CSAD",1.7314915477953e-34,-0.499109429780254,0.233,0.314,4.6294889513403e-30
"TMEM151A","TMEM151A",1.77574718125686e-34,-0.411269812734787,0.209,0.295,4.74781523852647e-30
"ABHD17B","ABHD17B",1.96687338039925e-34,-0.357317710666854,0.338,0.431,5.25882935717348e-30
"CTTN","CTTN",1.97702686267719e-34,-0.372925897698656,0.289,0.38,5.28597672273999e-30
"RAP2B","RAP2B",2.08928026289582e-34,1.47882344894547,0.054,0.02,5.58610863890456e-30
"ENSG00000232504","ENSG00000232504",2.32544152357658e-34,-1.94356791503207,0.014,0.047,6.21753300158671e-30
"RNF149","RNF149",2.77847274097711e-34,0.64250922412077,0.431,0.365,7.4288025675505e-30
"TAFA5","TAFA5",2.83250230489966e-34,-0.39282524793003,0.297,0.39,7.57326141261021e-30
"JAZF1","JAZF1",3.04740402541852e-34,0.650638026988782,0.67,0.642,8.14784414276149e-30
"HPSE","HPSE",3.38799124683461e-34,1.47900229020128,0.046,0.015,9.0584721966617e-30
"PTPN18","PTPN18",3.558552026153e-34,0.790816212699962,0.165,0.103,9.51450055232527e-30
"PYCARD","PYCARD",3.56679314299573e-34,1.3464503717467,0.051,0.017,9.53653482642769e-30
"C12orf76","C12orf76",3.81786655915281e-34,-0.284885593142963,0.428,0.527,1.02078298192069e-29
"RAB30","RAB30",4.04975262413856e-34,-0.295485009761275,0.433,0.542,1.08278235911593e-29
"FCHSD2","FCHSD2",4.46232730363386e-34,0.273119399310199,0.682,0.607,1.19309245117259e-29
"MAPK6","MAPK6",4.7287350972886e-34,-0.464692991390613,0.261,0.347,1.26432190296205e-29
"MXD4","MXD4",5.12547996710241e-34,0.695051025428312,0.218,0.149,1.37039957880417e-29
"HS6ST1","HS6ST1",5.1930178369698e-34,0.794545032561965,0.173,0.111,1.38845717907062e-29
"SNX2","SNX2",5.24710858548749e-34,0.565537771782753,0.329,0.252,1.40291942250179e-29
"LILRB3","LILRB3",5.51973568322098e-34,1.17335415251597,0.045,0.014,1.47581172962279e-29
"SYT14","SYT14",5.69849134719787e-34,-0.673073008814384,0.16,0.232,1.5236056315003e-29
"CTNNB1","CTNNB1",6.0817668862985e-34,0.574438553634665,0.393,0.32,1.62608201238963e-29
"ENSG00000254420","ENSG00000254420",6.18684447102366e-34,0.666474378337404,0.254,0.183,1.6541766062176e-29
"GARNL3","GARNL3",6.24713539194915e-34,-0.269884451566687,0.469,0.565,1.67029658974544e-29
"FYN","FYN",6.294621629102e-34,-0.262133223783317,0.466,0.576,1.682992984973e-29
"SP110","SP110",6.43087100313432e-34,0.601012178983343,0.249,0.177,1.71942198010802e-29
"CATSPERE","CATSPERE",7.38506277858229e-34,-0.669679964939804,0.11,0.175,1.97454423510955e-29
"CAMK2A","CAMK2A",7.39144866940181e-34,-1.56735233907177,0.018,0.054,1.97625163073796e-29
"LRRC49","LRRC49",7.86292713276652e-34,-0.636907552062375,0.119,0.186,2.10231082748779e-29
"POLR3G","POLR3G",8.03039718703099e-34,-0.667190056116901,0.113,0.179,2.14708729589648e-29
"ERCC6L2-AS1","ERCC6L2-AS1",8.46500075417945e-34,-0.501694779454792,0.2,0.28,2.26328725164496e-29
"PTCHD4","PTCHD4",8.47732588292082e-34,1.79430807775778,0.047,0.015,2.26658262131654e-29
"TOP1","TOP1",8.55246717192312e-34,0.465415163265883,0.473,0.401,2.28667314775708e-29
"SLC7A5","SLC7A5",8.70182042195635e-34,0.720198581575923,0.14,0.083,2.32660572621847e-29
"LRRC4B","LRRC4B",8.91235186192195e-34,-0.460592559940968,0.222,0.305,2.38289551732207e-29
"PPP1R3B","PPP1R3B",8.97753624772661e-34,1.24299056798047,0.07,0.031,2.40032386655466e-29
"MYEF2","MYEF2",9.00135902844899e-34,-0.52663492667055,0.175,0.252,2.4066933634364e-29
"H2AC6","H2AC6",9.5097339342542e-34,0.150981976131034,0.359,0.272,2.54261756200155e-29
"RNF170","RNF170",1.01809081757218e-33,-0.460586580085151,0.236,0.318,2.72206941894273e-29
"EPM2A-DT","EPM2A-DT",1.03166813590337e-33,-0.845310716710784,0.099,0.161,2.75837109496484e-29
"RNF217-AS1","RNF217-AS1",1.17359588214128e-33,-1.39413732704091,0.022,0.058,3.13784331008114e-29
"ERBB3","ERBB3",1.19072941839462e-33,-0.415196296298596,0.248,0.333,3.18365324596171e-29
"DOCK10","DOCK10",1.28469844502494e-33,-0.166670845794596,0.945,0.956,3.43489823246319e-29
"STX6","STX6",1.31411370167177e-33,0.716633721084696,0.238,0.169,3.51354580415981e-29
"JAM2","JAM2",1.36322893107475e-33,1.03789858247444,0.112,0.061,3.64486519301455e-29
"ENSG00000266111","ENSG00000266111",1.394080804956e-33,-1.01239140062492,0.05,0.098,3.72735384821086e-29
"MYH15","MYH15",1.43793761412519e-33,-1.73691557117477,0.015,0.047,3.84461379888651e-29
"NOD1","NOD1",1.44874473547737e-33,1.14815683668596,0.069,0.03,3.87350879924585e-29
"TANC2","TANC2",1.47900449399031e-33,0.269287174084845,0.777,0.707,3.95441431558188e-29
"PLB1","PLB1",1.49197519926866e-33,1.0136244869715,0.08,0.037,3.98909409028463e-29
"PIGL","PIGL",1.51356373043189e-33,-0.517883177826775,0.179,0.257,4.04681534605576e-29
"DCP2","DCP2",1.64430802059923e-33,0.731840774715397,0.242,0.173,4.39638635467617e-29
"AHI1-DT","AHI1-DT",1.72081389261232e-33,-0.888430781784516,0.058,0.111,4.60094010467755e-29
"RGS16","RGS16",1.91616990046214e-33,0.863542423479754,0.062,0.025,5.12326346286562e-29
"TMEM135","TMEM135",1.96921947896459e-33,-0.345753885620626,0.412,0.5,5.26510212090763e-29
"USP40","USP40",1.98065859486449e-33,-0.343756859185351,0.405,0.491,5.29568688508918e-29
"ENSG00000264324","ENSG00000264324",2.01479973655121e-33,-0.775874590768744,0.121,0.187,5.38697005561698e-29
"MAP1B","MAP1B",2.14493010030221e-33,-0.246563232569644,0.46,0.566,5.73489960917801e-29
"PCNX2","PCNX2",2.29966875604837e-33,0.587598723853625,0.454,0.391,6.14862435304652e-29
"BORCS5","BORCS5",2.31614906573856e-33,-0.460580027132458,0.254,0.337,6.19268775706518e-29
"TMEM184B","TMEM184B",2.31995325084456e-33,-0.397584880764608,0.329,0.415,6.20285900678309e-29
"PAXBP1-AS1","PAXBP1-AS1",2.50495886529074e-33,-0.967032734280405,0.053,0.103,6.69750851812785e-29
"KIDINS220","KIDINS220",2.51048037004801e-33,-0.255429230137714,0.622,0.7,6.71227136539737e-29
"DSC2","DSC2",2.61725729657358e-33,1.14102419251239,0.053,0.019,6.99776083384879e-29
"TRPS1","TRPS1",2.77163710478189e-33,0.402753667989225,0.643,0.58,7.41052612705534e-29
"C5AR1","C5AR1",2.82738546876394e-33,1.01787379369341,0.058,0.023,7.55958052783414e-29
"SAMD9L","SAMD9L",2.96580558189974e-33,0.940814884700597,0.073,0.032,7.92967438432535e-29
"GLUL","GLUL",3.10863035670114e-33,-0.372727605517837,0.515,0.589,8.31154498471183e-29
"ZNF608","ZNF608",3.36803753786358e-33,-0.282823643609021,0.41,0.511,9.00512196498586e-29
"BCAS3","BCAS3",3.56887697023025e-33,-0.231945641815063,0.73,0.795,9.54210635530461e-29
"OR7C1","OR7C1",3.58980043814749e-33,1.45731336781993,0.071,0.032,9.59804943147493e-29
"MBOAT2","MBOAT2",3.78644532462244e-33,-0.240841820873792,0.456,0.573,1.0123818864443e-28
"POU2AF1","POU2AF1",3.88170465075063e-33,-1.18021840042218,0.036,0.079,1.0378513724712e-28
"ELOVL1","ELOVL1",3.91724498538455e-33,-0.436047284182633,0.234,0.319,1.04735379174227e-28
"PLPPR1","PLPPR1",4.12628584774295e-33,-0.392551519789667,0.33,0.419,1.10324504711103e-28
"NCKAP1","NCKAP1",4.69971492481027e-33,-0.35087471270421,0.319,0.412,1.25656277944652e-28
"RAB30-DT","RAB30-DT",4.72323635772304e-33,-0.424583374840175,0.329,0.412,1.26285170496441e-28
"MYBPH","MYBPH",4.75605514866734e-33,5.27314248433122,0.016,0,1.27162646509919e-28
"ZNF69","ZNF69",4.80632416793132e-33,0.828840221160112,0.135,0.08,1.2850668927798e-28
"EVI5L","EVI5L",4.98369196318479e-33,-0.444784110811522,0.263,0.348,1.33248972019672e-28
"OCLN","OCLN",5.02711387132799e-33,-0.85120850301168,0.063,0.116,1.34409943577696e-28
"FAM66B","FAM66B",5.1163806380603e-33,-0.928779549431452,0.073,0.128,1.36796669119818e-28
"CEP164","CEP164",5.27749605060152e-33,-0.533562484525566,0.188,0.264,1.41104411904933e-28
"BMP8A","BMP8A",5.39460280128099e-33,-1.28008919089552,0.017,0.051,1.4423549509785e-28
"DDIT4","DDIT4",5.63099335265017e-33,0.517205108413368,0.208,0.139,1.50555869269807e-28
"ANKRD22","ANKRD22",5.73738229156525e-33,1.641982254632,0.04,0.011,1.5340039032958e-28
"CYRIA","CYRIA",6.051878552033e-33,0.722389790609632,0.235,0.168,1.61809076845706e-28
"NFKBID","NFKBID",6.75401501920445e-33,1.52045583431871,0.04,0.012,1.80582099568469e-28
"ADGRD1","ADGRD1",7.06805334118016e-33,1.80015730510276,0.035,0.009,1.88978542183134e-28
"FRYL","FRYL",7.17594329105854e-33,-0.147852327391004,0.812,0.867,1.91863195773032e-28
"PAQR5","PAQR5",7.40947487186513e-33,2.85355231570655,0.026,0.005,1.98107129649058e-28
"NCEH1","NCEH1",7.57330084160239e-33,0.998844050996583,0.106,0.057,2.02487344601923e-28
"SGK2","SGK2",8.00483754002322e-33,-0.829913958975646,0.074,0.129,2.14025341307601e-28
"SPTBN1","SPTBN1",8.03270718546152e-33,-0.222433523154687,0.56,0.671,2.14770492017685e-28
"TAPBP","TAPBP",8.32108634084665e-33,0.791111022434703,0.179,0.116,2.22480885495217e-28
"ENSG00000231079","ENSG00000231079",8.84992709611409e-33,0.356631647939533,0.609,0.532,2.36620500768802e-28
"RORB","RORB",9.22728710523579e-33,-1.28174937296205,0.032,0.074,2.46709975332689e-28
"SANBR","SANBR",9.71300134293067e-33,-0.555858473409773,0.186,0.26,2.59696516905937e-28
"CCDC191","CCDC191",9.90199870769589e-33,-0.757977359395682,0.089,0.148,2.64749739447665e-28
"DCLRE1C","DCLRE1C",1.12821004879191e-32,0.799795789162367,0.163,0.103,3.01649520745494e-28
"CSRP1","CSRP1",1.1470493120772e-32,-0.149324758701755,0.395,0.512,3.06686574570081e-28
"TPST2","TPST2",1.27126660338408e-32,1.32999786339029,0.062,0.026,3.39898551746802e-28
"MICAL3","MICAL3",1.35115961490023e-32,-0.263745084900297,0.535,0.628,3.61259546235874e-28
"SYT9","SYT9",1.3591834773625e-32,-0.329347885766723,0.32,0.414,3.63404886342411e-28
"NCF2","NCF2",1.36316602890276e-32,1.24239047468481,0.051,0.018,3.6446970114773e-28
"SETBP1","SETBP1",1.54122187371553e-32,0.674838174035224,0.337,0.264,4.12076492375322e-28
"NPY1R","NPY1R",1.58209579291531e-32,2.4390174433556,0.035,0.009,4.23004952151767e-28
"IKBKB","IKBKB",1.74606895981042e-32,0.575345857168472,0.294,0.221,4.66846457784512e-28
"LINC00467","LINC00467",1.79115647426704e-32,-1.03244405049226,0.043,0.089,4.78901506524778e-28
"IER5","IER5",1.8056857434565e-32,1.48809474981685,0.047,0.016,4.82786197227964e-28
"CRTC3","CRTC3",1.86528910009069e-32,-0.341511887607737,0.418,0.506,4.98722346691247e-28
"UBR3","UBR3",1.91524860670984e-32,-0.252669449498416,0.65,0.719,5.12080019976009e-28
"ENSG00000268069","ENSG00000268069",1.931366453686e-32,-1.8702840063609,0.012,0.041,5.16389448722026e-28
"KDM7A","KDM7A",2.45381572540745e-32,0.760292795395506,0.221,0.157,6.56076710502191e-28
"OSCAR","OSCAR",2.47872095872706e-32,1.25342543505261,0.048,0.017,6.62735622734853e-28
"NAPEPLD","NAPEPLD",2.48906237705224e-32,-0.333553319006732,0.406,0.494,6.65500607752457e-28
"ERC1","ERC1",2.78695433833997e-32,0.352661358159595,0.644,0.593,7.45147981441958e-28
"CDKN1A","CDKN1A",2.79370245921666e-32,1.23295218576999,0.052,0.019,7.46952226520758e-28
"LINC02391","LINC02391",2.98860229729821e-32,0.936572131313407,0.086,0.042,7.99062596228623e-28
"THRB","THRB",3.12883748942704e-32,0.587145240553883,0.296,0.222,8.36557279548107e-28
"YWHAQ","YWHAQ",3.21420853535439e-32,-0.322526960120298,0.415,0.503,8.59382936097703e-28
"CSK","CSK",3.53176263289095e-32,0.973310143067729,0.115,0.064,9.44287375156052e-28
"DENND1C","DENND1C",3.57613204931283e-32,1.32023523303339,0.046,0.015,9.56150426024771e-28
"CYP2U1-AS1","CYP2U1-AS1",3.78359635000537e-32,-0.293526201701763,0.315,0.414,1.01162015610093e-27
"MEIS1","MEIS1",3.80752558881157e-32,-0.313642110018514,0.361,0.453,1.01801811668055e-27
"EDIL3-DT","EDIL3-DT",4.114498328239e-32,-0.796512495630582,0.073,0.128,1.10009341802126e-27
"UMAD1","UMAD1",4.17504566697062e-32,0.468412180568287,0.462,0.392,1.11628195997793e-27
"TSGA10","TSGA10",4.39256374743494e-32,-0.48788756510835,0.249,0.329,1.17443976915168e-27
"MMRN1","MMRN1",5.31155191114161e-32,1.72082598852549,0.04,0.012,1.42014963448193e-27
"BTN3A2","BTN3A2",5.76970024427346e-32,1.23939914242889,0.075,0.035,1.5426447543114e-27
"FBXL2","FBXL2",5.85637197193207e-32,-0.660525497755795,0.123,0.189,1.56581817413548e-27
"TAOK3","TAOK3",6.69461176011273e-32,0.26494217424142,0.739,0.685,1.78993834630134e-27
"SLC25A13","SLC25A13",8.80408067601067e-32,-0.317581850306514,0.593,0.652,2.35394705034497e-27
"CCDC13-AS1","CCDC13-AS1",9.04894969624496e-32,-2.15910099023168,0.009,0.036,2.41941768028502e-27
"SLC37A1","SLC37A1",9.87490773346938e-32,1.10175181762905,0.08,0.039,2.64025408069771e-27
"ARL11","ARL11",9.93475507847103e-32,1.83159050226122,0.031,0.007,2.6562554653308e-27
"FBXO11","FBXO11",1.0236892612883e-31,0.334181075145756,0.648,0.58,2.73703797790652e-27
"TMEM119","TMEM119",1.02915342225457e-31,1.07375800240323,0.064,0.027,2.75164750508204e-27
"CCT4","CCT4",1.09131159942196e-31,0.581817232350406,0.267,0.195,2.91783982337449e-27
"MAP4K4","MAP4K4",1.1129404702972e-31,-0.186985087548055,0.876,0.9,2.97566893543362e-27
"MSI2","MSI2",1.14205997044576e-31,0.291725316803138,0.649,0.58,3.05352574298082e-27
"ALDH1A3-AS1","ALDH1A3-AS1",1.15985826430166e-31,1.76577243027409,0.041,0.013,3.10111304126335e-27
"PDIA6","PDIA6",1.2511300675745e-31,0.747943417948078,0.206,0.142,3.34514646167394e-27
"GLDN","GLDN",1.47839597560473e-31,-0.130914532737967,0.53,0.62,3.95278731997436e-27
"CD33","CD33",1.48674924182716e-31,1.42792161189601,0.042,0.013,3.97512144787327e-27
"ENSG00000224505","ENSG00000224505",1.55144418165734e-31,-0.790960423446776,0.08,0.136,4.14809630849722e-27
"SNX13","SNX13",1.55731772859477e-31,0.404328262447847,0.492,0.422,4.16380041094384e-27
"ULK2","ULK2",1.56113789866495e-31,-0.395054224488287,0.305,0.389,4.17401439966048e-27
"SGMS1","SGMS1",1.6558547155181e-31,-0.245452384296637,0.743,0.789,4.42725875288076e-27
"F13A1","F13A1",1.65960535041453e-31,1.88535203143054,0.042,0.013,4.43728682540333e-27
"TTC12","TTC12",1.86036944126262e-31,-0.874126852548325,0.054,0.103,4.97406977510388e-27
"VTI1A","VTI1A",2.12789458161657e-31,0.314780207772798,0.662,0.6,5.68935174286823e-27
"SMARCD3","SMARCD3",2.25433987954556e-31,0.886494346215183,0.139,0.085,6.02742853594095e-27
"GSDMD","GSDMD",2.28136967105531e-31,1.45931640455136,0.042,0.014,6.09969808950058e-27
"P2RY13","P2RY13",2.39099396242509e-31,1.14263774321364,0.059,0.024,6.39280055733597e-27
"ENSG00000259367","ENSG00000259367",2.60056569742905e-31,1.39603208480703,0.046,0.016,6.95313250521606e-27
"EFCAB6","EFCAB6",2.6421258319356e-31,-1.20901742344595,0.035,0.076,7.06425183684621e-27
"MLXIP","MLXIP",2.71826998603721e-31,0.548840156027586,0.306,0.234,7.2678384616677e-27
"OTUD7A","OTUD7A",2.77493600989355e-31,-0.122716779198029,0.603,0.742,7.41934640965239e-27
"FERMT3","FERMT3",2.83092880044104e-31,1.09691863822577,0.06,0.024,7.5690543337392e-27
"TMEM178B","TMEM178B",2.97526880495092e-31,-0.491640251718267,0.213,0.29,7.95497620379727e-27
"STK17B","STK17B",3.0258255254196e-31,0.975542172348456,0.101,0.054,8.09014970731437e-27
"TNRC18","TNRC18",3.18491041493582e-31,0.56946722706967,0.335,0.268,8.51549497641391e-27
"ALDH2","ALDH2",3.20673766209514e-31,0.678721845663435,0.174,0.112,8.57385448714376e-27
"TNFRSF11B","TNFRSF11B",3.23716350481138e-31,1.31514819652598,0.052,0.02,8.65520406281418e-27
"NME9","NME9",3.7313431367571e-31,-0.516885415262055,0.169,0.241,9.97649214474745e-27
"HNRNPA2B1","HNRNPA2B1",3.88691570582135e-31,0.26725544804877,0.701,0.658,1.03924465226545e-26
"CUL1","CUL1",3.93072704688975e-31,0.502993333153159,0.458,0.391,1.05095849052691e-26
"CLIC1","CLIC1",4.10433953279679e-31,1.17968636803863,0.046,0.016,1.09737726088388e-26
"PDGFB","PDGFB",4.19678129721834e-31,0.939850832807754,0.07,0.031,1.12209341543727e-26
"TTYH2","TTYH2",5.06448601706008e-31,-0.21490425755322,0.494,0.607,1.35409162638135e-26
"HDHD3","HDHD3",5.32702772885223e-31,1.61958406321229,0.043,0.014,1.42428740386322e-26
"ARPC1B","ARPC1B",5.67926630705061e-31,1.34794794902501,0.052,0.02,1.51846543251612e-26
"PTK2B","PTK2B",5.85562837408042e-31,0.85511814189935,0.177,0.118,1.56561935837788e-26
"ENSG00000244055","ENSG00000244055",6.15962917747827e-31,-0.386310829439091,0.329,0.41,1.64690005318237e-26
"CLIC2","CLIC2",6.60539989837923e-31,1.45199187841571,0.061,0.026,1.76608577082966e-26
"MACROH2A1","MACROH2A1",7.26771057887182e-31,0.612775560740731,0.367,0.303,1.94316777747296e-26
"LOC107984948","LOC107984948",8.11207520344016e-31,-1.02805484818338,0.038,0.08,2.1689255471438e-26
"CD46","CD46",8.18164203210415e-31,-0.354282147062476,0.282,0.366,2.18752563012369e-26
"CNKSR3","CNKSR3",8.2730099132524e-31,-0.378398268969585,0.28,0.366,2.2119546605063e-26
"ZNF366","ZNF366",8.81820375697853e-31,3.64747162489778,0.019,0.002,2.35772313850335e-26
"NMRAL1","NMRAL1",9.12764753360451e-31,-0.682695692775876,0.096,0.155,2.44045912105984e-26
"ITGB8","ITGB8",1.04748141387409e-30,-0.215835780041719,0.473,0.581,2.80065105627517e-26
"NLK","NLK",1.05641804034214e-30,-0.273158768046756,0.603,0.675,2.82454491446279e-26
"WBP2NL","WBP2NL",1.12202731117769e-30,-0.741034220954803,0.102,0.161,2.99996442189578e-26
"MICA","MICA",1.12250078788197e-30,1.46847098106163,0.035,0.01,3.00123035656003e-26
"INPPL1","INPPL1",1.21679364457426e-30,0.847774692828364,0.128,0.075,3.25334116749821e-26
"CASS4","CASS4",1.22816007033681e-30,0.98158646358329,0.07,0.032,3.28373158005952e-26
"PANK2","PANK2",1.23070590557826e-30,0.593367064153062,0.22,0.154,3.29053837974459e-26
"CEP44","CEP44",1.25837825418298e-30,-0.599007500322539,0.149,0.217,3.36452593820903e-26
"MAP1A","MAP1A",1.2585858470781e-30,-0.378051346421873,0.247,0.329,3.36508097933272e-26
"SLC16A3","SLC16A3",1.26044610767837e-30,0.703240008957347,0.121,0.069,3.37005475809966e-26
"NLRP3","NLRP3",1.36592760680717e-30,1.32460937355589,0.05,0.018,3.65208064232032e-26
"SH2D4A","SH2D4A",1.39294407512694e-30,1.4513964092175,0.06,0.025,3.72431457366689e-26
"ACER3","ACER3",1.40385413434073e-30,0.334978054438535,0.709,0.672,3.75348479898681e-26
"TXNRD1","TXNRD1",1.48822221630552e-30,0.558669127743739,0.404,0.335,3.97905973973606e-26
"RUNX3","RUNX3",1.4930472376953e-30,1.97566346574343,0.026,0.005,3.99196039942592e-26
"LOC105371256","LOC105371256",1.65828451679979e-30,-0.352337373094218,0.338,0.424,4.43375531256761e-26
"DMXL1","DMXL1",1.92558313652008e-30,-0.277627828731044,0.505,0.586,5.14843163211373e-26
"DYNC2I1","DYNC2I1",1.98484665784803e-30,-0.4104815706177,0.253,0.334,5.30688450908827e-26
"AGA-DT","AGA-DT",2.09778956357634e-30,-0.558673581886145,0.185,0.257,5.60885995613407e-26
"TBCB","TBCB",2.11075835152491e-30,-0.377257451013558,0.257,0.34,5.64353460447214e-26
"NDUFAF6","NDUFAF6",2.21546836458444e-30,0.486585563280016,0.39,0.318,5.92349776638941e-26
"CFL2","CFL2",2.31545836496488e-30,-0.506383685067088,0.176,0.248,6.1908410304066e-26
"KCNIP3","KCNIP3",2.3731134140636e-30,0.804075917332428,0.155,0.099,6.34499333518184e-26
"PACRGL","PACRGL",2.46406952310493e-30,-0.46543846884052,0.198,0.273,6.58818268392566e-26
"CDK2AP2","CDK2AP2",2.65753073428468e-30,0.781572513476064,0.138,0.084,7.10543992425696e-26
"CCDC40","CCDC40",2.90473327152423e-30,1.37721233502656,0.063,0.027,7.76638534807433e-26
"TRIM25","TRIM25",3.01436483954612e-30,1.08508478729217,0.076,0.036,8.05950727149446e-26
"CDH12","CDH12",3.22768772318093e-30,0.810178021762006,0.124,0.072,8.62986866546886e-26
"SUMF1","SUMF1",3.29093819023092e-30,-0.296731081911845,0.531,0.609,8.79898143922042e-26
"MMP24OS","MMP24OS",3.40519259495107e-30,0.72622194880153,0.202,0.141,9.10446344112069e-26
"IL21R","IL21R",3.55446028080098e-30,1.53744214307349,0.042,0.014,9.50356045277759e-26
"RBFOX2","RBFOX2",3.5648018597933e-30,-0.352609904702901,0.367,0.452,9.53121073252935e-26
"RBP7","RBP7",3.82952119330229e-30,-0.945990359318909,0.042,0.085,1.02389908145323e-25
"ARHGAP26-AS1","ARHGAP26-AS1",3.8677864154747e-30,1.98504442411709,0.03,0.007,1.03413005390547e-25
"CNTRL","CNTRL",4.05363849877396e-30,0.519817128290619,0.372,0.302,1.08382132541719e-25
"ADGRE2","ADGRE2",4.08987943323318e-30,0.851822103939584,0.19,0.13,1.09351106406356e-25
"SH3BP4","SH3BP4",4.4430594976727e-30,-0.391615156546114,0.244,0.325,1.18794081789275e-25
"FRK","FRK",4.65082616116074e-30,-0.751434133744263,0.119,0.18,1.24349139070955e-25
"STAT3","STAT3",4.88400015745014e-30,0.524672507266301,0.441,0.38,1.30583512209744e-25
"PPARGC1B","PPARGC1B",5.45390747375016e-30,0.971713240524319,0.094,0.05,1.45821124125658e-25
"CD302","CD302",5.57017894375974e-30,1.3440569523907,0.052,0.02,1.48929874419304e-25
"ZSCAN30","ZSCAN30",5.73102102066931e-30,-0.63733534503834,0.119,0.181,1.53230309029635e-25
"RASGEF1B","RASGEF1B",6.02725953782911e-30,-0.374035273848838,0.523,0.594,1.61150838262937e-25
"SPRED2","SPRED2",6.30865878540782e-30,0.468788561169972,0.3,0.225,1.68674609945449e-25
"DYRK1A","DYRK1A",6.5682405297483e-30,0.346125891798973,0.624,0.573,1.7561504704388e-25
"NOD2","NOD2",7.32091280781614e-30,1.78896090225752,0.033,0.009,1.9573924574258e-25
"HABP4","HABP4",8.2862190925392e-30,-0.535045237578969,0.161,0.23,2.21548639877221e-25
"TMEM176A","TMEM176A",8.72698254080681e-30,1.70503343817659,0.038,0.012,2.33333332193552e-25
"GRB10","GRB10",9.67831528466412e-30,-0.314889237648643,0.361,0.453,2.58769115766065e-25
"CA14","CA14",1.0121920341993e-29,-1.34405991873149,0.025,0.061,2.70629784183866e-25
"MIA2","MIA2",1.02748796839975e-29,0.633091667626022,0.3,0.233,2.7471945811104e-25
"TRANK1","TRANK1",1.02981378030987e-29,0.856431346115235,0.133,0.081,2.75341310441451e-25
"RNF217","RNF217",1.25317247279811e-29,0.51310139656377,0.325,0.253,3.35060724052032e-25
"PICALM","PICALM",1.31389402413562e-29,0.317128537369877,0.894,0.883,3.51295845233142e-25
"ADGRB3","ADGRB3",1.42416947185842e-29,-0.175248732314145,0.701,0.811,3.80780191690786e-25
"LINC01762","LINC01762",1.50210044220591e-29,2.04835757916064,0.028,0.006,4.01616595232595e-25
"CLEC16A","CLEC16A",1.51934476325103e-29,0.361943553655659,0.512,0.442,4.06227209350427e-25
"GRAMD1A","GRAMD1A",1.5586628376351e-29,0.739797327059374,0.21,0.148,4.16739682898496e-25
"SBNO2","SBNO2",1.57773386139626e-29,0.874635276417033,0.122,0.071,4.21838702521519e-25
"TESK2","TESK2",1.60054632516994e-29,-0.340226798011692,0.287,0.37,4.27938070960687e-25
"C21orf91","C21orf91",1.60437857034748e-29,-0.452150017307739,0.189,0.263,4.28962698353805e-25
"EP300","EP300",1.61786449104881e-29,0.357901256123747,0.504,0.432,4.32568428971719e-25
"TIFA","TIFA",1.63673818574306e-29,2.27433413131682,0.023,0.004,4.37614688722123e-25
"ACTG1","ACTG1",1.89757195655196e-29,-0.263204211794494,0.384,0.471,5.07353814023297e-25
"MT1G","MT1G",1.94025845460036e-29,1.91647040778852,0.035,0.01,5.18766903006497e-25
"MFNG","MFNG",1.95080628319483e-29,1.59712138951591,0.032,0.008,5.215870759378e-25
"CLK1","CLK1",1.97675933934454e-29,0.370576312320427,0.472,0.401,5.28526144560551e-25
"MORC3","MORC3",2.07346878811879e-29,0.48041753252188,0.375,0.304,5.54383349879321e-25
"HECTD2","HECTD2",2.10039010900255e-29,0.677754886779958,0.21,0.148,5.61581303444011e-25
"LINC00240","LINC00240",2.12958587740003e-29,-0.945892612251365,0.074,0.126,5.69387376040446e-25
"FHOD1","FHOD1",2.1641127110623e-29,1.25993354116726,0.046,0.017,5.78618815556727e-25
"ATG14","ATG14",2.23858792840539e-29,-0.487248760980441,0.145,0.213,5.98531254417749e-25
"PIEZO1","PIEZO1",2.40075683117147e-29,0.713099372227946,0.17,0.112,6.41890353950317e-25
"SH3BGR","SH3BGR",2.44627992451997e-29,-0.948553345280267,0.053,0.099,6.54061863418905e-25
"MIPEP","MIPEP",2.46801531015915e-29,-0.651941730405392,0.137,0.201,6.59873253477253e-25
"SLC1A3-AS1","SLC1A3-AS1",2.47591439690974e-29,1.24854210319493,0.058,0.024,6.61985232301758e-25
"DIXDC1","DIXDC1",2.48412294607267e-29,-0.287166242708276,0.369,0.46,6.64179952091449e-25
"KAT2A","KAT2A",2.6759953742981e-29,0.552370181973001,0.235,0.167,7.15480883226083e-25
"WASHC3","WASHC3",2.78005466312824e-29,-0.395235113496701,0.22,0.298,7.43303215280598e-25
"PDXDC1","PDXDC1",2.91541914148554e-29,0.41344578495776,0.455,0.387,7.79495615858989e-25
"TET1","TET1",3.19328567508084e-29,-0.544165528459453,0.147,0.214,8.53788790946363e-25
"RCOR1","RCOR1",3.31859822985301e-29,0.65453603299116,0.238,0.175,8.872936087158e-25
"PTPRS","PTPRS",3.38157375507118e-29,-0.306776985759736,0.362,0.45,9.04131374893381e-25
"TRIM44","TRIM44",3.54363873011543e-29,0.338572799396192,0.601,0.539,9.47462687270963e-25
"LINC01098","LINC01098",3.61699713022569e-29,-1.22279671310867,0.028,0.064,9.67076522708442e-25
"PRR5","PRR5",3.63554084096044e-29,1.40526606423877,0.04,0.013,9.72034554647592e-25
"SAP25","SAP25",3.86600395236637e-29,0.898461715062326,0.107,0.061,1.0336534767442e-24
"THEMIS2","THEMIS2",3.89613494364821e-29,0.662132038292928,0.135,0.082,1.04170959988322e-24
"ZRANB3","ZRANB3",3.90106979575608e-29,-0.464885532399287,0.226,0.299,1.0430290312913e-24
"ADORA1","ADORA1",4.02781657923904e-29,-0.444092283633904,0.183,0.255,1.07691731879114e-24
"SLC35F3","SLC35F3",4.03920533843071e-29,0.66034942765896,0.288,0.224,1.07996233133622e-24
"MACROD1","MACROD1",4.35447635847116e-29,0.787072918273671,0.139,0.086,1.16425634396443e-24
"ENSG00000247121","ENSG00000247121",4.37040200315972e-29,-0.676846690804432,0.113,0.173,1.16851438358481e-24
"FES","FES",4.52238913612837e-29,1.55516833765589,0.035,0.01,1.20915118332664e-24
"FAM184A","FAM184A",4.63231128157742e-29,-0.75210807706661,0.087,0.142,1.23854106735535e-24
"DOP1B","DOP1B",4.95065700427375e-29,0.883906008941717,0.145,0.092,1.32365716323267e-24
"FAM20C","FAM20C",4.9910762860443e-29,0.715029603213807,0.218,0.155,1.33446406659966e-24
"LDLRAD4","LDLRAD4",5.01723013395645e-29,0.677689323441383,0.663,0.669,1.34145682091594e-24
"DOCK7","DOCK7",5.12266122248458e-29,0.562325189306816,0.256,0.188,1.3696459310557e-24
"RANBP2","RANBP2",5.19675061914014e-29,0.443765224006625,0.38,0.311,1.3894552130395e-24
"KAT6A","KAT6A",5.40105057304381e-29,0.311403908793383,0.613,0.552,1.44407889171472e-24
"BLTP3A","BLTP3A",5.42236248107808e-29,0.731257600071371,0.214,0.152,1.44977705656585e-24
"VPS35L","VPS35L",5.43588249280348e-29,-0.267275025327508,0.52,0.598,1.45339190210087e-24
"CD200","CD200",5.86834594276422e-29,-0.817447627958941,0.068,0.119,1.56901965471687e-24
"XPR1","XPR1",6.01258143770447e-29,0.486117548526805,0.362,0.292,1.60758389899904e-24
"LMF1","LMF1",6.38123982144151e-29,-0.37356454428598,0.295,0.377,1.70615209105882e-24
"MYO1G","MYO1G",6.59936391381027e-29,1.36580725725877,0.034,0.009,1.76447192963545e-24
"HMGN2","HMGN2",6.90537297659207e-29,-0.596025598284488,0.121,0.183,1.84628957275142e-24
"IFNG-AS1","IFNG-AS1",6.91086607726659e-29,-2.04586089987427,0.008,0.033,1.84775826307877e-24
"XBP1","XBP1",6.96781816129649e-29,0.974401291236119,0.082,0.042,1.86298554178584e-24
"CHCHD7","CHCHD7",7.32669525682464e-29,0.956088078524774,0.082,0.041,1.9589385108172e-24
"RAB10","RAB10",7.3851784548854e-29,0.312375890875815,0.631,0.576,1.97457516348271e-24
"SLC7A6","SLC7A6",7.48684955192487e-29,0.721150848461983,0.157,0.101,2.00175896469815e-24
"FAAH","FAAH",7.73248536708094e-29,-0.639998940972826,0.125,0.187,2.06743461259643e-24
"HGSNAT","HGSNAT",7.85423567933994e-29,-0.422070338583513,0.207,0.283,2.09998699358512e-24
"CCDC14","CCDC14",8.05822211292271e-29,-0.403221482250668,0.221,0.296,2.15452684633214e-24
"HIBADH","HIBADH",8.55986419540608e-29,-0.410791942223057,0.297,0.375,2.28865088992572e-24
"SNX18","SNX18",8.6504884345856e-29,0.738862501992047,0.197,0.137,2.31288109275515e-24
"ENSG00000230910","ENSG00000230910",8.69799187512608e-29,-0.584090985004574,0.136,0.2,2.32558208765246e-24
"CD151","CD151",8.96155150403971e-29,1.90358827066347,0.037,0.012,2.3960500256351e-24
"ENSG00000228804","ENSG00000228804",9.00377036793907e-29,2.21912625726563,0.027,0.006,2.40733808327587e-24
"RAPGEF4","RAPGEF4",9.28971328767103e-29,0.488156521541361,0.281,0.209,2.4837906417246e-24
"DICER1-AS1","DICER1-AS1",9.97394636953198e-29,-0.695810619347287,0.105,0.163,2.66673404082177e-24
"PBX1","PBX1",9.97723631018501e-29,-0.293573787902064,0.463,0.558,2.66761367225417e-24
"DOCK1","DOCK1",1.02676717071151e-28,-0.117160311454624,0.655,0.793,2.74526738433138e-24
"ENSG00000260851","ENSG00000260851",1.0549420866787e-28,-0.800845673332673,0.056,0.103,2.82059865715285e-24
"ATG4B","ATG4B",1.22283429815386e-28,0.492779918471061,0.322,0.252,3.26949206297398e-24
"PDLIM3","PDLIM3",1.22722544084877e-28,-1.10242315430464,0.036,0.076,3.28123266119736e-24
"NAMPT","NAMPT",1.32820099244074e-28,1.47976981106754,0.165,0.11,3.55121099348881e-24
"PRIM2","PRIM2",1.34607544075097e-28,0.538146985262311,0.3,0.231,3.59900190593586e-24
"HPS1","HPS1",1.43470364334558e-28,0.816878844285597,0.146,0.092,3.83596713121309e-24
"FBXO34","FBXO34",1.44919717260527e-28,0.655716120045887,0.226,0.163,3.87471848039472e-24
"STK10","STK10",1.45746493061398e-28,0.663298633987037,0.201,0.14,3.8968239849826e-24
"PGK1","PGK1",1.5723380348244e-28,0.765291565004333,0.222,0.161,4.20396020370999e-24
"ELOVL7","ELOVL7",1.59249665249256e-28,-0.413557270056022,0.215,0.29,4.25785829976936e-24
"PPP3CA","PPP3CA",1.62213766394293e-28,0.338339884138793,0.546,0.473,4.3371094720842e-24
"MMD","MMD",1.69521572354656e-28,1.16558129699928,0.094,0.051,4.53249828004644e-24
"DDHD1","DDHD1",1.74664612735891e-28,-0.34899473003398,0.365,0.447,4.67000775071952e-24
"UBASH3B","UBASH3B",1.8211381890552e-28,0.779679088178228,0.143,0.09,4.86917717607689e-24
"LRRC7","LRRC7",1.82639727705043e-28,-0.406496720067525,0.294,0.375,4.88323839964972e-24
"MFSD1","MFSD1",1.83204492767197e-28,0.684716751929383,0.241,0.179,4.89833852311656e-24
"ITPRIP","ITPRIP",2.05039963983677e-28,1.12899097689088,0.058,0.025,5.48215351703156e-24
"RCC1","RCC1",2.11374964866806e-28,0.91671172841405,0.114,0.067,5.65153243564379e-24
"IGSF6","IGSF6",2.12349533799425e-28,1.38608920920337,0.05,0.019,5.67758948519522e-24
"SNX25","SNX25",2.15389796474319e-28,0.564040527507885,0.257,0.19,5.75887698833386e-24
"RCBTB2","RCBTB2",2.20464147666159e-28,0.716447990523543,0.158,0.102,5.8945499161501e-24
"LINC03013","LINC03013",2.31166983420068e-28,-0.647572411900767,0.074,0.127,6.18071163570236e-24
"THUMPD3-AS1","THUMPD3-AS1",2.336088436646e-28,0.525358942485584,0.349,0.281,6.24599965306042e-24
"SNX27","SNX27",2.34162561405583e-28,0.478699343538617,0.387,0.319,6.26080440430108e-24
"CLCN5","CLCN5",2.43358140748847e-28,0.900137135044659,0.135,0.084,6.50666660920193e-24
"PLBD1","PLBD1",2.52460159000914e-28,1.63899723986344,0.038,0.012,6.75002727120743e-24
"OXCT1","OXCT1",2.89913455624332e-28,-0.456647557110323,0.163,0.232,7.75141606302776e-24
"ENSG00000267787","ENSG00000267787",2.93165450317043e-28,0.791330033903366,0.145,0.092,7.83836464512679e-24
"SPATA22","SPATA22",3.21012589236552e-28,-1.01298001607493,0.051,0.095,8.5829135984177e-24
"GPR132","GPR132",3.38191841675087e-28,1.38886053417714,0.036,0.011,9.0422352708668e-24
"DZIP3","DZIP3",3.48650748529637e-28,-0.442045891259361,0.229,0.301,9.32187506343689e-24
"SNX19","SNX19",3.55591769741809e-28,-0.428719232234709,0.283,0.357,9.50745714758675e-24
"SSBP4","SSBP4",3.56490254085074e-28,1.00587664229826,0.088,0.047,9.53147992347262e-24
"TSPAN15","TSPAN15",3.56852078025263e-28,-0.359451941703735,0.274,0.353,9.54115401016146e-24
"TRIM66","TRIM66",3.64713159078792e-28,-0.631734049371887,0.086,0.14,9.75133573428967e-24
"TRAK1","TRAK1",3.84477294853611e-28,0.436544421485557,0.44,0.372,1.0279769432501e-23
"CRB2","CRB2",3.99249474735954e-28,-0.988202124070078,0.042,0.083,1.06747332060152e-23
"MYO9B","MYO9B",4.61773570819464e-28,0.294276844662903,0.631,0.574,1.2346439963e-23
"RAP2C-AS1","RAP2C-AS1",4.64736993625958e-28,-0.915405625044028,0.068,0.116,1.24256729985772e-23
"IQSEC2","IQSEC2",4.79261150808776e-28,0.881719952488235,0.099,0.055,1.28140053891743e-23
"CRB1","CRB1",4.91697539955236e-28,-0.46260754392198,0.193,0.265,1.31465171257832e-23
"TOM1L2","TOM1L2",4.97603963738474e-28,-0.224135058623675,0.493,0.591,1.33044371784756e-23
"MET","MET",5.12839074799151e-28,1.2447110651247,0.058,0.025,1.37117783429049e-23
"BHLHE40","BHLHE40",5.20372685089832e-28,1.06425052345259,0.055,0.023,1.39132044812468e-23
"MIGA1","MIGA1",5.58197318738907e-28,-0.298101072447569,0.395,0.482,1.49245217111222e-23
"ENSG00000274441","ENSG00000274441",5.71326760264215e-28,1.15411993028531,0.073,0.036,1.52755635891843e-23
"USP30","USP30",5.808784090113e-28,-0.606439122295415,0.134,0.196,1.55309460217351e-23
"EML4","EML4",6.26154438213918e-28,0.488842221393901,0.291,0.224,1.67414912145255e-23
"PTN","PTN",6.28771914091951e-28,-0.408647629497319,0.306,0.386,1.68114746670765e-23
"IL16","IL16",6.48728843355706e-28,1.03098452531632,0.058,0.025,1.73450630848015e-23
"SLC9A9","SLC9A9",7.02301296205047e-28,0.266776081904883,0.804,0.776,1.87774297566343e-23
"BMAL1","BMAL1",7.11347558597167e-28,0.776161148488472,0.164,0.109,1.90192996742125e-23
"PLA2G6","PLA2G6",7.74674237765799e-28,-0.705477384088951,0.084,0.136,2.07124650951442e-23
"SAMD9","SAMD9",7.88425290750446e-28,1.37950557436928,0.044,0.016,2.10801269987947e-23
"KCNG1","KCNG1",8.00329311864975e-28,3.61120986464376,0.017,0.001,2.13984048113338e-23
"USPL1","USPL1",8.03112752857774e-28,0.618135463099548,0.201,0.141,2.14728256731583e-23
"SNX31","SNX31",8.47448867336183e-28,2.2882631201825,0.027,0.006,2.26582403659675e-23
"LTBP1","LTBP1",8.69894260535903e-28,-0.610688563610233,0.127,0.188,2.32583628439485e-23
"DDR1","DDR1",9.02914043013718e-28,-0.333155243514366,0.274,0.359,2.41412127680578e-23
"RNF141","RNF141",9.16927194827369e-28,-0.477150745648105,0.198,0.268,2.45158824080994e-23
"SRP54","SRP54",9.4380659668456e-28,-0.462524458346146,0.203,0.273,2.52345569755551e-23
"MBNL2","MBNL2",9.83644475064904e-28,-0.211209501237292,0.799,0.824,2.62997023298103e-23
"LOC105372738","LOC105372738",9.83903493473892e-28,2.12697984272961,0.027,0.006,2.63066277050114e-23
"ENSG00000224950","ENSG00000224950",9.87411255325181e-28,2.02426053072105,0.025,0.005,2.64004147336294e-23
"TKT","TKT",1.05014402435268e-27,0.625920975450039,0.287,0.225,2.80777007791177e-23
"CCNG2","CCNG2",1.10667382080936e-27,1.21796300385131,0.101,0.057,2.95891379469798e-23
"PITPNC1","PITPNC1",1.15181698986054e-27,0.410271248132611,0.277,0.206,3.07961308579012e-23
"CCNB3","CCNB3",1.17191703050236e-27,-1.37584847956544,0.019,0.05,3.13335456445416e-23
"MANF","MANF",1.20668715844293e-27,1.0395187504783,0.084,0.044,3.22631945552885e-23
"ARHGEF37","ARHGEF37",1.23212437402367e-27,-0.382838006167211,0.237,0.314,3.29433093882709e-23
"PPP2R2C","PPP2R2C",1.28619525207581e-27,-0.438460999024888,0.197,0.268,3.43890024547509e-23
"ZNF33B","ZNF33B",1.33268078988197e-27,0.829965707759925,0.136,0.085,3.56318862790742e-23
"C11orf65","C11orf65",1.33284199191384e-27,-0.806434050388369,0.093,0.147,3.56361963378004e-23
"ENSG00000239911","ENSG00000239911",1.40717441199939e-27,1.89331126938263,0.026,0.006,3.76236222536277e-23
"ANXA2","ANXA2",1.5030669004953e-27,1.34859601325488,0.049,0.019,4.01874997185429e-23
"BTBD8","BTBD8",1.5590520117965e-27,-0.337894033912247,0.31,0.392,4.16843736394031e-23
"EXOC1","EXOC1",1.62196399019409e-27,-0.3442466954186,0.338,0.417,4.33664512058194e-23
"TUT7","TUT7",1.69972586276575e-27,0.538533496431876,0.358,0.292,4.5445570392768e-23
"STAT5A","STAT5A",1.71495483806138e-27,1.04440558579082,0.091,0.05,4.58527475052472e-23
"TMX1","TMX1",1.71954182432824e-27,0.706057003091067,0.156,0.102,4.59753897570641e-23
"DIAPH1","DIAPH1",1.79525530883744e-27,0.670258108773805,0.131,0.08,4.79997411923868e-23
"SLC29A3","SLC29A3",1.80232239127299e-27,0.693039336634155,0.126,0.076,4.81886937754658e-23
"ZNF208","ZNF208",1.80616186199359e-27,-0.575732579912096,0.096,0.152,4.82913497041226e-23
"TERF2IP","TERF2IP",1.8223540248108e-27,-0.327822018592668,0.36,0.442,4.87242795613664e-23
"LINC00632","LINC00632",1.82678193911818e-27,-0.403795623827586,0.255,0.332,4.88426687062029e-23
"MNAT1","MNAT1",1.85014494127191e-27,-0.304013283249829,0.409,0.492,4.9467325294787e-23
"ENSG00000247765","ENSG00000247765",1.94887772122708e-27,2.22927607926879,0.029,0.007,5.21071436324485e-23
"TANC1","TANC1",1.95655390000788e-27,0.351789096356499,0.633,0.595,5.23123816245106e-23
"TLE4","TLE4",2.0033677986115e-27,0.367954337702072,0.636,0.602,5.35640448314758e-23
"HPCAL1","HPCAL1",2.14611606149622e-27,0.735013615115464,0.183,0.126,5.73807051362245e-23
"MVB12B","MVB12B",2.2484772579761e-27,-0.225423475244794,0.697,0.757,6.0117536446507e-23
"BRD4","BRD4",2.30909113107213e-27,0.44616567635379,0.413,0.345,6.17381695714754e-23
"NDUFB7","NDUFB7",2.34304770242116e-27,-0.566381280037856,0.144,0.207,6.26460664196346e-23
"ZNG1A","ZNG1A",2.37716858257468e-27,0.789567058880001,0.126,0.077,6.35583563922993e-23
"MTCL2","MTCL2",2.54181200714634e-27,-0.392747344641129,0.313,0.391,6.79604276350718e-23
"ABCA6","ABCA6",2.55350160774759e-27,-0.59625417663811,0.17,0.237,6.82729724863472e-23
"MMP14","MMP14",2.60142601062533e-27,1.647972038297,0.035,0.011,6.95543272460895e-23
"LGALS3","LGALS3",2.69399082920457e-27,2.21761696112268,0.026,0.006,7.20292328004427e-23
"SUSD1","SUSD1",2.7521599184382e-27,0.991059637625569,0.116,0.069,7.35844997392822e-23
"RFLNA","RFLNA",2.81809738530737e-27,-1.04237263017998,0.047,0.089,7.53474697909631e-23
"DNAH17","DNAH17",2.85033570046232e-27,-0.500332695434188,0.172,0.24,7.62094256232611e-23
"LRRTM2","LRRTM2",3.0094635490905e-27,-0.816209221247705,0.064,0.11,8.04640269120328e-23
"VSIG10","VSIG10",3.0381096619509e-27,-0.596602514731697,0.116,0.175,8.12299380315812e-23
"PGCKA1","PGCKA1",3.04995626437269e-27,1.01247230386862,0.113,0.067,8.15466806405327e-23
"CD99L2","CD99L2",3.07494552330138e-27,-0.445779560472657,0.222,0.295,8.22148184565091e-23
"ZDHHC7","ZDHHC7",3.12637210391134e-27,0.721497602124274,0.156,0.102,8.35898109422774e-23
"ZFP36","ZFP36",3.14976205527467e-27,0.781278788246427,0.069,0.033,8.42151880718789e-23
"LPCAT1","LPCAT1",3.60932772945129e-27,0.867229480424491,0.082,0.043,9.6502595502339e-23
"CCDC7","CCDC7",3.90847193256054e-27,-0.338453061225603,0.357,0.435,1.04500814060871e-22
"LRP6","LRP6",3.97781138198902e-27,-0.40471923954629,0.309,0.383,1.0635474292024e-22
"AMY2B","AMY2B",4.15220076952932e-27,-0.618086195673855,0.093,0.148,1.11017391974906e-22
"CTBS","CTBS",4.16107375487593e-27,0.676929087185036,0.183,0.125,1.11254628984118e-22
"TENT4B","TENT4B",4.41445171852729e-27,0.555060878077194,0.254,0.188,1.18029195598264e-22
"ENSG00000225521","ENSG00000225521",4.47656726653364e-27,-1.90128713171761,0.01,0.035,1.1968997900531e-22
"GMIP","GMIP",4.62508119601057e-27,1.08587666082548,0.052,0.021,1.23660795937735e-22
"IQCN","IQCN",4.75722309006e-27,-1.5236682658694,0.01,0.035,1.27193873758934e-22
"AKR1B1","AKR1B1",4.81301286849446e-27,0.747777552943974,0.139,0.088,1.28685525064936e-22
"MGAM","MGAM",5.20657794493934e-27,1.50133441803616,0.044,0.016,1.39208274513843e-22
"PDE4A","PDE4A",5.37170671108322e-27,0.998010238804024,0.076,0.038,1.43623322334232e-22
"TMEM131L","TMEM131L",5.4712392605438e-27,0.608234631459957,0.257,0.193,1.4628452410916e-22
"RFX3","RFX3",5.50668078288302e-27,0.29475658284927,0.627,0.566,1.47232124091943e-22
"AMER2","AMER2",5.53146353530016e-27,-0.112943443504876,0.512,0.638,1.4789474054332e-22
"BCL7A","BCL7A",5.7238862311321e-27,-0.68811680325978,0.078,0.128,1.53039546161779e-22
"WDR11-DT","WDR11-DT",5.76772443712723e-27,-0.490164412667574,0.16,0.225,1.54211648275471e-22
"TMLHE","TMLHE",6.22708302520007e-27,0.618313171556945,0.216,0.154,1.66493518844774e-22
"ENSG00000250159","ENSG00000250159",6.34106708666176e-27,-0.359262499021346,0.279,0.358,1.69541110696076e-22
"ACP3","ACP3",7.30504905716313e-27,1.15773630078298,0.05,0.02,1.9531509664137e-22
"CATSPERT","CATSPERT",7.95288232264543e-27,-0.763477294254539,0.09,0.143,2.12636214660571e-22
"ACSL3","ACSL3",8.22904238559164e-27,-0.339068497452009,0.445,0.52,2.20019906263564e-22
"PDIA5","PDIA5",8.37624974743299e-27,1.10778674001056,0.067,0.032,2.23955789497116e-22
"H3-3A","H3-3A",8.61407521852367e-27,0.82853485323078,0.123,0.075,2.30314529117667e-22
"MARCKS","MARCKS",8.68351917945079e-27,0.493936572723901,0.289,0.22,2.32171252300976e-22
"TMEM106A","TMEM106A",9.07136795687759e-27,0.733172476136719,0.111,0.065,2.42541165063036e-22
"TRABD","TRABD",9.42139052320157e-27,0.700468888861778,0.146,0.094,2.5189971841884e-22
"GLTP","GLTP",9.94899241069634e-27,-0.26872335360096,0.359,0.443,2.66006210084788e-22
"ENSG00000249494","ENSG00000249494",1.0227892424322e-26,-0.712672450236509,0.091,0.144,2.73463159749098e-22
"SPOPL","SPOPL",1.09919988639773e-26,0.542107869411335,0.328,0.261,2.93893073626161e-22
"OSBP2","OSBP2",1.13345632408799e-26,-0.220987309647682,0.39,0.486,3.03052217371405e-22
"CHD2","CHD2",1.16471987516947e-26,0.372347199064679,0.495,0.432,3.11411153024062e-22
"ATG13","ATG13",1.19907746276108e-26,-0.345842589909336,0.328,0.407,3.20597341218431e-22
"LGI3","LGI3",1.20736564780273e-26,-0.366304049027031,0.227,0.303,3.22813353253016e-22
"LINC02473","LINC02473",1.26221738909104e-26,-0.810436443886906,0.065,0.111,3.37479063321271e-22
"COL9A2","COL9A2",1.28163201767899e-26,-0.372284229741505,0.261,0.336,3.42669952566831e-22
"EEPD1","EEPD1",1.32023301241049e-26,-0.313617137050019,0.284,0.365,3.52990700528191e-22
"ZNF483","ZNF483",1.34605057170247e-26,-0.339976581055227,0.294,0.375,3.59893541356089e-22
"ZNG1B","ZNG1B",1.37347720709528e-26,0.782828941330197,0.153,0.1,3.67226600861065e-22
"TET2","TET2",1.43150311222385e-26,0.432265773364401,0.497,0.441,3.8274098711529e-22
"RAP1B","RAP1B",1.46593699802627e-26,0.487543865149533,0.397,0.336,3.91947575162283e-22
"NRXN2","NRXN2",1.53247501911988e-26,-0.434241809523542,0.189,0.259,4.09737845862082e-22
"LYPLA1","LYPLA1",1.53760645025476e-26,0.73646382092837,0.134,0.084,4.11109836604614e-22
"GRIA3","GRIA3",1.54079588070385e-26,-0.337563234529234,0.253,0.33,4.11962594623789e-22
"SGCE","SGCE",1.60982808303097e-26,-0.359055149310524,0.294,0.372,4.3041973455999e-22
"ZNF710-AS1","ZNF710-AS1",1.65503531721663e-26,-1.02385800023138,0.03,0.065,4.42506792764209e-22
"KCNMA1-AS1","KCNMA1-AS1",1.76385199998857e-26,1.73426111414537,0.03,0.008,4.71601109236943e-22
"SSH2","SSH2",1.78619949291414e-26,0.374628447597286,0.861,0.85,4.77576158420453e-22
"ENSG00000240710","ENSG00000240710",1.85998333939138e-26,2.59337628203836,0.018,0.002,4.97303745453072e-22
"TAGAP","TAGAP",1.94450818221236e-26,1.36254567286407,0.038,0.013,5.19903152678119e-22
"ENSG00000262877","ENSG00000262877",1.95101275469652e-26,-1.05096288469491,0.044,0.084,5.21642280223209e-22
"HNMT","HNMT",1.95494844298657e-26,0.781733721488981,0.154,0.102,5.2269456520132e-22
"MAN2A1","MAN2A1",1.95579593130806e-26,-0.136077356858659,0.762,0.811,5.22921158153836e-22
"SERPINH1","SERPINH1",1.96011605640127e-26,0.62288455524725,0.03,0.008,5.24076230000008e-22
"KCTD8","KCTD8",2.08479149160187e-26,-0.238927385018364,0.438,0.531,5.57410701109591e-22
"DNASE2","DNASE2",2.09928195349971e-26,1.27978359457665,0.049,0.02,5.61285015907219e-22
"CCDC117","CCDC117",2.10469148628874e-26,0.79777497446013,0.102,0.058,5.6273136268902e-22
"ARID1A","ARID1A",2.14619777681673e-26,0.313553671441857,0.576,0.517,5.73828899587488e-22
"CASP7","CASP7",2.20860075830401e-26,1.35619010222799,0.039,0.013,5.90513584747742e-22
"FAIM","FAIM",2.21532695185734e-26,-0.897775235551387,0.043,0.082,5.92311967118097e-22
"LILRA4","LILRA4",2.24258768753619e-26,1.62439662743234,0.027,0.007,5.99600670016552e-22
"LAYN","LAYN",2.29807176116642e-26,-0.70637245028223,0.074,0.122,6.14435446783067e-22
"YWHAG","YWHAG",2.33304063700761e-26,0.518133222971134,0.308,0.243,6.23785075116726e-22
"SQOR","SQOR",2.3594303677156e-26,1.35727903974846,0.037,0.012,6.30840897416119e-22
"DBF4B","DBF4B",2.50277684979919e-26,-0.666745909698078,0.093,0.146,6.69167446330808e-22
"ZFHX4-AS1","ZFHX4-AS1",2.54102766200737e-26,-1.01637006518908,0.034,0.07,6.79394565990911e-22
"ARHGEF11","ARHGEF11",2.75982111651563e-26,0.464267904865744,0.328,0.258,7.37893371922783e-22
"FMNL3","FMNL3",2.94320903654071e-26,0.470484312867389,0.381,0.318,7.86925800099889e-22
"PPWD1","PPWD1",3.10183677205348e-26,-0.463237267306939,0.199,0.266,8.29338097743938e-22
"PPTC7","PPTC7",3.11833003392115e-26,0.737957344710994,0.126,0.077,8.33747901169497e-22
"PIK3CA","PIK3CA",3.25553335092394e-26,0.462747464732361,0.401,0.337,8.70431952036533e-22
"ENSG00000273319","ENSG00000273319",3.26295371928636e-26,0.93629835500887,0.099,0.056,8.72415935925594e-22
"KCNJ10","KCNJ10",3.43335980888111e-26,-0.320245422434417,0.288,0.37,9.17977412100542e-22
"RNF24","RNF24",3.51036840426916e-26,0.54749782927389,0.27,0.204,9.38567200249445e-22
"CDH1","CDH1",3.51789399736536e-26,-1.01957786699152,0.035,0.073,9.40579318075576e-22
"ENSG00000233359","ENSG00000233359",3.59715458382472e-26,0.913645728931474,0.101,0.058,9.61771221077216e-22
"ABCA9","ABCA9",3.65960044951794e-26,-1.03565354554891,0.058,0.102,9.78467372187612e-22
"NOL4L","NOL4L",3.67011068424655e-26,0.557741398958481,0.35,0.288,9.81277493647e-22
"TM7SF2","TM7SF2",3.80270286049714e-26,-0.611648750810167,0.1,0.155,1.01672866381112e-21
"ROCK1","ROCK1",4.13611288546915e-26,0.363547612020372,0.581,0.527,1.10587250218789e-21
"TTL","TTL",4.26901005357955e-26,-0.455402311087798,0.232,0.302,1.14140521802556e-21
"IMPA2","IMPA2",4.34966592785967e-26,1.31525135806203,0.042,0.015,1.16297017913184e-21
"GUCY1A1","GUCY1A1",5.1150584996754e-26,1.21021347721527,0.055,0.024,1.36761319105821e-21
"EVL","EVL",5.36551325862097e-26,0.383695771704996,0.481,0.422,1.43457727995749e-21
"ELOVL6","ELOVL6",5.66054554096887e-26,-0.434473383571561,0.219,0.289,1.51346006128885e-21
"DPYSL2","DPYSL2",5.8048813414259e-26,-0.184097025768356,0.727,0.786,1.55205112425704e-21
"MSL2","MSL2",5.97848418263252e-26,0.465896298879684,0.301,0.235,1.59846731591046e-21
"BBS2","BBS2",6.12015956745042e-26,-0.217324932375967,0.459,0.548,1.63634706354922e-21
"RAP1GAP2","RAP1GAP2",6.1947811051876e-26,0.710138801137869,0.138,0.087,1.65629862409401e-21
"PTPN14","PTPN14",6.62208140897643e-26,0.677528886234231,0.133,0.084,1.77054590631803e-21
"ENSG00000224167","ENSG00000224167",7.0446473106465e-26,1.1966897845389,0.05,0.021,1.88352735144755e-21
"MAD1L1","MAD1L1",7.40032983535477e-26,0.487691705176383,0.338,0.273,1.9786261880788e-21
"ENSG00000258168","ENSG00000258168",7.4138076435912e-26,0.917813375345357,0.099,0.057,1.98222974966698e-21
"NTRK2","NTRK2",7.67051553574225e-26,-0.324201475987569,0.333,0.416,2.0508657387914e-21
"ANKRD17","ANKRD17",8.35217701677771e-26,0.240879254638155,0.752,0.718,2.23312156897585e-21
"TGIF1","TGIF1",8.364077455395e-26,1.264780442825,0.051,0.021,2.23630338924896e-21
"HSPA8","HSPA8",8.40559323358279e-26,0.642160896538417,0.271,0.21,2.24740346286303e-21
"NBPF26","NBPF26",8.48794961072355e-26,1.31046193589525,0.057,0.026,2.26942308741916e-21
"SUSD3","SUSD3",8.73145127660168e-26,0.91359757323307,0.055,0.024,2.33452812782499e-21
"TNFRSF10A","TNFRSF10A",8.82402752851497e-26,1.74733616363921,0.031,0.009,2.35928024029905e-21
"RAC1","RAC1",8.8673901498574e-26,0.41700445729903,0.449,0.392,2.37087410436737e-21
"UGGT2","UGGT2",8.91343812161594e-26,-0.271248898764242,0.508,0.583,2.38318595057645e-21
"LRRC63","LRRC63",9.20482159111398e-26,-0.316496230535057,0.298,0.379,2.46109314881615e-21
"LCORL","LCORL",9.36680746393028e-26,0.335804600857358,0.509,0.441,2.50440331163104e-21
"ADAM9","ADAM9",9.54837525987442e-26,0.58787113943456,0.247,0.186,2.55294909323262e-21
"H2BC5","H2BC5",9.7911264731278e-26,0.7070508807402,0.085,0.046,2.61785348512018e-21
"ACTR2","ACTR2",9.92469021482484e-26,0.51827237627409,0.379,0.32,2.65356442273772e-21
"PELATON","PELATON",1.04289943259838e-25,4.38970097570907,0.013,0,2.78840021293828e-21
"PHF20","PHF20",1.07911116296591e-25,0.457392693022707,0.393,0.328,2.88521951642195e-21
"PTMS","PTMS",1.11801943875257e-25,1.14204855439185,0.076,0.04,2.98924857339276e-21
"ATP6V0E2","ATP6V0E2",1.14383107257685e-25,-0.579425774540867,0.129,0.187,3.05826113874873e-21
"SP140","SP140",1.15235666700532e-25,0.728643682624605,0.097,0.055,3.08105602057212e-21
"COL8A2","COL8A2",1.16034457603172e-25,1.30220501896163,0.038,0.013,3.10241329293602e-21
"PITPNA","PITPNA",1.21195271002574e-25,0.704930322603647,0.19,0.134,3.24039796079582e-21
"ENSG00000259755","ENSG00000259755",1.23602139372801e-25,1.24427696711112,0.059,0.027,3.30475040041058e-21
"GSAP","GSAP",1.27405734578063e-25,0.594331745622115,0.251,0.191,3.40644712541366e-21
"BICD2","BICD2",1.30434653413035e-25,0.720731409417548,0.197,0.141,3.48743132830431e-21
"CRK","CRK",1.46292231519611e-25,0.616814652680837,0.242,0.182,3.91141539413984e-21
"ENSG00000261621","ENSG00000261621",1.51228313371172e-25,0.815810097457774,0.083,0.044,4.04339141460503e-21
"JUNB","JUNB",1.53080156829172e-25,0.77065108850805,0.07,0.035,4.09290415314156e-21
"ITGB2-AS1","ITGB2-AS1",1.60525536797227e-25,1.46707155844433,0.036,0.012,4.29197127734745e-21
"CAMKK1","CAMKK1",1.62258615114427e-25,1.12931152977119,0.053,0.023,4.33830859231443e-21
"SMARCC2","SMARCC2",1.65061952654417e-25,0.532999272332812,0.255,0.192,4.41326142812116e-21
"HGF","HGF",1.65089785159595e-25,1.49941733536775,0.035,0.012,4.41400558581209e-21
"LOC102724768","LOC102724768",1.67833417127462e-25,-0.382406079342129,0.212,0.282,4.48736207373696e-21
"DENND5A","DENND5A",1.7441636085406e-25,-0.249591467389827,0.607,0.675,4.66337024015499e-21
"SLC35B3","SLC35B3",1.75072582668672e-25,-0.514440294681257,0.139,0.199,4.68091564281229e-21
"KCNQ1OT1","KCNQ1OT1",1.75512414733809e-25,-0.259304845813184,0.479,0.556,4.69267543273786e-21
"CCNI","CCNI",1.76739177204671e-25,0.452949572777407,0.409,0.349,4.7254753809213e-21
"HFM1","HFM1",1.82144890040863e-25,-0.642285389241058,0.074,0.122,4.87000792502256e-21
"CALN1","CALN1",1.93567145358842e-25,-0.31822722222927,0.356,0.436,5.17540476545935e-21
"ZMIZ1-AS1","ZMIZ1-AS1",2.18584765189295e-25,-1.36007983740917,0.018,0.047,5.84430086686619e-21
"MLH3","MLH3",2.2370164330811e-25,-0.403037363912909,0.281,0.353,5.98111083712893e-21
"SPIDR","SPIDR",2.28043199249845e-25,0.332539834867614,0.628,0.577,6.0971910183431e-21
"EZR","EZR",2.32129442241924e-25,1.21976474221376,0.052,0.023,6.20644489722234e-21
"ENSG00000230155","ENSG00000230155",2.70087497087648e-25,1.08093079487481,0.055,0.024,7.22132940963245e-21
"SAMHD1","SAMHD1",2.70107068151022e-25,0.405845359852269,0.331,0.264,7.22185268115388e-21
"ETFDH","ETFDH",3.04968208416858e-25,-0.445031195257253,0.193,0.259,8.15393498844154e-21
"ABCD3","ABCD3",3.05680204657196e-25,-0.405504430476846,0.249,0.321,8.17297163191944e-21
"TCAF2","TCAF2",3.30686971363017e-25,0.986757001761234,0.076,0.04,8.84157755333299e-21
"EPM2A","EPM2A",3.59481306744461e-25,-0.412023239750563,0.185,0.251,9.61145169842667e-21
"GPR37L1","GPR37L1",3.70310790994835e-25,-0.386744081896376,0.159,0.223,9.9009996188289e-21
"HR","HR",3.82393275215764e-25,-1.03115270276976,0.029,0.063,1.02240489994439e-20
"ENSG00000254186","ENSG00000254186",4.1202877350788e-25,-0.47565698910413,0.165,0.229,1.10164133172802e-20
"ACVR1C","ACVR1C",4.17050153874121e-25,-0.607472409357501,0.11,0.165,1.11506699641324e-20
"WDR5B-DT","WDR5B-DT",4.1808488853281e-25,-0.659823426489085,0.09,0.14,1.11783356647017e-20
"PTPN6","PTPN6",4.26890201803709e-25,0.972348045951497,0.047,0.019,1.14137633256258e-20
"ENSG00000258302","ENSG00000258302",4.3158972419424e-25,-1.00790420940878,0.041,0.079,1.15394144557814e-20
"WDFY3","WDFY3",4.51200368916518e-25,0.224926894534081,0.816,0.803,1.20637442637209e-20
"PPP1R12A","PPP1R12A",4.63794589027779e-25,0.352766229345807,0.57,0.526,1.24004759268357e-20
"SLC37A2","SLC37A2",4.84733506399702e-25,1.384684773009,0.032,0.01,1.29603197606088e-20
"ENGASE","ENGASE",4.87993540470881e-25,0.829314010284745,0.121,0.075,1.30474832915699e-20
"ZFYVE28","ZFYVE28",4.92473175290473e-25,0.637234948152972,0.189,0.133,1.31672552877414e-20
"OSBPL11","OSBPL11",5.04782873249461e-25,0.643364131995252,0.193,0.138,1.34963796820708e-20
"ZNNT1","ZNNT1",5.36510221168993e-25,0.794985279572105,0.093,0.052,1.43446737833954e-20
"DAGLB","DAGLB",5.46388581379575e-25,0.596325730923764,0.133,0.085,1.46087915003457e-20
"TMEM72-AS1","TMEM72-AS1",5.85339626448369e-25,-0.590657954369615,0.073,0.121,1.565022559235e-20
"MPC1","MPC1",6.41494177531816e-25,-0.370478782948361,0.272,0.345,1.71516298246682e-20
"USP31","USP31",6.80731028607783e-25,0.628204160997035,0.47,0.45,1.82007055118863e-20
"MNDA","MNDA",6.83320180076256e-25,1.08942831434491,0.049,0.02,1.82699316546989e-20
"NLRC4","NLRC4",7.25684163735066e-25,1.11653395444499,0.046,0.018,1.94026174857845e-20
"ENSG00000268081","ENSG00000268081",7.36900520283376e-25,-0.859043428229324,0.026,0.059,1.97025092108166e-20
"LPL","LPL",7.53869810870332e-25,1.13806707357347,0.1,0.059,2.01562171332401e-20
"ASAP1","ASAP1",7.69821343116583e-25,0.359103516591178,0.624,0.572,2.05827132509081e-20
"GSK3B","GSK3B",7.78078300494375e-25,0.308730567025818,0.632,0.583,2.08034795203181e-20
"SH2B2","SH2B2",7.81377769464649e-25,1.20482398565449,0.05,0.021,2.08916974221763e-20
"ARHGEF40","ARHGEF40",7.92484740209389e-25,0.713241741415374,0.143,0.093,2.11886644989784e-20
"ARNT2-DT","ARNT2-DT",7.9377510923825e-25,-0.64794720739341,0.097,0.149,2.12231650957031e-20
"MAGI1","MAGI1",8.03560472295924e-25,-0.244685880382571,0.623,0.688,2.14847963477761e-20
"FBP1","FBP1",8.06456477980541e-25,1.63704496322486,0.028,0.008,2.15622268517657e-20
"SLC17A5","SLC17A5",8.09475579297685e-25,0.716207279371576,0.167,0.114,2.16429485636822e-20
"EEF1A1","EEF1A1",8.1442161905702e-25,0.463974579677317,0.479,0.428,2.17751908287275e-20
"MICAL1","MICAL1",8.18117393395438e-25,0.775565255813611,0.116,0.071,2.18740047472138e-20
"LOC102546299","LOC102546299",8.85056814045899e-25,-3.27480125795107,0.014,0.04,2.36637640371452e-20
"CRYZ","CRYZ",9.25491627551138e-25,1.06369544892479,0.066,0.033,2.47448696458348e-20
"FADS1","FADS1",9.40728438529055e-25,-0.525189517000855,0.164,0.226,2.51522562609513e-20
"ARMH4","ARMH4",9.40893584916995e-25,0.41680257009775,0.394,0.327,2.51566717799257e-20
"LY86-AS1","LY86-AS1",9.56054624813433e-25,1.74947073660267,0.026,0.007,2.55620325036368e-20
"AIF1","AIF1",9.63024511336457e-25,0.686298775865093,0.07,0.035,2.57483863596028e-20
"TTLL11","TTLL11",9.91229829631879e-25,-0.27238931464639,0.425,0.501,2.65025119548676e-20
"ENSG00000250538","ENSG00000250538",9.96432213890533e-25,-7.30628463396887,0,0.013,2.66416081027912e-20
"ENSG00000229999","ENSG00000229999",1.00122996296995e-24,1.47760729546915,0.036,0.012,2.67698855199274e-20
"RBM26-AS1","RBM26-AS1",1.02185239679846e-24,-1.25975189736372,0.023,0.054,2.73212675332003e-20
"TPM4","TPM4",1.04159912702361e-24,-0.444735030945678,0.2,0.265,2.78492358592303e-20
"ITGAV","ITGAV",1.11831103406488e-24,0.414022408767777,0.489,0.431,2.99002821177928e-20
"ACTA2","ACTA2",1.15985857174624e-24,1.85991451445439,0.027,0.007,3.10111386327792e-20
"ENSG00000248544","ENSG00000248544",1.16283121488049e-24,-2.45543588182537,0.005,0.024,3.10906181922596e-20
"KCNH1","KCNH1",1.16464379529164e-24,-0.926915234543417,0.052,0.093,3.11390811547125e-20
"NFIA","NFIA",1.3585723020224e-24,-0.194060897513079,0.787,0.847,3.63241476391729e-20
"ADCY10","ADCY10",1.39760991996859e-24,1.3707802801129,0.045,0.018,3.73678964302001e-20
"CD83","CD83",1.4021971622016e-24,0.929439951910286,0.05,0.022,3.74905455257842e-20
"KLHL21","KLHL21",1.4050705228371e-24,0.666036396852081,0.17,0.117,3.75673705690957e-20
"LACTB","LACTB",1.46106864998956e-24,0.754263876420082,0.119,0.074,3.90645924947708e-20
"FAM177A1","FAM177A1",1.473446178987e-24,-0.40295129908972,0.25,0.32,3.93955304875754e-20
"KLHDC1","KLHDC1",1.66757086162046e-24,-0.37610783327096,0.257,0.327,4.45858421271462e-20
"PARP4","PARP4",1.70333900594526e-24,0.4568303120036,0.308,0.246,4.55421750019583e-20
"SPEF2","SPEF2",1.7200344811896e-24,-1.11153158394866,0.038,0.074,4.59885619235663e-20
"ENSG00000258844","ENSG00000258844",1.85131000155858e-24,-0.450480351169541,0.167,0.231,4.94984755116718e-20
"SPATA6","SPATA6",1.91643040723822e-24,-0.230204722260329,0.621,0.684,5.12395997983284e-20
"SMARCA5","SMARCA5",1.9394438591582e-24,-0.389576154216541,0.293,0.363,5.18549104623128e-20
"TEX9","TEX9",2.04175109467934e-24,-0.872959125818711,0.053,0.094,5.45902990184415e-20
"MPDZ","MPDZ",2.04406642002507e-24,-0.158168425680537,0.479,0.597,5.46522038722102e-20
"ANKUB1","ANKUB1",2.0687589102443e-24,0.555455033606479,0.231,0.172,5.53124069832018e-20
"TOP6BL","TOP6BL",2.14532074055464e-24,0.962881619296606,0.089,0.05,5.73594406402094e-20
"DIAPH2-AS1","DIAPH2-AS1",2.4380046607498e-24,1.16231036101687,0.065,0.032,6.51849306144674e-20
"AGPAT2","AGPAT2",2.43938741375287e-24,1.44581511191956,0.03,0.009,6.52219012815105e-20
"ACSM5","ACSM5",2.45369647869566e-24,0.988062732363247,0.061,0.029,6.5604482750886e-20
"ORC3","ORC3",2.54862815986379e-24,-0.452152146151958,0.173,0.237,6.81426711102783e-20
"BAALC","BAALC",2.86725978006161e-24,-0.460094929568922,0.125,0.182,7.66619247395074e-20
"SH3GLB2","SH3GLB2",2.87910361627108e-24,-0.386056361719122,0.23,0.299,7.69785933882399e-20
"SNAI3","SNAI3",2.89621930882536e-24,1.20444812705492,0.042,0.016,7.74362156600635e-20
"DTX4","DTX4",2.91538636075896e-24,-0.628062850851296,0.1,0.152,7.79486851276124e-20
"MROCKI","MROCKI",3.10498769013528e-24,0.781921276621695,0.057,0.026,8.30180558711471e-20
"PON2","PON2",3.10594778055876e-24,-0.329312232102856,0.302,0.376,8.30437258087997e-20
"NFATC3","NFATC3",3.16357299050392e-24,0.424289674039941,0.442,0.382,8.45844510471033e-20
"RILPL2","RILPL2",3.25306604627628e-24,0.902827775794433,0.073,0.038,8.69772268792888e-20
"BRD10","BRD10",3.2573750967023e-24,0.28521416976481,0.577,0.518,8.70924379605294e-20
"FAHD2B","FAHD2B",3.29233322251848e-24,-0.738543635134109,0.051,0.092,8.80271133704765e-20
"MYO5A","MYO5A",3.43190644498782e-24,-0.205083040286926,0.68,0.747,9.17588826196392e-20
"CAPN9","CAPN9",3.5257714425996e-24,-1.61973158741172,0.013,0.038,9.42685510607855e-20
"CHROMR","CHROMR",3.88097897143487e-24,0.903325927472396,0.085,0.047,1.03765734759254e-19
"WASHC4","WASHC4",3.89883327633237e-24,0.402314663734432,0.454,0.396,1.04243105309298e-19
"ENSG00000226149","ENSG00000226149",4.00773679775077e-24,1.97621595520406,0.026,0.007,1.07154858761462e-19
"LGI4","LGI4",4.04664681458377e-24,-0.702272954900385,0.069,0.114,1.08195195881526e-19
"AIDA","AIDA",4.40469025943958e-24,0.794741222294954,0.167,0.117,1.17768203466636e-19
"ARMCX4","ARMCX4",4.90433444675e-24,-0.371850363028444,0.249,0.319,1.31127190102755e-19
"ENSG00000234428","ENSG00000234428",5.19670686579345e-24,1.2754380808468,0.035,0.012,1.3894435147072e-19
"PIP5K1B","PIP5K1B",5.27320467650643e-24,0.776685163866674,0.142,0.094,1.40989673435753e-19
"ASRGL1","ASRGL1",5.36293374740411e-24,-0.561199583448542,0.103,0.155,1.43388759604344e-19
"GACAT3","GACAT3",5.69920596316633e-24,-1.72014563012279,0.009,0.031,1.52379669837178e-19
"SLC22A23","SLC22A23",5.74032867180541e-24,-0.118779887725751,0.563,0.67,1.53479167698061e-19
"CPEB1","CPEB1",5.96716153928437e-24,-0.348078598004174,0.221,0.292,1.59543998075846e-19
"HNRNPH1","HNRNPH1",6.000413405801e-24,0.398025290687007,0.429,0.368,1.60433053230901e-19
"CACNA1A","CACNA1A",6.22289662915283e-24,0.344038695433073,0.325,0.251,1.66381587173659e-19
"MYO7A","MYO7A",6.24479390772061e-24,1.13004121616251,0.042,0.017,1.66967054710726e-19
"ITGA2-AS1","ITGA2-AS1",6.31197666825924e-24,-1.14581318722321,0.03,0.062,1.68763320179247e-19
"YME1L1","YME1L1",7.28365875723138e-24,-0.370893543610934,0.247,0.317,1.94743184192095e-19
"SFT2D2","SFT2D2",7.28489736243406e-24,0.581810734928819,0.245,0.187,1.947763007794e-19
"FAR2","FAR2",7.58446758000397e-24,0.707291970929256,0.166,0.115,2.02785909686566e-19
"LGALS8","LGALS8",7.62466236945875e-24,0.674452552804448,0.14,0.092,2.03860597772219e-19
"ENPP6","ENPP6",7.76438355619333e-24,-0.406182921073366,0.198,0.264,2.07596323141941e-19
"DYNC1I1","DYNC1I1",7.78634664071304e-24,-0.180412300587859,0.383,0.474,2.08183550132745e-19
"ELOVL2","ELOVL2",7.94318190509796e-24,-1.26791249197109,0.022,0.052,2.12376854596604e-19
"MID1IP1","MID1IP1",7.963834831068e-24,0.664516688302999,0.267,0.211,2.12929051878265e-19
"DENND4B","DENND4B",9.01899010661941e-24,0.560499068665721,0.23,0.171,2.41140738480683e-19
"GMDS-DT","GMDS-DT",9.03617868551125e-24,-0.321358562226778,0.396,0.467,2.41600309514514e-19
"ENSG00000226764","ENSG00000226764",9.05212957408157e-24,-1.5621406922038,0.013,0.038,2.42026788422219e-19
"ENSG00000254615","ENSG00000254615",9.32241898861148e-24,1.1847087205269,0.056,0.026,2.49253516498505e-19
"TASL","TASL",9.71307849582939e-24,1.1509373501863,0.039,0.015,2.5969857974299e-19
"IPP","IPP",9.85874703872758e-24,-0.781509820068916,0.061,0.103,2.63593319574459e-19
"FNDC3A","FNDC3A",1.02532809887137e-23,0.381029369074894,0.617,0.579,2.74141973795238e-19
"SH3YL1","SH3YL1",1.03253706555653e-23,-0.39283268420635,0.267,0.335,2.7606943521785e-19
"LRRC25","LRRC25",1.08330482670329e-23,1.83427976774696,0.024,0.006,2.89643211515659e-19
"LONRF3","LONRF3",1.1912835800322e-23,1.56945683757532,0.037,0.014,3.18513490793209e-19
"PLGRKT","PLGRKT",1.28238888350313e-23,-0.570477552688088,0.106,0.158,3.42872315782231e-19
"ENSG00000283486","ENSG00000283486",1.31345059436091e-23,0.911978582603631,0.26,0.215,3.51177285414278e-19
"FIGN","FIGN",1.35786782564305e-23,-0.41159265246125,0.315,0.388,3.63053120542182e-19
"ABHD13","ABHD13",1.35934155420568e-23,0.712770311009768,0.126,0.08,3.63447151347972e-19
"LCOR","LCOR",1.38073311357921e-23,0.251860237345585,0.694,0.652,3.69166612577672e-19
"CA11","CA11",1.39927889291497e-23,1.12209330041173,0.063,0.031,3.74125197598677e-19
"SNHG12","SNHG12",1.42553263296938e-23,0.961280739843732,0.077,0.042,3.81144660077023e-19
"SMURF2","SMURF2",1.4912759009239e-23,0.476739463457542,0.383,0.324,3.98722437630023e-19
"ZNF337-AS1","ZNF337-AS1",1.49465321148351e-23,-0.637938410757986,0.075,0.121,3.99625429154346e-19
"RGL2","RGL2",1.50433290623491e-23,0.77190302733899,0.113,0.069,4.02213489140028e-19
"B4GALT5","B4GALT5",1.51552122232312e-23,0.575598362191477,0.249,0.189,4.05204909212533e-19
"ENSG00000130723","ENSG00000130723",1.59459163483151e-23,0.367441450922682,0.503,0.449,4.26345965404902e-19
"STIM1","STIM1",1.65140841538276e-23,0.56475820219177,0.191,0.136,4.41537068020889e-19
"GALNT10","GALNT10",1.77830544592286e-23,0.617314153276754,0.364,0.309,4.75465527076395e-19
"KDM2A","KDM2A",1.79568399692654e-23,0.305824411493043,0.58,0.527,4.80112030258249e-19
"CALR","CALR",1.86587433257481e-23,0.570595010096234,0.261,0.202,4.98878820300526e-19
"SLFN12","SLFN12",1.86840609105064e-23,1.5872980308861,0.025,0.007,4.99555736564208e-19
"WARS2-AS1","WARS2-AS1",1.91752359757758e-23,0.511487986026359,0.263,0.202,5.12688284284319e-19
"KBTBD12","KBTBD12",1.93238584890229e-23,1.02346785767214,0.072,0.038,5.16662004421004e-19
"NCK1","NCK1",1.95880877778381e-23,0.662774793255875,0.208,0.154,5.23726702916057e-19
"CDK6","CDK6",1.98388339039015e-23,0.32349122786799,0.59,0.534,5.30430902088614e-19
"GEMIN8","GEMIN8",2.02825528383186e-23,-0.585641147186852,0.102,0.153,5.42294615238125e-19
"RCOR3","RCOR3",2.14348859561253e-23,-0.271852813562454,0.399,0.476,5.73104545808921e-19
"AKAP7","AKAP7",2.17936313737797e-23,-0.376897140276853,0.245,0.314,5.82696322040748e-19
"CARD6","CARD6",2.18492858674578e-23,1.84105451293648,0.027,0.007,5.8418435623822e-19
"ATP6V0E1","ATP6V0E1",2.44357437141856e-23,0.496484180124855,0.309,0.248,6.5333847968618e-19
"NLRP1","NLRP1",2.45611301393902e-23,0.988153282379457,0.152,0.105,6.56690936536875e-19
"KCNE3","KCNE3",2.50581585323362e-23,1.50798522182209,0.029,0.009,6.69979984679072e-19
"SLC28A2-AS1","SLC28A2-AS1",2.63985017255478e-23,-1.60479175967158,0.018,0.045,7.05816740635971e-19
"TNS2-AS1","TNS2-AS1",2.67574387191252e-23,-0.749392033162147,0.095,0.143,7.15413639033251e-19
"SLC20A2","SLC20A2",2.8226695031439e-23,-0.303470467135033,0.422,0.493,7.54697145055585e-19
"TBC1D30","TBC1D30",2.84164786143835e-23,1.06572735105085,0.073,0.039,7.59771388712773e-19
"CAPN13","CAPN13",2.97900285643359e-23,-1.12467110768082,0.027,0.059,7.96495993724648e-19
"DZIP1L","DZIP1L",2.9828310702053e-23,1.1629906078472,0.051,0.023,7.97519543240792e-19
"CELF1","CELF1",3.02440834190356e-23,0.366894085861814,0.47,0.408,8.08636058374754e-19
"METTL9","METTL9",3.02464961829487e-23,0.633964662842278,0.213,0.157,8.08700568443499e-19
"NBPF1","NBPF1",3.07444333809068e-23,0.491736353092773,0.323,0.264,8.22013915305305e-19
"THSD7A","THSD7A",3.12962022547499e-23,-0.643702088727291,0.114,0.167,8.36766559685248e-19
"PCDH18","PCDH18",3.15150401703084e-23,3.4126549167193,0.016,0.002,8.42617629033535e-19
"KIAA0513","KIAA0513",3.2791764767185e-23,0.792911945906335,0.123,0.078,8.76753414580226e-19
"CREG2","CREG2",3.29343427133593e-23,-1.5356188793345,0.018,0.045,8.80565521127087e-19
"MYOCOS","MYOCOS",3.32448392521247e-23,1.95607168297262,0.025,0.006,8.88867267084057e-19
"AKAP10","AKAP10",3.46994194727743e-23,0.318982082879,0.462,0.399,9.27758378443566e-19
"PGS1","PGS1",3.60495337639048e-23,0.5455305941856,0.209,0.152,9.63856384245521e-19
"SRRM1","SRRM1",3.63022285026904e-23,-0.282593268966008,0.405,0.478,9.70612683476434e-19
"PLIN2","PLIN2",3.82926161664834e-23,1.32448178697319,0.074,0.04,1.02382967844327e-18
"KLHL8","KLHL8",3.88879426680305e-23,0.589507822726178,0.216,0.16,1.03974692311513e-18
"CCND1","CCND1",4.02748318044967e-23,0.791467239216734,0.105,0.064,1.07682817795683e-18
"SDF2L1","SDF2L1",4.12841291279716e-23,1.03683161449636,0.075,0.04,1.10381376049458e-18
"TXNIP","TXNIP",4.39376039002703e-23,-0.146037966046328,0.44,0.527,1.17475971548153e-18
"SLC45A4","SLC45A4",4.52516601626297e-23,0.999207526779772,0.069,0.036,1.20989363776823e-18
"PRKCSH","PRKCSH",5.13236510884623e-23,-0.405192529223412,0.219,0.286,1.37224045915222e-18
"SAMTOR","SAMTOR",5.14476935463249e-23,0.547750383462018,0.205,0.149,1.37555698234809e-18
"MRPL18","MRPL18",5.32776885190005e-23,0.80066281789524,0.112,0.069,1.42448555793252e-18
"OSBPL5","OSBPL5",5.41097262101702e-23,-0.578308315267854,0.114,0.167,1.44673174968132e-18
"DMAC2L","DMAC2L",5.46281652810861e-23,-0.511270067449938,0.149,0.206,1.4605932551204e-18
"CYTH3","CYTH3",5.49702109908233e-23,0.852609089221785,0.144,0.097,1.46973853126164e-18
"KIF26B","KIF26B",5.51446187384211e-23,0.280985077151747,0.26,0.193,1.47440167120917e-18
"SOBP","SOBP",5.7895804547639e-23,-0.171243331767363,0.473,0.571,1.54796012619022e-18
"THNSL2","THNSL2",5.82417899105056e-23,-0.81068270211922,0.049,0.088,1.55721073683719e-18
"PPP2R2A","PPP2R2A",5.88715371888506e-23,-0.256455903078001,0.614,0.67,1.5740482898183e-18
"ATF4","ATF4",6.02325393287232e-23,0.62470753378411,0.196,0.143,1.61043740403207e-18
"ENSG00000184293","ENSG00000184293",6.07038345674178e-23,1.09276676951266,0.048,0.021,1.62303842482905e-18
"EIF4EBP2","EIF4EBP2",6.09206846397401e-23,0.696167751412043,0.133,0.087,1.62883634521273e-18
"STK38","STK38",6.1277979747957e-23,0.449458970309057,0.28,0.218,1.63838934452113e-18
"BCL2A1","BCL2A1",6.52288506148517e-23,1.67061179075596,0.024,0.006,1.74402377888929e-18
"FAM222A","FAM222A",7.56351510924101e-23,-0.328037723909367,0.283,0.356,2.02225703475777e-18
"IL27RA","IL27RA",7.63275457689391e-23,1.92636015493856,0.027,0.008,2.04076959122413e-18
"QTMAN","QTMAN",8.13928401075647e-23,-0.243552159350035,0.627,0.685,2.17620036595596e-18
"CRELD1","CRELD1",8.35441017468393e-23,0.565771731286268,0.17,0.117,2.23371864840524e-18
"MAP9","MAP9",8.83167086841129e-23,-0.718112015590922,0.074,0.119,2.36132384008713e-18
"PHACTR4","PHACTR4",9.18270729992314e-23,-0.241292445135,0.494,0.565,2.45518045078045e-18
"CEBPG","CEBPG",9.27963319172408e-23,0.908298594159393,0.065,0.033,2.48109552647127e-18
"PLEKHB1","PLEKHB1",9.6810213928529e-23,-0.178739601384633,0.352,0.444,2.58841468980708e-18
"LINC01068","LINC01068",9.82186698171122e-23,3.05770985105647,0.016,0.002,2.62607257490013e-18
"RIMS1","RIMS1",9.92424903611382e-23,-0.553573942443616,0.176,0.236,2.65344646478575e-18
"NLGN3","NLGN3",9.9447911561842e-23,-0.437653329094046,0.17,0.232,2.65893881142897e-18
"UGP2","UGP2",9.96856194496804e-23,0.460077007477782,0.321,0.261,2.6652944072261e-18
"SLC39A14","SLC39A14",1.02176654550087e-22,1.02125390022322,0.08,0.045,2.73189721270568e-18
"SPECC1","SPECC1",1.03373847319247e-22,0.4153735645714,0.476,0.419,2.76390655577472e-18
"ENSG00000267699","ENSG00000267699",1.06984061157007e-22,-0.872043696125242,0.038,0.073,2.86043284315489e-18
"NECTIN2","NECTIN2",1.08663354886757e-22,0.989695338124742,0.072,0.038,2.90533211960722e-18
"CCNE2","CCNE2",1.20425967037821e-22,-0.850654702880623,0.058,0.099,3.21982908069021e-18
"FAM169A","FAM169A",1.25092375013018e-22,-0.394277053867468,0.228,0.293,3.34459483072306e-18
"CLEC17A","CLEC17A",1.255281620404e-22,2.14558828936375,0.023,0.006,3.35624646847417e-18
"RASGEF1C","RASGEF1C",1.26903714886566e-22,0.77898534018168,0.238,0.185,3.39302462492211e-18
"SAMMSON","SAMMSON",1.29600773526981e-22,-1.18155877283334,0.066,0.108,3.46513588179088e-18
"DICER1","DICER1",1.5016002122472e-22,-0.194249458262043,0.651,0.72,4.01482848748534e-18
"MAP3K1","MAP3K1",1.5158781817159e-22,0.351115097274368,0.269,0.203,4.05300349445379e-18
"ENSG00000236469","ENSG00000236469",1.51871742297878e-22,1.35907321275116,0.026,0.007,4.06059477381835e-18
"DHX34","DHX34",1.52560543325609e-22,0.563967051010693,0.135,0.088,4.0790112468968e-18
"L2HGDH","L2HGDH",1.53852403169754e-22,-0.653853647031807,0.086,0.133,4.11355170354971e-18
"INPP1","INPP1",1.54090826190509e-22,-0.342024770571652,0.237,0.305,4.11992641985563e-18
"PDE1B","PDE1B",1.55120484709237e-22,1.33445821938885,0.034,0.012,4.14745639967086e-18
"SLC7A14","SLC7A14",1.58471206652081e-22,-0.411585962103202,0.136,0.194,4.2370446522567e-18
"PCCB","PCCB",1.59248717826708e-22,-0.329608495837387,0.253,0.322,4.25783296853269e-18
"TSHR","TSHR",1.65326808449122e-22,0.951161641858187,0.066,0.034,4.42034287750417e-18
"PARVB","PARVB",1.67019544593788e-22,0.903553553373468,0.116,0.074,4.46560156380411e-18
"LINC02432","LINC02432",1.81392413413973e-22,1.27111963408764,0.032,0.011,4.8498889574494e-18
"HEPN1","HEPN1",1.84435520562188e-22,-0.529390605847048,0.165,0.222,4.93125251327123e-18
"TMEM164","TMEM164",1.88918292041568e-22,0.67329598588092,0.141,0.094,5.05110837431539e-18
"RHOQ-AS1","RHOQ-AS1",1.89644590453312e-22,0.986573033951048,0.068,0.036,5.07052741495019e-18
"BICD1","BICD1",1.91698199053055e-22,-0.249328876294544,0.463,0.536,5.12543474808153e-18
"TUBB2B","TUBB2B",1.9326844237685e-22,-0.480605196573962,0.138,0.194,5.16741834382984e-18
"KMO","KMO",1.94447255651971e-22,1.89121777121799,0.022,0.005,5.19893627436674e-18
"CENATAC","CENATAC",1.97719458796668e-22,-0.371201555051861,0.206,0.271,5.28642516984651e-18
"PDIA4","PDIA4",1.98418370135038e-22,0.864229690280276,0.119,0.076,5.30511196230051e-18
"IL15RA","IL15RA",2.06753854769416e-22,1.36022526469715,0.037,0.014,5.52797781496989e-18
"CNIH3","CNIH3",2.17020733360005e-22,-0.534710186839804,0.127,0.181,5.80248334784645e-18
"MKLN1","MKLN1",2.37629322676418e-22,0.194641125772574,0.852,0.833,6.35349520039938e-18
"PFKP","PFKP",2.40370006320068e-22,1.15141603209679,0.061,0.031,6.42677285897966e-18
"ENSG00000283930","ENSG00000283930",2.4065208401618e-22,-0.674997393107348,0.095,0.143,6.4343147703406e-18
"CD276","CD276",2.54440069620931e-22,1.05754812588339,0.063,0.032,6.80296414145483e-18
"TNRC6B","TNRC6B",2.55178223253153e-22,0.199461390659626,0.861,0.84,6.82270015511954e-18
"RCN2","RCN2",2.75981955271791e-22,-0.401674752350825,0.199,0.263,7.37892953810186e-18
"RELL1","RELL1",2.87887531863335e-22,0.664984228277673,0.182,0.131,7.69724893942998e-18
"LOC112267968","LOC112267968",3.0110625670904e-22,1.8807529386316,0.032,0.011,8.05067798562959e-18
"LOC124909496","LOC124909496",3.04890187194795e-22,-0.538696157239978,0.127,0.18,8.15184893502724e-18
"NAA16","NAA16",3.14012967963402e-22,0.405656354425634,0.361,0.298,8.39576472443749e-18
"MARS1","MARS1",3.1961429619986e-22,0.5354709932108,0.184,0.131,8.54552743749567e-18
"ACOT9","ACOT9",3.26010599798466e-22,0.879259500197909,0.07,0.037,8.7165454068116e-18
"SPATA1","SPATA1",3.32025220946921e-22,0.87226207554944,0.081,0.045,8.87735833245784e-18
"YWHAH","YWHAH",3.37254655474299e-22,0.797055621538567,0.119,0.076,9.01717772341632e-18
"NKX2-2","NKX2-2",3.45478684690258e-22,-0.511134790731251,0.126,0.18,9.23706359256343e-18
"GGA3","GGA3",3.69794032084416e-22,0.536438353638863,0.178,0.126,9.88718303584103e-18
"ENSG00000255886","ENSG00000255886",3.95205949209777e-22,1.05250753219689,0.056,0.027,1.05666214640218e-17
"HSPA9","HSPA9",3.96798360866931e-22,0.41508867382192,0.303,0.242,1.06091977744991e-17
"ARG2","ARG2",4.0401051884925e-22,0.965526072886466,0.087,0.051,1.08020292424724e-17
"NBDY","NBDY",4.37757791007604e-22,0.371476588368822,0.332,0.267,1.17043300581703e-17
"SLC18B1","SLC18B1",4.48587042881363e-22,0.783932600755981,0.114,0.072,1.1993871765519e-17
"CINP","CINP",4.54085951872168e-22,-0.541071273538989,0.098,0.147,1.21408960952061e-17
"ENSG00000223727","ENSG00000223727",4.63425053310222e-22,-0.462132133888423,0.135,0.191,1.23905956503554e-17
"GIT2","GIT2",4.72510188854852e-22,0.449879541888988,0.343,0.284,1.26335049194122e-17
"WDR81","WDR81",4.76574277053014e-22,0.796684994991361,0.103,0.063,1.27421664455664e-17
"ACTB","ACTB",4.85413978011813e-22,-0.127674487908819,0.73,0.8,1.29785135301019e-17
"SLC25A48","SLC25A48",4.9823860099336e-22,0.709118110898995,0.108,0.067,1.33214054747595e-17
"TMEM268","TMEM268",5.06841354732261e-22,0.843604200635123,0.096,0.058,1.35514173014765e-17
"CCDC93","CCDC93",5.16354059224229e-22,0.48647373161204,0.277,0.219,1.38057584814782e-17
"ENSG00000227227","ENSG00000227227",5.2715436093687e-22,1.03299758534858,0.063,0.032,1.40945261483691e-17
"SIRT2","SIRT2",5.45196311499411e-22,-0.23515356989344,0.422,0.508,1.45769137805597e-17
"ZNF248","ZNF248",5.49674204852473e-22,-0.367603697126493,0.303,0.37,1.46966392151406e-17
"MYH7B","MYH7B",5.76832230823504e-22,-0.810319286607762,0.051,0.088,1.5422763355528e-17
"MYO15B","MYO15B",5.85475468476167e-22,-0.365852000408763,0.215,0.279,1.56538576006473e-17
"ENPP1","ENPP1",5.89805810271138e-22,1.2432303729163,0.064,0.033,1.57696379492194e-17
"PRMT7","PRMT7",5.98457007552571e-22,-0.507670831220103,0.138,0.193,1.60009450109331e-17
"TRIM5","TRIM5",6.10579802153414e-22,1.20840925694265,0.041,0.017,1.63250721701758e-17
"LRRC8C-DT","LRRC8C-DT",6.27101318811272e-22,-0.397060290027007,0.188,0.252,1.6766807961057e-17
"SAMD1","SAMD1",6.3757871037772e-22,0.797989367444958,0.116,0.074,1.70469419793691e-17
"FBXO21","FBXO21",6.58431101723159e-22,-0.398545463501082,0.254,0.318,1.76044723667721e-17
"LINC01480","LINC01480",6.65621990604797e-22,1.23801864715072,0.036,0.014,1.77967351628004e-17
"DRAM2","DRAM2",7.83842014054503e-22,0.588950225675282,0.235,0.181,2.09575839297753e-17
"SHC4","SHC4",8.07660187595036e-22,-0.365168385044366,0.203,0.268,2.15944104357285e-17
"ENSG00000226751","ENSG00000226751",8.29208304356487e-22,2.46445708805837,0.016,0.002,2.21705424335794e-17
"PTPN12","PTPN12",8.45978646516202e-22,0.426251394004465,0.418,0.363,2.26189310719037e-17
"PPM1F","PPM1F",8.58279966805723e-22,0.74752239705077,0.113,0.071,2.29478314724846e-17
"ENSG00000257599","ENSG00000257599",8.79475443460718e-22,2.15792833875329,0.029,0.01,2.35145349318092e-17
"KLHL3","KLHL3",9.1431635945579e-22,-0.254642316609855,0.3,0.376,2.44460765027694e-17
"ENSG00000235513","ENSG00000235513",9.20776064881971e-22,-0.796725340531227,0.064,0.104,2.46187896467493e-17
"SUN2","SUN2",9.24982423590988e-22,-0.178441452302932,0.472,0.56,2.47312550595522e-17
"ZNF365","ZNF365",9.29763511041969e-22,0.635692726885916,0.42,0.386,2.48590869947291e-17
"PLXNB2","PLXNB2",9.32715994288882e-22,0.723176290333712,0.095,0.057,2.49380275393018e-17
"SLC19A1","SLC19A1",9.34460076698397e-22,0.902878409816835,0.056,0.027,2.4984659070685e-17
"ENSG00000278041","ENSG00000278041",9.49615598511372e-22,-0.664464698892063,0.067,0.109,2.53898722573986e-17
"MNS1","MNS1",9.52067912477371e-22,-1.40714459221153,0.017,0.042,2.54554397759075e-17
"FAM131B","FAM131B",1.02258980117841e-21,-0.643702016124995,0.081,0.126,2.73409835141071e-17
"COQ2","COQ2",1.03426619198023e-21,0.932766772893358,0.061,0.031,2.76531751749755e-17
"SLC25A19","SLC25A19",1.05807657935996e-21,0.766998618542858,0.058,0.029,2.82897935023473e-17
"HSPBAP1","HSPBAP1",1.12232365549331e-21,0.601992763583988,0.221,0.167,3.00075675769247e-17
"TMEM123","TMEM123",1.14015547510212e-21,-0.376153010487081,0.258,0.324,3.04843369378053e-17
"PKN2","PKN2",1.17685780830469e-21,0.333488738145508,0.614,0.573,3.14656472206426e-17
"FAT4","FAT4",1.18078055961802e-21,-0.567733307979155,0.114,0.165,3.1570529822507e-17
"GOLGA7","GOLGA7",1.20173380544002e-21,-0.366078777913463,0.197,0.26,3.21307567560499e-17
"FAM120A","FAM120A",1.20994701331958e-21,0.370430258829192,0.468,0.414,3.23503532951256e-17
"TST","TST",1.21381749141342e-21,-0.791297307477016,0.052,0.09,3.24538382679207e-17
"SHISAL2A","SHISAL2A",1.22303688226824e-21,0.998813255865608,0.058,0.028,3.2700337121206e-17
"THEMIS","THEMIS",1.24808865406043e-21,-1.23228769530384,0.019,0.045,3.33701463436136e-17
"EVI2B","EVI2B",1.42147770568003e-21,1.11555977782316,0.063,0.033,3.80060494167668e-17
"SEMA5A","SEMA5A",1.42377265551746e-21,-0.255496743810849,0.355,0.435,3.80674094905703e-17
"RNF135","RNF135",1.43696643725299e-21,0.831262896708557,0.073,0.04,3.84201716328332e-17
"CDH13-AS2","CDH13-AS2",1.44526261264895e-21,2.16692866906887,0.02,0.004,3.8641986474395e-17
"PDIA2","PDIA2",1.48221261515102e-21,-0.819294841454499,0.061,0.1,3.96299186912929e-17
"ST3GAL2","ST3GAL2",1.52400627898516e-21,0.679991876538747,0.14,0.095,4.07473558812262e-17
"TMED5","TMED5",1.5712711021723e-21,0.592860746087081,0.189,0.138,4.20110754587807e-17
"DIPK2A","DIPK2A",1.6918662210069e-21,-0.453442336136521,0.238,0.299,4.52354271510615e-17
"GPR183","GPR183",1.71254950776327e-21,0.667992845524874,0.054,0.025,4.57884361890665e-17
"C1orf56","C1orf56",1.77239882457202e-21,0.68055370563331,0.139,0.093,4.7388627372582e-17
"FER","FER",1.77689175985691e-21,0.281774743511289,0.652,0.608,4.75087549832943e-17
"SUGT1","SUGT1",1.82768865543303e-21,0.408673868565976,0.363,0.304,4.88669115803129e-17
"TLR10","TLR10",1.89884515118786e-21,0.913576514716098,0.061,0.031,5.07694228073097e-17
"RAMP1","RAMP1",1.90251294468912e-21,0.614779148941311,0.215,0.162,5.08674886021529e-17
"EMP3","EMP3",1.9074236103641e-21,1.10145168225782,0.048,0.022,5.0998785070305e-17
"ELMO1-AS1","ELMO1-AS1",1.95404058543705e-21,0.546917279744991,0.198,0.145,5.22451831328305e-17
"SAXO2","SAXO2",1.99615086778976e-21,-1.08090252964204,0.031,0.062,5.33710857520949e-17
"FZD2","FZD2",2.01249510282812e-21,2.19678062523876,0.018,0.004,5.38080815643154e-17
"RNF169","RNF169",2.03782694142916e-21,0.398190187193318,0.367,0.308,5.44853789329915e-17
"TCP1","TCP1",2.17052003348287e-21,0.594518887663643,0.153,0.105,5.80331941352316e-17
"NIBAN2","NIBAN2",2.1928987225599e-21,1.76715090333016,0.026,0.008,5.86315331450839e-17
"CD82","CD82",2.19609723315206e-21,-0.374027092505568,0.177,0.236,5.87170517227867e-17
"LINC03021","LINC03021",2.202074704854e-21,-2.53815867152271,0.003,0.019,5.88768713836813e-17
"ENSG00000257764","ENSG00000257764",2.22180038639482e-21,3.82968385225491,0.012,0.001,5.94042769310384e-17
"ACAP2","ACAP2",2.25956447324441e-21,0.382116385116188,0.518,0.473,6.04139753211358e-17
"YBEY","YBEY",2.26390069929887e-21,-0.689739908835977,0.069,0.111,6.05299129971538e-17
"TAX1BP3","TAX1BP3",2.27927219703129e-21,-1.0574465617657,0.028,0.058,6.09409007320255e-17
"SLC1A4","SLC1A4",2.2856001318723e-21,0.826774313774005,0.091,0.054,6.11100907258696e-17
"TERF1","TERF1",2.45244453390047e-21,-0.366786452515743,0.205,0.268,6.5571009502897e-17
"NMI","NMI",2.5100123178185e-21,0.926779681926246,0.047,0.021,6.71101993415133e-17
"AFDN","AFDN",2.54173507741841e-21,-0.204363004823108,0.516,0.594,6.7958370764936e-17
"STARD9","STARD9",2.56617279343011e-21,-0.315970514996983,0.31,0.379,6.86117619779407e-17
"ENSG00000254303","ENSG00000254303",2.62221774004336e-21,1.91921198212836,0.026,0.008,7.01102357155392e-17
"DEAF1","DEAF1",2.6357139897666e-21,0.591412014459038,0.192,0.141,7.04710849443896e-17
"EFNA1","EFNA1",2.63756324755535e-21,-0.597907279435383,0.085,0.13,7.05205285498874e-17
"UBE2K","UBE2K",2.68787372315832e-21,0.29816645808867,0.552,0.499,7.1865679736084e-17
"PTPN4","PTPN4",2.76503487433637e-21,-0.292946602425475,0.355,0.425,7.39287374351316e-17
"CSMD1","CSMD1",2.78724532987717e-21,-0.326498192982688,0.315,0.388,7.45225783849259e-17
"ENSG00000251448","ENSG00000251448",2.86564251149138e-21,-3.3739986704821,0.001,0.014,7.6618683829745e-17
"B3GAT1","B3GAT1",2.95979742489244e-21,-0.166374962333986,0.383,0.475,7.91361037493493e-17
"R3HCC1L","R3HCC1L",3.02548343763249e-21,0.466645174550408,0.315,0.257,8.08923506719798e-17
"ZNF33A","ZNF33A",3.11314269970482e-21,0.407899966219558,0.399,0.342,8.32360963620079e-17
"EXOC7","EXOC7",3.12395643013095e-21,-0.4019676574321,0.188,0.248,8.35252230724112e-17
"SMIM5","SMIM5",3.1312592886497e-21,-0.851571547265133,0.049,0.086,8.37204796006271e-17
"SERPINI1","SERPINI1",3.26915165223272e-21,-0.228235117513655,0.292,0.366,8.74073077257461e-17
"IL1B","IL1B",3.28722978271029e-21,1.47713211687259,0.019,0.004,8.78906627003249e-17
"ZNF267","ZNF267",3.40273188456919e-21,0.881375182044311,0.093,0.056,9.09788423977264e-17
"SETX","SETX",3.48420791731858e-21,0.383483299292761,0.522,0.48,9.31572670853468e-17
"LMNA","LMNA",3.70755177906253e-21,-0.448956127648559,0.168,0.224,9.91288119167948e-17
"RBM4","RBM4",3.74316228137866e-21,-0.594062484708867,0.077,0.122,1.00080929917221e-16
"FHL3","FHL3",3.79801478718052e-21,1.62604625361465,0.024,0.007,1.01547521364846e-16
"PDE4D","PDE4D",3.99414896121361e-21,-0.20441833704458,0.522,0.6,1.06791560775968e-16
"CXXC5","CXXC5",4.00030679987209e-21,-0.271991048826364,0.279,0.35,1.0695620290818e-16
"TRAM2","TRAM2",4.1586272607151e-21,1.08328197765813,0.055,0.027,1.1118921706974e-16
"KIF5B","KIF5B",4.1885795119774e-21,0.417755197761817,0.37,0.313,1.1199005041174e-16
"FDFT1","FDFT1",4.31066669263657e-21,0.549273823649336,0.418,0.373,1.15254295361024e-16
"DIP2C-AS2","DIP2C-AS2",4.40878467925441e-21,-0.682832354111321,0.066,0.107,1.17877675969225e-16
"RNF122","RNF122",4.57855703598894e-21,1.32023254037631,0.034,0.013,1.22416879471236e-16
"SAP30","SAP30",4.8248872509795e-21,0.741298248633356,0.135,0.091,1.29003010429439e-16
"TNFRSF14","TNFRSF14",4.92225821382436e-21,0.955359344917229,0.041,0.017,1.31606417863022e-16
"TCEAL1","TCEAL1",5.02716615193111e-21,0.940892272839736,0.066,0.035,1.34411341404182e-16
"LINC02762","LINC02762",5.04771950517976e-21,-0.676153904640048,0.062,0.102,1.34960876409991e-16
"LINC02936","LINC02936",5.18613742357537e-21,1.7154680412528,0.033,0.012,1.38661756294135e-16
"ENSG00000261759","ENSG00000261759",5.27120053422709e-21,2.37531288404768,0.015,0.002,1.4093608868363e-16
"ARHGAP27","ARHGAP27",5.51792841340313e-21,0.597031977219334,0.095,0.057,1.47532851989159e-16
"ETFB","ETFB",5.57367195997883e-21,-0.522517451282318,0.114,0.165,1.49023267193954e-16
"GAK","GAK",5.64987156226596e-21,0.436936248780179,0.311,0.252,1.51060615960305e-16
"VDR","VDR",5.73978942970716e-21,2.18335229771137,0.018,0.004,1.5346474998208e-16
"ATE1","ATE1",5.78767624607096e-21,-0.226695662874396,0.526,0.594,1.54745099791199e-16
"FPR3","FPR3",5.81718786165344e-21,1.3484433831828,0.028,0.009,1.55534151857028e-16
"ZNF518B","ZNF518B",6.00335842113376e-21,1.27639673300644,0.046,0.021,1.60511794105853e-16
"ENSG00000215067","ENSG00000215067",6.15018680921926e-21,-0.330418594678901,0.275,0.342,1.64437544718095e-16
"SPART","SPART",6.36866298439531e-21,-0.262986263340663,0.436,0.504,1.70278942213777e-16
"ATP8A2","ATP8A2",6.51868285010691e-21,-0.593400408564052,0.114,0.162,1.74290023363309e-16
"BEND6","BEND6",6.61299003522525e-21,-0.703555500009234,0.069,0.11,1.76811514571818e-16
"CHD1","CHD1",6.71172067288209e-21,0.402212534958763,0.368,0.31,1.79451275630848e-16
"MTERF1","MTERF1",6.99580468738322e-21,-0.392377957180792,0.298,0.361,1.87046829926565e-16
"HELB","HELB",7.01794447695376e-21,0.787677801665604,0.115,0.074,1.87638781480313e-16
"HSD17B11","HSD17B11",7.05001976989998e-21,0.690197988449623,0.172,0.125,1.88496378587816e-16
"LARP7","LARP7",7.29775569777234e-21,0.524751742398704,0.245,0.191,1.95120094091339e-16
"FAM227B","FAM227B",7.5708929876913e-21,-0.572302379837772,0.14,0.192,2.02422965811902e-16
"FAM171B","FAM171B",7.71372711773841e-21,-0.355422841636251,0.218,0.281,2.06241921946972e-16
"EIF4G2","EIF4G2",8.10227429305743e-21,0.400070780594486,0.312,0.253,2.16630507773477e-16
"PALS2","PALS2",8.13994617616015e-21,0.86620487311621,0.099,0.061,2.17637740911994e-16
"DAB2","DAB2",8.16960721786542e-21,1.78539273227089,0.022,0.006,2.18430788184068e-16
"NTNG2","NTNG2",8.2963846510012e-21,-0.643297718161152,0.087,0.132,2.21820436413819e-16
"VGLL4","VGLL4",8.33784863365323e-21,0.356625393519438,0.453,0.394,2.22929058917986e-16
"HSP90B1","HSP90B1",8.3725850482799e-21,0.580688341292473,0.33,0.278,2.2385780643586e-16
"FGF20","FGF20",8.44643980451174e-21,1.23545087547996,0.039,0.016,2.2583246105323e-16
"CSMD2","CSMD2",8.47589470157201e-21,-0.162082538542995,0.243,0.316,2.26619996635931e-16
"JPX","JPX",8.61862426109092e-21,-0.248631743086042,0.543,0.604,2.30436156868788e-16
"RNF111","RNF111",8.63818998222414e-21,0.374179552364042,0.436,0.38,2.30959285554727e-16
"PGM1","PGM1",8.69756455245369e-21,0.846566611690679,0.11,0.07,2.32546783438954e-16
"CTDSP2","CTDSP2",8.90021402281436e-21,0.426940774057741,0.29,0.231,2.37965022327987e-16
"NFKB2","NFKB2",9.25730064325554e-21,1.79597641571295,0.022,0.006,2.47512447298723e-16
"CYSLTR1","CYSLTR1",9.27185216386681e-21,1.51699658627713,0.036,0.014,2.47901511305307e-16
"STRBP","STRBP",9.60910947592838e-21,0.477009744915143,0.327,0.271,2.56918760057897e-16
"NMT1","NMT1",1.01853899622136e-20,0.408007639850599,0.282,0.223,2.72326771419706e-16
"KREMEN1","KREMEN1",1.01989054427162e-20,-0.872271025426576,0.042,0.076,2.72688134821902e-16
"SPR","SPR",1.0295900272035e-20,2.0597084135651,0.019,0.004,2.752814855734e-16
"ZNF418","ZNF418",1.04366519368638e-20,-1.06367014988668,0.027,0.056,2.79044762835926e-16
"DDX60L","DDX60L",1.04367560674981e-20,0.502575122178801,0.116,0.074,2.79047546976696e-16
"UBE2G2","UBE2G2",1.07009408861544e-20,0.388234928206331,0.379,0.321,2.86111056473109e-16
"SBDS","SBDS",1.07054219258186e-20,-0.508440222414678,0.132,0.184,2.86230866030612e-16
"ENSG00000176659","ENSG00000176659",1.08119992235657e-20,1.42365000411696,0.029,0.01,2.89080423240477e-16
"TCEAL7","TCEAL7",1.14958172924202e-20,-0.65110469032628,0.084,0.128,3.07363666947439e-16
"TBX6","TBX6",1.20792193396432e-20,1.40341939369243,0.034,0.013,3.22962087484039e-16
"DCAF5","DCAF5",1.24299900689162e-20,0.421023019486592,0.379,0.323,3.32340644472613e-16
"ABHD6","ABHD6",1.26397260885177e-20,-0.306018180231651,0.303,0.37,3.37948356428698e-16
"ENSG00000233410","ENSG00000233410",1.31262420784084e-20,-1.62322613412346,0.012,0.034,3.50956334450406e-16
"SH2D3C","SH2D3C",1.36200355256535e-20,1.04835550972801,0.047,0.021,3.64158889849398e-16
"NCOA5","NCOA5",1.45540462552849e-20,0.551638435153383,0.227,0.173,3.89131534727553e-16
"RARRES1","RARRES1",1.48003321842233e-20,1.14471351135477,0.047,0.022,3.95716481609577e-16
"ASXL3","ASXL3",1.52647297550026e-20,-0.426853918754787,0.168,0.225,4.08133079459506e-16
"CNOT6L","CNOT6L",1.58162091589841e-20,0.364875735980985,0.342,0.281,4.22877984283758e-16
"LINC02241","LINC02241",1.69359066821627e-20,-0.338170303296859,0.26,0.325,4.52815336960985e-16
"RGS3","RGS3",1.73933627809587e-20,-0.604600442210898,0.094,0.14,4.65046340674493e-16
"PRCD","PRCD",1.77445298524119e-20,-0.651192084696254,0.065,0.105,4.74435494663938e-16
"TRPC4AP","TRPC4AP",1.84594561831433e-20,-0.229557160226804,0.552,0.613,4.93550479968703e-16
"CHIC2","CHIC2",1.85797145799118e-20,0.537387935681481,0.226,0.173,4.96765828723102e-16
"IFIH1","IFIH1",1.88396396566103e-20,0.94254948303649,0.067,0.036,5.0371544549879e-16
"CAPZA2","CAPZA2",1.88482402628191e-20,0.46662099740824,0.285,0.228,5.03945399906995e-16
"SULT1C2","SULT1C2",1.88750566362943e-20,2.91791122286641,0.014,0.002,5.046623892846e-16
"DENND4C","DENND4C",1.99065828103772e-20,0.453792249561481,0.414,0.361,5.32242304601054e-16
"MFAP3L","MFAP3L",2.02685857008675e-20,-0.245674083698607,0.316,0.389,5.41921175884096e-16
"MATN2","MATN2",2.03585299675538e-20,-0.330484951564178,0.176,0.238,5.44326015742485e-16
"RANBP3","RANBP3",2.08724388572615e-20,0.538776944037419,0.205,0.153,5.580663977266e-16
"GPSM2","GPSM2",2.10083959243297e-20,-0.257189665077191,0.374,0.446,5.61701481828804e-16
"LINC02381","LINC02381",2.13211544312831e-20,1.34122121905077,0.033,0.013,5.70063706029217e-16
"TOGARAM1","TOGARAM1",2.16122479214187e-20,-0.27198368256543,0.381,0.452,5.77846672674971e-16
"RAB11B","RAB11B",2.17257926517136e-20,-0.436395415588875,0.19,0.248,5.80882518128865e-16
"NXN","NXN",2.20584820089961e-20,0.759591392456383,0.116,0.076,5.89777633474529e-16
"CMTM3","CMTM3",2.23414501461555e-20,0.920493249674939,0.065,0.035,5.9734335255776e-16
"DNAH1","DNAH1",2.25826584253756e-20,-0.705062723910011,0.065,0.104,6.03792538319267e-16
"GAS2L3","GAS2L3",2.34789618968218e-20,1.49098691667611,0.028,0.009,6.27757004235325e-16
"RAB3GAP1","RAB3GAP1",2.44075379332888e-20,0.344975988018778,0.485,0.435,6.52584341722342e-16
"MIR9-1HG","MIR9-1HG",2.52451994872673e-20,-0.425602200827845,0.216,0.276,6.74980898691065e-16
"PDCD6IP","PDCD6IP",2.54613517424222e-20,-0.259992590881267,0.406,0.474,6.80760161537142e-16
"SRPK2","SRPK2",2.55686528755457e-20,-0.171464897468857,0.717,0.774,6.83629071933467e-16
"FBXO32","FBXO32",2.603121094026e-20,0.61231777367865,0.334,0.289,6.95996486909731e-16
"ENPP4","ENPP4",2.62059612773716e-20,-0.330864286261419,0.224,0.288,7.00668786673083e-16
"TAFA4","TAFA4",2.63060887852723e-20,-0.478210278904146,0.144,0.197,7.03345895851825e-16
"H2BC18","H2BC18",2.63126001154489e-20,0.669242458624494,0.085,0.05,7.03519989286757e-16
"SPACA6","SPACA6",2.7086906458135e-20,0.656682236012917,0.122,0.08,7.24222617971155e-16
"PREPL","PREPL",2.77653424787405e-20,-0.263824696697633,0.348,0.42,7.42361961854085e-16
"ESR1","ESR1",2.94092209053562e-20,0.746816931153844,0.086,0.051,7.86314339346509e-16
"TEF","TEF",3.00270196946049e-20,-0.508186021758052,0.113,0.162,8.02832425574651e-16
"HHEX","HHEX",3.01839142098206e-20,1.51380523215363,0.025,0.008,8.07027314227973e-16
"GK","GK",3.03960454757083e-20,1.08876174344355,0.19,0.144,8.12699067884014e-16
"PALS1","PALS1",3.10026245484563e-20,-0.260153857967826,0.352,0.424,8.28917172552077e-16
"CABCOCO1","CABCOCO1",3.11664353552659e-20,-0.784464386825795,0.055,0.093,8.33296982093744e-16
"GNLY","GNLY",3.1325849002009e-20,0.980058552286826,0.043,0.019,8.37559224766715e-16
"FOS","FOS",3.17910714232182e-20,0.675989863571539,0.077,0.043,8.49997876642585e-16
"ENSG00000275278","ENSG00000275278",3.20905799851685e-20,2.06994073054506,0.019,0.004,8.5800583706345e-16
"SIRPA","SIRPA",3.21524459984962e-20,0.444346032014393,0.295,0.239,8.59659948661793e-16
"NT5C2","NT5C2",3.23737935795383e-20,0.346985947838619,0.513,0.464,8.65578118936115e-16
"LOC105378976","LOC105378976",3.27068893525185e-20,1.17101450634814,0.045,0.02,8.74484100618288e-16
"CGNL1","CGNL1",3.30880624192682e-20,1.07763217432213,0.061,0.032,8.84675524903975e-16
"PNPLA6","PNPLA6",3.39869759694304e-20,0.468949608443802,0.219,0.165,9.0870977649466e-16
"ADAM15","ADAM15",3.49218910468061e-20,-0.567434490000593,0.084,0.129,9.33706600918454e-16
"ERAP2","ERAP2",3.49643007214251e-20,0.875659966992195,0.081,0.047,9.34840508388743e-16
"AAK1","AAK1",3.65539065931425e-20,0.287080078935876,0.62,0.579,9.77341800580852e-16
"NUTM2A-AS1","NUTM2A-AS1",3.8202869974875e-20,-0.187546845145607,0.67,0.723,1.02143013451823e-15
"HTR7","HTR7",3.83087121648587e-20,2.10372036065626,0.02,0.005,1.02426003715183e-15
"NANS","NANS",3.94374536177231e-20,1.10639674243464,0.061,0.032,1.05443919737706e-15
"ARHGAP4","ARHGAP4",4.01733402304813e-20,0.77778764828442,0.05,0.023,1.07411459774238e-15
"DENND11","DENND11",4.05359890338439e-20,0.386607565074586,0.406,0.351,1.08381073879788e-15
"STK33","STK33",4.20248729886854e-20,-0.553322556393776,0.103,0.151,1.12361902909848e-15
"ANKRD37","ANKRD37",4.22734046440087e-20,0.555855768251813,0.07,0.038,1.13026401996686e-15
"FTX","FTX",4.25132735548917e-20,0.139208432541931,0.915,0.895,1.13667739503714e-15
"TNFSF8","TNFSF8",4.33175511987442e-20,1.05640649524176,0.034,0.013,1.15818136640082e-15
"ENSG00000238246","ENSG00000238246",4.3746753024524e-20,1.91645752037959,0.019,0.004,1.1696569356167e-15
"CAPN1","CAPN1",4.40616745817292e-20,0.902034555541159,0.058,0.029,1.17807699329169e-15
"TPK1","TPK1",4.48665690031548e-20,0.569944173009195,0.269,0.217,1.19959745543735e-15
"IGF1R","IGF1R",4.6111916833065e-20,0.352734194121165,0.629,0.606,1.23289432036566e-15
"CDR2","CDR2",4.63673355394159e-20,0.600411601868019,0.187,0.137,1.23972345031736e-15
"LOC105377329","LOC105377329",4.77886495338369e-20,1.52199387813088,0.033,0.013,1.2777251225862e-15
"STAG3","STAG3",4.79475323175883e-20,-0.669718216894356,0.046,0.08,1.28197317157536e-15
"KIF25","KIF25",4.8798047568593e-20,1.49100083840122,0.031,0.011,1.30471339784147e-15
"THOC3","THOC3",5.06314785643749e-20,0.659836746595118,0.134,0.091,1.35373384237569e-15
"ENSG00000233797","ENSG00000233797",5.1430048979703e-20,-0.945265264971573,0.047,0.082,1.37508521957032e-15
"TBL1XR1","TBL1XR1",5.16783183372142e-20,0.260798308704283,0.723,0.704,1.3817231973821e-15
"MARCHF7","MARCHF7",5.32916893562592e-20,0.347710793573435,0.462,0.408,1.4248598983183e-15
"ENSG00000234091","ENSG00000234091",5.63321628196704e-20,1.03404857946517,0.04,0.017,1.50615303730953e-15
"PLS1","PLS1",5.73623904294275e-20,1.29973840175239,0.045,0.021,1.5336982329116e-15
"FRRS1L","FRRS1L",5.74694671534162e-20,-0.721525930678703,0.074,0.115,1.53656114328089e-15
"ZFAT","ZFAT",5.89951498573271e-20,0.695478102642333,0.141,0.097,1.57735332173536e-15
"STX3","STX3",6.18700616649886e-20,0.665780759533006,0.131,0.088,1.6542198387368e-15
"GDI1","GDI1",6.44854063059317e-20,-0.344029720358839,0.278,0.341,1.7241463084017e-15
"NBN","NBN",6.52903005018032e-20,-0.430964634053728,0.133,0.186,1.74566676451671e-15
"DENND1B","DENND1B",6.84222874220222e-20,0.684129763481715,0.124,0.082,1.82940669880261e-15
"BTN2A2","BTN2A2",6.88105271176062e-20,1.5304443805218,0.029,0.01,1.83978706354344e-15
"ITCH","ITCH",6.95096872928813e-20,-0.205457088797566,0.657,0.711,1.85848050914977e-15
"ENSG00000259865","ENSG00000259865",7.0854932375383e-20,0.991541969427717,0.057,0.029,1.89444832692061e-15
"FAM229B","FAM229B",7.20618659184371e-20,-0.576895320295097,0.097,0.143,1.92671810906125e-15
"RAD18","RAD18",7.32648958806021e-20,0.599694281495741,0.215,0.165,1.95888352115966e-15
"ZNF148","ZNF148",7.45532770167443e-20,0.300972471068724,0.592,0.552,1.99333096759669e-15
"SLC13A4","SLC13A4",7.95873361566739e-20,1.49536007757704,0.026,0.008,2.12792660682099e-15
"RACK1","RACK1",8.14924909897599e-20,0.472385483197256,0.318,0.263,2.17886473159321e-15
"ENSG00000268112","ENSG00000268112",8.3752468106995e-20,1.45586365832537,0.031,0.011,2.23928973977672e-15
"PTER","PTER",8.37912681829832e-20,1.23988967047552,0.031,0.011,2.24032713740842e-15
"AIF1L","AIF1L",8.49845408068082e-20,-0.472774131137853,0.156,0.209,2.27223166755163e-15
"PDK3","PDK3",8.62054201680032e-20,0.617107987480842,0.126,0.084,2.3048743190319e-15
"DCTN1-AS1","DCTN1-AS1",8.67329367470648e-20,-1.64445165950969,0.01,0.03,2.31897852980627e-15
"CLN3.1","CLN3.1",8.84269391929974e-20,2.66520235129068,0.014,0.002,2.36427107320317e-15
"KAT2B","KAT2B",9.14126309167878e-20,-0.212624676267695,0.618,0.68,2.44409951282216e-15
"MACIR","MACIR",9.44475824546734e-20,-0.479687792080377,0.116,0.165,2.5252450120906e-15
"ENSG00000259564","ENSG00000259564",9.60663044666137e-20,0.658257033322363,0.107,0.068,2.56852478252385e-15
"PREX2","PREX2",9.68060609062597e-20,-0.183264352756885,0.447,0.532,2.58830365045067e-15
"PTPN21","PTPN21",9.70450688001555e-20,-0.615891932627858,0.072,0.112,2.59469400450976e-15
"LINC00870","LINC00870",9.7351247058238e-20,-1.1549261859565,0.02,0.045,2.60288029259611e-15
"FAM178B","FAM178B",9.91094759713004e-20,-0.606188554052813,0.097,0.142,2.64989005904466e-15
"TBC1D19","TBC1D19",1.00133660328977e-19,-0.304087125089171,0.294,0.361,2.67727367621587e-15
"KCNK10","KCNK10",1.01379452917548e-19,-0.718007376517246,0.073,0.113,2.71058243265648e-15
"NID2","NID2",1.04798840778606e-19,-2.11789059179974,0.006,0.023,2.8020066058976e-15
"CCT8","CCT8",1.06892934390655e-19,0.662238392697077,0.136,0.093,2.85799638680295e-15
"POT1-AS1","POT1-AS1",1.07048158035105e-19,-0.468774308457449,0.156,0.209,2.86214660138461e-15
"ENSG00000232807","ENSG00000232807",1.09021931615235e-19,1.25355608899699,0.034,0.013,2.91491938559654e-15
"KCNC3","KCNC3",1.12919090568262e-19,1.0752973732859,0.058,0.03,3.01911772452363e-15
"APPL2","APPL2",1.14679982636201e-19,0.411000112585799,0.473,0.426,3.06619869574411e-15
"CLDN15","CLDN15",1.15867938590359e-19,0.756036406791667,0.088,0.052,3.09796107409043e-15
"SUFU","SUFU",1.17370225553417e-19,0.510415561646361,0.236,0.184,3.13812772062171e-15
"USP9Y","USP9Y",1.17802815324628e-19,0.399005351060481,0.341,0.283,3.14969387333457e-15
"GIMAP2","GIMAP2",1.17805885660926e-19,1.2859752249787,0.031,0.012,3.14977596491618e-15
"ADAMTS19","ADAMTS19",1.190309673254e-19,-0.815039907750832,0.057,0.094,3.18253097337923e-15
"ENSG00000249378","ENSG00000249378",1.20529773628452e-19,1.41319856567849,0.048,0.023,3.22260455750392e-15
"TBX19","TBX19",1.2071789739984e-19,0.982386027249593,0.067,0.037,3.22763442277953e-15
"NIPAL2","NIPAL2",1.21162363761504e-19,0.902361620166147,0.066,0.036,3.23951811989132e-15
"ZDHHC2","ZDHHC2",1.23414603364174e-19,0.482785337108588,0.304,0.248,3.29973625014793e-15
"SPPL2B","SPPL2B",1.25743736000389e-19,-0.444839190440219,0.148,0.201,3.36201026944241e-15
"MLLT6","MLLT6",1.28341673706979e-19,0.443269910510868,0.289,0.233,3.4314713299035e-15
"CAVIN4","CAVIN4",1.28440100132116e-19,-0.60789913846058,0.07,0.111,3.43410295723238e-15
"FAM171A1","FAM171A1",1.31653351219001e-19,-0.117385151422185,0.396,0.49,3.52001565154242e-15
"ENSG00000230492","ENSG00000230492",1.36328095273959e-19,3.93254637549698,0.01,0,3.64500428333983e-15
"FAM111A","FAM111A",1.36403391262634e-19,0.82265232344824,0.086,0.052,3.64701747218906e-15
"ZDHHC3","ZDHHC3",1.38230802677122e-19,0.712292926071965,0.136,0.094,3.69587697117821e-15
"ARL8A","ARL8A",1.38689980489833e-19,-0.301207784761553,0.275,0.341,3.70815400835666e-15
"OLFM3","OLFM3",1.40266827554199e-19,0.973533269686579,0.05,0.024,3.75031416831663e-15
"NFAM1","NFAM1",1.41731974355172e-19,1.00580140610471,0.042,0.018,3.78948779833424e-15
"TYMS","TYMS",1.50776214670452e-19,-1.13138048777532,0.017,0.041,4.03130365164387e-15
"PVALEF","PVALEF",1.55812075760732e-19,-1.44449109501602,0.012,0.032,4.16594746961468e-15
"ALDH1A2","ALDH1A2",1.56629845705909e-19,1.22921616969156,0.069,0.039,4.18781218463888e-15
"CD93","CD93",1.568792050831e-19,1.03178235441826,0.034,0.014,4.19447930630685e-15
"PATL1","PATL1",1.57576502980505e-19,0.650527391390818,0.133,0.091,4.21312296018977e-15
"ZNF638","ZNF638",1.66611100197768e-19,-0.155647052707789,0.872,0.898,4.45468098598772e-15
"GNA14","GNA14",1.68874683250651e-19,-0.91694084269174,0.04,0.072,4.51520240607267e-15
"ECHDC3","ECHDC3",1.77464927856767e-19,1.71649914450488,0.036,0.015,4.74487977610638e-15
"NOL8","NOL8",1.8082660125455e-19,0.559916823428507,0.185,0.137,4.83476083774291e-15
"ENSG00000279983","ENSG00000279983",1.94941471016155e-19,-1.14439408823871,0.02,0.045,5.21215011055893e-15
"ENSG00000241231","ENSG00000241231",1.99768653499119e-19,-1.11896632448114,0.016,0.04,5.34121448860594e-15
"DCAF16","DCAF16",2.01754003006335e-19,-0.47894434684862,0.136,0.187,5.39429677838038e-15
"C12orf60","C12orf60",2.05085973729398e-19,-0.858695253694072,0.048,0.083,5.48338367960292e-15
"ABCA10","ABCA10",2.06656157906627e-19,-0.863349525325111,0.043,0.076,5.52536569394949e-15
"HNRNPF","HNRNPF",2.07625294098189e-19,0.522469940504819,0.204,0.154,5.55127748830328e-15
"ENSG00000250764","ENSG00000250764",2.14408514399936e-19,1.00609771038447,0.058,0.03,5.73264044951108e-15
"NUP210L","NUP210L",2.15328475924811e-19,0.616439196874655,0.119,0.078,5.75723746080168e-15
"CBFA2T3","CBFA2T3",2.17137441064029e-19,1.67050917646188,0.026,0.008,5.80560376172893e-15
"SMOC1","SMOC1",2.32590306076442e-19,-0.286768466240553,0.35,0.424,6.21876701356584e-15
"CDYL","CDYL",2.34516013881115e-19,0.47565633721506,0.371,0.323,6.27025466313937e-15
"HNRNPH3","HNRNPH3",2.35069795471148e-19,0.396246000428531,0.363,0.306,6.28506112151207e-15
"PTPRA","PTPRA",2.3663718650524e-19,-0.240428697719031,0.497,0.561,6.32696845559061e-15
"PGAP2","PGAP2",2.44155504756142e-19,-0.67805999466165,0.079,0.12,6.52798573066497e-15
"STAU2","STAU2",2.69172348623411e-19,0.413530217699702,0.387,0.333,7.19686108514413e-15
"CTBP1-AS","CTBP1-AS",2.70076950097784e-19,0.958659887793285,0.065,0.035,7.22104741476445e-15
"TRPV5","TRPV5",2.709090575918e-19,-0.887595469044768,0.036,0.067,7.24329547283194e-15
"ENSG00000285447","ENSG00000285447",2.81810142353681e-19,-0.808135500836074,0.047,0.081,7.53475777611038e-15
"SPRED1","SPRED1",3.18300728100888e-19,0.278536834957604,0.583,0.529,8.51040656723345e-15
"ZNF467","ZNF467",3.24415724078518e-19,1.5461020943084,0.027,0.009,8.67390321468734e-15
"IGSF21","IGSF21",3.30627422925243e-19,0.140971003513204,0.273,0.209,8.83998540675221e-15
"SESN1","SESN1",3.36031352967881e-19,0.345623093339753,0.43,0.37,8.98447028430224e-15
"FFAR4","FFAR4",3.3647833814413e-19,1.56918010863262,0.025,0.008,8.9964213269596e-15
"OPRM1","OPRM1",3.42996690900248e-19,1.17614637982131,0.043,0.019,9.17070252459994e-15
"STXBP3","STXBP3",3.46879909054224e-19,-0.257902398875675,0.433,0.494,9.27452812838279e-15
"PHYKPL","PHYKPL",3.92347239121384e-19,0.423274237202635,0.352,0.297,1.04901881323884e-14
"SAPCD2","SAPCD2",4.01060795717948e-19,-1.1388088334117,0.021,0.046,1.07231624951108e-14
"RNASET2","RNASET2",4.10919465694189e-19,1.00679320382057,0.026,0.009,1.09867537542655e-14
"NFKB1","NFKB1",4.18626857812283e-19,0.364112113665482,0.46,0.406,1.1192826297327e-14
"ARHGDIG","ARHGDIG",4.32793989133417e-19,-1.14494199273664,0.024,0.051,1.15716128874602e-14
"FAF1","FAF1",4.37423295833649e-19,-0.15096790372231,0.783,0.827,1.16953866607043e-14
"AKNA","AKNA",4.4549117135913e-19,0.492639893893402,0.19,0.14,1.19110974486291e-14
"DRC4","DRC4",4.49060703370129e-19,-0.853624791002842,0.037,0.068,1.20065360260071e-14
"MX2","MX2",4.55957749552857e-19,0.602708256210477,0.051,0.025,1.21909423497947e-14
"ANKRD13C","ANKRD13C",5.01604618207486e-19,-0.310854366673281,0.322,0.387,1.34114026770136e-14
"RNF216","RNF216",5.03056618748041e-19,0.30807121181315,0.502,0.452,1.34502248154664e-14
"ZNF292","ZNF292",5.32877037871798e-19,0.268441679690709,0.705,0.678,1.42475333615783e-14
"WDR26","WDR26",5.37910615846138e-19,0.397757195456514,0.384,0.332,1.43821161358782e-14
"UBE2E3","UBE2E3",5.54973324481213e-19,-0.259831569168832,0.376,0.442,1.48383217766542e-14
"LINC00578","LINC00578",5.93725458472987e-19,1.34668377346349,0.038,0.017,1.58744375831922e-14
"SCFD2","SCFD2",5.93762143667531e-19,-0.179529801120061,0.442,0.516,1.58754184352388e-14
"KIF1A","KIF1A",5.94988603108051e-19,-0.23260460924477,0.315,0.39,1.59082102813e-14
"UBB","UBB",5.99614111997882e-19,-0.231095312699238,0.347,0.417,1.60318825124874e-14
"PPM1E","PPM1E",6.2912601574753e-19,0.648475303439255,0.174,0.127,1.68209422830417e-14
"LAPTM4B","LAPTM4B",6.56801973934263e-19,-0.783681488245172,0.055,0.09,1.75609143770804e-14
"ENSG00000230623","ENSG00000230623",6.94515672915874e-19,0.751051621570026,0.086,0.052,1.85692655467517e-14
"SLC40A1","SLC40A1",7.49000782556959e-19,1.15679391842086,0.049,0.024,2.00260339232254e-14
"ADCY5","ADCY5",7.50045008513203e-19,-0.229453480974912,0.307,0.378,2.00539533926175e-14
"TNIP1","TNIP1",7.61188843193844e-19,0.676096909838992,0.118,0.078,2.03519061004738e-14
"CAMTA1","CAMTA1",7.78531797726711e-19,-0.166474143087022,0.637,0.695,2.08156046758191e-14
"ANP32A","ANP32A",7.85773996847455e-19,0.382637686360063,0.387,0.333,2.10092393537104e-14
"GMFG","GMFG",8.13133263686078e-19,0.857237827727109,0.072,0.041,2.17407440711747e-14
"POU2F1","POU2F1",8.46097149448494e-19,-0.22404199213546,0.511,0.578,2.26220994848044e-14
"ATP11A","ATP11A",8.52956225028233e-19,0.298330901743124,0.603,0.572,2.28054905885799e-14
"SPRY1","SPRY1",8.53576896207304e-19,1.34585994765394,0.032,0.012,2.28220854738947e-14
"PUS7","PUS7",8.89284827930925e-19,0.515578717210478,0.18,0.133,2.37768084443891e-14
"PPIE","PPIE",8.93485106260258e-19,-0.695477080291553,0.08,0.12,2.38891112860805e-14
"RAB32","RAB32",8.97465045440366e-19,1.17416650403371,0.051,0.026,2.39955229199391e-14
"PPHLN1","PPHLN1",1.02213881638418e-18,0.320455018061886,0.401,0.343,2.73289255336638e-14
"LOC101927609","LOC101927609",1.05890180083609e-18,-0.885604605052994,0.028,0.055,2.83118574489545e-14
"ENSG00000259363","ENSG00000259363",1.06657309060918e-18,0.701155937067739,0.1,0.064,2.85169647236178e-14
"GXYLT2","GXYLT2",1.08589664127424e-18,-0.34696610336728,0.223,0.282,2.90336184977493e-14
"TUBE1","TUBE1",1.08779155813558e-18,-0.411370701725128,0.171,0.225,2.90842828898709e-14
"CCT6B","CCT6B",1.08988035738096e-18,-0.793236484699715,0.03,0.058,2.91401311152948e-14
"ZNF25","ZNF25",1.09619761284975e-18,-0.449586645300373,0.137,0.186,2.93090355747637e-14
"ENSG00000270419","ENSG00000270419",1.09730270018479e-18,-0.865290431549298,0.055,0.09,2.93385822948408e-14
"TLK1","TLK1",1.13570928220433e-18,0.351366158215991,0.404,0.35,3.03654590782972e-14
"DGKI","DGKI",1.15407522450052e-18,-0.314929444855767,0.32,0.384,3.08565092774703e-14
"INTS2","INTS2",1.20310105393934e-18,-0.46160003573406,0.131,0.181,3.2167312879176e-14
"EPB41L1","EPB41L1",1.22038230905176e-18,-0.192054194777761,0.278,0.349,3.26293617971169e-14
"ANKRD6","ANKRD6",1.23083384293869e-18,0.774253715805411,0.11,0.072,3.29088044586516e-14
"LOXL3","LOXL3",1.23901787068911e-18,0.645524859579735,0.086,0.052,3.31276208086147e-14
"TUBA1C","TUBA1C",1.29010775872895e-18,1.03475549277133,0.057,0.03,3.4493611145136e-14
"INSIG2","INSIG2",1.33167137220564e-18,0.597317899093482,0.157,0.113,3.56048974786623e-14
"RNLS","RNLS",1.35486347635838e-18,-0.37609799609623,0.146,0.199,3.6224984767394e-14
"ACTR3","ACTR3",1.37967643837401e-18,0.41309350004641,0.383,0.332,3.68884089328058e-14
"FANCM","FANCM",1.41367426840415e-18,-0.590542314384172,0.055,0.091,3.77974089143218e-14
"PRKCB","PRKCB",1.42749014014988e-18,0.434766061375491,0.399,0.35,3.81668038771873e-14
"TARS1","TARS1",1.44163246322406e-18,0.602123031771092,0.143,0.1,3.85449271692216e-14
"MAX","MAX",1.46492597842137e-18,0.375718497608317,0.34,0.288,3.91677258850523e-14
"EPCIP-AS1","EPCIP-AS1",1.47574094182376e-18,-0.366784813099122,0.216,0.274,3.94568855615418e-14
"SAMD12","SAMD12",1.49184632927116e-18,-0.184927139091672,0.638,0.691,3.98874953057231e-14
"SPTLC3","SPTLC3",1.50906776191285e-18,0.696956038873516,0.055,0.028,4.03479447502639e-14
"ENSG00000233912","ENSG00000233912",1.51766512845225e-18,0.782849529697007,0.075,0.043,4.05778125394278e-14
"LINC02872","LINC02872",1.58452787912328e-18,-1.55210719537778,0.012,0.032,4.23655219041191e-14
"NBEAL2","NBEAL2",1.59781275975211e-18,1.34539838231163,0.033,0.013,4.27207197574921e-14
"EPS15","EPS15",1.63048025302358e-18,-0.194143214231125,0.603,0.658,4.35941505250915e-14
"ENSG00000272921","ENSG00000272921",1.71368286303977e-18,1.89258337590692,0.023,0.007,4.58187387090944e-14
"FRMD3","FRMD3",1.73465958526341e-18,0.837018357364214,0.1,0.064,4.63795933311878e-14
"NDFIP2","NDFIP2",1.80068904922736e-18,-0.359481420200346,0.182,0.238,4.81450231091918e-14
"RFFL","RFFL",1.81519098030968e-18,-0.317633527631328,0.166,0.222,4.85327612405399e-14
"CCDC30","CCDC30",1.84390272489407e-18,0.498212516786346,0.218,0.167,4.93004271554927e-14
"SP3","SP3",1.92428386683864e-18,0.412549825036119,0.355,0.302,5.14495777476647e-14
"RCN3","RCN3",1.92547541090749e-18,1.11451158644791,0.036,0.015,5.14814360614336e-14
"ENSG00000234998","ENSG00000234998",1.96331037845967e-18,0.833955488017851,0.072,0.041,5.24930295888761e-14
"ADAM17","ADAM17",2.00698048860538e-18,0.483853950072902,0.331,0.281,5.36606373238421e-14
"BCLAF3","BCLAF3",2.07745883235859e-18,-0.37682226573429,0.168,0.222,5.55450168007717e-14
"ENSG00000273214","ENSG00000273214",2.08588856912872e-18,-3.39446898361162,0.002,0.014,5.57704026727945e-14
"BACE2","BACE2",2.11067751657448e-18,0.833133770524489,0.185,0.141,5.64331847606519e-14
"SRGAP2-AS1","SRGAP2-AS1",2.264840946808e-18,0.855948122550556,0.045,0.022,6.05550523948055e-14
"BTBD19","BTBD19",2.32413368341578e-18,1.12534888735983,0.028,0.01,6.21403622934877e-14
"HDAC7","HDAC7",2.35448737415959e-18,0.57702505616779,0.149,0.106,6.2951928922905e-14
"NPL","NPL",2.3646428911022e-18,0.687220256065064,0.236,0.191,6.32234569793996e-14
"RALGDS","RALGDS",2.39799077215561e-18,-0.210858823931275,0.35,0.425,6.41150792751245e-14
"DDX3X","DDX3X",2.40835276821967e-18,0.403323808348504,0.288,0.233,6.43921279638894e-14
"VEZT","VEZT",2.41290760886515e-18,-0.240545169449601,0.326,0.394,6.45139107382274e-14
"SERPINB1","SERPINB1",2.43112724883446e-18,0.712132009899244,0.105,0.068,6.50010492520869e-14
"CHRFAM7A","CHRFAM7A",2.46897076353806e-18,1.32871472373913,0.037,0.016,6.60128713047172e-14
"ERMP1","ERMP1",2.47478465064374e-18,-0.32159276627912,0.238,0.298,6.61683172042616e-14
"PART1","PART1",2.52839714951097e-18,-1.69086741337046,0.008,0.026,6.76017545864748e-14
"ZNF721","ZNF721",2.54827669957892e-18,-0.256994811590718,0.391,0.456,6.81332741166416e-14
"STK32B","STK32B",2.5524482577668e-18,0.476557310187982,0.202,0.152,6.82448090679111e-14
"ICAM1","ICAM1",2.55488370598839e-18,1.32162154046974,0.025,0.008,6.83099256470115e-14
"ID2","ID2",2.56880675715917e-18,0.349432083621173,0.074,0.043,6.86821862661649e-14
"LOC105375483","LOC105375483",2.59980077011165e-18,-0.231202727879672,0.235,0.3,6.95108731904751e-14
"SNRNP48","SNRNP48",2.64795294827737e-18,0.644390369052391,0.142,0.099,7.07983179780921e-14
"BCAT1","BCAT1",2.65454078735629e-18,-0.264712405123294,0.237,0.3,7.09744570315452e-14
"PLD4","PLD4",2.69293467229871e-18,0.731476616613972,0.061,0.033,7.20009943332505e-14
"PNLDC1","PNLDC1",2.83123954756595e-18,1.79234141466803,0.023,0.007,7.56988517832709e-14
"MMP2","MMP2",2.8577544715037e-18,1.54760432254789,0.025,0.008,7.64077813045945e-14
"CILK1","CILK1",3.00923698537249e-18,-0.346207312807854,0.188,0.244,8.04579692779042e-14
"RNH1","RNH1",3.01882216049115e-18,-0.40828083801632,0.206,0.261,8.07142481050519e-14
"ZBED3","ZBED3",3.04849627685537e-18,-0.523572132328845,0.095,0.138,8.1507644954282e-14
"PANX1","PANX1",3.16532577579492e-18,1.05543337058252,0.042,0.019,8.46313152674289e-14
"ASAP2","ASAP2",3.20369547591414e-18,-0.32538747663998,0.21,0.268,8.56572059395164e-14
"BTN2A1","BTN2A1",3.53145832739592e-18,0.867352564241147,0.087,0.054,9.44206012995846e-14
"ZBED5-AS1","ZBED5-AS1",3.60477922345047e-18,-0.750777849491043,0.051,0.085,9.63809820973952e-14
"TRPV2","TRPV2",3.91784925319307e-18,1.3139136585183,0.027,0.01,1.04751535482623e-13
"CES4A","CES4A",3.93509796693227e-18,-0.457838775884609,0.137,0.186,1.05212714341868e-13
"WBP2","WBP2",4.00889225850868e-18,-0.301987215750892,0.28,0.344,1.07185752315746e-13
"CEP152","CEP152",4.05373059326606e-18,0.707133473967522,0.078,0.046,1.08384594872155e-13
"VAMP8","VAMP8",4.11529290935126e-18,0.801865896711369,0.07,0.04,1.10030586517325e-13
"OLFML3","OLFML3",4.12219343161699e-18,1.41785427499057,0.024,0.008,1.10215085781143e-13
"MAEL","MAEL",4.16948814413465e-18,-2.00405044657367,0.006,0.021,1.11479604509728e-13
"OLFML2B","OLFML2B",4.17428064162874e-18,0.93396600802996,0.048,0.024,1.11607741515228e-13
"BMPR1A","BMPR1A",4.22520520350946e-18,0.304570944390492,0.424,0.367,1.12969311526232e-13
"CORIN","CORIN",4.25437300557546e-18,1.31215990440934,0.038,0.017,1.13749171050071e-13
"CCR5AS","CCR5AS",4.31117812703015e-18,1.79147285174371,0.02,0.006,1.15267969582405e-13
"MYH9","MYH9",4.34306470280106e-18,0.454993688063621,0.283,0.232,1.16120520958792e-13
"KLF9","KLF9",4.46904516691529e-18,-0.337793993180789,0.272,0.333,1.19488860627814e-13
"PLA2G2C","PLA2G2C",4.48441471835833e-18,3.28818309134561,0.01,0.001,1.19899796324747e-13
"GBX2-AS1","GBX2-AS1",4.86968273779572e-18,-1.96983844136414,0.005,0.02,1.30200707360444e-13
"SOX2","SOX2",4.88782720203616e-18,-0.306714059979919,0.268,0.329,1.30685835900841e-13
"BRMS1L","BRMS1L",5.15588248087064e-18,-0.256130231073496,0.292,0.359,1.37852829891038e-13
"ACVR1","ACVR1",5.16909151307342e-18,0.524898840300194,0.188,0.141,1.38205999785044e-13
"CAPN9-AS1","CAPN9-AS1",5.19261107598621e-18,-1.34297517303691,0.014,0.035,1.38834842338643e-13
"ENSG00000241743","ENSG00000241743",5.20331639167927e-18,1.51683812813827,0.076,0.046,1.39121070364329e-13
"LSMEM1","LSMEM1",5.2713541949182e-18,1.49639632501509,0.039,0.017,1.40940197109528e-13
"MYRFL","MYRFL",5.30167278417713e-18,1.0691365310585,0.037,0.016,1.41750825230544e-13
"GOLGA8A.1","GOLGA8A.1",5.36005387329501e-18,-0.434708306151733,0.099,0.143,1.43311760410289e-13
"EIF4EBP1","EIF4EBP1",5.46771286787329e-18,0.870697826463161,0.049,0.024,1.46190238948328e-13
"DUSP16","DUSP16",5.59676684502679e-18,-0.281121881779835,0.379,0.445,1.49640755135481e-13
"TPD52","TPD52",5.76804043820265e-18,-0.243199695309433,0.333,0.399,1.54220097196224e-13
"ENSG00000253693","ENSG00000253693",5.87836543328006e-18,-2.58064442599449,0.009,0.027,1.57169856589609e-13
"LOC102724594","LOC102724594",6.00605889093685e-18,1.34931425878265,0.026,0.009,1.60583996566978e-13
"AGPAT5","AGPAT5",6.02044462743088e-18,0.507584659692399,0.296,0.247,1.60968628003619e-13
"PLS3-AS1","PLS3-AS1",6.11255295712962e-18,-0.854462267447996,0.042,0.073,1.63431328414775e-13
"KMT2E","KMT2E",6.16194511305948e-18,0.184264276766379,0.747,0.716,1.64751926487871e-13
"USP16","USP16",6.16555451921276e-18,-0.384503594570719,0.199,0.254,1.64848431180192e-13
"TUBGCP5","TUBGCP5",6.22743967039996e-18,-0.420652194771314,0.123,0.17,1.66503054467484e-13
"FAM135A","FAM135A",6.2478721463931e-18,0.359071905528872,0.553,0.516,1.67049357578112e-13
"SPINT1","SPINT1",6.30940674215444e-18,2.40394285536905,0.015,0.003,1.68694608064983e-13
"ELF4","ELF4",6.49515006105435e-18,1.11880327589269,0.035,0.015,1.7366082718241e-13
"SGCD","SGCD",6.58169407492463e-18,-0.315864056328999,0.386,0.453,1.7597475448126e-13
"SERF2","SERF2",6.59919854412394e-18,0.384079287720126,0.422,0.375,1.76442771474242e-13
"BATF3","BATF3",6.6399697894878e-18,1.08426986006324,0.037,0.016,1.77532872261535e-13
"ZNRF2","ZNRF2",6.6456562936232e-18,0.481630948040805,0.255,0.204,1.77684912322604e-13
"CYB5R4","CYB5R4",6.69520703877206e-18,0.347344052281619,0.411,0.358,1.79009750595649e-13
"PLCL2","PLCL2",6.78371831387826e-18,0.468405025875083,0.285,0.233,1.81376276558163e-13
"SV2B","SV2B",7.28623807370958e-18,-0.975838704248101,0.025,0.051,1.94812147376773e-13
"PUF60","PUF60",7.29840145378978e-18,-0.513442082988175,0.124,0.17,1.95137359669977e-13
"FKBP15","FKBP15",7.31304463835958e-18,0.439276499951484,0.279,0.228,1.9552887449582e-13
"LOC105374593","LOC105374593",7.35047912674521e-18,-1.82070823717067,0.008,0.024,1.96529760411787e-13
"ENSG00000285082","ENSG00000285082",7.43454735204306e-18,1.01703956477483,0.051,0.026,1.98777492551575e-13
"DCC","DCC",7.64394894872399e-18,-0.48153354269165,0.244,0.299,2.04376263042033e-13
"LOC124900217","LOC124900217",7.88167498127496e-18,1.22424882502253,0.038,0.017,2.10732343974349e-13
"UPF3A","UPF3A",8.04116918307525e-18,-0.198030615594431,0.419,0.491,2.14996740447883e-13
"MIR3142HG","MIR3142HG",8.32203539452618e-18,1.84978068679628,0.019,0.005,2.22506260343446e-13
"DOK1","DOK1",8.39089995514822e-18,1.06414934801185,0.037,0.016,2.24347492100798e-13
"VXN","VXN",8.83284642712453e-18,-0.282571437439077,0.228,0.289,2.36163814922029e-13
"MSH3","MSH3",8.84205200541457e-18,-0.256614385543502,0.299,0.364,2.36409944468769e-13
"WNT5B","WNT5B",8.85027267310407e-18,0.744057222082407,0.069,0.04,2.36629740460783e-13
"UBE2L6","UBE2L6",8.9494354544395e-18,1.00182623704812,0.051,0.026,2.39281055745349e-13
"ANGPT2","ANGPT2",9.49231402322924e-18,0.894652994098266,0.069,0.04,2.5379600003908e-13
"SMIM3","SMIM3",9.49522320573698e-18,1.10689835648585,0.039,0.018,2.5387378285179e-13
"LINC02177","LINC02177",9.70461029011475e-18,-0.572312196609738,0.065,0.102,2.59472165326798e-13
"TMEM255B","TMEM255B",9.72783746388356e-18,1.07348614394859,0.038,0.017,2.60093190271855e-13
"HSPA2-AS1","HSPA2-AS1",9.83232318936888e-18,0.950932675442252,0.055,0.029,2.62886825114156e-13
"ENSG00000228393","ENSG00000228393",1.03864144236608e-17,0.403648987992924,0.34,0.286,2.77701562445418e-13
"DTX3L","DTX3L",1.12790324887045e-17,0.972850513989138,0.062,0.034,3.01567491650492e-13
"ATG2B","ATG2B",1.13087847251592e-17,-0.308480069672477,0.279,0.341,3.02362977196583e-13
"EMSY","EMSY",1.15098783160338e-17,0.32725612340565,0.399,0.345,3.07739616535795e-13
"BCAR1","BCAR1",1.16503332258898e-17,-0.33971827329334,0.204,0.259,3.11494959460617e-13
"GPIHBP1","GPIHBP1",1.21806583576829e-17,-0.311720665249706,0.167,0.222,3.25674262509368e-13
"ADNP2","ADNP2",1.22764729832071e-17,-0.364285800675233,0.166,0.219,3.28236058152009e-13
"GAS2L1","GAS2L1",1.27993393135935e-17,1.01272251910797,0.056,0.03,3.42215935227549e-13
"KLHL36","KLHL36",1.28388251844163e-17,0.63609978037923,0.118,0.08,3.4327166895574e-13
"BMF","BMF",1.30416551489176e-17,1.21308980927911,0.029,0.011,3.48694733716611e-13
"SERHL2","SERHL2",1.304591401434e-17,0.777075930464378,0.097,0.062,3.48808603001409e-13
"YPEL3","YPEL3",1.32346976203738e-17,0.411260897047281,0.326,0.274,3.53856110275934e-13
"OLMALINC","OLMALINC",1.40350374141754e-17,0.526580979935842,0.448,0.415,3.75254795342807e-13
"ANKRD7","ANKRD7",1.40580253221712e-17,0.988534809557395,0.071,0.042,3.75869423038893e-13
"SH2D6","SH2D6",1.43167072630704e-17,0.879403954983789,0.053,0.028,3.82785802092714e-13
"MIA3","MIA3",1.44124602337887e-17,0.46188704457188,0.238,0.189,3.85345949270809e-13
"MMP24","MMP24",1.44855299702715e-17,0.853862182764475,0.07,0.041,3.8729961481515e-13
"SEMA4C","SEMA4C",1.48192912909089e-17,-0.489431106352035,0.102,0.146,3.9622339124503e-13
"ADPGK","ADPGK",1.49067961340688e-17,0.496484534576871,0.21,0.162,3.98563008236599e-13
"TTC6","TTC6",1.62348880924911e-17,0.913987754786611,0.052,0.027,4.34072202928935e-13
"F11R","F11R",1.65935535925871e-17,1.85750159497986,0.019,0.005,4.43661842405001e-13
"ENSG00000265542","ENSG00000265542",1.69575503033478e-17,1.33410321125584,0.04,0.019,4.53394022460611e-13
"PAIP2B","PAIP2B",1.70761705579573e-17,-0.540848071924262,0.105,0.148,4.56565572208104e-13
"MED14","MED14",1.72455739849652e-17,-0.298909096775991,0.236,0.296,4.61094911636016e-13
"CELSR1","CELSR1",1.77523483524065e-17,1.84424648467607,0.022,0.007,4.74644537898294e-13
"MIR99AHG","MIR99AHG",1.85029850411579e-17,-0.152525761859582,0.758,0.813,4.94714311045439e-13
"MMAB","MMAB",1.85874933464267e-17,-0.429723462618231,0.139,0.188,4.9697380960341e-13
"ENSG00000258784","ENSG00000258784",1.90009782611317e-17,1.96932848016069,0.021,0.007,5.08029155767879e-13
"COX15","COX15",1.91159886146516e-17,-0.556787185664714,0.08,0.119,5.1110418758994e-13
"ZNF451","ZNF451",1.94515551784062e-17,-0.217710512240798,0.506,0.568,5.20076230805048e-13
"PDE2A","PDE2A",1.97005121594057e-17,-1.27149930147094,0.015,0.036,5.2673259360603e-13
"PRCP","PRCP",2.01638791404135e-17,0.618174093261038,0.129,0.089,5.39121636577235e-13
"IER5L","IER5L",2.0261401609827e-17,0.903958093297928,0.045,0.022,5.41729094841945e-13
"ASXL2","ASXL2",2.02873317035069e-17,0.382298083155128,0.382,0.33,5.42422387756664e-13
"PLCXD3","PLCXD3",2.03232361624842e-17,1.39793796431279,0.031,0.012,5.43382365276341e-13
"GNAI3","GNAI3",2.12699511867483e-17,0.50298174861958,0.236,0.187,5.6869468488009e-13
"SNRNP70","SNRNP70",2.18693939189152e-17,-0.20215600549967,0.551,0.613,5.84721985210035e-13
"THBS4-AS1","THBS4-AS1",2.2052657654715e-17,0.969379027535059,0.051,0.026,5.89621907714115e-13
"ENSG00000284930","ENSG00000284930",2.32202623844631e-17,1.73282602456838,0.019,0.005,6.20840155373391e-13
"PRPSAP1","PRPSAP1",2.3348082227311e-17,0.489118245213808,0.199,0.151,6.24257674511615e-13
"ENSG00000214106","ENSG00000214106",2.33593738710668e-17,1.09668675182987,0.037,0.016,6.24559579190713e-13
"LOC100289230","LOC100289230",2.37194448824672e-17,-0.403215729037973,0.199,0.252,6.34186797822526e-13
"CREBZF","CREBZF",2.39129238579362e-17,-0.350167737952755,0.231,0.288,6.39359845189641e-13
"SLC25A32","SLC25A32",2.47176758616396e-17,0.514803877007661,0.213,0.165,6.60876499512657e-13
"SLC35D2","SLC35D2",2.53215185885285e-17,-0.440378711194295,0.133,0.18,6.77021442501486e-13
"GAREM1","GAREM1",2.53755520711425e-17,-0.274653920434476,0.512,0.56,6.78466135726137e-13
"PLXNB1","PLXNB1",2.55602675828884e-17,-0.247303099204291,0.274,0.338,6.83404874363687e-13
"IQGAP1","IQGAP1",2.59529201907029e-17,-0.194277695901492,0.525,0.588,6.93903227138823e-13
"ENSG00000285329","ENSG00000285329",2.60878355366357e-17,-0.509102923382183,0.084,0.124,6.97510458743029e-13
"TRMT10A","TRMT10A",2.65972456496418e-17,-0.821483425554268,0.058,0.092,7.11130556934473e-13
"LINC02352","LINC02352",2.67180274341484e-17,-1.01145291460474,0.026,0.052,7.14359899506825e-13
"CADM1","CADM1",2.79131445804143e-17,-0.118434591363401,0.719,0.81,7.46313746646538e-13
"COX5B","COX5B",2.817319884649e-17,-0.365808951463932,0.21,0.264,7.53266817558604e-13
"DUSP8","DUSP8",2.90041742654287e-17,-0.997515026735065,0.035,0.063,7.75484607334767e-13
"SEC14L1","SEC14L1",2.9352053100656e-17,0.407936521712945,0.353,0.304,7.8478584375224e-13
"REEP3","REEP3",2.96997156399147e-17,-0.251697279876352,0.389,0.454,7.940812970644e-13
"IFT88","IFT88",2.98010390753916e-17,-0.265861206591708,0.301,0.363,7.96790381758745e-13
"PFKFB3","PFKFB3",2.99934141390061e-17,0.308861874336458,0.349,0.298,8.01933913834607e-13
"GASK1B-AS1","GASK1B-AS1",3.02821118606355e-17,0.929750490471835,0.055,0.029,8.0965282481781e-13
"LOC105373347","LOC105373347",3.15344608595679e-17,-0.627139607795392,0.063,0.098,8.43136880002267e-13
"SQSTM1","SQSTM1",3.18998007576422e-17,0.414106607228344,0.365,0.318,8.5290497285708e-13
"ENSG00000227220","ENSG00000227220",3.24449590886316e-17,-0.481875637470844,0.116,0.161,8.67480871152744e-13
"NLGN4X","NLGN4X",3.29804565658968e-17,-0.287863056813286,0.261,0.323,8.81798467202384e-13
"C2CD2","C2CD2",3.32954078100562e-17,0.484604361543199,0.22,0.173,8.90219318617473e-13
"SLC25A36","SLC25A36",3.50734649407002e-17,-0.25528063126758,0.295,0.359,9.37759232119502e-13
"UVSSA","UVSSA",3.62249212096983e-17,-0.436262363563421,0.152,0.201,9.68545718383705e-13
"CDC42SE1","CDC42SE1",3.65814272336716e-17,0.440187968654826,0.278,0.227,9.78077619946676e-13
"KIAA0825","KIAA0825",3.74617938857179e-17,-0.36099206726016,0.155,0.206,1.00161598312244e-12
"RAF1","RAF1",3.79923323070783e-17,0.326877589140359,0.431,0.378,1.01580098889435e-12
"TCF25","TCF25",3.84340623268226e-17,0.25263343689682,0.526,0.476,1.02761152443226e-12
"DNAJC18","DNAJC18",3.88312352743265e-17,-0.378726139340305,0.115,0.161,1.03823073752967e-12
"ECT2","ECT2",4.10268188321863e-17,0.921899514482433,0.052,0.027,1.09693405511617e-12
"SERP2","SERP2",4.13949762735187e-17,-0.563696236877615,0.097,0.138,1.10677748062507e-12
"SSBP2","SSBP2",4.1680619386586e-17,0.263605711436828,0.667,0.636,1.11441472053915e-12
"PDE10A","PDE10A",4.17041648058948e-17,-0.312246224699662,0.163,0.215,1.11504425441521e-12
"MAN2A2","MAN2A2",4.20650701013152e-17,-0.337533426215176,0.24,0.297,1.12469377929886e-12
"LINC01572","LINC01572",4.55295058969334e-17,-0.479190353888604,0.165,0.214,1.21732239916631e-12
"AFTPH","AFTPH",4.71251990207627e-17,0.384962550993161,0.356,0.305,1.25998644621813e-12
"HCCS-DT","HCCS-DT",4.76746682023128e-17,-0.614270417616678,0.068,0.105,1.27467760372524e-12
"ZNF609","ZNF609",4.78668757447589e-17,-0.150562546338903,0.629,0.684,1.27981665678762e-12
"ENSG00000251513","ENSG00000251513",4.86716386240507e-17,-0.479591027497245,0.1,0.143,1.30133360189124e-12
"TFE3","TFE3",4.9557183865888e-17,0.703303761175617,0.099,0.064,1.32501042502225e-12
"ARFGEF1","ARFGEF1",5.16076265563857e-17,0.283695410649336,0.524,0.479,1.37983311123808e-12
"STK40","STK40",5.16297334713811e-17,0.572262251783086,0.146,0.104,1.38042418382432e-12
"NBPF15","NBPF15",5.16994944573516e-17,0.684900514708387,0.102,0.067,1.38228938330621e-12
"MFN1","MFN1",5.28351347982973e-17,-0.283170983369292,0.243,0.302,1.41265299910207e-12
"ZNF703","ZNF703",5.50433645186902e-17,1.54076173301579,0.029,0.011,1.47169443713622e-12
"RAB11A","RAB11A",5.61868035183053e-17,0.34905018497254,0.313,0.26,1.50226656566893e-12
"RGS11","RGS11",5.81541038542064e-17,-0.653067128500706,0.079,0.116,1.55486627474992e-12
"CXXC4-AS1","CXXC4-AS1",5.8321658207461e-17,-0.748647869712725,0.048,0.079,1.55934617549288e-12
"PTGER4","PTGER4",5.90596625547909e-17,1.8654142530866,0.021,0.006,1.57907819772744e-12
"METAP1D","METAP1D",6.03208483190223e-17,-0.541548182786055,0.123,0.168,1.6127985215057e-12
"CRTC3-AS1","CRTC3-AS1",6.10085752354224e-17,-1.00159145156328,0.03,0.057,1.63118627606949e-12
"CHD3","CHD3",6.11849392270299e-17,0.912777931925496,0.056,0.031,1.6359017201131e-12
"PROCA1","PROCA1",6.3787862535707e-17,1.37646210103198,0.033,0.014,1.7054960806172e-12
"AGK-DT","AGK-DT",6.54412909031385e-17,-1.05461675342132,0.024,0.049,1.74970379487722e-12
"CYREN","CYREN",6.5543642256553e-17,-0.438038981394612,0.151,0.199,1.75244036301346e-12
"ENSG00000244260","ENSG00000244260",6.62761184159322e-17,-1.45711820889014,0.015,0.035,1.77202457808678e-12
"IGDCC3","IGDCC3",6.69175184051137e-17,-1.06993430987544,0.021,0.043,1.78917368959752e-12
"OTULIN","OTULIN",6.7507167837455e-17,0.490606107104226,0.189,0.143,1.80493914647004e-12
"LOC105375523","LOC105375523",6.88581966557029e-17,0.506731211051709,0.054,0.029,1.84106160398353e-12
"ENSG00000276663","ENSG00000276663",7.07540369329293e-17,-2.00841119654991,0.005,0.02,1.89175068547573e-12
"CNTLN","CNTLN",7.11867533012537e-17,0.486803687340555,0.25,0.201,1.90332022301562e-12
"KIF3A","KIF3A",7.19801497972712e-17,-0.22344966286676,0.291,0.356,1.92453326512964e-12
"MCTP1","MCTP1",7.2730488267287e-17,0.659516209994748,0.135,0.096,1.94459506480245e-12
"PTPN9","PTPN9",7.30429409131041e-17,0.503825093662435,0.231,0.184,1.95294911119366e-12
"RBL2","RBL2",7.32143302403716e-17,-0.239872703779691,0.331,0.395,1.95753154763682e-12
"RASSF1","RASSF1",7.33396502807407e-17,0.708171085653254,0.1,0.065,1.96088222955616e-12
"ENSG00000272894","ENSG00000272894",7.53137203912553e-17,-1.20410959656462,0.018,0.04,2.01366294210099e-12
"ENSG00000249673","ENSG00000249673",7.95674793228443e-17,-0.99452922826173,0.025,0.05,2.12739569465489e-12
"ENSG00000243944","ENSG00000243944",7.96293187136449e-17,-1.50138617350219,0.009,0.027,2.12904909444672e-12
"AK8","AK8",7.98477300289276e-17,-1.08839179817723,0.019,0.041,2.13488875778344e-12
"RAB11FIP3","RAB11FIP3",8.46097209152423e-17,-0.274828036141303,0.258,0.316,2.26221010811083e-12
"TBRG1","TBRG1",8.63834377734981e-17,0.47564330732998,0.228,0.18,2.30963397575002e-12
"VSTM2B","VSTM2B",8.80304074234534e-17,-0.347787448497991,0.179,0.231,2.35366900328087e-12
"MAP6","MAP6",8.91518413540464e-17,-0.614430858629374,0.059,0.093,2.38365278228314e-12
"NEPRO-AS1","NEPRO-AS1",8.94089779783483e-17,-0.555410093840873,0.077,0.115,2.3905278442071e-12
"U2AF2","U2AF2",9.13252615062031e-17,0.535970160045868,0.143,0.102,2.44176351689135e-12
"ERCC6","ERCC6",9.27289161579463e-17,0.562453229076566,0.191,0.146,2.47929303131501e-12
"TNFSF10","TNFSF10",9.31332502685494e-17,0.835761664305262,0.037,0.016,2.49010371243021e-12
"MINDY2","MINDY2",9.43459724914091e-17,-0.258563040587084,0.348,0.408,2.52252826650281e-12
"FBXO36","FBXO36",9.59794798385102e-17,-0.782587133095601,0.042,0.072,2.56620335244225e-12
"DYNC1I2","DYNC1I2",9.829968056639e-17,-0.251112299273672,0.439,0.495,2.62823855930357e-12
"GABPB2","GABPB2",1.01133576872405e-16,-0.381291435983268,0.178,0.23,2.70400844483749e-12
"BRD2","BRD2",1.02634837089556e-16,0.463636437242005,0.21,0.163,2.74414763926346e-12
"CDK11B","CDK11B",1.0517708407624e-16,0.581764284174218,0.153,0.111,2.81211969694643e-12
"PAN2","PAN2",1.12316398462589e-16,0.506760684056818,0.16,0.117,3.00300354569423e-12
"PUM1","PUM1",1.14331554118363e-16,0.267647846755327,0.574,0.53,3.05688276246267e-12
"LINC00845","LINC00845",1.1726177366026e-16,-2.21442304140458,0.004,0.017,3.13522804235438e-12
"SEL1L","SEL1L",1.17415842393378e-16,0.42800073935045,0.367,0.32,3.13934737807175e-12
"ABHD12","ABHD12",1.17738389355583e-16,0.286660559097401,0.482,0.438,3.14797131620022e-12
"HEXD","HEXD",1.19648610269881e-16,0.535860124397164,0.175,0.131,3.1990448927858e-12
"COX4I1","COX4I1",1.26040341806616e-16,-0.315491100482061,0.247,0.305,3.36994061888348e-12
"MAPK8","MAPK8",1.29630256043106e-16,-0.228233254356192,0.42,0.482,3.46592415582451e-12
"NIM1K","NIM1K",1.30179814414419e-16,-0.490304325322829,0.109,0.152,3.48061769799831e-12
"AHDC1","AHDC1",1.31225924825993e-16,0.573086040275449,0.14,0.099,3.50858755207257e-12
"CLTCL1","CLTCL1",1.31232237703728e-16,-0.454285622413776,0.084,0.124,3.50875633948456e-12
"SNAP91","SNAP91",1.31598568025687e-16,-0.332740360605295,0.199,0.253,3.51855091330278e-12
"RIGI","RIGI",1.32307133519507e-16,0.604691088283611,0.143,0.103,3.53749582891106e-12
"CARF","CARF",1.33177518055931e-16,-0.311702663563551,0.195,0.249,3.56076730026142e-12
"FBXL19-AS1","FBXL19-AS1",1.36076609663907e-16,1.65131301730611,0.022,0.007,3.63828031258387e-12
"LRIG1","LRIG1",1.37884729193108e-16,-0.274306462242793,0.239,0.299,3.68662400443612e-12
"ENSG00000205622","ENSG00000205622",1.38046039072652e-16,1.90232108842389,0.019,0.006,3.69093694668549e-12
"MLLT3","MLLT3",1.39467979597698e-16,-0.263637346474695,0.395,0.457,3.72895537050365e-12
"NKTR","NKTR",1.39635860827512e-16,-0.156087176115368,0.661,0.707,3.7334440109452e-12
"CPNE8","CPNE8",1.42064364883593e-16,0.764924256918436,0.086,0.054,3.79837492389262e-12
"BATF","BATF",1.44254631302976e-16,1.73924927626192,0.017,0.005,3.85693607714766e-12
"TMED9","TMED9",1.46183912908918e-16,0.583599716618425,0.118,0.081,3.90851927944575e-12
"B3GNT2","B3GNT2",1.46290499534011e-16,1.00045623078419,0.061,0.035,3.91136908604085e-12
"TP53INP2","TP53INP2",1.47041102104355e-16,-0.837008817196948,0.043,0.072,3.93143794696413e-12
"EDEM1","EDEM1",1.48435282866213e-16,0.721127415961521,0.11,0.075,3.96871415799395e-12
"RFTN1","RFTN1",1.50281828026221e-16,1.06332439512794,0.043,0.021,4.01808523593706e-12
"SH3GL1","SH3GL1",1.54246597352999e-16,0.549503829113945,0.158,0.115,4.12409127342715e-12
"ERCC6L2","ERCC6L2",1.55767239424434e-16,-0.217386192110141,0.436,0.501,4.16474868049108e-12
"GSTCD","GSTCD",1.56763006665029e-16,-0.430919088521197,0.134,0.181,4.19137250920288e-12
"U2AF1","U2AF1",1.57037170823293e-16,-1.0566124243802,0.025,0.049,4.1987028363024e-12
"CDK10","CDK10",1.61024390147357e-16,0.655320019763137,0.127,0.089,4.30530911936989e-12
"CD40","CD40",1.61161951763393e-16,1.23116952342388,0.026,0.01,4.30898710429785e-12
"ENSG00000205212","ENSG00000205212",1.62587456660097e-16,-1.20586669389379,0.03,0.055,4.34710082872101e-12
"PLAAT5","PLAAT5",1.64742467599439e-16,-1.5064638851089,0.012,0.03,4.40471935620621e-12
"GATAD1","GATAD1",1.65073919535397e-16,-0.297310241537104,0.296,0.352,4.41358138661792e-12
"WASF2","WASF2",1.66204323273951e-16,0.349033536879941,0.499,0.461,4.44380499137563e-12
"LDLR","LDLR",1.66737514139745e-16,0.837069580414173,0.102,0.068,4.45806091555435e-12
"TLN1","TLN1",1.70622021116456e-16,0.507897110464321,0.197,0.152,4.56192097859068e-12
"TTC7B","TTC7B",1.77801539718703e-16,-0.264161784876511,0.327,0.389,4.75387976745896e-12
"ZC3H7A","ZC3H7A",1.8707274362281e-16,0.458122693774188,0.262,0.212,5.00176394624306e-12
"RIPOR1","RIPOR1",1.91229526099268e-16,0.718208946556185,0.095,0.062,5.11290383931613e-12
"TATDN3","TATDN3",1.91752703398701e-16,-0.337683418590571,0.164,0.215,5.12689203077107e-12
"STK26","STK26",1.9864786660039e-16,1.52339657277043,0.019,0.006,5.31124800929462e-12
"ENSG00000248184","ENSG00000248184",2.00753122340486e-16,-1.0579024079232,0.022,0.045,5.36753623201757e-12
"ENSG00000262039","ENSG00000262039",2.08021172698406e-16,0.742429635190025,0.105,0.071,5.56186209443729e-12
"YES1","YES1",2.10028059048103e-16,-0.560662842424721,0.081,0.119,5.61552021476914e-12
"BDH2","BDH2",2.11055176099022e-16,0.943021549387018,0.062,0.036,5.64298224335956e-12
"GK3","GK3",2.12173573650699e-16,2.05418741502088,0.016,0.004,5.67288483869874e-12
"CDK13","CDK13",2.17885575892295e-16,0.214766125808602,0.671,0.641,5.8256066426323e-12
"GAPDH","GAPDH",2.2276068311454e-16,-0.201487152886409,0.609,0.661,5.95595238443347e-12
"FUBP1","FUBP1",2.25360664205945e-16,0.317719499094931,0.421,0.371,6.02546807887436e-12
"ALPK3","ALPK3",2.3006790526646e-16,1.07438088393779,0.026,0.01,6.15132558310934e-12
"VENTX","VENTX",2.30098851530574e-16,1.44459415643116,0.021,0.007,6.15215299337294e-12
"ZNF667","ZNF667",2.31383967577958e-16,-0.471774467799404,0.104,0.146,6.18651314113186e-12
"NAGK","NAGK",2.33938068200414e-16,0.548779621742845,0.21,0.165,6.25480212947446e-12
"ATF1","ATF1",2.36289434633669e-16,0.486680170203438,0.181,0.137,6.31767061380041e-12
"BEX3","BEX3",2.39658811102119e-16,-0.328236406557015,0.173,0.225,6.40775763243737e-12
"RAB11FIP1","RAB11FIP1",2.45050044680724e-16,1.35917607592744,0.029,0.012,6.55190304462852e-12
"SHMT1","SHMT1",2.45793898379347e-16,0.565850087452386,0.166,0.124,6.57179146096861e-12
"ZNF226","ZNF226",2.59858135584867e-16,-0.451260298635785,0.127,0.172,6.94782697113259e-12
"VDAC1","VDAC1",2.61360393404161e-16,0.506828760515094,0.172,0.129,6.98799283844704e-12
"SCARNA17","SCARNA17",2.63797773220962e-16,-0.519270396354849,0.089,0.129,7.05316106260887e-12
"PROX1","PROX1",2.65077937485276e-16,-0.294535989240141,0.273,0.331,7.08738881454382e-12
"RAB33B-AS1","RAB33B-AS1",2.7431187112346e-16,0.377234776847083,0.34,0.286,7.33427649822796e-12
"ENSG00000233635","ENSG00000233635",2.77389800916001e-16,0.634344956549345,0.093,0.06,7.41657110709112e-12
"RXRA","RXRA",2.77775203262022e-16,0.477212890847752,0.199,0.154,7.42687560961669e-12
"SPAG9","SPAG9",2.81769058035094e-16,-0.150005914155911,0.66,0.726,7.5336593046843e-12
"ENSG00000214955","ENSG00000214955",2.82946864475192e-16,1.08704828123018,0.04,0.019,7.56515031547321e-12
"PITX1-AS1","PITX1-AS1",2.84426453251277e-16,1.52596968432735,0.028,0.011,7.6047100805794e-12
"ARRDC5","ARRDC5",2.86553703524874e-16,1.14942652528156,0.028,0.011,7.66158637114454e-12
"SOX6","SOX6",2.87253342524593e-16,-0.202778615570424,0.172,0.227,7.68029261908005e-12
"PKDCC","PKDCC",2.92985433979487e-16,1.44294017979747,0.029,0.012,7.83355154830955e-12
"ENSG00000249526","ENSG00000249526",2.99024249678454e-16,-0.994724216528819,0.025,0.049,7.99501136365282e-12
"ENSG00000244701","ENSG00000244701",3.01033760721321e-16,0.56878870072986,0.195,0.152,8.04873966040597e-12
"IFT81","IFT81",3.11210666504411e-16,-0.606164883224502,0.068,0.103,8.32083959032844e-12
"DSEL","DSEL",3.12961808617899e-16,-0.213770998562777,0.251,0.313,8.36765987701676e-12
"KLHL5","KLHL5",3.13242613579567e-16,0.399152316764217,0.368,0.319,8.37516775927688e-12
"ENSG00000258677","ENSG00000258677",3.24081902484985e-16,2.30886690011543,0.019,0.006,8.66497782674105e-12
"TTBK2","TTBK2",3.29747673607913e-16,0.275117340937537,0.516,0.466,8.81646354925476e-12
"MAZ","MAZ",3.50774809668987e-16,0.559985536164394,0.117,0.08,9.37866608611972e-12
"PPP1R15A","PPP1R15A",3.51850352565502e-16,1.10518951939806,0.045,0.023,9.40742287654382e-12
"ATG7","ATG7",3.55289235085243e-16,0.398952025238699,0.59,0.562,9.49936827847415e-12
"NUP133","NUP133",3.63998555340144e-16,-0.326019248188059,0.219,0.273,9.73222937412944e-12
"TSC22D2","TSC22D2",3.73956615394199e-16,0.34212057819815,0.408,0.359,9.9984780257947e-12
"UBE2E1","UBE2E1",3.755537708782e-16,0.363250031983997,0.427,0.38,1.00411811719704e-11
"ZNF496","ZNF496",4.21270802624515e-16,-0.57235990295704,0.076,0.112,1.12635174497717e-11
"ADAMTS2","ADAMTS2",4.27653189041369e-16,1.2536969072952,0.036,0.016,1.14341633153991e-11
"CDC42BPB","CDC42BPB",4.3337561362981e-16,-0.239244728759834,0.408,0.472,1.15871637816202e-11
"TOM1","TOM1",4.42145504427960e-16,0.543424688404555,0.155,0.114,1.18216443518904e-11
"ITGB4","ITGB4",4.56427552913316e-16,-0.728650063426315,0.065,0.098,1.22035034822433e-11
"SRPRB","SRPRB",4.96661094575219e-16,-0.488989150602231,0.111,0.153,1.32792276856576e-11
"ENSG00000267519","ENSG00000267519",4.98410267482682e-16,1.52062080849632,0.02,0.006,1.33259953216845e-11
"HSPA1L","HSPA1L",4.98484376386879e-16,1.63026294049843,0.019,0.006,1.3327976771456e-11
"ARPP21","ARPP21",5.07680766368571e-16,-0.223424336532582,0.24,0.3,1.35738606503965e-11
"TRAM1L1","TRAM1L1",5.13812540832744e-16,-1.29787669769235,0.014,0.033,1.37378059042451e-11
"PRKAA2","PRKAA2",5.25289562167455e-16,-0.548759273131185,0.094,0.134,1.40446670236713e-11
"SOCS3","SOCS3",5.36866647673738e-16,1.42239216890715,0.024,0.009,1.43542035588527e-11
"MAP4","MAP4",5.44611499779211e-16,-0.221459771013932,0.524,0.575,1.45612776695968e-11
"DHRS9","DHRS9",5.52160941928554e-16,1.43333003673335,0.025,0.009,1.47631271043437e-11
"ACIN1","ACIN1",5.55371783296193e-16,0.339858268640453,0.384,0.332,1.48489753699903e-11
"HS3ST1","HS3ST1",5.63492302522877e-16,0.864923325688152,0.097,0.065,1.50660936925542e-11
"CSNK1A1","CSNK1A1",5.63977690663769e-16,0.185737224645906,0.697,0.667,1.50790715152772e-11
"CERT1","CERT1",5.73701738691507e-16,0.294397808313378,0.519,0.473,1.53390633873948e-11
"ZBTB44-DT","ZBTB44-DT",5.87406947879128e-16,-1.19899579371272,0.017,0.038,1.57054995654442e-11
"BMPR2","BMPR2",5.87526183382597e-16,0.300647988626812,0.432,0.378,1.57086875651005e-11
"DYNC2LI1","DYNC2LI1",5.89803949312548e-16,-0.343969512259485,0.128,0.174,1.57695881927696e-11
"ATP9B","ATP9B",6.07086118698901e-16,-0.196474270774993,0.56,0.618,1.62316615556525e-11
"DCLK2","DCLK2",6.16459413794952e-16,-0.368681754529049,0.161,0.209,1.64822753466356e-11
"ENSG00000282142","ENSG00000282142",6.53270125376744e-16,-2.414357219315,0.003,0.015,1.7466483342198e-11
"ENSG00000260300","ENSG00000260300",6.64355896220744e-16,-1.07879808750191,0.017,0.037,1.7762883597254e-11
"E2F4","E2F4",6.74026406533663e-16,0.710689133920402,0.092,0.06,1.80214440314905e-11
"JAKMIP3","JAKMIP3",7.05095252490558e-16,0.622006625601574,0.363,0.341,1.885213176584e-11
"CKS2","CKS2",7.07728568794764e-16,2.51281369359191,0.015,0.003,1.89225387438656e-11
"MCCC2","MCCC2",7.36866141750562e-16,-0.311914657374668,0.142,0.19,1.97015900319848e-11
"COP1","COP1",7.39815426925767e-16,0.289769331381413,0.61,0.581,1.97804450697142e-11
"ENSG00000283782","ENSG00000283782",7.49614949974999e-16,-0.316503548651324,0.258,0.315,2.00424549174815e-11
"NIPAL3","NIPAL3",7.61922907312103e-16,-0.222076513652833,0.346,0.409,2.03715327728037e-11
"EHD4","EHD4",7.64522809900219e-16,0.761811028672522,0.106,0.072,2.04410463683021e-11
"C6orf62","C6orf62",7.69098462285012e-16,0.407991286350035,0.349,0.301,2.05633855861144e-11
"EEF1D","EEF1D",7.74410573654401e-16,0.388791668252588,0.331,0.281,2.07054155077977e-11
"ENSG00000255015","ENSG00000255015",7.87813846784556e-16,-1.55552677479054,0.008,0.024,2.10637788214787e-11
"EVA1B","EVA1B",8.178604248131e-16,1.56969166612495,0.017,0.005,2.18671341782279e-11
"GATAD2A","GATAD2A",8.28301390964801e-16,0.525754833449984,0.21,0.166,2.21462942902259e-11
"LAPTM4A","LAPTM4A",8.63744042004269e-16,0.580328383918128,0.131,0.093,2.30939244510681e-11
"C3orf62","C3orf62",8.84815457812718e-16,0.827434611004827,0.086,0.055,2.36573108955387e-11
"S100A8","S100A8",8.86725136295048e-16,1.09911054330164,0.022,0.007,2.37083699691207e-11
"PFKL","PFKL",8.87547388393573e-16,-0.377674757199071,0.215,0.266,2.3730354523479e-11
"GOLGA3","GOLGA3",8.87577663151574e-16,0.458011331323671,0.22,0.174,2.37311639796836e-11
"ENSG00000257526","ENSG00000257526",8.90495327704214e-16,-0.899190323635295,0.03,0.055,2.38091735768276e-11
"POLA1","POLA1",9.19677628303043e-16,-0.28900024421473,0.309,0.368,2.45894207479385e-11
"FBXO38-DT","FBXO38-DT",9.24796490887601e-16,-0.303703989705912,0.288,0.346,2.47262837768618e-11
"IRAK1","IRAK1",9.31420140105903e-16,0.899013953549291,0.061,0.035,2.49033802860115e-11
"OARD1","OARD1",9.36004937031192e-16,-0.35921794241934,0.148,0.195,2.5025964001403e-11
"KIAA1958","KIAA1958",9.52850687965882e-16,-0.152887688757777,0.459,0.539,2.54763688441438e-11
"WHRN","WHRN",9.57139728334601e-16,-0.270109816789802,0.303,0.363,2.55910449164822e-11
"TNFAIP8L1","TNFAIP8L1",9.66928781640288e-16,1.31001673277565,0.03,0.013,2.58527748347164e-11
"SLC12A8","SLC12A8",9.7096413871487e-16,0.981147393820185,0.056,0.032,2.59606681768195e-11
"SERGEF","SERGEF",9.72807133411455e-16,0.317544450344364,0.31,0.255,2.60099443260221e-11
"SPDYA","SPDYA",9.7802098676383e-16,1.03757513558196,0.042,0.021,2.61493471231045e-11
"ACSL5","ACSL5",9.78081992197918e-16,1.06408908137599,0.031,0.013,2.61509782253957e-11
"PIM3","PIM3",9.89131792198555e-16,0.635279393874889,0.15,0.11,2.64464167280128e-11
"CPLANE1","CPLANE1",9.90402153327263e-16,-0.278040025828,0.343,0.401,2.6480382373511e-11
"ADAM32","ADAM32",1.02109134138797e-15,0.737956520630963,0.091,0.059,2.73009191946902e-11
"UST","UST",1.0343521990248e-15,0.288495378361816,0.259,0.205,2.76554747453261e-11
"TMEM182","TMEM182",1.04568966361183e-15,0.962534948678766,0.057,0.032,2.79586045359894e-11
"LINC03070","LINC03070",1.06042134270959e-15,1.28565408298717,0.028,0.011,2.83524854400263e-11
"SNRPD3","SNRPD3",1.07381964887462e-15,-0.393080741922731,0.136,0.182,2.87107159519608e-11
"SNX20","SNX20",1.07988088884362e-15,1.40391654942158,0.022,0.007,2.88727753250118e-11
"ENSG00000259867","ENSG00000259867",1.10512284489369e-15,-1.186856939173,0.017,0.037,2.95476695039227e-11
"ENSG00000240963","ENSG00000240963",1.15012780085118e-15,0.632566836632098,0.113,0.078,3.0750967011358e-11
"CHKA","CHKA",1.16542942991246e-15,-0.155986943602771,0.573,0.629,3.11600866675695e-11
"TMEM232","TMEM232",1.17562057391956e-15,-0.428660803115659,0.142,0.188,3.14325672848871e-11
"DYRK4","DYRK4",1.19608258783538e-15,1.72768692432016,0.019,0.006,3.19796601509545e-11
"CFAP70","CFAP70",1.23952196852933e-15,-0.460063838433575,0.075,0.111,3.31410988725688e-11
"SMG1","SMG1",1.27140643738986e-15,0.285726038752232,0.52,0.48,3.39935939164927e-11
"SRSF11","SRSF11",1.28640930057921e-15,-0.176558586551694,0.603,0.657,3.43947254695864e-11
"ARID5B","ARID5B",1.30154449248879e-15,0.368665810549432,0.459,0.423,3.47993950956727e-11
"GLB1","GLB1",1.32139310094131e-15,0.454154709592114,0.223,0.178,3.53300873398678e-11
"ENSG00000253965","ENSG00000253965",1.33212014435347e-15,-1.22210395969421,0.013,0.032,3.56168962995788e-11
"HSD17B7","HSD17B7",1.3565236968536e-15,0.559462688585736,0.163,0.123,3.62693740827747e-11
"ATPAF1","ATPAF1",1.3705540911988e-15,-0.356078117994539,0.16,0.209,3.66445047363822e-11
"CARS1","CARS1",1.39226005386398e-15,0.448590985548311,0.222,0.176,3.72248570601612e-11
"USP13","USP13",1.40510419827038e-15,-0.345446808617961,0.181,0.23,3.7568270949155e-11
"RUFY3","RUFY3",1.42093088000156e-15,0.255659190237193,0.669,0.655,3.79914289386017e-11
"RBM6","RBM6",1.46269408651355e-15,0.225699455408732,0.682,0.643,3.91080517911129e-11
"ANGEL2","ANGEL2",1.46468630765012e-15,-0.266369092975945,0.204,0.259,3.91613178076413e-11
"HLA-F","HLA-F",1.47374958662248e-15,0.813552193821082,0.051,0.027,3.94036426975252e-11
"ENSG00000269026","ENSG00000269026",1.47985033599455e-15,-0.951432260406494,0.03,0.054,3.95667584334863e-11
"MYOM1","MYOM1",1.51869040401539e-15,0.558635768105818,0.145,0.106,4.06052253321594e-11
"MPHOSPH8","MPHOSPH8",1.53048254043028e-15,0.288087629825853,0.488,0.444,4.09205116834844e-11
"DNAI4","DNAI4",1.53291408328575e-15,-0.649227205345013,0.061,0.094,4.0985523844811e-11
"ENSG00000266877","ENSG00000266877",1.6088199838006e-15,1.58952683170036,0.02,0.006,4.30150199068766e-11
"ARPC3","ARPC3",1.63829869113002e-15,0.465476053539936,0.254,0.209,4.38031921047434e-11
"ZFC3H1","ZFC3H1",1.64759976629351e-15,0.365133823345424,0.394,0.35,4.40518749513897e-11
"LINC01599","LINC01599",1.67967751621844e-15,1.10700555546385,0.042,0.021,4.49095377511325e-11
"CRPPA","CRPPA",1.69404155961201e-15,-0.459406133213414,0.134,0.178,4.52935891793462e-11
"TFCP2","TFCP2",1.7133196698211e-15,-0.212846829922402,0.393,0.454,4.58090280120067e-11
"CCDC126","CCDC126",1.71752603809154e-15,0.634915902071354,0.14,0.102,4.59214936804536e-11
"SECISBP2","SECISBP2",1.80665727850458e-15,-0.212912000936687,0.321,0.384,4.8304595655377e-11
"RHEB","RHEB",1.83005952210068e-15,0.432905027210808,0.233,0.187,4.89303014424058e-11
"RSPO4","RSPO4",1.87680580653502e-15,-1.47351963928437,0.012,0.029,5.01801568493269e-11
"RAC2","RAC2",1.87993071937789e-15,1.21689464321352,0.023,0.008,5.02637076440066e-11
"LOC124900476","LOC124900476",1.8984974415608e-15,-0.901873145070435,0.026,0.049,5.0760126095011e-11
"PXDC1","PXDC1",1.90522788985059e-15,0.76467424795682,0.083,0.053,5.09400780909352e-11
"ENSG00000247011","ENSG00000247011",1.91051901773488e-15,-1.74092617661507,0.005,0.019,5.10815469771775e-11
"RENBP","RENBP",1.91239303277298e-15,0.678046972061257,0.079,0.05,5.11316525172512e-11
"HPRT1","HPRT1",1.92196414078268e-15,0.433050351195575,0.242,0.196,5.13875552321066e-11
"LOC101930100","LOC101930100",1.94509108307945e-15,-0.407218981483386,0.142,0.187,5.20059002882953e-11
"TALDO1","TALDO1",1.96696178700374e-15,-0.278503908865843,0.259,0.316,5.25906572991189e-11
"AGO2","AGO2",1.97307842218678e-15,-0.177432509996542,0.486,0.549,5.27541977740079e-11
"ENSG00000271474","ENSG00000271474",2.00221395615191e-15,-1.13113270538477,0.023,0.045,5.35331945456336e-11
"PGPEP1","PGPEP1",2.00464669576931e-15,0.695745748666107,0.084,0.054,5.35982387047839e-11
"ZNF644","ZNF644",2.0471421396934e-15,-0.174646418784723,0.622,0.673,5.47344393889824e-11
"C2orf69","C2orf69",2.06845106063593e-15,0.578605449779243,0.142,0.104,5.53041760082229e-11
"SEC24B","SEC24B",2.08443795690266e-15,0.301585133513895,0.395,0.342,5.57316176537064e-11
"C9orf85","C9orf85",2.09357266567093e-15,-0.218049890886775,0.316,0.38,5.59758523620437e-11
"CADPS2","CADPS2",2.10225771842124e-15,0.609425693705931,0.133,0.096,5.62080646174287e-11
"LMNB1","LMNB1",2.14219001420165e-15,0.901160853353246,0.06,0.034,5.72757344097096e-11
"TRPM7","TRPM7",2.17754180141331e-15,0.291606446635403,0.471,0.425,5.82209351443877e-11
"TYRO3","TYRO3",2.19486087084627e-15,-0.201786539647409,0.302,0.366,5.86839951038167e-11
"ZSCAN18","ZSCAN18",2.2465277467256e-15,-0.371106509652132,0.153,0.2,6.00654123642023e-11
"IRF7","IRF7",2.27419711995628e-15,1.12476983069731,0.032,0.014,6.0805208396271e-11
"PCLO","PCLO",2.27860673077655e-15,0.472199818391623,0.263,0.216,6.09231081607727e-11
"RP2","RP2",2.32103850963034e-15,0.795669494279639,0.072,0.044,6.20576066319865e-11
"ENSG00000281508","ENSG00000281508",2.36598758322993e-15,-0.468257922572654,0.112,0.153,6.32594100128187e-11
"FSIP2-AS2","FSIP2-AS2",2.38656231109689e-15,-0.767802195494731,0.04,0.068,6.38095165117975e-11
"TNS2","TNS2",2.44656756102116e-15,-0.288126896794052,0.127,0.172,6.54138768790228e-11
"FILIP1L","FILIP1L",2.46335759619609e-15,0.688871260024517,0.107,0.073,6.58627920494949e-11
"MIR181A2HG","MIR181A2HG",2.52688509818003e-15,-0.528978135987536,0.122,0.164,6.75613268700394e-11
"NPIPB15","NPIPB15",2.55834131252984e-15,1.02020430163826,0.046,0.024,6.84023716731103e-11
"AZIN2","AZIN2",2.59538500853651e-15,-0.285289348664552,0.176,0.228,6.93928089732408e-11
"ENSG00000249381","ENSG00000249381",2.65942465448042e-15,1.97199718874876,0.014,0.003,7.1105036986843e-11
"ADI1","ADI1",2.7075585137338e-15,-0.440900233620916,0.093,0.131,7.23919919817007e-11
"NUAK2","NUAK2",2.73735534886661e-15,1.13508669418859,0.038,0.018,7.31886699626467e-11
"HM13","HM13",2.74675299906946e-15,0.403152041131769,0.3,0.254,7.343993493612e-11
"ENSG00000263635","ENSG00000263635",2.79683827509076e-15,-2.30984404727497,0.004,0.017,7.47790649611017e-11
"ENSG00000226200","ENSG00000226200",2.91916726769669e-15,-1.06294272551037,0.017,0.037,7.80497752364064e-11
"WARS2","WARS2",2.96341814181149e-15,-0.60194499155488,0.068,0.102,7.92329108576138e-11
"ENSG00000276612","ENSG00000276612",3.00424943467962e-15,1.0607397746239,0.039,0.019,8.03246171350291e-11
"ZNF592","ZNF592",3.02726264288078e-15,0.436712932608661,0.238,0.192,8.09399212827034e-11
"CCDC18","CCDC18",3.08889314842848e-15,0.652493221255038,0.108,0.074,8.25877361095322e-11
"NUDT12","NUDT12",3.12712080165609e-15,-0.610786420457601,0.046,0.075,8.36098288738788e-11
"MRTFA","MRTFA",3.13378822750367e-15,0.309145803429594,0.499,0.458,8.37880958387657e-11
"SLC25A53","SLC25A53",3.24876067171079e-15,0.448669401788875,0.18,0.138,8.68621140795315e-11
"ALG14","ALG14",3.3176298988592e-15,-0.487179775707612,0.122,0.163,8.87034706057983e-11
"PEPD","PEPD",3.41392591173602e-15,0.421860862397976,0.229,0.183,9.12781371020861e-11
"ADRB2","ADRB2",3.47925980883365e-15,1.25423249963164,0.025,0.01,9.30249695087853e-11
"TICAM1","TICAM1",3.74467226505622e-15,1.17263207469318,0.037,0.018,1.00121302350808e-10
"TJAP1","TJAP1",3.78573815363646e-15,-0.285737844454585,0.273,0.329,1.01219281013778e-10
"CCR5","CCR5",3.97267752025209e-15,2.36007745340254,0.011,0.002,1.0621747885898e-10
"ARHGAP17","ARHGAP17",3.98869649046601e-15,0.329942590153604,0.443,0.402,1.0664577806559e-10
"GIMAP7","GIMAP7",4.00515787954979e-15,1.58662971830889,0.019,0.006,1.07085906225523e-10
"VPS8","VPS8",4.05527453550333e-15,0.308674663083915,0.542,0.504,1.08425875255753e-10
"ATOH8","ATOH8",4.07718959352561e-15,0.679795410746623,0.085,0.055,1.09011818162094e-10
"RAB6A","RAB6A",4.08423291968808e-15,-0.202758525617962,0.429,0.489,1.092001355737e-10
"MCRIP2","MCRIP2",4.39226507315296e-15,0.904942642252257,0.054,0.03,1.17435991260891e-10
"ACOT11","ACOT11",4.41415130791794e-15,0.573698780560278,0.139,0.101,1.18021163519802e-10
"SLC38A10","SLC38A10",4.48328669509824e-15,0.453726499107138,0.231,0.186,1.19869636366842e-10
"TRMT1","TRMT1",4.54343944922511e-15,0.548522105330475,0.114,0.079,1.21477940553932e-10
"GKAP1","GKAP1",4.5911246890056e-15,0.359997930709624,0.288,0.239,1.22752900809943e-10
"GLIPR2","GLIPR2",4.66953420160572e-15,-0.451288013675993,0.113,0.154,1.24849335948332e-10
"TMEM51-AS1","TMEM51-AS1",4.67719961075487e-15,1.47687155880596,0.019,0.006,1.25054285992753e-10
"ENSG00000125122","ENSG00000125122",4.68196642592532e-15,-0.711605602770446,0.042,0.07,1.25181736329965e-10
"ENSG00000229491","ENSG00000229491",4.68246874208773e-15,-1.7724807573079,0.01,0.026,1.251951667572e-10
"SLC25A46","SLC25A46",4.71852833273602e-15,-0.25558938313175,0.252,0.306,1.26159292032363e-10
"RABEPK","RABEPK",4.79363075384008e-15,-0.489093674128344,0.086,0.123,1.28167305465422e-10
"CAV3","CAV3",4.80533562968896e-15,1.36286137718641,0.03,0.013,1.28480258730994e-10
"ENSG00000255968","ENSG00000255968",4.8365839790959e-15,1.10338908971902,0.031,0.014,1.29315745849087e-10
"BRI3","BRI3",4.94176686962536e-15,0.453828752039713,0.271,0.226,1.32128020793173e-10
"TRMT2B","TRMT2B",5.12307270981625e-15,0.826824160128277,0.077,0.049,1.36975595042357e-10
"ENSG00000260071","ENSG00000260071",5.13649426634208e-15,-0.730237489042371,0.032,0.056,1.37334447199188e-10
"TOP3B","TOP3B",5.15871478825011e-15,0.714847440115026,0.083,0.053,1.37928557293443e-10
"FAS","FAS",5.17919330707735e-15,1.35940589630374,0.02,0.007,1.38476091451327e-10
"MEIS2","MEIS2",5.19780892157953e-15,-0.162394120973693,0.326,0.394,1.38973817136272e-10
"CREG1","CREG1",5.224034319979e-15,0.454078202806486,0.136,0.098,1.39675005613279e-10
"RCBTB1","RCBTB1",5.30023769010106e-15,-0.286589756200384,0.253,0.306,1.41712455120232e-10
"SERPING1","SERPING1",5.3225888924268e-15,0.870174573081533,0.051,0.028,1.42310059216815e-10
"PTBP1","PTBP1",5.33525638016081e-15,0.474308721124772,0.155,0.115,1.4264874983636e-10
"SLC60A2","SLC60A2",5.36700351797605e-15,0.999326389354621,0.061,0.036,1.43497573060126e-10
"COL18A1","COL18A1",5.42001933801236e-15,-0.513551524369948,0.252,0.294,1.44915057040436e-10
"LOC105375635","LOC105375635",5.47388071590225e-15,-1.42895749129443,0.016,0.034,1.46355148701078e-10
"ENSG00000235880","ENSG00000235880",5.59950357266171e-15,2.3454585488681,0.01,0.001,1.49713927022256e-10
"VSTM4","VSTM4",5.62629468780628e-15,-0.547110386380107,0.079,0.114,1.50430241067876e-10
"GREB1L-AS1","GREB1L-AS1",5.66052788206573e-15,-1.47697336589238,0.008,0.024,1.51345533982791e-10
"IRF2BPL","IRF2BPL",5.85766826574321e-15,0.751190704523617,0.085,0.055,1.56616476421176e-10
"ENSG00000254604","ENSG00000254604",5.95837789479914e-15,0.481444800763138,0.129,0.092,1.59309149773245e-10
"COQ4","COQ4",6.06258742857611e-15,-0.509206538060251,0.099,0.137,1.62095400077839e-10
"SLC16A1","SLC16A1",6.11547138501361e-15,-0.730425631642742,0.064,0.096,1.63509358421109e-10
"ENSG00000228392","ENSG00000228392",6.14628272633284e-15,-1.52963714439246,0.009,0.025,1.64333161253961e-10
"LHPP","LHPP",6.16522504210078e-15,-0.207143772352334,0.325,0.389,1.64839621950649e-10
"PGP","PGP",6.24547265180458e-15,0.445433159425126,0.187,0.144,1.66985202291299e-10
"RIPK2","RIPK2",6.30152208754129e-15,0.60254895882013,0.12,0.084,1.68483796054592e-10
"ADGRE1","ADGRE1",6.36162409008516e-15,1.75420119401286,0.018,0.005,1.70090743296607e-10
"ZSWIM5","ZSWIM5",6.4812251514068e-15,-0.252397052287386,0.299,0.358,1.73288516873164e-10
"PAK2","PAK2",6.51962154424398e-15,0.269722793380132,0.49,0.442,1.74315121228451e-10
"GFPT1","GFPT1",6.60329632803129e-15,0.426151490822762,0.228,0.183,1.76552333922573e-10
"RNF6","RNF6",6.64089363826678e-15,0.631928801708899,0.1,0.067,1.77557573206339e-10
"FAM151B","FAM151B",6.64900393768409e-15,0.664189638395417,0.079,0.05,1.77774418281859e-10
"ENSG00000231113","ENSG00000231113",6.66217741907811e-15,0.810936359538669,0.067,0.041,1.78126637653891e-10
"HLX","HLX",6.72500908895213e-15,1.55640813966512,0.016,0.004,1.79806568011313e-10
"KCMF1","KCMF1",6.92325593759805e-15,0.396799507397528,0.28,0.233,1.85107094003559e-10
"ABTB2","ABTB2",7.06859432107736e-15,-0.272697142145024,0.304,0.36,1.88993006362645e-10
"PTPN22","PTPN22",7.18923199802661e-15,1.14679083236448,0.03,0.013,1.92218495931238e-10
"GASK1B","GASK1B",7.74449796462222e-15,0.663382336337936,0.081,0.052,2.07064642080104e-10
"ENSG00000263335","ENSG00000263335",7.78390824631955e-15,-0.716346226572803,0.031,0.056,2.08118354781846e-10
"HEY2-AS1","HEY2-AS1",7.83204331428433e-15,-1.06868900796246,0.023,0.044,2.0940534209402e-10
"PHLDA3","PHLDA3",7.94159492279205e-15,-0.316725533698542,0.195,0.246,2.12334423450691e-10
"RAB7A","RAB7A",7.97729816387284e-15,0.300602117480429,0.493,0.456,2.13289021007468e-10
"LTA4H","LTA4H",7.99363398746328e-15,0.675302460040798,0.138,0.101,2.13725791922806e-10
"PTPRC-AS1","PTPRC-AS1",8.44038042360021e-15,1.59568383614914,0.013,0.003,2.25670451385799e-10
"ENSG00000253766","ENSG00000253766",9.02273781198188e-15,-1.03419891649777,0.029,0.053,2.41240940878959e-10
"ABCC6","ABCC6",9.74222884652436e-15,1.4492175684877,0.023,0.008,2.60477972669522e-10
"KLHL17","KLHL17",9.8148514292408e-15,1.4934269184757,0.021,0.007,2.62419682663611e-10
"VPS13C","VPS13C",1.00608722962081e-14,0.175817209626782,0.75,0.728,2.68997542583717e-10
"MMD2","MMD2",1.00866616998124e-14,-0.551767303012343,0.091,0.128,2.69687073867884e-10
"CALCOCO2","CALCOCO2",1.0103409543772e-14,0.395670989375337,0.26,0.213,2.70134860971831e-10
"ARMC10","ARMC10",1.0247017838346e-14,-0.367525179595917,0.147,0.193,2.73974515943858e-10
"ENSG00000243155","ENSG00000243155",1.06870657093973e-14,0.826720171836124,0.06,0.035,2.85740075872156e-10
"ENSG00000246560","ENSG00000246560",1.0762382536475e-14,0.604183499624453,0.126,0.091,2.87753821877732e-10
"ENSG00000261833","ENSG00000261833",1.08722654901572e-14,-0.543918412912991,0.085,0.121,2.90691762410332e-10
"NDUFAF3","NDUFAF3",1.09108369395308e-14,-0.503548984383567,0.091,0.129,2.91723047252234e-10
"CAP1","CAP1",1.10405374178046e-14,0.443462756936878,0.265,0.221,2.95190848939841e-10
"SCAF11","SCAF11",1.10570125814618e-14,0.256135653572545,0.58,0.545,2.95631345390545e-10
"CASP5","CASP5",1.10862696392064e-14,2.03858530981475,0.013,0.003,2.96413591343463e-10
"KCNE1","KCNE1",1.23909580605999e-14,1.54940478166497,0.04,0.02,3.31297045666261e-10
"SGCB","SGCB",1.24377183597347e-14,-0.382717921908365,0.131,0.175,3.32547275784227e-10
"IGSF10","IGSF10",1.25458902949389e-14,1.30262760634276,0.023,0.008,3.3543946881578e-10
"SEC61A1","SEC61A1",1.25611464867792e-14,0.402931415745204,0.194,0.15,3.35847373617016e-10
"TLE1-DT","TLE1-DT",1.2598165260148e-14,-0.728870391325042,0.04,0.067,3.36837144560578e-10
"SCAMP2","SCAMP2",1.27988953938453e-14,0.411740208727,0.215,0.17,3.42204066145243e-10
"ZNF562","ZNF562",1.34678622688689e-14,0.464550236424648,0.216,0.172,3.60090233482748e-10
"SCMH1-DT","SCMH1-DT",1.34942002280225e-14,1.36550063460332,0.03,0.013,3.60794431496637e-10
"ENSG00000230649","ENSG00000230649",1.35152811889248e-14,0.737536023684898,0.036,0.017,3.61358073148281e-10
"MAP4K1","MAP4K1",1.36298245462147e-14,1.27944509006339,0.024,0.01,3.64420618892141e-10
"ALKBH3","ALKBH3",1.40187900971764e-14,-0.403881778543756,0.092,0.129,3.74820390828205e-10
"RPRD1B","RPRD1B",1.42563683472975e-14,-0.333260832867406,0.188,0.237,3.81172520501694e-10
"TMEM8B","TMEM8B",1.4497705992786e-14,-0.618238946180001,0.061,0.092,3.8762516512912e-10
"RASGRP4","RASGRP4",1.46190903242442e-14,1.11830565908757,0.024,0.009,3.90870617999317e-10
"HEXB","HEXB",1.46733133166983e-14,0.575514048626517,0.135,0.099,3.92320378148563e-10
"ATP6V1E1","ATP6V1E1",1.49309813501671e-14,-0.317391172662183,0.181,0.229,3.99209648359418e-10
"MYDGF","MYDGF",1.54639300831201e-14,0.599972578825034,0.135,0.099,4.13459098632383e-10
"ACAP3","ACAP3",1.5736975473442e-14,-0.285238958993536,0.233,0.286,4.20759513233419e-10
"GNB1","GNB1",1.57408090198852e-14,0.216837335983103,0.607,0.58,4.2086201076467e-10
"GPR161","GPR161",1.58613564383578e-14,1.28660719921748,0.037,0.018,4.24085087092372e-10
"CLPB","CLPB",1.59424604304335e-14,0.559038530181423,0.176,0.136,4.262535645285e-10
"CDV3","CDV3",1.61658802140527e-14,0.52746563792108,0.144,0.106,4.32227139283126e-10
"ENSG00000233695","ENSG00000233695",1.62789091091291e-14,0.733401988105844,0.048,0.026,4.35249192850785e-10
"ENSG00000271857","ENSG00000271857",1.6398895566605e-14,1.33260018740542,0.021,0.007,4.38457270764318e-10
"PHF3","PHF3",1.68972801986744e-14,0.230017771099233,0.573,0.534,4.51782580671958e-10
"ZNF577","ZNF577",1.69098068368049e-14,-0.336192955323005,0.238,0.288,4.52117505395653e-10
"ENSG00000259604","ENSG00000259604",1.72385451737437e-14,-0.581728008355094,0.059,0.09,4.60906982310385e-10
"CCDC62","CCDC62",1.72413200006568e-14,0.787911957656274,0.083,0.054,4.60981172857562e-10
"MCL1","MCL1",1.74575316885192e-14,0.569510949235599,0.122,0.087,4.66762024755937e-10
"NAAA","NAAA",1.74620606911322e-14,0.771294089126949,0.076,0.048,4.66883116698803e-10
"MTUS1-DT","MTUS1-DT",1.77521529657936e-14,-0.593560321524997,0.123,0.162,4.74639313846424e-10
"LINC02712","LINC02712",1.784588760982e-14,0.548442902910208,0.074,0.046,4.77145497023758e-10
"INF2","INF2",1.7951163112444e-14,-0.209203612553075,0.34,0.403,4.79960248137415e-10
"P4HA2","P4HA2",1.8360220237521e-14,0.9954985597058,0.028,0.012,4.90897208490598e-10
"CPNE2","CPNE2",1.86687638245605e-14,-0.167955582057183,0.35,0.413,4.99146738377274e-10
"GIPC2","GIPC2",1.86694169292015e-14,0.629809998708828,0.108,0.075,4.99164200436062e-10
"ZHX3","ZHX3",1.87981986764589e-14,-0.16555835993759,0.453,0.519,5.02607438012483e-10
"GAL3ST1","GAL3ST1",1.90067546990571e-14,-0.336682121876583,0.168,0.215,5.08183600388691e-10
"CSF2RB","CSF2RB",1.96024348795464e-14,1.24365763010095,0.02,0.007,5.24110301374432e-10
"RAP2A","RAP2A",1.97410964879142e-14,0.496879727540733,0.236,0.192,5.27817696797362e-10
"UBQLN1","UBQLN1",2.0122530946214e-14,0.352180839262065,0.34,0.292,5.38016109908925e-10
"HSD11B1","HSD11B1",2.03363070584859e-14,-0.507349960023572,0.04,0.067,5.43731841822738e-10
"TMEM128","TMEM128",2.05556009398465e-14,-0.575367407176252,0.059,0.09,5.49595102328676e-10
"EEF1A2","EEF1A2",2.07791093372721e-14,-0.690482830438119,0.043,0.07,5.55571046350645e-10
"NDRG2","NDRG2",2.0925851518579e-14,-0.185602107901185,0.413,0.474,5.59494492052248e-10
"PEX7","PEX7",2.10807740337545e-14,-0.474850149003071,0.08,0.115,5.63636655340494e-10
"ZGRF1","ZGRF1",2.13779435677974e-14,-0.466289425773281,0.087,0.124,5.715820771722e-10
"SLC10A1","SLC10A1",2.20249000707202e-14,1.23616902653506,0.022,0.008,5.88879753190847e-10
"ENSG00000236209","ENSG00000236209",2.23630989752577e-14,-1.97751027862509,0.003,0.014,5.97922177301464e-10
"LINC01266","LINC01266",2.23789157156303e-14,-0.646441985641947,0.076,0.109,5.98345069488807e-10
"CTNNBIP1","CTNNBIP1",2.24311004544712e-14,-0.34348700635675,0.127,0.17,5.99740332851195e-10
"SCAMP5","SCAMP5",2.26922843327024e-14,-0.362244833915659,0.149,0.194,6.06723606203465e-10
"TAF11","TAF11",2.30360662045667e-14,-0.349733320264514,0.126,0.168,6.159153021115e-10
"EFHB","EFHB",2.30771846493962e-14,-0.953384808166572,0.022,0.043,6.17014685970906e-10
"IMPDH1","IMPDH1",2.36230489313858e-14,1.06273261976529,0.035,0.017,6.31609459278462e-10
"ENSG00000251488","ENSG00000251488",2.42547344302489e-14,-0.624249285972281,0.063,0.095,6.48498834461566e-10
"ENSG00000255031","ENSG00000255031",2.56820244150366e-14,1.73557632990043,0.015,0.004,6.86660286784833e-10
"COPG2","COPG2",2.59157582089792e-14,-0.426901672201973,0.169,0.214,6.92909627233476e-10
"CACNA1E","CACNA1E",2.62326348320352e-14,-0.783828659727021,0.061,0.091,7.01381957504126e-10
"STAT2","STAT2",2.62819496490555e-14,-0.282507555803142,0.331,0.383,7.02700487766796e-10
"RAB9A","RAB9A",2.64171908954309e-14,0.497326994995388,0.193,0.152,7.06316432971136e-10
"RBM33","RBM33",2.68914230394634e-14,0.222520180074654,0.567,0.527,7.18995977806132e-10
"MFSD2A","MFSD2A",2.83657036342e-14,1.21862598095668,0.026,0.01,7.58413818067606e-10
"BCL2L11","BCL2L11",2.89185187509217e-14,0.734520459306732,0.084,0.055,7.73194435843394e-10
"PTGR3","PTGR3",2.92978549162181e-14,0.45671242749562,0.179,0.138,7.83336746894923e-10
"PIGN","PIGN",3.01809548999918e-14,-0.222595449487119,0.339,0.396,8.0694819116108e-10
"MSH2","MSH2",3.01990331772e-14,-0.302942518631682,0.214,0.265,8.07431550058797e-10
"CORO1C","CORO1C",3.08686168993184e-14,0.340724213727904,0.39,0.344,8.25334210037075e-10
"U2SURP","U2SURP",3.12508708798135e-14,-0.194785553619064,0.427,0.487,8.35554534713574e-10
"ALDH7A1","ALDH7A1",3.13341788239062e-14,-0.351771728663934,0.162,0.208,8.37781939214781e-10
"C15orf40","C15orf40",3.14368964628158e-14,-0.495783325399442,0.097,0.134,8.40528300726306e-10
"DDB2","DDB2",3.2131584893184e-14,0.461218139675782,0.137,0.1,8.59102185289061e-10
"ADCY3","ADCY3",3.3697080987655e-14,-0.411227274530711,0.151,0.194,9.00958854366933e-10
"NFIB","NFIB",3.42563908512279e-14,-0.109801182610404,0.447,0.529,9.1591312218928e-10
"PTPRG","PTPRG",3.53144118725999e-14,0.419494146860345,0.242,0.195,9.44201430237703e-10
"LOC105378305","LOC105378305",3.54269829690235e-14,1.26623795400847,0.019,0.007,9.4721124364278e-10
"CNOT4","CNOT4",3.56449184310937e-14,0.263214892185885,0.49,0.447,9.53038184092152e-10
"LMO4","LMO4",3.60388674489198e-14,0.479910864659459,0.197,0.156,9.6357119898177e-10
"MAP3K3","MAP3K3",3.63320309688857e-14,0.3523012383299,0.362,0.317,9.71409512015098e-10
"SPATS2","SPATS2",3.63883021805084e-14,0.377480155747782,0.225,0.179,9.72914035400252e-10
"B4GALNT4","B4GALNT4",3.78145935032299e-14,0.604879672528299,0.133,0.097,1.01104878649586e-09
"NDST3","NDST3",3.79107275200582e-14,-1.35799644430496,0.016,0.034,1.0136191217038e-09
"SLC38A9","SLC38A9",3.87352047217872e-14,-0.269974342337309,0.365,0.42,1.03566316864642e-09
"IQCK","IQCK",3.93206159294908e-14,-0.307627584687717,0.22,0.27,1.05131530810679e-09
"HHAT","HHAT",4.06077859277983e-14,-0.396709819842599,0.056,0.087,1.08573037235154e-09
"ATP6V1D","ATP6V1D",4.0893245466184e-14,-0.417579586148401,0.123,0.163,1.09336270402936e-09
"NAA20","NAA20",4.12609592636976e-14,0.590818083363104,0.159,0.121,1.10319426783348e-09
"MAPKBP1","MAPKBP1",4.32282561121398e-14,0.397413306517195,0.271,0.226,1.15579388367028e-09
"SDC2","SDC2",4.37199463282248e-14,1.099368689393,0.033,0.015,1.16894020497775e-09
"ENSG00000257221","ENSG00000257221",4.3952356330663e-14,1.3372852390499,0.018,0.006,1.17515415121294e-09
"ME2","ME2",4.51226730839791e-14,0.392893573131839,0.279,0.235,1.20644491024635e-09
"FN3K","FN3K",4.63040745459465e-14,-0.416846360679705,0.107,0.147,1.23803204113497e-09
"TRAF2","TRAF2",4.6532841929576e-14,0.763953420987382,0.073,0.046,1.24414859467107e-09
"MPP1","MPP1",4.85084176690465e-14,0.691805151844178,0.086,0.057,1.2969695632173e-09
"LMBR1L","LMBR1L",4.86863050793944e-14,0.578016967585177,0.131,0.096,1.30172573890777e-09
"PGM2","PGM2",5.02854604618958e-14,0.997703549515562,0.043,0.023,1.34448235636971e-09
"KHDC1-AS1","KHDC1-AS1",5.03868314189256e-14,-0.459220396932285,0.082,0.116,1.34719271164781e-09
"KCND3","KCND3",5.16734491173051e-14,-0.27973138897658,0.129,0.172,1.38159300904939e-09
"EML5","EML5",5.22878065220425e-14,-0.449226439587722,0.136,0.178,1.39801908297985e-09
"TRIM23","TRIM23",5.2911907292387e-14,-0.347825912461868,0.165,0.21,1.41470566527655e-09
"LOC101927560","LOC101927560",5.3723845339483e-14,-0.806604555698292,0.047,0.074,1.43641445284176e-09
"TREML1","TREML1",5.45259797108191e-14,1.33685063830466,0.023,0.009,1.45786111952817e-09
"PDZD2","PDZD2",5.55471873215184e-14,-0.147700680526735,0.361,0.424,1.48516514741544e-09
"SH3PXD2A","SH3PXD2A",5.56347217001159e-14,-0.216151700658991,0.329,0.388,1.487505554096e-09
"ZC2HC1A","ZC2HC1A",6.2794082053866e-14,-0.324445964628372,0.182,0.23,1.67892537187421e-09
"NPB","NPB",6.32545681782471e-14,-1.20076421993601,0.012,0.028,1.69123738938179e-09
"C1orf122","C1orf122",6.34531464149941e-14,-0.325018137859207,0.185,0.233,1.6965467756977e-09
"ZNF675","ZNF675",6.45040340777912e-14,0.522999128529129,0.138,0.101,1.7246443591379e-09
"PSMB9","PSMB9",6.46359352081239e-14,0.734837217009468,0.085,0.056,1.72817099965961e-09
"GPALPP1","GPALPP1",6.59375336275351e-14,-0.31839597143268,0.198,0.247,1.76297183659941e-09
"TEP1","TEP1",6.70061403344546e-14,0.664667459773803,0.088,0.059,1.79154317412231e-09
"NKAIN1","NKAIN1",6.93244402702577e-14,-0.466089550269042,0.092,0.129,1.85352755950588e-09
"DYNLT1","DYNLT1",6.98652980717742e-14,0.502047730931351,0.137,0.101,1.86798847454503e-09
"CCT6A","CCT6A",7.09338179516003e-14,0.507598119497387,0.147,0.11,1.89655749057194e-09
"MTFR1","MTFR1",7.1140530744696e-14,0.409785903901137,0.262,0.217,1.90208437052094e-09
"SLC47A1","SLC47A1",7.11534807282825e-14,0.85998045521816,0.059,0.035,1.90243061423209e-09
"RSPRY1","RSPRY1",7.20477491044748e-14,-0.274377269974247,0.19,0.239,1.92634066780634e-09
"ENSG00000240553","ENSG00000240553",7.29450598019598e-14,1.02129961405953,0.05,0.028,1.950332063925e-09
"GAL3ST4","GAL3ST4",7.87294313463154e-14,0.912010802498355,0.048,0.027,2.10498880590643e-09
"NRIP2","NRIP2",7.95734587975709e-14,0.929237230013253,0.041,0.022,2.12755556787065e-09
"SBF1","SBF1",8.03584438551297e-14,-0.386131102406359,0.14,0.182,2.1485437133546e-09
"USF2","USF2",8.61640884631112e-14,0.382225990567056,0.236,0.192,2.3037692332382e-09
"USP32","USP32",8.63382864562687e-14,0.257483849542435,0.663,0.654,2.30842676498126e-09
"HLCS","HLCS",8.64873574948107e-14,-0.311259601543913,0.285,0.337,2.31241247733875e-09
"ARRDC3","ARRDC3",8.76704859641685e-14,-0.415600542327759,0.142,0.184,2.34404578322397e-09
"MARCHF10-AS1","MARCHF10-AS1",8.80125315579463e-14,-0.56091376231437,0.074,0.106,2.35319105626481e-09
"EDF1","EDF1",8.91741807268276e-14,-0.330928803207088,0.191,0.238,2.38425007009319e-09
"TIRAP-AS1","TIRAP-AS1",9.19794011783293e-14,1.36735706947556,0.027,0.011,2.45925324930499e-09
"DEXI","DEXI",9.32682361893591e-14,0.571669881602098,0.096,0.066,2.49371283099489e-09
"APOBR","APOBR",9.49282189380489e-14,0.971044513769927,0.025,0.01,2.53809578974661e-09
"EIF4A2","EIF4A2",9.69226814401151e-14,0.344508103789895,0.327,0.281,2.59142173366436e-09
"AGBL4","AGBL4",9.85642266034814e-14,-0.559338498365602,0.098,0.134,2.63531172669728e-09
"ANGPTL2","ANGPTL2",9.94498755877289e-14,-0.445019473595642,0.094,0.131,2.65899132358911e-09
"TRMT61B","TRMT61B",1.0216963889888e-13,-0.418194538691553,0.113,0.152,2.73170963523937e-09
"ZZZ3","ZZZ3",1.02372015054393e-13,-0.16781945051788,0.559,0.616,2.7371205665093e-09
"SHANK2","SHANK2",1.04390543892726e-13,-0.765682011405078,0.048,0.075,2.79108997205981e-09
"CDH2","CDH2",1.04922897448555e-13,-0.257662258169068,0.301,0.356,2.80532350908203e-09
"ZNF302","ZNF302",1.07869089870585e-13,-0.272157987616292,0.229,0.281,2.88409585586984e-09
"PLEKHM2","PLEKHM2",1.08648744140149e-13,0.433171909679058,0.202,0.16,2.90494147207517e-09
"TSNARE1","TSNARE1",1.0889820989765e-13,0.448990656452752,0.183,0.143,2.91161143803347e-09
"GNAO1-DT","GNAO1-DT",1.09118222460569e-13,-0.491726995751075,0.063,0.094,2.91749391392824e-09
"SLC16A1-AS1","SLC16A1-AS1",1.0947035721351e-13,-0.259055795343936,0.338,0.39,2.92690894081763e-09
"ARL13B","ARL13B",1.09814765728421e-13,-0.259146428376962,0.149,0.194,2.9361173912808e-09
"ITPKC","ITPKC",1.10075426356829e-13,0.71823109176499,0.082,0.054,2.94308667450254e-09
"FARSB","FARSB",1.10486012941816e-13,-0.351188816497924,0.169,0.214,2.95406452802533e-09
"TRDMT1","TRDMT1",1.10736041706489e-13,-0.633179710682009,0.052,0.081,2.9607495471064e-09
"ENSG00000256717","ENSG00000256717",1.10900960358101e-13,1.41769026924293,0.025,0.01,2.96515897709455e-09
"LINC02987","LINC02987",1.18228095822406e-13,-0.53560670016314,0.068,0.1,3.16106459800366e-09
"PACC1","PACC1",1.18348330915427e-13,-0.308809040993532,0.195,0.242,3.16427932368576e-09
"RGS7","RGS7",1.2088885538491e-13,-0.305147978487676,0.264,0.314,3.23220532642635e-09
"LINC02576","LINC02576",1.20944792622467e-13,1.77821749731144,0.017,0.006,3.23370092034691e-09
"SLC25A21-AS1","SLC25A21-AS1",1.23576788047367e-13,-1.23754648190732,0.011,0.026,3.30407258202246e-09
"TNFAIP2","TNFAIP2",1.24906479699529e-13,0.799134215966845,0.043,0.023,3.33962454772631e-09
"TMEM106C","TMEM106C",1.27062178450714e-13,1.27576155061715,0.03,0.014,3.39726146523675e-09
"PACRG-AS1","PACRG-AS1",1.27205506702737e-13,-0.975923916274988,0.032,0.055,3.40109363271107e-09
"NETO2","NETO2",1.27422695851144e-13,0.694882683743391,0.097,0.067,3.40690061897203e-09
"CARD9","CARD9",1.28798368073769e-13,0.77351648947897,0.031,0.014,3.44368196718837e-09
"ENSG00000233895","ENSG00000233895",1.29528491880186e-13,-0.33649097452687,0.135,0.176,3.46320328740054e-09
"DGKA","DGKA",1.3705787515292e-13,0.701647520533935,0.075,0.048,3.66451640796361e-09
"DCUN1D2","DCUN1D2",1.4025045092217e-13,-0.319421088175941,0.168,0.213,3.74987630630607e-09
"JUP","JUP",1.40547875342332e-13,-0.485471118905853,0.095,0.13,3.75782854302793e-09
"SDCBP2-AS1","SDCBP2-AS1",1.41054278413226e-13,-0.497487177835766,0.088,0.123,3.77136824193443e-09
"ZNF215","ZNF215",1.42490288005351e-13,2.33686265074925,0.012,0.002,3.80976283039906e-09
"CCDC73","CCDC73",1.43176066754722e-13,1.16881337273044,0.038,0.019,3.828098496821e-09
"ENSG00000230131","ENSG00000230131",1.43448771137437e-13,1.63129683901883,0.019,0.006,3.83538979390166e-09
"CASD1","CASD1",1.47459922959588e-13,-0.225452651847604,0.349,0.403,3.94263596017051e-09
"CGGBP1","CGGBP1",1.48902104485012e-13,0.29896217723176,0.325,0.275,3.98119556761576e-09
"TMEM39A","TMEM39A",1.49898117385957e-13,0.557351606731014,0.151,0.115,4.00782596454834e-09
"LCNL1","LCNL1",1.5018151667174e-13,-0.698085240263171,0.04,0.066,4.01540321125232e-09
"GLS","GLS",1.5085328413048e-13,0.301523206825975,0.499,0.463,4.03336425779663e-09
"ANKRD10","ANKRD10",1.5189070865845e-13,0.34447787918899,0.587,0.569,4.06110187740097e-09
"PPP1CB","PPP1CB",1.52800486822874e-13,0.45826049464084,0.215,0.174,4.08542661618319e-09
"TBC1D13","TBC1D13",1.54374845924144e-13,-0.345816779520012,0.122,0.162,4.12752025547383e-09
"SLC16A4","SLC16A4",1.56008709319284e-13,0.909643148471288,0.038,0.019,4.17120486106969e-09
"SPAG6","SPAG6",1.62252039276045e-13,-0.757917231768634,0.032,0.056,4.33813277412362e-09
"ATPAF2","ATPAF2",1.63430281235308e-13,0.610664938960976,0.126,0.092,4.36963542938843e-09
"CDC42EP2","CDC42EP2",1.65228685146801e-13,-0.64663028063232,0.061,0.091,4.41771935477003e-09
"ADAP1","ADAP1",1.68081494667041e-13,-0.42176298024203,0.132,0.173,4.49399492291268e-09
"USP11","USP11",1.75190968472386e-13,-0.34657354309121,0.159,0.202,4.68408092404619e-09
"SLC25A43","SLC25A43",1.80477695365639e-13,0.722359592226139,0.09,0.061,4.82543214099108e-09
"EFHC1","EFHC1",1.80876271933913e-13,-0.434958938703493,0.125,0.164,4.83608888269703e-09
"MOB3A","MOB3A",1.81544719098926e-13,0.56869352775448,0.127,0.093,4.85396115454798e-09
"CERK","CERK",1.81856074774083e-13,0.479833768209703,0.129,0.094,4.86228587123465e-09
"MROH1","MROH1",1.82681186212055e-13,0.593423283142023,0.121,0.087,4.88434687575172e-09
"ENSG00000234147","ENSG00000234147",1.82872992530261e-13,2.10015717052305,0.011,0.002,4.8894752012816e-09
"ABCC1","ABCC1",1.83354234431373e-13,0.515390655819089,0.176,0.138,4.90234216599162e-09
"ENSG00000281883","ENSG00000281883",1.84962053793195e-13,-0.639983022633714,0.041,0.067,4.94533043226865e-09
"TMX4","TMX4",1.87248656560896e-13,-0.297852895685424,0.113,0.153,5.00646733046868e-09
"BTN3A3","BTN3A3",1.89089029673268e-13,1.00473537976552,0.037,0.018,5.05567338637416e-09
"SRP19","SRP19",1.89290551689303e-13,0.425569897218518,0.19,0.149,5.0610614805169e-09
"ENSG00000228679","ENSG00000228679",1.90760874411455e-13,1.19132571678658,0.026,0.011,5.10037349913908e-09
"TRIM27","TRIM27",1.91589970153169e-13,0.441689088878399,0.182,0.143,5.12254103198529e-09
"ENSG00000246451","ENSG00000246451",1.91924306056494e-13,0.823635317121842,0.047,0.027,5.13148017103247e-09
"S100A9","S100A9",1.93227834208834e-13,1.03711175325371,0.023,0.009,5.1663326032416e-09
"BAIAP2L1","BAIAP2L1",1.96663669828458e-13,0.636314437087778,0.163,0.127,5.25819654020348e-09
"ZNF800","ZNF800",1.97223562463748e-13,0.33633525891257,0.346,0.3,5.27316638959323e-09
"SFRP1","SFRP1",1.99400264000911e-13,-0.655255257775526,0.044,0.071,5.33136485859237e-09
"ENSG00000283064","ENSG00000283064",2.01287833364908e-13,1.41633714848566,0.021,0.008,5.38183280067755e-09
"LINC00865","LINC00865",2.01630777104276e-13,1.55719205792761,0.019,0.007,5.39100208743704e-09
"UBAC2","UBAC2",2.04900263773159e-13,0.341388868459697,0.388,0.344,5.47841835250295e-09
"TNIK","TNIK",2.07028124256784e-13,-0.194416653931314,0.391,0.451,5.53531095825364e-09
"MCOLN1","MCOLN1",2.07552786804154e-13,0.647958085741357,0.086,0.057,5.54933886078266e-09
"LOC105376219","LOC105376219",2.12204981077771e-13,0.876901714761915,0.042,0.023,5.67372457907635e-09
"TLCD5","TLCD5",2.12643735292198e-13,-0.49009393420338,0.076,0.109,5.68545555050751e-09
"ENSG00000236021","ENSG00000236021",2.19190707439314e-13,-0.550755593865714,0.05,0.077,5.86050194480494e-09
"RPS27AP5","RPS27AP5",2.233410446468e-13,0.571385485296386,0.078,0.051,5.9714695107215e-09
"DDX24","DDX24",2.26884047093379e-13,-0.265256645980952,0.28,0.331,6.06619876713566e-09
"GADD45B","GADD45B",2.28428889663917e-13,0.711893014558322,0.046,0.026,6.10750322294416e-09
"TP53BP1","TP53BP1",2.35632648272616e-13,-0.281269151390297,0.212,0.26,6.30011011686493e-09
"SEPTIN10","SEPTIN10",2.36101256021844e-13,-0.306052246649336,0.229,0.277,6.31263928225604e-09
"LOC107985688","LOC107985688",2.53477579751764e-13,1.14761773385129,0.027,0.012,6.77723004982291e-09
"DENND5B","DENND5B",2.61615274153305e-13,-0.161494143348123,0.357,0.419,6.99480758503691e-09
"SPINDOC","SPINDOC",2.6313577845128e-13,0.814863182533221,0.065,0.04,7.03546130845186e-09
"NMT2","NMT2",2.63966097460745e-13,0.546589779529205,0.132,0.097,7.05766154780794e-09
"ENSG00000249309","ENSG00000249309",2.75428579326875e-13,2.1852985863015,0.011,0.002,7.36413392546265e-09
"RYK","RYK",2.75763929642832e-13,0.322751600342033,0.338,0.293,7.37310018686041e-09
"STX11","STX11",2.77813231109614e-13,1.18487205019949,0.018,0.006,7.42789236017774e-09
"ENSG00000246225","ENSG00000246225",2.7814177423718e-13,-0.674949767634192,0.035,0.058,7.43667661777948e-09
"LRRCC1","LRRCC1",2.80888310547394e-13,-0.561854510965954,0.053,0.081,7.51011075910566e-09
"POR","POR",2.8601405018213e-13,0.506029081721968,0.13,0.095,7.64715765971961e-09
"CREBL2","CREBL2",2.87809936696524e-13,0.432342631088566,0.195,0.154,7.69517427745496e-09
"ATP13A1","ATP13A1",2.89848713603032e-13,0.650871722470248,0.094,0.065,7.74968505560426e-09
"CEND1","CEND1",2.94248185901177e-13,-0.724637077681061,0.05,0.078,7.86731374643977e-09
"KCNAB1","KCNAB1",2.98990323715513e-13,-0.411560573909726,0.225,0.271,7.99410428518166e-09
"ENSG00000238221","ENSG00000238221",3.00523830251779e-13,0.969721686575863,0.04,0.021,8.0351056494418e-09
"SLC43A2","SLC43A2",3.01088237143227e-13,0.641971426152339,0.115,0.083,8.05019619649845e-09
"TRIM47","TRIM47",3.01816629112645e-13,0.853666017530109,0.058,0.035,8.06967121258478e-09
"UBXN4","UBXN4",3.15351713840975e-13,-0.20224254571382,0.391,0.447,8.43155877296616e-09
"ATXN7L1","ATXN7L1",3.17682503488762e-13,0.322880889854783,0.354,0.31,8.49387709577902e-09
"ENSG00000259753","ENSG00000259753",3.21161395304815e-13,1.53185105367149,0.018,0.006,8.58689222626485e-09
"ENSG00000259380","ENSG00000259380",3.22566965552452e-13,-0.559463252836647,0.069,0.1,8.6244729579759e-09
"CKMT2-AS1","CKMT2-AS1",3.23221021639599e-13,-0.25286217256065,0.245,0.296,8.64196045557797e-09
"AKR1C1","AKR1C1",3.26119947839507e-13,2.64708531121301,0.011,0.002,8.71946904538491e-09
"ZNRD2","ZNRD2",3.33802653455045e-13,-1.27362650826038,0.012,0.028,8.92488154542755e-09
"ABHD8","ABHD8",3.3448538932554e-13,0.915715603067151,0.052,0.03,8.94313585439696e-09
"PSD2","PSD2",3.36710564974905e-13,-0.49901133842262,0.075,0.108,9.00263037573403e-09
"DZANK1","DZANK1",3.4353052354831e-13,-0.518887304325369,0.063,0.093,9.18497560811116e-09
"COMMD6","COMMD6",3.44645205153132e-13,0.550194139996735,0.126,0.093,9.21477885017928e-09
"ZBTB33","ZBTB33",3.64918856813854e-13,0.889637775348636,0.047,0.026,9.75683547463201e-09
"HNRNPC","HNRNPC",3.67685907807495e-13,0.254846385078026,0.593,0.57,9.830818117049e-09
"PPCDC","PPCDC",3.7014569398367e-13,-0.359508831139297,0.185,0.23,9.89658542004138e-09
"DEK","DEK",3.79497254753498e-13,0.322510173295367,0.297,0.25,1.01466181003443e-08
"EEF1B2","EEF1B2",3.79874534045169e-13,0.697239968893498,0.124,0.092,1.01567054167657e-08
"TBL1X","TBL1X",3.86276673914798e-13,-0.228486947776974,0.357,0.413,1.032787943046e-08
"FAM53A","FAM53A",3.94838721892597e-13,-0.526749567346112,0.041,0.066,1.05568029072424e-08
"ADIPOR2","ADIPOR2",3.97934817855159e-13,-0.130552410450904,0.623,0.686,1.06395832249934e-08
"NBPF9","NBPF9",3.98258382722382e-13,0.685662114112745,0.095,0.066,1.06482343788483e-08
"RBPJ","RBPJ",3.98808496014982e-13,-0.118295464233366,0.71,0.771,1.06629427579526e-08
"ZNF14","ZNF14",4.00158829323634e-13,-0.430890089494389,0.074,0.106,1.0699046619626e-08
"LIMK1","LIMK1",4.00294435003067e-13,0.645153604331515,0.084,0.056,1.0702672308677e-08
"ENSG00000273356","ENSG00000273356",4.05346689526605e-13,2.35308865602632,0.011,0.002,1.08377544378728e-08
"MTMR14","MTMR14",4.09639680510375e-13,0.363716739072938,0.221,0.179,1.09525361378059e-08
"ENSG00000279762","ENSG00000279762",4.21354389216715e-13,-1.01262304250998,0.014,0.031,1.12657523044873e-08
"EIF2AK4","EIF2AK4",4.30849496348549e-13,0.339072199884532,0.265,0.221,1.15196229838711e-08
"SIPA1L3","SIPA1L3",4.42995510865886e-13,0.223783644201252,0.489,0.445,1.18443709740212e-08
"SPOUT1","SPOUT1",4.48299909106065e-13,0.563008136343996,0.078,0.051,1.19861946697689e-08
"RIN2","RIN2",4.49764470324594e-13,0.284924469200062,0.543,0.508,1.20253526430687e-08
"FFAR1","FFAR1",4.56784671983558e-13,-1.60896418003477,0.007,0.019,1.22130517748244e-08
"C5AR2","C5AR2",4.70667634233198e-13,1.09152040509575,0.024,0.01,1.2584240536493e-08
"TRPC5","TRPC5",4.7983949959234e-13,1.20964661921544,0.049,0.029,1.28294687006004e-08
"RSRP1","RSRP1",4.87914090196271e-13,-0.151556230124972,0.535,0.581,1.30453590295777e-08
"ARHGEF12","ARHGEF12",5.01741365701766e-13,0.279358071798788,0.343,0.294,1.34150588947681e-08
"RASGRP2","RASGRP2",5.13916502980525e-13,1.28045264178531,0.031,0.015,1.37405855401903e-08
"ENSG00000244198","ENSG00000244198",5.28883995349492e-13,1.34835495668549,0.019,0.007,1.41407713836594e-08
"TPM1","TPM1",5.3481606334052e-13,0.440353159060913,0.14,0.103,1.42993770855355e-08
"H2AZ1","H2AZ1",5.39052164733949e-13,0.616440326849667,0.098,0.068,1.44126377284916e-08
"MFSD12","MFSD12",5.42646205422087e-13,0.424126838199709,0.195,0.154,1.45087315943703e-08
"IQUB","IQUB",5.45588122989271e-13,1.13241354236096,0.031,0.014,1.45873896443641e-08
"CYB561D1","CYB561D1",5.5446955588168e-13,0.739278518250437,0.065,0.041,1.48248525156085e-08
"JPH1","JPH1",5.64399727045958e-13,-0.808401504192819,0.034,0.058,1.50903555020278e-08
"WWC2","WWC2",5.68560047766606e-13,0.406206653533426,0.329,0.289,1.52015899971357e-08
"ZNF606","ZNF606",5.7069714845838e-13,-0.506418554351107,0.067,0.097,1.52587296583317e-08
"PACSIN3","PACSIN3",5.78067857654927e-13,-0.735502076036887,0.037,0.061,1.54558003101198e-08
"HMBOX1","HMBOX1",5.82170167229044e-13,0.248609699822264,0.513,0.473,1.5565483761203e-08
"TMEM170B","TMEM170B",5.99424488720827e-13,0.529912529512728,0.157,0.12,1.60268125549287e-08
"LOC124904039","LOC124904039",6.08918732451368e-13,-0.600119673549235,0.041,0.066,1.62806601495522e-08
"LINC00968","LINC00968",6.16135659058972e-13,1.27184210453898,0.019,0.007,1.64736191162597e-08
"C1orf159","C1orf159",6.43467240537958e-13,-0.440627157982444,0.097,0.133,1.72043836102634e-08
"RBM25","RBM25",6.59780808118807e-13,-0.180356247636072,0.49,0.543,1.76405594666725e-08
"PAPPA2","PAPPA2",6.66982685239888e-13,-0.692097882399376,0.063,0.092,1.78331160552589e-08
"PSPC1","PSPC1",6.69340426688192e-13,-0.180546014766805,0.491,0.542,1.78961549883622e-08
"CAT","CAT",6.8310996875042e-13,-0.375029224758227,0.121,0.159,1.826431123448e-08
"TFRC","TFRC",6.93933691180964e-13,0.780273106266647,0.101,0.071,1.85537051011054e-08
"NOP10","NOP10",6.94451957698972e-13,0.716447078923262,0.067,0.042,1.85675619929974e-08
"PLXND1","PLXND1",7.10140513717253e-13,0.4405890724221,0.221,0.181,1.89870269152582e-08
"BCAR3","BCAR3",7.14578631641816e-13,0.475242078652673,0.119,0.086,1.91056888742072e-08
"SLC25A27","SLC25A27",7.23089230713849e-13,-0.19550383986173,0.331,0.393,1.93332367615962e-08
"C20orf96","C20orf96",7.33575242694211e-13,1.06080187027506,0.039,0.021,1.96136012639151e-08
"MCM3AP-AS1","MCM3AP-AS1",7.36682116553834e-13,0.616516932145999,0.091,0.062,1.96966697502999e-08
"TMEM150A","TMEM150A",7.64684103358353e-13,1.00297282912803,0.037,0.019,2.04453588714923e-08
"ENTREP2","ENTREP2",7.67560337084728e-13,-0.871480251183238,0.035,0.058,2.05222607326344e-08
"DET1","DET1",7.68301804192358e-13,-0.555366261614543,0.06,0.089,2.05420853386911e-08
"TCFL5","TCFL5",8.02358199880156e-13,-0.43392001880062,0.117,0.155,2.14526511901957e-08
"PCMTD1","PCMTD1",8.02531834835189e-13,0.268985715370073,0.478,0.439,2.14572936679885e-08
"RUNX1T1","RUNX1T1",8.07183875869334e-13,-0.266942810927721,0.163,0.208,2.15816752891184e-08
"TSNAX-DISC1","TSNAX-DISC1",8.1964374498271e-13,-0.594553154753349,0.038,0.063,2.19148148096027e-08
"TMEM244","TMEM244",8.22541471667279e-13,-1.20745303566268,0.016,0.033,2.1992291327968e-08
"TMPO","TMPO",8.32496846099815e-13,0.483867306755464,0.155,0.119,2.22584681741708e-08
"MTMR3","MTMR3",8.33342804997905e-13,0.284574844332448,0.446,0.406,2.2281086577229e-08
"PLEKHG1","PLEKHG1",8.37271122216715e-13,-0.414790768253038,0.204,0.247,2.23861179947083e-08
"INTS13","INTS13",8.40373392475498e-13,-0.458451405780384,0.099,0.134,2.24690633946174e-08
"P2RY8","P2RY8",8.51330008533933e-13,1.30350809614784,0.025,0.01,2.27620104381718e-08
"MYO18A","MYO18A",8.61693464017923e-13,-0.243975453101996,0.282,0.335,2.30390981474472e-08
"PARD6G-AS1","PARD6G-AS1",8.75512593660939e-13,0.783047051166328,0.065,0.041,2.34085802167125e-08
"CAPS2","CAPS2",8.8453439525898e-13,-0.243803165163343,0.331,0.384,2.36497961260393e-08
"SLC25A30","SLC25A30",8.88922579434248e-13,0.997742688222777,0.031,0.015,2.37671230063335e-08
"FAM81A","FAM81A",8.92575393881531e-13,-0.70318890930477,0.038,0.062,2.38647883062105e-08
"PAFAH1B2","PAFAH1B2",8.93449739195134e-13,-0.281497787841491,0.27,0.319,2.38881656768603e-08
"PNCK","PNCK",8.9843654607551e-13,-0.649041840146165,0.051,0.078,2.40214979324209e-08
"PPFIA2-AS2","PPFIA2-AS2",8.99465313582453e-13,-0.440493886277356,0.117,0.155,2.4049004089254e-08
"ADAMTSL3","ADAMTSL3",8.9974306748901e-13,0.484808705020895,0.253,0.213,2.40564303954537e-08
"HIPK3","HIPK3",8.99787607720061e-13,0.323482013890324,0.379,0.338,2.40576212676113e-08
"SH3BP5","SH3BP5",9.12561486735682e-13,-0.264430662336002,0.167,0.212,2.43991564708519e-08
"VWC2","VWC2",9.18209402950698e-13,0.83126608946652,0.111,0.08,2.45501648066928e-08
"SNX24","SNX24",9.28893167698484e-13,0.357594761861255,0.354,0.312,2.48358166247544e-08
"ENSG00000265451","ENSG00000265451",9.37085083601044e-13,1.32538400792617,0.023,0.01,2.50548438802411e-08
"RTCA","RTCA",9.40402680544883e-13,-0.332088193781778,0.109,0.147,2.51435464697285e-08
"ENSG00000250910","ENSG00000250910",9.58152046923803e-13,-2.35159674434126,0.003,0.013,2.56181112786017e-08
"USP39","USP39",9.60000027046245e-13,0.395348025417329,0.27,0.228,2.56675207231355e-08
"SF3B1","SF3B1",9.64552720006928e-13,0.265950307275898,0.477,0.438,2.57892460748252e-08
"H4C8","H4C8",9.78143092989748e-13,0.992660569282,0.037,0.019,2.61526118772669e-08
"PAPOLG","PAPOLG",9.97298725485472e-13,0.436113657861888,0.18,0.142,2.66647760233051e-08
"NSUN2","NSUN2",1.0074748722655e-12,-0.334389320755552,0.135,0.177,2.69368556597626e-08
"FOXK1","FOXK1",1.02197666630542e-12,0.30971521651853,0.349,0.303,2.7324590127008e-08
"PIP5K1C","PIP5K1C",1.02907095792019e-12,0.537843843154038,0.115,0.083,2.7514270201912e-08
"LIMD1","LIMD1",1.07302760078296e-12,0.449496530581477,0.247,0.206,2.86895389621341e-08
"GPAT3","GPAT3",1.07843600020707e-12,1.19894552909431,0.029,0.014,2.88341433375365e-08
"PCDH9-AS2","PCDH9-AS2",1.08573069218381e-12,-0.326408396967852,0.246,0.295,2.90291815169184e-08
"KDM3A","KDM3A",1.09151534050753e-12,0.487303822887072,0.255,0.215,2.91838456591498e-08
"DEDD2","DEDD2",1.1138326001407e-12,0.730946869724609,0.058,0.035,2.97805422299618e-08
"SBF2-AS1","SBF2-AS1",1.12626780593298e-12,0.809046347924648,0.067,0.042,3.011302232723e-08
"PEX11G","PEX11G",1.14643519604844e-12,-0.906744348338836,0.02,0.038,3.06522378367471e-08
"GPATCH11","GPATCH11",1.15846020704404e-12,0.591747597327976,0.114,0.083,3.09737505557364e-08
"SCARF1","SCARF1",1.21014853484695e-12,1.23215635999588,0.024,0.01,3.2355741376203e-08
"ACSS2","ACSS2",1.21201160172362e-12,-0.224424376203269,0.265,0.316,3.24055541952843e-08
"ABCA7","ABCA7",1.21492656305363e-12,1.04746269180595,0.052,0.031,3.24834915163648e-08
"MIOS","MIOS",1.25663176953828e-12,0.440923975373722,0.168,0.131,3.35985636221451e-08
"LDLRAD4-AS3","LDLRAD4-AS3",1.27932851595407e-12,1.68546507558155,0.014,0.004,3.4205406531064e-08
"CMC2","CMC2",1.28099332495956e-12,-0.303795774507648,0.204,0.25,3.42499185294436e-08
"ZNF471","ZNF471",1.28729545822496e-12,-0.337785467683392,0.139,0.18,3.44184186665607e-08
"COL5A2","COL5A2",1.29462187779147e-12,-1.2959598337591,0.007,0.02,3.46143051465107e-08
"LNPEP","LNPEP",1.31024321477233e-12,0.276164919461167,0.423,0.379,3.50319728333679e-08
"RAET1E-AS1","RAET1E-AS1",1.33016170397358e-12,-0.958754582629293,0.011,0.026,3.55645334791417e-08
"DIP2B","DIP2B",1.35132781065276e-12,-0.124495496120851,0.89,0.9,3.61304516734228e-08
"PRIMPOL","PRIMPOL",1.36100472188467e-12,-0.331912060220846,0.144,0.185,3.63891832490305e-08
"NCOA6","NCOA6",1.36693468713494e-12,-0.177001744016227,0.45,0.505,3.6547732729927e-08
"SESN2","SESN2",1.39605397219671e-12,0.937324627320773,0.04,0.022,3.73262950546235e-08
"FAIM2","FAIM2",1.42295286466669e-12,-0.169852674288229,0.319,0.381,3.80454907425932e-08
"LINC00351","LINC00351",1.432716865589e-12,-1.26419439327189,0.008,0.022,3.83065508352531e-08
"C1orf54","C1orf54",1.44160283849985e-12,0.91760040224453,0.038,0.02,3.85441350929706e-08
"NXF1","NXF1",1.4694094970435e-12,0.645382820465182,0.089,0.062,3.92876017224519e-08
"QPRT","QPRT",1.49915264713911e-12,1.10154738560375,0.032,0.015,4.00828443265583e-08
"LERFS","LERFS",1.5011206879539e-12,-0.462968205511107,0.109,0.145,4.01354638338233e-08
"DNAJC27","DNAJC27",1.52627476351605e-12,-0.395320599338191,0.1,0.135,4.08080083521287e-08
"ARL17A","ARL17A",1.53172278611231e-12,0.461316363905089,0.275,0.236,4.09536721322847e-08
"SHFL","SHFL",1.54851352691216e-12,0.619341593535127,0.085,0.058,4.14026061690504e-08
"AKR1C3","AKR1C3",1.56998172068408e-12,1.96767277174078,0.012,0.003,4.19766012659303e-08
"TRPV3","TRPV3",1.58184229471429e-12,-0.985767729094789,0.019,0.037,4.22937174337761e-08
"CDC42SE2","CDC42SE2",1.64963795164546e-12,0.257176983405531,0.532,0.497,4.41063699131447e-08
"RTF2","RTF2",1.66152021233782e-12,0.525570886015773,0.166,0.13,4.44240659172763e-08
"JOSD2","JOSD2",1.68222694138774e-12,-0.428392955548756,0.113,0.15,4.49777017318841e-08
"NAB2","NAB2",1.68994736938661e-12,0.912173132326673,0.028,0.013,4.51841228152897e-08
"DHFR2","DHFR2",1.70085810267475e-12,-0.658582992945556,0.042,0.067,4.54758430912149e-08
"IL17RB","IL17RB",1.71836306335572e-12,0.601784336103904,0.101,0.071,4.5943873224942e-08
"RICTOR","RICTOR",1.73197957168996e-12,-0.137456653669482,0.684,0.734,4.63079378082745e-08
"P2RY6","P2RY6",1.77206642927285e-12,1.0991829638611,0.025,0.011,4.73797401194682e-08
"HEATR5B","HEATR5B",1.78467994281585e-12,0.357078774098802,0.373,0.336,4.77169876310674e-08
"DNAJC22","DNAJC22",1.79597365628171e-12,-0.832322450090984,0.024,0.044,4.80189476480041e-08
"DNAJC2","DNAJC2",1.79753615102318e-12,0.485099533361335,0.13,0.096,4.80607240699068e-08
"RXYLT1","RXYLT1",1.80722911044999e-12,-0.396270380252778,0.069,0.1,4.83198847261014e-08
"MYH14","MYH14",1.83024622397142e-12,-0.267103366150456,0.201,0.248,4.89352932903238e-08
"PDIA3","PDIA3",1.83394198886315e-12,0.439545569175596,0.275,0.234,4.90341069562342e-08
"ZNF330","ZNF330",1.86234490992351e-12,0.611314271780221,0.103,0.074,4.9793515856625e-08
"PRDM6","PRDM6",1.86839860968568e-12,0.974883923368738,0.054,0.032,4.99553736271661e-08
"MARVELD1","MARVELD1",1.8684631013018e-12,1.75683695933554,0.017,0.006,4.99570979395062e-08
"WBP1L","WBP1L",1.88296181847458e-12,0.467973765756643,0.218,0.18,5.03447501405549e-08
"DARS1","DARS1",1.8880717322612e-12,0.378052748641821,0.31,0.27,5.04813739054678e-08
"GPCPD1","GPCPD1",1.88894957405247e-12,0.43024751516276,0.218,0.18,5.05048447614408e-08
"ATL2","ATL2",1.89281922204199e-12,0.446078462772495,0.176,0.138,5.06083075397366e-08
"ADGRG5","ADGRG5",1.90321823263521e-12,1.14276267916508,0.031,0.015,5.08863458859675e-08
"SLC20A1","SLC20A1",1.92606119799178e-12,0.534937363990246,0.161,0.126,5.14970982507063e-08
"GAPT","GAPT",1.92666888215766e-12,1.53773098596349,0.013,0.003,5.15133459022493e-08
"POMC","POMC",1.95464571228847e-12,1.80556273167006,0.016,0.005,5.22613624094569e-08
"ENSG00000222017","ENSG00000222017",1.97099641146815e-12,0.473942198394552,0.125,0.092,5.2698531053424e-08
"CFAP221","CFAP221",2.10444460288744e-12,-1.87093204769035,0.005,0.015,5.62665353474014e-08
"EYA4","EYA4",2.11785553469388e-12,-0.353643182346454,0.137,0.177,5.66251034311103e-08
"SLC25A6","SLC25A6",2.14002567233927e-12,0.513598208803746,0.169,0.132,5.72178664013352e-08
"P4HB","P4HB",2.17870393080367e-12,0.421981531518045,0.209,0.169,5.82520069978978e-08
"TMEM178A","TMEM178A",2.21404516628395e-12,0.836225168413628,0.099,0.07,5.9196925610934e-08
"METAP2","METAP2",2.23631078730065e-12,-0.252598528731074,0.211,0.258,5.97922415200575e-08
"SCAND1","SCAND1",2.26864272774812e-12,-0.35433685809469,0.114,0.151,6.06567006118014e-08
"ENSG00000285258","ENSG00000285258",2.28257568986915e-12,0.698690430579507,0.081,0.054,6.10292262200314e-08
"CYP1B1","CYP1B1",2.28733279727495e-12,2.06681669463265,0.01,0.002,6.11564170007403e-08
"ENSG00000239381","ENSG00000239381",2.28868485283704e-12,-0.461493217891167,0.1,0.135,6.11925669103041e-08
"ESYT2","ESYT2",2.29199849375e-12,-0.216548865423854,0.277,0.327,6.12811637273938e-08
"ERO1B","ERO1B",2.33421318276505e-12,0.397495205222633,0.237,0.197,6.24098578675892e-08
"ENSG00000254635","ENSG00000254635",2.33638226401796e-12,-0.374805554128113,0.116,0.153,6.24678525930482e-08
"MSL3","MSL3",2.34086915092324e-12,0.729969166943556,0.08,0.054,6.25878184882345e-08
"RAB13","RAB13",2.37890721892315e-12,1.29202267427267,0.017,0.006,6.36048423123482e-08
"ZNF682","ZNF682",2.48062731347334e-12,-0.423404768985802,0.083,0.115,6.63245324803366e-08
"ENSG00000259546","ENSG00000259546",2.48863011592469e-12,-0.393808780448252,0.117,0.154,6.65385034094785e-08
"ABTB3","ABTB3",2.51800713591304e-12,1.14346317905413,0.047,0.027,6.73239567929068e-08
"RBMS3-AS3","RBMS3-AS3",2.53124921414355e-12,1.4481204768458,0.021,0.009,6.76780102385561e-08
"RASA2","RASA2",2.60314823783098e-12,0.290290185466919,0.415,0.373,6.96003744348869e-08
"TXNDC15","TXNDC15",2.60373386072482e-12,-0.383147999127057,0.106,0.142,6.96160322341994e-08
"ELMO1","ELMO1",2.63658591148893e-12,0.117576904398103,0.928,0.922,7.04943975154795e-08
"SLC3A2","SLC3A2",2.64268920280474e-12,0.493033592699546,0.112,0.081,7.06575812153904e-08
"ELP6","ELP6",2.69167176367949e-12,-0.54487935254095,0.064,0.093,7.19672279454986e-08
"THAP6","THAP6",2.70859797111719e-12,-0.295901924302837,0.154,0.197,7.24197839537604e-08
"MTRF1","MTRF1",2.74952741701336e-12,0.61804857379125,0.081,0.055,7.35141145486862e-08
"RYBP","RYBP",2.75680791643214e-12,-0.114325631408938,0.587,0.653,7.37087732616462e-08
"ACTN2","ACTN2",2.78352389177162e-12,-0.211332187165456,0.216,0.263,7.44230782942978e-08
"ZFP28","ZFP28",2.80835152660814e-12,-0.647250688939808,0.033,0.055,7.50868947669218e-08
"PMS1","PMS1",2.81843145836448e-12,0.328975195625153,0.348,0.304,7.5356401902291e-08
"RAB38","RAB38",2.88635333067967e-12,1.24045396156901,0.019,0.007,7.71724290023823e-08
"OTUD1","OTUD1",2.898363933382e-12,0.894208778796744,0.044,0.025,7.74935564868346e-08
"SAP30BP","SAP30BP",2.90026126736541e-12,-0.340713641228642,0.183,0.226,7.7544285505549e-08
"SLC39A13-AS1","SLC39A13-AS1",2.90653086919653e-12,1.33204052447988,0.019,0.007,7.77119158497077e-08
"AADAT","AADAT",2.93808459066624e-12,-0.591904440813082,0.044,0.068,7.85555677006433e-08
"METRNL","METRNL",2.94862950467069e-12,1.10036485086616,0.021,0.009,7.88375070663803e-08
"MYH11","MYH11",2.98131737389031e-12,-0.362288412013176,0.078,0.11,7.97114826257052e-08
"LINC01856","LINC01856",2.98333717800375e-12,-2.45170527473006,0.002,0.01,7.97654861282863e-08
"METTL2B","METTL2B",3.03738954123365e-12,-0.33452976488648,0.1,0.135,8.12106841639642e-08
"SMIM8","SMIM8",3.15255981486425e-12,-0.397394129754521,0.101,0.136,8.42899917700254e-08
"ENSG00000273291","ENSG00000273291",3.15447739357816e-12,-0.840678663971159,0.029,0.05,8.43412620720993e-08
"SOCS5","SOCS5",3.16161731542525e-12,0.44001559944035,0.191,0.152,8.4532162162525e-08
"ZNF680","ZNF680",3.18864692365823e-12,0.392429585419169,0.253,0.214,8.52548527978502e-08
"MAPKAPK2","MAPKAPK2",3.24344964715143e-12,0.473332540211364,0.18,0.142,8.67201132158879e-08
"ORAI3","ORAI3",3.24735775637783e-12,1.10924913003646,0.036,0.019,8.6824604332274e-08
"TTLL9","TTLL9",3.25667555231565e-12,-0.32350658471061,0.11,0.147,8.70737342422635e-08
"RALB","RALB",3.27971835907607e-12,0.768460111154727,0.081,0.055,8.7689829766617e-08
"ENSG00000257398","ENSG00000257398",3.39029181130758e-12,1.3258645117609,0.022,0.009,9.06462321589307e-08
"ENSG00000265907","ENSG00000265907",3.47435988220262e-12,1.16661605041435,0.018,0.007,9.28939601704514e-08
"LINC03022","LINC03022",3.5526022780768e-12,0.864539808861415,0.043,0.024,9.49859271089394e-08
"TXNDC16","TXNDC16",3.62612964247429e-12,-0.281609102019078,0.2,0.246,9.6951828250835e-08
"ANO10","ANO10",3.68457447608386e-12,0.340000310083483,0.319,0.276,9.85144677670542e-08
"PPFIBP2","PPFIBP2",3.71442153665243e-12,0.379586941543676,0.338,0.298,9.93124886254759e-08
"CFAP263","CFAP263",3.76649142782616e-12,-0.997637708989632,0.014,0.029,1.00704681305788e-07
"ELP4","ELP4",3.77000638675714e-12,-0.234354985325381,0.338,0.389,1.00798660762726e-07
"DENND2B","DENND2B",3.78282292926916e-12,0.45034400590546,0.184,0.147,1.0114133665987e-07
"PROS1","PROS1",3.82421061015332e-12,0.751067084097199,0.079,0.054,1.02247919083669e-07
"CNBD1","CNBD1",3.85087697757065e-12,-1.01805476604976,0.023,0.042,1.02960897749306e-07
"WDR20","WDR20",3.96721855080518e-12,-0.154725580997557,0.504,0.562,1.06071522392878e-07
"CAPNS1","CAPNS1",3.97879972792506e-12,-0.375357803455685,0.143,0.181,1.06381168325532e-07
"MAP7D1","MAP7D1",4.08304586027757e-12,-0.216398644212007,0.308,0.36,1.09168397166241e-07
"AKIRIN1","AKIRIN1",4.09954851206572e-12,-0.270617422175923,0.229,0.276,1.09609628567101e-07
"ENSG00000257735","ENSG00000257735",4.10994765649988e-12,-0.519095577898994,0.055,0.083,1.09887670491837e-07
"PPP1R9B","PPP1R9B",4.13754584898348e-12,0.739879484336135,0.055,0.033,1.10625563364271e-07
"GOLIM4","GOLIM4",4.14542807022976e-12,0.45993200486483,0.268,0.23,1.10836310313733e-07
"C1QTNF7-AS1","C1QTNF7-AS1",4.21710068607992e-12,-0.644942098853612,0.107,0.141,1.12752621043719e-07
"PLPP1","PLPP1",4.21885608791859e-12,-0.164517233009044,0.409,0.467,1.12799555222679e-07
"IL4I1","IL4I1",4.39364935860031e-12,1.40660745789432,0.016,0.005,1.17473002900897e-07
"ENSG00000272840","ENSG00000272840",4.58956067496588e-12,0.864625510687899,0.049,0.029,1.22711083766563e-07
"ADAMTS12","ADAMTS12",4.6191522244274e-12,1.37796411913368,0.025,0.011,1.23502273024515e-07
"ENSG00000229127","ENSG00000229127",4.77681030841265e-12,-0.383867944001166,0.138,0.176,1.27717577216029e-07
"TRIM8","TRIM8",4.97264209412688e-12,0.377245562580744,0.204,0.164,1.3295353167067e-07
"HCST","HCST",5.0041198016149e-12,0.666267678433911,0.035,0.018,1.33795151135778e-07
"INPP5F","INPP5F",5.0267925002264e-12,0.437802940946081,0.319,0.281,1.34401351078553e-07
"ZNF529","ZNF529",5.2118977791056e-12,-0.266028659289829,0.199,0.245,1.39350510919946e-07
"CIP2A","CIP2A",5.26120560547219e-12,-0.886899543579178,0.014,0.03,1.4066885427351e-07
"PDE6D","PDE6D",5.26755574098745e-12,0.422965782470558,0.187,0.149,1.40838637846782e-07
"CAMKMT","CAMKMT",5.36324141104777e-12,0.179915377567293,0.524,0.474,1.43396985607184e-07
"SCOC","SCOC",5.42200753525065e-12,-0.347566604667572,0.163,0.204,1.44968215469997e-07
"DERL3","DERL3",5.48026758381317e-12,2.09603541243911,0.012,0.003,1.46525914388413e-07
"NSMAF","NSMAF",5.51597279203098e-12,0.45123157811352,0.311,0.274,1.47480564540532e-07
"SFTPC","SFTPC",5.65792454459382e-12,-0.941398814779478,0.028,0.049,1.51275928548805e-07
"SCARB1","SCARB1",5.69050034094702e-12,0.415782789666527,0.252,0.214,1.521469076159e-07
"DTNA","DTNA",5.7036456214789e-12,0.182105761058325,0.7,0.66,1.52498372981481e-07
"SIGLEC1","SIGLEC1",5.71658116241409e-12,2.16894148012051,0.012,0.003,1.52844230539465e-07
"ZNF121","ZNF121",5.90774890351585e-12,0.564580886360293,0.114,0.084,1.57955482433303e-07
"RILPL1","RILPL1",5.96199773194355e-12,-0.185916106090637,0.294,0.35,1.59405933358975e-07
"ATP2A2","ATP2A2",6.00816979464196e-12,0.303135474263839,0.414,0.375,1.60640435799342e-07
"GAS2","GAS2",6.03698240060761e-12,-0.295683022879794,0.17,0.212,1.61410798445046e-07
"COL16A1","COL16A1",6.11867257533595e-12,-0.146276809189633,0.324,0.385,1.63594948646757e-07
"PSRC1","PSRC1",6.21516083998397e-12,-0.316126249894585,0.17,0.212,1.66174755378651e-07
"REPS1","REPS1",6.34452483172719e-12,-0.199354118995909,0.294,0.349,1.6963356042589e-07
"MTMR6","MTMR6",6.3553359070783e-12,-0.286355709753488,0.186,0.229,1.69922616147552e-07
"SRGAP3","SRGAP3",6.36791386799615e-12,0.278899981229706,0.53,0.497,1.70258913088613e-07
"GRAPL","GRAPL",6.40879944999047e-12,0.998404757204706,0.023,0.01,1.71352070894395e-07
"CEP83","CEP83",6.4423139193575e-12,-0.303506194337509,0.194,0.239,1.72248147261862e-07
"TOPORS","TOPORS",6.53490099398191e-12,0.490736717699955,0.138,0.105,1.74723647876094e-07
"NPEPPS","NPEPPS",6.6727234408407e-12,0.22088237089637,0.537,0.503,1.78408606637758e-07
"PLP2","PLP2",6.68071986949326e-12,1.46691456592206,0.017,0.006,1.78622407150641e-07
"RALY-AS1","RALY-AS1",6.72755655603819e-12,-1.27570962696049,0.011,0.025,1.79874679638793e-07
"SLCO4A1","SLCO4A1",6.78094700564169e-12,1.51539097910783,0.015,0.005,1.81302180089842e-07
"EFCAB5","EFCAB5",6.89098709215285e-12,-0.668867864040231,0.033,0.054,1.84244321882891e-07
"IRF1","IRF1",6.9875894851787e-12,0.914248282480034,0.037,0.02,1.86827180065223e-07
"EIF3H","EIF3H",7.09847429783152e-12,0.325267140237485,0.325,0.283,1.89791907301121e-07
"CEP78","CEP78",7.17738539258312e-12,-0.297300167415117,0.152,0.192,1.91901753241495e-07
"RACGAP1","RACGAP1",7.19036177700007e-12,0.633708240753138,0.087,0.06,1.92248702831651e-07
"YOD1","YOD1",7.25121866832307e-12,0.650974660981688,0.082,0.056,1.93875833534954e-07
"SAP130","SAP130",7.36034821746339e-12,-0.313868969898928,0.175,0.216,1.96793630290319e-07
"ENSG00000236266","ENSG00000236266",7.43522692537828e-12,1.54954818435196,0.02,0.008,1.98795662303839e-07
"ANKRD31","ANKRD31",7.46144124331662e-12,-0.97076704883221,0.024,0.043,1.99496554522557e-07
"CYP19A1","CYP19A1",7.46438142318234e-12,2.22026885798788,0.018,0.007,1.99575166111626e-07
"CAVIN1","CAVIN1",7.48578404905567e-12,-0.49188183326454,0.072,0.101,2.00147408119601e-07
"HPN","HPN",7.58296704671139e-12,-0.390654564476883,0.105,0.14,2.02745789927922e-07
"CLTA","CLTA",7.74957323782423e-12,-0.255195183898486,0.298,0.345,2.07200339659706e-07
"FBXW7","FBXW7",7.80098126452279e-12,0.30179685963104,0.372,0.332,2.08574836069546e-07
"HEBP2","HEBP2",7.84750064833036e-12,0.709892800061094,0.05,0.029,2.09818624834409e-07
"NRF1","NRF1",7.87644677347759e-12,0.242176934863059,0.49,0.449,2.1059255738247e-07
"NPTX2","NPTX2",7.9059165187259e-12,0.60716352404076,0.132,0.1,2.11380489961174e-07
"CHODL","CHODL",7.90972539496431e-12,-0.702326983284081,0.056,0.082,2.11482327885161e-07
"ZNF667-AS1","ZNF667-AS1",7.96099927731135e-12,-0.426867388023961,0.092,0.125,2.12853237677474e-07
"OGDH","OGDH",7.99658163989146e-12,0.351705756684968,0.296,0.253,2.13804603305778e-07
"KRAS","KRAS",8.05090815959191e-12,0.478672904578885,0.137,0.104,2.15257131463009e-07
"PHF7","PHF7",8.13391185092033e-12,-0.448078392739294,0.061,0.089,2.17476401158057e-07
"ZNG1B.1","ZNG1B.1",8.18512400895975e-12,0.673566476989996,0.073,0.048,2.18845660627557e-07
"IFT43","IFT43",8.24403318231844e-12,-0.330723118214408,0.17,0.211,2.20420715195648e-07
"COA4","COA4",8.42093381232475e-12,-0.440469432256654,0.072,0.102,2.25150507340127e-07
"ANKAR","ANKAR",8.48266858339279e-12,-0.208726486561363,0.278,0.33,2.26801109914173e-07
"MAPK1IP1L","MAPK1IP1L",8.7049312074858e-12,0.359132481506558,0.245,0.204,2.32743745694548e-07
"MN1","MN1",9.0097854755852e-12,-0.725232777906445,0.042,0.065,2.40894634260722e-07
"GNA11","GNA11",9.05617665762598e-12,-0.30377501423982,0.105,0.141,2.42134995294946e-07
"KPTN","KPTN",9.21312233130265e-12,0.741722120917714,0.042,0.024,2.46331251772039e-07
"NKD1","NKD1",9.27202278054342e-12,-0.260081290347907,0.192,0.236,2.4790607308339e-07
"UXS1","UXS1",9.43990383192502e-12,0.49201994320305,0.136,0.103,2.52394708754179e-07
"TRIB1","TRIB1",9.44450422746727e-12,0.672227472378861,0.03,0.015,2.52517709529792e-07
"MAGI3","MAGI3",9.46387240762922e-12,0.513982525156714,0.202,0.166,2.53035556562782e-07
"GPBP1L1","GPBP1L1",9.48606102316336e-12,0.257881140238793,0.443,0.404,2.53628813576319e-07
"POLR2H","POLR2H",9.77936778199507e-12,0.543891148049856,0.083,0.056,2.61470956387202e-07
"SBNO1","SBNO1",9.85951112323058e-12,0.357702487446236,0.284,0.244,2.63613748901816e-07
"ENSG00000230323","ENSG00000230323",9.92055206234381e-12,0.549077166292141,0.077,0.052,2.65245800490886e-07
"PSMD6-AS2","PSMD6-AS2",1.01821454938292e-11,0.704706497358571,0.064,0.041,2.72240024068511e-07
"REDIC1","REDIC1",1.02007912868023e-11,0.777770765934615,0.041,0.023,2.72738556635233e-07
"PPFIBP1","PPFIBP1",1.03002163198732e-11,-0.160361772201271,0.326,0.385,2.7539688374445e-07
"LINC01580","LINC01580",1.03518926871516e-11,1.93423696322523,0.013,0.004,2.76778554776373e-07
"B3GALT2","B3GALT2",1.06423339612127e-11,0.771087699210455,0.048,0.028,2.84544083120943e-07
"CPSF6","CPSF6",1.07993206758907e-11,-0.188540070996463,0.455,0.507,2.8874143691129e-07
"ARAP2-AS1","ARAP2-AS1",1.08815132421136e-11,-1.48704769895844,0.007,0.019,2.90939019554393e-07
"RHOT1","RHOT1",1.12430966617843e-11,0.282173588344347,0.408,0.367,3.00606675446126e-07
"ENSG00000230510","ENSG00000230510",1.17464378499875e-11,-0.54767335189742,0.064,0.092,3.14064508795116e-07
"GOLGA1","GOLGA1",1.17940033534106e-11,-0.335219342686046,0.165,0.205,3.15336267660138e-07
"TFCP2L1","TFCP2L1",1.18670155106565e-11,1.29760639564543,0.024,0.011,3.17288393708422e-07
"GOLPH3","GOLPH3",1.18770949950813e-11,0.287032181917783,0.368,0.324,3.17557888883489e-07
"WDSUB1","WDSUB1",1.19211675007962e-11,0.357157838222692,0.265,0.224,3.18736255468788e-07
"AKIRIN2","AKIRIN2",1.21176332137436e-11,0.638640690434186,0.112,0.083,3.23989159235864e-07
"SCYL1","SCYL1",1.23605769970801e-11,0.477019350403078,0.121,0.09,3.3048474717093e-07
"GET1","GET1",1.24380683656917e-11,-0.359168382697476,0.136,0.174,3.32556633893498e-07
"RNF168","RNF168",1.25309917914231e-11,0.387694085892332,0.215,0.177,3.35041127527279e-07
"EMP2","EMP2",1.27434108528234e-11,0.936179432402052,0.052,0.032,3.40720575971939e-07
"SLC16A8","SLC16A8",1.31098263250102e-11,-1.20394903347087,0.009,0.023,3.50517426451797e-07
"CEACAM1","CEACAM1",1.33075914923801e-11,1.04387265796135,0.036,0.019,3.55805073731767e-07
"ENSG00000269966","ENSG00000269966",1.33342318065889e-11,1.0197430730682,0.03,0.015,3.56517355812768e-07
"DRD4","DRD4",1.35300520005112e-11,-1.16514752367558,0.011,0.025,3.61753000337669e-07
"SIRT7","SIRT7",1.37062481933594e-11,0.538020035709387,0.11,0.08,3.66463957945851e-07
"NOTCH4","NOTCH4",1.38645655758815e-11,1.69592048419334,0.016,0.006,3.70696889802344e-07
"ENSG00000281028","ENSG00000281028",1.39715788424801e-11,-0.457483776714196,0.08,0.11,3.73558103511389e-07
"MCMDC2","MCMDC2",1.43023173301155e-11,0.626020702860486,0.065,0.042,3.82401058455297e-07
"SERPINF1","SERPINF1",1.43111534596826e-11,1.4031901258267,0.02,0.008,3.82637310051534e-07
"DAP","DAP",1.46743322248502e-11,0.490649495479749,0.134,0.102,3.9234762069582e-07
"SPRY4","SPRY4",1.48006825279202e-11,-0.840054414175724,0.037,0.06,3.95725848749002e-07
"IFNAR1","IFNAR1",1.4836331429199e-11,0.41669905798091,0.249,0.21,3.96678993422493e-07
"HVCN1","HVCN1",1.49208315530268e-11,0.890392796058347,0.043,0.024,3.98938273233277e-07
"CHMP2A","CHMP2A",1.50918524252708e-11,-0.428684034820219,0.071,0.101,4.03510858294465e-07
"ENSG00000267136","ENSG00000267136",1.50952208678491e-11,1.32761928287263,0.017,0.006,4.03600920343681e-07
"HCG11","HCG11",1.53784555971209e-11,1.28753618908527,0.022,0.01,4.11173767300222e-07
"ZFP30","ZFP30",1.55093579727342e-11,-0.307878771157787,0.131,0.168,4.14673704116996e-07
"ENSG00000272558","ENSG00000272558",1.56439618076334e-11,0.988456532041756,0.019,0.007,4.18272606850695e-07
"DUSP12","DUSP12",1.58657470422295e-11,0.663797902089987,0.08,0.055,4.24202478668091e-07
"ZXDC","ZXDC",1.59710533957154e-11,0.231017819609859,0.445,0.402,4.27018054641244e-07
"MCF2","MCF2",1.60740581888479e-11,1.0027049996921,0.064,0.041,4.29772093795228e-07
"DHRS4","DHRS4",1.60867551014447e-11,0.867297481259273,0.045,0.027,4.30111571147326e-07
"FAM135B","FAM135B",1.62784704776694e-11,-0.303580767376845,0.104,0.139,4.35237465161446e-07
"RN7SL832P","RN7SL832P",1.6298228531069e-11,-1.57125413670897,0.005,0.016,4.35765736235192e-07
"RBIS","RBIS",1.65670586374834e-11,0.597881647660971,0.122,0.092,4.42953446790392e-07
"COG5","COG5",1.72937378902268e-11,0.227650647082998,0.591,0.565,4.62382669970993e-07
"ATP2B4","ATP2B4",1.78989302653536e-11,0.31823441686326,0.373,0.332,4.7856369850476e-07
"CDNF","CDNF",1.79990017256781e-11,-1.12257891081157,0.01,0.024,4.81239309139456e-07
"LTN1","LTN1",1.85838067189201e-11,-0.268742486873811,0.241,0.288,4.96875240243766e-07
"MICOS13","MICOS13",1.8751643559558e-11,-0.407629989058292,0.09,0.122,5.01362693851902e-07
"SHISA4","SHISA4",1.88558745990912e-11,-0.338270593093585,0.107,0.142,5.04149519155901e-07
"MGST1","MGST1",1.89445073781351e-11,0.823499008902825,0.048,0.029,5.06519293769198e-07
"TMED8","TMED8",1.90891485887409e-11,0.5386835756889,0.185,0.151,5.10386565817166e-07
"ENSG00000258891","ENSG00000258891",1.91338973771129e-11,0.519286290844083,0.095,0.067,5.11583014171867e-07
"ILDR2","ILDR2",1.94252985702609e-11,-0.321415990272989,0.105,0.139,5.19374207873066e-07
"DGKZ","DGKZ",1.95540376814867e-11,0.44613429014249,0.172,0.137,5.2281630548991e-07
"MIR4435-2HG","MIR4435-2HG",1.99488053260137e-11,0.940928691686603,0.059,0.037,5.33371208001628e-07
"ARAP3","ARAP3",2.00463903122806e-11,1.26024172882632,0.023,0.01,5.35980337779445e-07
"DAB2IP","DAB2IP",2.02063163258245e-11,0.778147265177024,0.12,0.091,5.40256279603569e-07
"ANKRD65","ANKRD65",2.02724184992559e-11,-0.374423164504494,0.079,0.109,5.42023653414606e-07
"IDI2-AS1","IDI2-AS1",2.02780205507585e-11,-0.550735091053863,0.073,0.102,5.42173435465629e-07
"COMTD1","COMTD1",2.14128230214863e-11,1.73959447186285,0.013,0.004,5.7251464912548e-07
"ENSG00000254860","ENSG00000254860",2.15466576003494e-11,-0.341281894897859,0.112,0.146,5.76092984260543e-07
"GJC2","GJC2",2.16144169446621e-11,-0.337632245587497,0.131,0.168,5.77904665849431e-07
"NDUFS7","NDUFS7",2.17181892668547e-11,-0.228032975707271,0.226,0.273,5.80679226427895e-07
"ENSG00000273270","ENSG00000273270",2.19613373804822e-11,-0.484443685075844,0.056,0.082,5.87180277541951e-07
"INKA2","INKA2",2.21733476813861e-11,0.61980529845877,0.051,0.03,5.9284879695722e-07
"RGMB","RGMB",2.22757109727783e-11,0.593144483980736,0.097,0.069,5.95585684279175e-07
"ENTPD1-AS1","ENTPD1-AS1",2.24020063739469e-11,-0.303384631352609,0.484,0.514,5.98962444420219e-07
"SCIMP","SCIMP",2.25092773539522e-11,0.69908543003133,0.05,0.03,6.01830548612621e-07
"PDE9A","PDE9A",2.25896785310491e-11,0.462655693002688,0.185,0.149,6.0398023488466e-07
"PROCR","PROCR",2.26819461611475e-11,0.735303579000162,0.044,0.025,6.064471945106e-07
"ITGB3BP","ITGB3BP",2.29990906221891e-11,0.402409161942752,0.214,0.176,6.1492668596547e-07
"FAM118B","FAM118B",2.32169470721762e-11,0.562574907754042,0.1,0.072,6.20751513868775e-07
"PXMP4","PXMP4",2.3282898535124e-11,-0.470360346636023,0.052,0.078,6.2251485813361e-07
"ORC4","ORC4",2.36384257847517e-11,0.317148566322729,0.319,0.278,6.32020590206906e-07
"PRKCA","PRKCA",2.36564252406618e-11,0.105144774540071,0.753,0.707,6.32501841659574e-07
"ZNF714","ZNF714",2.41556018734163e-11,-0.381176051975596,0.108,0.142,6.45848327289532e-07
"POLR1D","POLR1D",2.46391402082862e-11,0.543895709029024,0.132,0.1,6.58776691748947e-07
"CPVL-AS2","CPVL-AS2",2.52391671265977e-11,0.985674144347647,0.039,0.021,6.74819611463842e-07
"GALNT6","GALNT6",2.5488699924861e-11,-0.263229110748734,0.191,0.234,6.81491369891007e-07
"CYBC1","CYBC1",2.56185410727494e-11,0.462908610631388,0.18,0.146,6.849629326621e-07
"GPR146","GPR146",2.5695833513916e-11,0.719380469298556,0.054,0.034,6.87029500661572e-07
"ENSG00000242880","ENSG00000242880",2.61405886119501e-11,-1.09320610102247,0.013,0.028,6.98920917717711e-07
"OR52K1","OR52K1",2.67302586434062e-11,1.80735331679717,0.013,0.004,7.14686925348752e-07
"EMILIN3","EMILIN3",2.69642102158726e-11,-0.95566556661887,0.025,0.043,7.20942088541785e-07
"BAX","BAX",2.71330891294404e-11,0.615183265036298,0.088,0.061,7.25457404053849e-07
"TLR3","TLR3",2.75999445293417e-11,0.842002427567263,0.029,0.014,7.37939716881009e-07
"HSD17B14","HSD17B14",2.79218060807402e-11,0.912893442363619,0.035,0.019,7.4654532918075e-07
"EHMT2","EHMT2",2.83204346539538e-11,-0.374812716963232,0.119,0.154,7.57203461342763e-07
"NIPAL4","NIPAL4",2.93715961911875e-11,-0.648322295702994,0.057,0.083,7.85308367363781e-07
"PLOD1","PLOD1",2.94655650750311e-11,0.470481140778663,0.108,0.079,7.87820813411106e-07
"FSD1L","FSD1L",2.95931696046857e-11,-0.319640144550007,0.179,0.219,7.91232575720481e-07
"DHX9","DHX9",3.05860378538855e-11,0.31474382178995,0.351,0.313,8.17778894099338e-07
"H2AJ","H2AJ",3.06950921185898e-11,-0.449068336043656,0.094,0.126,8.20694677974736e-07
"SOCS4","SOCS4",3.07231724962722e-11,0.484289858320041,0.126,0.095,8.21445463032831e-07
"ENSG00000112096","ENSG00000112096",3.1168236483962e-11,1.60809841358798,0.014,0.004,8.33345138871693e-07
"C19orf18","C19orf18",3.14267427398965e-11,-0.512460999841613,0.035,0.057,8.40256820636613e-07
"METTL15","METTL15",3.14314251982341e-11,-0.182655014370862,0.404,0.456,8.40382015525184e-07
"ENSG00000243055","ENSG00000243055",3.15955034965739e-11,1.34261121675657,0.019,0.008,8.44768976987895e-07
"ARMC3","ARMC3",3.20788951123931e-11,-0.706639448195594,0.028,0.048,8.57693418620055e-07
"COX19","COX19",3.27844800842303e-11,0.36417045771429,0.212,0.174,8.76558644012065e-07
"OXTR","OXTR",3.30675438328286e-11,0.87091063547365,0.058,0.037,8.84126919458339e-07
"KCNN4","KCNN4",3.32508587769082e-11,0.953559921619402,0.024,0.011,8.89028211118195e-07
"SMYD4","SMYD4",3.40464439556355e-11,0.554564421280161,0.104,0.076,9.10299772041827e-07
"KIT","KIT",3.43273231546803e-11,0.913271613137,0.042,0.024,9.17809639186687e-07
"PUM2","PUM2",3.50699512381558e-11,0.169314327077823,0.649,0.622,9.37665286254572e-07
"CALHM2","CALHM2",3.540049355785e-11,1.58830949986044,0.012,0.003,9.46502996256236e-07
"COLEC12","COLEC12",3.57760395864718e-11,-0.535950691427728,0.025,0.044,9.56543970423495e-07
"REEP1","REEP1",3.60280297494584e-11,-0.662940525001409,0.044,0.068,9.63281431411269e-07
"DNA2","DNA2",3.69110104231751e-11,0.577509716698002,0.099,0.071,9.86889685684434e-07
"SLC39A10","SLC39A10",3.69534506144668e-11,0.402378707482281,0.258,0.219,9.88024409078999e-07
"PDCL","PDCL",3.69869980383906e-11,-0.47849705520499,0.082,0.112,9.88921366552449e-07
"TRAM1","TRAM1",3.71841123872912e-11,0.389993172777748,0.249,0.21,9.94191612899005e-07
"ARC","ARC",3.7597249619222e-11,-2.15973450795841,0.007,0.018,1.00523766306914e-06
"ARMC9","ARMC9",3.76480740516299e-11,0.457516758465924,0.208,0.172,1.00659655591843e-06
"LINC00649","LINC00649",3.77683910167287e-11,1.38005956538156,0.02,0.008,1.00981347061428e-06
"LGR4","LGR4",3.77815648227886e-11,0.409818612648025,0.281,0.245,1.0101656986669e-06
"ATP13A4","ATP13A4",3.83582272335483e-11,-0.280381914397131,0.185,0.228,1.02558392154338e-06
"QSER1","QSER1",3.89325194783561e-11,0.328377126158488,0.316,0.276,1.04093877329281e-06
"CBX5","CBX5",3.89646391664002e-11,0.357269147764229,0.284,0.245,1.04179755739204e-06
"RASGRF1","RASGRF1",3.91264264943958e-11,-0.281578559803765,0.233,0.278,1.04612326518066e-06
"ENSG00000225446","ENSG00000225446",3.99716173300986e-11,-1.14196673947655,0.014,0.029,1.06872113255485e-06
"MKNK1-AS1","MKNK1-AS1",4.02947908651094e-11,1.66308198591673,0.011,0.003,1.07736182336043e-06
"RCAN3","RCAN3",4.04464405907176e-11,-0.367193357684499,0.08,0.111,1.08141648207402e-06
"PPM1N","PPM1N",4.06599513403723e-11,1.18035238500539,0.017,0.006,1.08712511898753e-06
"DCAF8","DCAF8",4.07472756312951e-11,-0.352845223033303,0.101,0.135,1.08945990855394e-06
"ZRANB2","ZRANB2",4.14848152302712e-11,-0.173556156915144,0.469,0.519,1.10917950481176e-06
"FBXL13","FBXL13",4.37051903698212e-11,-0.545361609144747,0.072,0.101,1.16854567491791e-06
"ORC2","ORC2",4.40197087865826e-11,-0.207224203764927,0.243,0.29,1.17695495382686e-06
"MRPL54","MRPL54",4.48596847015055e-11,-0.680067193219302,0.038,0.06,1.19941338986415e-06
"BRCA1","BRCA1",4.52108248416655e-11,-0.468120873662116,0.105,0.137,1.20880182379161e-06
"NUDT14","NUDT14",4.52956296974769e-11,0.886256329203075,0.056,0.035,1.21106925122144e-06
"SF3B2","SF3B2",4.53610136612569e-11,0.391779703631635,0.259,0.22,1.21281742226103e-06
"SULT1A1","SULT1A1",4.60232356371736e-11,-0.542676942143489,0.044,0.067,1.23052325123111e-06
"STXBP4","STXBP4",4.65102205867814e-11,-0.307250192667625,0.149,0.187,1.24354376782877e-06
"ENSG00000233672","ENSG00000233672",4.6981418962348e-11,0.77615285663911,0.045,0.027,1.2561421987963e-06
"NDP","NDP",4.73621157707856e-11,-0.762297907245339,0.028,0.047,1.26632088936349e-06
"PRICKLE3","PRICKLE3",4.75508424893363e-11,1.15239511373149,0.018,0.007,1.27136687563738e-06
"PKN2-AS1","PKN2-AS1",4.76949096066359e-11,-0.825358140986191,0.047,0.07,1.27521879815263e-06
"HMGN1","HMGN1",4.78106833038899e-11,-0.31709592196704,0.192,0.233,1.2783142394961e-06
"DPYD-AS1","DPYD-AS1",4.80892031280319e-11,0.561960565490131,0.133,0.103,1.28576102403419e-06
"PITPNB","PITPNB",5.03849014959649e-11,0.322888137644263,0.325,0.284,1.34714111129761e-06
"ARHGAP20","ARHGAP20",5.07432204377409e-11,0.475135448786627,0.134,0.103,1.35672148484388e-06
"AGO4","AGO4",5.10440513527115e-11,0.349415853168146,0.329,0.291,1.36476480101745e-06
"ST8SIA1","ST8SIA1",5.11465614938774e-11,0.596859213898225,0.147,0.115,1.3675056146618e-06
"CBY1","CBY1",5.13520719298562e-11,-0.574022001175728,0.043,0.066,1.37300034718857e-06
"PRR7","PRR7",5.17427328407859e-11,-0.931850715250273,0.021,0.038,1.38344544796409e-06
"EXT1","EXT1",5.19548471077146e-11,-0.188543868104149,0.295,0.345,1.38911674711897e-06
"GRIN2A","GRIN2A",5.21206974525907e-11,-0.560025985385983,0.065,0.092,1.39355108778992e-06
"COPS8","COPS8",5.24204650422021e-11,-0.499594544323916,0.067,0.095,1.40156597383336e-06
"CAMK1","CAMK1",5.35724186729946e-11,0.798417114140418,0.032,0.016,1.43236575805986e-06
"DMRT2","DMRT2",5.35806613607151e-11,-0.940931182107751,0.015,0.029,1.43258614280144e-06
"TACR1-AS1","TACR1-AS1",5.4370223171243e-11,-0.831552438369709,0.023,0.041,1.45369665692952e-06
"MRPS22","MRPS22",5.47322917063433e-11,-0.510564478618257,0.083,0.112,1.4633772833525e-06
"APOBEC3G","APOBEC3G",5.48033376692199e-11,1.07682800418235,0.019,0.008,1.46527683926193e-06
"SLC6A15","SLC6A15",5.53161360042184e-11,-0.217460410479685,0.162,0.203,1.47898752834479e-06
"SS18L2","SS18L2",5.55814358692429e-11,0.497101861307456,0.117,0.087,1.48608085083595e-06
"ENSG00000282885","ENSG00000282885",5.63392562462092e-11,0.591960269462088,0.068,0.045,1.50634269425489e-06
"GTF2A1","GTF2A1",5.63674530272835e-11,-0.235839939899597,0.144,0.182,1.50709659159048e-06
"TGFA","TGFA",5.76258925824933e-11,-0.22454651689158,0.177,0.219,1.54074348997812e-06
"EDEM3","EDEM3",5.76325430103108e-11,0.317608722848118,0.318,0.278,1.54092130246668e-06
"ZFX","ZFX",5.84435820889106e-11,0.391509705517569,0.233,0.196,1.5626060543112e-06
"XRN2","XRN2",5.8706978805354e-11,0.345095563507234,0.366,0.328,1.56964849231875e-06
"SYTL2","SYTL2",5.93605641978882e-11,-0.185644793439527,0.223,0.271,1.58712340495894e-06
"ARRDC2","ARRDC2",5.95656091145205e-11,0.412620691051496,0.193,0.158,1.59260569089493e-06
"ARMC8","ARMC8",6.06086012672316e-11,0.239616221853026,0.491,0.458,1.62049217208197e-06
"TCTN1","TCTN1",6.08445493739966e-11,-0.527003933456143,0.052,0.076,1.62680071661255e-06
"NBEA","NBEA",6.18001494110792e-11,0.146020466360431,0.59,0.551,1.65235059480403e-06
"QPCT","QPCT",6.21637542994283e-11,2.11613690162402,0.011,0.003,1.66207229870381e-06
"ENSG00000223774","ENSG00000223774",6.2240043914219e-11,-1.02158469820574,0.016,0.031,1.66411205413447e-06
"ST6GALNAC3","ST6GALNAC3",6.26225657578552e-11,0.256411716393597,0.724,0.718,1.67433954066777e-06
"MARK2","MARK2",6.30491698605105e-11,0.308947596175769,0.362,0.323,1.68574565456047e-06
"RNASE2","RNASE2",6.3117153745246e-11,1.33685790835107,0.016,0.006,1.68756333968664e-06
"TGFB2","TGFB2",6.32434132569147e-11,1.1608145276832,0.026,0.012,1.69093914025013e-06
"CT69","CT69",6.32867162707329e-11,-0.49070865909897,0.075,0.104,1.69209693293059e-06
"MGAT3","MGAT3",6.38890676178468e-11,-0.275915123887717,0.157,0.196,1.70820200089837e-06
"C2orf92","C2orf92",6.46748002454177e-11,-0.461236112231452,0.091,0.122,1.72921013416173e-06
"APPBP2","APPBP2",6.49834043645248e-11,-0.1729306034716,0.444,0.494,1.7374612824943e-06
"DDX6","DDX6",6.53238565829627e-11,0.2455762999752,0.411,0.373,1.74656395345867e-06
"ASTN1","ASTN1",6.63825315334675e-11,-0.250881335837731,0.164,0.205,1.77486974561032e-06
"ENSG00000259519","ENSG00000259519",6.71991853552661e-11,-1.41006604822991,0.007,0.019,1.79670461884375e-06
"HSD11B1-AS1","HSD11B1-AS1",6.74568090225249e-11,-0.680526082590637,0.03,0.049,1.80359270283525e-06
"SPCS3","SPCS3",6.78538912549005e-11,0.374959956986963,0.243,0.206,1.81420949048227e-06
"SIPA1L1-AS1","SIPA1L1-AS1",6.81393859604945e-11,-1.21150768103689,0.009,0.021,1.82184276242574e-06
"PXN","PXN",7.01074413679625e-11,0.531022918119556,0.128,0.098,1.87446265985521e-06
"AGFG1","AGFG1",7.11340836995803e-11,0.270488841241683,0.491,0.461,1.90191199587568e-06
"LYSMD4","LYSMD4",7.11923974594926e-11,-0.636470433169472,0.051,0.075,1.90347113087445e-06
"NME5","NME5",7.22883374175547e-11,-0.631628651421593,0.026,0.044,1.93277327753316e-06
"OSBPL8","OSBPL8",7.23777121193062e-11,0.293754445832914,0.437,0.4,1.93516288893389e-06
"SCG5","SCG5",7.90622089415366e-11,-0.254952081351606,0.2,0.242,2.11388628046987e-06
"HLTF","HLTF",8.07818499685645e-11,-0.226434170968105,0.229,0.274,2.15986432260951e-06
"ARFGAP1","ARFGAP1",8.11486736320654e-11,-0.258528982348615,0.126,0.163,2.16967208690053e-06
"USP4","USP4",8.11777452327225e-11,0.367406289663465,0.222,0.185,2.1704493742873e-06
"ROR2","ROR2",8.1636171351095e-11,1.15109844831474,0.062,0.041,2.18270631341423e-06
"CEP135","CEP135",8.42853355284016e-11,0.492898857079178,0.102,0.075,2.25353701602287e-06
"AGBL3","AGBL3",8.46118000881997e-11,-0.420353229641368,0.081,0.11,2.2622656989582e-06
"ANKRD13C-DT","ANKRD13C-DT",8.62909910146263e-11,-0.550725851622035,0.042,0.065,2.30716222675806e-06
"PRPF38B","PRPF38B",8.67739628637997e-11,0.313208991727717,0.327,0.288,2.32007544508941e-06
"GRIN1","GRIN1",8.7170760577119e-11,-0.883969225118791,0.015,0.031,2.33068462555043e-06
"CEACAM16-AS1","CEACAM16-AS1",8.75789750558165e-11,1.13018172199593,0.024,0.011,2.34159905606737e-06
"CFAP43","CFAP43",8.96583370599027e-11,-1.04503868100709,0.022,0.04,2.39719495797062e-06
"SERPINF2","SERPINF2",9.0539125822226e-11,1.29637187771553,0.023,0.01,2.42074460710886e-06
"LARP6","LARP6",9.09059804705899e-11,-0.152253954351255,0.248,0.296,2.43055319984216e-06
"PGBD1","PGBD1",9.21166913687702e-11,-0.437968256668015,0.066,0.093,2.46292397712681e-06
"CD2AP","CD2AP",9.24525779464348e-11,0.499859527487327,0.208,0.174,2.47190457655383e-06
"TRAF3IP1","TRAF3IP1",9.26423873148015e-11,-0.383998419111909,0.088,0.118,2.47697950963585e-06
"DEPDC1B","DEPDC1B",9.41675645422158e-11,0.674365865791853,0.087,0.062,2.51775817316522e-06
"YAF2","YAF2",9.97967689793612e-11,0.262747680191507,0.345,0.303,2.66826621220118e-06
"BCL2L1-AS1","BCL2L1-AS1",1.00827158486311e-10,0.728308649478379,0.056,0.036,2.6958157364485e-06
"CDC27","CDC27",1.02003800106292e-10,0.228172757086249,0.455,0.415,2.72727560344193e-06
"TREH","TREH",1.02055540718705e-10,-1.68959175334706,0.004,0.013,2.72865899219601e-06
"KCTD3","KCTD3",1.0259818389014e-10,-0.142555943396439,0.343,0.398,2.74316764267069e-06
"ELK4","ELK4",1.02821347425281e-10,0.424804816580909,0.166,0.132,2.74913436610973e-06
"MTHFD2L","MTHFD2L",1.03233573408217e-10,-0.320832071285105,0.211,0.252,2.7601560522155e-06
"SHROOM1","SHROOM1",1.05059932782331e-10,-0.272085751677069,0.176,0.217,2.80898742280119e-06
"FZD1","FZD1",1.05322190777701e-10,2.17238575693743,0.011,0.003,2.81599941482339e-06
"TMEM106B","TMEM106B",1.05998839830735e-10,-0.1696143065592,0.267,0.316,2.83409098055436e-06
"MIR142HG","MIR142HG",1.07114345365997e-10,0.674444476722431,0.028,0.014,2.86391625205067e-06
"STMP1","STMP1",1.07334277038179e-10,0.433538990019115,0.177,0.142,2.8697965651698e-06
"TYW1","TYW1",1.07826653273475e-10,-0.259227500936686,0.271,0.317,2.88296122857289e-06
"BROX","BROX",1.08877161960192e-10,0.370083414470628,0.184,0.148,2.91104867932965e-06
"ENSG00000153113","ENSG00000153113",1.09641558844187e-10,0.305421800142432,0.385,0.349,2.93148635881702e-06
"ZNF727","ZNF727",1.10390479551011e-10,-0.367156077165943,0.078,0.107,2.95151025175539e-06
"MAN1C1","MAN1C1",1.12228667098818e-10,0.464129636400921,0.186,0.151,3.0006578722211e-06
"PLEKHA1","PLEKHA1",1.13238100343268e-10,-0.191784315432914,0.412,0.463,3.02764708887795e-06
"MATCAP2","MATCAP2",1.14041334008788e-10,-0.601620215728382,0.05,0.074,3.04912314739296e-06
"ENOPH1","ENOPH1",1.14333244250562e-10,-0.294739298129563,0.122,0.157,3.05692795152729e-06
"WDHD1","WDHD1",1.14846373112872e-10,-0.725377652519317,0.028,0.046,3.07064747791886e-06
"DYNC1LI2","DYNC1LI2",1.18420286351765e-10,-0.137797748871199,0.419,0.475,3.16620319618713e-06
"YARS1","YARS1",1.18983776693031e-10,0.426643551487934,0.194,0.158,3.18126923744157e-06
"ENSG00000280560","ENSG00000280560",1.20514947485135e-10,1.12397492010671,0.019,0.008,3.22220815091005e-06
"ENSG00000272720","ENSG00000272720",1.20646818099246e-10,-0.817125934903808,0.027,0.046,3.22573397551955e-06
"RHOG","RHOG",1.21085377668708e-10,-0.236645481371691,0.216,0.259,3.23745974272824e-06
"TMEM117","TMEM117",1.21368440206946e-10,0.24987740373772,0.484,0.448,3.24502798581313e-06
"SLC25A25","SLC25A25",1.21375442967359e-10,0.641793888081247,0.076,0.052,3.24521521861829e-06
"KLHL18","KLHL18",1.21626923339031e-10,0.441817852922686,0.171,0.137,3.25193904931568e-06
"AIFM1","AIFM1",1.22434339732028e-10,-0.364527795640934,0.085,0.116,3.27352694141523e-06
"MAP3K2","MAP3K2",1.22518306676349e-10,0.253283269388815,0.531,0.506,3.27577196560553e-06
"ATP6V1C1","ATP6V1C1",1.2414614024085e-10,0.421846405675043,0.243,0.208,3.3192953516196e-06
"ATOSB","ATOSB",1.25005085604445e-10,-0.401630463673132,0.055,0.081,3.34226097380606e-06
"EPB41L4A","EPB41L4A",1.26285201042458e-10,-0.262405877880478,0.172,0.211,3.37648742027221e-06
"ST13","ST13",1.29308742708836e-10,0.303604074020699,0.318,0.279,3.45732785380615e-06
"CCDC112","CCDC112",1.29866881937285e-10,-0.242014046638446,0.163,0.203,3.4722508223572e-06
"MS4A4E","MS4A4E",1.30269392224271e-10,0.760922309220065,0.026,0.013,3.48301273990032e-06
"CCND2","CCND2",1.33522065137837e-10,0.493364692644509,0.1,0.073,3.56997945559034e-06
"BSN","BSN",1.33523345055502e-10,-0.565324907039246,0.04,0.062,3.57001367674895e-06
"DDX4","DDX4",1.33535817768733e-10,-1.16121528775474,0.009,0.022,3.5703471596826e-06
"GNL3","GNL3",1.34191261810567e-10,0.530131573305044,0.101,0.074,3.58787176702912e-06
"ERGIC2","ERGIC2",1.34609716566006e-10,-0.264711122279222,0.192,0.233,3.59905999182532e-06
"TECR","TECR",1.34901036996821e-10,-0.223031068446841,0.294,0.342,3.60684902618402e-06
"SLC35F2","SLC35F2",1.35221443551603e-10,1.02425888694325,0.037,0.021,3.61541573623922e-06
"LEPROTL1","LEPROTL1",1.35448739649491e-10,0.500588035461417,0.148,0.116,3.62149295200844e-06
"ENSG00000232931","ENSG00000232931",1.36126500576602e-10,-0.500923051377519,0.052,0.076,3.6396142459166e-06
"PLCB3","PLCB3",1.37243908332905e-10,1.0841243247013,0.025,0.012,3.66949037709687e-06
"IL1A","IL1A",1.37463041043914e-10,1.26389550138412,0.013,0.004,3.67534932839112e-06
"ATF7IP","ATF7IP",1.38916395172425e-10,0.25631768871048,0.54,0.512,3.71420765772512e-06
"LONRF1","LONRF1",1.38992931508758e-10,-0.439112449588583,0.073,0.101,3.71625400974967e-06
"HERC1","HERC1",1.41783964581869e-10,-0.139574522249096,0.611,0.656,3.79087786102542e-06
"NHLH2","NHLH2",1.42409246879883e-10,-1.17305813349651,0.011,0.024,3.80759603382743e-06
"FLYWCH1","FLYWCH1",1.4252620043905e-10,-0.307616578891424,0.127,0.162,3.81072302113887e-06
"VCAN-AS1","VCAN-AS1",1.42652382437966e-10,1.05387209320774,0.032,0.017,3.81409674924389e-06
"SLC16A13","SLC16A13",1.42781792141935e-10,1.42782399122011,0.015,0.006,3.81755677649892e-06
"ENSG00000285441","ENSG00000285441",1.42883448945941e-10,0.545069952221715,0.093,0.067,3.82027477446763e-06
"FAM149B1","FAM149B1",1.43439391375872e-10,-0.281581667386345,0.148,0.186,3.83513900721668e-06
"ZNG1F","ZNG1F",1.43699676352562e-10,0.613960346164146,0.077,0.053,3.84209824663846e-06
"SIGIRR","SIGIRR",1.45296997289044e-10,0.719749180429535,0.068,0.046,3.88480581651716e-06
"LENG8","LENG8",1.45301214063017e-10,-0.166522531217944,0.301,0.35,3.88491856040288e-06
"ENSG00000268163","ENSG00000268163",1.45619095626749e-10,-0.492481365608223,0.081,0.109,3.89341775977238e-06
"WDR35","WDR35",1.4565936360726e-10,-0.360809634351676,0.102,0.135,3.89449440476732e-06
"CEACAM21","CEACAM21",1.45805565982008e-10,0.639843907265495,0.034,0.018,3.89840341766094e-06
"ANKHD1-EIF4EBP3","ANKHD1-EIF4EBP3",1.47327884746408e-10,0.796289560933931,0.054,0.034,3.9391056544647e-06
"ENSG00000236591","ENSG00000236591",1.47627279566312e-10,1.54562129611173,0.014,0.004,3.94711057376449e-06
"ENSG00000235450","ENSG00000235450",1.48161513768359e-10,-0.553260823081669,0.064,0.09,3.96139439362462e-06
"ZNF793","ZNF793",1.48456210730278e-10,-0.345012658282666,0.097,0.128,3.96927370629545e-06
"PRR22","PRR22",1.48725553902451e-10,-1.50375222089523,0.004,0.014,3.97647513468984e-06
"LOC158434","LOC158434",1.48777604625913e-10,-0.603784924991497,0.04,0.062,3.97786681488302e-06
"ZNF385A","ZNF385A",1.49613637224101e-10,0.820492177682553,0.03,0.015,4.00021981846078e-06
"ENSG00000271009","ENSG00000271009",1.52088452680129e-10,0.997584870983725,0.028,0.014,4.06638895930861e-06
"MEF2C-AS2","MEF2C-AS2",1.5627968866958e-10,-0.975056626401184,0.015,0.03,4.17845003595856e-06
"ANGPTL1","ANGPTL1",1.5654054983043e-10,0.910042965327385,0.021,0.009,4.18542468081621e-06
"SALL1","SALL1",1.58661688375734e-10,0.394092747934527,0.223,0.187,4.242137562102e-06
"LRP1B","LRP1B",1.60865295559884e-10,-0.135081658994959,0.665,0.772,4.30105540738462e-06
"FRAT2","FRAT2",1.60915437573248e-10,1.01027930031237,0.021,0.01,4.30239605439593e-06
"MX1","MX1",1.61678728480282e-10,0.606668705350288,0.049,0.03,4.32280416337731e-06
"PCF11","PCF11",1.62049040572322e-10,0.311674846656629,0.334,0.296,4.33270519778217e-06
"MICB","MICB",1.64184951755125e-10,1.46795393677832,0.013,0.004,4.38981305507676e-06
"TOMM20","TOMM20",1.67230480883137e-10,-0.2427523042241,0.199,0.24,4.47124136737244e-06
"ENSG00000275450","ENSG00000275450",1.70214858909019e-10,1.22187171522674,0.023,0.011,4.55103468265043e-06
"SEPTIN7-DT","SEPTIN7-DT",1.71015357041694e-10,-0.500222704728224,0.065,0.091,4.57243760122378e-06
"CTR9","CTR9",1.72026792712216e-10,0.542292974510522,0.136,0.105,4.59948035674653e-06
"IL18R1","IL18R1",1.72809115498848e-10,1.58970173852369,0.012,0.004,4.62039732109271e-06
"SIMC1","SIMC1",1.73878390059596e-10,0.443025469049979,0.187,0.152,4.64898651502342e-06
"ZMIZ1","ZMIZ1",1.7494477657826e-10,0.302058530946107,0.458,0.43,4.67749849137293e-06
"ENSG00000254263","ENSG00000254263",1.76226279165426e-10,1.61562627547434,0.015,0.005,4.711762026046e-06
"FAM216A","FAM216A",1.76438640715666e-10,0.588229206850392,0.089,0.064,4.71743993681477e-06
"USP14","USP14",1.77719042188879e-10,-0.170849372521102,0.305,0.354,4.75167403100405e-06
"TAFA2","TAFA2",1.79429246357574e-10,-0.390820696962368,0.162,0.199,4.79739975986247e-06
"MCMBP","MCMBP",1.8113328444246e-10,0.435197434236255,0.196,0.161,4.84296062613806e-06
"PIK3CD-AS2","PIK3CD-AS2",1.81298919213907e-10,1.62293633406567,0.011,0.003,4.84738920302222e-06
"PCNX4-DT","PCNX4-DT",1.82624566072485e-10,-0.69654327859837,0.032,0.052,4.88283302308004e-06
"CHAMP1","CHAMP1",1.82845485504784e-10,-0.557234327776821,0.047,0.071,4.88873974594142e-06
"KBTBD2","KBTBD2",1.83163358629528e-10,0.473975075636705,0.197,0.163,4.8972387196777e-06
"IRF3","IRF3",1.8384806829506e-10,0.524943391010686,0.116,0.088,4.91554580200501e-06
"MEX3D","MEX3D",1.866711599519e-10,-0.907374121253476,0.014,0.029,4.99102680363395e-06
"OSGEP","OSGEP",1.86786661566394e-10,-0.334245032202177,0.088,0.118,4.99411497030069e-06
"PREP","PREP",1.87911912632736e-10,0.403741439508319,0.19,0.155,5.02420080806145e-06
"PTCSC3","PTCSC3",1.88133362891417e-10,-0.516372727928191,0.033,0.054,5.0301217236278e-06
"FBXO42","FBXO42",1.90988941883718e-10,0.273669488401096,0.369,0.329,5.10647133914498e-06
"FAM131B-AS2","FAM131B-AS2",1.92933145342085e-10,1.44200126011655,0.016,0.006,5.15845350701133e-06
"PAQR4","PAQR4",1.93782849596158e-10,-0.266949443674722,0.149,0.186,5.18117204965246e-06
"MYO9A","MYO9A",1.95341540690258e-10,-0.157744572380811,0.49,0.541,5.22284677343543e-06
"FAM174A-DT","FAM174A-DT",1.96087415814877e-10,-0.785088860809699,0.026,0.043,5.24278923664236e-06
"UFL1","UFL1",1.96155236953403e-10,-0.205793253988994,0.254,0.3,5.24460257042314e-06
"LINC01193","LINC01193",1.97435711134553e-10,1.93156627596807,0.01,0.002,5.27883860860453e-06
"PSD4","PSD4",1.97533028752544e-10,0.958022144010746,0.03,0.015,5.28144058975678e-06
"CENPP","CENPP",1.97969422708865e-10,-0.195793838012008,0.201,0.243,5.29310845496691e-06
"TSBP1","TSBP1",2.02927290145559e-10,0.908649920010083,0.036,0.021,5.4256669566218e-06
"CLDN12","CLDN12",2.04626425709233e-10,0.491724662616394,0.112,0.083,5.47109674418775e-06
"CTDP1-DT","CTDP1-DT",2.05096664394508e-10,-0.92301629893595,0.015,0.03,5.48366951591597e-06
"RTL8C","RTL8C",2.0535722550301e-10,-0.262802907176504,0.14,0.176,5.49063613827398e-06
"ENSG00000274220","ENSG00000274220",2.06396517902835e-10,-1.16618893163448,0.014,0.028,5.5184236991681e-06
"MAP7D3","MAP7D3",2.09416422859665e-10,1.03372742321174,0.038,0.022,5.59916689799887e-06
"FECH","FECH",2.11897538732418e-10,-0.289637945637813,0.152,0.189,5.66550449308866e-06
"KANSL3","KANSL3",2.12353732812396e-10,-0.219216675572518,0.191,0.233,5.67770175420503e-06
"LOC102723831","LOC102723831",2.12960399578172e-10,0.944292645765336,0.028,0.014,5.69392220352158e-06
"ENSG00000203279","ENSG00000203279",2.14360268686625e-10,-0.85516027929576,0.019,0.035,5.7313505038743e-06
"ANKRD36","ANKRD36",2.15679840049987e-10,-0.170909453089314,0.442,0.493,5.7666318834165e-06
"NAV2","NAV2",2.16014932107326e-10,-0.169234526339618,0.493,0.557,5.77559123975357e-06
"SYT16","SYT16",2.16621947143173e-10,-0.451716186086232,0.094,0.124,5.79182100076702e-06
"KLHDC10","KLHDC10",2.20240111703623e-10,-0.208870222864131,0.261,0.307,5.88855986661976e-06
"GMDS","GMDS",2.20535559256477e-10,0.377838564543148,0.296,0.26,5.89645924784042e-06
"NCK1-DT","NCK1-DT",2.22292535062815e-10,0.628254427423512,0.085,0.06,5.94343550997449e-06
"ENSG00000255672","ENSG00000255672",2.22978989104681e-10,1.66586612302399,0.013,0.004,5.96178923169186e-06
"ENSG00000273151","ENSG00000273151",2.27086307630466e-10,-0.777168156197382,0.027,0.045,6.07160660711577e-06
"BRCA2","BRCA2",2.32903990326383e-10,1.06684665140383,0.019,0.008,6.2271539893565e-06
"NUDT4","NUDT4",2.33080572007913e-10,0.573962524567022,0.064,0.042,6.23187525377556e-06
"MTLN","MTLN",2.33299676626384e-10,0.649869757791667,0.075,0.052,6.23773345395963e-06
"ENSG00000268056","ENSG00000268056",2.33380924382232e-10,1.16197713888479,0.024,0.011,6.23990577520775e-06
"NCOA2","NCOA2",2.36696583862231e-10,0.215446569059822,0.62,0.596,6.32855656272446e-06
"IFRD1","IFRD1",2.37727886308132e-10,0.364084381231653,0.206,0.17,6.35613049622053e-06
"ENSG00000251450","ENSG00000251450",2.39924550619129e-10,-1.32758859485047,0.008,0.02,6.41486270990365e-06
"GYS2","GYS2",2.41605104326685e-10,1.50852941980294,0.015,0.005,6.45979567438259e-06
"PDC-AS1","PDC-AS1",2.42874355106387e-10,-0.331736512726927,0.137,0.172,6.49373163247948e-06
"TMEM168","TMEM168",2.46381328919553e-10,-0.231116980763734,0.241,0.284,6.58749759132209e-06
"KIF16B","KIF16B",2.50031102734712e-10,0.317215458707686,0.435,0.405,6.685081593818e-06
"SMAD2","SMAD2",2.50648150142356e-10,0.24047021360362,0.499,0.465,6.70157959035618e-06
"TMEM171","TMEM171",2.59665365849374e-10,-1.44101698977418,0.005,0.015,6.94267288671472e-06
"METTL8","METTL8",2.65651291149543e-10,0.384939235584719,0.219,0.183,7.10271857146533e-06
"RABL3","RABL3",2.68848087334498e-10,-0.495647692858164,0.066,0.092,7.18819131106249e-06
"C9orf72","C9orf72",2.69732342275852e-10,0.351125422255895,0.241,0.204,7.21183363542945e-06
"ENSG00000250938","ENSG00000250938",2.78699771658332e-10,-0.450854461584688,0.127,0.161,7.45159579482883e-06
"C17orf100","C17orf100",2.82184213954983e-10,-0.954666737541888,0.02,0.036,7.54475932851438e-06
"CBFA2T2","CBFA2T2",2.85372643770881e-10,-0.147601879920946,0.509,0.56,7.63000837650205e-06
"ENSG00000270344","ENSG00000270344",2.86915016217354e-10,-0.372218236257587,0.109,0.141,7.67124678860338e-06
"ENSG00000275367","ENSG00000275367",2.88085035429284e-10,-0.869039718819754,0.018,0.034,7.70252959227276e-06
"RAP1A","RAP1A",2.88496879159053e-10,0.266763137639099,0.612,0.595,7.71354105807561e-06
"SYCP3","SYCP3",2.91636353341776e-10,1.00388804333843,0.029,0.015,7.79748117929907e-06
"PAX3","PAX3",2.92764124388736e-10,0.516783690686128,0.066,0.044,7.82763439378162e-06
"ATF5","ATF5",2.93633801295614e-10,0.924481154431852,0.039,0.022,7.85088694524082e-06
"GSTM3","GSTM3",2.94926861657176e-10,0.869794546465775,0.046,0.028,7.88545950012792e-06
"ENSG00000250057","ENSG00000250057",2.9543796570323e-10,0.938463757478876,0.033,0.018,7.89912488900726e-06
"CDK14","CDK14",2.96821118982022e-10,0.259744019789734,0.295,0.254,7.93610625822233e-06
"ENSG00000264513","ENSG00000264513",2.97364284082138e-10,-1.25705594985449,0.013,0.026,7.95062886350412e-06
"ASCC3","ASCC3",3.00462301606973e-10,0.22788960153102,0.497,0.463,8.03346055806565e-06
"ENSG00000238009","ENSG00000238009",3.01187970717571e-10,0.886107817453764,0.039,0.022,8.0528627730757e-06
"RND2","RND2",3.03576986481957e-10,0.708095660782528,0.066,0.045,8.1167378875681e-06
"GPRC5D-AS1","GPRC5D-AS1",3.1137255463845e-10,1.06029089593895,0.03,0.016,8.32516799336825e-06
"ENSG00000273269","ENSG00000273269",3.11554971854383e-10,1.08427364938809,0.018,0.007,8.33004528247065e-06
"TRAPPC8","TRAPPC8",3.13021547088956e-10,0.269931442824399,0.393,0.353,8.36925710451742e-06
"MYO1C","MYO1C",3.14509391587764e-10,0.871242643670844,0.038,0.022,8.40903760288206e-06
"TANK","TANK",3.16123257677133e-10,0.351294365134663,0.4,0.369,8.45218754051351e-06
"MBD5","MBD5",3.17692207131124e-10,-0.111798401866109,0.749,0.771,8.49413654206486e-06
"SIAH2","SIAH2",3.19899771288826e-10,0.56935624686801,0.083,0.058,8.55316018494933e-06
"CLCA4","CLCA4",3.24483637061713e-10,-0.394506844525529,0.101,0.132,8.67571900411902e-06
"ENSG00000260536","ENSG00000260536",3.27566652290604e-10,1.0055279493652,0.022,0.01,8.75814958229387e-06
"MAP3K21","MAP3K21",3.27878733016357e-10,0.900591320790916,0.024,0.012,8.76649368465834e-06
"PRPF3","PRPF3",3.32533483000574e-10,-0.331113773287055,0.144,0.18,8.89094773498634e-06
"LSM8","LSM8",3.40658495235229e-10,0.43948129335504,0.134,0.104,9.10818618710433e-06
"XPO6","XPO6",3.40887748458177e-10,-0.161787331351304,0.362,0.413,9.11431573052629e-06
"ENSG00000233862","ENSG00000233862",3.4360467510071e-10,-0.894933074567341,0.028,0.047,9.18695819816768e-06
"ENSG00000285446","ENSG00000285446",3.44952493767246e-10,1.36150412359069,0.016,0.006,9.22299482585484e-06
"N4BP2","N4BP2",3.45765992647814e-10,0.495210035364511,0.104,0.077,9.24474534542461e-06
"CLUAP1","CLUAP1",3.47301248962778e-10,-0.477637086322158,0.068,0.095,9.28579349351779e-06
"LOC105369306","LOC105369306",3.47344722636867e-10,-0.490169626467678,0.062,0.087,9.28695584914192e-06
"CIMIP6","CIMIP6",3.54255658094158e-10,-1.40814401729173,0.007,0.018,9.47173353046351e-06
"GNPTG","GNPTG",3.61095069087501e-10,-0.295527646486683,0.147,0.183,9.65459886219251e-06
"TRAPPC6A","TRAPPC6A",3.61539116953152e-10,-0.57883060827967,0.064,0.089,9.66647136997642e-06
"LINC00880","LINC00880",3.63557420703378e-10,-1.44526733583994,0.006,0.016,9.72043475734621e-06
"ENSG00000260170","ENSG00000260170",3.63608384444561e-10,1.76759286605603,0.011,0.003,9.72179737489423e-06
"CLTC","CLTC",3.65934686126532e-10,0.266136197347582,0.478,0.449,9.78399570296509e-06
"ENSG00000215790","ENSG00000215790",3.68267505001949e-10,0.484003459093956,0.111,0.083,9.84636828123711e-06
"ERP44","ERP44",3.6943601592237e-10,0.332912385227229,0.337,0.304,9.8776107577164e-06
"SFXN5","SFXN5",3.69671991873066e-10,0.357160331252918,0.223,0.188,9.88392004671016e-06
"RAPGEF2","RAPGEF2",3.70947984140145e-10,0.20923102555168,0.58,0.555,9.91803625195505e-06
"PBLD","PBLD",3.71061252186358e-10,-0.662165697545658,0.025,0.043,9.92106469970665e-06
"ADARB2-AS1","ADARB2-AS1",3.76614149205918e-10,0.736157044120343,0.06,0.039,1.00695325073186e-05
"CHRNA4","CHRNA4",3.77735621165575e-10,-0.903368512426334,0.016,0.031,1.0099517303104e-05
"SCNM1","SCNM1",3.80799005420662e-10,0.580129284628664,0.091,0.066,1.01814230079322e-05
"NOL9","NOL9",3.82748369675654e-10,-0.317430895993108,0.101,0.132,1.0233543160018e-05
"C19orf81","C19orf81",3.83423066686334e-10,0.784693161289899,0.044,0.027,1.02515825339925e-05
"WDR6","WDR6",3.84101298314951e-10,0.320997685084615,0.171,0.136,1.02697164130468e-05
"CTF1","CTF1",3.84697215416352e-10,1.35542215639237,0.015,0.006,1.0285649448587e-05
"ZNF3","ZNF3",3.86860334965845e-10,-0.39485221466997,0.093,0.123,1.03434847759818e-05
"MRPL3","MRPL3",3.88545962318007e-10,0.363080575262735,0.196,0.161,1.03885533944966e-05
"AKAP1-DT","AKAP1-DT",3.89815483483103e-10,-1.43380885142577,0.006,0.016,1.04224965818877e-05
"FAM110A","FAM110A",3.90367940119626e-10,1.52000640997524,0.014,0.005,1.04372676149784e-05
"CD63","CD63",3.93325929032583e-10,0.367573412112175,0.234,0.198,1.05163553645442e-05
"AEN","AEN",3.93348649881977e-10,0.763680261390015,0.028,0.015,1.05169628518944e-05
"RNF41","RNF41",3.95215639343392e-10,0.496599922995894,0.114,0.086,1.05668805491243e-05
"MAFF","MAFF",3.95252753893403e-10,1.0862022534614,0.03,0.016,1.05678728808479e-05
"RECQL5","RECQL5",3.96806284300353e-10,-0.395570040191266,0.076,0.103,1.06094096233385e-05
"GLIS3","GLIS3",3.99367255668701e-10,0.762899161954842,0.084,0.06,1.06778823148141e-05
"GTF2F2","GTF2F2",4.00478967289725e-10,0.244247844579203,0.312,0.271,1.07076061484254e-05
"FLII","FLII",4.0940545411149e-10,0.569608452714279,0.107,0.08,1.09462736265789e-05
"ENSG00000283088","ENSG00000283088",4.13846403659352e-10,1.07505937022472,0.019,0.008,1.10650112946401e-05
"HDLBP","HDLBP",4.27756259574966e-10,0.30080963749431,0.357,0.32,1.14369191122559e-05
"DESI2","DESI2",4.29350166901787e-10,0.378261572991491,0.186,0.151,1.14795354124531e-05
"SYNE3","SYNE3",4.35786289072958e-10,-0.293069485277563,0.152,0.187,1.16516180109437e-05
"LOC105377730","LOC105377730",4.37508616296052e-10,1.40357947699633,0.013,0.005,1.16976678739075e-05
"N4BP1","N4BP1",4.48625683008598e-10,0.377596618715726,0.299,0.264,1.19949048866009e-05
"MAN2C1","MAN2C1",4.53656527719221e-10,0.465271077934451,0.168,0.135,1.21294145816288e-05
"PKIB","PKIB",4.59629215043113e-10,-0.614613383180681,0.024,0.041,1.22891063226077e-05
"MAP1S","MAP1S",4.6129365902227e-10,0.51462697323373,0.108,0.081,1.23336085612784e-05
"ANK2-AS1","ANK2-AS1",4.61665085421952e-10,-0.691315793534508,0.044,0.066,1.23435393889267e-05
"APBB3","APBB3",4.67370724072401e-10,-0.477363694457284,0.049,0.072,1.24960910495238e-05
"GPR108","GPR108",4.67397718110279e-10,0.963765065358863,0.031,0.017,1.24968127891145e-05
"ENSG00000280571","ENSG00000280571",4.75745538684108e-10,0.937027352598307,0.03,0.016,1.2720008467797e-05
"SGSM2","SGSM2",4.76962641279074e-10,0.43912705492851,0.108,0.08,1.27525501398786e-05
"ARHGAP33","ARHGAP33",4.87047242680332e-10,-0.480095822892936,0.092,0.121,1.3022182127544e-05
"RTN4IP1","RTN4IP1",4.89972179151128e-10,-0.438578551781837,0.075,0.103,1.31003861539637e-05
"LINC02199","LINC02199",4.91518701128927e-10,-0.550530938081472,0.064,0.09,1.31417355120841e-05
"EXPH5","EXPH5",4.95848317138473e-10,1.3937418274455,0.016,0.006,1.32574964553313e-05
"ENSG00000108448","ENSG00000108448",5.00499045679715e-10,-0.331286134491264,0.093,0.123,1.33818429843385e-05
"MTCL1","MTCL1",5.04562451168541e-10,-0.239001405021006,0.127,0.161,1.34904862568933e-05
"TAFAZZIN","TAFAZZIN",5.17938669485962e-10,-0.235270737895473,0.178,0.218,1.38481262060462e-05
"AKR1A1","AKR1A1",5.23566579526914e-10,0.446081527043462,0.139,0.108,1.39985996368111e-05
"LINC00463","LINC00463",5.25572675908068e-10,-0.913353050640393,0.021,0.037,1.4052236635754e-05
"NFYA","NFYA",5.31883148336719e-10,0.49434423909052,0.119,0.09,1.42209597370789e-05
"ZNF415","ZNF415",5.34499590996373e-10,-0.615515926203756,0.05,0.073,1.429091556447e-05
"KIAA1328","KIAA1328",5.36644304018511e-10,-0.162541073911967,0.435,0.484,1.43482587565429e-05
"FBXO27","FBXO27",5.36809954578494e-10,-0.448491525126257,0.056,0.081,1.43526877555652e-05
"CACNA1C","CACNA1C",5.48278688658542e-10,-0.303036902104686,0.152,0.188,1.46593272986634e-05
"ENSG00000255198","ENSG00000255198",5.48377758694158e-10,0.51847003317475,0.087,0.062,1.46619761342057e-05
"ENSG00000229694","ENSG00000229694",5.5821198179894e-10,1.1552850671074,0.021,0.009,1.49249137573583e-05
"PBX3","PBX3",5.62375453544464e-10,0.188388365212996,0.49,0.445,1.50362325014183e-05
"P2RY11","P2RY11",5.67930384103878e-10,0.883573128354124,0.035,0.02,1.51847546797854e-05
"GALE","GALE",5.68513888770613e-10,0.970337479992877,0.032,0.018,1.52003558440599e-05
"ZC3H12D","ZC3H12D",5.74526003030022e-10,0.685816665223426,0.027,0.014,1.53611017430137e-05
"TSPAN33","TSPAN33",5.74919342231247e-10,0.917486537635574,0.036,0.02,1.53716184532368e-05
"FRS2","FRS2",5.7897138325572e-10,-0.166932301355941,0.322,0.371,1.54799578741082e-05
"BPHL","BPHL",5.81453700595586e-10,-0.42763616330382,0.039,0.06,1.55463275928242e-05
"MBOAT7","MBOAT7",5.81745904072687e-10,0.466980573097869,0.115,0.087,1.55541402371914e-05
"NACAD","NACAD",5.84775832545924e-10,-0.243491808999895,0.155,0.193,1.56351514347804e-05
"POU6F1","POU6F1",5.85908120383801e-10,-0.279134713906464,0.132,0.167,1.56654254147017e-05
"NELL1","NELL1",5.88183861056488e-10,-1.14117872456929,0.02,0.036,1.57262718930673e-05
"GBP1","GBP1",5.90406747739956e-10,1.4574747141183,0.017,0.007,1.57857052143232e-05
"PPM1M","PPM1M",5.91149099474996e-10,0.782029384573123,0.024,0.012,1.5805553472663e-05
"TNFRSF21","TNFRSF21",5.9436626832797e-10,-0.231976183751089,0.175,0.214,1.58915709162849e-05
"EPC2","EPC2",5.96135209721787e-10,0.268414533392328,0.462,0.43,1.59388671023314e-05
"PRKD2","PRKD2",5.98435084020541e-10,0.664500468026741,0.054,0.035,1.60003588414572e-05
"UHMK1","UHMK1",5.98706495077144e-10,0.435063620523975,0.201,0.167,1.60076155588776e-05
"SPAST","SPAST",6.00684407885561e-10,-0.185272897299243,0.264,0.308,1.60604990136363e-05
"DNAJB11","DNAJB11",6.0584102708426e-10,0.566947291803498,0.073,0.051,1.61983715411519e-05
"NR6A1","NR6A1",6.15055346350864e-10,0.347722339155415,0.276,0.239,1.64447347953831e-05
"EWSR1","EWSR1",6.16811832183485e-10,0.261317473603428,0.35,0.311,1.64916979570898e-05
"TDRD6","TDRD6",6.20029571171899e-10,0.422635908691854,0.086,0.061,1.65777306444231e-05
"RSBN1L","RSBN1L",6.22876102660139e-10,0.266707788796196,0.358,0.32,1.66538383568241e-05
"ALG2","ALG2",6.29166100924634e-10,0.57198488732505,0.072,0.049,1.68220140404219e-05
"TSSK3","TSSK3",6.2983050023373e-10,-0.849023103638785,0.023,0.039,1.68397780847492e-05
"DNAJC13","DNAJC13",6.36115968800585e-10,0.350382262500342,0.319,0.284,1.70078326578212e-05
"HMGXB4","HMGXB4",6.40947488448378e-10,-0.26886079536395,0.178,0.216,1.71370129986443e-05
"OS9","OS9",6.49174739315722e-10,0.351296339950034,0.198,0.163,1.73569850050845e-05
"NR3C1","NR3C1",6.57595697884599e-10,0.211353577459609,0.577,0.554,1.75821361743405e-05
"LARP1","LARP1",6.77046596302971e-10,0.267569967434745,0.396,0.359,1.81021948453525e-05
"MAU2","MAU2",6.77565008209049e-10,-0.21987997087801,0.252,0.295,1.81160556244853e-05
"ENSG00000284747","ENSG00000284747",6.82214332576791e-10,1.20695013239764,0.015,0.005,1.82403646101057e-05
"NADK","NADK",6.87135068314796e-10,0.517340882025488,0.103,0.076,1.83719303215327e-05
"ENSG00000251652","ENSG00000251652",6.88462463070856e-10,0.987290967381814,0.04,0.024,1.84074208751255e-05
"TOR4A","TOR4A",6.91488229629207e-10,1.31279170603869,0.012,0.004,1.84883207955961e-05
"TDO2","TDO2",6.96134202547745e-10,-1.18431833778928,0.005,0.015,1.86125401735191e-05
"LINC01310","LINC01310",6.96263246680855e-10,-1.21299754658471,0.013,0.026,1.8615990426506e-05
"CYTL1","CYTL1",6.96670905992671e-10,0.786184209616537,0.029,0.015,1.8626890013526e-05
"STT3B","STT3B",6.99493000939291e-10,0.290364675117059,0.349,0.312,1.87023443661138e-05
"ADGRG6","ADGRG6",7.04283387951649e-10,1.26128866937923,0.013,0.005,1.88304249436632e-05
"FBXO41","FBXO41",7.05230491285631e-10,0.7876515114881,0.035,0.019,1.88557476455039e-05
"USB1","USB1",7.07829937289934e-10,0.668703703032339,0.06,0.04,1.8925249033321e-05
"ENSG00000279851","ENSG00000279851",7.10915296946111e-10,-0.680090419112608,0.027,0.044,1.90077422944482e-05
"FAAP100","FAAP100",7.13676529175561e-10,-0.829114715770672,0.024,0.041,1.9081569360567e-05
"ENSG00000231770","ENSG00000231770",7.1872407289865e-10,-0.53828256286103,0.052,0.075,1.92165255370912e-05
"OAS1","OAS1",7.22463343735341e-10,0.664915584864783,0.033,0.018,1.93165024214518e-05
"G0S2","G0S2",7.25827358080849e-10,1.55823209531056,0.016,0.007,1.94064460730077e-05
"ENSG00000267748","ENSG00000267748",7.29014326245912e-10,2.21616417152009,0.011,0.003,1.9491656040837e-05
"SAT2","SAT2",7.30783377965815e-10,0.391187493533092,0.16,0.128,1.9538955176672e-05
"DUSP7","DUSP7",7.42371600240705e-10,-0.522684443175031,0.061,0.086,1.98487894756357e-05
"LOC105371240","LOC105371240",7.48090695625938e-10,1.32269914960616,0.019,0.008,2.00017009289507e-05
"TLDC2","TLDC2",7.5034221829938e-10,1.68300529236273,0.011,0.003,2.00618998906705e-05
"KCNQ5","KCNQ5",7.71372596375349e-10,1.51560173187601,0.044,0.027,2.06241891092877e-05
"ENSG00000231201","ENSG00000231201",7.71786851546892e-10,1.4527634958782,0.011,0.003,2.06352650498093e-05
"CRACR2A","CRACR2A",7.74009087850554e-10,0.917659519964765,0.036,0.02,2.06946809818603e-05
"NEK5","NEK5",7.87491434419592e-10,-0.675896918194643,0.027,0.044,2.10551584820766e-05
"RSBN1","RSBN1",8.0543361569843e-10,0.379496505992253,0.207,0.172,2.15348785829289e-05
"ZNF827","ZNF827",8.0650929398388e-10,-0.138398217298374,0.288,0.338,2.1563638993247e-05
"BRINP2","BRINP2",8.16523240020198e-10,-0.4557471818227,0.077,0.105,2.183138186842e-05
"ENSG00000282278","ENSG00000282278",8.24286957788875e-10,0.521702954251758,0.091,0.066,2.20389603904011e-05
"DAP3","DAP3",8.32038802531396e-10,0.304242282142254,0.295,0.257,2.22462214632819e-05
"APH1B","APH1B",8.34345003161517e-10,-0.299216878131316,0.132,0.166,2.23078823495295e-05
"IMPG2","IMPG2",8.47155266831788e-10,1.09017162796776,0.03,0.016,2.26503903692815e-05
"ENSG00000235189","ENSG00000235189",8.59380557111776e-10,-0.209185096385371,0.149,0.185,2.29772579554976e-05
"FGF14","FGF14",8.70507185685531e-10,-0.190796334858153,0.194,0.235,2.3274750623674e-05
"PDGFA","PDGFA",8.70759628807709e-10,-0.294645041262848,0.141,0.176,2.32815001954317e-05
"TPM3","TPM3",8.81726535307212e-10,0.427331969945276,0.19,0.157,2.35747223745089e-05
"KMT2D","KMT2D",8.91227265503888e-10,0.443179291733537,0.157,0.126,2.38287433977775e-05
"FEZ2","FEZ2",8.9249673095831e-10,0.301189632311778,0.379,0.345,2.38626850956323e-05
"GNL1","GNL1",8.9925401942674e-10,-0.430151390063275,0.059,0.083,2.40433547174127e-05
"RGS2","RGS2",9.04587043538943e-10,0.705056670931957,0.032,0.018,2.41859437831007e-05
"FGF11","FGF11",9.07121287636298e-10,1.08934092527433,0.024,0.012,2.42537018675317e-05
"FGFR3","FGFR3",9.15486977433843e-10,-0.569749943136727,0.04,0.06,2.44773753156487e-05
"MITF","MITF",9.24370210926237e-10,0.267031734945817,0.513,0.48,2.47148863295348e-05
"SRFBP1","SRFBP1",9.37880395466858e-10,0.39578693875942,0.215,0.181,2.50761081335974e-05
"MIDEAS-AS1","MIDEAS-AS1",9.42446766452211e-10,-0.800486406985057,0.019,0.035,2.51981991946328e-05
"TTC14","TTC14",9.529653918703e-10,-0.116252342163718,0.415,0.463,2.54794356824362e-05
"NKAPL","NKAPL",9.55325119281155e-10,0.799898223913307,0.039,0.023,2.55425277142202e-05
"SH3BGRL2","SH3BGRL2",9.65744431721893e-10,-0.460773469150711,0.09,0.119,2.58211088709483e-05
"ENSG00000279833","ENSG00000279833",9.70308845264316e-10,0.733785401674824,0.047,0.029,2.5943147595832e-05
"TBC1D10A","TBC1D10A",9.72507190492685e-10,0.82632661621453,0.031,0.017,2.60019247522029e-05
"CDR2L","CDR2L",9.76035190017112e-10,-0.413075094266929,0.087,0.115,2.60962528754875e-05
"KDM5D","KDM5D",9.97616633478602e-10,-0.26452109316124,0.216,0.255,2.66732759293174e-05
"SYNDIG1","SYNDIG1",9.99246740436573e-10,0.516096251777817,0.598,0.592,2.67168600990526e-05
"VIPR2","VIPR2",1.00301495105247e-09,-0.708567555139068,0.053,0.075,2.68176107462899e-05
"SPESP1","SPESP1",1.00411208482979e-09,-0.460463166589586,0.087,0.115,2.68469448120941e-05
"ENSG00000228043","ENSG00000228043",1.01271268980398e-09,0.532463798948817,0.131,0.103,2.70768991872889e-05
"FBXO25","FBXO25",1.01578199698496e-09,-0.222419334219381,0.198,0.237,2.71589632533868e-05
"LINC02981","LINC02981",1.03402728499083e-09,-0.381964294566737,0.093,0.122,2.76467875187998e-05
"ARMC1","ARMC1",1.03424336982141e-09,-0.249027002208119,0.164,0.202,2.76525649789152e-05
"ENSG00000260349","ENSG00000260349",1.03492674877824e-09,1.18158962864276,0.016,0.006,2.76708364820838e-05
"ACAN","ACAN",1.04234588836989e-09,0.8830126621852,0.031,0.017,2.78692020173456e-05
"SREBF2","SREBF2",1.04306329406699e-09,-0.134123128391653,0.523,0.575,2.78883832934692e-05
"PRIM1","PRIM1",1.0583939012581e-09,0.513143598427156,0.083,0.059,2.82982777379379e-05
"TSEN2","TSEN2",1.06165555806468e-09,-0.248478202779526,0.172,0.21,2.83854846559753e-05
"KANK2","KANK2",1.07180902988058e-09,1.36742240546852,0.02,0.009,2.8656958031917e-05
"ENSG00000227486","ENSG00000227486",1.07793372187432e-09,-0.411608800848251,0.083,0.111,2.88207139217538e-05
"MICALL1","MICALL1",1.07879840899845e-09,-0.414282966406749,0.082,0.109,2.88438330613916e-05
"INSYN2B","INSYN2B",1.08355633638102e-09,-0.439849545703544,0.154,0.186,2.89710457658192e-05
"YPEL5","YPEL5",1.09551281559577e-09,0.405281615191353,0.157,0.126,2.9290726150584e-05
"INKA1","INKA1",1.09986594717902e-09,1.50072969032782,0.014,0.005,2.94071158297254e-05
"TACC3","TACC3",1.11971922525984e-09,0.943636792315219,0.025,0.013,2.99379329257725e-05
"DELE1","DELE1",1.12992252562967e-09,0.438830841005249,0.164,0.133,3.02107385677606e-05
"CEP41","CEP41",1.14024731211478e-09,-0.383522762556041,0.075,0.102,3.04867923840129e-05
"EHD1","EHD1",1.14603528666804e-09,-0.473821737963021,0.07,0.095,3.06415454596435e-05
"RABGAP1","RABGAP1",1.15186953297435e-09,-0.139468964460539,0.508,0.552,3.07975357031351e-05
"RFX8","RFX8",1.15290924427415e-09,-1.71250949394906,0.004,0.013,3.0825334464158e-05
"CDK5RAP2","CDK5RAP2",1.15443696019084e-09,-0.180179763365251,0.454,0.499,3.08661810046225e-05
"ENSG00000277007","ENSG00000277007",1.16478581242947e-09,1.31838345418131,0.019,0.008,3.11428782669268e-05
"RIT1","RIT1",1.16580437804615e-09,0.604487284699573,0.063,0.043,3.11701116558199e-05
"ENSG00000255311","ENSG00000255311",1.19261084481494e-09,-0.40213414033254,0.101,0.131,3.18868361578171e-05
"INO80D","INO80D",1.2477937008996e-09,-0.195158207080271,0.38,0.424,3.33622601809525e-05
"SERAC1","SERAC1",1.25206109885824e-09,-0.352597720813401,0.134,0.166,3.34763576001726e-05
"ENSG00000237797","ENSG00000237797",1.26458141541166e-09,0.772671363237029,0.036,0.02,3.38111133038616e-05
"NVL","NVL",1.26794611249745e-09,-0.238128170857689,0.216,0.257,3.39010752098443e-05
"RFX1","RFX1",1.27874622291797e-09,0.549497168961741,0.093,0.068,3.41898377621578e-05
"ENSG00000267523","ENSG00000267523",1.27911095675068e-09,1.20810848932626,0.024,0.012,3.41995896506431e-05
"ZKSCAN7-AS1","ZKSCAN7-AS1",1.28658755545841e-09,-0.320743374393272,0.127,0.16,3.43994914702914e-05
"DMGDH","DMGDH",1.29154178429679e-09,-0.533534637156005,0.063,0.088,3.45319526867433e-05
"SPAG8","SPAG8",1.29867110175588e-09,-1.12897195575246,0.013,0.025,3.47225692476471e-05
"RAB23","RAB23",1.30039496999639e-09,0.922068425306715,0.045,0.028,3.47686603127935e-05
"PRPF40B","PRPF40B",1.31663478379525e-09,-0.226186145475113,0.199,0.239,3.52028642143336e-05
"GSTK1","GSTK1",1.33298848903762e-09,0.42855195847683,0.159,0.128,3.56401132313988e-05
"HCG22","HCG22",1.3384156192646e-09,1.21406149382815,0.018,0.008,3.57852184122776e-05
"TMOD1","TMOD1",1.35506704626143e-09,0.480699783215726,0.128,0.099,3.62304276158919e-05
"CYP2E1","CYP2E1",1.36243642955022e-09,-1.24604198201563,0.009,0.021,3.64274628168842e-05
"TTC39C","TTC39C",1.38276384695364e-09,0.584718997475996,0.081,0.058,3.69709569759994e-05
"PPP4R3A","PPP4R3A",1.38524317474576e-09,0.307169141306181,0.319,0.283,3.70372467631773e-05
"WSCD1","WSCD1",1.39185209491164e-09,-0.31081005205023,0.172,0.208,3.72139494616524e-05
"RAPGEF4-AS1","RAPGEF4-AS1",1.39702256891086e-09,1.08116055471956,0.019,0.008,3.73521924249697e-05
"LINC01978","LINC01978",1.40780772740452e-09,-0.921045972723253,0.013,0.026,3.76405552076147e-05
"ACTN4","ACTN4",1.42915825155401e-09,-0.105692886045165,0.479,0.537,3.82114041717997e-05
"SLC25A29","SLC25A29",1.44214437831966e-09,-0.188587382619781,0.324,0.368,3.85586142431328e-05
"PCYT1B","PCYT1B",1.44414888392405e-09,-0.246444567960745,0.158,0.195,3.86122087094773e-05
"PLA2G15","PLA2G15",1.46682259962022e-09,0.539120722097837,0.07,0.048,3.92184358460459e-05
"THOC1","THOC1",1.47145093492227e-09,-0.207601222320589,0.277,0.321,3.93421836470166e-05
"SLITRK1","SLITRK1",1.47664968306803e-09,-0.537131449157078,0.066,0.09,3.94811825761898e-05
"DDX21","DDX21",1.51473010604604e-09,0.471674253282713,0.166,0.136,4.04993388453529e-05
"ZNF746","ZNF746",1.52852327289821e-09,0.526529559405446,0.085,0.061,4.08681267474793e-05
"GVQW3","GVQW3",1.53469201858755e-09,-0.535092567004458,0.041,0.062,4.10330605009753e-05
"ZCCHC3","ZCCHC3",1.54499503221621e-09,0.579025069935505,0.063,0.042,4.13085321763648e-05
"ATOX1","ATOX1",1.54594663139872e-09,-0.232991988005911,0.193,0.233,4.13339750837075e-05
"TNFRSF12A","TNFRSF12A",1.55330255107491e-09,1.1168936659302,0.016,0.006,4.15306503080899e-05
"RAB12","RAB12",1.58984576420805e-09,0.338348396016064,0.293,0.258,4.25077061976307e-05
"SLC8B1","SLC8B1",1.61142510778415e-09,0.436153443407886,0.114,0.087,4.30846731068247e-05
"ZDHHC21","ZDHHC21",1.61193026670046e-09,-0.141883037066643,0.456,0.502,4.30981795407703e-05
"FDX1","FDX1",1.62083307646749e-09,0.423236246910691,0.129,0.1,4.33362139655114e-05
"SYNC","SYNC",1.63154644096464e-09,0.378655496799432,0.091,0.066,4.36226571920715e-05
"STRADB","STRADB",1.63991496862792e-09,-0.310127737148898,0.096,0.126,4.38464065162046e-05
"ELP1","ELP1",1.64883056646897e-09,-0.315306102974071,0.196,0.233,4.40847828556807e-05
"HSD17B12","HSD17B12",1.65440916891143e-09,-0.162806058383345,0.456,0.505,4.4233937949185e-05
"P2RX4","P2RX4",1.65460827758804e-09,0.434667178133699,0.128,0.1,4.42392615178715e-05
"CFAP410","CFAP410",1.65494963831371e-09,-0.383335730653799,0.074,0.1,4.42483884795937e-05
"HAGH","HAGH",1.65787601692441e-09,0.350462691828761,0.243,0.208,4.4326631064508e-05
"S100A13","S100A13",1.66832054895529e-09,-0.394182624403698,0.076,0.103,4.46058865174176e-05
"B4GALT4-AS1","B4GALT4-AS1",1.6736112495733e-09,1.18423311985083,0.02,0.009,4.47473439798413e-05
"PGLS-DT","PGLS-DT",1.69862588987239e-09,0.38745187333798,0.189,0.156,4.5416160417518e-05
"SNX32","SNX32",1.7056786262722e-09,-0.517629605440259,0.05,0.073,4.56047294306398e-05
"PARP2","PARP2",1.71035796755217e-09,-0.630827940560716,0.027,0.045,4.57298409784424e-05
"VCL","VCL",1.73841858625769e-09,0.542256492310762,0.08,0.057,4.64800977407719e-05
"GPR82","GPR82",1.74260308715293e-09,1.12086732942479,0.019,0.009,4.65919787412079e-05
"UBAP1L","UBAP1L",1.74730491845168e-09,-0.184477893878857,0.191,0.231,4.67176916046427e-05
"ENSG00000272564","ENSG00000272564",1.76530907901892e-09,-1.70640795587228,0.006,0.016,4.71990688457289e-05
"HDHD5","HDHD5",1.78959301397039e-09,0.485689554203614,0.123,0.096,4.78483484145264e-05
"EIF4E2","EIF4E2",1.79303209675025e-09,0.398458264265995,0.168,0.136,4.79402991708114e-05
"ZNF81","ZNF81",1.80205361739938e-09,0.331250594561069,0.207,0.172,4.81815075684071e-05
"LOC105372146","LOC105372146",1.80611208352669e-09,1.00889701165007,0.021,0.01,4.82900187772531e-05
"MICU3","MICU3",1.81346581347574e-09,-0.135852247042668,0.386,0.434,4.84866354549007e-05
"MAEA","MAEA",1.81957348425473e-09,0.445154063864552,0.152,0.122,4.86499362485187e-05
"NUTM2B-AS1","NUTM2B-AS1",1.8521162474313e-09,-0.17906295583377,0.412,0.461,4.95200321075707e-05
"DMP1-AS1","DMP1-AS1",1.85588586645512e-09,1.37230191958364,0.036,0.021,4.96208204114106e-05
"PIGF","PIGF",1.85864215484804e-09,-0.250254157410924,0.201,0.239,4.96945152941721e-05
"HNRNPM","HNRNPM",1.86180243080748e-09,0.28620942595054,0.411,0.38,4.97790115924996e-05
"ZNF730","ZNF730",1.86259585651076e-09,-0.550164608179605,0.029,0.046,4.98002254155281e-05
"LPCAT3","LPCAT3",1.86285051453948e-09,-0.319802101483405,0.124,0.157,4.98070342072421e-05
"L3MBTL4","L3MBTL4",1.90297445440406e-09,0.29538732752969,0.543,0.528,5.08798279874012e-05
"ARID1B","ARID1B",1.91645942687937e-09,0.113870118916919,0.858,0.849,5.12403756964738e-05
"PEX1","PEX1",1.91906339374699e-09,-0.25945031138196,0.156,0.192,5.13099979586133e-05
"SNTA1","SNTA1",1.93838185114538e-09,-0.60535372136212,0.036,0.055,5.18265155540741e-05
"RIPK1","RIPK1",1.93898168585509e-09,0.398590866183572,0.153,0.124,5.18425533347076e-05
"CYP1B1-AS1","CYP1B1-AS1",1.94956706286813e-09,1.08729061222566,0.027,0.014,5.21255745599053e-05
"MROH6","MROH6",1.95803706982963e-09,1.39588095327095,0.012,0.004,5.23520371360347e-05
"PKNOX1","PKNOX1",1.9983904956011e-09,0.254734276773855,0.274,0.235,5.34309666808867e-05
"DAAM1","DAAM1",2.02531386982737e-09,0.421261599081056,0.205,0.172,5.41508169375743e-05
"SETD1B","SETD1B",2.02936389225628e-09,0.609434305055254,0.072,0.051,5.42591023872561e-05
"PRR14L","PRR14L",2.03636371763307e-09,0.274567610178533,0.332,0.296,5.44462567183554e-05
"ENSG00000259048","ENSG00000259048",2.06049435057516e-09,-0.236625692667142,0.257,0.296,5.5091437451328e-05
"LYPLAL1-DT","LYPLAL1-DT",2.07131990701961e-09,-0.983784397717096,0.013,0.026,5.53808803539833e-05
"ATP5F1C","ATP5F1C",2.08019207504104e-09,0.408809346385948,0.22,0.186,5.56180955103722e-05
"ANKRD18A","ANKRD18A",2.0885359371516e-09,0.572311464304365,0.253,0.23,5.58411853516222e-05
"FKBP14","FKBP14",2.09818216344096e-09,-0.451329335748426,0.059,0.082,5.60990965039209e-05
"SRC","SRC",2.0984789065584e-09,1.04993897747414,0.037,0.022,5.61070305246518e-05
"PLAC8L1","PLAC8L1",2.10467280837261e-09,-0.543297677406111,0.033,0.051,5.62726368774585e-05
"GPN3","GPN3",2.10606422994677e-09,0.684576753016823,0.071,0.049,5.63098393160867e-05
"H1-4","H1-4",2.14419870734762e-09,-1.17894326709174,0.012,0.024,5.73294408383532e-05
"CNOT9","CNOT9",2.16089567088347e-09,-0.317688455890054,0.143,0.177,5.77758675524112e-05
"MARK1","MARK1",2.16794609404171e-09,-0.184040363293342,0.223,0.265,5.79643747163932e-05
"COG7","COG7",2.16881271414279e-09,-0.266320261514443,0.185,0.222,5.79875455380358e-05
"PIP5K1A","PIP5K1A",2.19489235319781e-09,-0.175526391685751,0.284,0.331,5.868483684745e-05
"HHIPL1","HHIPL1",2.2117230538755e-09,-0.601387442779696,0.018,0.033,5.91348392914693e-05
"ELL2","ELL2",2.21191373269347e-09,0.237031680226927,0.664,0.655,5.91399374710252e-05
"P2RX1","P2RX1",2.21731475740733e-09,0.94101898974093,0.025,0.013,5.92843446687997e-05
"CRIP2","CRIP2",2.23960502749882e-09,-0.741072490895975,0.024,0.04,5.98803196202361e-05
"PPP1R21","PPP1R21",2.25076062029922e-09,-0.157681030657904,0.535,0.579,6.01785867049401e-05
"FAAP20","FAAP20",2.29584703040839e-09,0.446574321892932,0.099,0.074,6.1384062052029e-05
"LINC00891","LINC00891",2.31552393877769e-09,-0.880954723006373,0.023,0.038,6.19101635510991e-05
"ENSG00000230091","ENSG00000230091",2.31883290829081e-09,-0.657106901687269,0.036,0.055,6.19986354689714e-05
"SLC45A3","SLC45A3",2.33498089715187e-09,-0.280678835462487,0.139,0.173,6.24303842471496e-05
"CASP6","CASP6",2.33901024362258e-09,0.883553220432448,0.036,0.021,6.25381168837369e-05
"RNF157","RNF157",2.34344466465481e-09,-0.212704020970509,0.242,0.283,6.26566799988756e-05
"TMEM140","TMEM140",2.35475396399628e-09,0.416107096940348,0.156,0.126,6.29590567353686e-05
"MALRD1","MALRD1",2.35694204159052e-09,-0.616000730503948,0.05,0.072,6.30175593660057e-05
"ENSG00000267265","ENSG00000267265",2.36389139042565e-09,0.956442136073629,0.031,0.017,6.32033641058105e-05
"KDM6A","KDM6A",2.37898290577984e-09,-0.148375617316245,0.619,0.653,6.36068659518355e-05
"FREM1","FREM1",2.38431638341054e-09,-0.650579886575966,0.029,0.046,6.37494671432477e-05
"ENSG00000269814","ENSG00000269814",2.38772615591296e-09,1.31682132710599,0.019,0.009,6.38406342306447e-05
"GPR62","GPR62",2.38808656601793e-09,-0.471378193817602,0.075,0.101,6.38502705156213e-05
"MSMO1","MSMO1",2.39834025093128e-09,0.496814212982027,0.163,0.133,6.41244232891496e-05
"VPS41","VPS41",2.4028397567444e-09,0.235114479512143,0.457,0.425,6.42447265760749e-05
"ENSG00000258225","ENSG00000258225",2.40827143203465e-09,0.97030444895343,0.026,0.013,6.43899532783105e-05
"PRKRA","PRKRA",2.42029598021459e-09,0.365067932283334,0.216,0.183,6.47114536229976e-05
"ENSG00000231170","ENSG00000231170",2.42049377502925e-09,-0.779785333783551,0.017,0.031,6.47167420629571e-05
"ACOT7","ACOT7",2.4314689680644e-09,-0.312494690648187,0.115,0.147,6.50101857991378e-05
"LOC105371745","LOC105371745",2.43813530825436e-09,1.95524658860418,0.01,0.003,6.51884237367967e-05
"USP50","USP50",2.4393453696704e-09,-0.849915051807288,0.018,0.032,6.52207771488774e-05
"NUBPL","NUBPL",2.47011583066816e-09,-0.147647312674654,0.357,0.404,6.60434869645747e-05
"ARL17A.1","ARL17A.1",2.48053395118388e-09,0.314938928097131,0.19,0.156,6.63220362528034e-05
"MAN1B1-DT","MAN1B1-DT",2.51522696665584e-09,-0.878605070773538,0.013,0.025,6.72496234074773e-05
"DDAH2","DDAH2",2.51687426032577e-09,0.725504730773565,0.053,0.034,6.72936670983301e-05
"CLPTM1L","CLPTM1L",2.56185405119823e-09,0.50324804820868,0.099,0.074,6.8496291766887e-05
"LINC00636","LINC00636",2.56583489097869e-09,-1.28491054266468,0.006,0.016,6.86027274800972e-05
"ORAI2","ORAI2",2.57836406893984e-09,0.578208255269396,0.062,0.042,6.89377201112445e-05
"KIFBP","KIFBP",2.58864609408902e-09,-0.318450325403166,0.098,0.127,6.9212630617658e-05
"SEZ6L2","SEZ6L2",2.59001191886265e-09,-0.234132942174887,0.145,0.18,6.92491486746306e-05
"CCDC50","CCDC50",2.59743240691127e-09,0.2728826139209,0.325,0.288,6.94475502635867e-05
"TET3","TET3",2.63820928393386e-09,0.27322728202911,0.386,0.353,7.05378016245397e-05
"ATAT1","ATAT1",2.64997625400092e-09,-0.416464504495767,0.091,0.118,7.08524151032225e-05
"ASH1L","ASH1L",2.66661350476338e-09,0.128315324813029,0.781,0.762,7.12972452768584e-05
"YBX1","YBX1",2.69031144463247e-09,0.363596290417148,0.218,0.185,7.19308570951383e-05
"LRPAP1","LRPAP1",2.72296816907338e-09,0.440851748979247,0.137,0.108,7.28039999365151e-05
"IER2","IER2",2.72857654277152e-09,0.477296947902251,0.064,0.044,7.29539510240821e-05
"CASK","CASK",2.73085315106554e-09,0.179605348050706,0.416,0.376,7.30148207000392e-05
"LOC105375421","LOC105375421",2.73262410486808e-09,-0.850042511259801,0.015,0.028,7.3062170691858e-05
"ISCU","ISCU",2.75782796023423e-09,0.469871116639804,0.108,0.082,7.37360461727827e-05
"HOTAIRM1","HOTAIRM1",2.77422938503823e-09,1.02296054671405,0.018,0.008,7.41745710677671e-05
"CDH23","CDH23",2.83039593699791e-09,-0.389580866613664,0.099,0.127,7.56762961675131e-05
"IFT140","IFT140",2.89411162645645e-09,0.601100786272731,0.075,0.053,7.7379862556566e-05
"CSRNP1","CSRNP1",2.90243258460452e-09,0.971308297903761,0.026,0.014,7.76023400145711e-05
"JARID2","JARID2",2.96493788638786e-09,0.22171126264799,0.512,0.478,7.92735442683523e-05
"PHF6","PHF6",2.98423374985337e-09,0.363265450274209,0.216,0.182,7.97894577698295e-05
"MRFAP1","MRFAP1",3.02302841099834e-09,-0.206833358703688,0.171,0.208,8.08267106248626e-05
"CSMD3","CSMD3",3.05213991976473e-09,-0.131760443597814,0.298,0.347,8.16050650347496e-05
"GSTM5","GSTM5",3.06317427514189e-09,1.39763418364049,0.014,0.005,8.19000905944686e-05
"POLB","POLB",3.10500357058891e-09,0.495898957393365,0.134,0.106,8.30184804668357e-05
"EMILIN1","EMILIN1",3.12289538098482e-09,1.16740887154042,0.015,0.006,8.34968538013911e-05
"S100A1","S100A1",3.13625826899143e-09,-0.195014952125417,0.182,0.22,8.38541373380239e-05
"SLC27A1","SLC27A1",3.1545032390925e-09,-0.154059903875088,0.345,0.394,8.43419531036161e-05
"SZT2","SZT2",3.18028597594071e-09,-0.230567598678919,0.159,0.196,8.50313061387268e-05
"TAF12","TAF12",3.19007688655323e-09,0.441430609504507,0.107,0.081,8.52930857157736e-05
"ZNF347","ZNF347",3.20741751099194e-09,-0.303508094708213,0.121,0.153,8.57567219913914e-05
"APOL6","APOL6",3.26726628653428e-09,0.762696510478661,0.061,0.042,8.73568987030671e-05
"CPPED1","CPPED1",3.29867000571295e-09,0.327276099657436,0.342,0.309,8.81965399427473e-05
"PARP12","PARP12",3.40228416668369e-09,0.597326694931218,0.068,0.047,9.09668717646219e-05
"FAM174A","FAM174A",3.41375033181952e-09,-0.443851346557735,0.062,0.086,9.12734426218586e-05
"OXSR1","OXSR1",3.43323898385382e-09,0.28015194240032,0.262,0.227,9.17945107112995e-05
"MRPS16","MRPS16",3.44973514516419e-09,0.504072967307412,0.123,0.095,9.22355685762549e-05
"PPP1R3D","PPP1R3D",3.469548515909e-09,0.946598948493186,0.026,0.014,9.2765318669859e-05
"FAM76A","FAM76A",3.47518168448142e-09,-0.339595962561045,0.064,0.088,9.29159326979799e-05
"ABITRAM","ABITRAM",3.51124994331778e-09,-0.586711370657641,0.037,0.056,9.38802897344875e-05
"EBF1","EBF1",3.62838901647121e-09,0.57653980498572,0.08,0.058,9.70122371333906e-05
"TMEM209","TMEM209",3.63906977033137e-09,-0.366736519936955,0.09,0.118,9.72978084493499e-05
"FAHD2A","FAHD2A",3.6498742523923e-09,-0.427953541821835,0.091,0.118,9.7586687886213e-05
"ENSG00000232934","ENSG00000232934",3.65799361464436e-09,0.79432494792936,0.026,0.013,9.78037752747463e-05
"STING1","STING1",3.743431564981e-09,0.765544988478764,0.027,0.015,0.000100088129752897
"ENSG00000264808","ENSG00000264808",3.75817893301483e-09,-0.610620022980027,0.027,0.043,0.000100482430132017
"PRCC","PRCC",3.77569389295878e-09,-0.242649664493395,0.141,0.175,0.000100950727616039
"ETFBKMT","ETFBKMT",3.81747599467008e-09,-0.600648291592843,0.03,0.048,0.000102067855669494
"RNF19B","RNF19B",3.82241111646929e-09,0.571636577711535,0.086,0.063,0.000102199806021039
"YIF1A","YIF1A",3.84372208190404e-09,-0.456380249330586,0.057,0.08,0.000102769597303868
"OSGIN2","OSGIN2",3.8481750069775e-09,0.673245156140039,0.058,0.039,0.000102888655161557
"DNAJC30","DNAJC30",3.88654518276618e-09,-0.729530664114609,0.029,0.046,0.000103914558551619
"NDRG3","NDRG3",3.89069360789827e-09,0.284362263121252,0.226,0.19,0.000104025474994376
"ENSG00000230826","ENSG00000230826",3.98897814478232e-09,1.34310027224239,0.012,0.004,0.000106653308657045
"PLCD4","PLCD4",4.01683690812898e-09,-1.09380469699421,0.009,0.019,0.000107398168412645
"ZIC4","ZIC4",4.02217263502091e-09,-1.27609607227463,0.005,0.014,0.000107540829742554
"RASA3","RASA3",4.04559899870298e-09,0.360926627607196,0.259,0.224,0.000108167180428321
"GTF2H5","GTF2H5",4.0545445280052e-09,-0.29156526561788,0.089,0.117,0.000108406357045275
"ZYX","ZYX",4.18469524312705e-09,0.588040383383247,0.069,0.048,0.000111886196715488
"ENSG00000267747","ENSG00000267747",4.22355847806419e-09,-0.506246406068091,0.051,0.073,0.000112925283028002
"SYNPO2L-AS1","SYNPO2L-AS1",4.28635769829286e-09,-0.657277503111133,0.03,0.047,0.000114604345779256
"KDR","KDR",4.28991154537535e-09,-1.03145798053473,0.012,0.024,0.000114699364988701
"LRRC37B","LRRC37B",4.47044316046971e-09,0.306259856574611,0.29,0.255,0.000119526238781479
"KIF13B","KIF13B",4.48033832434331e-09,-0.111217229340676,0.595,0.642,0.000119790805777967
"OTOA","OTOA",4.51054525316514e-09,1.35740074086896,0.018,0.008,0.000120598448433876
"STARD6","STARD6",4.51717665120931e-09,-1.37618449623273,0.003,0.01,0.000120775752123383
"LRRC8D","LRRC8D",4.55567047614422e-09,-0.319739584875641,0.101,0.13,0.000121804961520668
"JMJD1C","JMJD1C",4.6056965615783e-09,-0.113570252053429,0.82,0.843,0.000123142508966919
"UBA7","UBA7",4.62008915414738e-09,0.768442902681129,0.03,0.016,0.000123527323714439
"TXK","TXK",4.6215393219628e-09,1.54846136496034,0.012,0.004,0.000123566096851319
"LINC02908","LINC02908",4.65945999547982e-09,-1.30274547932672,0.005,0.014,0.000124579981899144
"PABPC4","PABPC4",4.68336550568255e-09,0.453623549307974,0.146,0.117,0.000125219143525434
"B4GALT4","B4GALT4",4.71865023605436e-09,0.634917952773165,0.09,0.067,0.000126162551361385
"SLF1","SLF1",4.74872043404897e-09,-0.408487036726506,0.069,0.094,0.000126966538245167
"SIRT4","SIRT4",4.77854511249011e-09,0.996054667246029,0.027,0.015,0.000127763960672648
"TDRD7","TDRD7",4.82185210076506e-09,0.464987380494225,0.192,0.162,0.000128921859618155
"TFAP2E","TFAP2E",4.8322894753139e-09,-0.415830418989331,0.067,0.091,0.000129200923701468
"PAFAH1B1","PAFAH1B1",4.8384714755816e-09,-0.125631504211036,0.642,0.685,0.000129366211842625
"MAPK13","MAPK13",4.85854374879406e-09,1.39607515461639,0.016,0.007,0.000129902884211507
"ENSG00000236498","ENSG00000236498",4.85947927453327e-09,1.15002194463557,0.017,0.008,0.000129927897363196
"GATD3","GATD3",4.89592414188727e-09,-0.341809967214121,0.028,0.045,0.00013090232378164
"ELOB","ELOB",4.90716393415883e-09,-0.222730739133412,0.197,0.235,0.000131202842107605
"TAF3","TAF3",4.92576906630568e-09,0.245339107423569,0.344,0.306,0.000131700287525815
"ARHGEF7","ARHGEF7",4.9513881425355e-09,0.178452987228861,0.673,0.671,0.000132385264766972
"POLR2A","POLR2A",5.0175930506485e-09,-0.237250926755668,0.154,0.189,0.000134155385395189
"RNF150","RNF150",5.02982167133128e-09,0.201853278680825,0.236,0.198,0.000134482342026384
"CCDC137","CCDC137",5.09810271459959e-09,0.464628929475721,0.068,0.047,0.000136307972280249
"CCDC149","CCDC149",5.1202251809269e-09,-0.269272388619975,0.157,0.191,0.000136899460662442
"B3GLCT","B3GLCT",5.23590920592716e-09,0.64179744662011,0.06,0.041,0.000139992504438874
"AGAP3","AGAP3",5.23731424679591e-09,0.269569887936044,0.307,0.27,0.000140030071016582
"CUL7","CUL7",5.34279419754621e-09,0.825176914499766,0.034,0.02,0.000142850288459793
"CXorf38","CXorf38",5.35724689953174e-09,0.440001071108851,0.125,0.098,0.00014323671035278
"INIP","INIP",5.37033191791755e-09,-0.278114175617119,0.142,0.175,0.000143586564489362
"KIF21B","KIF21B",5.39737966817971e-09,0.789704604690028,0.043,0.027,0.000144309740188121
"BUB3","BUB3",5.44398224899239e-09,0.341996967597652,0.18,0.149,0.00014555575339131
"DTHD1","DTHD1",5.44539478531955e-09,-0.901725415603026,0.018,0.033,0.000145593520375089
"POU3F3","POU3F3",5.47493587253914e-09,-0.179096273495751,0.215,0.256,0.000146383360424079
"SLC25A24","SLC25A24",5.48684851564009e-09,0.568893702906143,0.105,0.08,0.000146701868762669
"ENSG00000285245","ENSG00000285245",5.55717665180784e-09,0.843703889513643,0.02,0.009,0.000148582232139386
"ENSG00000235423","ENSG00000235423",5.66781881424117e-09,0.911116078680013,0.03,0.016,0.000151540471636366
"EFCAB11","EFCAB11",5.746656445554e-09,-0.291489599741494,0.148,0.181,0.000153648353384777
"MIR4713HG","MIR4713HG",5.751132015201e-09,1.47511252049878,0.014,0.006,0.000153768016690429
"PMPCB","PMPCB",5.77246511157254e-09,0.306619401791284,0.233,0.199,0.000154338399688115
"RIOK1","RIOK1",5.821183373018e-09,0.563716914357373,0.079,0.057,0.000155640979844382
"THEM4","THEM4",5.82313379123703e-09,-0.215712805284248,0.158,0.193,0.000155693128176305
"BTBD9","BTBD9",5.84518662629505e-09,-0.140294226363282,0.479,0.527,0.000156282754827251
"NUMA1","NUMA1",5.91075563757512e-09,-0.172770152341479,0.393,0.44,0.000158035873481846
"MAST4","MAST4",5.98493413866812e-09,0.286466698191274,0.279,0.245,0.00016001918406557
"SEMA6B","SEMA6B",6.07983019514008e-09,0.567154637402422,0.055,0.037,0.00016255641992746
"TBC1D8B","TBC1D8B",6.08288624806988e-09,0.30804361460113,0.116,0.089,0.000162638129614644
"SNX5","SNX5",6.09357499661608e-09,0.379644069519995,0.156,0.126,0.000162923914684524
"PTPN11","PTPN11",6.12929042192478e-09,-0.138905437252925,0.379,0.427,0.000163878838011003
"KIZ-AS1","KIZ-AS1",6.30924219721374e-09,0.616819580323695,0.066,0.046,0.000168690208626904
"TCF20","TCF20",6.44954258547012e-09,0.23203917091115,0.386,0.351,0.000172441420107715
"FAM117B","FAM117B",6.4838896872858e-09,0.388681916082454,0.187,0.156,0.00017335975856896
"NUP58","NUP58",6.53954741574116e-09,-0.226231912382175,0.273,0.313,0.000174847879254671
"RNPEPL1","RNPEPL1",6.56070998420843e-09,0.446026163209284,0.103,0.078,0.000175413702847781
"MAIP1","MAIP1",6.57242384264052e-09,0.421571047967797,0.127,0.099,0.000175726896280679
"EPDR1","EPDR1",6.57712753298473e-09,0.522791367220653,0.084,0.061,0.000175852658849413
"STAMBP","STAMBP",6.60997282076487e-09,-0.166153687937379,0.225,0.266,0.00017673084330879
"TRIP10","TRIP10",6.76661776137606e-09,0.983997465110074,0.024,0.012,0.000180919059085912
"ENSG00000226471","ENSG00000226471",6.8173663544904e-09,-0.318382021323102,0.111,0.14,0.00018227592422001
"APOL2","APOL2",6.9067851427194e-09,0.609896579557953,0.062,0.043,0.000184666714360888
"BMS1","BMS1",6.99734306008622e-09,0.325835939269257,0.177,0.145,0.000187087961397525
"PRDM5","PRDM5",7.12378740147605e-09,-0.56297063857932,0.05,0.071,0.000190468703753265
"FAM133A","FAM133A",7.19513340009321e-09,-0.629439325662919,0.039,0.059,0.000192376281718292
"LILRB2","LILRB2",7.20459806851931e-09,0.791773625024001,0.016,0.007,0.000192629338558001
"ARHGEF4","ARHGEF4",7.28777078141627e-09,-0.140058403825186,0.165,0.203,0.000194853127382727
"ENSG00000236501","ENSG00000236501",7.33653317491566e-09,-1.08368450628604,0.016,0.029,0.00019615688749772
"MVK","MVK",7.35172319454839e-09,-0.334708351260374,0.08,0.106,0.00019656302305264
"TMEM59","TMEM59",7.38457459553583e-09,-0.126780598331674,0.401,0.448,0.000197441370960841
"ENSG00000238045","ENSG00000238045",7.38618708262956e-09,1.07372282028199,0.019,0.009,0.000197484484028266
"WBP4","WBP4",7.39972317005271e-09,-0.265042820388563,0.151,0.185,0.000197846398397699
"CAPN15","CAPN15",7.41264494094342e-09,0.570771516481,0.078,0.056,0.000198191887786004
"LPXN","LPXN",7.56644831454725e-09,0.45888339434962,0.177,0.147,0.00020230412858605
"CNN2","CNN2",7.59011798823081e-09,-1.28661547510527,0.01,0.022,0.000202936984651327
"DUOX1","DUOX1",7.60550070678425e-09,-0.50744757711566,0.057,0.079,0.000203348272397291
"CFAP69","CFAP69",7.65595734911444e-09,-0.674149998375111,0.027,0.043,0.000204697331643273
"SAMD13","SAMD13",7.72810994987559e-09,-0.390766481880915,0.055,0.077,0.000206626475729824
"PTAR1","PTAR1",7.79408030260447e-09,0.236282451377614,0.321,0.285,0.000208390325050736
"EIF4G3","EIF4G3",7.87925776600507e-09,0.114637091632144,0.866,0.858,0.000210667714889678
"GRIK2","GRIK2",7.9017353032289e-09,-0.452901913786742,0.229,0.263,0.000211268696802431
"AMOT","AMOT",7.90801345328047e-09,0.752039539617059,0.061,0.042,0.00021143655570036
"PCDH17","PCDH17",7.91348782982819e-09,-0.148377447264334,0.305,0.351,0.000211582924106116
"ZCCHC8","ZCCHC8",7.92840561416335e-09,0.41735791039758,0.198,0.167,0.000211981780905885
"CACNG5","CACNG5",7.93056485957126e-09,-1.09670817038571,0.011,0.023,0.000212039512650357
"UBALD2","UBALD2",7.94416840264788e-09,0.369163920005623,0.137,0.108,0.000212403230581596
"MAP3K5-AS1","MAP3K5-AS1",7.97823914697464e-09,1.59551885633029,0.01,0.003,0.000213314180072661
"LYPD1","LYPD1",7.99536308464109e-09,0.730079919249227,0.053,0.035,0.000213772022794049
"HINT3","HINT3",8.01903891185247e-09,-0.27346351058474,0.148,0.182,0.0002144050433862
"RASSF8-AS1","RASSF8-AS1",8.06422891499463e-09,-0.205180427280354,0.123,0.155,0.000215613288500211
"ENSG00000261427","ENSG00000261427",8.26428915449129e-09,1.21566043150654,0.017,0.007,0.000220962299123634
"FAM118A","FAM118A",8.30021043200587e-09,0.45964684707407,0.126,0.1,0.000221922726320541
"YIPF1","YIPF1",8.31370118227422e-09,0.4143309724597,0.112,0.086,0.000222283428510466
"ENSG00000269481","ENSG00000269481",8.32054564189125e-09,1.73930751194912,0.011,0.004,0.000222466428827246
"KIFAP3","KIFAP3",8.34349984625998e-09,-0.173363572661952,0.241,0.283,0.000223080155389453
"P2RX6","P2RX6",8.37250003526435e-09,-1.02040791992682,0.009,0.02,0.000223855533442863
"CDYL2","CDYL2",8.40925500923538e-09,0.536525473964127,0.048,0.031,0.000224838251181926
"MYL12A","MYL12A",8.410066556374e-09,0.703418003434424,0.06,0.041,0.000224859949517772
"SLC2A1-DT","SLC2A1-DT",8.42804611557101e-09,-0.849777068384402,0.017,0.03,0.000225340668992022
"PMFBP1","PMFBP1",8.46549825901479e-09,0.741980260964212,0.037,0.023,0.000226342026951278
"PRAG1","PRAG1",8.51682647828834e-09,0.547476177423668,0.092,0.069,0.000227714389549995
"CIBAR1-DT","CIBAR1-DT",8.52865001761409e-09,-0.968881492382824,0.019,0.033,0.000228030515520948
"WIPF1","WIPF1",8.55953037538707e-09,0.190445848036094,0.642,0.617,0.000228856163646724
"ENSG00000225963","ENSG00000225963",8.5886400892826e-09,0.580904534481653,0.064,0.044,0.000229634470067149
"COPS4","COPS4",8.62914794608293e-09,-0.277985828363532,0.114,0.144,0.000230717528634419
"PCNT","PCNT",8.66254730848396e-09,0.33639801549109,0.194,0.161,0.000231610527386936
"C2orf76","C2orf76",8.6941428467249e-09,-0.36069189230831,0.087,0.114,0.000232455297292884
"LETMD1","LETMD1",8.7852545842402e-09,-0.193600136887707,0.113,0.143,0.00023489135181883
"LIN54","LIN54",8.8615273021405e-09,-0.26105753127959,0.172,0.208,0.00023693065547733
"PSAT1","PSAT1",8.87851070177188e-09,-0.120026588224769,0.26,0.305,0.000237384740633275
"CABLES1","CABLES1",8.87887763865606e-09,0.123308146483993,0.16,0.128,0.000237394551424747
"FARP2","FARP2",9.05174541298548e-09,-0.148884062470796,0.392,0.437,0.000242016517106993
"S100A10","S100A10",9.06793713671257e-09,0.857774581147319,0.029,0.016,0.000242449435224284
"ZNF473","ZNF473",9.07243208550526e-09,0.629155783687156,0.036,0.022,0.000242569616670154
"TTC23L","TTC23L",9.09492788551164e-09,-0.554638605039948,0.038,0.056,0.000243171086874925
"RPE","RPE",9.09727186655763e-09,-0.269652949033829,0.157,0.191,0.000243233757896151
"OGT","OGT",9.18790886715155e-09,0.217911492655116,0.39,0.355,0.000245657119381031
"ZNF396","ZNF396",9.27238081086972e-09,-1.03929244765731,0.009,0.019,0.000247915645740224
"NEB","NEB",9.2998189861571e-09,0.503751192868811,0.051,0.033,0.000248649260232883
"ENSG00000126952","ENSG00000126952",9.30978498102908e-09,-1.21550893156092,0.005,0.014,0.000248915721037775
"CSRNP2","CSRNP2",9.37780716620292e-09,-0.395963238794815,0.073,0.098,0.000250734430202767
"PRKCZ","PRKCZ",9.41130816117571e-09,-0.152466611103104,0.266,0.309,0.000251630146305355
"HAVCR1","HAVCR1",9.53034683844e-09,1.36162621218247,0.012,0.004,0.00025481288341937
"HSPE1","HSPE1",9.6299425304764e-09,1.16737610471106,0.015,0.006,0.000257475773437348
"MOK","MOK",9.7476749946084e-09,-0.635870634214594,0.038,0.057,0.000260623586330845
"DNAJC28","DNAJC28",9.8275454044954e-09,0.993982086926117,0.027,0.015,0.000262759081479994
"UNKL","UNKL",9.85875002546181e-09,-0.369508134512353,0.097,0.125,0.000263593399430772
"NOSIP","NOSIP",9.92625705295401e-09,0.423225451643265,0.136,0.108,0.000265398334824831
"VAC14","VAC14",9.94032908386401e-09,0.412403720763538,0.18,0.15,0.000265774578715272
"RBM23","RBM23",9.9491965816144e-09,0.428393431172084,0.14,0.112,0.000266011669002624
"LRRC28","LRRC28",1.00727223954903e-08,-0.227580559016715,0.25,0.289,0.000269314378688224
"SNHG15","SNHG15",1.00827596622865e-08,0.642178599446004,0.046,0.029,0.000269582745090555
"HELLS","HELLS",1.02127064846163e-08,0.475982652922393,0.16,0.132,0.000273057133279185
"SGO1","SGO1",1.02898644128481e-08,1.79791168462907,0.01,0.003,0.000275120104806319
"ERO1A","ERO1A",1.05710496680834e-08,0.404550710390301,0.163,0.134,0.000282638154975547
"SMG5","SMG5",1.08754104844096e-08,0.333919590911869,0.213,0.18,0.00029077585012166
"SMG9","SMG9",1.09520016200215e-08,0.300269604616177,0.213,0.18,0.000292823667314516
"EED","EED",1.10115076364914e-08,0.384737900463816,0.167,0.137,0.00029441467967687
"PCMTD1-DT","PCMTD1-DT",1.10819315616716e-08,-0.482993812800434,0.051,0.072,0.000296297604164414
"ERI2","ERI2",1.11606108225406e-08,-0.365160862603324,0.064,0.087,0.000298401251562269
"PRPF6","PRPF6",1.1165239381135e-08,-0.246341723960416,0.17,0.205,0.000298525005333406
"KCNAB2","KCNAB2",1.12015516505971e-08,0.626083830730438,0.066,0.047,0.000299495886482015
"SEC24B-AS1","SEC24B-AS1",1.13549575605033e-08,-0.503776903470867,0.046,0.066,0.000303597500295176
"ZNF143","ZNF143",1.15173669575171e-08,0.486097784418117,0.111,0.086,0.000307939840343134
"VPS29","VPS29",1.15780999677956e-08,0.389606345089919,0.196,0.166,0.00030956365883895
"ENSG00000267416","ENSG00000267416",1.1584781982342e-08,-0.756457389722093,0.017,0.03,0.000309742315861878
"NPHP1","NPHP1",1.16314496140537e-08,-0.491191917843713,0.057,0.08,0.000310990068330955
"ENSG00000275799","ENSG00000275799",1.16892346756747e-08,0.951818625974644,0.023,0.012,0.000312535067523513
"CARD8-AS1","CARD8-AS1",1.17872070516183e-08,1.41698503373062,0.013,0.005,0.00031515455493912
"ZNF460-AS1","ZNF460-AS1",1.18878700627327e-08,-0.50014191558529,0.051,0.072,0.000317845981867284
"HORMAD1","HORMAD1",1.19101760274728e-08,1.65015793247733,0.011,0.003,0.00031844237644654
"LOC119746555","LOC119746555",1.19824384601823e-08,0.725794730108406,0.046,0.029,0.000320374457109894
"SPATS2L","SPATS2L",1.19844114027833e-08,0.262328146941974,0.381,0.348,0.000320427207676218
"M6PR","M6PR",1.22544384921588e-08,0.47300473861026,0.152,0.124,0.000327646921964851
"CCNL2","CCNL2",1.24237327105748e-08,-0.22323816335998,0.245,0.284,0.00033217334148264
"ENSG00000277726","ENSG00000277726",1.2440771908449e-08,-0.795647803939342,0.013,0.026,0.0003326289185162
"LOC101927788","LOC101927788",1.24680124228542e-08,-0.367693027410943,0.067,0.091,0.000333357248149854
"AMPD2","AMPD2",1.24687043061308e-08,0.422519257379108,0.092,0.068,0.000333375747033019
"NAA50","NAA50",1.25980477445267e-08,0.295930137624367,0.215,0.182,0.00033683400254541
"ARGLU1","ARGLU1",1.2637996354214e-08,-0.115593736083303,0.638,0.679,0.000337902108522619
"RNFT1","RNFT1",1.26698305765065e-08,0.591797657216139,0.061,0.042,0.000338753260124055
"HSF2BP","HSF2BP",1.26881267297601e-08,-0.837206552424559,0.017,0.03,0.000339242444373597
"TSPOAP1-AS1","TSPOAP1-AS1",1.28466118869579e-08,0.726900630223734,0.025,0.013,0.000343479862021593
"OSTC","OSTC",1.29771327448879e-08,0.438215493566124,0.101,0.077,0.000346969598200067
"MRPL48","MRPL48",1.29986250851087e-08,-0.236228363633288,0.182,0.218,0.000347544238900552
"ERCC1","ERCC1",1.31715905395929e-08,0.454267720955357,0.121,0.095,0.000352168816257096
"DDRGK1","DDRGK1",1.32369475769236e-08,0.440266982338688,0.156,0.127,0.000353916267364206
"ENSG00000263847","ENSG00000263847",1.34742621297091e-08,0.891377753055873,0.022,0.011,0.000360261346562031
"ZNF18","ZNF18",1.35451559394245e-08,-0.613274686637438,0.042,0.061,0.000362156834352393
"NEK1","NEK1",1.3996003726627e-08,-0.159646122374371,0.453,0.495,0.000374211151638826
"LRRC34","LRRC34",1.39965375165137e-08,-0.575204956840649,0.022,0.037,0.000374225423579026
"COL4A3","COL4A3",1.4244751916619e-08,-0.561744977957491,0.078,0.102,0.000380861931994642
"CCNYL1","CCNYL1",1.42594749741678e-08,-0.263202864847886,0.108,0.137,0.000381255582384324
"TRPV6","TRPV6",1.43875915702383e-08,-0.80222728372065,0.015,0.027,0.000384681035813462
"KLRG1","KLRG1",1.43920355096729e-08,0.43006733994536,0.106,0.081,0.000384799853422125
"POLN","POLN",1.45660840935867e-08,0.375047122995641,0.133,0.105,0.000389453390410227
"LURAP1L","LURAP1L",1.46975656601773e-08,-0.477813471628528,0.087,0.113,0.00039296881305616
"SLC30A1","SLC30A1",1.47938607386149e-08,0.676799309675832,0.045,0.029,0.000395543454568345
"MAFK","MAFK",1.50354133900484e-08,0.604822086386806,0.041,0.026,0.000402001847809725
"ZC3H3","ZC3H3",1.50459945874546e-08,0.381892153311933,0.137,0.109,0.000402284757284773
"EPB41L3","EPB41L3",1.53601088656266e-08,0.462148828690789,0.444,0.427,0.000410683230740257
"ADA2","ADA2",1.53915543932935e-08,0.504306144500308,0.076,0.055,0.000411523989813488
"ENSG00000268518","ENSG00000268518",1.54284486759651e-08,-0.544962522744906,0.071,0.095,0.000412510432249278
"IDE","IDE",1.54917454873801e-08,0.35792034725739,0.197,0.165,0.00041420279909608
"HDDC2","HDDC2",1.55416598411744e-08,0.538611512600633,0.096,0.072,0.000415537359173479
"AUP1","AUP1",1.55531438776164e-08,0.335459854409233,0.15,0.12,0.000415844407855831
"ENSG00000258757","ENSG00000258757",1.56278957493309e-08,0.818581253134663,0.023,0.012,0.00041784304864986
"MUSK","MUSK",1.57082910273962e-08,-0.79435926686213,0.022,0.037,0.000419992577199492
"TAF4","TAF4",1.57138008373252e-08,0.319717471391969,0.196,0.164,0.000420139892987564
"ENSG00000256116","ENSG00000256116",1.57283954475943e-08,0.952577882854474,0.026,0.014,0.00042053010908233
"GALNT1","GALNT1",1.5775690624087e-08,0.323683734330336,0.362,0.332,0.000421794640216215
"DOP1A","DOP1A",1.58838583361406e-08,-0.140837303609936,0.403,0.448,0.000424686720333392
"SUN1","SUN1",1.60213898511907e-08,-0.214207071193363,0.224,0.262,0.000428363900451287
"DYRK2","DYRK2",1.60942659360059e-08,0.578172597394726,0.08,0.058,0.00043031238833099
"CEP97","CEP97",1.61601056355826e-08,-0.134272367512618,0.3,0.346,0.000432072744378572
"CAMTA2","CAMTA2",1.61984721246659e-08,0.47109889281959,0.119,0.094,0.000433098549197192
"KIAA0930","KIAA0930",1.63898625999749e-08,-0.178176447506323,0.424,0.467,0.000438215756335528
"ZNF791","ZNF791",1.64298740587034e-08,0.419384925566528,0.216,0.186,0.000439285542707553
"UIMC1","UIMC1",1.65221096771349e-08,0.251613312298912,0.288,0.254,0.000441751646437556
"TRIM62","TRIM62",1.66787717792432e-08,-0.231719214373803,0.169,0.204,0.000445940321061626
"FAM210A","FAM210A",1.68020920653759e-08,0.419709226726575,0.15,0.122,0.000449237535551956
"FBXW2","FBXW2",1.69399935305856e-08,-0.241906366944739,0.152,0.186,0.000452924607027269
"RUVBL1","RUVBL1",1.69750788776172e-08,0.394754609699124,0.106,0.081,0.000453862683950851
"ENSG00000269476","ENSG00000269476",1.69967426708761e-08,-0.825598532107867,0.012,0.024,0.000454441908791215
"ATP5F1E","ATP5F1E",1.71107147570412e-08,0.335277421854216,0.3,0.269,0.000457489180459009
"PCED1A","PCED1A",1.72214301303646e-08,0.383375890967247,0.115,0.089,0.000460449377395557
"PTPRH","PTPRH",1.72707974725541e-08,-0.857227786909833,0.022,0.036,0.000461769312023679
"WTAP","WTAP",1.73632002985841e-08,0.281672197912957,0.28,0.245,0.000464239886383244
"MT1M","MT1M",1.74601020308428e-08,0.866359552923034,0.063,0.044,0.000466830747998644
"PCYT2","PCYT2",1.78737248502048e-08,-0.350532926557043,0.079,0.104,0.000477889781319927
"MIER2","MIER2",1.78806116244014e-08,0.483502851834432,0.09,0.067,0.000478073913001621
"FAM53C","FAM53C",1.82089743091358e-08,0.375609929212562,0.156,0.127,0.000486853346103364
"RFX5","RFX5",1.8238080588075e-08,0.844111150364045,0.026,0.014,0.000487631560683363
"EFNB1","EFNB1",1.8518746886592e-08,1.20747561947712,0.018,0.008,0.000495135735506811
"CRLF1","CRLF1",1.85296406316576e-08,0.59429366078131,0.05,0.033,0.000495427001568629
"DTWD2","DTWD2",1.85429211704209e-08,-0.275159451179841,0.134,0.165,0.000495782083333544
"PKIG","PKIG",1.854622893775e-08,-0.317780233896494,0.109,0.138,0.000495870523108621
"MRPL23","MRPL23",1.85706185974821e-08,-0.530290308455142,0.051,0.072,0.000496522629440879
"ILKAP","ILKAP",1.869527129358e-08,-0.163520135055927,0.333,0.376,0.000499855468576449
"SEMA6A-AS1","SEMA6A-AS1",1.87132759073402e-08,0.444821080064158,0.145,0.117,0.000500336857934554
"CDS1","CDS1",1.87574283842232e-08,0.985696711382627,0.022,0.011,0.000501517362708976
"RBM19","RBM19",1.87796097007458e-08,0.380058007413143,0.192,0.161,0.000502110424568841
"YY1","YY1",1.89587017097948e-08,0.258159430530429,0.368,0.335,0.000506898807614783
"ENSG00000255364","ENSG00000255364",1.91214605078921e-08,1.90627781643124,0.01,0.003,0.00051125048959951
"SRP14","SRP14",1.91770668404815e-08,-0.218367271992557,0.261,0.299,0.000512737236113955
"DPY19L3","DPY19L3",1.92211829733535e-08,-0.238759666288282,0.183,0.218,0.000513916769158553
"CNN3","CNN3",1.93314600547963e-08,-0.277585840052245,0.126,0.156,0.000516865247485089
"BRK1","BRK1",1.93750526797918e-08,0.462819651992301,0.132,0.106,0.000518030783499592
"LNCOC1","LNCOC1",1.9388603122285e-08,-1.20382646229528,0.003,0.011,0.000518393081680535
"AP4S1","AP4S1",1.94215748270374e-08,-0.331332964392698,0.094,0.121,0.000519274646150499
"PHF21B","PHF21B",1.96733271055813e-08,0.395725810329723,0.113,0.088,0.000526005746821928
"ACTR10","ACTR10",1.98408894448109e-08,-0.23771266752914,0.19,0.226,0.000530485861085909
"CLIP1","CLIP1",1.98747346723203e-08,0.282065189730183,0.259,0.225,0.000531390780933829
"GTF3C2-AS2","GTF3C2-AS2",2.01587511942424e-08,0.580273556444362,0.062,0.043,0.000538984530680458
"PLEKHG4","PLEKHG4",2.0543616836378e-08,-1.02014585246124,0.009,0.019,0.00054927468335424
"TUBB2A","TUBB2A",2.08719374694408e-08,-0.60925356827495,0.031,0.048,0.000558052992120439
"ELAPOR1","ELAPOR1",2.09737263585488e-08,-0.577629632317472,0.038,0.057,0.000560774521648521
"TXLNA","TXLNA",2.09815950723653e-08,0.331075780630233,0.127,0.1,0.000560984907449831
"ENSG00000284726","ENSG00000284726",2.11455063784041e-08,1.18006199617944,0.016,0.007,0.000565367404039389
"COMMD4","COMMD4",2.1210368358618e-08,-0.372910665043263,0.083,0.108,0.000567101618804368
"MIR155HG","MIR155HG",2.12458321220002e-08,0.915101129012148,0.017,0.008,0.000568049813445919
"ENSG00000261172","ENSG00000261172",2.1396747944628e-08,0.815669114766903,0.034,0.021,0.00057208484979552
"ZBTB16","ZBTB16",2.14170254129251e-08,0.190494119096456,0.676,0.665,0.000572627008465379
"MAPKAPK5","MAPKAPK5",2.1419231357032e-08,-0.273943405694661,0.134,0.165,0.000572685988792964
"UBE3A","UBE3A",2.16232349498168e-08,-0.145097471606873,0.437,0.481,0.000578140432853252
"WDR59","WDR59",2.17547588972744e-08,-0.14288611207141,0.386,0.431,0.000581656988636426
"RNF32","RNF32",2.17638363713704e-08,-0.902567068495602,0.019,0.033,0.000581899693061331
"KDM4B","KDM4B",2.19609306462944e-08,0.290204793452161,0.41,0.383,0.000587169402689972
"HS2ST1","HS2ST1",2.26545141341491e-08,0.390459077372428,0.182,0.152,0.000605713744404746
"TRAFD1","TRAFD1",2.28241686523039e-08,-0.243591384545229,0.141,0.172,0.000610249797256648
"SYTL4","SYTL4",2.29493533210482e-08,0.652715017022955,0.071,0.051,0.000613596859744866
"THSD4","THSD4",2.30010554983728e-08,0.509769170673577,0.058,0.039,0.000614979220859993
"RASSF7","RASSF7",2.30096246564962e-08,1.1391203436089,0.011,0.004,0.000615208334440739
"ENSG00000223799","ENSG00000223799",2.31059228787785e-08,1.38026064079,0.011,0.004,0.0006177830600099
"PCBD1","PCBD1",2.31217846504107e-08,0.770880787773311,0.05,0.034,0.00061820715619803
"ATPSCKMT","ATPSCKMT",2.3146139109219e-08,0.328168679699278,0.163,0.133,0.00061885832136319
"ENSG00000235298","ENSG00000235298",2.31639482331871e-08,0.712788492235613,0.03,0.017,0.000619334483910723
"KIF1C","KIF1C",2.32575550623243e-08,0.44846741381865,0.095,0.071,0.000621837249701365
"SLC9D1","SLC9D1",2.34628886630548e-08,-0.237871712759279,0.166,0.2,0.000627327254184097
"SYAP1","SYAP1",2.37761310209697e-08,-0.210376037413779,0.124,0.154,0.000635702415107666
"NUDC","NUDC",2.41043676434797e-08,0.384867380369755,0.173,0.144,0.000644478477683718
"VAPA","VAPA",2.41160279455821e-08,0.190586038638468,0.537,0.513,0.000644790239181028
"HDX","HDX",2.42784181756527e-08,0.443488342953342,0.149,0.121,0.000649132066762427
"UBA52","UBA52",2.45015051908644e-08,0.406508749155525,0.243,0.212,0.000655096744288142
"MAP3K6","MAP3K6",2.45387436430307e-08,1.33695657222335,0.012,0.005,0.000656092388783712
"LCMT1","LCMT1",2.48052076591721e-08,-0.224678668845711,0.18,0.216,0.000663216837183284
"MTREX","MTREX",2.48358745558277e-08,-0.183633228848897,0.36,0.402,0.000664036777999166
"ENSG00000259201","ENSG00000259201",2.48600838558433e-08,1.28702688996104,0.015,0.007,0.000664684062053683
"FBXL6","FBXL6",2.50156595442357e-08,1.01567910088426,0.02,0.01,0.000668843689234231
"ENSG00000278668","ENSG00000278668",2.50741751645148e-08,-0.789847393534281,0.018,0.031,0.000670408221373633
"PEX13","PEX13",2.53552790250424e-08,0.482208091520885,0.114,0.089,0.000677924095292558
"LINC02606","LINC02606",2.53956629539104e-08,-1.29444933717432,0.006,0.014,0.000679003840398702
"CAMK2D","CAMK2D",2.54618268162503e-08,0.171606323112988,0.538,0.509,0.000680772863586084
"PELI2","PELI2",2.55351799560696e-08,0.271220134480858,0.35,0.317,0.000682734106485433
"TADA2A","TADA2A",2.57873489409744e-08,-0.267266979395745,0.127,0.157,0.000689476348634832
"SLC9A7","SLC9A7",2.59900051874471e-08,0.416477661492937,0.12,0.094,0.000694894768696774
"EXTL3-AS1","EXTL3-AS1",2.59966614880993e-08,-1.26108721474616,0.005,0.013,0.00069507273820731
"CLYBL","CLYBL",2.60073774773113e-08,0.522467697057823,0.121,0.096,0.000695359251610871
"GPATCH4","GPATCH4",2.6035928841071e-08,0.782687899126668,0.042,0.026,0.000696122629423716
"ENSG00000275964","ENSG00000275964",2.62126324008129e-08,-0.791291190705655,0.01,0.021,0.000700847152500535
"RNF44","RNF44",2.62205536754176e-08,0.502706339614825,0.073,0.053,0.000701058943619641
"ZDHHC5","ZDHHC5",2.62946870513716e-08,0.414429778583201,0.135,0.108,0.000703041047692522
"MORF4L2","MORF4L2",2.6540690033802e-08,0.256054069403893,0.298,0.263,0.000709618429433763
"RASD1","RASD1",2.67629115242374e-08,0.788066875345773,0.043,0.027,0.000715559965423534
"CPAP","CPAP",2.74547227084235e-08,0.423953982153468,0.108,0.084,0.00073405692105512
"TMED10","TMED10",2.75350173840024e-08,-0.147697832139209,0.367,0.411,0.000736203759796072
"PLK3","PLK3",2.75716383707887e-08,0.390147002523797,0.053,0.035,0.000737182895119776
"GON4L","GON4L",2.75740184649394e-08,0.272493208677836,0.266,0.233,0.000737246531697085
"BTBD7","BTBD7",2.79193347367521e-08,0.228308091229566,0.514,0.484,0.000746479252856541
"CDC26","CDC26",2.80415045389292e-08,0.530787239554205,0.061,0.042,0.00074974570685735
"ZNRF3","ZNRF3",2.81131785129064e-08,-0.289488829718307,0.12,0.15,0.000751662053899577
"SDCCAG8","SDCCAG8",2.83249395536264e-08,0.21112720331275,0.741,0.741,0.00075732390884531
"EPCAM","EPCAM",2.84821712612477e-08,-0.892415265583708,0.017,0.03,0.000761527813011981
"GAA","GAA",2.84992434118172e-08,0.39803703565224,0.146,0.118,0.000761984271101755
"BRICD5","BRICD5",2.85009817251089e-08,0.678097061415843,0.047,0.031,0.000762030748384238
"ENSG00000266248","ENSG00000266248",2.86416907333513e-08,-0.856456974808441,0.028,0.044,0.000765792885137615
"H2BC7","H2BC7",2.87575759992097e-08,-2.13579820776372,0.006,0.015,0.000768891309490869
"PRKAR2A","PRKAR2A",2.8813509294538e-08,-0.151973378117305,0.375,0.417,0.000770386798008064
"PURB","PURB",2.8842589133639e-08,0.319093721091324,0.211,0.179,0.000771164305666106
"ENSG00000256234","ENSG00000256234",2.92921982166676e-08,0.779078430442541,0.035,0.021,0.000783185503719041
"AGPAT1","AGPAT1",2.93353692978304e-08,-0.367029948489617,0.097,0.124,0.000784339768916092
"ENSG00000262020","ENSG00000262020",2.93504729583919e-08,0.907834580820517,0.027,0.015,0.000784743595488525
"SPIRE1","SPIRE1",2.94580322804427e-08,-0.16435770673051,0.403,0.445,0.000787619409082197
"USP47","USP47",2.94934590598032e-08,-0.116207799424458,0.665,0.711,0.000788566614881959
"ENTR1","ENTR1",2.96109789226016e-08,0.463339747478438,0.096,0.073,0.0007917087434536
"UBE3B","UBE3B",2.9709755219308e-08,-0.217316747930502,0.205,0.242,0.000794349725298639
"ENSG00000265399","ENSG00000265399",2.97696892088216e-08,0.943692137620588,0.019,0.009,0.000795952180376263
"ZNF830","ZNF830",2.98025461817958e-08,0.631412979998353,0.056,0.038,0.000796830677262676
"APC","APC",2.98272284141059e-08,-0.165250989526516,0.394,0.435,0.000797490606107949
"GSN","GSN",2.99570547175587e-08,-0.104700879439913,0.706,0.726,0.000800961771983367
"LMLN","LMLN",2.9990875084754e-08,-0.44532212741092,0.058,0.08,0.000801866027141068
"TMEM127","TMEM127",3.03703304246236e-08,0.508675145974001,0.081,0.06,0.000812011524563162
"SAFB2","SAFB2",3.06697566683018e-08,0.279876369331762,0.293,0.26,0.000820017284040386
"ATP2A3","ATP2A3",3.08461507886825e-08,1.33680616515658,0.017,0.008,0.000824733533637003
"TRAPPC2L","TRAPPC2L",3.09750989163664e-08,-0.429939470314041,0.055,0.076,0.000828181219726889
"ECHDC2","ECHDC2",3.13680747101492e-08,0.253058413103421,0.154,0.124,0.000838688213525258
"ENSG00000258380","ENSG00000258380",3.1626664791257e-08,1.04261241214208,0.019,0.009,0.000845602136523838
"EDA","EDA",3.17272704565758e-08,0.409071731454277,0.202,0.171,0.000848292030197467
"PKIA","PKIA",3.17732393522001e-08,-0.439551284304975,0.084,0.109,0.000849521100559774
"UQCRH","UQCRH",3.19936191185931e-08,0.416722513570295,0.134,0.108,0.000855413394373823
"NME4","NME4",3.21956971300955e-08,0.67050491028971,0.045,0.029,0.000860816354167363
"CCNQ","CCNQ",3.22081217705716e-08,-0.475083798519563,0.068,0.091,0.000861148551779774
"NALF1","NALF1",3.24100731678734e-08,-0.476609989715764,0.188,0.218,0.000866548126289431
"RAP1GAP","RAP1GAP",3.26630156120248e-08,-0.29986935018899,0.066,0.089,0.000873311048418708
"HMG20A","HMG20A",3.28388089972515e-08,-0.189867764200878,0.258,0.296,0.000878011236159513
"MAPK3","MAPK3",3.28617252447163e-08,-0.361439630775697,0.108,0.135,0.000878623947867979
"LOC101927588","LOC101927588",3.28941658563637e-08,1.6385688291264,0.013,0.005,0.000879491312501596
"TMEM263","TMEM263",3.30796458390531e-08,0.470881316691905,0.091,0.069,0.000884450490798763
"CSNK1G2","CSNK1G2",3.40055038011517e-08,0.453663389536313,0.129,0.103,0.000909205155131394
"ZNF436-AS1","ZNF436-AS1",3.51468776173853e-08,-0.673933318809132,0.018,0.032,0.00093972206685603
"AJM1","AJM1",3.62500861758188e-08,0.579480991323726,0.048,0.032,0.000969218554082867
"PSTK","PSTK",3.65151276800014e-08,-0.280629267141238,0.115,0.144,0.000976304968780197
"OBSCN","OBSCN",3.6807081593008e-08,0.911982125312009,0.021,0.01,0.000984110940552254
"CTSA","CTSA",3.71125842905762e-08,0.414839138548169,0.098,0.074,0.000992279166177136
"PCGF3","PCGF3",3.72584136412716e-08,0.384346619150946,0.186,0.157,0.000996178205526678
"MRPL24","MRPL24",3.74740645080289e-08,-0.398447093099405,0.053,0.074,0.00100194406275117
"ENSG00000262619","ENSG00000262619",3.76540792377494e-08,1.30037494789477,0.014,0.006,0.00100675711657971
"SMIM35","SMIM35",3.77100145760837e-08,1.46056826749339,0.021,0.011,0.00100825265972075
"SMIM14-DT","SMIM14-DT",3.78546301569045e-08,-0.608761324935406,0.022,0.036,0.00101211924650516
"CFAP251","CFAP251",3.7882580238793e-08,0.555361805403479,0.061,0.042,0.00101286654784461
"ACTR3B","ACTR3B",3.7927584625308e-08,-0.238736429262592,0.136,0.167,0.00101406983012686
"RIMS2","RIMS2",3.79762659971238e-08,-0.470514598133618,0.143,0.172,0.0010153714239651
"NR2C1","NR2C1",3.81044955320889e-08,-0.178457654139012,0.201,0.238,0.00101879989704146
"POC5","POC5",3.86954281644478e-08,-0.301300347546297,0.107,0.135,0.00103459966283284
"RUFY1-AS1","RUFY1-AS1",3.87041015717363e-08,0.782030750704824,0.033,0.019,0.00103483156372351
"DTX2","DTX2",3.92965405772779e-08,0.400805782723112,0.167,0.139,0.00105067160541468
"HTRA4","HTRA4",3.95251701576917e-08,1.74322286362866,0.012,0.004,0.0010567844745062
"IFIT3","IFIT3",4.05285368482853e-08,-0.351018272610035,0.111,0.139,0.0010836114897126
"CORO2A","CORO2A",4.0590079487103e-08,1.21061861025481,0.019,0.01,0.00108525695524667
"MAK","MAK",4.06233856414582e-08,0.392164605972309,0.104,0.08,0.00108614746189567
"CHD6","CHD6",4.08244887559612e-08,-0.134937068095069,0.54,0.581,0.00109152435586814
"CRIM1","CRIM1",4.18883296435102e-08,0.327154953465004,0.161,0.132,0.00111996826967853
"LXN","LXN",4.20631922809855e-08,0.897943465383099,0.019,0.01,0.00112464357201671
"FAM133B","FAM133B",4.21139938097125e-08,0.254617014891949,0.289,0.254,0.00112600185249028
"TMEM79","TMEM79",4.29949309533617e-08,0.689058035937965,0.042,0.027,0.00114955546890003
"GTPBP6","GTPBP6",4.31126745124985e-08,0.352378191509116,0.18,0.15,0.00115270357844067
"JADE1","JADE1",4.33381028504391e-08,0.36289134507964,0.16,0.131,0.00115873085591219
"ARHGAP28","ARHGAP28",4.3563496844102e-08,0.764134081538374,0.032,0.019,0.00116475721512076
"FOXO3","FOXO3",4.37047641786492e-08,0.209296226738539,0.58,0.551,0.00116853427984454
"NANOG","NANOG",4.40287698109712e-08,-1.29144775156595,0.005,0.013,0.00117719721843594
"NCOR2","NCOR2",4.41454741892663e-08,0.140791194535647,0.583,0.56,0.00118031754339841
"RDH10","RDH10",4.4266947230043e-08,1.08868872281136,0.022,0.012,0.00118356536808966
"POLL","POLL",4.44565566859946e-08,-0.316234373761605,0.062,0.084,0.00118863495611344
"PWRN1","PWRN1",4.49613593669182e-08,0.402320224163804,0.177,0.147,0.00120213186539329
"DYNC1H1","DYNC1H1",4.52873048473066e-08,-0.121087627108698,0.45,0.498,0.00121084666970244
"RRP1B","RRP1B",4.58492252269701e-08,0.353896754177397,0.159,0.131,0.0012258707348935
"KIFC2","KIFC2",4.64869349113642e-08,0.521364050772006,0.046,0.03,0.00124292117872514
"TOB2","TOB2",4.65290731723389e-08,-0.173366870062019,0.273,0.313,0.00124404782940883
"ENSG00000245322","ENSG00000245322",4.69473744184492e-08,-0.828614580302979,0.02,0.033,0.00125523194982608
"PRELID2","PRELID2",4.72252033710897e-08,0.418789935942568,0.19,0.161,0.00126266026253282
"PI4KA","PI4KA",4.73328808926413e-08,0.23019690328542,0.503,0.479,0.00126553923642655
"HBB","HBB",4.83308147471873e-08,-1.41043152325616,0.011,0.022,0.00129222099389555
"ANKRD13A","ANKRD13A",4.85171466926199e-08,-0.250893559171601,0.187,0.22,0.00129720295112058
"SNX22","SNX22",4.85452141998773e-08,-0.150515310683704,0.122,0.153,0.00129795339206212
"THAP10","THAP10",4.90910931883559e-08,-0.937984911572939,0.01,0.021,0.00131254855857707
"RFC1","RFC1",4.9132160261785e-08,-0.187064211076229,0.307,0.347,0.00131364656891934
"NCKAP5L","NCKAP5L",4.93379972207773e-08,0.343755857878759,0.188,0.158,0.00131915003169192
"MDN1","MDN1",4.9526690671459e-08,-0.160490782483459,0.302,0.345,0.0013241951284828
"ZMIZ2","ZMIZ2",4.99229397323102e-08,-0.310640183778483,0.133,0.162,0.00133478963962278
"ENSG00000234614","ENSG00000234614",5.01008135762688e-08,-1.15354855563481,0.005,0.013,0.0013395454525887
"ENSG00000259685","ENSG00000259685",5.02502769973392e-08,-0.929251063521176,0.015,0.027,0.00134354165607786
"ENSG00000236540","ENSG00000236540",5.03062865640093e-08,0.741938813655806,0.029,0.017,0.00134503918386192
"ZRSR2","ZRSR2",5.03407990357216e-08,0.411062158529003,0.111,0.087,0.00134596194381809
"MROH8","MROH8",5.05476953879018e-08,-0.429591679246442,0.045,0.064,0.00135149373158633
"DUSP3","DUSP3",5.1400666592713e-08,0.453503723994683,0.111,0.087,0.00137429962268937
"ENSG00000267327","ENSG00000267327",5.26986625718871e-08,-1.42040723089488,0.007,0.017,0.00140900414118455
"SLC26A2","SLC26A2",5.34669848914121e-08,0.435006901105568,0.088,0.066,0.00142954677504169
"ILRUN","ILRUN",5.39378258351611e-08,0.315111851576121,0.225,0.194,0.0014421356493547
"SPEN","SPEN",5.40668298041811e-08,0.224878243978307,0.469,0.443,0.00144558482847439
"DUSP19","DUSP19",5.40702345656654e-08,1.05163190657969,0.024,0.013,0.0014456758615822
"DPAGT1","DPAGT1",5.43587126034176e-08,0.694094711003321,0.042,0.027,0.00145338889887758
"ENSG00000259891","ENSG00000259891",5.45474772017166e-08,-0.286683230981093,0.112,0.141,0.0014584358979423
"ENSG00000284716","ENSG00000284716",5.50092796180004e-08,1.40762180359825,0.01,0.004,0.00147078310914648
"XKR4","XKR4",5.50307083074588e-08,-0.551011617358871,0.129,0.155,0.00147135604801653
"ENSG00000269179","ENSG00000269179",5.55325476051128e-08,1.08219517729251,0.013,0.005,0.0014847737253179
"LOC101929563","LOC101929563",5.5934062925238e-08,1.16963383236396,0.019,0.01,0.00149550904043209
"TUBB6","TUBB6",5.61705822228003e-08,0.936663154589174,0.016,0.007,0.00150183285689101
"ENSG00000246334","ENSG00000246334",5.62479936264236e-08,-0.95010075989056,0.013,0.024,0.00150390260558969
"FAM3A","FAM3A",5.64566089711463e-08,-0.42619545758271,0.094,0.12,0.00150948035406154
"TMEM41B","TMEM41B",5.65381565816561e-08,-0.192605897534946,0.227,0.264,0.00151166069252374
"FCHO2","FCHO2",5.67086750001331e-08,0.349203321403974,0.342,0.313,0.00151621984347856
"GIMAP6","GIMAP6",5.71488665054468e-08,1.07270065288291,0.012,0.005,0.00152798924375613
"FAM241A","FAM241A",5.80662629105174e-08,-0.319399230357533,0.1,0.127,0.0015525176714385
"EPOR","EPOR",5.89524047579829e-08,0.973615724144381,0.022,0.012,0.00157621044601419
"TXNDC11","TXNDC11",5.89778659721366e-08,0.377115894347652,0.167,0.139,0.00157689120249702
"TRPM4","TRPM4",5.90700044225815e-08,0.920142469129544,0.022,0.012,0.00157935470824656
"EXOC2","EXOC2",5.95170526929313e-08,0.234563707692757,0.394,0.362,0.0015913074378509
"DNAH9","DNAH9",6.03842823880499e-08,-0.257330920282362,0.071,0.094,0.00161449455820929
"GABRR2","GABRR2",6.08488971758561e-08,1.35282424193911,0.011,0.004,0.00162691696379086
"ZNF470-DT","ZNF470-DT",6.08611933029459e-08,-0.46639077962891,0.069,0.091,0.00162724572534086
"EHBP1","EHBP1",6.09235981378569e-08,0.133635022014646,0.478,0.44,0.00162891424341188
"EPS15-AS1","EPS15-AS1",6.13657660418004e-08,-0.828832858075014,0.018,0.031,0.00164073648665962
"ARSI","ARSI",6.13939520739335e-08,-0.263886928551738,0.093,0.119,0.00164149009660076
"SUCO","SUCO",6.16252260113392e-08,-0.212658977027418,0.249,0.286,0.00164767366786518
"LINC01535","LINC01535",6.16659262227779e-08,-0.360316782689644,0.056,0.077,0.00164876186941841
"GNE","GNE",6.17354743930446e-08,-0.256287079769232,0.121,0.15,0.00165062137884683
"HIPK1-AS1","HIPK1-AS1",6.20812270042567e-08,-1.032018541574,0.01,0.02,0.00165986576641281
"ZBTB7B","ZBTB7B",6.21071205255566e-08,0.386399898370783,0.074,0.054,0.00166055808149181
"CEP57L1","CEP57L1",6.26031667429876e-08,-0.273679657630358,0.124,0.154,0.00167382086920726
"LOC101928059","LOC101928059",6.26419611654487e-08,-0.799361790542993,0.021,0.034,0.0016748581156806
"ENSG00000285382","ENSG00000285382",6.26951534582445e-08,-0.668360809488127,0.023,0.037,0.00167628031801308
"SPHK2","SPHK2",6.30945342855224e-08,0.380689638196782,0.137,0.11,0.00168695856319201
"CACNA1D","CACNA1D",6.36314456913504e-08,0.379356575836163,0.285,0.257,0.00170131396344964
"ITM2A","ITM2A",6.36370406174885e-08,-0.53748809900654,0.039,0.057,0.00170146355498979
"ZNF652","ZNF652",6.38371145978673e-08,0.219564061272456,0.668,0.668,0.00170681293300318
"KLHL7","KLHL7",6.39266122256857e-08,-0.21440612850233,0.193,0.228,0.00170920583107816
"GPAT4","GPAT4",6.41659304315239e-08,0.320965083700629,0.167,0.138,0.00171560448194765
"MRPS31","MRPS31",6.69079364758707e-08,0.230008293678967,0.269,0.237,0.00178891749755536
"MROH9","MROH9",6.71616950898591e-08,0.56217320250074,0.045,0.03,0.00179570224161756
"ENSG00000269038","ENSG00000269038",6.76040852005633e-08,-0.827370546358484,0.013,0.024,0.00180753042600746
"LPAR2","LPAR2",6.88384429513265e-08,0.888143037687126,0.019,0.009,0.00184053344918962
"NFE2L1","NFE2L1",6.90368124870183e-08,0.387934781902645,0.165,0.137,0.00184583725546541
"IFT122","IFT122",6.91438869596482e-08,-0.296191608077091,0.089,0.115,0.00184870010564011
"ENSG00000285385","ENSG00000285385",6.92037561875162e-08,-0.958572988187217,0.015,0.027,0.00185030082918562
"SHLD2","SHLD2",7.18158024986205e-08,-0.208723791533042,0.2,0.234,0.00192013911140562
"LNX2","LNX2",7.20972037055563e-08,0.80309870065808,0.049,0.033,0.00192766293547546
"ANXA1","ANXA1",7.24166256854377e-08,1.14528169222302,0.012,0.005,0.00193620332095155
"GGNBP2","GGNBP2",7.28645763503012e-08,0.350506267949909,0.293,0.264,0.001948180177878
"NPNT","NPNT",7.33239657724885e-08,-0.911563482588676,0.011,0.022,0.00196046287285903
"MYPOP","MYPOP",7.3615591496765e-08,0.530709501232979,0.069,0.049,0.001968260069849
"YPEL1","YPEL1",7.41219469996351e-08,-0.324511624541018,0.083,0.107,0.00198179849692924
"ERAP1","ERAP1",7.45241659229219e-08,0.455422784306062,0.126,0.101,0.00199255262428116
"LINC01260","LINC01260",7.56402256743581e-08,-0.645383499387598,0.03,0.045,0.00202239271385531
"HIC2","HIC2",7.56529835176869e-08,0.462941631824198,0.107,0.084,0.00202273382031239
"RANBP6","RANBP6",7.61562178779949e-08,0.469509529239549,0.085,0.063,0.00203618879740395
"DNAJC15","DNAJC15",7.64400147314718e-08,0.399090602266733,0.181,0.153,0.00204377667387536
"TMEM121","TMEM121",7.73107470329396e-08,-0.596027933461022,0.037,0.054,0.0020670574434197
"SMYD2","SMYD2",7.7759761047423e-08,0.542058717875284,0.067,0.048,0.00207906273112495
"ZDHHC14","ZDHHC14",7.80376576646589e-08,0.10435665863483,0.638,0.603,0.00208649285297999
"ENSG00000264630","ENSG00000264630",7.83341577301146e-08,0.510094822097774,0.08,0.059,0.00209442037523007
"NGLY1","NGLY1",7.84745331921773e-08,0.263836306931807,0.269,0.238,0.00209817359395924
"FBXO15","FBXO15",7.9673041567101e-08,-0.46750174679821,0.056,0.076,0.00213021811237958
"DBI","DBI",7.99651439016809e-08,0.375384681378849,0.209,0.18,0.00213802805249924
"MED13","MED13",8.02132509026444e-08,0.147227010168779,0.611,0.584,0.002144661689384
"FAM218A","FAM218A",8.06828911708757e-08,-0.865709926190641,0.016,0.028,0.0021572184612357
"TMEM246-AS1","TMEM246-AS1",8.1255791866026e-08,-0.316995287456442,0.052,0.072,0.00217253610712194
"TNIP2","TNIP2",8.15274076652081e-08,0.65307913114894,0.045,0.029,0.00217979829874467
"SUCLG1","SUCLG1",8.26873778305346e-08,-0.255707117516416,0.19,0.222,0.002210812421055
"ZNF589","ZNF589",8.35425088131114e-08,-0.2633595149898,0.113,0.141,0.00223367605813616
"PAX8","PAX8",8.4780383094604e-08,1.17091230783054,0.015,0.007,0.00226677310280043
"ACACA","ACACA",8.60218447235813e-08,-0.122109739605888,0.558,0.6,0.00229996606237439
"INVS","INVS",8.63533019872132e-08,-0.161672045075585,0.497,0.535,0.00230882823523212
"ENSG00000205959","ENSG00000205959",8.70294212730898e-08,-0.955536009462812,0.014,0.025,0.0023269056365786
"HHIP-AS1","HHIP-AS1",8.70982046764717e-08,-0.577443316594447,0.032,0.048,0.00232874469843482
"FHAD1","FHAD1",8.7261041049256e-08,0.530073017944524,0.028,0.016,0.00233309845453396
"TTN-AS1","TTN-AS1",8.74541020893311e-08,-0.190789397792829,0.271,0.308,0.00233826032756244
"WDR17","WDR17",8.78749691085688e-08,-0.266233940615337,0.157,0.188,0.0023495130490558
"ENSG00000228863","ENSG00000228863",8.79368613788232e-08,-0.901001931839227,0.011,0.021,0.0023511678626856
"CDO1","CDO1",8.84901725112266e-08,-0.534769949560774,0.018,0.031,0.00236596174243267
"PDGFA-DT","PDGFA-DT",8.87064955613378e-08,1.23106422207216,0.017,0.008,0.00237174557182349
"AGRN","AGRN",8.89841702601868e-08,-0.331620884241515,0.09,0.115,0.00237916976024662
"LOC105378311","LOC105378311",8.91862632883339e-08,0.840487941668793,0.042,0.028,0.00238457312154018
"LZTS2","LZTS2",8.94272133655021e-08,-0.275912423040232,0.199,0.231,0.00239101540375343
"CENPF","CENPF",8.9502940445119e-08,2.19026211786868,0.011,0.004,0.00239304011868115
"ZMAT5","ZMAT5",8.95445016653871e-08,0.548247771446382,0.071,0.052,0.00239415134102745
"VPS28","VPS28",8.96132675017828e-08,-0.187906441480409,0.149,0.181,0.00239598993319517
"GPR158","GPR158",9.0172019574054e-08,-0.37296305635843,0.209,0.239,0.00241092928735148
"MRPL42","MRPL42",9.09222373411477e-08,-0.2309504288865,0.151,0.183,0.00243098785979027
"GALNT7-DT","GALNT7-DT",9.121486058876e-08,0.363517178785734,0.143,0.116,0.00243881172756167
"CAMK2G","CAMK2G",9.13451383548522e-08,0.456135996923396,0.162,0.135,0.00244229496419368
"DACT3-AS1","DACT3-AS1",9.2231492061975e-08,-0.956290248104285,0.015,0.027,0.00246599340326103
"LEKR1","LEKR1",9.25995799192374e-08,-0.497764235134123,0.024,0.038,0.00247583496830065
"PHF10","PHF10",9.26373960796533e-08,0.344443173441126,0.178,0.149,0.00247684605898169
"AMZ1","AMZ1",9.40246280253431e-08,-0.409973664222241,0.136,0.164,0.0025139364795136
"ACAP1","ACAP1",9.42992724967646e-08,0.882852752454907,0.031,0.019,0.002521279648746
"ENSG00000266202","ENSG00000266202",9.45556193137321e-08,-0.505526696641807,0.034,0.05,0.00252813359359125
"LSG1","LSG1",9.57013238703038e-08,0.489317540250867,0.11,0.087,0.00255876629632031
"ASB8","ASB8",9.72880936821796e-08,-0.33649266801521,0.081,0.105,0.00260119176078044
"TMEM121B","TMEM121B",9.78471018805928e-08,1.03760859001122,0.023,0.012,0.00261613796298141
"SNAI3-AS1","SNAI3-AS1",9.80279268477776e-08,0.629809802909382,0.051,0.034,0.00262097268012903
"APOBEC3F","APOBEC3F",9.83832275792784e-08,0.98778617493512,0.011,0.004,0.00263047235578717
"ANKMY2","ANKMY2",9.87819315887278e-08,0.407009991113265,0.113,0.089,0.00264113250488782
"CCDC81","CCDC81",9.87897427742095e-08,0.731791126922073,0.033,0.02,0.00264134135255404
"VSIG10L","VSIG10L",9.94328658803352e-08,1.29202898652203,0.014,0.006,0.00265853653504252
"SFR1","SFR1",1.00358844050042e-07,-0.626751042952837,0.026,0.041,0.00268329441336598
"RAB37","RAB37",1.01136742911964e-07,0.900454584956456,0.016,0.008,0.00270409309523718
"MT1X","MT1X",1.03245625704351e-07,0.853460694958518,0.085,0.064,0.00276047829445722
"MDGA1","MDGA1",1.03770149711096e-07,0.814655396687153,0.036,0.023,0.00277450249282557
"COL6A6","COL6A6",1.03935787600935e-07,0.820088049862773,0.02,0.01,0.00277893115308619
"SLC35B2","SLC35B2",1.04223082133525e-07,-0.420977661408857,0.054,0.074,0.00278661254700405
"GLCCI1","GLCCI1",1.05138288066419e-07,0.22150259347445,0.371,0.336,0.00281108240803185
"LINC02997","LINC02997",1.06223887444339e-07,-0.759120734917034,0.031,0.047,0.00284010807859928
"PIK3IP1","PIK3IP1",1.06557485256776e-07,0.425294226310016,0.186,0.159,0.00284902748331041
"LINC00298","LINC00298",1.06675260756715e-07,-0.678333869800595,0.013,0.025,0.00285217644685229
"TMEM123-DT","TMEM123-DT",1.06844640178249e-07,-1.39278029628853,0.006,0.015,0.00285670514444585
"ZDHHC17","ZDHHC17",1.07051097961104e-07,-0.142880476764944,0.35,0.394,0.00286222520618605
"ENSG00000223511","ENSG00000223511",1.08093790492988e-07,1.22718943465493,0.015,0.007,0.00289010367641103
"CKS1B","CKS1B",1.08219482641357e-07,0.921928119098046,0.023,0.012,0.00289346430738195
"PSAP","PSAP",1.10515642040533e-07,0.183295228106006,0.639,0.638,0.00295485672123772
"OAS2","OAS2",1.11522049775222e-07,0.894867333101153,0.015,0.006,0.00298176504484012
"DNAJC16","DNAJC16",1.12272799385104e-07,-0.236089414334569,0.147,0.178,0.00300183783715952
"FLNC","FLNC",1.12761552788704e-07,-0.64159263562498,0.032,0.048,0.00301490563691157
"ANKRD42","ANKRD42",1.13130870305465e-07,0.745723837201046,0.035,0.022,0.00302478007935723
"LRPPRC","LRPPRC",1.13432268828334e-07,-0.18383544214542,0.342,0.382,0.00303283857166318
"MTA1","MTA1",1.13976974038347e-07,-0.312157318796028,0.11,0.136,0.00304740235486329
"ENSG00000261669","ENSG00000261669",1.16640029904109e-07,0.676083500137715,0.039,0.025,0.00311860447954616
"SLC50A1","SLC50A1",1.17539292330788e-07,0.816619845812978,0.029,0.017,0.00314264805904827
"PFN1","PFN1",1.17572792396008e-07,0.391425474821649,0.213,0.185,0.00314354375029206
"DDX10","DDX10",1.18128939792376e-07,0.319387854530758,0.29,0.261,0.00315841346322875
"RNF138","RNF138",1.18400809459631e-07,0.307897344814901,0.204,0.175,0.00316568244252216
"MICU2","MICU2",1.19685323297368e-07,-0.132516060114401,0.388,0.43,0.00320002648900174
"BIRC3","BIRC3",1.22382727599027e-07,1.24709335265145,0.021,0.011,0.00327214698781518
"CDHR1","CDHR1",1.22436721215585e-07,0.975736741545618,0.022,0.012,0.00327359061514109
"SCN1A-AS1","SCN1A-AS1",1.22866667833092e-07,0.686897155966882,0.06,0.043,0.00328508609785337
"UBA2","UBA2",1.23293344516804e-07,0.266048137436301,0.312,0.28,0.00329649415234578
"TESC","TESC",1.23345769290386e-07,0.87978872926856,0.017,0.008,0.00329789583351705
"PTPRO","PTPRO",1.24520512927927e-07,0.303233150154924,0.103,0.08,0.003329304954154
"KCNG4","KCNG4",1.25064047173534e-07,-0.93666846558885,0.012,0.022,0.00334383742927879
"LINC01637","LINC01637",1.25179573184641e-07,1.29882610298972,0.011,0.004,0.00334692624823775
"ITGB1","ITGB1",1.25784747344234e-07,0.269134647808153,0.33,0.299,0.00336310678974278
"GSKIP","GSKIP",1.26139743532627e-07,-0.317566644280641,0.056,0.077,0.00337259832283184
"MTPN","MTPN",1.26973730148948e-07,0.404974472979738,0.173,0.147,0.00339489662299242
"ENSG00000262151","ENSG00000262151",1.28709904003637e-07,1.14273936551784,0.011,0.004,0.00344131670334525
"ENSG00000227627","ENSG00000227627",1.29434672525008e-07,-0.517320072096553,0.044,0.062,0.00346069483930113
"HADHA","HADHA",1.30733072578567e-07,0.285292182223761,0.261,0.23,0.00349541016153315
"ETFA","ETFA",1.31586489188588e-07,-0.115984968140865,0.183,0.219,0.00351822796143528
"ARFGAP3","ARFGAP3",1.31903298818375e-07,0.286288409672532,0.22,0.189,0.0035266985005069
"ING1","ING1",1.32478888507675e-07,0.682061453532608,0.041,0.026,0.00354208804202971
"ENSG00000259481","ENSG00000259481",1.33040911273373e-07,0.651250896126822,0.044,0.029,0.00355711484471618
"MYD88","MYD88",1.35883819039112e-07,1.01883668730908,0.018,0.009,0.00363312566964874
"C11orf24","C11orf24",1.35929633245762e-07,-0.499178661621908,0.052,0.072,0.00363435060409195
"ZNF197","ZNF197",1.36052871920252e-07,-0.288691459646059,0.162,0.192,0.00363764563653177
"LINC01563","LINC01563",1.36943878607367e-07,-0.425162509547879,0.042,0.06,0.00366146848232518
"CCDC15","CCDC15",1.37087761856404e-07,-0.751134762286338,0.021,0.035,0.00366531548875469
"LINC01854","LINC01854",1.37380232349382e-07,1.44548886616848,0.011,0.004,0.00367313527232544
"ENSG00000271576","ENSG00000271576",1.37448766063541e-07,-0.529664197688719,0.036,0.053,0.00367496765824088
"ZFY","ZFY",1.38214086528884e-07,0.341817961742273,0.13,0.104,0.00369543003152276
"ENSG00000277938","ENSG00000277938",1.38373565981002e-07,1.62508687624975,0.011,0.004,0.00369969403363406
"FBXO5","FBXO5",1.384828941455e-07,1.23671715795718,0.016,0.008,0.00370261714076824
"MBTPS2","MBTPS2",1.38857120139427e-07,-0.32618513694378,0.107,0.133,0.00371262282116786
"PGAP3","PGAP3",1.38976334629471e-07,-0.582765979132774,0.03,0.046,0.00371581025898817
"IKZF4","IKZF4",1.39160062964769e-07,-0.250511505382673,0.077,0.1,0.00372072260348902
"FDPS","FDPS",1.39512783746875e-07,0.396203430600742,0.205,0.177,0.0037301532990402
"COX11","COX11",1.40471011882251e-07,-0.26343669675275,0.119,0.147,0.00375577344469573
"CSTB","CSTB",1.41386750086791e-07,0.407932328993983,0.139,0.113,0.00378025753707052
"FIG4","FIG4",1.42585867718008e-07,0.317163976318962,0.241,0.21,0.00381231834517638
"LRCH4","LRCH4",1.42923735047785e-07,0.444821933991239,0.092,0.07,0.00382135190397263
"ENSG00000228886","ENSG00000228886",1.43290625848758e-07,-0.964884350399556,0.009,0.019,0.00383116146331823
"NLRP4","NLRP4",1.43380605929907e-07,1.30840275472966,0.011,0.004,0.00383356726074791
"CAMK2B","CAMK2B",1.43628068716784e-07,-0.458208256017614,0.029,0.045,0.00384018367328067
"ENSG00000253116","ENSG00000253116",1.44934006475347e-07,0.810707784257648,0.021,0.011,0.00387510053113136
"SEC61A2","SEC61A2",1.4567930682884e-07,-0.224383209309942,0.158,0.189,0.00389502762668269
"DTWD1","DTWD1",1.48424700725613e-07,-0.18137343849057,0.219,0.254,0.00396843122330072
"CEP43","CEP43",1.49818119049501e-07,-0.302723959157163,0.106,0.132,0.00400568704902651
"SELENOW","SELENOW",1.51240331757029e-07,-0.115989416741608,0.438,0.486,0.00404371275018767
"UTP4","UTP4",1.51250604659431e-07,0.581228154221989,0.078,0.058,0.00404398741677921
"CLASP1","CLASP1",1.51959372549025e-07,0.12122602188706,0.757,0.75,0.00406293774384329
"RALY","RALY",1.52668004470635e-07,0.257898119008929,0.349,0.32,0.00408188443553136
"WASHC1","WASHC1",1.53643706328934e-07,0.172530163654919,0.419,0.384,0.00410797177611671
"SVOP","SVOP",1.5504331800254e-07,-1.32079405706004,0.006,0.014,0.00414539319343392
"SELENOS","SELENOS",1.55225713077283e-07,0.441586314850775,0.148,0.123,0.00415026989054731
"SPATA2","SPATA2",1.56371460539458e-07,-0.452487304999902,0.047,0.066,0.00418090374044349
"ENSG00000254692","ENSG00000254692",1.57219533096044e-07,0.464207995547382,0.089,0.068,0.00420357865638892
"ENSG00000277022","ENSG00000277022",1.57269145578776e-07,1.07135193314906,0.016,0.007,0.00420490514533973
"FTO","FTO",1.57709790831049e-07,-0.100393113438178,0.7,0.738,0.00421668667744976
"NDUFS5","NDUFS5",1.58717685861911e-07,-0.249761394846127,0.133,0.161,0.00424363476688991
"FCHSD1","FCHSD1",1.60201432666748e-07,0.65522984139589,0.047,0.031,0.00428330570521083
"STEEP1","STEEP1",1.60284953332969e-07,-0.565257272685482,0.03,0.045,0.0042855387972636
"ARF6","ARF6",1.61515114682368e-07,0.724209746988991,0.053,0.036,0.00431842962126247
"ENSG00000203601","ENSG00000203601",1.61633115717373e-07,-0.802020930818359,0.021,0.034,0.00432158461493541
"LINC02572","LINC02572",1.6171065945999e-07,-1.21779662418693,0.006,0.014,0.00432365790198177
"RNF2","RNF2",1.63375347641706e-07,0.42275937668486,0.115,0.092,0.00436816666989629
"IFT27","IFT27",1.6351370257373e-07,-0.389286599311362,0.082,0.105,0.00437186586571383
"ATRX","ATRX",1.63997514577083e-07,0.137374854312134,0.703,0.693,0.00438480154724746
"TBC1D10C","TBC1D10C",1.64495984223125e-07,1.40219175950719,0.011,0.004,0.00439812913017368
"KSR1","KSR1",1.66138398566016e-07,0.321986627146444,0.299,0.269,0.00444204236245956
"EIF3A","EIF3A",1.66217428176695e-07,0.272866070168606,0.275,0.245,0.00444415537716029
"CYB561","CYB561",1.68829383950342e-07,0.923043341185375,0.012,0.005,0.00451399123868031
"ZSCAN1","ZSCAN1",1.69804480192711e-07,-1.11695672593539,0.005,0.013,0.00454006238691252
"COX7C","COX7C",1.70013780100712e-07,0.355433459673239,0.195,0.166,0.00454565843855275
"COQ6","COQ6",1.70542539197836e-07,-0.446138663616246,0.039,0.056,0.00455979587053253
"HEXIM1","HEXIM1",1.7086068436809e-07,0.71346766183165,0.043,0.028,0.00456830211794962
"TBC1D2","TBC1D2",1.71309022987344e-07,-0.208776026124696,0.195,0.229,0.00458028934761262
"CTDSP1","CTDSP1",1.7151910234182e-07,-0.23705255588031,0.092,0.118,0.00458590623931324
"TSN","TSN",1.73765402902813e-07,-0.246343732103753,0.11,0.137,0.00464596557741252
"ENSG00000260808","ENSG00000260808",1.74526134253798e-07,0.967066870695684,0.017,0.008,0.0046663052515438
"SCOC-AS1","SCOC-AS1",1.75569410376764e-07,-0.412687748406486,0.038,0.056,0.00469419932524355
"RAB3D","RAB3D",1.75575550658665e-07,0.748429190573193,0.031,0.019,0.00469436349796073
"RUNDC1","RUNDC1",1.76304920155617e-07,0.660552443356977,0.061,0.043,0.00471386465020072
"ADRA2C","ADRA2C",1.77714647058706e-07,1.23180738640675,0.01,0.003,0.00475155651840861
"RRBP1","RRBP1",1.78545416332937e-07,0.230931801919242,0.34,0.308,0.00477376879649375
"POLR2G","POLR2G",1.78698992999052e-07,-0.342277782736459,0.049,0.068,0.00477787497581566
"NUDT16","NUDT16",1.79278686841728e-07,0.461837351451358,0.063,0.045,0.00479337425008727
"BCL3","BCL3",1.79568008853405e-07,0.89196331857191,0.016,0.007,0.00480110985271348
"ENSG00000281721","ENSG00000281721",1.80225412418515e-07,-0.576355363700442,0.03,0.045,0.00481868685183382
"LINC02774","LINC02774",1.80766774227163e-07,-0.701995278891732,0.026,0.04,0.00483316124251165
"KRT10","KRT10",1.81069377787332e-07,0.385018502556437,0.107,0.084,0.00484125195389991
"CHFR","CHFR",1.83237881543409e-07,0.25096511192098,0.296,0.264,0.00489923123882612
"TRIM11","TRIM11",1.83321210345378e-07,0.761558579541881,0.041,0.027,0.00490145920100438
"PPM1D","PPM1D",1.83783620090553e-07,0.262852305780692,0.243,0.212,0.00491382265036111
"PRPF8","PRPF8",1.85935022961787e-07,0.287822688404545,0.238,0.208,0.0049713447089293
"TAF15","TAF15",1.87252661403853e-07,0.173201973489152,0.558,0.534,0.00500657440795482
"ZNF461","ZNF461",1.88923373944706e-07,-0.382949413645707,0.059,0.079,0.0050512442491596
"RRP15","RRP15",1.89984732075067e-07,0.377554905793851,0.11,0.087,0.00507962178149106
"TOP2B","TOP2B",1.90712412897147e-07,-0.154482084256027,0.363,0.401,0.00509907778363103
"LYRM2","LYRM2",1.90794603292087e-07,0.350480312172931,0.198,0.169,0.00510127530822053
"LTBP3","LTBP3",1.90956606320459e-07,-0.248197297113561,0.194,0.226,0.00510560678319012
"TYK2","TYK2",1.91947149791282e-07,0.376108549896162,0.11,0.087,0.0051320909439695
"RBM26","RBM26",1.92121625212266e-07,-0.103986595870585,0.624,0.663,0.00513675589330035
"LRCH3","LRCH3",1.92206978710223e-07,-0.104772829400679,0.551,0.6,0.00513903798977524
"ZNF487","ZNF487",1.92832758265273e-07,-0.524733409574298,0.032,0.048,0.0051557694577386
"MED27","MED27",1.93483534332224e-07,-0.125431070881032,0.431,0.472,0.00517316925744067
"INAFM2","INAFM2",1.95123470424521e-07,0.523483534705499,0.041,0.026,0.00521701622874043
"ZNF573","ZNF573",1.97301835598311e-07,-0.252244613730828,0.13,0.159,0.00527525917839204
"ENSG00000272316","ENSG00000272316",2.00708085336049e-07,-0.335735027126983,0.092,0.117,0.00536633207762994
"AFG3L2","AFG3L2",2.01964431749401e-07,-0.176297900090336,0.135,0.164,0.00539992301168373
"ENSG00000269145","ENSG00000269145",2.03262851938195e-07,0.683192059517389,0.059,0.042,0.00543463887227151
"SRRM2-AS1","SRRM2-AS1",2.03290030254585e-07,-0.984581471447599,0.012,0.022,0.00543536553891683
"ELMO2","ELMO2",2.03708299616901e-07,-0.258986375267744,0.147,0.176,0.0054465488068571
"COQ3","COQ3",2.04089850867016e-07,-0.437363466311888,0.024,0.038,0.0054567503426314
"HERC2","HERC2",2.04226725846092e-07,-0.106689476719126,0.593,0.633,0.00546040996894697
"ENSG00000258603","ENSG00000258603",2.04904135234291e-07,1.41381401466433,0.013,0.006,0.00547852186375923
"HSCB","HSCB",2.06266735035823e-07,0.383613006339641,0.144,0.119,0.00551495369465279
"ZNF610","ZNF610",2.0705222296506e-07,-0.442636259953245,0.038,0.055,0.00553595528541681
"NUDT3","NUDT3",2.07535461818373e-07,0.399600255205957,0.166,0.14,0.00554887564263784
"BRINP1","BRINP1",2.08212718575818e-07,-0.48733607314949,0.059,0.079,0.00556698345656164
"KCTD2","KCTD2",2.09094291599796e-07,-0.343674204159985,0.11,0.136,0.00559055407450373
"CPEB1-AS1","CPEB1-AS1",2.09116985333098e-07,-0.258149279019731,0.127,0.155,0.00559116083685105
"ITSN1","ITSN1",2.09359422951594e-07,0.1968980868996,0.351,0.316,0.00559764289145678
"HAAO","HAAO",2.10017114925706e-07,0.70832383037222,0.027,0.016,0.00561522760176859
"ATXN10","ATXN10",2.10073471868999e-07,0.152626466803365,0.591,0.57,0.00561673441736142
"HIGD1C","HIGD1C",2.11858168556609e-07,0.760884659901561,0.029,0.017,0.00566445185269805
"HMGCR","HMGCR",2.13267713167466e-07,0.3982725027806,0.117,0.093,0.00570213884695854
"MLYCD","MLYCD",2.14751393816737e-07,-0.483829651093442,0.034,0.05,0.0057418080164781
"ZCRB1","ZCRB1",2.1483830201079e-07,-0.285743878569478,0.08,0.104,0.00574413168086249
"BCKDHB","BCKDHB",2.15264735240239e-07,-0.134530817775531,0.416,0.457,0.00575553322611828
"STAC3","STAC3",2.15339757200853e-07,0.814139599883449,0.026,0.015,0.00575753908827921
"GSTT2B","GSTT2B",2.17715523515863e-07,0.61098807935587,0.048,0.033,0.00582105995224363
"LINC00940","LINC00940",2.18564751075467e-07,-0.939399831153228,0.015,0.026,0.00584376574950475
"YEATS2","YEATS2",2.1942040462057e-07,-0.125839410611865,0.348,0.389,0.00586664335834018
"RAB2A","RAB2A",2.19634411397283e-07,0.189099832522022,0.542,0.519,0.00587236525752917
"TNS1","TNS1",2.19952310858062e-07,0.367859381820145,0.333,0.314,0.005880864935412
"SLC31A1","SLC31A1",2.19978218133391e-07,0.428677518378452,0.098,0.077,0.00588155761823247
"FAM151B-DT","FAM151B-DT",2.20683580225288e-07,-1.0580425472161,0.012,0.022,0.00590041688448353
"LMBRD2","LMBRD2",2.21052006930213e-07,-0.146815447691992,0.168,0.201,0.00591026750929311
"WDFY2","WDFY2",2.22306073504059e-07,-0.102931220445477,0.643,0.677,0.00594379748727802
"CDK17","CDK17",2.22824093676448e-07,-0.115109732232729,0.514,0.555,0.0059576477926272
"MED29","MED29",2.25020939397793e-07,-0.295371099652107,0.098,0.123,0.0060163848566788
"TMEM116","TMEM116",2.27858401459306e-07,-0.349459913248526,0.087,0.111,0.00609225007981746
"ARHGEF9","ARHGEF9",2.28756515223498e-07,-0.169236539542405,0.213,0.249,0.00611626294753066
"DPH6-DT","DPH6-DT",2.29025967040047e-07,0.2217269795117,0.353,0.321,0.00612346728074973
"GANC","GANC",2.29844487759477e-07,0.243808862771279,0.325,0.294,0.00614535206922514
"CTSO","CTSO",2.31058315049222e-07,-0.284733544157837,0.048,0.067,0.00617780616947104
"MORC1","MORC1",2.33013836797117e-07,1.15178093487825,0.022,0.012,0.00623009095444451
"TMEM109","TMEM109",2.33398047483764e-07,0.563721493108016,0.058,0.041,0.0062403635955734
"ENSG00000266086","ENSG00000266086",2.33462465594049e-07,-0.282628903032668,0.092,0.117,0.00624208594258808
"RNF114","RNF114",2.3650257199443e-07,0.267003604645877,0.207,0.177,0.00632336926741507
"PRELP","PRELP",2.37201730850087e-07,1.00172383804173,0.016,0.007,0.00634206267773877
"POLR2I","POLR2I",2.39052797260756e-07,-0.486126067904214,0.059,0.078,0.00639155464036084
"PRDX6-AS1","PRDX6-AS1",2.40781426621324e-07,-0.190187703120594,0.184,0.218,0.00643777300357435
"FAR2-AS1","FAR2-AS1",2.40804600702253e-07,-0.363410499123571,0.041,0.058,0.00643839260897615
"SENP7","SENP7",2.42030022104228e-07,-0.129331171578462,0.446,0.487,0.00647115670100074
"LOC105375743","LOC105375743",2.42128304091035e-07,1.39856176658194,0.012,0.005,0.00647378446648201
"CCDC175","CCDC175",2.4223043245808e-07,0.815394762528885,0.04,0.026,0.00647651507263168
"SNRK","SNRK",2.43687442413992e-07,0.458586707638416,0.15,0.125,0.0065154711478229
"BLTP3B","BLTP3B",2.4380315931287e-07,0.329742152588962,0.233,0.203,0.00651856507054821
"DCAF12","DCAF12",2.44165404947204e-07,0.409479496483241,0.099,0.077,0.0065282504320734
"NOL3","NOL3",2.44911815218225e-07,-0.555265081283077,0.038,0.055,0.00654820720348969
"TMEM19","TMEM19",2.46636111276889e-07,0.59355144513015,0.074,0.055,0.00659430970721019
"SERPINB8","SERPINB8",2.48402537129249e-07,-0.717116846889918,0.014,0.024,0.00664153863522474
"SGF29","SGF29",2.48871954164051e-07,0.46493994791784,0.087,0.066,0.00665408943848422
"ASB5","ASB5",2.49443767734351e-07,-0.786788766948657,0.007,0.016,0.00666937801791335
"SCMH1","SCMH1",2.51563408310637e-07,-0.134559424527239,0.336,0.377,0.0067260508480015
"ERLN","ERLN",2.54035073163333e-07,-0.888573549105922,0.014,0.025,0.00679213575116803
"BEAN1","BEAN1",2.55131318383803e-07,-0.680836228636595,0.023,0.036,0.00682144605962775
"SAXO1","SAXO1",2.58279166678393e-07,-0.969695877653495,0.013,0.024,0.0069056100794802
"ZNF133","ZNF133",2.61328027588475e-07,-0.199469380140114,0.157,0.188,0.00698712747363305
"NOX4","NOX4",2.62698129764936e-07,-0.646132182583257,0.035,0.051,0.00702375989552509
"VHL","VHL",2.67775735777559e-07,0.395327030022258,0.119,0.095,0.0071595198474846
"LOC124902108","LOC124902108",2.68083985102829e-07,0.985032641991309,0.014,0.006,0.00716776150969435
"GPR19","GPR19",2.68110910360988e-07,-0.474242760978936,0.021,0.034,0.00716848141032174
"MGC16275","MGC16275",2.72553979276739e-07,-0.828277640059761,0.021,0.033,0.00728727574392218
"FAM228B","FAM228B",2.73467266493277e-07,-0.180151681103029,0.193,0.225,0.00731169430423074
"EIF1AX","EIF1AX",2.74165933134791e-07,-0.178692184404328,0.22,0.255,0.00733037455422491
"ABCB7","ABCB7",2.74551457238648e-07,0.269287494412025,0.25,0.22,0.00734068231218972
"TBCD","TBCD",2.75580492555357e-07,0.295529339828165,0.373,0.349,0.00736819562945258
"SPTLC2","SPTLC2",2.76889835458169e-07,0.217905237067767,0.6,0.586,0.00740320353064508
"CRTC1","CRTC1",2.79479207025327e-07,0.320288101686452,0.223,0.195,0.00747243555823616
"CELF4","CELF4",2.79787346121542e-07,-0.714002541957526,0.023,0.036,0.00748067427325168
"HMX1","HMX1",2.81827394081945e-07,-0.862055246697204,0.015,0.026,0.00753521903556897
"ASPHD2","ASPHD2",2.84983957277286e-07,1.1385783969348,0.022,0.012,0.00761961606572281
"SENP2","SENP2",2.85973801703092e-07,-0.237380040374112,0.215,0.248,0.00764608153613557
"COMMD1","COMMD1",2.86314290841484e-07,-0.126352387634439,0.412,0.45,0.00765518519422877
"PSMB8","PSMB8",2.88062636970817e-07,0.670532748377536,0.036,0.023,0.00770193072468874
"ABRACL","ABRACL",2.89496003420507e-07,1.24071329510091,0.011,0.004,0.00774025464345411
"RNF187","RNF187",2.90601712019765e-07,-0.308186116551604,0.099,0.124,0.00776981797427246
"SENP8","SENP8",2.93459773646033e-07,-0.805992551615514,0.024,0.038,0.00784623396797399
"CNPY1","CNPY1",3.01852930750501e-07,-0.63468309016199,0.02,0.033,0.00807064180947615
"NAALAD2","NAALAD2",3.02222594759687e-07,-0.203557701652742,0.177,0.209,0.00808052551608976
"TRAPPC10","TRAPPC10",3.03916363043674e-07,-0.161172007445928,0.444,0.48,0.00812581179869871
"C2orf72","C2orf72",3.05283225558746e-07,-0.357631496690729,0.066,0.087,0.0081623576017642
"KLHL9","KLHL9",3.07853107069081e-07,0.363879039309002,0.142,0.117,0.00823106852370602
"CCDC3","CCDC3",3.09576850391165e-07,0.409544917603861,0.117,0.094,0.00827715624890858
"ZFP37","ZFP37",3.10513936698805e-07,-0.444010208845419,0.044,0.062,0.00830221112551595
"ENSG00000249359","ENSG00000249359",3.10842562941848e-07,-0.74494608519027,0.024,0.037,0.0083109976053762
"MRPL32","MRPL32",3.12319363245046e-07,-0.442397996549778,0.045,0.063,0.00835048281508279
"CFL1","CFL1",3.15362225040492e-07,-0.104275448899137,0.336,0.38,0.00843183981090765
"AP3D1","AP3D1",3.16724245793293e-07,0.282894128110076,0.238,0.208,0.00846825615977527
"MTHFR","MTHFR",3.17002539832101e-07,0.398566762701213,0.147,0.122,0.0084756969074909
"CTNNBL1","CTNNBL1",3.21666839495597e-07,0.243490835152869,0.281,0.25,0.00860040628759377
"ENSG00000271717","ENSG00000271717",3.21712047565498e-07,0.554094100940978,0.066,0.048,0.00860161501575873
"PUM3","PUM3",3.22527732559118e-07,0.230796508210551,0.376,0.347,0.00862342398543313
"FSCN1","FSCN1",3.2390177274674e-07,-0.221581868074538,0.21,0.243,0.00866016169792959
"PPP1R11","PPP1R11",3.24097354545592e-07,0.517356204718335,0.071,0.053,0.0086653909684855
"ENTREP1","ENTREP1",3.24817587106777e-07,-0.963839070780065,0.006,0.014,0.0086846478264739
"DLG5","DLG5",3.25835869037292e-07,-0.270525204600811,0.131,0.159,0.00871187363045008
"COA6","COA6",3.26164258571272e-07,0.55439018883439,0.046,0.031,0.00872065378142009
"EFHD1","EFHD1",3.27481514665115e-07,0.104090610364036,0.441,0.526,0.00875587325760119
"SCAMP4","SCAMP4",3.27753911815418e-07,-0.225676116053783,0.142,0.172,0.00876315634020884
"ENSG00000254988","ENSG00000254988",3.28551255760763e-07,0.788183880289626,0.024,0.014,0.00878447492527551
"ENSG00000250101","ENSG00000250101",3.28582115683674e-07,0.919850253323177,0.027,0.016,0.0087853000270344
"ENSG00000233478","ENSG00000233478",3.30439479674059e-07,1.03517130680901,0.022,0.012,0.00883496036804533
"TCF4-AS1","TCF4-AS1",3.32905195918179e-07,0.566725401031954,0.033,0.02,0.00890088622326436
"ENSG00000270871","ENSG00000270871",3.34177428252134e-07,0.695318406496252,0.042,0.028,0.00893490189917732
"GPATCH2L","GPATCH2L",3.3916014594793e-07,0.248609287458339,0.416,0.392,0.00906812482220979
"TSPYL2","TSPYL2",3.40041731723005e-07,0.306563127476486,0.116,0.092,0.00909169578107799
"LINC02884","LINC02884",3.42331443353282e-07,0.739295804737577,0.027,0.016,0.00915291580093671
"TPM2","TPM2",3.45416101591396e-07,1.19838482269777,0.016,0.008,0.00923539030824917
"TMEM259","TMEM259",3.47556918825902e-07,-0.148520571271314,0.287,0.324,0.00929262933864814
"ENSG00000250410","ENSG00000250410",3.49038190423268e-07,0.660225951500944,0.056,0.04,0.00933223409734693
"DGKH","DGKH",3.49818942042057e-07,0.398521611200578,0.131,0.107,0.00935310905337847
"PSME1","PSME1",3.50468899059076e-07,0.509419218743427,0.068,0.05,0.00937048695414251
"NNMT","NNMT",3.50836492373221e-07,-0.927948301083992,0.008,0.016,0.00938031529658282
"TP53INP1","TP53INP1",3.51348400167578e-07,0.480242537438916,0.084,0.064,0.00939400217528052
"NAA25","NAA25",3.52773940251053e-07,-0.127750716728722,0.344,0.385,0.00943211684049241
"PGGHG","PGGHG",3.52893951018004e-07,0.697330514628475,0.024,0.014,0.00943532556836837
"ZNF814","ZNF814",3.54266005858295e-07,-0.298769295898924,0.113,0.139,0.00947201019863323
"SLC12A6","SLC12A6",3.55557963538234e-07,0.310192329455524,0.308,0.28,0.00950655327112178
"RALYL","RALYL",3.5736809462279e-07,0.481253608806604,0.161,0.135,0.00955495074592953
"SUGP2","SUGP2",3.58737922837485e-07,0.243211240112043,0.328,0.297,0.00959157584290583
"SLC12A9-AS1","SLC12A9-AS1",3.6104858042248e-07,-1.08096121940639,0.005,0.013,0.00965335589475586
"TAF8","TAF8",3.62015906418451e-07,0.390181152343908,0.121,0.097,0.00967921928991013
"CNIH4","CNIH4",3.63459683972479e-07,0.395933403021511,0.11,0.088,0.00971782157037216
"MRPL20","MRPL20",3.66310060800082e-07,-0.253939877837484,0.127,0.155,0.0097940320956118
"ABHD15","ABHD15",3.69993075313687e-07,0.656472311819561,0.028,0.017,0.00989250485466204
"FTL","FTL",3.72137774383006e-07,0.285994326373743,0.738,0.735,0.00994984767367842
"PCBP2","PCBP2",3.73203869762427e-07,0.182441831565275,0.458,0.427,0.00997835186583802
"PHTF2","PHTF2",3.78621350922587e-07,-0.127743872000985,0.364,0.404,0.0101231990596172
"SYNRG","SYNRG",3.80989106241827e-07,0.224928620207485,0.383,0.353,0.0101865057335877
"ECE1","ECE1",3.81176533197229e-07,-0.25053279259984,0.156,0.186,0.0101915169680943
"ENSG00000254854","ENSG00000254854",3.81511685644869e-07,-1.25853997037409,0.004,0.01,0.0102004779390869
"KMT5B","KMT5B",3.82453936269727e-07,-0.112875278176401,0.387,0.432,0.0102256708940437
"NME7","NME7",3.8413099529457e-07,-0.168194766093697,0.219,0.254,0.0102705104211909
"SH3RF1","SH3RF1",3.84249593171419e-07,-0.144338637718442,0.393,0.432,0.0102736813726242
"RO60","RO60",3.88234262119731e-07,-0.121946360081775,0.282,0.325,0.0103802194662952
"LINC01356","LINC01356",3.88616767193121e-07,0.795637731196516,0.017,0.008,0.0103904465044425
"ENSG00000258455","ENSG00000258455",3.88809557357173e-07,0.770274552153096,0.028,0.016,0.0103956011350587
"RGS9","RGS9",3.89512892939031e-07,-0.559717045272635,0.017,0.029,0.0104144062185109
"SEC61G-DT","SEC61G-DT",3.90055944742483e-07,-1.48325339020646,0.004,0.01,0.0104289257945798
"ENSG00000271904","ENSG00000271904",3.90524625858559e-07,-0.812138800341772,0.019,0.031,0.0104414569215803
"ATP5IF1","ATP5IF1",3.90946013087669e-07,-0.206865031962966,0.126,0.153,0.010452723551925
"HMG20B","HMG20B",3.91257217244292e-07,0.513497764427055,0.078,0.059,0.0104610442174606
"ENSG00000283538","ENSG00000283538",3.92359887690181e-07,-1.36939030519936,0.004,0.01,0.0104905263171724
"SAR1B","SAR1B",3.94062469114658e-07,-0.200076155714157,0.234,0.267,0.0105360482367186
"PADI2","PADI2",4.01130052029072e-07,0.387082373460299,0.501,0.49,0.0107250142011013
"WDR7","WDR7",4.06821310848878e-07,-0.117202277741099,0.591,0.63,0.0108771813881665
"SCML1","SCML1",4.14861004463459e-07,-0.283252006164336,0.081,0.104,0.0110921386763395
"HLA-DOA","HLA-DOA",4.18488239784039e-07,0.424190583902942,0.025,0.015,0.0111891200671059
"TTTY10","TTTY10",4.2050157747394e-07,-0.347155277670509,0.088,0.111,0.0112429506769207
"FRY","FRY",4.23416150235649e-07,-0.257210507163511,0.227,0.261,0.0113208776088505
"EXD3","EXD3",4.23840467104012e-07,-0.189710513730402,0.132,0.161,0.01133222256896
"FLVCR1","FLVCR1",4.25533987079532e-07,-0.264897690953754,0.113,0.139,0.0113775022125454
"ADAMTSL2","ADAMTSL2",4.25931141489095e-07,0.682269429754043,0.101,0.081,0.0113881209299939
"PIDD1","PIDD1",4.29475300030215e-07,0.35036513230373,0.139,0.114,0.0114828810969079
"PPP6R1","PPP6R1",4.30942435130684e-07,0.310490381393339,0.161,0.134,0.0115221078880891
"ENSG00000230177","ENSG00000230177",4.38046831040713e-07,1.34650023730311,0.015,0.007,0.0117120581215356
"RNF214","RNF214",4.3823559139654e-07,-0.301789203191619,0.123,0.151,0.0117171050071693
"DAPK1","DAPK1",4.39305773740265e-07,0.95217232792583,0.046,0.031,0.0117457184724935
"SRSF3","SRSF3",4.46937233520325e-07,0.27907382093217,0.24,0.21,0.0119497608126329
"JUN","JUN",4.47799958068729e-07,0.508255328268479,0.126,0.103,0.0119728274788836
"EQTN","EQTN",4.48551217201827e-07,-1.08993767021531,0.01,0.02,0.0119929138943253
"GCH1","GCH1",4.48672473922277e-07,0.99789995652017,0.023,0.013,0.0119961559352599
"SLCO5A1","SLCO5A1",4.50292633425496e-07,-0.921119932679074,0.014,0.024,0.0120394741398975
"ENSG00000258214","ENSG00000258214",4.57909442400825e-07,-0.910301753760646,0.009,0.019,0.0122431247614709
"SHOC2","SHOC2",4.5829185114324e-07,0.24687821190327,0.321,0.289,0.0122533492240168
"ZNF283","ZNF283",4.61353057665921e-07,-0.282299323258134,0.098,0.122,0.0123351967028137
"TMEM245","TMEM245",4.61547619434721e-07,0.210990686140752,0.403,0.376,0.0123403987008261
"VWF","VWF",4.63614321540838e-07,-0.806784325706929,0.02,0.032,0.0123956561150374
"UBXN2A","UBXN2A",4.64789258871362e-07,-0.138476351950826,0.273,0.312,0.0124270704144436
"CYB5A","CYB5A",4.67009215819418e-07,-0.352501456249993,0.074,0.096,0.0124864254033638
"ENSG00000255580","ENSG00000255580",4.67136491864148e-07,0.347418526961481,0.096,0.074,0.0124898283829717
"POFUT4","POFUT4",4.67522680886688e-07,0.444623790908739,0.109,0.087,0.0125001539188674
"TSPAN32","TSPAN32",4.68148700189771e-07,1.00151573046137,0.013,0.006,0.0125168917969739
"BARD1","BARD1",4.69260543148498e-07,0.28034000481443,0.171,0.144,0.0125466191421614
"TMEM60","TMEM60",4.74195264145678e-07,0.743229895313715,0.036,0.023,0.012678558777463
"HSD17B4","HSD17B4",4.76570813064908e-07,-0.127858349917135,0.471,0.508,0.0127420738289165
"ENSG00000203325","ENSG00000203325",4.82968792372986e-07,0.905077719247659,0.03,0.018,0.0129131366016765
"IL12RB1","IL12RB1",4.85092288905998e-07,0.673321177209532,0.023,0.013,0.0129699125284797
"ZNF254","ZNF254",4.85731059339318e-07,0.226761022129016,0.386,0.357,0.0129869913335553
"NDUFA10","NDUFA10",4.88413684305147e-07,-0.154974573988448,0.366,0.403,0.0130587166772667
"TARS2","TARS2",4.88761245236739e-07,-0.36988840429408,0.052,0.07,0.0130680094138947
"PLXNB3","PLXNB3",4.8940961500311e-07,-1.02580502315871,0.008,0.017,0.0130853448763381
"PEAK3","PEAK3",4.93389738998129e-07,1.19715476452087,0.01,0.004,0.013191761451593
"FAM167A","FAM167A",4.96600629443854e-07,-1.0424910208506,0.006,0.013,0.0132776110294403
"CHCHD10","CHCHD10",5.01399698696851e-07,0.387393226546703,0.105,0.083,0.0134059237440577
"ENSG00000254180","ENSG00000254180",5.0154278355307e-07,-0.523215640307089,0.04,0.056,0.0134097494038584
"CEBPZ","CEBPZ",5.02654537004699e-07,0.329325011787396,0.157,0.131,0.0134394743558946
"GLIPR1L2","GLIPR1L2",5.10156151332674e-07,-0.30855620819958,0.076,0.099,0.0136400450181817
"LINC00601","LINC00601",5.13599109939184e-07,-0.205633906254716,0.107,0.133,0.013732099402444
"MTX3","MTX3",5.15836814742538e-07,-0.371569667549571,0.084,0.107,0.0137919289157712
"WFS1","WFS1",5.16564312565511e-07,0.568112553125313,0.047,0.032,0.0138113800250641
"CYP2S1","CYP2S1",5.25642174272487e-07,1.14686868875463,0.012,0.005,0.0140540948135235
"ARHGAP10","ARHGAP10",5.26222141917238e-07,0.465772729216434,0.124,0.101,0.0140696014084412
"KCNIP4","KCNIP4",5.27973666823451e-07,-0.176122343447979,0.255,0.291,0.0141164319298586
"LOC101927179","LOC101927179",5.30502944394486e-07,0.78962915971305,0.03,0.019,0.0141840572242754
"PTGR1","PTGR1",5.30763412970982e-07,0.524690724588369,0.079,0.06,0.0141910213726052
"MRPL14","MRPL14",5.307676852671e-07,0.514931227121193,0.065,0.048,0.0141911356009865
"CDK2AP1","CDK2AP1",5.3125322776762e-07,0.900723653426828,0.019,0.01,0.0142041175508229
"CHRNA6","CHRNA6",5.3176750924097e-07,-0.954340760891114,0.007,0.015,0.0142178678945758
"ATP13A2","ATP13A2",5.33064247716325e-07,0.386190263726718,0.141,0.117,0.0142525387911914
"RAB2B","RAB2B",5.3594466600057e-07,-0.281196687559242,0.096,0.121,0.0143295525348572
"RBM3","RBM3",5.36545243168134e-07,-0.234672545151648,0.071,0.093,0.0143456101665864
"ABL2","ABL2",5.39462292229045e-07,0.258684309062277,0.348,0.318,0.014423603307328
"GPR160","GPR160",5.43763555039346e-07,0.721492491577027,0.028,0.017,0.014538606171087
"ACVR1B","ACVR1B",5.44830367359423e-07,0.382777888888589,0.112,0.09,0.0145671295320889
"GOLGA8M","GOLGA8M",5.46209121487913e-07,-0.417812375037211,0.023,0.036,0.0146039932812223
"ENSG00000249209","ENSG00000249209",5.47399532157272e-07,0.492059825734291,0.07,0.052,0.014635821291289
"LYSMD3","LYSMD3",5.49885933947982e-07,0.428167011613854,0.088,0.067,0.0147023002159672
"CSNK1E","CSNK1E",5.52221309746935e-07,-0.240999258645469,0.143,0.172,0.0147647411587038
"SMPD4","SMPD4",5.5424824849846e-07,-0.181048091818145,0.211,0.245,0.0148189354201033
"C14orf119","C14orf119",5.54753040317178e-07,0.593113162120908,0.063,0.046,0.0148324320389604
"ENSG00000251152","ENSG00000251152",5.55356204992598e-07,1.36402129780649,0.01,0.004,0.0148485588528871
"UQCRFS1-DT","UQCRFS1-DT",5.56773560775397e-07,-1.1162125164903,0.007,0.015,0.0148864546944518
"ITPA","ITPA",5.59673845805202e-07,-0.296482143363519,0.086,0.109,0.0149639996152937
"CEP128","CEP128",5.66941976074445e-07,0.322042830163897,0.311,0.283,0.0151583276143024
"PSMG2","PSMG2",5.69648813652797e-07,-0.236866489511463,0.166,0.195,0.0152307003306348
"PIR","PIR",5.71875740352799e-07,-0.183752202144464,0.183,0.216,0.0152902416698128
"FAM168A","FAM168A",5.77298825741869e-07,0.137068381992971,0.572,0.547,0.0154352387038603
"COX17","COX17",5.82796403078038e-07,0.459893725887962,0.09,0.07,0.0155822274290975
"NUBP1","NUBP1",5.84677825684314e-07,0.574111053053939,0.076,0.057,0.0156325310253215
"ODF2L","ODF2L",5.93371052590904e-07,-0.239067351943799,0.199,0.231,0.015864961833123
"PPIL3","PPIL3",5.93943290761241e-07,-0.353578317112788,0.062,0.082,0.0158802617650833
"LINC01503","LINC01503",5.9995900882893e-07,0.600928302888391,0.026,0.015,0.0160411040190591
"PTDSS1","PTDSS1",6.00033311838923e-07,0.474365024800327,0.094,0.074,0.0160430906586373
"JHY","JHY",6.12928539684248e-07,0.687569238560252,0.035,0.023,0.0163878703655377
"GEN1","GEN1",6.14245644938292e-07,-0.405984840497904,0.04,0.057,0.0164230858087151
"AKAP11","AKAP11",6.14598204902002e-07,-0.127804189911587,0.351,0.391,0.0164325122044648
"CYTOR","CYTOR",6.16942551728558e-07,0.874223537678905,0.016,0.008,0.0164951930055665
"ATG10","ATG10",6.21906912773521e-07,-0.183134301181337,0.286,0.322,0.0166279251268256
"CRMP1","CRMP1",6.26247230510312e-07,-0.517240807897531,0.048,0.066,0.0167439722021542
"SLC2A12","SLC2A12",6.31872470255067e-07,-0.589592397125222,0.038,0.054,0.0168943742372097
"ZNF90","ZNF90",6.32872473255056e-07,0.382544718366032,0.155,0.13,0.0169211113174204
"ING2","ING2",6.33088763779946e-07,0.616811824052273,0.036,0.023,0.0169268942771844
"ENSG00000260990","ENSG00000260990",6.42444296015525e-07,0.895202255113836,0.021,0.011,0.0171770331425671
"PSTPIP1","PSTPIP1",6.49351649685582e-07,0.78764407228466,0.03,0.018,0.0173617150576434
"SSB","SSB",6.59455923154768e-07,0.384431518628783,0.141,0.116,0.017631873017389
"NPIPB5","NPIPB5",6.59457672438805e-07,0.238748694090331,0.269,0.239,0.0176319197879963
"ZCCHC17","ZCCHC17",6.623557224593e-07,-0.265593507673397,0.156,0.184,0.0177094049513943
"BTBD1","BTBD1",6.67292338566945e-07,0.333787751145004,0.219,0.192,0.0178413952562644
"ZNF587","ZNF587",6.6729606562498e-07,-0.372358200846994,0.075,0.097,0.0178414949066151
"ALG6","ALG6",6.70562730842535e-07,-0.262755965195358,0.077,0.099,0.0179288357345369
"HDAC10","HDAC10",6.74832001022363e-07,0.788559646459396,0.022,0.012,0.0180429832113349
"ENSG00000260869","ENSG00000260869",6.8053882525875e-07,0.691383896590334,0.029,0.018,0.0181955665709432
"LOC100128993","LOC100128993",6.8085530907645e-07,2.90979737673282,0.011,0.004,0.0182040283987771
"SRA1","SRA1",6.83165337746087e-07,0.517749421703723,0.088,0.068,0.0182657916353171
"FBXL8","FBXL8",6.86113957478657e-07,1.3108621216305,0.013,0.006,0.0183446288811069
"MRPS18B","MRPS18B",6.9612576143509e-07,-0.278183798256312,0.084,0.107,0.01861231448349
"GTF3C1","GTF3C1",7.01229276469879e-07,-0.1980219897172,0.163,0.192,0.0187487671649752
"NUP98","NUP98",7.03411339690123e-07,0.227121664357104,0.306,0.277,0.0188071089892948
"SETD5","SETD5",7.03427972864189e-07,0.137910238916829,0.637,0.617,0.0188075537104698
"EXOC8","EXOC8",7.03433431087823e-07,0.696947253144303,0.042,0.029,0.0188076996469951
"SKP1","SKP1",7.07299562304983e-07,-0.118955870808804,0.256,0.295,0.0189110683973483
"TTLL1","TTLL1",7.13663541867198e-07,-0.521698141372228,0.033,0.048,0.0190812221189033
"GPC6","GPC6",7.14711493102208e-07,-0.5024606988078,0.113,0.137,0.0191092411910737
"GABRA2","GABRA2",7.18353515267444e-07,-0.8748013464267,0.01,0.02,0.0192066179377057
"BCL7C","BCL7C",7.23489492643075e-07,-0.200298983311314,0.149,0.178,0.0193439385647979
"ENSG00000227803","ENSG00000227803",7.23632225135528e-07,-0.712970215304379,0.016,0.028,0.0193477548034486
"ZNF627","ZNF627",7.32354841923394e-07,-0.394663561420639,0.071,0.092,0.0195809714085058
"ZNF44","ZNF44",7.34883183351097e-07,-0.188058207694036,0.186,0.217,0.0196485716732583
"XPO5","XPO5",7.36343932026024e-07,0.26224717793427,0.207,0.178,0.0196876277105798
"CALM3","CALM3",7.37170257115759e-07,-0.203765850117862,0.137,0.165,0.0197097211645041
"TIMM23B","TIMM23B",7.37748685466886e-07,-0.186760757980945,0.27,0.305,0.0197251866033281
"SRSF5","SRSF5",7.39709885041079e-07,-0.121899403190488,0.437,0.479,0.0197776231963433
"FILIP1","FILIP1",7.39899924011512e-07,-0.760604473385311,0.021,0.033,0.0197827042682958
"BMI1","BMI1",7.41004787933022e-07,0.355176775116794,0.13,0.107,0.0198122450149652
"ENSG00000250387","ENSG00000250387",7.44391928591021e-07,-0.774137489651693,0.013,0.023,0.0199028069947381
"RB1-DT","RB1-DT",7.44787015215991e-07,-1.75695163015075,0.003,0.01,0.01991337042583
"NPRL3","NPRL3",7.46732393997737e-07,-0.182666902117533,0.253,0.289,0.0199653840183175
"FAM229A","FAM229A",7.47038907102262e-07,0.687223319320715,0.036,0.023,0.0199735792591932
"CHCHD2","CHCHD2",7.50996273077679e-07,-0.174757817868021,0.19,0.222,0.0200793873532779
"SMAD9","SMAD9",7.56154997370028e-07,-0.335727409014863,0.082,0.104,0.0202173161646824
"BNIP3","BNIP3",7.58947989652211e-07,-0.195893400076138,0.16,0.189,0.0202919923993312
"PTTG1IP","PTTG1IP",7.59194388825376e-07,0.335683558520272,0.236,0.209,0.0202985803740241
"TRMT11","TRMT11",7.62622368288829e-07,-0.132159905410304,0.189,0.222,0.0203902342609384
"SLC30A9","SLC30A9",7.7022119070614e-07,-0.151355487246784,0.325,0.363,0.0205934039759101
"MAP2K5","MAP2K5",7.84817702251905e-07,0.176390258852309,0.518,0.493,0.0209836709051092
"MAP3K9","MAP3K9",7.8826677019025e-07,0.683829909741072,0.035,0.022,0.0210758886345767
"TM9SF2","TM9SF2",7.93149568259799e-07,0.318551790214772,0.274,0.247,0.0212064400065622
"STK25","STK25",7.94128094513261e-07,-0.279947763366331,0.136,0.163,0.0212326028630011
"MAP4K3","MAP4K3",7.97675907428316e-07,0.17051131998253,0.562,0.543,0.0213274607369109
"LOC102723305","LOC102723305",7.99126824069844e-07,0.770661025173831,0.043,0.029,0.0213662538951554
"LOC154449","LOC154449",8.09064460737385e-07,-1.26952680699612,0.005,0.012,0.0216319564867355
"SMIM2-AS1","SMIM2-AS1",8.16188323455347e-07,-1.16670743510533,0.015,0.025,0.0218224272042256
"TMEM273","TMEM273",8.18385015597093e-07,0.3739215658292,0.174,0.149,0.0218811601620195
"LOC105373780","LOC105373780",8.298656585938e-07,1.31375328526009,0.011,0.004,0.0221881181138224
"ARHGAP39","ARHGAP39",8.30511079178408e-07,-0.315157017330259,0.098,0.122,0.0222053747239931
"HDAC4-AS1","HDAC4-AS1",8.32060618127298e-07,-0.747068423169507,0.018,0.029,0.0222468047468696
"RBM15","RBM15",8.35298659460924e-07,0.471920539938651,0.078,0.059,0.0223333802580067
"CCT2","CCT2",8.37393206172696e-07,0.366802669199857,0.126,0.102,0.0223893821534394
"STX10","STX10",8.39468631289812e-07,0.445983984887258,0.081,0.062,0.0224448727947957
"HDAC8","HDAC8",8.44076001129207e-07,0.158815373323543,0.511,0.484,0.0225680600421916
"CTSK","CTSK",8.56362533077915e-07,0.845526718167084,0.03,0.019,0.0228965650469042
"SMAD7","SMAD7",8.5795704700609e-07,0.410295898439647,0.126,0.103,0.0229391975658018
"ENSG00000231842","ENSG00000231842",8.62027793138775e-07,0.602030511598193,0.051,0.036,0.0230480371051514
"IGSF1","IGSF1",8.65071196406762e-07,0.785013046757123,0.023,0.013,0.0231294085783276
"BLZF1","BLZF1",8.67352555258067e-07,-0.166099557981354,0.19,0.222,0.0231904052699349
"DEPP1","DEPP1",8.70185586221553e-07,1.11142636504819,0.012,0.005,0.0232661520188057
"MYO7B","MYO7B",8.7043431394379e-07,1.14315345831034,0.015,0.007,0.0232728022519151
"VAV2","VAV2",8.70937158925061e-07,0.450885304019383,0.098,0.078,0.0232862468181794
"LOC105378289","LOC105378289",8.73196091524848e-07,-0.48508169742783,0.025,0.039,0.0233466438990999
"FEM1B","FEM1B",8.7587783400693e-07,0.348241106393418,0.207,0.18,0.0234183456478433
"CHLSN","CHLSN",8.76604345023516e-07,-0.207133858897337,0.133,0.161,0.0234377703728937
"RASA1","RASA1",8.80861002095357e-07,0.178193318661545,0.579,0.561,0.0235515806130236
"PGAP4","PGAP4",8.88641154337759e-07,-0.401737529042811,0.079,0.101,0.0237595985435287
"GBP4","GBP4",8.91519283768465e-07,0.948268856801025,0.018,0.009,0.0238365510901175
"HCFC2","HCFC2",8.95904848649955e-07,-0.150639133121034,0.168,0.2,0.0239538079383538
"ZNF341","ZNF341",8.96668164515432e-07,0.388377946421996,0.076,0.057,0.0239742167146491
"ANKRD49","ANKRD49",8.9864602691461e-07,0.563291880354124,0.081,0.063,0.0240270988216159
"NARS2","NARS2",9.02879144715315e-07,0.251370101019629,0.252,0.223,0.0241402796922534
"ENSG00000253288","ENSG00000253288",9.03265094115232e-07,0.391497514126758,0.031,0.019,0.024150598821359
"AQP11","AQP11",9.03455293452452e-07,-0.585286885423386,0.026,0.04,0.0241556841810382
"ZNF326","ZNF326",9.05034189287402e-07,-0.148559726375035,0.263,0.3,0.0241978991189773
"KLK14","KLK14",9.26845069354469e-07,1.17955254846773,0.012,0.005,0.0247810566193304
"B9D1","B9D1",9.26928450970719e-07,-0.481272929169416,0.041,0.057,0.0247832859936041
"PLEKHA8","PLEKHA8",9.30010194117965e-07,0.247969174486424,0.165,0.138,0.024865682560132
"MYO3B","MYO3B",9.33308631257021e-07,-1.08752191623326,0.011,0.02,0.024953872873919
"PPP1R42","PPP1R42",9.3794733485441e-07,-0.550098561285082,0.016,0.027,0.0250778978920024
"RFC2","RFC2",9.38995408410497e-07,0.545276112503476,0.054,0.038,0.0251059202346714
"ENSG00000285190","ENSG00000285190",9.50702786998928e-07,-0.730984413641926,0.01,0.019,0.0254189404159903
"PYCR3","PYCR3",9.52825878922425e-07,-1.34190963778933,0.006,0.014,0.0254757055247489
"MRPL34","MRPL34",9.53929431227012e-07,0.563811156203869,0.061,0.044,0.0255052112027166
"PSMD8","PSMD8",9.63235377861591e-07,-0.250806340737876,0.129,0.156,0.0257540242978854
"RNF19A","RNF19A",9.64334149274346e-07,0.316972515941077,0.238,0.21,0.0257834021491482
"ARLN","ARLN",9.71100566354364e-07,0.398395885558984,0.118,0.096,0.0259643158426166
"CIMAP1B","CIMAP1B",9.73204372620588e-07,0.778737009589453,0.011,0.005,0.0260205653107567
"ZNF528","ZNF528",9.74600393120415e-07,-0.253257450642747,0.08,0.101,0.0260578907108605
"FGGY","FGGY",9.78450147237095e-07,-0.10373864983105,0.215,0.251,0.0261608215866782
"ENSG00000253420","ENSG00000253420",9.79831740831054e-07,0.945730138115826,0.023,0.013,0.0261977612545999
"ETF1","ETF1",9.83885341724254e-07,0.405018202296009,0.132,0.108,0.0263061423816814
"ABCC10","ABCC10",9.89947396355693e-07,0.444313456826561,0.103,0.082,0.0264682235363622
"ERLIN2","ERLIN2",9.90490872429496e-07,-0.379185486072763,0.075,0.096,0.0264827544561474
"PSMG3-AS1","PSMG3-AS1",9.91919826443682e-07,-0.496915325626581,0.02,0.032,0.0265209603996247
"REXO2","REXO2",9.98539145113407e-07,0.318465435200243,0.09,0.07,0.0266979411228972
"PRPSAP2","PRPSAP2",1.00250744668869e-06,-0.192418134122906,0.21,0.243,0.0268040416021155
"CFLAR-AS1","CFLAR-AS1",1.01545858067222e-06,0.849743614576837,0.024,0.014,0.0271503160714332
"DIPK1A","DIPK1A",1.01592752111424e-06,-0.119012604200634,0.448,0.487,0.0271628541320314
"NUDT2","NUDT2",1.02733065919369e-06,-0.331708328910918,0.081,0.102,0.0274677398348618
"RAB7B","RAB7B",1.02887088834827e-06,-0.487585124447309,0.017,0.028,0.0275089209417676
"GRK4","GRK4",1.03115787577948e-06,-0.205145508337437,0.145,0.174,0.0275700681247159
"EHHADH","EHHADH",1.03997609203771e-06,-0.427269437123099,0.032,0.046,0.0278058407728123
"CYP20A1","CYP20A1",1.05044278579384e-06,0.271590160211124,0.278,0.25,0.0280856887637698
"PWWP2B","PWWP2B",1.06333662511675e-06,0.923781299590298,0.015,0.007,0.0284304313457465
"MBD4","MBD4",1.06725736539571e-06,0.387342163921968,0.148,0.124,0.0285352601785852
"RNF152","RNF152",1.07871759718519e-06,-0.396937863262145,0.1,0.123,0.0288416723959405
"ENSG00000265073","ENSG00000265073",1.08881234131799e-06,-1.49255321426384,0.004,0.011,0.029111575569819
"CTPS2","CTPS2",1.08964591611275e-06,-0.163113837710807,0.181,0.212,0.0291338628591067
"RGPD8","RGPD8",1.11817568853756e-06,-0.275701641272033,0.041,0.057,0.0298966633844287
"NOMO1","NOMO1",1.12120838161419e-06,-0.263735449190508,0.14,0.167,0.0299777484992186
"DACT1","DACT1",1.12428163427777e-06,1.07798782434967,0.018,0.01,0.0300599180556847
"SEC16B","SEC16B",1.12620495930335e-06,0.698542347151065,0.032,0.02,0.0301113419968936
"IFITM2","IFITM2",1.12779673755168e-06,0.69335533169584,0.028,0.017,0.0301539013719194
"COG6","COG6",1.13244464857918e-06,-0.152595535677468,0.249,0.284,0.0302781725690614
"ZNF497","ZNF497",1.13633270012326e-06,-0.839307929451787,0.011,0.02,0.0303821274031956
"ENSG00000268583","ENSG00000268583",1.13910310378644e-06,0.679899703626855,0.019,0.01,0.0304561996859382
"SFSWAP","SFSWAP",1.14965824153574e-06,-0.122389948207502,0.438,0.477,0.0307384124039411
"ENSG00000223910","ENSG00000223910",1.15094563594401e-06,-1.14801742459516,0.007,0.015,0.0307728334682351
"NDUFA5","NDUFA5",1.15388119685938e-06,-0.284305364957145,0.099,0.122,0.0308513215604292
"MPP3","MPP3",1.16190496482898e-06,-0.447526093002514,0.035,0.051,0.0310658530446326
"SLC7A1","SLC7A1",1.17746918610243e-06,0.397265225190107,0.123,0.101,0.0314819936288207
"ENSG00000258472","ENSG00000258472",1.19725862377398e-06,0.469712844580269,0.061,0.045,0.0320111038238448
"DPP9","DPP9",1.19772986235756e-06,0.357071196584813,0.167,0.142,0.0320237033298541
"ENSG00000275674","ENSG00000275674",1.20391525806398e-06,0.430105315130877,0.079,0.06,0.0321890822548566
"CD69","CD69",1.20519250841969e-06,0.235486759957709,0.022,0.013,0.0322232320976172
"SSUH2","SSUH2",1.21190954815722e-06,0.7719499603582,0.026,0.015,0.0324028255890796
"DYRK3","DYRK3",1.21957166568965e-06,1.15962550056345,0.014,0.007,0.0326076876255442
"MAP3K10","MAP3K10",1.22527698255148e-06,0.370894793240907,0.132,0.108,0.032760230682479
"SDHAF3","SDHAF3",1.22571988770622e-06,0.430275784476806,0.093,0.073,0.0327720726376012
"LYRM4","LYRM4",1.22595729404675e-06,0.306354421910065,0.261,0.233,0.032778420170928
"RBFOX1","RBFOX1",1.22971911783475e-06,-0.166706192107525,0.372,0.409,0.0328790000535476
"TEDC1","TEDC1",1.23875320908356e-06,-0.642805628700625,0.016,0.027,0.0331205445512671
"SLC24A3","SLC24A3",1.24209788970338e-06,-0.518019718557037,0.126,0.149,0.0332099712769994
"TMEM260","TMEM260",1.24907917366061e-06,-0.147034661634252,0.334,0.372,0.0333966298661638
"ENSG00000253720","ENSG00000253720",1.25829819415126e-06,0.878449364723264,0.019,0.01,0.0336431188170222
"CLNS1A","CLNS1A",1.26253001584586e-06,-0.213097911776744,0.268,0.3,0.0337562650336707
"PXYLP1","PXYLP1",1.26569738768623e-06,-0.30133038362343,0.069,0.089,0.0338409510545667
"MTCH2","MTCH2",1.27482434269147e-06,-0.166433249124953,0.207,0.24,0.0340849784505418
"LMBRD1","LMBRD1",1.27627612800712e-06,-0.106769025617616,0.442,0.481,0.0341237948345263
"DNMT3A","DNMT3A",1.28258307511999e-06,0.192470938326275,0.474,0.448,0.0342924236794831
"ENSG00000281849","ENSG00000281849",1.29308173837531e-06,-0.729451423489256,0.009,0.017,0.0345731264389408
"ZNF697","ZNF697",1.29509127775401e-06,0.883708822068215,0.022,0.013,0.0346268554933089
"RASSF2","RASSF2",1.29659822909149e-06,0.18269531502539,0.514,0.495,0.0346671468512193
"SLC6A9","SLC6A9",1.29823487143829e-06,0.367159492544274,0.189,0.164,0.0347109057576455
"ZBED5","ZBED5",1.30571419921643e-06,-0.157607488057013,0.419,0.454,0.0349108805444498
"LINC00640","LINC00640",1.30668343904307e-06,1.04677275538149,0.015,0.007,0.0349367951096946
"ENSG00000256947","ENSG00000256947",1.30849503835893e-06,0.60365487743648,0.036,0.024,0.0349852318406027
"JTB","JTB",1.31144055917081e-06,0.332953681404472,0.129,0.106,0.0350639862305499
"ENSG00000271955","ENSG00000271955",1.31226442734729e-06,-0.928298567408612,0.011,0.02,0.0350860139939845
"TTLL5","TTLL5",1.31546349438504e-06,-0.145577766169103,0.399,0.434,0.0351715474493729
"TSPAN5-DT","TSPAN5-DT",1.31686544840801e-06,-0.630143482677665,0.016,0.027,0.0352090314940851
"TMEM30A-DT","TMEM30A-DT",1.31686756991225e-06,-0.441701016429923,0.053,0.071,0.0352090882167439
"GPC1","GPC1",1.32721851294223e-06,-0.452970478455269,0.054,0.072,0.0354858413805365
"NFKBIE","NFKBIE",1.33207536725149e-06,0.868536041279108,0.016,0.008,0.0356156990942032
"CTBP1","CTBP1",1.34278002936047e-06,0.290895051003527,0.197,0.17,0.0359019096450108
"SNRPN","SNRPN",1.37517147262388e-06,-0.260753282173767,0.129,0.155,0.0367679596635447
"BEX1","BEX1",1.37728953039095e-06,-0.414079267657921,0.063,0.082,0.0368245901740628
"ERBB2","ERBB2",1.3776729478409e-06,-0.890669354538895,0.008,0.016,0.0368348416064221
"PIK3CA-DT","PIK3CA-DT",1.37816295332996e-06,-0.768634183059195,0.019,0.03,0.0368479428831832
"NSMCE1","NSMCE1",1.38574897379499e-06,-0.225232176039054,0.091,0.113,0.0370507703123566
"EIF4H","EIF4H",1.38578378294968e-06,-0.175609502478014,0.203,0.235,0.0370517010047255
"VPS37B","VPS37B",1.38659675053105e-06,-0.172235867265781,0.147,0.176,0.0370734373189487
"LINC01221","LINC01221",1.3906389677465e-06,-1.52190712619972,0.004,0.011,0.0371815140806382
"RAI14","RAI14",1.39419327603955e-06,-0.1665482520766,0.188,0.22,0.0372765456214694
"ICOSLG","ICOSLG",1.41707727598887e-06,-0.803432122604662,0.015,0.026,0.0378883951281144
"CENPB","CENPB",1.42776333696373e-06,0.504587687651158,0.061,0.044,0.0381741083403992
"LUC7L","LUC7L",1.43141930436972e-06,-0.124231144788882,0.287,0.323,0.0382718579409331
"ENSG00000259001","ENSG00000259001",1.44007429649124e-06,1.39301791653085,0.01,0.004,0.0385032664652863
"CLDN9","CLDN9",1.44650603470272e-06,1.05131441884392,0.02,0.011,0.0386752318498466
"BMERB1","BMERB1",1.45461495134464e-06,-0.131123503595898,0.287,0.327,0.0388920399541016
"DCAF7","DCAF7",1.45758906369805e-06,0.260042872558182,0.281,0.252,0.0389715587960946
"MORN4","MORN4",1.45826835633849e-06,-0.437094909901889,0.043,0.06,0.0389897210434222
"ENSG00000269693","ENSG00000269693",1.47543158908397e-06,0.664923185284993,0.045,0.031,0.0394486143973381
"SNRPA","SNRPA",1.48002672768411e-06,0.412980241672104,0.087,0.068,0.0395714746180901
"NUDT9","NUDT9",1.49394123069173e-06,0.312511605193852,0.123,0.1,0.0399435066850049
"XYLT1","XYLT1",1.49695554605294e-06,-0.260423865733216,0.506,0.454,0.0400241004348175
"CP","CP",1.50283149103635e-06,1.02088463766951,0.027,0.016,0.040181205575839
"GULP1","GULP1",1.50333473212066e-06,-0.561346537679033,0.017,0.029,0.04019466073271
"TMEM132D","TMEM132D",1.51517764728296e-06,-0.43003055586408,0.15,0.175,0.0405113047554045
"NAE1","NAE1",1.5170779140014e-06,-0.236717292713768,0.174,0.204,0.0405621121866554
"CCPG1","CCPG1",1.53451568063337e-06,-0.129681685167699,0.272,0.309,0.0410283457530943
"SPTBN4","SPTBN4",1.53633757023233e-06,-0.328254000774408,0.11,0.133,0.0410770576153018
"ASNS","ASNS",1.55515802023561e-06,0.389998337787749,0.099,0.079,0.0415802599870394
"B3GALT5","B3GALT5",1.55671139499408e-06,-0.564683802068131,0.025,0.038,0.0416217925679568
"ARL14EP","ARL14EP",1.56262364378256e-06,0.389572207208104,0.118,0.096,0.0417798683638144
"TRNAU1AP","TRNAU1AP",1.56862778391524e-06,0.314985678502329,0.195,0.169,0.0419404010585418
"ENSG00000228222","ENSG00000228222",1.57039953281308e-06,-0.410661523718518,0.079,0.099,0.0419877723088232
"FRZB","FRZB",1.5860973786933e-06,-1.07468900865008,0.008,0.017,0.0424074856141229
"CYFIP2","CYFIP2",1.61036051067254e-06,-0.111156155021776,0.211,0.244,0.0430562089738516
"LOC112268431","LOC112268431",1.61887539791588e-06,0.850531677590093,0.014,0.007,0.0432838715140768
"ZNF277","ZNF277",1.62363794901132e-06,0.286184864210858,0.291,0.265,0.0434112078427157
"CETN3","CETN3",1.62380042075242e-06,-0.286031192241195,0.091,0.113,0.0434155518496573
"ZNF747-DT","ZNF747-DT",1.62776503505778e-06,0.767572254387025,0.026,0.016,0.0435215537423398
"ZNF117","ZNF117",1.63165356893603e-06,0.4489066788452,0.099,0.079,0.0436255214726427
"LYSMD2","LYSMD2",1.63564325951077e-06,0.595307583375412,0.051,0.036,0.0437321938295394
"SELL","SELL",1.64136568751242e-06,0.69047167455981,0.028,0.017,0.0438851943870195
"MYO5C","MYO5C",1.64783788680218e-06,-0.697681065835932,0.029,0.043,0.0440582415794298
"ENSG00000258658","ENSG00000258658",1.64819817955824e-06,1.01357074547554,0.017,0.009,0.0440678747268488
"IDH1","IDH1",1.65218108842678e-06,0.322360444567962,0.155,0.13,0.0441743657612667
"EIF3D","EIF3D",1.65288208866435e-06,0.377659590775181,0.109,0.088,0.0441931084046186
"RAPGEF6","RAPGEF6",1.65793929063181e-06,-0.39162856326698,0.048,0.065,0.0443283228136226
"ENSG00000273015","ENSG00000273015",1.67681970171777e-06,-0.190254210629918,0.146,0.175,0.0448331283648281
"EXTL1","EXTL1",1.69547176452096e-06,0.905836241014458,0.03,0.019,0.0453318285679969
"LRIG3","LRIG3",1.6957473193684e-06,-0.413763587185755,0.061,0.079,0.045339196077953
"CCNB2","CCNB2",1.71213854205482e-06,-1.27091411838026,0.004,0.01,0.0457774481989199
"SSR2","SSR2",1.7176602588792e-06,0.370611366119124,0.116,0.094,0.0459250823416531
"SCRN3","SCRN3",1.72276474531426e-06,-0.280972654758541,0.108,0.133,0.0460615609954673
"FBH1","FBH1",1.741967297613e-06,0.243522328554794,0.231,0.203,0.0465749796362789
"TRAPPC5","TRAPPC5",1.75324833677647e-06,1.09615420157251,0.014,0.007,0.0468766007803925
"USP10","USP10",1.76477700422539e-06,0.25128254867531,0.305,0.278,0.0471848427619743
"ENSG00000254427","ENSG00000254427",1.77005470937661e-06,-1.10785305454507,0.006,0.014,0.0473259527646024
"TENT4A","TENT4A",1.78543219119073e-06,0.318510984063372,0.207,0.181,0.0477371004958666
"PLAG1","PLAG1",1.79917998353358e-06,0.344436936477126,0.144,0.12,0.0481046752197372
"ENSG00000271335","ENSG00000271335",1.80010674418598e-06,-0.161535953381453,0.155,0.184,0.0481294540193006
"DCLK1","DCLK1",1.80720882302614e-06,0.756796269110465,0.051,0.036,0.04831934230125
"RNF175","RNF175",1.80837055658238e-06,0.57602442469637,0.05,0.035,0.0483504035713432
"RNF123","RNF123",1.81046330723579e-06,0.510033254008346,0.073,0.055,0.0484063574455634
"STRIP1","STRIP1",1.81304648041825e-06,0.375493652250348,0.117,0.095,0.0484754237469427
"ENSG00000269967","ENSG00000269967",1.81324436717861e-06,0.891125379628882,0.02,0.011,0.0484807146452545
"ENSG00000254733","ENSG00000254733",1.81834008022231e-06,0.721409337736024,0.053,0.038,0.048616958724904
"UBE2D4","UBE2D4",1.83619584255517e-06,-0.281042185075219,0.06,0.078,0.0490943682423975
"UBE2E2","UBE2E2",1.85711809709264e-06,0.141142759014327,0.852,0.845,0.049653766561966
"EXOC6","EXOC6",1.8578442858709e-06,0.232189805525724,0.359,0.33,0.0496731826713301
"TUBB4B","TUBB4B",1.86168662474928e-06,-0.302827853445018,0.068,0.088,0.0497759152859215
"BEX4","BEX4",1.86677907396981e-06,-0.174714821086729,0.181,0.211,0.0499120721007308
"TXN2","TXN2",1.88776278774152e-06,-0.295626397544424,0.09,0.112,0.050473113655845
"ENSG00000231731","ENSG00000231731",1.91253896800282e-06,0.717670784828293,0.038,0.026,0.0511355543874915
"ENSG00000214772","ENSG00000214772",1.91327583618847e-06,0.950161498461155,0.023,0.013,0.0511552560321711
"MOSPD2","MOSPD2",1.92000744600332e-06,-0.140481587912342,0.278,0.315,0.0513352390837907
"NEURL1B","NEURL1B",1.97591669944968e-06,-0.249920783981499,0.05,0.068,0.0528300847931861
"ENSG00000237877","ENSG00000237877",1.98258917533495e-06,-0.291751866166412,0.107,0.13,0.0530084867809306
"LENG8-AS1","LENG8-AS1",1.99952357428725e-06,-0.336627690935376,0.044,0.061,0.0534612618057182
"TMEM18","TMEM18",2.01471294350276e-06,-0.414181812106755,0.036,0.051,0.0538673799704333
"ENSG00000255219","ENSG00000255219",2.01940633088451e-06,-0.976255195534812,0.006,0.014,0.0539928670688592
"CMSS1","CMSS1",2.02771605493041e-06,-0.118666672227718,0.381,0.418,0.0542150441606744
"ENSG00000281641","ENSG00000281641",2.0309888477558e-06,-0.877047291087754,0.017,0.028,0.0543025488224468
"CORO6","CORO6",2.04776613346763e-06,-0.962748734212944,0.007,0.015,0.0547511231105241
"NBL1","NBL1",2.04990356216836e-06,1.2509807036581,0.013,0.006,0.0548082715416954
"ZNF428","ZNF428",2.05062317862753e-06,-0.250717002042809,0.116,0.141,0.0548275119269644
"NDUFS3","NDUFS3",2.05613603174588e-06,-0.282331789196232,0.07,0.091,0.0549749090807896
"CHRAC1","CHRAC1",2.07992304439467e-06,-0.382123379654907,0.062,0.081,0.0556109024379804
"MAPKAPK5-AS1","MAPKAPK5-AS1",2.08376659637621e-06,0.450734051739765,0.064,0.047,0.0557136674873108
"TMEM175","TMEM175",2.08516221064228e-06,-0.205894415723857,0.115,0.14,0.0557509820259427
"NLGN2","NLGN2",2.08972364591928e-06,-0.304220601267211,0.088,0.11,0.0558729411209438
"PITPNM1","PITPNM1",2.09054432165388e-06,0.970779382586906,0.016,0.008,0.0558948835280598
"LOC124907725","LOC124907725",2.10583028853005e-06,0.717592779251151,0.02,0.011,0.056303584424428
"TMEM131","TMEM131",2.10675824153809e-06,0.166600096039098,0.542,0.519,0.056328395104004
"SOX9","SOX9",2.11074394252969e-06,-0.559460879396143,0.029,0.042,0.0564349607914164
"ARMC7","ARMC7",2.12820327296072e-06,0.793493840574159,0.026,0.016,0.0569017709091507
"ENSG00000267199","ENSG00000267199",2.13034964601898e-06,-0.502591145101498,0.019,0.03,0.0569591584856095
"GTPBP1","GTPBP1",2.13455191556685e-06,-0.275207564651848,0.103,0.126,0.0570715145665109
"ENSG00000242154","ENSG00000242154",2.1348523557155e-06,-1.33732521750433,0.006,0.013,0.0570795474347652
"DPY19L4","DPY19L4",2.14247627294721e-06,-0.198580651504975,0.175,0.203,0.0572833881097896
"PDCD5","PDCD5",2.14781417471538e-06,-0.309258155567906,0.065,0.084,0.0574261075893652
"HYLS1","HYLS1",2.15272017747931e-06,0.844849849086307,0.029,0.018,0.0575572793852642
"USP5","USP5",2.15409263865892e-06,-0.332842534153223,0.091,0.112,0.0575939748798235
"DCTD","DCTD",2.16029041751793e-06,0.552735580524331,0.053,0.038,0.057759684893177
"LSM3","LSM3",2.16270622515991e-06,-0.362533225950649,0.057,0.076,0.0578242763421005
"AP1G2-AS1","AP1G2-AS1",2.17959703679234e-06,0.687011597413544,0.023,0.013,0.0582758859727167
"ENSG00000280850","ENSG00000280850",2.18615938300859e-06,-1.25497672420704,0.005,0.011,0.0584513434235006
"HILPDA","HILPDA",2.19538294778789e-06,0.667891309417957,0.031,0.019,0.0586979538750047
"TMEM120B","TMEM120B",2.19673087850333e-06,0.409019358902205,0.1,0.08,0.0587339934985436
"AURKAIP1","AURKAIP1",2.20860871887483e-06,-0.282068033196191,0.105,0.128,0.0590515713165564
"SMCR8","SMCR8",2.23494846587684e-06,0.5614922395647,0.048,0.034,0.0597558171321491
"ENSG00000259460","ENSG00000259460",2.23685705318696e-06,-0.671787720315918,0.019,0.031,0.0598068470310597
"ABCG1","ABCG1",2.25448129230111e-06,-0.186464975206,0.28,0.315,0.0602780663122547
"TSHZ3","TSHZ3",2.28404803378505e-06,0.406679377826169,0.081,0.062,0.0610685922793109
"USP2","USP2",2.30526685922705e-06,-0.310834356393566,0.08,0.101,0.0616359200151537
"OPLAH","OPLAH",2.30886247461461e-06,-0.846813493779531,0.009,0.018,0.0617320559837707
"PRKD1","PRKD1",2.31032162804862e-06,-0.105359289411191,0.31,0.347,0.0617710693691359
"ENSG00000256618","ENSG00000256618",2.31693100451721e-06,-0.707924827791944,0.019,0.03,0.0619477842677767
"QPCTL","QPCTL",2.31842899306365e-06,0.737904260049575,0.029,0.018,0.0619878359875429
"TEX264","TEX264",2.32119781496115e-06,0.349280499928075,0.098,0.078,0.0620618659786163
"H1-10","H1-10",2.32782671709439e-06,-0.260376550904487,0.101,0.124,0.0622391029349527
"TXNL1","TXNL1",2.34214762741441e-06,-0.176452778996034,0.219,0.25,0.0626220011141792
"ODAD3","ODAD3",2.34675771312428e-06,0.998333687919235,0.016,0.008,0.0627452609758039
"PPP6C","PPP6C",2.35912197742313e-06,-0.17884178182022,0.176,0.206,0.0630758443103622
"LINC01134","LINC01134",2.37060976095511e-06,0.977413182133298,0.013,0.006,0.0633829931786567
"NOP53","NOP53",2.3734648544346e-06,0.351987020742711,0.075,0.057,0.063459329813018
"NACC2","NACC2",2.37963060794208e-06,0.259726802328795,0.33,0.306,0.0636241835645475
"SLX9","SLX9",2.38565551744486e-06,0.638246625541798,0.042,0.029,0.0637852715699233
"ZNF382","ZNF382",2.39403944696562e-06,-0.374504832273366,0.064,0.083,0.0640094326935197
"GCC2-AS1","GCC2-AS1",2.40636391210698e-06,0.474338075386678,0.042,0.029,0.0643389519180044
"STARD4","STARD4",2.4226561603279e-06,0.455817386077987,0.082,0.063,0.0647745577586872
"FURIN","FURIN",2.423904563444e-06,0.585246859837206,0.045,0.032,0.0648079363128022
"ICE2","ICE2",2.44079035497802e-06,-0.102647492925915,0.288,0.325,0.0652594117210473
"ENSG00000249096","ENSG00000249096",2.47113141787312e-06,-0.509019553483217,0.02,0.031,0.0660706407196737
"KDM6B","KDM6B",2.47139431497124e-06,0.591666059568285,0.044,0.03,0.066077669799386
"SMARCD1","SMARCD1",2.47802091932436e-06,-0.311217322554624,0.091,0.113,0.0662548453199755
"LIN52","LIN52",2.50104485079122e-06,-0.12512101948638,0.26,0.297,0.0668704361756048
"ENSG00000239300","ENSG00000239300",2.50590541810992e-06,-0.450678559911955,0.031,0.045,0.067000393164005
"ABCC8","ABCC8",2.54281693558856e-06,-0.27872833424505,0.08,0.101,0.0679872964068313
"AKT2","AKT2",2.55757225802491e-06,-0.139950427855715,0.253,0.287,0.068381809462812
"PDYN-AS1","PDYN-AS1",2.56358195935576e-06,1.20875923542469,0.01,0.004,0.0685424908472949
"PEX3","PEX3",2.58646402674085e-06,-0.155224847712656,0.186,0.216,0.0691542886829701
"GBP3","GBP3",2.5903166550996e-06,0.640666955311305,0.016,0.009,0.0692572964073979
"SGPL1","SGPL1",2.59585023080721e-06,0.348770439353841,0.196,0.171,0.0694052476210924
"DGKE","DGKE",2.6257409808479e-06,0.399173910016179,0.118,0.097,0.0702044366049303
"TRIM65","TRIM65",2.63010318051163e-06,0.370476515313835,0.079,0.061,0.0703210687373393
"CHRM5","CHRM5",2.65142750815565e-06,-0.129977294915518,0.217,0.248,0.0708912172855576
"ENSG00000255132","ENSG00000255132",2.65470963085949e-06,1.09480090285507,0.02,0.011,0.0709789714002901
"USP22","USP22",2.71558014284512e-06,0.189033744779233,0.387,0.359,0.07260646627925
"PAK1","PAK1",2.72424693805957e-06,0.262263646236067,0.297,0.271,0.0728381903828986
"ZFP90","ZFP90",2.7367218407868e-06,-0.199506026871754,0.205,0.236,0.0731717318571168
"DGAT1","DGAT1",2.74210143361008e-06,0.479067942495754,0.063,0.046,0.0733155660304326
"CFAP36","CFAP36",2.74759453948795e-06,-0.321661191104131,0.069,0.089,0.0734624352022892
"LHFPL4","LHFPL4",2.75979407392481e-06,-0.466577077489406,0.058,0.076,0.0737886141545277
"ENSG00000231856","ENSG00000231856",2.76400076295214e-06,-0.974219059739358,0.008,0.017,0.0739010883990515
"ARPC5","ARPC5",2.79153179129803e-06,0.261929819729654,0.271,0.244,0.0746371855039353
"ENSG00000222042","ENSG00000222042",2.79678943055421e-06,0.96630829128905,0.015,0.008,0.074777759004728
"TULP3","TULP3",2.82319771186193e-06,-0.214277412776902,0.191,0.219,0.0754838372220525
"LEMD3","LEMD3",2.82403558164377e-06,0.254783367778638,0.277,0.25,0.0755062393464094
"MIRLET7IHG","MIRLET7IHG",2.82514036186017e-06,-0.32214798547085,0.069,0.089,0.0755357778550554
"BIRC2","BIRC2",2.83245390975779e-06,0.278692577552214,0.2,0.174,0.0757313201851942
"NSRP1","NSRP1",2.85356294112897e-06,-0.127827731848302,0.327,0.363,0.0762957123569652
"CYB5R3","CYB5R3",2.85721874250017e-06,-0.173296805965573,0.161,0.19,0.0763934575182271
"SRPX","SRPX",2.86987347576415e-06,0.815239443261744,0.022,0.013,0.0767318071215062
"SLC5A9","SLC5A9",2.87704687790291e-06,1.03693410738639,0.021,0.012,0.07692360237449
"NAGA","NAGA",2.89185526910169e-06,0.454676970382955,0.04,0.027,0.0773195343299718
"PXN-AS1","PXN-AS1",2.89601610202375e-06,-0.459349909104838,0.036,0.051,0.0774307825198089
"SMPD1","SMPD1",2.91118651798844e-06,-0.323817406510238,0.084,0.105,0.0778363939314569
"ZC3H7B","ZC3H7B",2.91324305510648e-06,-0.174877685074358,0.17,0.2,0.0778913795643819
"NECAB3","NECAB3",2.91575074407979e-06,-0.798259821229886,0.014,0.024,0.0779584276444615
"PRPF39","PRPF39",2.92939060888279e-06,-0.179955389935302,0.201,0.232,0.0783231167096991
"PRICKLE1","PRICKLE1",2.93086377343975e-06,-0.415292149811698,0.04,0.056,0.0783625047104587
"ERN1","ERN1",2.94715398440523e-06,0.510558886100192,0.074,0.056,0.0787980560810425
"HNRNPLL","HNRNPLL",2.95654189213565e-06,0.28922739307496,0.189,0.163,0.0790490605700309
"TTC7A","TTC7A",2.97579851701245e-06,0.118215890485835,0.498,0.469,0.0795639249493618
"CHST1","CHST1",2.9941557832558e-06,0.726293628692667,0.031,0.02,0.0800547431769104
"C12orf56","C12orf56",3.03021936446747e-06,-0.482030318800899,0.025,0.038,0.0810189751477668
"PUS10","PUS10",3.0408877624689e-06,0.329261961948997,0.12,0.099,0.0813042161051309
"GPR135","GPR135",3.04143480459985e-06,0.370790800649173,0.167,0.143,0.0813188423705861
"NEU1","NEU1",3.07346426390465e-06,0.706431246542995,0.036,0.024,0.0821752140240186
"BMP8B","BMP8B",3.07724068614877e-06,-0.830239218413916,0.015,0.026,0.0822761842255597
"DHX30","DHX30",3.08024247965082e-06,-0.167186264381889,0.207,0.237,0.082356443178424
"ZGLP1","ZGLP1",3.09493405168756e-06,0.77376733330162,0.017,0.009,0.0827492517399702
"AAGAB","AAGAB",3.09869730285539e-06,-0.208049836071889,0.118,0.143,0.0828498697864446
"ENSG00000270604","ENSG00000270604",3.11876201083121e-06,-0.143153306946997,0.317,0.351,0.0833863398835941
"HMGA1","HMGA1",3.13830282956823e-06,0.519790401408037,0.046,0.032,0.0839088027541657
"LINC01103","LINC01103",3.14305655212008e-06,-0.72384868711415,0.017,0.027,0.0840359030340346
"GOLGA8A","GOLGA8A",3.18368510493275e-06,-0.158332628791062,0.162,0.191,0.0851221886505869
"ANKRD33B","ANKRD33B",3.20194364575751e-06,0.926477914158364,0.024,0.014,0.0856103672566187
"ZMYND10","ZMYND10",3.2182602007334e-06,0.744846109805444,0.017,0.009,0.086046622987009
"SPG7","SPG7",3.22824511716761e-06,-0.12202183846612,0.318,0.356,0.0863135896977103
"ENSG00000284966","ENSG00000284966",3.23415133519796e-06,-0.505027752391102,0.033,0.047,0.0864715042491878
"AGAP4","AGAP4",3.23564133091341e-06,-0.197335574905196,0.14,0.167,0.0865113422646318
"NCAPH2","NCAPH2",3.2375740032541e-06,-0.443514560975093,0.038,0.054,0.0865630161250048
"OST4","OST4",3.24971390306671e-06,0.410535811258322,0.097,0.078,0.0868876006262946
"LOC105375366","LOC105375366",3.30207705477086e-06,-0.598409039223033,0.031,0.045,0.0882876342134085
"AKNAD1","AKNAD1",3.3094003207089e-06,0.624107694373313,0.025,0.015,0.0884834363747938
"ZNF202","ZNF202",3.3146637732549e-06,0.565869155725107,0.064,0.048,0.0886241653055163
"PDZRN3","PDZRN3",3.31596679152623e-06,0.54715441745801,0.049,0.035,0.0886590041050367
"RPRD1A","RPRD1A",3.3268732992825e-06,-0.115861493540382,0.364,0.402,0.0889506114029163
"SERBP1","SERBP1",3.33815188017966e-06,0.247024473755721,0.241,0.213,0.0892521668203637
"GPS1","GPS1",3.34030107276118e-06,-0.235695940992517,0.102,0.125,0.0893096297824157
"NOX5","NOX5",3.34166446459883e-06,-0.875628920590418,0.009,0.017,0.089346082789979
"KCTD17","KCTD17",3.34848897932063e-06,0.455827878798699,0.06,0.044,0.0895285498400956
"ADAM23","ADAM23",3.35604699255952e-06,-0.19891029838352,0.132,0.158,0.0897306284400639
"BCL10","BCL10",3.38273068802229e-06,0.615743097061185,0.043,0.03,0.0904440704056521
"HDGFL3","HDGFL3",3.39212274619895e-06,-0.175122904525269,0.222,0.253,0.0906951858651212
"NEU4","NEU4",3.40646029061034e-06,-0.391205052721795,0.053,0.07,0.0910785287900486
"NR2F2-AS1","NR2F2-AS1",3.40809362439606e-06,-0.741512238587833,0.024,0.037,0.0911221992354775
"HIVEP2","HIVEP2",3.41046747206623e-06,-0.1477728381082,0.302,0.337,0.0911856688006348
"FUBP3","FUBP3",3.41601023161732e-06,-0.136335675569459,0.264,0.298,0.0913338655627523
"SIN3B","SIN3B",3.42108505609131e-06,-0.180231557878461,0.161,0.189,0.0914695511447134
"ADGRL1-AS1","ADGRL1-AS1",3.42432608469548e-06,0.554982805278682,0.057,0.042,0.091556206526503
"TMEM150B","TMEM150B",3.42809297093615e-06,1.0544159475611,0.011,0.004,0.0916569217639198
"SERP1","SERP1",3.43416395192641e-06,0.228985497806848,0.282,0.252,0.0918192415826563
"GNB1L","GNB1L",3.44890527861426e-06,0.511441973479782,0.044,0.03,0.0922133804343095
"MZT2B","MZT2B",3.46106349821005e-06,-0.142553627249344,0.139,0.166,0.0925384547516422
"AVIL","AVIL",3.46507983225463e-06,0.500975257520101,0.071,0.054,0.0926458394749922
"MED28-DT","MED28-DT",3.48075007646907e-06,0.443358199547618,0.058,0.043,0.0930648147945535
"FAM193A","FAM193A",3.53031246142595e-06,0.196189436201404,0.415,0.389,0.0943899642811456
"ZNF253","ZNF253",3.565116441368e-06,-0.146647512025659,0.15,0.178,0.0953205182928562
"CACNG8","CACNG8",3.57651001991916e-06,-0.542491201909617,0.034,0.049,0.0956251484025786
"HNRNPL","HNRNPL",3.58152618403276e-06,-0.176107446868518,0.206,0.237,0.095759265582484
"NFATC2IP-AS1","NFATC2IP-AS1",3.5974350180725e-06,0.921589297335993,0.016,0.008,0.0961846200782044
"RER1","RER1",3.61664610761264e-06,-0.206919447052454,0.148,0.174,0.0966982669792391
"DBT","DBT",3.622397550583e-06,-0.205710559160595,0.145,0.171,0.0968520433099376
"LRIG2","LRIG2",3.62804388552666e-06,-0.159602174403371,0.241,0.273,0.0970030093673263
"TP53I3","TP53I3",3.6459190192816e-06,0.963629428926611,0.017,0.009,0.0974809368185321
"GARS1","GARS1",3.65302995689059e-06,0.325358493978852,0.149,0.126,0.0976710619573837
"ARRDC1","ARRDC1",3.66231433903416e-06,0.55903475400732,0.05,0.036,0.0979192984827563
"ARRDC4","ARRDC4",3.6731599628429e-06,-0.534296531599267,0.026,0.039,0.0982092779265307
"RAB6C","RAB6C",3.68736340313075e-06,-1.00194426578682,0.008,0.016,0.0985890353095067
"LITATS1","LITATS1",3.71409523320135e-06,-0.416571749560906,0.038,0.052,0.0993037642501045
"CKAP2","CKAP2",3.72926365687375e-06,0.723689548413491,0.036,0.024,0.0997093223938334
"MPPED2","MPPED2",3.73133997955665e-06,-0.441942175952081,0.13,0.153,0.0997648370334061
"MLF1","MLF1",3.743450396461e-06,-0.260426541991401,0.043,0.059,0.100088633250178
"IQCE","IQCE",3.75177819632274e-06,-0.389253823455308,0.047,0.064,0.100311293635081
"DCK","DCK",3.76502517101277e-06,0.668476390434514,0.044,0.031,0.100665477997368
"PRH1","PRH1",3.78669569147803e-06,0.507046324164524,0.086,0.067,0.101244882703048
"VPS13B","VPS13B",3.79918541630829e-06,0.130811594386418,0.696,0.688,0.101578820475835
"ENSG00000240093","ENSG00000240093",3.80865287322962e-06,0.542108941612337,0.033,0.021,0.10183195187154
"ERI1","ERI1",3.80867626600099e-06,0.436828078136458,0.113,0.092,0.101832577324069
"PARP16","PARP16",3.82666550864015e-06,0.389141730981491,0.106,0.086,0.102313555704512
"SMAP1","SMAP1",3.85178469652879e-06,0.278917298348017,0.366,0.344,0.10298516743109
"MMADHC","MMADHC",3.87499281137903e-06,0.403876514277679,0.094,0.075,0.103605682797841
"ENSG00000231329","ENSG00000231329",3.91934842798589e-06,0.571468015843747,0.036,0.024,0.104791618919059
"BAIAP2L2","BAIAP2L2",3.92882455018978e-06,-0.30717993790016,0.127,0.15,0.105044981998424
"CCDC12","CCDC12",3.94811196781866e-06,0.353065121341664,0.165,0.142,0.105560669683568
"ENSG00000258234","ENSG00000258234",3.95272903908323e-06,1.00415597862677,0.014,0.007,0.105684116317968
"CDKN2C","CDKN2C",3.96719191811726e-06,0.571941385859909,0.036,0.024,0.106070810314701
"RTN1","RTN1",3.99735863685595e-06,0.230395707324747,0.498,0.483,0.106877377873617
"TMEM230","TMEM230",4.00153284999915e-06,-0.135823822671608,0.26,0.293,0.106988983810427
"FKBP8","FKBP8",4.06412523521861e-06,-0.163782986655448,0.264,0.297,0.10866251641404
"KTN1","KTN1",4.07041577551242e-06,0.145140606189296,0.595,0.586,0.108830706589876
"ENO1","ENO1",4.07645638684709e-06,0.203232424327496,0.28,0.251,0.108992214415131
"CEP104","CEP104",4.07959141312019e-06,-0.175974700587806,0.17,0.199,0.109076035612594
"IRS1","IRS1",4.08014249246708e-06,0.670437341487128,0.046,0.033,0.109090769821092
"POLR3C","POLR3C",4.08291173658381e-06,0.459505701863876,0.096,0.077,0.109164811101041
"ENSG00000258871","ENSG00000258871",4.090623092485e-06,-0.981648833882166,0.007,0.015,0.109370989623771
"CCZ1B","CCZ1B",4.104085206443e-06,-0.244849218516242,0.09,0.111,0.109730926164666
"OGFOD3","OGFOD3",4.10576562217601e-06,-0.496260999583243,0.048,0.065,0.10977585544012
"ENSG00000267042","ENSG00000267042",4.14116938769699e-06,-0.421380670240676,0.04,0.055,0.110722445918854
"TVP23B","TVP23B",4.16598634996408e-06,0.423562254004254,0.085,0.067,0.11138597703899
"LPIN1","LPIN1",4.18706759987833e-06,0.253951858513966,0.274,0.247,0.111949626417947
"ERCC8","ERCC8",4.2254708961658e-06,-0.148044861955018,0.191,0.22,0.112976415350785
"EOLA2-DT","EOLA2-DT",4.2346324794072e-06,-0.106803654827414,0.345,0.381,0.11322136860191
"DUSP18","DUSP18",4.24066273508243e-06,0.385334131882767,0.116,0.095,0.113382599547899
"CATSPERG","CATSPERG",4.24945478893312e-06,-0.261846600672015,0.098,0.121,0.113617672691705
"CBX3","CBX3",4.27865268569145e-06,0.299385331440872,0.181,0.156,0.114398336857332
"IFITM3","IFITM3",4.28079636482395e-06,0.597189930469433,0.044,0.031,0.114455652406298
"DOCK4-AS1","DOCK4-AS1",4.32464066326145e-06,0.837675894066898,0.012,0.006,0.115627917413621
"COQ5","COQ5",4.33148915934415e-06,-0.312136986790069,0.087,0.108,0.115811025653385
"XPA","XPA",4.3417245513783e-06,-0.128767864771789,0.231,0.264,0.116084689330201
"LOC105370906","LOC105370906",4.34272056377306e-06,-1.16815062900356,0.005,0.012,0.1161113197136
"VPS35","VPS35",4.35798474269527e-06,0.324512282145271,0.212,0.188,0.116519438065443
"LINC01445","LINC01445",4.3694016417561e-06,-0.380252276663409,0.069,0.088,0.116824691695633
"RBAK-RBAKDN","RBAK-RBAKDN",4.37551182147417e-06,0.197041132222467,0.282,0.254,0.116988059570755
"TRMT13","TRMT13",4.38474898637301e-06,-0.151793496940788,0.249,0.282,0.117235033648655
"LINC01558","LINC01558",4.38921413934605e-06,-0.843207817395468,0.009,0.018,0.117354418443695
"EMC2","EMC2",4.40267521122491e-06,-0.163528241409679,0.297,0.33,0.11771432712252
"SLC45A2","SLC45A2",4.41091963421948e-06,0.687245083548117,0.03,0.019,0.117934758260126
"SYNGR2","SYNGR2",4.42831372860954e-06,0.244331405750451,0.24,0.213,0.118399824161833
"ZBTB34","ZBTB34",4.48720460570156e-06,0.505195257377539,0.089,0.071,0.119974389542643
"CHPF2","CHPF2",4.51154746169956e-06,0.601299968616912,0.033,0.022,0.120625244483461
"SLC4A4","SLC4A4",4.51530112326169e-06,-0.577396539302045,0.018,0.029,0.120725606132648
"COL7A1","COL7A1",4.5220874426054e-06,-0.614056423460933,0.018,0.028,0.120907051952941
"ENSG00000225889","ENSG00000225889",4.55328616787771e-06,0.407051920485269,0.103,0.083,0.121741212270546
"SLC25A39","SLC25A39",4.56133353386091e-06,0.352522942465092,0.115,0.094,0.121956374694839
"EPHB1","EPHB1",4.57300263993382e-06,-0.298711306272436,0.087,0.108,0.12226837158391
"RPAP3","RPAP3",4.58966939596262e-06,0.379901760914609,0.136,0.114,0.122713990639852
"SYT1","SYT1",4.61753115354439e-06,-0.490669215799748,0.048,0.065,0.123458930452316
"SLC38A1","SLC38A1",4.63661004970896e-06,-0.131223046391087,0.149,0.177,0.123969042899068
"PLEKHH3","PLEKHH3",4.6706283131457e-06,0.58247419903912,0.034,0.023,0.124878589208577
"CTSV","CTSV",4.69299006382852e-06,-1.09304490098942,0.004,0.011,0.125476475336583
"BANF1","BANF1",4.70206718440953e-06,0.306135091610249,0.138,0.115,0.125719170309558
"PPFIA2-AS1","PPFIA2-AS1",4.70734366531009e-06,-1.08383940310337,0.009,0.016,0.125860247579396
"ADGRE5","ADGRE5",4.71497942792807e-06,-0.187884585172643,0.066,0.085,0.126064404964513
"NOP58","NOP58",4.71618965981337e-06,0.261525197207482,0.216,0.19,0.12609676293443
"IQCH-AS1","IQCH-AS1",4.74180039882332e-06,0.418868936271032,0.094,0.075,0.126781517263339
"KLF10","KLF10",4.75872039638569e-06,1.02663156737368,0.014,0.007,0.127233907238164
"ENSG00000273217","ENSG00000273217",4.7730828086305e-06,0.941525468051122,0.016,0.009,0.127617915054354
"GOLPH3L","GOLPH3L",4.78791109391798e-06,0.36054224916509,0.114,0.093,0.128014378918085
"EDA2R","EDA2R",4.80797585307098e-06,0.763035316616238,0.045,0.032,0.128550850383559
"LINC01846","LINC01846",4.80806471676629e-06,-0.893380739210293,0.005,0.011,0.12855322633218
"GDAP2","GDAP2",4.82840419584987e-06,0.313403696421628,0.197,0.172,0.129097042984438
"AK7","AK7",4.84931540586432e-06,-0.85934228323441,0.015,0.025,0.129656146006594
"DNALI1","DNALI1",4.87480833442799e-06,-0.973045630545001,0.009,0.017,0.130337750437601
"GTF2A2","GTF2A2",4.87590337633919e-06,0.336571996298573,0.152,0.129,0.130367028573181
"LVRN","LVRN",4.88475863590401e-06,1.12156284670925,0.012,0.005,0.130603791648166
"TMEM214","TMEM214",4.893800863163e-06,0.428774437223315,0.062,0.046,0.130845553678389
"ZNF311","ZNF311",4.90163103935125e-06,-1.02665914175838,0.007,0.014,0.131054909099134
"CC2D2B","CC2D2B",4.96874680416948e-06,0.734772593215328,0.08,0.064,0.13284938330308
"BRI3BP","BRI3BP",5.00931361100821e-06,0.329701037149807,0.166,0.143,0.133934018017526
"WWP2","WWP2",5.01985261639487e-06,-0.12876703921318,0.4,0.435,0.13421579940455
"H1-2","H1-2",5.02938144837876e-06,-0.821639794881448,0.026,0.039,0.134470571785303
"APLN","APLN",5.03527752910786e-06,-0.829561482150138,0.012,0.021,0.134628215295757
"CMTM4","CMTM4",5.06819174162233e-06,-0.141238969759233,0.226,0.257,0.135508242595756
"CRY2","CRY2",5.11583506036242e-06,-0.3033681400637,0.091,0.112,0.13678208200891
"PARN","PARN",5.13020069356272e-06,-0.1629223183263,0.337,0.371,0.137166175943786
"METTL25","METTL25",5.1425395682615e-06,-0.188853705945295,0.259,0.29,0.137496080436608
"PHLPP2","PHLPP2",5.15064490039825e-06,-0.189280599135246,0.133,0.159,0.137712792701948
"ENSG00000255621","ENSG00000255621",5.1603689551828e-06,-0.62856508088649,0.013,0.022,0.137972784754722
"SLC7A6OS","SLC7A6OS",5.17261566856663e-06,0.312763161163333,0.13,0.108,0.138300225130466
"CCDC180","CCDC180",5.20318115465294e-06,-0.164326315553513,0.097,0.12,0.139117454531956
"CCER2","CCER2",5.2123584611576e-06,-0.844251973304739,0.009,0.016,0.139362828175971
"PLBD1-AS1","PLBD1-AS1",5.22040806700454e-06,1.01640866917045,0.014,0.007,0.1395780504875
"PLPP5","PLPP5",5.26306198677299e-06,0.466272869029919,0.054,0.039,0.140718488340349
"ENSG00000225450","ENSG00000225450",5.28080159381992e-06,0.518328463529326,0.06,0.045,0.141192792213963
"RAB5B","RAB5B",5.31780569893188e-06,-0.214556739962104,0.189,0.218,0.142182170972342
"LINC01362","LINC01362",5.32918073388349e-06,0.699564703403032,0.028,0.017,0.142486305281843
"ENSG00000267571","ENSG00000267571",5.33217510231662e-06,0.719489513349828,0.03,0.02,0.142566365710639
"UBL3","UBL3",5.36487074635071e-06,0.143600821553492,0.57,0.55,0.143440549145179
"LRP4","LRP4",5.37045345996306e-06,0.150359878108227,0.514,0.481,0.143589814159032
"LPCAT4","LPCAT4",5.38756924471616e-06,0.56876820716968,0.044,0.031,0.144047438895976
"DEPTOR","DEPTOR",5.38926094318903e-06,-0.131154626853219,0.34,0.378,0.144092669838045
"ENSG00000229388","ENSG00000229388",5.40129141395199e-06,-0.884058478270962,0.014,0.023,0.144414328534834
"MAT2B","MAT2B",5.40816224693096e-06,0.473549053380553,0.082,0.065,0.144598033996193
"LARP4","LARP4",5.41878700999411e-06,0.26085821235575,0.273,0.248,0.144882108286212
"LINC00658","LINC00658",5.42825500623107e-06,-0.978980264625043,0.004,0.01,0.1451352541016
"EHMT1","EHMT1",5.46856631230151e-06,0.160325614541328,0.554,0.537,0.146213057492006
"PDSS2","PDSS2",5.47267078738227e-06,0.213699281602976,0.382,0.355,0.14632279884224
"CTSF","CTSF",5.49960623617468e-06,0.254843420008835,0.205,0.179,0.147042971936602
"ENSG00000261696","ENSG00000261696",5.52350160878329e-06,-0.939879905079752,0.004,0.01,0.147681862514039
"ART3","ART3",5.54081860953141e-06,-0.469538930576236,0.03,0.043,0.148144867163041
"ATMIN","ATMIN",5.55087456158209e-06,-0.255492074920503,0.094,0.115,0.14841373315302
"MDC1","MDC1",5.55871132981058e-06,-0.389759686713537,0.058,0.076,0.148623264825146
"BCDIN3D-AS1","BCDIN3D-AS1",5.56118048334679e-06,-1.30698198335476,0.004,0.01,0.148689282583243
"MAP4K2","MAP4K2",5.59235741536308e-06,0.412286167087932,0.09,0.072,0.149522860214563
"KPNA1","KPNA1",5.61441537244838e-06,0.209891211213946,0.373,0.348,0.150112623813152
"PITRM1","PITRM1",5.67566524380439e-06,-0.273405371652347,0.108,0.13,0.151750261623598
"ZFPM2","ZFPM2",5.67955850383787e-06,-0.281066429250136,0.206,0.234,0.151854355717113
"SEMA6A-AS2","SEMA6A-AS2",5.69911521142819e-06,-1.22084379736159,0.006,0.013,0.152377243407956
"COPB1","COPB1",5.71764920101732e-06,0.311300191404872,0.215,0.191,0.1528727866876
"TECTA","TECTA",5.72440576338068e-06,-0.75553272425218,0.015,0.025,0.153053436895509
"ENO2","ENO2",5.76217180572406e-06,-0.339813073649085,0.126,0.148,0.154063187569644
"RSRC2","RSRC2",5.76467269756254e-06,0.208857348154042,0.296,0.267,0.15413005391473
"MGAT5","MGAT5",5.76629840208562e-06,0.147329617333197,0.682,0.662,0.154173520376563
"PRDX6","PRDX6",5.79816375418824e-06,0.309027034851016,0.12,0.099,0.155025504295731
"FCHO1","FCHO1",5.83424113848421e-06,0.200376091041549,0.305,0.278,0.155990105319652
"RRM2B","RRM2B",5.84617128872688e-06,0.40437870093932,0.117,0.097,0.15630908174669
"GPD2","GPD2",5.86056291262977e-06,0.294666194397607,0.319,0.298,0.156693870594982
"PRMT3","PRMT3",5.87760879869568e-06,0.224286278124721,0.294,0.266,0.157149626450726
"RMDN3","RMDN3",5.89605215042935e-06,-0.269424797432937,0.108,0.131,0.15764274634603
"PLEKHA5","PLEKHA5",5.91086852607825e-06,0.282443569988413,0.275,0.248,0.158038891781754
"AP2A2","AP2A2",5.94310231629484e-06,0.336438871265156,0.256,0.231,0.158900726630775
"MAVS","MAVS",5.94685712854698e-06,0.199502855745639,0.26,0.23,0.15900111904596
"ENSG00000283633","ENSG00000283633",5.95719207398765e-06,-0.392718867334588,0.04,0.055,0.159277444482208
"PLTP","PLTP",6.04738413071631e-06,0.690210504831742,0.016,0.008,0.161688909502962
"ENTPD6","ENTPD6",6.0527022967992e-06,0.342058068887334,0.114,0.094,0.16183110130952
"CMTR2","CMTR2",6.09201806079892e-06,0.448650899073437,0.104,0.085,0.162882286891581
"PER1","PER1",6.11535305112798e-06,0.260475692675042,0.162,0.138,0.163506194528009
"ENSG00000272732","ENSG00000272732",6.17137118498144e-06,-0.846636180167083,0.009,0.017,0.165003951372849
"ASB14","ASB14",6.17924485048046e-06,0.633984049471453,0.028,0.018,0.165214469567296
"PRP4K","PRP4K",6.20184900999834e-06,0.193204687796619,0.42,0.397,0.165818836980326
"OPCML","OPCML",6.21486750251396e-06,-0.396500492958656,0.182,0.205,0.166166912414716
"ENSG00000257239","ENSG00000257239",6.2280855353495e-06,0.628338214393174,0.065,0.05,0.16652032295864
"RECK","RECK",6.26834208423605e-06,-0.124861993431409,0.354,0.39,0.167596662306219
"ADCY6","ADCY6",6.28609491936705e-06,-0.357764669564022,0.038,0.052,0.168071319859117
"ADAMTS9","ADAMTS9",6.2966169682326e-06,-1.03259073067461,0.043,0.058,0.168352647879635
"BAIAP2","BAIAP2",6.31309365018175e-06,0.430948970698438,0.074,0.057,0.168793184924909
"ENSG00000257759","ENSG00000257759",6.32850545498997e-06,0.32853338753396,0.148,0.125,0.169205250350067
"DARS1-AS1","DARS1-AS1",6.33268646822962e-06,0.567765685350214,0.019,0.011,0.169317038101055
"TASOR2","TASOR2",6.34417222171765e-06,0.20118140458,0.387,0.361,0.169624132692065
"ENSG00000263708","ENSG00000263708",6.37646795468302e-06,0.551860291375178,0.037,0.025,0.17048762370436
"PDCD1LG2","PDCD1LG2",6.3883064174209e-06,0.648040218818116,0.033,0.022,0.170804148682583
"UNC5D","UNC5D",6.493678633339e-06,-0.490850859590256,0.04,0.054,0.173621485619585
"ABCC3","ABCC3",6.51469574618852e-06,0.381601804287539,0.027,0.017,0.174183420165843
"UBE2H","UBE2H",6.55870122013833e-06,-0.121132562672515,0.447,0.481,0.175359994522838
"C16orf87","C16orf87",6.57096671067522e-06,0.469753316943023,0.094,0.076,0.175687936943323
"RNF13","RNF13",6.58288750847057e-06,0.123345701549236,0.757,0.74,0.176006663313978
"ENKUR","ENKUR",6.59017555097282e-06,-0.862161440293023,0.007,0.015,0.17620152370636
"TBC1D10B","TBC1D10B",6.6062432633045e-06,-0.288829162656924,0.104,0.126,0.176631126130973
"AGA","AGA",6.62564658766988e-06,-0.348966570290145,0.052,0.069,0.17714991281453
"MTRR","MTRR",6.62944296218156e-06,-0.184999549354741,0.169,0.197,0.177251416479848
"CHCHD3","CHCHD3",6.63560057567896e-06,0.159295048505521,0.561,0.543,0.177416052591928
"ANKRD30BL","ANKRD30BL",6.64155681288623e-06,-0.32219153142513,0.056,0.073,0.177575304506139
"ENSG00000248693","ENSG00000248693",6.64192530114223e-06,0.702535954095261,0.025,0.015,0.17758515677664
"CDK5R1","CDK5R1",6.64856837849921e-06,-0.411902634994784,0.036,0.05,0.177762772735933
"CREB3L1","CREB3L1",6.66566581541288e-06,-0.609613948887948,0.03,0.043,0.178219906906694
"GLYR1","GLYR1",6.66749825098845e-06,0.260872693794772,0.284,0.258,0.178268900736678
"GNPDA2","GNPDA2",6.69670719528392e-06,0.397326715087866,0.116,0.096,0.179049860280306
"SEPTIN11","SEPTIN11",6.71070163119475e-06,0.39435215739699,0.117,0.096,0.179424029513254
"C14orf93","C14orf93",6.72398383335015e-06,0.395819392440917,0.06,0.045,0.179779155752283
"FAXC","FAXC",6.75598719404271e-06,-0.518424007029318,0.041,0.056,0.18063482960712
"MORF4L1","MORF4L1",6.81196261191411e-06,0.210347448596729,0.406,0.384,0.182131444354747
"CEPT1","CEPT1",6.81229946706611e-06,0.320993751845762,0.273,0.25,0.182140450850946
"ENSG00000271200","ENSG00000271200",6.82791473977639e-06,-0.662450800529251,0.016,0.026,0.182557956397401
"ENSG00000264083","ENSG00000264083",6.82942191701535e-06,-0.809907422304082,0.009,0.016,0.18259825379524
"ENSG00000283003","ENSG00000283003",6.8344046201794e-06,-0.341559015514122,0.055,0.072,0.182731476329737
"S100A16","S100A16",6.83675408360795e-06,-0.607276291527647,0.026,0.038,0.182794293933426
"RSAD1","RSAD1",6.84995185557085e-06,0.372906664655392,0.084,0.066,0.183147162762398
"RRAS","RRAS",6.88877351786473e-06,0.984642208894045,0.016,0.008,0.184185137547149
"EMILIN2","EMILIN2",6.91253304421115e-06,-0.29146780972035,0.047,0.063,0.184820396003073
"ZC3H13","ZC3H13",6.92260795934623e-06,-0.117621165501524,0.434,0.473,0.18508976900904
"EIF4E3","EIF4E3",6.92423474377876e-06,-0.258313028830432,0.09,0.111,0.185133264344413
"LRRC75A","LRRC75A",6.93140778560595e-06,0.566727841865623,0.048,0.035,0.185325049963746
"UTP6","UTP6",6.97716976357842e-06,0.293796438928706,0.141,0.118,0.186548587968796
"APEX2","APEX2",7.00228472953548e-06,0.700665092061527,0.03,0.02,0.18722008681359
"LINC02642","LINC02642",7.04020660437946e-06,0.613356666938671,0.024,0.015,0.188234003981294
"RRAGC-DT","RRAGC-DT",7.04897030018296e-06,0.218712481070728,0.335,0.31,0.188468318915992
"UBE2B","UBE2B",7.0529259040502e-06,0.223220423914763,0.389,0.366,0.18857407989659
"STX12","STX12",7.08765611932271e-06,0.22402044579185,0.316,0.289,0.189502661662331
"THNSL1","THNSL1",7.08861121149173e-06,-0.489646084438093,0.019,0.03,0.189528197961654
"ZNF281","ZNF281",7.11924227475123e-06,0.240116769993215,0.204,0.178,0.190347180700024
"ENSG00000254966","ENSG00000254966",7.16331325094544e-06,1.17804869772634,0.012,0.006,0.191525506390528
"NDUFS4","NDUFS4",7.16909336335453e-06,-0.153220608659894,0.274,0.306,0.19168004925601
"TOR1AIP2","TOR1AIP2",7.18786660781227e-06,0.265545052308061,0.229,0.203,0.192181989493077
"ZNF263","ZNF263",7.19464416664327e-06,0.532431149055105,0.084,0.067,0.192363201083541
"TTC3","TTC3",7.20987696065738e-06,0.114966384808919,0.706,0.7,0.192770480297096
"SPCS3-AS1","SPCS3-AS1",7.23070899590372e-06,0.645026192288424,0.031,0.02,0.193327466423478
"LOC124905564","LOC124905564",7.2698524586531e-06,0.60919621361139,0.056,0.041,0.194374045187008
"UXT","UXT",7.27058251921417e-06,0.487135927784267,0.069,0.053,0.194393564816229
"POGK","POGK",7.29196974553233e-06,0.304848385657388,0.181,0.158,0.194965395086298
"ENSG00000269946","ENSG00000269946",7.31329985809963e-06,0.344460109150297,0.144,0.122,0.19553569830601
"NSFL1C","NSFL1C",7.37573650974447e-06,0.278150101913498,0.23,0.203,0.197205067061038
"ENSG00000277675","ENSG00000277675",7.3814817619707e-06,0.545080568929166,0.041,0.028,0.19735867786981
"PCDH10","PCDH10",7.38330572560143e-06,-0.247125151136551,0.153,0.178,0.197407445185405
"RAD21","RAD21",7.39163504585041e-06,0.197151423946289,0.339,0.311,0.197630146220902
"ENSG00000251675","ENSG00000251675",7.39459912604739e-06,0.369394265300411,0.08,0.062,0.197709396833129
"SLC25A4","SLC25A4",7.4137002587034e-06,-0.28500433437447,0.073,0.092,0.198220103816953
"CSPG5","CSPG5",7.42434791583274e-06,-0.281180871491166,0.092,0.112,0.19850479022562
"NHS","NHS",7.44845386591241e-06,0.575302072848669,0.047,0.033,0.1991493110129
"DZIP1","DZIP1",7.47207502147184e-06,-0.327798693526112,0.095,0.116,0.199780869849092
"PDGFD","PDGFD",7.48910680169096e-06,-1.91326455614192,0.006,0.013,0.200236248556811
"ENSG00000256591","ENSG00000256591",7.51538349892668e-06,-0.170558293377087,0.167,0.195,0.200938808610803
"DSEL-AS1","DSEL-AS1",7.52426797428029e-06,-0.751021813992922,0.021,0.032,0.201176352828332
"ENSG00000231760","ENSG00000231760",7.55225526621598e-06,0.572701597518291,0.034,0.023,0.201924649052817
"EIF2S2","EIF2S2",7.57079178683699e-06,0.31189586171555,0.231,0.207,0.202420260004661
"AFG2A","AFG2A",7.57255019377169e-06,0.245587795767754,0.368,0.345,0.202467274530874
"PURA","PURA",7.6373140898667e-06,0.207931884294514,0.39,0.364,0.204198866820766
"ZNF276","ZNF276",7.76081764586001e-06,-0.126374292794652,0.174,0.203,0.207500981397359
"CLK2","CLK2",7.78472251370523e-06,0.504999516270348,0.081,0.064,0.208140125848937
"YTHDF2","YTHDF2",7.78731292415781e-06,0.329097033995441,0.185,0.161,0.208209385653207
"NFYB","NFYB",7.8363240182509e-06,-0.231350941199054,0.084,0.105,0.209519795275974
"GABBR2","GABBR2",7.84557240109494e-06,-0.57399812746621,0.02,0.031,0.209767069288076
"ZNF335","ZNF335",7.85356196303623e-06,0.319094340723873,0.107,0.087,0.2099806862057
"PPP2R5C","PPP2R5C",7.88478255629304e-06,0.19116326561461,0.488,0.471,0.210815431207607
"PDP1","PDP1",7.8881573686744e-06,0.568863050038606,0.039,0.027,0.210905663566247
"ENSG00000285404","ENSG00000285404",7.90532431655729e-06,0.617202851434071,0.028,0.018,0.211364656251792
"GRHPR","GRHPR",7.93627039458236e-06,-0.194323170257412,0.184,0.212,0.212192061539949
"ENSG00000265218","ENSG00000265218",7.98545890643275e-06,0.366605605083106,0.032,0.021,0.213507214781293
"INTS14","INTS14",7.98835085840831e-06,-0.241901896031627,0.077,0.097,0.213584536901263
"CTDP1","CTDP1",7.99731257757145e-06,0.408802009573864,0.116,0.096,0.213824146386528
"ENSG00000258569","ENSG00000258569",8.0308561795344e-06,-0.224070584738676,0.16,0.186,0.214721001672211
"WDR1","WDR1",8.04456829830107e-06,0.352667111858185,0.124,0.103,0.215087622591676
"PDPK1","PDPK1",8.13464171818273e-06,0.178422802006138,0.318,0.29,0.217495915619052
"PIGQ","PIGQ",8.13951257406455e-06,-0.467554482355921,0.043,0.058,0.217626147692764
"ATOSA","ATOSA",8.1881152378593e-06,-0.118899625869207,0.416,0.452,0.218925637114644
"WRN","WRN",8.22901855749232e-06,-0.152841515477957,0.282,0.316,0.220019269171672
"SEPTIN9","SEPTIN9",8.28056936252588e-06,0.67236806305528,0.103,0.085,0.221397583045854
"ENSG00000272822","ENSG00000272822",8.28336495419844e-06,0.642710585240688,0.061,0.046,0.221472328780404
"INTS3","INTS3",8.34328225571594e-06,0.308621351959943,0.192,0.168,0.223074337671077
"RNPEP","RNPEP",8.38052854036732e-06,0.432255400009287,0.093,0.074,0.224070191583801
"PAPSS2","PAPSS2",8.46470635944241e-06,0.911240590073234,0.015,0.008,0.226320853932412
"ABCD4","ABCD4",8.47953349477991e-06,0.247342449792382,0.275,0.25,0.22671728704993
"KBTBD3","KBTBD3",8.4866527264297e-06,-0.238306617646622,0.144,0.169,0.226907633946551
"RNASE10","RNASE10",8.53274462007703e-06,1.08211906342156,0.013,0.006,0.228139992907
"MPDU1","MPDU1",8.54497637466371e-06,0.49274532174158,0.091,0.073,0.228467033329384
"SIAH1","SIAH1",8.56329121403965e-06,0.323535968826786,0.173,0.15,0.228956717189778
"ENSG00000196826","ENSG00000196826",8.57108973497848e-06,-0.863683859416815,0.012,0.02,0.22916522624412
"IGF1","IGF1",8.58202398487857e-06,1.05048835920181,0.019,0.011,0.229457575283698
"SMIM12","SMIM12",8.61922298715938e-06,0.298545857490285,0.123,0.102,0.23045216500768
"ENSG00000246898","ENSG00000246898",8.66393867331583e-06,-0.734639044019016,0.007,0.013,0.231647728308445
"ZNF93","ZNF93",8.73016540420459e-06,0.643496474746412,0.03,0.019,0.233418432412218
"ARHGEF28","ARHGEF28",8.7320376372072e-06,-0.243323608051041,0.055,0.072,0.233468490306009
"MDFIC","MDFIC",8.81861359672913e-06,1.06051519733349,0.015,0.008,0.235783271735747
"PMM2","PMM2",8.82010412766853e-06,0.275963727623282,0.178,0.154,0.235823124061473
"C17orf114","C17orf114",8.86085011848101e-06,-0.846205235788024,0.009,0.017,0.236912549617827
"MYOM2","MYOM2",8.91130627315185e-06,-0.58562025604026,0.018,0.028,0.238261595825261
"OTUD6B-AS1","OTUD6B-AS1",8.94794634832501e-06,0.377742670574126,0.124,0.104,0.239241241515166
"SETD7","SETD7",9.07151562837312e-06,-0.18917072693191,0.193,0.22,0.242545113355812
"TMEM258","TMEM258",9.1049201379092e-06,-0.194290437544522,0.156,0.182,0.243438249727278
"SDHAF4","SDHAF4",9.14208589592252e-06,-0.401599980414054,0.042,0.056,0.24443195059928
"AMPH","AMPH",9.16504638062656e-06,-0.427714126370297,0.058,0.075,0.245045845078812
"NPTN","NPTN",9.19052288896032e-06,0.290642992093053,0.275,0.252,0.245727010482132
"KANK4","KANK4",9.19725943104799e-06,-0.209473367369997,0.129,0.154,0.24590712540793
"TIMP3","TIMP3",9.21674517401785e-06,-0.489106724632153,0.063,0.08,0.246428115717715
"LINC00624","LINC00624",9.23319870930802e-06,0.636804423444362,0.037,0.025,0.246868033890768
"MCM7","MCM7",9.23822098514059e-06,0.41843771075353,0.071,0.055,0.247002314479704
"ENSG00000251867","ENSG00000251867",9.25292649022239e-06,-0.666220049355704,0.012,0.02,0.247395495569076
"MFHAS1","MFHAS1",9.25815890483974e-06,0.492798076338263,0.091,0.073,0.2475353946387
"LINC00504","LINC00504",9.33350279057347e-06,-0.496725474144279,0.018,0.028,0.249549864111563
"NR1H3","NR1H3",9.34219000493867e-06,0.469058764428636,0.062,0.046,0.249782134162045
"ZNF219","ZNF219",9.34505657983495e-06,0.548219305387261,0.049,0.036,0.249858777775047
"SCAF4","SCAF4",9.34955213611777e-06,0.264191335145927,0.244,0.218,0.249978975463381
"HTRA1","HTRA1",9.37309389448426e-06,0.142502654253865,0.684,0.694,0.250608411456826
"IST1","IST1",9.41217964926457e-06,0.216234638787936,0.313,0.287,0.251653447282387
"FREM2","FREM2",9.42066197760414e-06,-1.18852584340751,0.006,0.012,0.251880239295202
"PLA2G12A","PLA2G12A",9.43786129659684e-06,-0.344856577402064,0.058,0.076,0.25234009748711
"GRIN2B","GRIN2B",9.46658684163697e-06,-0.424687094122463,0.083,0.102,0.253108132384848
"MRPL19","MRPL19",9.47892640868505e-06,-0.188338997642404,0.218,0.246,0.253438055389012
"SDAD1","SDAD1",9.5444473816828e-06,0.31382278820755,0.168,0.144,0.255189889644053
"HYOU1","HYOU1",9.56217455818105e-06,0.425923715805943,0.079,0.062,0.255663861162087
"ENSG00000225331","ENSG00000225331",9.5973556590222e-06,0.25624651871506,0.044,0.031,0.256604498255276
"HMGB1","HMGB1",9.61813096922186e-06,0.180594517984842,0.577,0.571,0.257159967724085
"CTU1","CTU1",9.62249672336241e-06,0.554431993589454,0.05,0.037,0.257276694892541
"IBTK","IBTK",9.62549818397366e-06,-0.116545328016104,0.418,0.456,0.257356944944904
"ENSG00000254631","ENSG00000254631",9.68174556140179e-06,1.04692869889785,0.011,0.005,0.2588608310752
"ATP23","ATP23",9.69262879078367e-06,0.987046855658675,0.015,0.008,0.259151815979183
"ENSG00000266368","ENSG00000266368",9.82335470564391e-06,-0.584537036199232,0.023,0.034,0.262647034764801
"XKR6","XKR6",9.84681855406616e-06,0.229320885301692,0.334,0.307,0.263274387680067
"ENSG00000273203","ENSG00000273203",9.94254185815069e-06,-0.867620442323647,0.007,0.015,0.265833741661375
"EMD","EMD",9.99230675617173e-06,-0.300882645197719,0.048,0.064,0.267164305739764
"UBXN7","UBXN7",1.01119035996484e-05,0.227458816812256,0.312,0.286,0.2703619665438
"CYB561A3","CYB561A3",1.01330604896975e-05,0.490819095120523,0.058,0.044,0.270927638313042
"PSMD14-DT","PSMD14-DT",1.01487790323873e-05,-0.807885888610894,0.013,0.022,0.27134790498894
"CACNG4","CACNG4",1.02396861949791e-05,-0.448007352705621,0.097,0.117,0.273778489795156
"HTATIP2","HTATIP2",1.02628206446194e-05,0.353071638333078,0.155,0.132,0.274397035575188
"KLC4","KLC4",1.02883722688048e-05,0.301310193305401,0.111,0.091,0.275080209351033
"HTR2C","HTR2C",1.03853013720121e-05,-0.573705160355727,0.041,0.055,0.277671802783488
"SET","SET",1.04039435220174e-05,0.284825167809263,0.228,0.204,0.278170237948179
"TMEM255A","TMEM255A",1.04106822114952e-05,0.466586213957217,0.07,0.054,0.278350410288746
"BPNT2","BPNT2",1.04181737897901e-05,-0.188725066646139,0.17,0.197,0.278550712617618
"MPEG1","MPEG1",1.04378871719522e-05,1.15194439265116,0.011,0.005,0.279077789316485
"LSM10","LSM10",1.04487126180202e-05,0.48019795824264,0.052,0.038,0.279367229268005
"TSPAN17","TSPAN17",1.049063502459e-05,0.639400345554338,0.036,0.025,0.280488108652463
"LINC02889","LINC02889",1.05323205974006e-05,0.899481478290538,0.017,0.009,0.281602655812699
"HNRNPU","HNRNPU",1.0586936535626e-05,0.141644931872779,0.63,0.624,0.283062922153031
"SHMT2","SHMT2",1.06597972142545e-05,0.527461648008406,0.031,0.021,0.285010998117522
"ENSG00000260563","ENSG00000260563",1.0661431049418e-05,0.458349145671846,0.043,0.03,0.28505468196829
"TMEM179","TMEM179",1.06732899682246e-05,-0.650112638171659,0.027,0.039,0.285371753880421
"FBLN2","FBLN2",1.06881708740824e-05,-0.97154127611786,0.01,0.018,0.28576962466034
"LSM14A","LSM14A",1.07361991928218e-05,0.133198782453641,0.512,0.483,0.287053757818477
"TDRD6-AS1","TDRD6-AS1",1.07668269324421e-05,0.743268226988825,0.021,0.012,0.287872651692705
"STAM","STAM",1.08824405149617e-05,-0.155268438068308,0.225,0.256,0.29096381204853
"RNASEH2C","RNASEH2C",1.09282263597706e-05,0.376665725696318,0.116,0.096,0.292187988181187
"MANSC1","MANSC1",1.0942184038899e-05,-0.508741100835125,0.025,0.037,0.292561174648042
"LINC00910","LINC00910",1.0957825514873e-05,-0.665261067581426,0.008,0.016,0.292979380791158
"ENSG00000234185","ENSG00000234185",1.10024635598052e-05,0.587980929909836,0.035,0.024,0.294172868198513
"PNMA8C","PNMA8C",1.10227982175214e-05,-0.838801213624853,0.015,0.024,0.294716555941871
"ENSG00000260418","ENSG00000260418",1.11532526572362e-05,0.421486366502875,0.096,0.078,0.298204516296525
"VPS37A","VPS37A",1.11664246846198e-05,0.319908568738444,0.201,0.177,0.29855669679268
"LETM2","LETM2",1.11923432850087e-05,-1.01443515419582,0.012,0.02,0.299249682411278
"ENSG00000234810","ENSG00000234810",1.12352917603371e-05,-0.78885956425168,0.016,0.025,0.300397995796132
"ZNF213-AS1","ZNF213-AS1",1.12515690574902e-05,-0.315790757807413,0.049,0.065,0.300833201890117
"ANXA5","ANXA5",1.13573480470688e-05,0.315740376967932,0.213,0.191,0.30366141473448
"GRIA1","GRIA1",1.13699246288477e-05,-0.995965037428287,0.02,0.031,0.3039976748015
"TCEA2","TCEA2",1.13859831941572e-05,-0.376347047964435,0.079,0.097,0.304427032662182
"LINC03146","LINC03146",1.14737793378455e-05,-0.682603633844618,0.015,0.025,0.306774438155974
"ENSG00000244286","ENSG00000244286",1.1497961755909e-05,0.966298134229206,0.013,0.007,0.307421003467738
"NDUFAF5","NDUFAF5",1.1626660773904e-05,-0.215920617040249,0.101,0.123,0.310862029111871
"GTF2H3","GTF2H3",1.16675374681361e-05,-0.221441660739155,0.108,0.13,0.311954949285554
"HBEGF","HBEGF",1.16891518840144e-05,-0.410173641986983,0.032,0.045,0.312532853922893
"NMD3","NMD3",1.17001564934609e-05,-0.237960458378763,0.124,0.147,0.312827084165665
"CRTAC1","CRTAC1",1.17312389716615e-05,0.416263108842781,0.082,0.064,0.313658136385314
"CNTNAP3B","CNTNAP3B",1.17421543155963e-05,0.45875784303353,0.048,0.035,0.313949979936099
"TTC21B","TTC21B",1.1750826707498e-05,-0.111462135945919,0.297,0.331,0.314181853678373
"ALAD","ALAD",1.1789071793993e-05,-0.306016633185601,0.083,0.102,0.315204412555992
"SLC2A1","SLC2A1",1.18012799796032e-05,0.324815082313151,0.106,0.086,0.315530822814652
"DNAJC24","DNAJC24",1.18102162545194e-05,-0.129872543694681,0.111,0.134,0.315769751997086
"ZNF211","ZNF211",1.19294837190971e-05,-0.459502242479231,0.029,0.042,0.3189586061975
"MOCS2","MOCS2",1.1975384195904e-05,0.45157577291039,0.079,0.062,0.320185847245886
"ENSG00000177337","ENSG00000177337",1.21006239223291e-05,0.395994881307975,0.037,0.025,0.323534381811312
"ENSG00000266947","ENSG00000266947",1.21058772726175e-05,-0.9618166476304,0.009,0.017,0.323674840637975
"SP1","SP1",1.2172357404134e-05,0.365759131712528,0.158,0.136,0.325452319914332
"FZD3","FZD3",1.21736446050303e-05,-0.238876019573119,0.076,0.095,0.325486735804695
"UBE3C","UBE3C",1.22269452782403e-05,0.1583868452181,0.499,0.476,0.32691183590431
"HESX1","HESX1",1.23405726718317e-05,-0.650411064780707,0.011,0.02,0.329949891526765
"RPGRIP1L","RPGRIP1L",1.23615896515283e-05,-0.330136666560672,0.042,0.056,0.330511822512913
"MCM4","MCM4",1.23702691108425e-05,-0.615489546815054,0.015,0.024,0.330743885216596
"SPEN-AS1","SPEN-AS1",1.24952867371818e-05,-0.373953783894379,0.068,0.086,0.334086481492029
"SLC16A9","SLC16A9",1.2576365569441e-05,-0.640903665199068,0.013,0.022,0.336254286230143
"METTL5","METTL5",1.26666404858383e-05,0.366373401995612,0.088,0.071,0.338667966669858
"ENSG00000277476","ENSG00000277476",1.2701563445929e-05,0.565088636489718,0.023,0.014,0.339601701853804
"DNAI7","DNAI7",1.27583872135278e-05,-0.968628674719821,0.007,0.014,0.341120998928094
"TADA1","TADA1",1.28451022954936e-05,-0.29468060875229,0.063,0.08,0.343439500074613
"HADHB","HADHB",1.30219439324313e-05,0.232230040376951,0.256,0.232,0.348167714921415
"ENSG00000249112","ENSG00000249112",1.31093711439524e-05,0.649144311770268,0.025,0.016,0.350505256275854
"ST7-AS1","ST7-AS1",1.31303013304339e-05,-1.07115976990845,0.004,0.01,0.351064866671811
"RHOA","RHOA",1.31411842915739e-05,0.222978453346737,0.331,0.309,0.351355844403812
"ZNF654","ZNF654",1.31500839654986e-05,0.181548846695207,0.333,0.306,0.351593794985537
"RNF8","RNF8",1.31619587657123e-05,-0.225072199915915,0.117,0.139,0.351911291518849
"MAP3K20-AS1","MAP3K20-AS1",1.32104153986564e-05,1.27366436665236,0.011,0.005,0.353206876513876
"PNP","PNP",1.33697303870911e-05,0.879034878953835,0.021,0.012,0.357466481359654
"ZBTB20-AS5","ZBTB20-AS5",1.33726733613013e-05,0.259283618527717,0.092,0.073,0.357545167661113
"ENSG00000254865","ENSG00000254865",1.34010889451356e-05,0.836707687859781,0.018,0.01,0.358304915126092
"ARL10","ARL10",1.34450930897338e-05,0.275536259945152,0.134,0.113,0.359481453940214
"CIT","CIT",1.3481939981885e-05,-0.13596129685257,0.116,0.14,0.360466629295659
"SYN3","SYN3",1.34847286752591e-05,-0.449068573518224,0.042,0.056,0.360541190590403
"LOC102723323","LOC102723323",1.3522549506627e-05,-0.629534689742751,0.018,0.029,0.361552406158686
"GLMN","GLMN",1.3599532275386e-05,-0.126043077203075,0.135,0.16,0.363610694446995
"NAP1L1","NAP1L1",1.36106096508437e-05,0.214542749850809,0.467,0.448,0.363906870234609
"ARSB","ARSB",1.36891653644912e-05,0.236168229033358,0.3,0.274,0.366007214350402
"EDNRB","EDNRB",1.3750777809778e-05,0.597141317244351,0.024,0.015,0.367654546300034
"CDK5RAP3","CDK5RAP3",1.37595731940873e-05,-0.201818130634023,0.189,0.216,0.367889708490313
"SKP2","SKP2",1.37695126497053e-05,-0.223493425364859,0.095,0.116,0.368155459715169
"ENSG00000271553","ENSG00000271553",1.39498795303644e-05,0.634277566959797,0.03,0.019,0.372977929003354
"LINC03152","LINC03152",1.39583265087803e-05,-0.393779536336218,0.023,0.034,0.373203775865259
"EYA1","EYA1",1.40283118517629e-05,-0.493372782366247,0.034,0.047,0.375074973980584
"GGT1","GGT1",1.40302769552032e-05,-0.509879814485366,0.024,0.036,0.375127514951268
"CNOT8","CNOT8",1.41955276377909e-05,0.32423551157959,0.123,0.102,0.379545822451616
"DHRS4L2","DHRS4L2",1.43232410089611e-05,0.446317505128651,0.088,0.071,0.382960494856593
"ENSG00000227398","ENSG00000227398",1.43265236682132e-05,-0.163752297972823,0.196,0.223,0.383048263317017
"CLINT1","CLINT1",1.4327251140675e-05,0.349422008374482,0.206,0.184,0.383067713748228
"FAN1","FAN1",1.44218031145753e-05,-0.181420290958136,0.218,0.247,0.385595749874398
"GPBP1","GPBP1",1.4549755962731e-05,-0.103450308795079,0.557,0.593,0.38901682517554
"SLC9A8","SLC9A8",1.45618436492695e-05,-0.18772585313361,0.153,0.178,0.389340013650518
"SLC35G2","SLC35G2",1.46047688927664e-05,0.378818067844004,0.049,0.036,0.390487705885895
"THRA","THRA",1.47074989333952e-05,-0.117183071821232,0.229,0.26,0.393234398982188
"TSPAN13","TSPAN13",1.47583987956495e-05,0.86004305425244,0.025,0.016,0.39459530859928
"GAB2","GAB2",1.47663681641062e-05,0.146601278214774,0.789,0.784,0.394808385603707
"ENSG00000245904","ENSG00000245904",1.48427975131964e-05,0.516508372522525,0.038,0.027,0.396851877110331
"CRLS1","CRLS1",1.48890406679191e-05,0.294175804476742,0.182,0.159,0.398088280338152
"CAND1","CAND1",1.49521925896223e-05,-0.135049966554333,0.246,0.277,0.399776773268731
"DISP1","DISP1",1.49767707172149e-05,0.663764621052475,0.028,0.018,0.400433918666175
"LRRC17","LRRC17",1.49811505132571e-05,-0.517506259831193,0.018,0.028,0.400551021272954
"PSMD14","PSMD14",1.50258402343423e-05,-0.12588397807471,0.241,0.272,0.401745890345611
"DYNLRB2","DYNLRB2",1.50949345293823e-05,-1.14853286360424,0.006,0.013,0.403593264512095
"TMEM52B","TMEM52B",1.51222362609055e-05,1.03047828617266,0.01,0.004,0.404323230907831
"ENSG00000273373","ENSG00000273373",1.51502614384666e-05,0.664702835403727,0.037,0.025,0.405072540080281
"ENSG00000272865","ENSG00000272865",1.51725779889639e-05,0.394390650982743,0.048,0.035,0.405669217690927
"CIZ1","CIZ1",1.51855668890283e-05,0.30604413874018,0.135,0.113,0.406016501911949
"ENSG00000284721","ENSG00000284721",1.52090253687522e-05,-1.27255672857076,0.006,0.012,0.406643711284327
"EMC4","EMC4",1.52466993228761e-05,-0.400140397536318,0.062,0.079,0.407650999795739
"BCL2L2-PABPN1","BCL2L2-PABPN1",1.52731310777149e-05,0.42277431332953,0.105,0.086,0.408357705624864
"LAS1L","LAS1L",1.52932735969051e-05,-0.297964077071968,0.083,0.102,0.408896256160451
"ATG101","ATG101",1.53329326805767e-05,0.369257253501246,0.046,0.033,0.40995662108058
"SEL1L2","SEL1L2",1.53571184688661e-05,-0.819716588933304,0.008,0.015,0.410603276502073
"TBK1","TBK1",1.53785992712508e-05,0.270668782158728,0.239,0.215,0.411177608715432
"ENSG00000257342","ENSG00000257342",1.54996980915185e-05,0.982712472457514,0.024,0.015,0.41441542787293
"SERPINE3","SERPINE3",1.55667812457231e-05,-0.802656883847346,0.008,0.016,0.416209030166898
"RETREG3","RETREG3",1.57089798719887e-05,0.305404660700469,0.175,0.152,0.420010994837361
"ETFRF1","ETFRF1",1.57124923278249e-05,-0.197734803444598,0.11,0.132,0.420104907369055
"PAMR1","PAMR1",1.57190792592883e-05,-0.601232400845214,0.008,0.015,0.42028102215559
"DNM2","DNM2",1.57606939301481e-05,0.150057118995445,0.536,0.516,0.421393673610371
"MID2","MID2",1.57617403493144e-05,-0.485203741325517,0.036,0.05,0.421421651719618
"PCYOX1L","PCYOX1L",1.57979911832772e-05,-0.492628387049036,0.022,0.033,0.422390890267283
"FLNB","FLNB",1.58103195450292e-05,0.286221649713978,0.256,0.233,0.422720513675446
"RAD23B","RAD23B",1.5922641288351e-05,0.193533857039499,0.303,0.276,0.425723660126639
"LOC105370103","LOC105370103",1.59884863448853e-05,0.92677888430951,0.022,0.013,0.427484159403198
"ZZEF1","ZZEF1",1.60210023359499e-05,-0.107067558459507,0.323,0.358,0.428353539456293
"USP48","USP48",1.60588986390809e-05,-0.108432272343961,0.424,0.461,0.429366772913106
"KAT6B","KAT6B",1.60840928864289e-05,-0.133587306703043,0.371,0.401,0.430040391504449
"SAMD4A","SAMD4A",1.61701388430345e-05,0.232639257820284,0.377,0.353,0.432341002246214
"ENSG00000267348","ENSG00000267348",1.62109733955586e-05,0.412220916636772,0.055,0.041,0.433432795677051
"DAXX","DAXX",1.62128498843587e-05,0.628735327893033,0.041,0.029,0.433482967358098
"TRAPPC13","TRAPPC13",1.62432451784324e-05,-0.185527255816322,0.194,0.221,0.434295646335747
"ENSG00000272343","ENSG00000272343",1.62966325974349e-05,1.05784585308293,0.011,0.005,0.435723065757616
"PZP","PZP",1.63302280447539e-05,-0.873366329542947,0.014,0.022,0.436621307232584
"RABL2B","RABL2B",1.65625567508581e-05,-0.225246674656854,0.091,0.112,0.442833079847693
"ELOA-AS1","ELOA-AS1",1.66581351230624e-05,-0.197644329441024,0.128,0.152,0.44538855878532
"COXFA4","COXFA4",1.66739660952136e-05,-0.173942410546635,0.15,0.175,0.445811831487726
"GDNF","GDNF",1.66989367069186e-05,-0.7524284159993,0.008,0.016,0.446479470732881
"AP4E1","AP4E1",1.67363150976143e-05,0.279479526872832,0.208,0.185,0.447478856764912
"BTRC","BTRC",1.67969053486457e-05,-0.108121795118354,0.495,0.53,0.449098858306741
"ITGA8","ITGA8",1.68143632712694e-05,-0.445534300179681,0.069,0.087,0.449565630783929
"ZMYM4-AS1","ZMYM4-AS1",1.68469894224932e-05,0.616156041693225,0.026,0.017,0.4504379561892
"RARB","RARB",1.69186642556179e-05,-0.41729420137406,0.017,0.027,0.452354326202456
"CLCA2","CLCA2",1.7187530702322e-05,-1.21487209183641,0.004,0.01,0.459543008387985
"ENSG00000274184","ENSG00000274184",1.72056396873712e-05,0.579990536614956,0.038,0.026,0.460027188321243
"SHC2","SHC2",1.72808636078411e-05,-0.270325145398004,0.098,0.119,0.462038450282846
"MAPK14","MAPK14",1.7328323423099e-05,0.260110281212353,0.363,0.344,0.463307383363399
"SEZ6L","SEZ6L",1.73295398276387e-05,-0.480734595903828,0.133,0.154,0.463339906371575
"NDC1","NDC1",1.73554240772876e-05,0.314761817643561,0.125,0.105,0.464031973554439
"SEC11C","SEC11C",1.73629393637805e-05,-0.254931536330157,0.125,0.147,0.464232909769398
"HPS5","HPS5",1.74089156862011e-05,0.252434108682562,0.169,0.146,0.465462178701958
"UNC13D","UNC13D",1.74592459973221e-05,0.436373042617908,0.091,0.073,0.466807860230402
"PPP1R13L","PPP1R13L",1.74809656647146e-05,0.537223276014972,0.038,0.027,0.467388578977474
"NEURL1","NEURL1",1.76744294878712e-05,-0.73978676779506,0.015,0.024,0.472561221217213
"IFT74","IFT74",1.77275001750768e-05,-0.17609321603516,0.122,0.145,0.473980172181027
"ACADVL","ACADVL",1.77315357473058e-05,0.252081355302621,0.186,0.162,0.474088071275716
"MRC1","MRC1",1.77608294223393e-05,0.958973669683241,0.024,0.015,0.474871296265085
"ENSG00000248528","ENSG00000248528",1.79564166258021e-05,0.720739377203873,0.027,0.018,0.48010071132407
"PRKDC","PRKDC",1.80339856275662e-05,0.1853624309886,0.442,0.421,0.482174673724239
"ENSG00000261684","ENSG00000261684",1.80750076044593e-05,1.03441933985311,0.01,0.005,0.483271478320428
"MAN2B1","MAN2B1",1.81108502597296e-05,0.425690999361796,0.104,0.086,0.48422980339439
"QTRT1","QTRT1",1.81522450727184e-05,-0.242430715168309,0.106,0.127,0.485336576509271
"TRPV1","TRPV1",1.81618354455132e-05,-0.401076892673729,0.037,0.051,0.485592994306685
"CFAP68","CFAP68",1.8240932836162e-05,0.684191560115334,0.027,0.018,0.487707821240463
"ENSG00000237978","ENSG00000237978",1.83817339351564e-05,0.355738532535088,0.16,0.139,0.491472420224276
"SLX4","SLX4",1.84250998514895e-05,-0.433225291119769,0.037,0.05,0.492631894729276
"PPIL6","PPIL6",1.85932336959018e-05,-0.594288295742705,0.03,0.043,0.497127289327326
"PANK4","PANK4",1.86212273649824e-05,0.611482323862605,0.031,0.021,0.497875756057534
"AFF3","AFF3",1.86261255344645e-05,-0.158546506740738,0.227,0.256,0.498006718414976
"CLUL1","CLUL1",1.87253574791875e-05,-0.921609495944796,0.006,0.013,0.500659882921037
"MAN1B1","MAN1B1",1.88708467586151e-05,-0.276922113892963,0.079,0.097,0.504549829785092
"FTCD","FTCD",1.90607134841795e-05,-0.174041729948565,0.06,0.077,0.509626296426508
"ARF4","ARF4",1.9183718247996e-05,0.316051589216743,0.155,0.134,0.51291507479667
"ENSG00000218672","ENSG00000218672",1.92546648525108e-05,0.722263308446183,0.019,0.011,0.51481197416158
"OSBPL7","OSBPL7",1.92611576656805e-05,0.393814787243167,0.067,0.052,0.5149855725073
"ENSG00000249249","ENSG00000249249",1.93685841062475e-05,-0.552844560765364,0.025,0.037,0.51785783324874
"FBLN5","FBLN5",1.94656843693467e-05,0.655630741909659,0.021,0.012,0.520454002983222
"ENSG00000232386","ENSG00000232386",1.95398113372958e-05,0.658461780236314,0.052,0.039,0.522435935725278
"NDUFS6","NDUFS6",1.96889161627064e-05,-0.223946162491196,0.123,0.146,0.526422551442282
"MORC4","MORC4",1.97674131756564e-05,0.334850531013462,0.101,0.083,0.528521326077524
"ENSG00000257277","ENSG00000257277",1.98181309551882e-05,0.487065963476744,0.024,0.015,0.529877367348866
"RPN2","RPN2",1.99412493982747e-05,0.257335851762092,0.18,0.156,0.533169185161671
"TMEM14C","TMEM14C",2.00197038601844e-05,0.402881759383514,0.092,0.074,0.535266822109751
"ENSG00000261135","ENSG00000261135",2.02055803479263e-05,-0.968591113127514,0.005,0.011,0.540236601762505
"RAPGEF3","RAPGEF3",2.04274306031694e-05,-0.17511426819609,0.165,0.191,0.54616821203694
"DNAH11","DNAH11",2.04935131425497e-05,0.540042557998078,0.035,0.024,0.547935060892352
"ENSG00000276649","ENSG00000276649",2.05846114481563e-05,-0.465778496079126,0.033,0.046,0.550370756289356
"CAMSAP2","CAMSAP2",2.07129972778184e-05,0.12759010253176,0.555,0.535,0.553803408217029
"VKORC1L1","VKORC1L1",2.07731099386092e-05,-0.161596315855308,0.221,0.25,0.555410640428594
"ACOX1","ACOX1",2.08799023663806e-05,-0.19618048432248,0.127,0.15,0.558265949569917
"ZNF140","ZNF140",2.09218909614305e-05,-0.283332373305244,0.074,0.093,0.559388598635768
"ULK4","ULK4",2.0946763092361e-05,-0.136537090885182,0.183,0.212,0.560053604800457
"KCNK12","KCNK12",2.11009154139788e-05,-0.20934531089302,0.078,0.097,0.564175175423551
"FBXO33","FBXO33",2.11914645928979e-05,0.341436255854032,0.187,0.165,0.56659618882031
"NDUFB10","NDUFB10",2.11916958428272e-05,-0.243673598990916,0.108,0.13,0.56660237174967
"NIPSNAP3B","NIPSNAP3B",2.13240548651866e-05,0.59070225703281,0.029,0.019,0.570141254930495
"FAM219B","FAM219B",2.13908443737389e-05,0.440870937726823,0.077,0.061,0.571927006020657
"ENSG00000255819","ENSG00000255819",2.14297313724255e-05,0.357481727882151,0.063,0.048,0.57296672770454
"MAX-AS1","MAX-AS1",2.1440323848065e-05,0.603792782368445,0.018,0.01,0.573249938725713
"LMAN2L","LMAN2L",2.16481723493123e-05,-0.369746243153075,0.072,0.09,0.578807184103563
"ZDHHC8","ZDHHC8",2.18881342420064e-05,-0.371553831534559,0.069,0.087,0.585223045228526
"REL-DT","REL-DT",2.19526838123508e-05,-1.08513942909944,0.006,0.013,0.586948907090823
"GPS2","GPS2",2.20924877479144e-05,0.403343791391173,0.097,0.08,0.590686844915986
"COL5A1","COL5A1",2.21245291997159e-05,0.624186246512866,0.046,0.034,0.591543537212805
"FHDC1","FHDC1",2.22128001216857e-05,1.00819278391656,0.026,0.017,0.59390363685351
"ZNF354A","ZNF354A",2.22526398237653e-05,0.371649308669004,0.091,0.074,0.594968830968013
"ENSG00000227388","ENSG00000227388",2.25608254170562e-05,0.595842892396564,0.048,0.036,0.603208789175833
"FAM228A","FAM228A",2.26878825920292e-05,-1.22041360466743,0.005,0.01,0.606605916863086
"SH3BP5-AS1","SH3BP5-AS1",2.27051539104283e-05,-0.335515316640663,0.035,0.048,0.607067700103121
"ENSG00000273321","ENSG00000273321",2.28696851526426e-05,0.705442453025259,0.013,0.007,0.611466771926205
"PTPRD-AS1","PTPRD-AS1",2.28846679332912e-05,-0.603914454245479,0.027,0.038,0.611867366532406
"DCTN3","DCTN3",2.3011530306835e-05,-0.328913974192462,0.067,0.084,0.615259285813848
"ENSG00000141979","ENSG00000141979",2.30825997355281e-05,0.587261092826141,0.018,0.011,0.617159469128815
"SH3PXD2B","SH3PXD2B",2.31294596179248e-05,0.327906196830789,0.359,0.342,0.618412361804456
"EIF4B","EIF4B",2.32336144122959e-05,0.255224029597983,0.227,0.204,0.621197148541554
"ENSG00000269102","ENSG00000269102",2.33432416297932e-05,1.08571079527529,0.011,0.006,0.624128251455782
"ARHGAP35","ARHGAP35",2.34992619547823e-05,0.172615010676713,0.394,0.368,0.628299766885014
"ROCK2","ROCK2",2.36162060179524e-05,0.224491336484841,0.345,0.321,0.631426500301994
"GCNT7","GCNT7",2.3641014854234e-05,0.967598597665,0.011,0.006,0.632089814157655
"ZNF773","ZNF773",2.36540160432673e-05,-0.578640926121147,0.014,0.023,0.632437426948838
"ACER2","ACER2",2.37520617209242e-05,0.431624943103418,0.041,0.029,0.635058874232351
"TM9SF4","TM9SF4",2.38452548672663e-05,0.247487885244237,0.257,0.233,0.6375505793861
"ENSG00000253347","ENSG00000253347",2.38822077948386e-05,-0.239260657726113,0.089,0.109,0.638538589810598
"LINC01549","LINC01549",2.39705612966643e-05,-0.301144035161177,0.027,0.039,0.640900897388912
"RIF1","RIF1",2.40901461282776e-05,-0.127081828285088,0.45,0.481,0.644098237031758
"KIF5A","KIF5A",2.46033557156924e-05,0.372553305218458,0.06,0.045,0.657819921770468
"VPS13D","VPS13D",2.47491559790856e-05,0.160796994664764,0.534,0.515,0.661718183412813
"ABCC2","ABCC2",2.48893017544659e-05,0.576860845687917,0.028,0.018,0.665465261009154
"ENSG00000263990","ENSG00000263990",2.49588116811193e-05,0.651743828038202,0.027,0.018,0.667323747918086
"ZNF766","ZNF766",2.49831834479799e-05,0.328839719750775,0.103,0.085,0.667975375848639
"NDST1","NDST1",2.51299679034811e-05,-0.159970273009499,0.235,0.263,0.671899951835375
"DRC9","DRC9",2.5294688362477e-05,0.376528551232699,0.109,0.091,0.676304082747546
"LARP4B","LARP4B",2.5336896088317e-05,0.282010089066534,0.414,0.403,0.677432590713332
"ENSG00000262481","ENSG00000262481",2.53582555588817e-05,-0.851847762851451,0.007,0.014,0.67800367887782
"CCDC97","CCDC97",2.53990869890189e-05,0.483388963264701,0.057,0.043,0.679095388825397
"SUMF2","SUMF2",2.5402593164958e-05,-0.188247761580292,0.144,0.168,0.679189133451482
"ENSG00000278996","ENSG00000278996",2.54837563291748e-05,0.177639713735987,0.576,0.574,0.681359192973147
"EVA1A","EVA1A",2.57490326878036e-05,0.712356263122552,0.025,0.016,0.688451886973806
"IDNK","IDNK",2.5831137999446e-05,-0.308032513743722,0.054,0.07,0.690647136691189
"RELB","RELB",2.58561355861554e-05,0.576582016162744,0.028,0.019,0.691315497167036
"CHTF8","CHTF8",2.59007473383417e-05,0.332005955353698,0.101,0.082,0.692508281585241
"TCEANC2","TCEANC2",2.59714701397351e-05,0.376417606575881,0.098,0.08,0.694399197126097
"NOVA2","NOVA2",2.59752225721631e-05,-0.313530304351504,0.08,0.098,0.694499525911924
"LACC1","LACC1",2.62013130198743e-05,-0.773276798099138,0.013,0.022,0.70054450621238
"CEP112","CEP112",2.62806068208129e-05,0.269315142204135,0.115,0.096,0.702664584568075
"ERMAP","ERMAP",2.65272180282634e-05,0.399317877578621,0.078,0.062,0.709258228421678
"FPGS","FPGS",2.67819261039058e-05,0.347891743398221,0.108,0.089,0.716068358240129
"ZCWPW1","ZCWPW1",2.70649917860454e-05,-0.198532517727296,0.103,0.124,0.723636685383495
"ENSG00000283374","ENSG00000283374",2.71166556134581e-05,-0.420984243932016,0.032,0.045,0.725018021137028
"ENSG00000274341","ENSG00000274341",2.72279359888793e-05,-0.894100889907238,0.006,0.012,0.727993324534666
"AVEN","AVEN",2.73464462088729e-05,-0.151607950040447,0.156,0.182,0.731161932286634
"PSMD5","PSMD5",2.73918300477272e-05,-0.212326633410165,0.143,0.167,0.732375359986081
"ZNF268","ZNF268",2.80528686628266e-05,-0.405112665799844,0.051,0.066,0.750049549437995
"LOC105376805","LOC105376805",2.80686971715607e-05,0.90668803594617,0.015,0.008,0.75047275627602
"PLAAT4","PLAAT4",2.81701710880869e-05,-0.364982704980226,0.029,0.041,0.75318586438218
"ENOX2","ENOX2",2.82064559177599e-05,-0.134996736894785,0.358,0.392,0.754156011873146
"ERP29","ERP29",2.82721642552881e-05,0.390589899401469,0.111,0.093,0.755912855693639
"LRRC27","LRRC27",2.86106017093769e-05,-0.295608286883288,0.044,0.058,0.764961657903611
"ENTPD5","ENTPD5",2.86415801390431e-05,-0.225719534581131,0.058,0.074,0.765789928177596
"ALKBH5","ALKBH5",2.92288809723499e-05,0.288562273421944,0.209,0.186,0.78149259055772
"AACS","AACS",2.92804066096595e-05,0.414161034485938,0.1,0.082,0.782870231522466
"CSNK1D","CSNK1D",2.96500129479297e-05,0.239049928510301,0.21,0.187,0.792752396188797
"MTMR10","MTMR10",2.96532640041276e-05,-0.103361479346085,0.436,0.467,0.792839319678358
"ESRRA","ESRRA",2.9656831646421e-05,0.431934206516298,0.079,0.063,0.792934707730358
"EPC1","EPC1",2.98387735301175e-05,0.140417044905086,0.535,0.512,0.79779928787475
"PNPLA8","PNPLA8",2.98895014602569e-05,0.290614525043401,0.248,0.226,0.799155600542889
"ZC3HAV1L","ZC3HAV1L",2.99577452276376e-05,1.13553250565904,0.01,0.005,0.800980234151347
"RELT","RELT",3.0068626449986e-05,0.397118366832948,0.059,0.045,0.803944865393277
"DNAAF10","DNAAF10",3.03221101898869e-05,-0.441367540750614,0.032,0.044,0.810722260147007
"PARP10","PARP10",3.04249036258052e-05,0.500626970933,0.042,0.03,0.813470648243153
"DNAJC17","DNAJC17",3.0543566657344e-05,-0.20217585177447,0.13,0.153,0.816643341717406
"MSANTD2-AS1","MSANTD2-AS1",3.06329392286977e-05,-0.48984072399887,0.041,0.055,0.81903289615769
"TAF1D","TAF1D",3.07505618815204e-05,0.190891539431309,0.384,0.36,0.822177773026212
"TRIM4","TRIM4",3.08719659432891e-05,0.250665149325795,0.202,0.178,0.825423753425722
"SUPV3L1","SUPV3L1",3.08993012261055e-05,-0.216743398007162,0.089,0.108,0.826154616882383
"ULK1","ULK1",3.09974387972635e-05,0.261360733534611,0.147,0.125,0.828778521122433
"SALL3","SALL3",3.10020559445144e-05,0.332810662485684,0.096,0.078,0.828901969788482
"HEATR3","HEATR3",3.10449632768706e-05,0.34573837139768,0.141,0.122,0.830049183133689
"CISD2","CISD2",3.11527155893272e-05,0.311754078788502,0.122,0.102,0.832930156711843
"VAMP1","VAMP1",3.13654468165562e-05,-0.207722116150736,0.089,0.108,0.838617951534262
"VPS52","VPS52",3.15595000963495e-05,-0.182461048889364,0.097,0.117,0.843806354076096
"CHD7","CHD7",3.16963920866561e-05,0.117683935649345,0.714,0.707,0.847466435220925
"PARPBP","PARPBP",3.20951701915972e-05,-0.112423086891648,0.013,0.021,0.858128565412735
"LURAP1","LURAP1",3.22369217544645e-05,-0.209763398178507,0.102,0.123,0.861918576949116
"CEP350","CEP350",3.24522148733623e-05,0.137393252726939,0.624,0.612,0.867674869069087
"SUPT3H","SUPT3H",3.24601179960912e-05,0.144711112869821,0.54,0.518,0.867886174861492
"FAM131C","FAM131C",3.25589249320153e-05,-0.360524366297585,0.037,0.05,0.870527975907294
"ENSG00000188185","ENSG00000188185",3.25607200112103e-05,-0.26310025198825,0.057,0.074,0.87057597093973
"ENSG00000260510","ENSG00000260510",3.25678772558353e-05,-0.868132321224179,0.006,0.012,0.870767334189269
"CCDC28A","CCDC28A",3.2720607977047e-05,-0.312001771452089,0.057,0.073,0.874850895482305
"ENSG00000223935","ENSG00000223935",3.27252567874673e-05,-0.572720492025631,0.015,0.024,0.874975190726514
"ENSG00000254731","ENSG00000254731",3.29323508035986e-05,-0.970621276254636,0.011,0.018,0.880512263435816
"B3GAT2","B3GAT2",3.29648587341678e-05,0.440006895296914,0.079,0.063,0.881381427975443
"CCNG1","CCNG1",3.30025712223052e-05,0.43406875850117,0.064,0.049,0.882389746770775
"WDFY1","WDFY1",3.31173696892901e-05,0.295881863508255,0.243,0.221,0.88545911338255
"ENSG00000282951","ENSG00000282951",3.32245483772666e-05,0.759465662343979,0.018,0.01,0.888324749962976
"ZBED4","ZBED4",3.32502741433231e-05,0.344015247346767,0.133,0.113,0.889012579770031
"DNASE1L1","DNASE1L1",3.33174452159608e-05,0.723032168784549,0.019,0.011,0.890808532739144
"ENSG00000251556","ENSG00000251556",3.34313931973693e-05,0.48668116185884,0.033,0.023,0.893855159918064
"IMMP2L","IMMP2L",3.35988216193841e-05,0.161284924349408,0.584,0.563,0.898331693637473
"APOL3","APOL3",3.3665051199283e-05,0.607041124901001,0.017,0.01,0.900102473915229
"AMOTL1","AMOTL1",3.41094262189873e-05,0.540517729135132,0.055,0.042,0.911983728817064
"CLEC11A","CLEC11A",3.42556615121865e-05,-0.31453099846849,0.05,0.065,0.915893621851329
"ENDOG","ENDOG",3.42594811079565e-05,-0.312204021375105,0.044,0.058,0.915995746383433
"TMIGD2","TMIGD2",3.44484291867422e-05,1.00907864828378,0.01,0.005,0.921047651165926
"GPX3","GPX3",3.4467563968912e-05,0.998262807757141,0.01,0.005,0.9215592578368
"H2BC11","H2BC11",3.48955219183101e-05,-0.152931062828285,0.025,0.016,0.933001569529858
"ZNF770","ZNF770",3.49206962135899e-05,0.348184553917277,0.123,0.104,0.933674654662753
"LAMB2","LAMB2",3.50747511131405e-05,1.11549948837369,0.012,0.006,0.937793620512037
"UQCC2","UQCC2",3.52365722077896e-05,0.390032771460182,0.109,0.091,0.94212023111967
"DNPEP","DNPEP",3.53374194363227e-05,0.427982614842935,0.057,0.043,0.944816583468961
"ARL2BP","ARL2BP",3.53865788843038e-05,-0.15159983275801,0.142,0.166,0.94613095962963
"RBM12B","RBM12B",3.55217333902213e-05,0.209995486574487,0.218,0.194,0.949744585654346
"ENSG00000267922","ENSG00000267922",3.55319898615075e-05,-0.19630754096475,0.122,0.144,0.950018812927127
"YAE1","YAE1",3.55698620776985e-05,0.262870059720719,0.183,0.16,0.951031402371425
"PRKAA1","PRKAA1",3.58064160621435e-05,-0.122979110464703,0.176,0.203,0.95735614625353
"RHOXF1-AS1","RHOXF1-AS1",3.61311274661514e-05,0.474357971002114,0.072,0.057,0.966037955062491
"SHISA6","SHISA6",3.61835090601447e-05,-0.542288010022534,0.031,0.043,0.967438481741089
"MRPL43","MRPL43",3.62414523962937e-05,-0.205816888971743,0.098,0.118,0.968987712719704
"SLC7A3","SLC7A3",3.63326886690245e-05,1.28965818146504,0.01,0.005,0.971427096943708
"MOCOS","MOCOS",3.63364294882727e-05,0.961051315531219,0.017,0.01,0.971527115227947
"NRDC","NRDC",3.64046360861736e-05,0.151426030289164,0.532,0.516,0.973350755036024
"DDX27","DDX27",3.65427917035972e-05,0.441938369272867,0.091,0.074,0.977044621779077
"MTTP","MTTP",3.66411952287545e-05,-1.30433199720102,0.005,0.011,0.97967563683121
"CA2","CA2",3.68164323007493e-05,0.380308167995507,0.324,0.314,0.984360950425134
"ENSG00000283141","ENSG00000283141",3.68408138972821e-05,-0.375665847927535,0.037,0.05,0.98501284117163
"SLC8A2","SLC8A2",3.68831099096887e-05,-0.690890509664517,0.014,0.023,0.986143709655346
"MINK1","MINK1",3.69712908243814e-05,0.192646865871592,0.323,0.3,0.988501402771487
"MTERF2","MTERF2",3.77511954502573e-05,-0.325108074046646,0.055,0.071,1
"ST7-AS2","ST7-AS2",3.78543512569451e-05,0.911370936196855,0.018,0.011,1
"WDR55","WDR55",3.7875519014962e-05,0.535231036611153,0.056,0.043,1
"ENSG00000230438","ENSG00000230438",3.79132625527258e-05,0.696887306341313,0.025,0.016,1
"CPB2","CPB2",3.79400612761797e-05,-0.491907887250348,0.049,0.064,1
"COG1","COG1",3.80459821579309e-05,-0.39602126745182,0.049,0.063,1
"NDN","NDN",3.82329048401992e-05,-0.354911102816883,0.055,0.071,1
"RNGTT","RNGTT",3.82453540317009e-05,-0.105907343485317,0.371,0.404,1
"ST3GAL3","ST3GAL3",3.8257883054005e-05,-0.68025169670866,0.007,0.014,1
"ELP5","ELP5",3.84322567051008e-05,0.439269308114724,0.06,0.046,1
"PSG8","PSG8",3.86159327364815e-05,-0.630360002088047,0.022,0.032,1
"WNK3","WNK3",3.8618423151757e-05,-0.196788221733298,0.126,0.148,1
"ERH","ERH",3.86702359179181e-05,-0.235694993899909,0.116,0.137,1
"TEPSIN","TEPSIN",3.88020412985924e-05,0.466152533716703,0.058,0.045,1
"LIMS2","LIMS2",3.88539838893449e-05,-0.800731006030444,0.011,0.019,1
"ZNF566","ZNF566",3.88778429032652e-05,-0.20817648924124,0.133,0.155,1
"EGLN1","EGLN1",3.89464631823479e-05,0.224514761840859,0.326,0.303,1
"APIP","APIP",3.89525584693769e-05,-0.132204595830778,0.201,0.228,1
"ENSG00000251294","ENSG00000251294",3.91159323422064e-05,0.727230431462621,0.029,0.019,1
"FASTKD1","FASTKD1",3.91684453975966e-05,0.290377214716392,0.205,0.183,1
"SEPTIN8","SEPTIN8",3.93022620270027e-05,0.355955090241005,0.469,0.495,1
"PDCD7","PDCD7",3.934509736384e-05,-0.17009156928588,0.176,0.202,1
"USP34-DT","USP34-DT",3.93963278327174e-05,-0.48847975905782,0.05,0.065,1
"SBF2","SBF2",3.97203918608451e-05,0.154288213731935,0.668,0.671,1
"SRP14-DT","SRP14-DT",3.98083333529651e-05,0.301124233308758,0.089,0.072,1
"GSTZ1","GSTZ1",3.99863404845124e-05,-0.452179965570457,0.034,0.047,1
"RAB34","RAB34",4.01613743462675e-05,0.697420187971113,0.017,0.01,1
"WDR33","WDR33",4.01869027152107e-05,0.163483426662898,0.45,0.429,1
"TRIM21","TRIM21",4.04414689376382e-05,0.966759434850229,0.011,0.005,1
"CDK7","CDK7",4.05787445723208e-05,-0.288067878750445,0.063,0.08,1
"UBTD2","UBTD2",4.07371603876389e-05,0.30516804392062,0.147,0.126,1
"RIC1","RIC1",4.0863568537242e-05,0.253431989599294,0.322,0.303,1
"STAP2","STAP2",4.08770755496619e-05,-0.92071059736189,0.007,0.014,1
"DHX57","DHX57",4.09855461168399e-05,-0.156917714786442,0.12,0.142,1
"SOD3","SOD3",4.10918800244192e-05,-1.10130817394509,0.006,0.012,1
"CYB5B","CYB5B",4.11886821103839e-05,-0.13082129659326,0.167,0.192,1
"EIF3J","EIF3J",4.1557554791016e-05,-0.135188154881088,0.21,0.237,1
"TGFB3","TGFB3",4.19863531369725e-05,-0.459437119011878,0.044,0.057,1
"ADAMTS15","ADAMTS15",4.21899049481555e-05,1.19200742206863,0.011,0.005,1
"UBR5","UBR5",4.24026645952072e-05,0.127218907661985,0.636,0.625,1
"NIPSNAP1","NIPSNAP1",4.24231430884818e-05,-0.341462983069232,0.033,0.045,1
"ENSG00000236255","ENSG00000236255",4.24435879028644e-05,0.580956159045094,0.045,0.033,1
"ENSG00000230534","ENSG00000230534",4.31271626739621e-05,0.869122015035583,0.015,0.008,1
"BEX2","BEX2",4.36714904885272e-05,-0.231426051466974,0.093,0.112,1
"ITGA10","ITGA10",4.3721473888306e-05,0.807634152776727,0.017,0.01,1
"TRAF7","TRAF7",4.37445597849689e-05,0.494381964304359,0.042,0.03,1
"TRG-AS1","TRG-AS1",4.39416674032995e-05,0.708198909943591,0.017,0.01,1
"CORO1B","CORO1B",4.3976881728329e-05,0.372190963170665,0.065,0.051,1
"PFKFB3-AS1","PFKFB3-AS1",4.4198504327362e-05,0.87917115598654,0.013,0.007,1
"GALNS","GALNS",4.42953426898015e-05,0.368018827129339,0.082,0.066,1
"IRAK4","IRAK4",4.47207485027708e-05,0.341634324603459,0.113,0.094,1
"NR2E1","NR2E1",4.4807777766238e-05,-0.9410465850759,0.005,0.01,1
"NUBP2","NUBP2",4.50232440914507e-05,-0.287788933897273,0.059,0.074,1
"ENTPD3","ENTPD3",4.530113911973e-05,-0.796614764820458,0.008,0.014,1
"ADAMTS13","ADAMTS13",4.55194635742406e-05,-0.447933343384695,0.035,0.048,1
"UBE2Q2","UBE2Q2",4.61234622078997e-05,-0.168762142548416,0.121,0.143,1
"ENSG00000258881","ENSG00000258881",4.6290397911249e-05,-0.762763602018116,0.02,0.03,1
"TNKS1BP1","TNKS1BP1",4.63794143248543e-05,-0.342739491527325,0.023,0.034,1
"SNTB1","SNTB1",4.63984446842165e-05,1.3249948842532,0.039,0.028,1
"MARK3","MARK3",4.64275005250364e-05,0.110783055584328,0.661,0.654,1
"RMDN1","RMDN1",4.66566023658565e-05,-0.157172557454579,0.21,0.237,1
"FIBP","FIBP",4.70404884332174e-05,-0.427120971820993,0.032,0.044,1
"ENSG00000234418","ENSG00000234418",4.70441184230623e-05,-0.914325511766139,0.008,0.015,1
"LRRIQ3","LRRIQ3",4.7113900769407e-05,0.48229197767002,0.027,0.018,1
"NSA2","NSA2",4.76323449731508e-05,0.348888679056535,0.128,0.109,1
"TUT4","TUT4",4.7652196117816e-05,0.135108071101932,0.6,0.586,1
"TRABD-AS1","TRABD-AS1",4.77721908610922e-05,-0.886469125625225,0.008,0.015,1
"KCTD16","KCTD16",4.78954116304977e-05,-0.287530150729288,0.137,0.159,1
"ZNF658","ZNF658",4.7923422418224e-05,-0.263462441915591,0.051,0.066,1
"PDHX","PDHX",4.82336269037783e-05,-0.156802542952896,0.206,0.233,1
"RMND5B","RMND5B",4.83896562850644e-05,-0.188899409078878,0.097,0.117,1
"CTNND1","CTNND1",4.87650666001523e-05,0.314704211843172,0.212,0.191,1
"VIPR1","VIPR1",4.87844949485856e-05,0.898583845074817,0.018,0.011,1
"ENSG00000272505","ENSG00000272505",4.89006912620104e-05,0.802843848812827,0.018,0.011,1
"MGA","MGA",4.89169087120933e-05,0.193688682036622,0.456,0.439,1
"ENSG00000233005","ENSG00000233005",4.93438680052387e-05,0.998756640735575,0.031,0.021,1
"CNTN4","CNTN4",4.95850391731926e-05,-0.332167781636068,0.084,0.101,1
"NHERF1","NHERF1",4.96100494383167e-05,-0.28848830010346,0.077,0.094,1
"CUX2","CUX2",4.98281921300265e-05,-0.667472854390173,0.024,0.034,1
"BRSK2","BRSK2",5.00591006726543e-05,-0.172077506617845,0.129,0.151,1
"CCDC150","CCDC150",5.05786744408282e-05,-0.230304491499401,0.055,0.07,1
"BASP1-AS1","BASP1-AS1",5.12146405516676e-05,0.452700067907981,0.088,0.072,1
"CACNB4","CACNB4",5.12902405530042e-05,0.473656627301445,0.084,0.068,1
"THOC6","THOC6",5.13174050492217e-05,0.776757609376176,0.023,0.014,1
"DEGS1","DEGS1",5.13541869243175e-05,0.302200027535553,0.158,0.137,1
"B4GALT6","B4GALT6",5.14898977665401e-05,-0.28998679920619,0.049,0.063,1
"LOC112268208","LOC112268208",5.15604997347447e-05,-0.536493727992949,0.017,0.026,1
"KAT8","KAT8",5.17934505298053e-05,0.285919250830353,0.131,0.111,1
"MRPS15","MRPS15",5.18849626341203e-05,0.420735821812187,0.058,0.045,1
"SREK1","SREK1",5.19608156696205e-05,-0.12880477017956,0.288,0.319,1
"C10orf67","C10orf67",5.23026306999997e-05,-1.34881185143576,0.005,0.011,1
"SMIM30","SMIM30",5.27375217099388e-05,0.617178489686171,0.042,0.03,1
"ADPRH","ADPRH",5.28624308622101e-05,0.721137816156527,0.015,0.009,1
"ENSG00000259515","ENSG00000259515",5.30737343349525e-05,0.693879812251738,0.025,0.017,1
"LMTK2","LMTK2",5.3498816174865e-05,-0.154370892929423,0.165,0.19,1
"ENSG00000238035","ENSG00000238035",5.36833666523105e-05,-0.518690453328241,0.036,0.049,1
"STPG1","STPG1",5.38367392362489e-05,-0.196937437684209,0.09,0.109,1
"MCU","MCU",5.42863176361994e-05,0.203745389150882,0.22,0.196,1
"FLYWCH2","FLYWCH2",5.44957506512458e-05,-0.316029345425297,0.042,0.055,1
"TPTE","TPTE",5.46541116962211e-05,-0.545150068917782,0.02,0.029,1
"HCN3","HCN3",5.46612677750981e-05,0.864172042272434,0.016,0.009,1
"ENSG00000259035","ENSG00000259035",5.47119544547448e-05,1.05678598468037,0.012,0.006,1
"BICDL1","BICDL1",5.47142673733864e-05,0.623406208972613,0.045,0.033,1
"STARD8","STARD8",5.47168411572944e-05,0.681927936999121,0.011,0.005,1
"SH3BGRL3","SH3BGRL3",5.50240184394073e-05,0.278964384552891,0.178,0.157,1
"RBM33-DT","RBM33-DT",5.5081646916039e-05,-0.152532353196906,0.144,0.166,1
"LINC02552","LINC02552",5.54670067996886e-05,-0.706963449710119,0.005,0.01,1
"DDIT3","DDIT3",5.54838576292885e-05,0.363427670148563,0.073,0.058,1
"SWSAP1","SWSAP1",5.56503729480773e-05,0.893724059192325,0.021,0.013,1
"SETMAR","SETMAR",5.56775078127822e-05,0.424693899073789,0.074,0.059,1
"WARS1","WARS1",5.60017231289435e-05,0.329870714984037,0.117,0.099,1
"NDUFS2","NDUFS2",5.61664615828219e-05,0.242659877126363,0.241,0.218,1
"PCBD2","PCBD2",5.64656199833373e-05,-0.186938828147109,0.116,0.137,1
"OSMR","OSMR",5.66047689376392e-05,0.674287806122129,0.047,0.035,1
"CDC16","CDC16",5.67299194176052e-05,-0.122440601230737,0.257,0.285,1
"PABPC1L","PABPC1L",5.70289816457966e-05,0.626919868084519,0.039,0.028,1
"PCK2","PCK2",5.70912003471381e-05,0.530260056958853,0.018,0.011,1
"CWF19L1","CWF19L1",5.71908536376752e-05,-0.166087431591314,0.114,0.136,1
"KLHL35","KLHL35",5.7218276590809e-05,-0.90554716094348,0.006,0.012,1
"HNRNPA3","HNRNPA3",5.75852153550497e-05,0.160454204434946,0.458,0.44,1
"SLC2A4RG","SLC2A4RG",5.76896541640442e-05,-0.442541030195776,0.031,0.043,1
"RAB35-AS1","RAB35-AS1",5.81150680732605e-05,-0.8187212032456,0.012,0.02,1
"ENSG00000159239","ENSG00000159239",5.85482209630302e-05,-0.829271062570037,0.005,0.01,1
"RCHY1","RCHY1",5.9156660356835e-05,0.258953270704898,0.171,0.149,1
"SCAF1","SCAF1",5.9169229683071e-05,-0.309928315356335,0.097,0.116,1
"LINC00706","LINC00706",5.97351725544221e-05,-0.521439558986632,0.018,0.028,1
"ANKDD1A","ANKDD1A",5.9796799694133e-05,-0.308753394299717,0.069,0.085,1
"F8","F8",6.03668723284852e-05,-0.410851958357529,0.035,0.048,1
"COPE","COPE",6.04385660012962e-05,-0.168596466003433,0.133,0.155,1
"ENSG00000223546","ENSG00000223546",6.06015144378283e-05,-0.180155775267638,0.102,0.122,1
"GLCE","GLCE",6.07673782666309e-05,0.202110299375657,0.318,0.295,1
"DGKQ","DGKQ",6.09999401166134e-05,0.666427786003714,0.033,0.023,1
"HDAC3","HDAC3",6.10222676563257e-05,0.295159390887732,0.161,0.141,1
"ENSG00000258378","ENSG00000258378",6.11286344187042e-05,0.390518643029858,0.038,0.027,1
"COL28A1","COL28A1",6.11889497290572e-05,-0.434603088633993,0.043,0.056,1
"ZNF790-AS1","ZNF790-AS1",6.12186991912978e-05,-0.274365930314979,0.079,0.096,1
"ANKRD23","ANKRD23",6.16992327804005e-05,-0.138701198121,0.205,0.232,1
"ADAR","ADAR",6.17527525575996e-05,0.198695882497089,0.303,0.281,1
"LOC130932201","LOC130932201",6.20924707916704e-05,-0.70369721749843,0.01,0.017,1
"ENSG00000254333","ENSG00000254333",6.2116433815415e-05,-0.929816400212326,0.007,0.013,1
"NR2C2","NR2C2",6.2288271201942e-05,0.17547510523592,0.397,0.375,1
"ENSG00000260042","ENSG00000260042",6.23113054954076e-05,-0.327760675591722,0.046,0.06,1
"ISG20L2","ISG20L2",6.24787390408645e-05,0.484872409673926,0.063,0.049,1
"RIMBP2","RIMBP2",6.29947248963109e-05,0.489626863395622,0.047,0.035,1
"CYB5R2","CYB5R2",6.30658098623252e-05,-0.64830601598848,0.024,0.034,1
"GRIPAP1","GRIPAP1",6.31684513375995e-05,0.332654467361161,0.156,0.136,1
"C17orf75","C17orf75",6.32703241992287e-05,-0.326185265183071,0.048,0.062,1
"PPP2R1B","PPP2R1B",6.33244948961738e-05,-0.175437468791156,0.2,0.225,1
"THBS4","THBS4",6.34094483530893e-05,-0.171830670720431,0.14,0.163,1
"ASMTL","ASMTL",6.38338297244585e-05,-0.260067050275733,0.06,0.076,1
"GOPC","GOPC",6.46160926699755e-05,-0.192695927621404,0.164,0.187,1
"ENTREP3","ENTREP3",6.47221322543474e-05,0.481081440744516,0.058,0.045,1
"FADS3","FADS3",6.48789280609018e-05,-0.222520807821951,0.089,0.107,1
"TTC9C","TTC9C",6.49038463125606e-05,0.420131267902509,0.098,0.082,1
"UBE2Q2P7","UBE2Q2P7",6.50884691405216e-05,-0.560433898771333,0.017,0.026,1
"HIPK1","HIPK1",6.52743067371869e-05,0.291036458325747,0.173,0.153,1
"TSC2","TSC2",6.56330972945003e-05,-0.155406169898782,0.201,0.227,1
"BPNT1","BPNT1",6.64560428543562e-05,-0.301072406931358,0.047,0.06,1
"TTC9B","TTC9B",6.65792170676915e-05,-0.518321575229771,0.024,0.035,1
"TMEM222","TMEM222",6.66860772166159e-05,-0.228065314097214,0.111,0.131,1
"NUDT22","NUDT22",6.67330405574365e-05,0.483534045752267,0.046,0.035,1
"ALKBH2","ALKBH2",6.69399843516317e-05,-0.567229587240688,0.02,0.03,1
"ENSG00000239445","ENSG00000239445",6.69861803821262e-05,-0.595704448065518,0.016,0.024,1
"ENSG00000258824","ENSG00000258824",6.70385645331308e-05,-0.244501046505736,0.096,0.115,1
"E4F1","E4F1",6.73708379711711e-05,-0.372201637588091,0.036,0.048,1
"C16orf96","C16orf96",6.74291252996767e-05,-0.767112821571208,0.007,0.013,1
"ENSG00000260923","ENSG00000260923",6.76480296446013e-05,0.347586024059964,0.078,0.062,1
"HIGD1B","HIGD1B",6.78143987952828e-05,1.37347876481263,0.01,0.005,1
"HMOX2","HMOX2",6.83750916234281e-05,-0.172951055509586,0.155,0.178,1
"HYCC1","HYCC1",6.84654875739249e-05,-0.202053724903944,0.24,0.265,1
"ENSG00000259442","ENSG00000259442",6.85269282883784e-05,-0.621878853968339,0.012,0.02,1
"ENSG00000269793","ENSG00000269793",6.85699958175235e-05,-0.879041512896111,0.009,0.016,1
"TTC17","TTC17",6.86545766839948e-05,0.116231879252316,0.643,0.629,1
"STAU1","STAU1",6.92438856730191e-05,0.188508813293842,0.33,0.306,1
"ENSG00000273702","ENSG00000273702",6.93482440701117e-05,-0.563577807358575,0.031,0.042,1
"MID1","MID1",6.9461179507194e-05,-0.245161842649971,0.097,0.116,1
"DDO","DDO",6.95378115604194e-05,-0.315823069592984,0.034,0.046,1
"ZNF500","ZNF500",6.99678931326373e-05,-0.352843195155152,0.048,0.062,1
"HERC3","HERC3",7.01866779800005e-05,0.199949286542917,0.303,0.28,1
"PSMB4","PSMB4",7.02141319835674e-05,-0.178207298552788,0.083,0.101,1
"SMAD1","SMAD1",7.02190358446164e-05,-0.193894980175444,0.095,0.114,1
"TOX3","TOX3",7.03350822287833e-05,0.316125140035089,0.195,0.175,1
"TFAP2E-AS1","TFAP2E-AS1",7.17322626645272e-05,1.12430130704328,0.011,0.006,1
"CCDC92","CCDC92",7.20662543515012e-05,-0.100189479388327,0.32,0.352,1
"KBTBD6-DT","KBTBD6-DT",7.21602885013714e-05,-0.315089973983171,0.082,0.099,1
"ENSG00000267175","ENSG00000267175",7.21948709192983e-05,-0.786755842447359,0.013,0.021,1
"TCOF1","TCOF1",7.23232030418807e-05,0.279687794590452,0.112,0.094,1
"FBXO22","FBXO22",7.27671843317212e-05,-0.152103786096975,0.16,0.184,1
"PRDM8-AS1","PRDM8-AS1",7.29215843942149e-05,-0.672854958483015,0.011,0.018,1
"RCAN2-DT","RCAN2-DT",7.30268467455336e-05,-0.594452689639811,0.029,0.041,1
"MOB2","MOB2",7.31064303818692e-05,0.228051151473175,0.153,0.132,1
"AP1AR","AP1AR",7.32898498215872e-05,0.380708511410759,0.098,0.081,1
"ENSG00000100068","ENSG00000100068",7.33865975668353e-05,0.555480691770097,0.048,0.036,1
"VAT1","VAT1",7.34872172218319e-05,0.315349625753433,0.078,0.063,1
"ZCCHC4","ZCCHC4",7.36026856367441e-05,-0.262943834095817,0.079,0.096,1
"MCEE","MCEE",7.36797246387029e-05,-0.206676301356794,0.105,0.124,1
"PBXIP1","PBXIP1",7.38428760335474e-05,0.481331407438611,0.041,0.03,1
"GCFC2","GCFC2",7.38517911165419e-05,-0.103206230555129,0.266,0.297,1
"DCUN1D4","DCUN1D4",7.4152063310505e-05,-0.108555147418259,0.369,0.401,1
"CCT7","CCT7",7.42279196301535e-05,0.229435676721523,0.142,0.121,1
"CYSTM1","CYSTM1",7.48741457749091e-05,0.321836350793894,0.117,0.099,1
"KCNC4","KCNC4",7.49110372443087e-05,0.624566834446889,0.021,0.013,1
"PDE7B-AS1","PDE7B-AS1",7.49396179672695e-05,0.788140628114746,0.031,0.021,1
"NUP54","NUP54",7.54798844693419e-05,-0.101066381422243,0.17,0.195,1
"NRP2","NRP2",7.58110285112084e-05,0.415974193561307,0.148,0.129,1
"LINC01992","LINC01992",7.58242051116757e-05,-0.291477389265986,0.024,0.034,1
"RHBDL3","RHBDL3",7.60518229970541e-05,-0.262761328713376,0.123,0.144,1
"ENSG00000273729","ENSG00000273729",7.60519392297239e-05,-1.12957011706584,0.005,0.01,1
"ENSG00000276997","ENSG00000276997",7.60740069887037e-05,-0.248656529146388,0.071,0.087,1
"METTL17","METTL17",7.63496548245051e-05,0.42458508763547,0.093,0.076,1
"ENSG00000255158","ENSG00000255158",7.64569961066699e-05,0.598943046572651,0.027,0.018,1
"NSL1","NSL1",7.66702160998366e-05,0.22540940001178,0.327,0.304,1
"KRCC1","KRCC1",7.70229919574947e-05,0.226630518776343,0.288,0.267,1
"ELOA","ELOA",7.72412140196874e-05,0.391796225534503,0.093,0.077,1
"ORAI1","ORAI1",7.7432126694332e-05,0.52244711023077,0.031,0.022,1
"AMD1","AMD1",7.75121278133737e-05,-0.143444252374047,0.446,0.478,1
"MLLT10","MLLT10",7.76558756902303e-05,0.115605322004364,0.614,0.6,1
"UPF2","UPF2",7.80867010540743e-05,0.184992919772363,0.319,0.296,1
"TRIM36","TRIM36",7.87714498650774e-05,0.48134644891342,0.116,0.098,1
"CA1","CA1",7.89670938492889e-05,0.588697965623241,0.013,0.007,1
"HSBP1L1","HSBP1L1",7.90258698553913e-05,0.594760620894568,0.024,0.016,1
"PCDHB15","PCDHB15",7.90673989896237e-05,-0.569929565371293,0.011,0.018,1
"DIO1","DIO1",7.91895505721609e-05,1.13123386070811,0.01,0.005,1
"SMARCD2","SMARCD2",7.96575362522811e-05,-0.227656078199347,0.115,0.135,1
"CRYBG1","CRYBG1",8.0182882612873e-05,0.727285930905315,0.022,0.014,1
"DBF4","DBF4",8.03205675997995e-05,0.565848014731542,0.046,0.034,1
"CFAP91","CFAP91",8.05459316622221e-05,-0.56774993710451,0.027,0.038,1
"ARK2N","ARK2N",8.08532456587967e-05,0.282493079842016,0.177,0.156,1
"POMP","POMP",8.09751916244797e-05,0.291578397965963,0.151,0.132,1
"SMIM14","SMIM14",8.11153028027046e-05,-0.12886435995109,0.287,0.316,1
"C2CD2L","C2CD2L",8.12766785203581e-05,0.318198000567601,0.069,0.055,1
"OTOP1","OTOP1",8.13072201372854e-05,1.01649995243721,0.01,0.005,1
"CCDC91","CCDC91",8.14824729545704e-05,0.117119620542566,0.551,0.523,1
"L3MBTL3","L3MBTL3",8.15834663150353e-05,0.542937448936394,0.062,0.048,1
"LOC124903478","LOC124903478",8.21282359228418e-05,-0.315517664474876,0.088,0.105,1
"HDHD5-AS1","HDHD5-AS1",8.22749157903459e-05,-0.482656744586389,0.039,0.051,1
"RNF115","RNF115",8.24279481658892e-05,-0.117643756612818,0.375,0.406,1
"ENSG00000254054","ENSG00000254054",8.25037239403921e-05,0.819360087440465,0.011,0.005,1
"ANO2","ANO2",8.25791869764032e-05,-0.552288138492926,0.032,0.043,1
"ABRAXAS2","ABRAXAS2",8.29116428326178e-05,0.358290945219132,0.107,0.089,1
"CNKSR2","CNKSR2",8.32940800551507e-05,-0.39802017942901,0.058,0.073,1
"ENSG00000272182","ENSG00000272182",8.35013890384097e-05,-0.40030016165858,0.034,0.045,1
"LRP10","LRP10",8.3973780571633e-05,0.306348986376872,0.094,0.078,1
"STK35","STK35",8.3982696877344e-05,0.35958307291475,0.101,0.084,1
"GPM6A","GPM6A",8.42725241074311e-05,-0.307521332553095,0.178,0.2,1
"MMACHC","MMACHC",8.43199057865951e-05,-0.377647823119551,0.028,0.039,1
"PAM","PAM",8.44758562941914e-05,0.180294921414781,0.144,0.123,1
"SPRY2","SPRY2",8.45603339563521e-05,0.342232532168096,0.1,0.083,1
"GABARAPL2","GABARAPL2",8.46844621866652e-05,-0.108576883867467,0.196,0.223,1
"ZNF596","ZNF596",8.52215155054039e-05,-0.304711760200735,0.064,0.08,1
"ZNF649","ZNF649",8.52359384988913e-05,-0.377352925508713,0.051,0.065,1
"ARRDC1-AS1","ARRDC1-AS1",8.57949238719284e-05,-0.345764940560635,0.042,0.055,1
"RSU1","RSU1",8.58508908159044e-05,0.237499733465415,0.277,0.255,1
"DDX39A","DDX39A",8.62278816727831e-05,0.414450497265439,0.075,0.06,1
"ENSG00000250604","ENSG00000250604",8.64336069435466e-05,0.839528325243985,0.011,0.005,1
"RELN","RELN",8.69659872658033e-05,0.387151552424119,0.105,0.087,1
"ENSG00000250619","ENSG00000250619",8.70026565947671e-05,0.61555761362821,0.027,0.019,1
"EIF5A2","EIF5A2",8.74331514243422e-05,-0.436102018889709,0.034,0.046,1
"MAP7-AS1","MAP7-AS1",8.7605775818422e-05,0.923501092002152,0.01,0.005,1
"C5orf63","C5orf63",8.82722014850034e-05,0.4899720673156,0.031,0.021,1
"ZNF706","ZNF706",8.83062724864844e-05,0.180174137735074,0.431,0.409,1
"ENSG00000267780","ENSG00000267780",8.84450666023444e-05,0.887410885914117,0.01,0.005,1
"PPP1R14B","PPP1R14B",8.87797361433597e-05,0.669781140787893,0.032,0.022,1
"LDOC1","LDOC1",8.89794589503759e-05,-0.322425801343805,0.066,0.082,1
"ENSG00000268458","ENSG00000268458",8.94645605467421e-05,0.724838907038446,0.03,0.021,1
"ETV3","ETV3",8.95511785259931e-05,0.559805827923302,0.038,0.027,1
"NEXN","NEXN",8.95867221916472e-05,0.648642480738358,0.032,0.022,1
"ENSG00000254536","ENSG00000254536",8.9626291071765e-05,0.578756056635763,0.02,0.012,1
"FRMPD4","FRMPD4",8.96773619317954e-05,-0.577152375158855,0.021,0.031,1
"PDLIM7","PDLIM7",8.98731014278752e-05,0.708283083228837,0.016,0.01,1
"ZNF569","ZNF569",9.19624223701353e-05,-0.156340423602046,0.105,0.125,1
"ENSG00000260657","ENSG00000260657",9.20425255783576e-05,-1.18858494256315,0.005,0.01,1
"H2BC21","H2BC21",9.21171675330138e-05,-0.355452025121991,0.055,0.069,1
"AGAP6","AGAP6",9.21229074947785e-05,0.286670971180653,0.166,0.146,1
"PARP15","PARP15",9.27921241963764e-05,0.611089666285504,0.015,0.009,1
"ITGA6","ITGA6",9.29615538251264e-05,0.579889777372073,0.064,0.051,1
"ZNF512B","ZNF512B",9.31773695348212e-05,-0.427386076037112,0.031,0.043,1
"GFOD2","GFOD2",9.37447892362393e-05,0.603176646382644,0.051,0.039,1
"PIGK","PIGK",9.38707674800213e-05,-0.13950133085735,0.212,0.239,1
"OSGIN1","OSGIN1",9.41130119903414e-05,0.479542955404886,0.026,0.018,1
"RBM42","RBM42",9.41825805743993e-05,-0.316188928260362,0.069,0.085,1
"LINC03011","LINC03011",9.46042957886282e-05,-0.69739050807731,0.02,0.029,1
"GOT1","GOT1",9.60260487557741e-05,-0.214628896065936,0.093,0.112,1
"TMEM161A","TMEM161A",9.62372936099179e-05,0.362535608127595,0.075,0.06,1
"PPP1R15B","PPP1R15B",9.63440250757066e-05,0.40311398139605,0.101,0.085,1
"HNRNPD","HNRNPD",9.66628914586905e-05,0.162105872090741,0.455,0.437,1
"SLC44A3","SLC44A3",9.71867523311701e-05,-0.775026834401357,0.008,0.015,1
"TCTA","TCTA",9.71990908741055e-05,-0.220743677323469,0.079,0.095,1
"ATAD2","ATAD2",9.72388967280091e-05,0.497675380986637,0.06,0.047,1
"CFAP54","CFAP54",9.73987626482696e-05,-0.347485044255175,0.041,0.053,1
"FAM91A1","FAM91A1",9.75474872711712e-05,0.181106438710162,0.237,0.213,1
"SRP9","SRP9",9.76367148405999e-05,-0.211119482822624,0.147,0.169,1
"DKK3","DKK3",9.7652016505846e-05,-0.278616646382285,0.063,0.079,1
"ZKSCAN8","ZKSCAN8",9.79432656279876e-05,-0.158201532953895,0.111,0.131,1
"KEAP1","KEAP1",9.80916999748634e-05,0.313453899291534,0.139,0.12,1
"LRRC8A","LRRC8A",9.8119131480348e-05,0.263145255414433,0.121,0.103,1
"SLC35F1","SLC35F1",9.84815675501633e-05,-0.546904576571098,0.171,0.187,1
"ENSG00000247970","ENSG00000247970",9.87990019311173e-05,-0.334757528895744,0.024,0.035,1
"PLVAP","PLVAP",9.91573185747033e-05,0.872451525353986,0.014,0.008,1
"ZNF688","ZNF688",9.92222642939085e-05,-0.353251888701355,0.052,0.066,1
"SNX7","SNX7",9.96922458936993e-05,0.373008629796863,0.103,0.086,1
"PPM1L","PPM1L",9.99002106316434e-05,0.276170949723429,0.265,0.243,1
"IL12RB2","IL12RB2",0.000100453739413519,1.02603235133865,0.013,0.007,1
"ENSG00000250699","ENSG00000250699",0.000100728030973325,-0.403481627387403,0.028,0.039,1
"TLL1","TLL1",0.000101444095082491,1.22381673912552,0.012,0.007,1
"EIF3C","EIF3C",0.000101536520907588,1.23361715251053,0.01,0.005,1
"JAKMIP2-AS1","JAKMIP2-AS1",0.000101580544811139,0.440997211875987,0.053,0.041,1
"URM1","URM1",0.000101739929377931,-0.14911297523877,0.151,0.174,1
"GABPB1","GABPB1",0.000101876766632295,0.238376972602999,0.209,0.187,1
"TSTD2","TSTD2",0.000102359629380649,-0.173303245229398,0.152,0.174,1
"ENSG00000235100","ENSG00000235100",0.000102897387159922,-0.36141073250319,0.044,0.057,1
"MMP15","MMP15",0.000103162504197241,-0.786929104226123,0.005,0.01,1
"MECOM","MECOM",0.000103300486394504,0.367444571287968,0.117,0.1,1
"TNPO2","TNPO2",0.000103433240417836,-0.123882002521302,0.175,0.199,1
"ENSG00000224848","ENSG00000224848",0.000103570390031914,0.446233899144488,0.075,0.061,1
"PI15","PI15",0.000103698912545636,0.896461113641801,0.012,0.007,1
"RTP5","RTP5",0.000104111270168942,-0.780593616280969,0.009,0.016,1
"ENSG00000239791","ENSG00000239791",0.000104337602534021,0.729656695522763,0.016,0.009,1
"EIF2AK1","EIF2AK1",0.000104946155479653,-0.130690169838197,0.147,0.17,1
"ENSG00000284341","ENSG00000284341",0.000104980325306989,-0.97308696313218,0.009,0.015,1
"TMEM237","TMEM237",0.000105623264617469,-0.304394209945154,0.035,0.047,1
"LASP1NB","LASP1NB",0.000106540733488034,-0.389776975693561,0.035,0.047,1
"SLC35D4","SLC35D4",0.000107100121863376,0.324674045605217,0.134,0.116,1
"TRAF3IP2","TRAF3IP2",0.000107328916932803,0.39574235480167,0.07,0.056,1
"LINC00665","LINC00665",0.000107613410881319,-0.364039146199418,0.056,0.071,1
"PSMD11","PSMD11",0.00010811844265788,-0.125500792471024,0.241,0.268,1
"IPO7","IPO7",0.000109038927958271,0.198756495281778,0.261,0.238,1
"ENSG00000255292","ENSG00000255292",0.00010966542338263,0.49640392498426,0.044,0.032,1
"ADK","ADK",0.000109786614767183,0.206932636272107,0.532,0.521,1
"GMCL1","GMCL1",0.000110032832138803,-0.136567343384336,0.171,0.195,1
"TEX30","TEX30",0.000110188591083065,0.45304903007214,0.032,0.023,1
"ZNF232","ZNF232",0.000110349333317635,-0.306717619705822,0.037,0.049,1
"CTDSPL","CTDSPL",0.00011060612004897,-0.128561999037998,0.201,0.227,1
"ENSG00000274712","ENSG00000274712",0.000110796655425079,0.402546318384196,0.043,0.032,1
"HSF4","HSF4",0.000111580658356596,-0.345552813171285,0.042,0.055,1
"MBD3","MBD3",0.000111740769752002,0.297229665624978,0.104,0.087,1
"EPB41L5","EPB41L5",0.000111808769244991,-0.160433299113819,0.178,0.202,1
"MATN1-AS1","MATN1-AS1",0.000112099131946071,-0.45529860402938,0.03,0.041,1
"FBXW5","FBXW5",0.000112109057060964,0.270039666111779,0.131,0.112,1
"PIH1D1","PIH1D1",0.000112338131132182,0.297946170628724,0.092,0.076,1
"ZFP62","ZFP62",0.000112632217344944,0.454292232730777,0.066,0.053,1
"PASK","PASK",0.000114450242010871,0.80751993697064,0.015,0.009,1
"ENSG00000255663","ENSG00000255663",0.00011487227203586,0.813150515566138,0.018,0.011,1
"SRSF10","SRSF10",0.00011506085119986,0.196328857102987,0.295,0.273,1
"PLBD2","PLBD2",0.000115220008768126,-0.221320503785098,0.129,0.15,1
"PSMC6","PSMC6",0.000116216733850077,-0.176736639394696,0.177,0.2,1
"ENSG00000284952","ENSG00000284952",0.000116576724163637,1.09897685110839,0.013,0.007,1
"POU5F1","POU5F1",0.00011702319537478,0.637613266407629,0.02,0.013,1
"TOM1L1","TOM1L1",0.000118545400683772,0.279681980429201,0.091,0.075,1
"SEPHS2","SEPHS2",0.00011871655925436,0.46871763394652,0.043,0.032,1
"GPR137","GPR137",0.0001192630701165,0.339210967695958,0.085,0.07,1
"ENSG00000274029","ENSG00000274029",0.000119670410471,0.64704872332814,0.02,0.013,1
"TENT5A","TENT5A",0.000120236345343737,0.221365370996302,0.061,0.047,1
"NANP","NANP",0.000120383036938006,0.977772380032283,0.015,0.009,1
"E2F6","E2F6",0.000120617606548294,0.339846149469004,0.091,0.075,1
"ADISSP","ADISSP",0.000121668606310661,0.486263808999648,0.042,0.031,1
"RMC1","RMC1",0.000122685888967652,0.339306871667017,0.143,0.125,1
"ENSG00000167747","ENSG00000167747",0.000123232517109602,-0.304859057004872,0.023,0.033,1
"ENSG00000229017","ENSG00000229017",0.000123438183179261,-0.584210848065806,0.018,0.027,1
"AHCTF1","AHCTF1",0.000123474806369704,0.185051854213935,0.313,0.29,1
"CCDC181","CCDC181",0.00012375164203568,-0.57661519894847,0.016,0.025,1
"NIPA2","NIPA2",0.000123788441099006,0.344569912284943,0.121,0.104,1
"CREB1","CREB1",0.000124207102414318,0.215150473360321,0.36,0.338,1
"RAB28","RAB28",0.000124304026831034,-0.116098627672566,0.301,0.331,1
"LOC105370947","LOC105370947",0.000124731647796341,-0.302765686507779,0.052,0.066,1
"LINC00847","LINC00847",0.000125013961633674,0.423003088956058,0.046,0.035,1
"LOC107986178","LOC107986178",0.000125377846589021,0.98641719921451,0.017,0.01,1
"PTPN7","PTPN7",0.000125772540021983,0.664089794299484,0.04,0.03,1
"ENSG00000251279","ENSG00000251279",0.000126188493121679,-0.369253426080298,0.042,0.055,1
"ZNF490","ZNF490",0.000126561289089519,0.248374241282132,0.124,0.106,1
"DUSP22","DUSP22",0.000126922849387382,0.277888784800785,0.201,0.182,1
"ARMH1","ARMH1",0.000127046889079135,0.344245108585998,0.058,0.045,1
"NIT1","NIT1",0.000127742493918398,0.369046576772371,0.085,0.07,1
"CNTN1","CNTN1",0.00012836354485912,-0.252285097541906,0.186,0.208,1
"ZSCAN31","ZSCAN31",0.000128487495838068,-0.460273990978803,0.051,0.064,1
"ZNF674","ZNF674",0.000128530730955543,-0.286846346208294,0.049,0.063,1
"DARS2","DARS2",0.000128588847761723,0.490295997024716,0.043,0.032,1
"NPAS1","NPAS1",0.000128625908222471,0.884560643388257,0.01,0.005,1
"ENSG00000278291","ENSG00000278291",0.000128699621587642,0.373591732513299,0.043,0.032,1
"ARL6","ARL6",0.000129077958660481,-0.264930836513277,0.081,0.097,1
"ENSG00000233864","ENSG00000233864",0.000129358834136266,0.27870011533124,0.111,0.094,1
"ZNF345","ZNF345",0.000129478327920297,-0.162554455631075,0.18,0.203,1
"SLC25A21","SLC25A21",0.000129503283984696,-0.440875360131403,0.019,0.028,1
"CLCN6","CLCN6",0.000129505635916303,0.325771804427788,0.115,0.097,1
"DRG1","DRG1",0.00013079379497049,-0.164417152042252,0.142,0.163,1
"ZNF585B","ZNF585B",0.000131015782122724,-0.957078136499758,0.006,0.012,1
"LOC107985126","LOC107985126",0.000131396984241664,-0.702653556462951,0.007,0.013,1
"CATIP-AS2","CATIP-AS2",0.000132004167141727,0.865987084406544,0.01,0.005,1
"ZBTB37","ZBTB37",0.000132026136208029,0.243315242715026,0.282,0.261,1
"TAF1A","TAF1A",0.000132213812811736,0.620289725791434,0.049,0.038,1
"ENSG00000249258","ENSG00000249258",0.000132525636482685,0.575339821327026,0.035,0.025,1
"PMS2","PMS2",0.000132583734734131,-0.158815870404236,0.074,0.091,1
"MIDN","MIDN",0.000132793269469563,-0.187205033939902,0.122,0.142,1
"CTNNA2","CTNNA2",0.000132940937521485,-0.242086552463715,0.304,0.327,1
"SYNAGE","SYNAGE",0.000133265994116742,0.600602692922526,0.025,0.016,1
"MRPL45","MRPL45",0.000133281839016822,-0.290244159297185,0.079,0.096,1
"ENSG00000266978","ENSG00000266978",0.000133717411562627,1.09687052757988,0.01,0.005,1
"ZNF287","ZNF287",0.000133809685206033,-0.402738133853195,0.034,0.046,1
"PGM2L1","PGM2L1",0.000134208661708478,0.601775221074238,0.047,0.036,1
"LOC102724159","LOC102724159",0.00013424301811777,0.689544639042992,0.022,0.014,1
"PCBP1","PCBP1",0.000134709618266256,0.244235782530654,0.225,0.204,1
"CCDC71L","CCDC71L",0.000136236208699592,0.98508085151233,0.018,0.011,1
"ENSG00000224795","ENSG00000224795",0.000136436523486959,-0.43646703354587,0.04,0.052,1
"PELP1","PELP1",0.000137513530202512,-0.213783245325372,0.099,0.118,1
"LSM7","LSM7",0.000137657267202874,0.309447936078303,0.138,0.119,1
"SUDS3","SUDS3",0.000137785326632077,-0.19986836434314,0.13,0.15,1
"TXN","TXN",0.000138532087888865,-0.235207099868485,0.057,0.072,1
"ABRAXAS1","ABRAXAS1",0.000138594948408133,-0.429062939169664,0.041,0.054,1
"ZNF384","ZNF384",0.000139005641607984,0.437908253718469,0.07,0.056,1
"RAN","RAN",0.000139586594263958,0.290039203896132,0.11,0.093,1
"NSMCE1-DT","NSMCE1-DT",0.000139749965914687,-0.33945560503567,0.045,0.058,1
"RBM15-AS1","RBM15-AS1",0.000140179209258789,0.637913014419991,0.03,0.021,1
"PPP1R3E","PPP1R3E",0.000140646838552793,-0.165794369252103,0.138,0.159,1
"SLC22A4","SLC22A4",0.000140648198805401,-0.435922571082927,0.018,0.027,1
"RAB14","RAB14",0.000142584111313207,0.206904698171749,0.343,0.323,1
"MED10","MED10",0.000142623777008406,-0.231781986292925,0.09,0.108,1
"ENSG00000260981","ENSG00000260981",0.000143289127223299,-1.08701368557009,0.005,0.01,1
"DNASE1","DNASE1",0.000143695535904706,0.226211067013478,0.223,0.201,1
"ZFP2","ZFP2",0.000143998552689866,-0.209400992717042,0.083,0.1,1
"MGST3","MGST3",0.000144222674707008,0.243264097632501,0.302,0.284,1
"ZNF441","ZNF441",0.000145757768346791,-0.357855820778767,0.024,0.033,1
"IFI35","IFI35",0.000146297614248408,0.643684887031632,0.02,0.013,1
"EIF4E","EIF4E",0.00014634754122784,0.248577293555296,0.245,0.224,1
"SIDT2","SIDT2",0.000146754096526826,-0.1626960535327,0.141,0.163,1
"DIDO1","DIDO1",0.000147408830533592,0.203861139609229,0.305,0.283,1
"CPXM2","CPXM2",0.000147908449400097,-0.265263143396887,0.066,0.082,1
"TTC8","TTC8",0.000148135873221013,-0.295158333299053,0.072,0.088,1
"RHOF","RHOF",0.000148225819814907,0.660399285508146,0.016,0.01,1
"KLHL1","KLHL1",0.000148295906538262,-0.476015752545009,0.071,0.086,1
"ENSG00000239462","ENSG00000239462",0.000148716096594658,-0.800150645916423,0.01,0.017,1
"NEK4","NEK4",0.0001488270553171,0.220046911510122,0.151,0.131,1
"ANXA4","ANXA4",0.000148949747473108,-0.124549832760594,0.358,0.384,1
"KLF12","KLF12",0.000149454654308032,0.121660686371509,0.242,0.218,1
"PTPRN2","PTPRN2",0.00015058578214802,-0.391547036234558,0.147,0.165,1
"YPEL4","YPEL4",0.000151375511758319,-0.408351376099717,0.037,0.049,1
"TMEM81","TMEM81",0.000151391162766813,0.643257293524929,0.013,0.007,1
"MMP17","MMP17",0.000152460578240384,-0.32637184190712,0.056,0.07,1
"SPSB1","SPSB1",0.000152814545326489,-0.111125153596673,0.201,0.226,1
"TRIB2","TRIB2",0.000152903250205314,-0.444289017083233,0.035,0.047,1
"SEMA4G","SEMA4G",0.000154896991332069,-0.664545836319191,0.024,0.034,1
"JAG2","JAG2",0.000155442913649116,0.827412435140377,0.017,0.01,1
"KCNJ3","KCNJ3",0.000155479790312008,-0.579098279203499,0.024,0.033,1
"TMED4","TMED4",0.000155627648908709,-0.139685434970197,0.155,0.178,1
"KLRD1","KLRD1",0.000156679942046836,0.38115653961887,0.061,0.048,1
"GSTM2","GSTM2",0.000158199502262298,0.838090195188151,0.015,0.009,1
"TAF9B","TAF9B",0.000158527910160879,-0.361973919111181,0.04,0.052,1
"ZNF346","ZNF346",0.000158550980914563,-0.157388017756553,0.149,0.171,1
"WDR49","WDR49",0.000158963059904834,0.88793564484203,0.017,0.01,1
"BBIP1","BBIP1",0.000158992927895273,-0.1297343444999,0.204,0.23,1
"KNSTRN","KNSTRN",0.000159417377403747,0.715999439939651,0.029,0.02,1
"TNFRSF11A","TNFRSF11A",0.000159479945399529,0.618332923898131,0.021,0.014,1
"SNX29","SNX29",0.000160683648232678,0.148505442921274,0.695,0.69,1
"SNRPC","SNRPC",0.000160991992584809,-0.155742953774624,0.083,0.1,1
"NBPF3","NBPF3",0.000161196094192379,0.259278892754515,0.073,0.058,1
"ADAMTS8","ADAMTS8",0.000161348594086176,-0.530065555832127,0.019,0.027,1
"CLOCK","CLOCK",0.000161895855690753,0.186642489500203,0.35,0.326,1
"MIAT","MIAT",0.000162182681360878,-0.491905392592242,0.038,0.05,1
"PPP1R10","PPP1R10",0.000163037547545946,0.194676069184335,0.228,0.205,1
"GNPDA1","GNPDA1",0.000163544505713089,0.414109077974335,0.082,0.067,1
"STAT5B","STAT5B",0.000164549695714965,0.169975066866102,0.357,0.334,1
"TMEM252-DT","TMEM252-DT",0.00016539921248313,1.36719021326513,0.01,0.005,1
"ENSG00000270316","ENSG00000270316",0.000165429962401537,0.45111867936534,0.072,0.058,1
"RAD54L","RAD54L",0.000165512600044628,0.663595597652555,0.021,0.014,1
"CNRIP1","CNRIP1",0.000166537258219623,-0.178782693501772,0.087,0.104,1
"TRIQK","TRIQK",0.000166586320828184,-0.195086484397707,0.187,0.21,1
"HPF1","HPF1",0.000166710236575422,-0.195203357861605,0.133,0.153,1
"ATP5ME","ATP5ME",0.00016713597813269,0.218099999353179,0.279,0.258,1
"ENSG00000248993","ENSG00000248993",0.000167428388105837,1.01946192563839,0.012,0.006,1
"SLC44A2","SLC44A2",0.000167480317847828,-0.143320274179841,0.147,0.169,1
"SF3A3","SF3A3",0.000167710862528292,0.2602546157858,0.113,0.095,1
"MEMO1","MEMO1",0.000168097281919643,0.388933298185972,0.109,0.093,1
"TFR2","TFR2",0.000168112871240513,0.812148001793827,0.013,0.007,1
"ENSG00000231901","ENSG00000231901",0.000168313401889722,-0.847065201919033,0.008,0.014,1
"RGPD1","RGPD1",0.000168596538233763,0.657436329697927,0.013,0.007,1
"CXXC1","CXXC1",0.000168609653329934,0.359091573026992,0.088,0.073,1
"SRSF12","SRSF12",0.000169057089865489,0.563837533426314,0.028,0.019,1
"GPATCH2","GPATCH2",0.00016957415809563,-0.115492642323325,0.173,0.197,1
"C15orf61","C15orf61",0.000171634961155355,0.575489762745215,0.037,0.027,1
"PHF11","PHF11",0.000171803434612985,0.291982610900874,0.172,0.152,1
"SCYL3","SCYL3",0.00017222022403417,-0.174338984532793,0.086,0.104,1
"NCSTN","NCSTN",0.000172519479888178,0.332982798411345,0.13,0.112,1
"ENSG00000131152","ENSG00000131152",0.000172904074747997,0.492517933130584,0.034,0.025,1
"DSTN","DSTN",0.000173747498712456,-0.11138281024396,0.203,0.228,1
"SLC39A1","SLC39A1",0.000173801737053189,0.462135422964002,0.066,0.053,1
"RSF1","RSF1",0.000174932823527446,0.137030859794463,0.547,0.529,1
"TAF1B","TAF1B",0.000175032519564017,0.288461981222243,0.149,0.13,1
"MTBP","MTBP",0.000175394461889561,-0.258120307906068,0.054,0.068,1
"ENSG00000227598","ENSG00000227598",0.000175519688908089,-0.20333616734222,0.059,0.073,1
"ENSG00000248510","ENSG00000248510",0.000176028234876069,-0.81889905730312,0.011,0.018,1
"PIGV","PIGV",0.000176767300421087,0.392480727929449,0.038,0.028,1
"ENSG00000267168","ENSG00000267168",0.000177031597686085,0.960022192499987,0.018,0.011,1
"ENSG00000254235","ENSG00000254235",0.000177256656343319,1.16933675311903,0.013,0.007,1
"FBN3","FBN3",0.000177640394041382,-0.595712620971006,0.02,0.029,1
"PPP2R1A","PPP2R1A",0.0001779020195089,-0.116288341759743,0.198,0.222,1
"RAD51B","RAD51B",0.000178036024099547,0.152543347145481,0.59,0.575,1
"ENSG00000277767","ENSG00000277767",0.000178219973545533,0.933217380741758,0.011,0.006,1
"ZNF213","ZNF213",0.000178298204995637,-0.339998594473941,0.054,0.068,1
"TSC1","TSC1",0.000178934996969703,-0.103068189905013,0.235,0.262,1
"SEC31B","SEC31B",0.00017939233233794,0.371877356337459,0.105,0.089,1
"PHYHD1","PHYHD1",0.000179824332272582,0.690600822319723,0.016,0.009,1
"FH","FH",0.000180749819037549,-0.292115267250403,0.052,0.066,1
"ENSG00000249898","ENSG00000249898",0.000181014059391417,0.280186915756384,0.157,0.138,1
"PPP2R5B","PPP2R5B",0.000181676004013565,-0.178224992378369,0.119,0.138,1
"USHBP1","USHBP1",0.000181776858029023,0.485894070847682,0.027,0.018,1
"CDC34","CDC34",0.0001848778728998,-0.309433095639822,0.06,0.074,1
"SNHG8","SNHG8",0.000185045098830746,0.372497440933994,0.063,0.05,1
"WWTR1","WWTR1",0.000185896534579098,0.292156579130912,0.128,0.11,1
"LRRC61","LRRC61",0.000186156543108989,0.639483669889236,0.024,0.016,1
"TMEM134","TMEM134",0.000186239990570843,-0.254829693695032,0.068,0.083,1
"TMEM161B","TMEM161B",0.000186395131805907,-0.109170727973658,0.203,0.228,1
"LENG9","LENG9",0.000187200457768222,0.777884804965804,0.028,0.02,1
"ZFAS1","ZFAS1",0.000188074694303223,0.244505338148461,0.134,0.116,1
"JRKL","JRKL",0.000188092829360488,0.482073989428275,0.051,0.04,1
"ZIM2","ZIM2",0.000188420371981308,-0.530249815505241,0.024,0.034,1
"ATP5PF","ATP5PF",0.000188580704122142,0.294450119361529,0.167,0.148,1
"PIN1","PIN1",0.000188716375544259,-0.172442317571362,0.104,0.123,1
"PCDHB9","PCDHB9",0.000189177028192731,-0.728188795900837,0.006,0.012,1
"WDR82","WDR82",0.000189260789193131,0.266088863839883,0.183,0.164,1
"SLC6A11","SLC6A11",0.000189324999708084,-0.416682103685123,0.021,0.031,1
"COMMD10","COMMD10",0.00018974149111987,0.184415844349367,0.524,0.513,1
"PRR16","PRR16",0.000189793855682195,1.02670292362587,0.015,0.009,1
"AP4B1","AP4B1",0.000190327350795245,-0.19014437035317,0.051,0.064,1
"ENSG00000267191","ENSG00000267191",0.00019073986851329,-0.351181869637802,0.033,0.044,1
"CYP39A1","CYP39A1",0.00019094305873926,0.590011306123556,0.045,0.034,1
"SETD4","SETD4",0.000190961214264193,-0.235142378344079,0.136,0.156,1
"DDX20","DDX20",0.000195129570522029,0.731403276016348,0.036,0.026,1
"CDC42","CDC42",0.000195667122069687,0.189278006123384,0.36,0.342,1
"HINT2","HINT2",0.000195737696173309,-0.366038010581033,0.024,0.034,1
"CCDC90B","CCDC90B",0.000195957454750238,0.266935209188536,0.19,0.17,1
"BTG3","BTG3",0.000196674838726531,-0.211892769466201,0.083,0.099,1
"CHAD","CHAD",0.000197353094340748,0.898039240653289,0.012,0.007,1
"LINC02731","LINC02731",0.00019798105889885,0.759498035741959,0.012,0.007,1
"ATG2A","ATG2A",0.000198755874136651,-0.254902067575834,0.058,0.072,1
"MRPS30","MRPS30",0.000199108727445301,0.374577699981614,0.08,0.065,1
"GEMIN5","GEMIN5",0.000199350836190583,-0.198093368415718,0.093,0.111,1
"TM7SF3","TM7SF3",0.000199368591005776,0.225525054513953,0.216,0.195,1
"H6PD","H6PD",0.000199452310826156,-0.110971891260012,0.135,0.156,1
"SEPTIN3","SEPTIN3",0.000199470110737957,0.541930502142028,0.049,0.037,1
"ENSG00000255073","ENSG00000255073",0.000199756850288139,1.03349651452021,0.01,0.005,1
"FRS3","FRS3",0.00020029301532481,-0.476153917368705,0.021,0.03,1
"ENSG00000258181","ENSG00000258181",0.000200348134057442,0.507187101820151,0.014,0.008,1
"PILRB","PILRB",0.000200664029467493,-0.118358491710911,0.161,0.184,1
"ATXN2L","ATXN2L",0.000201206122496034,0.211053991839619,0.186,0.166,1
"PRELID1","PRELID1",0.000201238714844353,0.35387085519038,0.076,0.062,1
"FMN2","FMN2",0.000201386430101773,-0.167599143125262,0.152,0.174,1
"LINC02613","LINC02613",0.000201508976460405,-1.29968934981583,0.005,0.01,1
"PRDM8","PRDM8",0.000201567040860795,-0.26326885069665,0.051,0.065,1
"MTMR4","MTMR4",0.000202223899909671,0.22051446612417,0.21,0.189,1
"ENSG00000203546","ENSG00000203546",0.000202260144542018,-0.176667585552876,0.152,0.174,1
"DHRS13","DHRS13",0.000203040398425971,0.499945859756694,0.025,0.017,1
"REEP4","REEP4",0.000203461574483173,0.482634162627164,0.034,0.024,1
"MYT1","MYT1",0.000203757568841651,-0.378738422314196,0.111,0.128,1
"RAB33A","RAB33A",0.000203845913184856,-0.274460621600625,0.065,0.08,1
"USF3","USF3",0.000204625559649463,0.270753622211839,0.178,0.158,1
"CACNA1B","CACNA1B",0.000204657491040125,-0.508268787603946,0.019,0.028,1
"TOB1","TOB1",0.000204818151895968,-0.229724155540074,0.106,0.124,1
"RGS6","RGS6",0.000205466622872642,1.31673261786506,0.038,0.028,1
"TMEM154","TMEM154",0.000205488848774145,0.53903894509106,0.032,0.023,1
"NDUFC2-KCTD14","NDUFC2-KCTD14",0.000205617796317089,1.03537145628205,0.015,0.009,1
"ENSG00000234281","ENSG00000234281",0.000206010506279,-0.308648852401004,0.061,0.076,1
"ENSG00000167807","ENSG00000167807",0.00020671336406571,0.816176144299677,0.011,0.006,1
"GNS","GNS",0.000207090332000754,0.282751383416843,0.165,0.146,1
"VMO1","VMO1",0.000207749130752285,0.977726208054845,0.011,0.006,1
"ALDH6A1","ALDH6A1",0.000207870025440724,-0.135232200311197,0.179,0.202,1
"RANGAP1","RANGAP1",0.000207931620813104,0.241789593255164,0.238,0.217,1
"SYS1-DBNDD2","SYS1-DBNDD2",0.000208539893960001,-0.283152129673266,0.038,0.05,1
"KLHDC9","KLHDC9",0.000208543884810944,-1.03159397226851,0.006,0.012,1
"MLLT1","MLLT1",0.000208551036158034,0.264752961535154,0.143,0.124,1
"PLPPR2","PLPPR2",0.000210206138532377,-0.300027231018167,0.057,0.071,1
"ARMC2","ARMC2",0.000211372269031051,-0.170364902516106,0.105,0.124,1
"TMEM192","TMEM192",0.000212292369151996,-0.179294188254947,0.189,0.212,1
"GALNT7","GALNT7",0.00021274931628817,0.22201425229952,0.324,0.307,1
"MISP3","MISP3",0.000214326129863249,-0.368964422880896,0.032,0.043,1
"MRPS34","MRPS34",0.000214603150229614,-0.205962954415001,0.1,0.118,1
"PBDC1","PBDC1",0.000215063158040615,0.598630856572773,0.026,0.017,1
"CMPK1","CMPK1",0.000215080581691165,0.304599414122832,0.153,0.134,1
"ENSG00000257151","ENSG00000257151",0.000215569959991831,-0.100970906765573,0.216,0.242,1
"ZDBF2","ZDBF2",0.000218291073137866,0.314272249798011,0.063,0.05,1
"HRH1","HRH1",0.00021857612942252,0.883199108133883,0.015,0.009,1
"REEP6","REEP6",0.000218806478594012,-0.815671524468963,0.007,0.013,1
"ENSG00000269807","ENSG00000269807",0.000218955907546295,0.663602116380947,0.012,0.007,1
"LINC01409","LINC01409",0.000219192035077911,-0.144351402586998,0.14,0.161,1
"GPR155","GPR155",0.000220541532296274,0.266092095276854,0.246,0.227,1
"UBA5","UBA5",0.000220572560494196,-0.185392091360185,0.117,0.136,1
"SEC31A","SEC31A",0.000221480224441986,0.158190064677191,0.39,0.367,1
"ENSG00000232348","ENSG00000232348",0.000222308841924182,-0.403083830459265,0.026,0.036,1
"CAPS","CAPS",0.000222754331709329,0.31562425706385,0.099,0.083,1
"SHISA7","SHISA7",0.000224184422645803,-0.267005269197138,0.109,0.126,1
"BLTP2","BLTP2",0.000224343932881259,0.285516003751672,0.168,0.15,1
"MAPRE1","MAPRE1",0.000224394623184103,0.342521088849499,0.093,0.078,1
"ERMARD","ERMARD",0.000225243242551355,-0.173858287546881,0.107,0.126,1
"ANAPC1","ANAPC1",0.000225333997880964,-0.118516264210932,0.29,0.316,1
"TLCD4-RWDD3","TLCD4-RWDD3",0.000226559702893325,-0.523128382128038,0.012,0.019,1
"LINC02649","LINC02649",0.000227232858034886,-0.305556579096968,0.056,0.07,1
"ENSG00000284644","ENSG00000284644",0.000227604940081392,1.11388764054374,0.011,0.006,1
"FBXO4","FBXO4",0.000227969771438144,-0.230335071087397,0.052,0.066,1
"CCDC59","CCDC59",0.000228122902001838,0.3085470279807,0.183,0.165,1
"ANAPC4","ANAPC4",0.000228146133919833,-0.12284502411202,0.209,0.234,1
"RANBP1","RANBP1",0.000228798409927733,-0.225435703727749,0.057,0.071,1
"DTD1","DTD1",0.000229171422844158,-0.221996060601421,0.054,0.068,1
"SDR39U1","SDR39U1",0.000229643548609521,0.336694610668077,0.094,0.079,1
"FAM89B","FAM89B",0.000231914929018183,0.362921937996763,0.071,0.057,1
"BCL9","BCL9",0.000232685594650296,-0.200716325018244,0.102,0.12,1
"KIF24","KIF24",0.000232698145461791,-0.625504957680216,0.006,0.011,1
"IL18BP","IL18BP",0.000233038597696361,1.02367583143298,0.014,0.008,1
"NFIC","NFIC",0.000233302142683711,0.161928952510891,0.469,0.458,1
"PSMG3","PSMG3",0.000234269366013686,0.47703719057984,0.041,0.03,1
"NOP16","NOP16",0.000234451058611091,0.872055315192053,0.018,0.011,1
"GMNN","GMNN",0.000235590553661725,0.494039660246075,0.039,0.029,1
"KCTD13","KCTD13",0.000236584381398671,-0.113231991644534,0.174,0.198,1
"DUS4L","DUS4L",0.000236884160658797,-0.438226463095154,0.032,0.043,1
"BAMBI","BAMBI",0.000236993695211345,0.343502011826627,0.069,0.056,1
"USP45","USP45",0.000237240818835666,0.228479008187445,0.215,0.194,1
"LOC105371956","LOC105371956",0.000238644136736757,0.500415861409432,0.024,0.016,1
"NPAT","NPAT",0.000238906952323537,0.229251130206079,0.179,0.159,1
"CEP85","CEP85",0.000241208963551516,-0.153435810287581,0.15,0.171,1
"TTC3-AS1","TTC3-AS1",0.000243130603954833,0.784029670057136,0.011,0.006,1
"SEC22C","SEC22C",0.000243861062454615,-0.198481007894,0.159,0.179,1
"ST8SIA5","ST8SIA5",0.000244018033813367,-0.229216897369447,0.084,0.101,1
"BBS7","BBS7",0.000244826849149914,-0.223683182391285,0.098,0.115,1
"ENSG00000263590","ENSG00000263590",0.000244867459078395,0.584319438725995,0.025,0.017,1
"FAM200C","FAM200C",0.000245225922161374,-0.371820474605268,0.052,0.065,1
"COPS3","COPS3",0.000245541005814434,-0.262759141009616,0.077,0.093,1
"NOP14","NOP14",0.000246089849235173,0.411216148766197,0.064,0.051,1
"PAOX","PAOX",0.000246515706738972,0.401815156073612,0.052,0.041,1
"FKBP9","FKBP9",0.000247873582448392,-0.21429658387251,0.058,0.072,1
"TERB1","TERB1",0.000248587863083221,-0.893119546871047,0.005,0.01,1
"UBAP1","UBAP1",0.000248690599843869,0.213596637405471,0.301,0.28,1
"ZW10","ZW10",0.000249377269134457,-0.178549526769404,0.08,0.096,1
"KALRN","KALRN",0.000249767700920385,-0.180681993704489,0.186,0.209,1
"STUM","STUM",0.000249917576268841,-0.6565128504821,0.012,0.018,1
"ADARB2","ADARB2",0.00025153291310767,0.162604427617619,0.569,0.583,1
"GTF2B","GTF2B",0.000251817165070458,0.288400854654561,0.15,0.132,1
"ENSG00000272677","ENSG00000272677",0.000253337214642325,-0.362700125069536,0.03,0.04,1
"ZC3H18","ZC3H18",0.00025395435662798,0.225643667217542,0.171,0.151,1
"PLCB1","PLCB1",0.000254197669091352,-0.352284771412846,0.169,0.188,1
"TUSC3","TUSC3",0.000255227397514267,-0.328923286521464,0.048,0.061,1
"CNNM4","CNNM4",0.000256212267929021,-0.184404776392867,0.073,0.089,1
"EXOSC7","EXOSC7",0.000256348650903377,0.420749808486219,0.082,0.067,1
"CD274","CD274",0.000256814331308065,0.972924675081983,0.013,0.008,1
"BIN3","BIN3",0.00025698537512234,0.330694483971699,0.108,0.092,1
"NCMAP","NCMAP",0.000256995469346114,0.879290817830536,0.029,0.02,1
"RIC3","RIC3",0.000256996029727868,-0.161973215370164,0.178,0.2,1
"ZNF157","ZNF157",0.0002573000238164,-0.583105300527145,0.016,0.024,1
"HBP1","HBP1",0.000258625020063634,0.152757704505755,0.374,0.353,1
"NEMP2","NEMP2",0.000258708765757313,-0.342170081657053,0.033,0.043,1
"DPH3","DPH3",0.000259686333023204,0.508246650013119,0.032,0.023,1
"CADPS","CADPS",0.000260540330283478,-0.152389769919944,0.127,0.146,1
"ZNF449","ZNF449",0.000260865356080994,-0.472647873620875,0.038,0.049,1
"H2AX","H2AX",0.000262373158807594,0.351609062969757,0.103,0.088,1
"BCAP31","BCAP31",0.00026351857936756,0.258178770642139,0.133,0.115,1
"ZNF24","ZNF24",0.000263904696752563,0.181863023894153,0.321,0.3,1
"ARHGEF2","ARHGEF2",0.000264323547177264,-0.102046829761638,0.427,0.452,1
"CTSL","CTSL",0.000265597792749128,0.330420207982127,0.134,0.117,1
"MYBL1","MYBL1",0.000265739596435854,-0.241486113787901,0.043,0.055,1
"ZNF19","ZNF19",0.000266083119336566,-0.967206486663975,0.005,0.01,1
"SRPK1","SRPK1",0.000266862576758791,0.246996531380514,0.197,0.177,1
"ZNF540","ZNF540",0.000268314727515887,-0.111694110196173,0.114,0.133,1
"ENSG00000272305","ENSG00000272305",0.000269573806525035,-0.330918732790336,0.032,0.043,1
"LDHB","LDHB",0.000270054662617372,0.19082201374568,0.197,0.176,1
"DGUOK-AS1","DGUOK-AS1",0.000270799435176186,0.958626777626624,0.017,0.01,1
"PABPC5","PABPC5",0.000271007157807584,-0.498985029755498,0.02,0.028,1
"SMPDL3A","SMPDL3A",0.000271271859994629,-0.439112898672963,0.028,0.038,1
"ENSG00000259354","ENSG00000259354",0.000273369104074919,0.710265238222983,0.024,0.016,1
"EFR3A","EFR3A",0.0002739559285432,0.25067921807315,0.284,0.264,1
"GLYAT","GLYAT",0.000274394800496244,1.02881146403377,0.01,0.005,1
"CKAP4","CKAP4",0.000274547866424408,-0.242612065234727,0.047,0.06,1
"SPOP","SPOP",0.000274810133535196,0.220361508817928,0.303,0.285,1
"LACTB2-AS1","LACTB2-AS1",0.000275692453253983,0.701660327291531,0.012,0.007,1
"ZNF429","ZNF429",0.000275830447082594,-0.180908999086594,0.125,0.144,1
"UBL5","UBL5",0.000276285384800647,-0.204013372511093,0.091,0.108,1
"CCDC138","CCDC138",0.000276563486290471,-0.162850082910493,0.159,0.181,1
"TAF1","TAF1",0.000277774048467801,-0.10386520749535,0.33,0.358,1
"ENSG00000276087","ENSG00000276087",0.000277968920108855,-0.830010678695931,0.007,0.013,1
"LRAT","LRAT",0.000278781272514247,-0.726716074249054,0.009,0.016,1
"NACA2","NACA2",0.000279786615604783,0.797712645562304,0.025,0.017,1
"ARL3","ARL3",0.00027985683031498,-0.159323387151152,0.149,0.17,1
"GLA","GLA",0.00028159817835813,0.583917033382743,0.032,0.023,1
"RAE1","RAE1",0.00028217648957323,0.307602304840823,0.09,0.075,1
"TMCC1-DT","TMCC1-DT",0.000283686473026565,0.501791026990153,0.037,0.027,1
"PEX39","PEX39",0.000284438271630441,-0.3542178752761,0.03,0.04,1
"LRP2BP","LRP2BP",0.000284518704783489,-0.188405370572464,0.156,0.177,1
"SLC35D2-HSD17B3","SLC35D2-HSD17B3",0.000286071289777832,-0.267233184465267,0.074,0.089,1
"ENSG00000272146","ENSG00000272146",0.000287023555495497,-0.487789334621857,0.018,0.027,1
"DR1","DR1",0.000288403270545838,0.304295122960914,0.115,0.099,1
"LMO1","LMO1",0.000288641634606329,1.13357961598741,0.016,0.01,1
"ENSG00000231769","ENSG00000231769",0.000288692728247929,-0.274336825252689,0.043,0.055,1
"ZNF43","ZNF43",0.000288918826341962,-0.126308060411725,0.135,0.156,1
"NUCB1","NUCB1",0.000289297578688073,0.260598377846521,0.126,0.109,1
"TCEAL2","TCEAL2",0.000290602955072905,-0.371972608930841,0.033,0.044,1
"WDR37","WDR37",0.000291748172979041,0.215387978179127,0.319,0.299,1
"MEST","MEST",0.000292323082030315,0.473064910052245,0.053,0.041,1
"ZMYND12","ZMYND12",0.000292540846892995,-0.734029888761951,0.007,0.012,1
"SFXN1","SFXN1",0.000293654657148682,-0.106633261457408,0.263,0.29,1
"FSAF1","FSAF1",0.000294746071387443,-0.197839612720709,0.058,0.072,1
"LTC4S","LTC4S",0.000295359178441178,0.241988030229968,0.041,0.03,1
"CENPI","CENPI",0.000296236990469731,-0.454386732602047,0.022,0.031,1
"LRR1","LRR1",0.000298007109854167,0.592768735338662,0.024,0.017,1
"CCDC120","CCDC120",0.000298014433193933,0.836114237305958,0.015,0.009,1
"LINC00907","LINC00907",0.000299524891778517,-0.309527436634092,0.06,0.073,1
"PRAF2","PRAF2",0.00029993757987068,-0.406839390998774,0.054,0.067,1
"IL20RB","IL20RB",0.000300787612149976,0.693286732371513,0.021,0.014,1
"IFI27L1","IFI27L1",0.000303425942274212,-0.415449529759404,0.025,0.035,1
"RBMS2","RBMS2",0.00030432100031698,0.270372797126772,0.105,0.089,1
"ZNF565","ZNF565",0.000304472892263271,-0.114971820026973,0.286,0.312,1
"MTMR1","MTMR1",0.000304718189722448,-0.127210247026078,0.173,0.196,1
"ENO4","ENO4",0.000305347012562672,-0.258691169373535,0.096,0.113,1
"SNHG27","SNHG27",0.000307330350587924,-0.675764949277851,0.009,0.015,1
"ANKHD1-DT","ANKHD1-DT",0.00030782803094685,-0.189701080319583,0.095,0.112,1
"TRMO","TRMO",0.000307854900496722,-0.26822124013944,0.035,0.046,1
"SMYD5","SMYD5",0.000308085931926545,-0.325805354571849,0.03,0.04,1
"LINC03007","LINC03007",0.000309715747895565,0.168364729958794,0.05,0.038,1
"ENSG00000261420","ENSG00000261420",0.000309888375116802,-0.623833775464091,0.012,0.018,1
"CNTNAP5","CNTNAP5",0.000312130546354528,-0.294405828616045,0.152,0.17,1
"ANKRD12","ANKRD12",0.000313099261925005,0.101475240097099,0.744,0.74,1
"LDHC","LDHC",0.000313467187710198,-0.975303598476089,0.005,0.01,1
"TRUB2","TRUB2",0.000315285579455552,-0.23592168288098,0.063,0.077,1
"SPTY2D1","SPTY2D1",0.000316606757503377,0.35690595889702,0.061,0.049,1
"TSPYL5","TSPYL5",0.000318608726440404,-0.525939341753937,0.022,0.03,1
"RXRB","RXRB",0.000322751516368139,-0.267197174290938,0.061,0.075,1
"ZFPM1-AS1","ZFPM1-AS1",0.000323518244617625,-0.408375444347218,0.019,0.027,1
"SPMIP2","SPMIP2",0.000326815890508995,0.417422014424214,0.024,0.016,1
"ACBD4","ACBD4",0.000328148581102248,0.596096205298797,0.033,0.024,1
"ZNF641","ZNF641",0.000328613460886875,0.379401056867366,0.077,0.064,1
"RUSF1-DT","RUSF1-DT",0.000328738122228598,-0.768190227167997,0.008,0.014,1
"VPS26C","VPS26C",0.000328748135766923,0.240987297361948,0.185,0.166,1
"WNK2","WNK2",0.000330136038590281,-0.43462688034296,0.028,0.037,1
"RRN3","RRN3",0.000332833648722548,-0.19361592478925,0.114,0.132,1
"ACAA1","ACAA1",0.000333701368419452,0.255328756066745,0.174,0.155,1
"ACADSB","ACADSB",0.000334418232034727,-0.142837408716179,0.191,0.214,1
"ATG5","ATG5",0.000334572593479149,0.252556423764291,0.255,0.236,1
"LDAF1","LDAF1",0.000335063760421383,1.04013562313686,0.013,0.007,1
"AZIN1","AZIN1",0.000335773519921435,0.289703949871914,0.172,0.153,1
"LINC01931","LINC01931",0.000336274942147208,-0.69350548964993,0.005,0.01,1
"TRAF4","TRAF4",0.000336891587915047,-0.242137820461344,0.12,0.138,1
"RUFY1","RUFY1",0.000338662888759822,0.173013867654363,0.247,0.226,1
"TTLL3","TTLL3",0.000340962386274271,-0.350538978869658,0.032,0.042,1
"ERGIC3","ERGIC3",0.000341835986805696,-0.18410365786653,0.092,0.109,1
"SHISA5","SHISA5",0.000342364721577465,-0.202058804929732,0.076,0.092,1
"ENSG00000271727","ENSG00000271727",0.000342659740002223,-0.916558823782958,0.005,0.01,1
"CRBN","CRBN",0.000343405786904134,0.202246568512234,0.321,0.301,1
"ZNF169","ZNF169",0.000344232629769136,0.301216542111942,0.12,0.103,1
"PRMT6","PRMT6",0.000344814625954607,-0.498960482384808,0.011,0.017,1
"LINC00323","LINC00323",0.000346233126690681,0.56631295187906,0.04,0.03,1
"ENSG00000228352","ENSG00000228352",0.000346300302050995,0.947709225082654,0.011,0.006,1
"CASZ1","CASZ1",0.000346486500309587,0.773153411930728,0.012,0.007,1
"ENSG00000266049","ENSG00000266049",0.000346671005796953,0.412574119281066,0.061,0.049,1
"ZRANB1","ZRANB1",0.000347138476977082,0.190021934956949,0.242,0.221,1
"TNFRSF13C","TNFRSF13C",0.000347883467413768,0.651522342000517,0.016,0.01,1
"SCN2B","SCN2B",0.000347967152195996,-0.455655815198201,0.019,0.028,1
"PDHB","PDHB",0.000350078941166927,-0.347929960524394,0.064,0.079,1
"ADAMTS1","ADAMTS1",0.000350290113539234,-0.327829315880585,0.036,0.047,1
"SUSD5","SUSD5",0.000351097834576513,-0.282760149292749,0.05,0.062,1
"IFFO1","IFFO1",0.000353390121870551,0.249421116942571,0.097,0.081,1
"ENSG00000271427","ENSG00000271427",0.000353788542180301,0.84878719354813,0.011,0.006,1
"CHMP2B","CHMP2B",0.000356546691156441,-0.102916373494169,0.153,0.174,1
"ZNF728","ZNF728",0.000356913358740509,-0.52464507288853,0.014,0.021,1
"AP3B1","AP3B1",0.000357390759306364,0.15205733244863,0.596,0.586,1
"STK3","STK3",0.000358271315814509,0.139146047467042,0.558,0.547,1
"ENSG00000272994","ENSG00000272994",0.000359316384921112,-0.399706540474408,0.025,0.034,1
"ENSG00000250592","ENSG00000250592",0.000359342533971642,0.817466667663346,0.013,0.008,1
"TRIM46","TRIM46",0.000359648516816339,-0.30932276640645,0.036,0.047,1
"ARK2C","ARK2C",0.000359950606298489,-0.354312481928718,0.035,0.046,1
"REC8","REC8",0.000361977691622989,0.421216445869929,0.034,0.025,1
"NPHP3-ACAD11","NPHP3-ACAD11",0.000362069436359765,0.554707470578089,0.036,0.027,1
"OTUD3","OTUD3",0.000363594540515605,-0.225733146341402,0.082,0.098,1
"SMC6","SMC6",0.000364912924963842,-0.131192174701128,0.234,0.259,1
"WDR91","WDR91",0.000367227181800996,0.327721923682156,0.094,0.079,1
"HSPA14","HSPA14",0.000367872270841466,0.421408141465257,0.06,0.047,1
"MRS2","MRS2",0.000368481608349411,0.305723601118189,0.108,0.092,1
"SPATA6L","SPATA6L",0.000368955449766272,-0.341273083246527,0.048,0.06,1
"FAM242A","FAM242A",0.000369246887747842,0.47176200963721,0.035,0.026,1
"IVNS1ABP","IVNS1ABP",0.000369712931633104,0.211507086226171,0.266,0.245,1
"PRXL2A","PRXL2A",0.000369847342434334,0.302133423449508,0.129,0.112,1
"IARS1","IARS1",0.000370362431211342,0.226768453400107,0.266,0.247,1
"PUS3","PUS3",0.000372578673170307,0.553562102741897,0.027,0.019,1
"ENSG00000267318","ENSG00000267318",0.000373926707207504,0.658040234322876,0.019,0.013,1
"ZSWIM7","ZSWIM7",0.000376351345929084,0.217229146643885,0.189,0.169,1
"AKAP8L","AKAP8L",0.000376486092469875,-0.111628528529164,0.273,0.3,1
"ENSG00000233058","ENSG00000233058",0.000377930621241519,-0.395073433248391,0.044,0.056,1
"NPDC1","NPDC1",0.000380024771083024,-0.683182530592322,0.011,0.017,1
"ALG13","ALG13",0.000380406057543002,0.254689107460302,0.339,0.324,1
"KLF16","KLF16",0.000382475441973508,0.443728317059838,0.03,0.022,1
"BNIP2","BNIP2",0.000382799322890418,0.227146297133047,0.183,0.164,1
"SLBP","SLBP",0.000383624766581381,0.326395906697958,0.085,0.071,1
"LRP11","LRP11",0.000383994395756398,-0.197846630935842,0.1,0.116,1
"PRDM15","PRDM15",0.000385602638098473,0.332102975380106,0.084,0.07,1
"LYRM7","LYRM7",0.000386359054262298,-0.191279951535313,0.132,0.151,1
"BLMH","BLMH",0.000389321382120068,0.403594573080296,0.128,0.112,1
"DRG2","DRG2",0.000392825743576613,0.324652111779763,0.079,0.065,1
"CCDC148","CCDC148",0.000393631405025159,-0.320434830192731,0.086,0.102,1
"ZNF514","ZNF514",0.000394031251337998,0.332418478502565,0.051,0.04,1
"EIF1AD","EIF1AD",0.000394593661007244,0.606460766121186,0.032,0.024,1
"SIPA1L1","SIPA1L1",0.000396014554495657,0.285507702179495,0.602,0.61,1
"TPTEP2-CSNK1E","TPTEP2-CSNK1E",0.000397216673693308,0.154588771308911,0.431,0.413,1
"NDRG4","NDRG4",0.000397810681010236,-0.288070091457662,0.037,0.048,1
"ENSG00000237705","ENSG00000237705",0.000399090368002938,0.734539445114119,0.015,0.009,1
"ENSG00000253394","ENSG00000253394",0.000400339097748985,0.312438056522242,0.035,0.026,1
"FAP","FAP",0.000400883635930974,0.74155396495957,0.021,0.014,1
"WIPF2","WIPF2",0.000402607968376495,0.188608252195753,0.289,0.269,1
"CYP46A1","CYP46A1",0.000404864323545821,-0.278396482310002,0.062,0.075,1
"MLEC","MLEC",0.000405021770958831,0.266984245957172,0.207,0.188,1
"NFU1","NFU1",0.000405866817498238,-0.140570167387402,0.117,0.136,1
"ENSG00000268170","ENSG00000268170",0.000409651718958367,-0.751254814019195,0.006,0.011,1
"AHR","AHR",0.000410156020253165,-0.746422429364937,0.011,0.017,1
"GUK1","GUK1",0.0004104836997996,-0.1641463188223,0.202,0.225,1
"DMBT1","DMBT1",0.000411481252710854,0.532213755351838,0.027,0.019,1
"UPP1","UPP1",0.000412569920902381,0.543825267822406,0.038,0.028,1
"TBC1D17","TBC1D17",0.000414058319239416,-0.168796138518215,0.158,0.179,1
"PCDHB12","PCDHB12",0.000415543366123836,-0.736072017067243,0.008,0.014,1
"RNF38","RNF38",0.000415854897069554,0.147471851654342,0.421,0.405,1
"ENSG00000254459","ENSG00000254459",0.000417900291021341,-0.230287861919617,0.079,0.094,1
"AP3S1","AP3S1",0.000418614168797096,0.255548876618922,0.224,0.204,1
"KLKB1","KLKB1",0.000419018706314192,0.391527493159381,0.049,0.038,1
"GTF2E1","GTF2E1",0.000424371955071051,0.464674491020018,0.051,0.04,1
"EFTUD2","EFTUD2",0.000426210241627294,-0.158807332120045,0.111,0.13,1
"ENSG00000258297","ENSG00000258297",0.000426370449672521,-0.35508323661646,0.022,0.031,1
"BNIPL","BNIPL",0.000426534859298458,0.967802855716221,0.014,0.009,1
"ALKBH7","ALKBH7",0.000426847458884333,-0.220726870309502,0.066,0.08,1
"TMSB4Y","TMSB4Y",0.000427370352797208,-0.740059759678479,0.012,0.018,1
"SGPP1","SGPP1",0.000427907932438246,0.203408451806997,0.295,0.276,1
"PRRT3","PRRT3",0.000428906777709689,-0.32275107612046,0.026,0.035,1
"BMP7","BMP7",0.000430489633818278,-0.161615924902859,0.16,0.18,1
"GJC3","GJC3",0.000431635300587665,-0.978432348739473,0.006,0.011,1
"SARM1","SARM1",0.00043175122909539,-0.127653639007246,0.127,0.146,1
"PARP3","PARP3",0.000432384442031073,-0.634575373400558,0.009,0.015,1
"LRGUK","LRGUK",0.000432649466806743,0.740926569210959,0.026,0.018,1
"LRRC39","LRRC39",0.000432714698156688,-0.406096687947631,0.036,0.047,1
"BCL2L1","BCL2L1",0.00043303325943881,0.169976899207525,0.443,0.431,1
"TASOR","TASOR",0.00043322175839953,0.177495641525726,0.411,0.395,1
"PSMD6-AS1","PSMD6-AS1",0.000433836492668149,0.848996969085441,0.016,0.01,1
"SMIM10L2B","SMIM10L2B",0.000436578470659749,-0.57506020926732,0.006,0.011,1
"ENSG00000283415","ENSG00000283415",0.00043815105681098,1.16800056042512,0.013,0.007,1
"TP53","TP53",0.000439172084133171,0.341665469071303,0.064,0.051,1
"RNF128","RNF128",0.000439488041003577,-0.430344192485666,0.029,0.039,1
"CEMIP","CEMIP",0.000439691601067079,-0.39652107088413,0.023,0.031,1
"EHF","EHF",0.000441535261438686,0.379634340920187,0.018,0.011,1
"TMEM62","TMEM62",0.000442040914931991,-0.161854799046743,0.153,0.174,1
"TMEM147-AS1","TMEM147-AS1",0.00044254596043796,-0.418055730451668,0.016,0.024,1
"ENSG00000263033","ENSG00000263033",0.000443007468812919,-0.340274301681562,0.028,0.038,1
"XRRA1","XRRA1",0.000444170136672983,-0.128795900978076,0.307,0.331,1
"CNBP","CNBP",0.000446549771223196,0.193632307567945,0.268,0.248,1
"DHTKD1","DHTKD1",0.000447555533798758,-0.106688618206647,0.19,0.214,1
"SLIRP-OT1","SLIRP-OT1",0.000448717720121674,0.624199154901985,0.026,0.018,1
"PSMC1","PSMC1",0.000448759623749807,-0.13800099082545,0.108,0.126,1
"NOVA1-DT","NOVA1-DT",0.000449766806511226,-0.118145402354477,0.104,0.122,1
"IFT70A","IFT70A",0.000450456961858868,-0.831761734016625,0.008,0.014,1
"DALRD3","DALRD3",0.000451959348980128,0.598288715578937,0.029,0.021,1
"PCGF6","PCGF6",0.000453312066643474,-0.251561565169435,0.07,0.084,1
"WBP11","WBP11",0.000454619482760907,-0.119454138997743,0.105,0.123,1
"GRPEL1","GRPEL1",0.000454821706560711,0.430895752409672,0.055,0.044,1
"DOLPP1","DOLPP1",0.000456010461515009,-0.401632416417009,0.031,0.041,1
"POPDC1-AS1","POPDC1-AS1",0.000457279094050236,0.37083605192389,0.104,0.088,1
"PRICKLE2","PRICKLE2",0.000458547856721983,-0.159570451688783,0.106,0.123,1
"TAF1C","TAF1C",0.000458607821196882,0.188077432198366,0.079,0.065,1
"HAUS8","HAUS8",0.000459203761026264,0.537887756032826,0.028,0.02,1
"ENSG00000260836","ENSG00000260836",0.00045942194880563,0.54931763829835,0.011,0.006,1
"ALAS1","ALAS1",0.00045960507512323,0.484604082985948,0.042,0.032,1
"FAM199X","FAM199X",0.000459609648693485,0.234277296546961,0.129,0.112,1
"ZNF852","ZNF852",0.00045984005968869,0.383307993664173,0.046,0.036,1
"KCTD21-AS1","KCTD21-AS1",0.000460408207869182,0.538159080212693,0.023,0.016,1
"SPAG1","SPAG1",0.000462631057698117,0.41582767385303,0.041,0.031,1
"LYRM1","LYRM1",0.000464001604883828,-0.277498048850369,0.064,0.077,1
"SKIC2","SKIC2",0.000465419814329258,0.297063967449999,0.041,0.031,1
"DBNL","DBNL",0.000465815886466351,-0.206045720029392,0.108,0.125,1
"FAH","FAH",0.000466885626269524,0.329627693681009,0.034,0.025,1
"MBD2","MBD2",0.000468103147828277,0.248344484601594,0.28,0.262,1
"YARS2","YARS2",0.00046930754841073,-0.127897870675454,0.145,0.166,1
"CCDC125","CCDC125",0.000469877957617791,0.247580070307996,0.142,0.125,1
"SLC35A5","SLC35A5",0.000469892347145445,-0.151590749170149,0.125,0.144,1
"ASH2L","ASH2L",0.000471162468027782,-0.126262150317318,0.111,0.129,1
"TIMM22","TIMM22",0.000471297778380128,0.306961188742404,0.043,0.032,1
"MLLT11","MLLT11",0.000472203436238486,0.554460621018936,0.04,0.03,1
"CCDC171","CCDC171",0.000474046299385854,-0.122101846026215,0.222,0.246,1
"PISD","PISD",0.000475522033699385,0.328569475681199,0.132,0.116,1
"RBM39","RBM39",0.000478172299653479,0.105836989102596,0.623,0.616,1
"VPS37C","VPS37C",0.000479795830343304,0.396209188965028,0.077,0.064,1
"ZNF611","ZNF611",0.000481693699331178,0.209366348281935,0.168,0.149,1
"ENSG00000249870","ENSG00000249870",0.000483352181658647,0.407780404010995,0.039,0.03,1
"BMPER","BMPER",0.000484467815049286,0.58129281809514,0.071,0.058,1
"CCZ1","CCZ1",0.000484990502899965,-0.169085812141529,0.096,0.113,1
"NUDT17","NUDT17",0.000485362355461164,0.59999242269397,0.015,0.009,1
"AKT1","AKT1",0.000485561875453485,0.335393627694352,0.087,0.073,1
"LACTB2","LACTB2",0.000485996449636511,0.383656661159631,0.08,0.067,1
"CCDC146","CCDC146",0.00048730423508226,-0.173167884842835,0.277,0.299,1
"SMIM19","SMIM19",0.000487333799332817,-0.255497219554627,0.074,0.088,1
"ZNF599","ZNF599",0.000487421616538731,-0.353730895328339,0.023,0.032,1
"ZNHIT1","ZNHIT1",0.000487625393612182,-0.122029557671903,0.116,0.135,1
"IGFL4","IGFL4",0.000490245093201068,0.411770929080441,0.046,0.035,1
"SELENOP","SELENOP",0.000491373761403308,0.545889255446377,0.483,0.521,1
"BCAT2","BCAT2",0.000492933779793354,0.267664970356414,0.139,0.122,1
"FTSJ3","FTSJ3",0.000493113604665205,0.385757115108653,0.048,0.038,1
"COX6B1","COX6B1",0.000495098862428974,-0.122340197941189,0.17,0.191,1
"TOLLIP-DT","TOLLIP-DT",0.000497517503630337,-0.697012342542125,0.008,0.013,1
"MAN2B2","MAN2B2",0.00049855704515389,0.347486357969232,0.106,0.091,1
"ALG3","ALG3",0.000500893632515005,0.458216659583011,0.045,0.035,1
"UROS","UROS",0.000503987213498809,-0.161738558282607,0.133,0.152,1
"TOGARAM2","TOGARAM2",0.000504482679111622,0.52532609293026,0.034,0.025,1
"ENSG00000237499","ENSG00000237499",0.000505502990097394,0.73851395868093,0.012,0.007,1
"AP2M1","AP2M1",0.000505997760809769,0.236671301944867,0.217,0.198,1
"IQCB1","IQCB1",0.000508927752010397,0.195956664323843,0.27,0.249,1
"PGRMC2","PGRMC2",0.000509621294784101,0.307356527654341,0.145,0.129,1
"UBE2D2","UBE2D2",0.000509780438948287,0.218820080944365,0.392,0.376,1
"SLC2A10","SLC2A10",0.000510816227400658,0.936980881208895,0.012,0.007,1
"ALDH5A1","ALDH5A1",0.000513066508874989,-0.361947751839235,0.028,0.037,1
"LOC105376070","LOC105376070",0.000514701148538748,-0.162019112421009,0.082,0.098,1
"GSTO1","GSTO1",0.000517268768364056,-0.183959295473328,0.139,0.157,1
"POLE","POLE",0.000522226943746488,0.33005496981008,0.049,0.038,1
"LINC02008","LINC02008",0.000522456513207823,1.01918144463197,0.019,0.013,1
"FBXO28","FBXO28",0.000523110489620532,0.198857276049886,0.278,0.258,1
"SEC23IP","SEC23IP",0.000527404568923594,-0.113563165508207,0.184,0.207,1
"ILRUN-AS1","ILRUN-AS1",0.000528538415253779,0.484405771852634,0.03,0.021,1
"ENSG00000148362","ENSG00000148362",0.000529767323819703,0.321052892070662,0.109,0.094,1
"WDFY3-AS1","WDFY3-AS1",0.000530528247323659,0.748632189362999,0.014,0.008,1
"ENSG00000255471","ENSG00000255471",0.000530593212749508,-0.604455669396867,0.009,0.014,1
"ZNF527","ZNF527",0.000533357136856192,-0.46611768114047,0.027,0.037,1
"SLC5A6","SLC5A6",0.000534052745639096,0.3528910795521,0.04,0.03,1
"C4orf36.1","C4orf36.1",0.000534905010470991,-0.287266440002673,0.051,0.063,1
"DIPK2B","DIPK2B",0.000534909031802866,-0.147179269162077,0.13,0.149,1
"MT1F","MT1F",0.000536920800237591,1.00408978123216,0.02,0.014,1
"FAM76B","FAM76B",0.000538022952513093,-0.138564430384662,0.112,0.13,1
"LINC00222","LINC00222",0.000538466869785903,0.601929177172844,0.027,0.019,1
"HECW1","HECW1",0.000539928123364654,-0.196919574270834,0.126,0.144,1
"CD247","CD247",0.000540262825470213,0.603161805604978,0.028,0.02,1
"PARD3","PARD3",0.000541407132552446,0.155192617626813,0.201,0.231,1
"BTG2","BTG2",0.00054181806110972,0.254578106355726,0.114,0.098,1
"ENSG00000259113","ENSG00000259113",0.000545961282093496,0.651829756049362,0.014,0.008,1
"ENSG00000238290","ENSG00000238290",0.00054629101707402,-0.658349302905642,0.011,0.017,1
"METTL23","METTL23",0.000546448513202658,0.336215038770375,0.05,0.039,1
"FANCI","FANCI",0.000547325982654184,0.549774727458612,0.049,0.039,1
"ENSG00000255028","ENSG00000255028",0.00055055992651592,0.627662922212013,0.024,0.017,1
"UCK2","UCK2",0.000553782660928025,0.23457776158739,0.174,0.156,1
"ZNF780A","ZNF780A",0.000554236674267007,0.305819008256532,0.065,0.053,1
"MATCAP1","MATCAP1",0.000555120230345553,-0.288013384601836,0.056,0.068,1
"M1AP","M1AP",0.000555596141013046,0.990382129261499,0.011,0.006,1
"GPSM1","GPSM1",0.000557349448757153,-0.262849542972724,0.067,0.081,1
"ZNF91","ZNF91",0.00055780153224597,-0.10529979912094,0.405,0.431,1
"MCM3","MCM3",0.000560329860955941,0.470088557396077,0.043,0.033,1
"PEX26","PEX26",0.000562656424938765,0.265897919227583,0.114,0.099,1
"ENSG00000214189","ENSG00000214189",0.000567441427950944,0.397914209477672,0.043,0.033,1
"KPNA4","KPNA4",0.000567532213529041,0.17328231899551,0.321,0.301,1
"KLHL24","KLHL24",0.000567578901217761,0.129279094258467,0.567,0.561,1
"ANXA7","ANXA7",0.000568413737280517,-0.109391965136419,0.189,0.212,1
"NCL","NCL",0.000570133041551956,-0.103356404365597,0.181,0.203,1
"FMO4","FMO4",0.000571661923596208,-0.229514664382507,0.059,0.073,1
"MLX","MLX",0.000572496245952572,0.295897779926207,0.064,0.052,1
"FAT3","FAT3",0.00057739989568729,-0.169340015450353,0.052,0.065,1
"NCKIPSD","NCKIPSD",0.000578961491998734,-0.298285755839878,0.072,0.086,1
"DDX1","DDX1",0.000580802952360338,-0.160142015655967,0.187,0.207,1
"ZNF385D","ZNF385D",0.000581434792510366,-0.140331592583522,0.056,0.069,1
"DNMBP","DNMBP",0.000581961832868352,0.370911503960921,0.057,0.046,1
"PEMT","PEMT",0.00058344546951192,-0.470155028826455,0.046,0.058,1
"SLC52A2","SLC52A2",0.000584455945256846,0.28421062362911,0.036,0.027,1
"ADAM11","ADAM11",0.00059054409160911,-0.539418442121076,0.008,0.014,1
"NFS1","NFS1",0.000592965367535621,-0.201803023681733,0.024,0.032,1
"ALDH1A3","ALDH1A3",0.000593781229359036,-0.235960436238882,0.046,0.057,1
"GPR39","GPR39",0.000593926774694216,-0.45558964416326,0.017,0.025,1
"IRF2BP2","IRF2BP2",0.00059613931084415,0.141608309889029,0.296,0.273,1
"CDIPT","CDIPT",0.00059818664366133,-0.241836669211577,0.081,0.096,1
"SLC38A3","SLC38A3",0.000598630026063566,-0.467653539722527,0.03,0.039,1
"NDUFA3","NDUFA3",0.000600326242546544,-0.248033663636291,0.072,0.087,1
"ZFHX3-AS1","ZFHX3-AS1",0.000600543999282603,-0.279159493315153,0.07,0.085,1
"PPARA","PPARA",0.000601846652741507,0.202764957954971,0.23,0.21,1
"EIF2AK2","EIF2AK2",0.000602024616608692,0.208375029989992,0.209,0.19,1
"MSANTD4","MSANTD4",0.000602388776447086,-0.120349723274966,0.14,0.16,1
"SLC46A1","SLC46A1",0.000602935649038708,0.383982657890207,0.047,0.036,1
"UBE2M","UBE2M",0.0006047227541035,-0.135008050070459,0.089,0.105,1
"GMEB1","GMEB1",0.000605721767732124,0.335701675865529,0.096,0.082,1
"ELMO3","ELMO3",0.000606124418817528,0.753240002902631,0.01,0.006,1
"NEBL","NEBL",0.000607818665767498,-0.376899182758934,0.153,0.17,1
"RPIA","RPIA",0.000608469462682211,0.372594545787911,0.076,0.063,1
"LOC102723996","LOC102723996",0.000609915206583012,0.671548757008057,0.016,0.01,1
"COPS8-DT","COPS8-DT",0.000610880580242209,-0.46448761611277,0.036,0.046,1
"RAB22A","RAB22A",0.000612912008949271,0.171229585754758,0.208,0.188,1
"TACR3","TACR3",0.00061439833554764,-0.410087297754818,0.033,0.043,1
"DNTTIP1","DNTTIP1",0.000615304077583588,0.321212317556029,0.078,0.065,1
"DGCR6L","DGCR6L",0.000617069684389502,-0.357923388198198,0.04,0.051,1
"OSBPL6","OSBPL6",0.000617545339109057,0.266672295111878,0.142,0.125,1
"ENSG00000215159","ENSG00000215159",0.000618775847945893,-0.653417269617148,0.012,0.019,1
"FBXO16","FBXO16",0.000619758966843279,-0.453491434135542,0.038,0.049,1
"SFXN4","SFXN4",0.000622492335337683,-0.160538486422518,0.119,0.137,1
"OSER1","OSER1",0.000624297015918664,0.408527961466476,0.07,0.057,1
"PLPPR4","PLPPR4",0.000624617804463447,-0.414129954569339,0.051,0.063,1
"OGFR","OGFR",0.000624804615940325,0.165601485507243,0.133,0.116,1
"ENSG00000258666","ENSG00000258666",0.000626535153382382,0.485161397817496,0.017,0.011,1
"PRKG1","PRKG1",0.000627878666089087,-0.292294278735058,0.038,0.048,1
"KHDC1","KHDC1",0.000631326684417828,-0.299968768601953,0.037,0.048,1
"CENPT","CENPT",0.000631676292011355,0.340827872659309,0.054,0.042,1
"GTF3C3","GTF3C3",0.000633908435536438,0.214830702062301,0.176,0.158,1
"EPC1-AS1","EPC1-AS1",0.000634181403189243,0.622795140772921,0.022,0.015,1
"ENSG00000268093","ENSG00000268093",0.000634403126517805,0.74523622346666,0.012,0.007,1
"KATNIP","KATNIP",0.000636217259198657,-0.112164769583186,0.251,0.275,1
"TIPIN","TIPIN",0.000638834394091759,-0.252822244640641,0.064,0.078,1
"MYLIP","MYLIP",0.000639555103030506,-0.158272395589108,0.193,0.214,1
"PRKAB1","PRKAB1",0.0006399777366311,0.295740055005222,0.068,0.055,1
"SPOCD1","SPOCD1",0.000639980197147988,-0.455045541619445,0.013,0.019,1
"FBXL17","FBXL17",0.000640337678432208,0.146108446364618,0.568,0.552,1
"MPC2","MPC2",0.00064044215532676,0.335941117444413,0.094,0.08,1
"TNPO3","TNPO3",0.000643056202074075,0.191438175250667,0.292,0.273,1
"PAXIP1-DT","PAXIP1-DT",0.000643312064329135,-0.234693929412769,0.05,0.062,1
"YJU2B","YJU2B",0.000644830279520119,-0.13307897799607,0.163,0.184,1
"ENSG00000267649","ENSG00000267649",0.000645120759962123,-0.99219941484746,0.006,0.011,1
"ING3","ING3",0.000645516583459754,0.303093885335277,0.109,0.094,1
"UBE2J2","UBE2J2",0.000647317562561825,0.264619542625349,0.153,0.136,1
"ENSG00000272162","ENSG00000272162",0.000647368446680543,-0.255618784298336,0.047,0.059,1
"SLC2A6","SLC2A6",0.000648036663104461,-0.291807892622388,0.025,0.034,1
"LRP8","LRP8",0.000648289087699735,0.312533150270473,0.057,0.045,1
"TTC31","TTC31",0.000649069983003245,0.41294903905647,0.056,0.045,1
"ENSG00000260805","ENSG00000260805",0.000649775751558618,-0.387764071506201,0.015,0.022,1
"CEP295","CEP295",0.00065034466902128,0.258326835703147,0.187,0.169,1
"TSC22D1-AS1","TSC22D1-AS1",0.000650380891767439,-0.584937223893707,0.012,0.018,1
"DERL2","DERL2",0.000650468837708725,0.316633618648216,0.096,0.082,1
"ENSG00000255422","ENSG00000255422",0.000651520424551519,0.324860129502212,0.063,0.051,1
"AHCYL2","AHCYL2",0.000659092569429973,0.205253112450602,0.363,0.347,1
"AOX1","AOX1",0.000660367387720886,-0.504338000485778,0.024,0.032,1
"CEP162","CEP162",0.000662900669021665,-0.107134978865055,0.213,0.236,1
"SCO1","SCO1",0.000663442504381662,0.280681065993353,0.09,0.075,1
"RAB11B-AS1","RAB11B-AS1",0.000663818513928758,-0.192807326689418,0.075,0.09,1
"PRDM2","PRDM2",0.000666627679142885,0.155400038125364,0.444,0.429,1
"UPF1","UPF1",0.000666841122597412,0.278414062059763,0.152,0.135,1
"CHIC1","CHIC1",0.000670075560054021,-0.111916624282267,0.275,0.3,1
"KPNA2","KPNA2",0.000675594253213865,0.467991137408941,0.043,0.033,1
"UGDH-AS1","UGDH-AS1",0.00069446270857063,-0.168319514936353,0.241,0.263,1
"ANO5","ANO5",0.000696384609124969,-0.253248621162029,0.061,0.074,1
"AK6","AK6",0.0006970997758188,0.344562308263701,0.087,0.073,1
"FBRSL1","FBRSL1",0.000700895802253618,0.212830218778009,0.176,0.157,1
"RSPO2","RSPO2",0.000701473648023362,-0.486427296694081,0.013,0.02,1
"STX8","STX8",0.000703013973518291,0.162302686974478,0.432,0.415,1
"ZNF561","ZNF561",0.000704697775752205,0.258700700317232,0.079,0.065,1
"LDLRAP1","LDLRAP1",0.000704963765618869,0.318495583938293,0.233,0.219,1
"STPG4","STPG4",0.000709098322557721,0.624347590376493,0.018,0.012,1
"TMC6","TMC6",0.000709727813235431,0.191185376586668,0.339,0.323,1
"ANKRD34A","ANKRD34A",0.000712172046722762,1.06090754142029,0.01,0.005,1
"INPP5A","INPP5A",0.000713620582798842,0.244923337966975,0.229,0.21,1
"ELF2","ELF2",0.000719212953797575,0.116388614107731,0.73,0.725,1
"UBR1","UBR1",0.000720535158600768,0.1229601324875,0.514,0.497,1
"PRDM16","PRDM16",0.000721402972025726,0.55348975874749,0.032,0.023,1
"CBX4","CBX4",0.000724661243017161,-0.145547259236057,0.076,0.091,1
"PMVK","PMVK",0.000726595341562056,-0.178924487381707,0.094,0.11,1
"AP2A1","AP2A1",0.00072876336342687,-0.100110536040087,0.167,0.189,1
"ASB7","ASB7",0.000729473076020096,0.299097283657991,0.117,0.101,1
"GNL2","GNL2",0.000730112875067228,0.389675595285995,0.064,0.052,1
"ESCO1","ESCO1",0.000731303303712243,-0.102977971851099,0.186,0.208,1
"SUMO1","SUMO1",0.000731354992449395,0.27277041695827,0.125,0.109,1
"ZNF552","ZNF552",0.000733272871566858,0.309812501641945,0.051,0.041,1
"MRPL10","MRPL10",0.000733607440269341,-0.373597547301761,0.036,0.047,1
"PCDH9-AS1","PCDH9-AS1",0.000739975714675046,-0.158432106384746,0.082,0.098,1
"RAD54L2","RAD54L2",0.00074161251997309,-0.10075746948548,0.153,0.173,1
"GPR85","GPR85",0.000742153503994173,0.794291811266508,0.021,0.014,1
"SGSM1","SGSM1",0.000742493827814388,-0.100086940517274,0.168,0.188,1
"TBC1D7","TBC1D7",0.000743094150563771,0.275574728201755,0.067,0.054,1
"TP53BP2","TP53BP2",0.000744473209801276,-0.107368535130921,0.143,0.163,1
"ENSG00000274422","ENSG00000274422",0.000744936370559181,-0.139143861761144,0.134,0.154,1
"ZFTRAF1","ZFTRAF1",0.000745117500784699,0.232757743689267,0.167,0.15,1
"UBA3","UBA3",0.000745450837893918,0.158205995905298,0.31,0.29,1
"CNNM2","CNNM2",0.000747473293308297,-0.102544341152387,0.393,0.419,1
"LINC02240","LINC02240",0.000747483161933639,0.340926967351677,0.053,0.042,1
"ENSG00000278817","ENSG00000278817",0.00075319705558381,-0.473095393804157,0.013,0.019,1
"WDR41","WDR41",0.000754307929593203,0.232523423172073,0.335,0.321,1
"ERRFI1","ERRFI1",0.000755144663834572,0.242765716911493,0.132,0.115,1
"ZNF75D","ZNF75D",0.000755807062067097,0.317400873081875,0.128,0.112,1
"TRAF5","TRAF5",0.000756039969228367,0.528007501404855,0.034,0.025,1
"ENSG00000232352","ENSG00000232352",0.000756788892533105,-0.774890929808081,0.008,0.013,1
"ALG1L2","ALG1L2",0.000756812168743683,0.690194126825728,0.021,0.015,1
"LINC01561","LINC01561",0.00075763252294967,0.615456479615457,0.02,0.013,1
"WLS","WLS",0.000758441889048213,0.410570585093547,0.098,0.084,1
"RCC1L","RCC1L",0.000759298733826501,-0.180426320047281,0.1,0.116,1
"CWF19L2","CWF19L2",0.000759391834825354,0.175188506811408,0.37,0.353,1
"MGAT4B","MGAT4B",0.000759466679467296,0.329188996693044,0.049,0.039,1
"RGN","RGN",0.000759987243877593,-0.141520886319019,0.069,0.083,1
"VCP","VCP",0.000762393176193903,0.198656969514018,0.223,0.204,1
"SORCS3","SORCS3",0.000762580328249284,-0.27887692383715,0.128,0.145,1
"KDM5A","KDM5A",0.0007640022112634,0.142502166982844,0.452,0.434,1
"KC6","KC6",0.000769358452822244,0.865507284331343,0.011,0.006,1
"TMEM100","TMEM100",0.000770771886055586,0.541051665669255,0.037,0.028,1
"PANK1","PANK1",0.000773509292698214,0.565765793088897,0.04,0.03,1
"ALG10","ALG10",0.000773570695341704,0.701598772764566,0.028,0.02,1
"HNF4G","HNF4G",0.000774066340546725,-0.472535854835495,0.017,0.024,1
"ENSG00000263494","ENSG00000263494",0.000776088619808026,0.679981896884775,0.024,0.017,1
"AP5S1","AP5S1",0.000776360545895327,-0.404958920978352,0.016,0.023,1
"C2","C2",0.000777424599563088,-0.527693954920278,0.016,0.023,1
"CNNM3","CNNM3",0.000777904674791235,-0.292509660445807,0.05,0.062,1
"ENSG00000255495","ENSG00000255495",0.000779054520882,-0.52315455130471,0.016,0.023,1
"WIF1","WIF1",0.000780698357540477,-0.705125248910299,0.012,0.018,1
"TRAF6","TRAF6",0.000784341404828966,0.245127985804211,0.138,0.121,1
"SS18","SS18",0.000785532984849338,0.146110198534069,0.398,0.379,1
"CYP3A43","CYP3A43",0.000786305667301055,-0.571245680509652,0.008,0.013,1
"ENSG00000272769","ENSG00000272769",0.000787827489946066,0.396208655114541,0.014,0.009,1
"ENSG00000236514","ENSG00000236514",0.000791940612650578,-0.859999704826169,0.006,0.01,1
"RBSN","RBSN",0.000800531899874366,-0.126523861033366,0.132,0.151,1
"CDC42EP4","CDC42EP4",0.000801571213537989,0.44948881171649,0.057,0.046,1
"S1PR5","S1PR5",0.000805072263643356,-0.188715065046368,0.088,0.103,1
"AVPI1","AVPI1",0.000811749189255971,-0.506306380957397,0.027,0.036,1
"ARMC6","ARMC6",0.00081178929949782,0.275972103320408,0.058,0.047,1
"NXT1","NXT1",0.000812027937697937,0.51199307413014,0.017,0.011,1
"ZNF620","ZNF620",0.000820973139983298,-0.316457431369416,0.028,0.037,1
"DNAJA2-DT","DNAJA2-DT",0.000821533143436578,-0.432183083189344,0.009,0.014,1
"METTL16","METTL16",0.000822003710857684,-0.11845116220481,0.25,0.274,1
"ARRDC3-AS1","ARRDC3-AS1",0.000824832511334685,0.530791970755766,0.024,0.017,1
"GNB2","GNB2",0.000828019614406653,0.345396886956709,0.109,0.094,1
"NGF","NGF",0.000831523553111881,0.639057948925936,0.017,0.011,1
"ZNF786","ZNF786",0.000833950280229347,0.494799809665216,0.053,0.042,1
"EFCAB6-DT","EFCAB6-DT",0.000836218438912134,-0.787236818561481,0.007,0.013,1
"SLA2","SLA2",0.000843807808410854,0.698310208593395,0.018,0.012,1
"MRPS11","MRPS11",0.000845911363858919,0.272094689637749,0.123,0.108,1
"CCDC43","CCDC43",0.000846905255343318,-0.21845521361543,0.04,0.05,1
"DCT","DCT",0.000849669777154225,-0.836469857119004,0.005,0.01,1
"NUDT21","NUDT21",0.000850390538244706,-0.120598441441412,0.137,0.157,1
"MAP2K3","MAP2K3",0.000851632656303675,0.465902576717467,0.045,0.035,1
"LOH12CR2","LOH12CR2",0.000853420973553528,-0.787028133178882,0.011,0.017,1
"MAP3K13","MAP3K13",0.000854773364116983,-0.104788729154648,0.293,0.318,1
"HSD17B1","HSD17B1",0.00085726710156857,0.459932349591069,0.046,0.036,1
"C19orf12","C19orf12",0.000857490473145518,-0.114858219353825,0.127,0.145,1
"UCP2","UCP2",0.000860348166091109,0.369582510372894,0.031,0.023,1
"ZSWIM8","ZSWIM8",0.00086215737378416,0.212667577348374,0.214,0.196,1
"ENSG00000283360","ENSG00000283360",0.000862192354614571,0.360635872131462,0.017,0.011,1
"CSTF3-DT","CSTF3-DT",0.000862341376886676,-0.495422698040554,0.025,0.033,1
"C1QTNF4","C1QTNF4",0.000864026446550119,-0.286820027065795,0.017,0.024,1
"ZNF277-AS1","ZNF277-AS1",0.000868170086078903,-0.561211903444453,0.019,0.027,1
"HCG23","HCG23",0.000869258946651479,-0.165112615612115,0.14,0.159,1
"MRPL41","MRPL41",0.000869601157511128,0.254017984951067,0.183,0.166,1
"FGF14-AS2","FGF14-AS2",0.00086987570342972,-0.874903510236191,0.01,0.016,1
"NAPA","NAPA",0.000874397397792143,-0.178333468231252,0.155,0.173,1
"SUPT20H","SUPT20H",0.00087451240517276,0.135771795099237,0.29,0.27,1
"RMP64","RMP64",0.000877809987359717,0.251611913172401,0.124,0.108,1
"BBLN","BBLN",0.000878383941525688,0.405410839632459,0.055,0.044,1
"BLID","BLID",0.000879609274143316,-0.550189141233148,0.01,0.015,1
"CLTB","CLTB",0.000880789268390892,-0.169071572779131,0.091,0.107,1
"CAPZA1","CAPZA1",0.000881361813006831,0.173873963620242,0.383,0.366,1
"ENSG00000229611","ENSG00000229611",0.000881618887828512,-0.870682377784582,0.005,0.01,1
"NAIF1","NAIF1",0.000886089879014944,0.858983026482249,0.012,0.007,1
"MARK4","MARK4",0.00088729706989204,0.305710853093764,0.18,0.164,1
"CTNS","CTNS",0.000887691662119706,0.323102873459244,0.082,0.069,1
"NDUFB5","NDUFB5",0.000888256827325843,-0.230796286663389,0.091,0.106,1
"MORN2","MORN2",0.000890561273147908,-0.583242511837043,0.013,0.02,1
"FLRT1","FLRT1",0.000890642456961351,-0.46435534702758,0.043,0.053,1
"GAREM2","GAREM2",0.000894199202420083,0.437429226793363,0.036,0.028,1
"LRATD2","LRATD2",0.000896545582453815,-0.351132335387216,0.037,0.047,1
"LINC01482","LINC01482",0.000896970261389881,0.58806088133719,0.015,0.01,1
"SNHG31","SNHG31",0.00089795514353684,0.900696293700156,0.041,0.032,1
"UGGT1","UGGT1",0.000900134498271026,0.193590971064803,0.268,0.25,1
"SCPEP1","SCPEP1",0.000900348372339327,0.329511149845962,0.151,0.136,1
"DDB1","DDB1",0.000900688127181493,-0.101349210053875,0.18,0.201,1
"ENSG00000276256","ENSG00000276256",0.000901944235938397,0.548626097050962,0.035,0.026,1
"H1-0","H1-0",0.000904631849385952,0.313035172772114,0.054,0.043,1
"FUCA1","FUCA1",0.000904825741922488,0.439206473599184,0.044,0.035,1
"PPIF","PPIF",0.000907185220296672,-0.311321861518136,0.055,0.067,1
"TPP1","TPP1",0.000907581138058389,0.15121369953011,0.211,0.191,1
"NRBF2","NRBF2",0.000908906206004779,0.326658184164323,0.072,0.059,1
"DLL3","DLL3",0.000911479919049006,-0.219139512970942,0.021,0.029,1
"LINC01340","LINC01340",0.000914295503289702,-0.495550780177254,0.013,0.019,1
"SPDYE3","SPDYE3",0.000915469538740223,-0.252759443800181,0.069,0.082,1
"DSCC1","DSCC1",0.000917438741780526,-0.402143665193855,0.017,0.024,1
"NRSN2-AS1","NRSN2-AS1",0.000918631984511355,0.442431403264726,0.034,0.026,1
"TRIM35","TRIM35",0.000920906085510915,-0.21210549209196,0.063,0.076,1
"ASIC1","ASIC1",0.000922796873209894,-0.152174509411376,0.103,0.12,1
"CAPRIN1","CAPRIN1",0.000928004204565247,0.187717104558309,0.278,0.26,1
"ENSG00000253875","ENSG00000253875",0.000932536878352514,-0.933569002157764,0.006,0.011,1
"ENSG00000259138","ENSG00000259138",0.000932868571842547,-0.490363938535144,0.016,0.024,1
"PSME2","PSME2",0.00093354529370997,0.652058715145923,0.022,0.015,1
"ADAM12","ADAM12",0.000935855251985029,0.277201148940641,0.268,0.252,1
"IRX2","IRX2",0.000936138561116966,0.430199357921635,0.042,0.032,1
"ENSG00000232406","ENSG00000232406",0.00093929856676524,-0.350314456299443,0.015,0.022,1
"ZBTB11","ZBTB11",0.000941775997311769,0.219733739611763,0.152,0.136,1
"NXPH1","NXPH1",0.000942065287469927,-0.352393870548461,0.143,0.159,1
"MTIF2","MTIF2",0.000942665557494463,0.34631795731167,0.1,0.086,1
"ZBTB7C","ZBTB7C",0.000947673791500389,-0.329486592895426,0.041,0.051,1
"HOMER2","HOMER2",0.000947906618306657,-0.259472146747865,0.062,0.074,1
"RBM41","RBM41",0.000948421647512049,0.196782446622994,0.243,0.225,1
"ENSG00000230303","ENSG00000230303",0.000953378897582275,-0.334355853745045,0.022,0.03,1
"MTMR12","MTMR12",0.000954446755954607,-0.106704103915455,0.164,0.184,1
"PINX1","PINX1",0.000955019330458553,-0.333824276960767,0.017,0.024,1
"ENSG00000263300","ENSG00000263300",0.000955121360061826,0.648469481968105,0.023,0.016,1
"ZNF787","ZNF787",0.000956909414201739,0.237417508516024,0.079,0.066,1
"ZEB1-AS1","ZEB1-AS1",0.000958401762141924,0.295950690811817,0.074,0.062,1
"IFT20","IFT20",0.000959491627882833,-0.19314086484458,0.104,0.12,1
"ENSG00000231595","ENSG00000231595",0.000963382111065015,0.804221175603077,0.012,0.007,1
"CRCP","CRCP",0.000963418237194778,0.462396154417797,0.05,0.04,1
"P2RY14","P2RY14",0.000963426717930026,0.67339025387718,0.02,0.013,1
"VPS13A","VPS13A",0.000965232361596491,0.171288513362231,0.189,0.17,1
"SLC25A44","SLC25A44",0.000965595852248631,-0.307655459363733,0.057,0.07,1
"ENSG00000233885","ENSG00000233885",0.000966954325536125,-0.328487383367412,0.016,0.023,1
"DEPDC7","DEPDC7",0.000970279711634585,-0.395600792843131,0.018,0.025,1
"LOC121725015","LOC121725015",0.000971866381799893,-0.411446122698285,0.048,0.059,1
"DPH7","DPH7",0.000973451940758806,-0.158941423524128,0.111,0.128,1
"SWI5","SWI5",0.00097346038670553,-0.23427231412763,0.043,0.054,1
"MIGA2","MIGA2",0.000974012287452953,0.314824870545226,0.078,0.065,1
"FRMD8","FRMD8",0.000977240612966204,0.307181243973758,0.083,0.069,1
"ENSG00000243305","ENSG00000243305",0.000978100127017199,0.670813967308861,0.012,0.007,1
"SMTN","SMTN",0.000982476062934122,0.450019125524112,0.033,0.024,1
"B4GALT2","B4GALT2",0.000982487868577501,-0.24955055264333,0.067,0.08,1
"ENSG00000236230","ENSG00000236230",0.000982495896049791,0.949894539792028,0.014,0.009,1
"ZNF623","ZNF623",0.000983037600053081,0.26704969180639,0.079,0.066,1
"MCUB","MCUB",0.000986279093326385,0.351032466258859,0.083,0.07,1
"USP25","USP25",0.000986798310143864,0.194083417894831,0.36,0.344,1
"ENSG00000228351","ENSG00000228351",0.000989271326709295,-0.585599885786364,0.009,0.014,1
"ACLY","ACLY",0.000990201939918053,0.282129986314334,0.131,0.115,1
"LILRA1","LILRA1",0.000990862078352685,0.869926770124745,0.011,0.006,1
"H4C3","H4C3",0.000990998463462481,-0.330272235616684,0.121,0.136,1
"PGBD5","PGBD5",0.000996889160134925,0.263035979636129,0.232,0.216,1
"CUL3","CUL3",0.000999147649335804,0.148017542840656,0.476,0.461,1
"A1BG","A1BG",0.00099941373669515,-0.275512635681934,0.052,0.064,1
"PPP4R2","PPP4R2",0.0010018883664723,0.112432469814566,0.47,0.448,1
"NOL4","NOL4",0.00100969890457892,-0.273203213885041,0.132,0.148,1
"CEP63","CEP63",0.00101054865663729,-0.135789125368755,0.269,0.294,1
"CYKILR","CYKILR",0.00101440367015875,-0.75405666067067,0.01,0.015,1
"ZNF445","ZNF445",0.00101481396823414,0.227005524034438,0.152,0.135,1
"ATRN","ATRN",0.00101715744478963,0.138195964259619,0.398,0.379,1
"PTOV1-AS1","PTOV1-AS1",0.00102483371004929,-0.557542549254379,0.023,0.032,1
"OPN3","OPN3",0.00102642546241981,0.598272085122455,0.042,0.033,1
"SPINT2","SPINT2",0.00102784200944544,-0.219407597741066,0.079,0.093,1
"CDC20-DT","CDC20-DT",0.00102952774731736,-0.429753158706159,0.028,0.037,1
"DCAF15","DCAF15",0.00103080660570224,0.28981063048722,0.052,0.042,1
"IFIT2","IFIT2",0.00103099588502133,-0.197522637487515,0.053,0.065,1
"MDM1","MDM1",0.00103148299463673,-0.264042599069279,0.067,0.08,1
"TNXB","TNXB",0.00103166188531835,-0.369707597179935,0.016,0.023,1
"TSPAN18","TSPAN18",0.00103187271754076,0.346535847102991,0.039,0.03,1
"RBM44","RBM44",0.00103243719709391,0.858290359878445,0.011,0.006,1
"ACO1","ACO1",0.00103788857526052,-0.133391635166712,0.135,0.154,1
"RC3H1","RC3H1",0.00103987413452085,0.16441935938215,0.446,0.434,1
"IPMK","IPMK",0.00104261939308031,0.298644660517241,0.161,0.145,1
"ENSG00000213888","ENSG00000213888",0.00104326581633194,-0.634288667710011,0.007,0.012,1
"GSR","GSR",0.00104766860546112,0.267976905394124,0.104,0.09,1
"DHX33","DHX33",0.00104897922431014,-0.477241089336478,0.035,0.045,1
"EPHA6","EPHA6",0.0010507899991758,-0.378157269211528,0.034,0.044,1
"ADGRA3","ADGRA3",0.00105432327054881,-0.21170989857264,0.065,0.078,1
"SPACA9","SPACA9",0.00105618638167952,-0.471322566214062,0.023,0.032,1
"SCARA3","SCARA3",0.00105761194161634,-0.305003181997728,0.045,0.056,1
"CBLL1-AS1","CBLL1-AS1",0.00105790744005715,0.678742801586979,0.011,0.006,1
"IFT52","IFT52",0.00106193304671538,-0.138673123318844,0.124,0.141,1
"PALM","PALM",0.00106538949300544,-0.186968506970103,0.106,0.122,1
"MCFD2","MCFD2",0.00106956677882562,0.341051658601919,0.103,0.089,1
"UPF3B","UPF3B",0.00107597780355012,-0.114333952485279,0.183,0.204,1
"ENSG00000269939","ENSG00000269939",0.00107786574745193,-0.330827492572788,0.028,0.037,1
"KCNJ2-AS1","KCNJ2-AS1",0.00107917787485775,-0.5564294654416,0.017,0.024,1
"TIMM13","TIMM13",0.00108083583257225,-0.226285452002403,0.077,0.091,1
"ENSG00000266385","ENSG00000266385",0.00108099148062338,-0.4486476986091,0.013,0.019,1
"CPNE1","CPNE1",0.00108209684123609,0.202346492117095,0.151,0.134,1
"ADAMTSL1","ADAMTSL1",0.00108742364210865,-0.355819894839503,0.016,0.023,1
"GGCX","GGCX",0.00109210219124774,0.26255184046699,0.101,0.086,1
"C1orf216","C1orf216",0.00109391418050841,0.478800740173213,0.039,0.03,1
"KCNJ16","KCNJ16",0.00109449299178851,-0.386521863430695,0.049,0.06,1
"PKD2L2","PKD2L2",0.00109950466288721,0.413420927156819,0.041,0.032,1
"CEP250","CEP250",0.00110026221192216,0.298712105786032,0.086,0.073,1
"PI4KB","PI4KB",0.00110146424379513,-0.112136047526708,0.195,0.216,1
"MTMR11","MTMR11",0.00110282017308593,-0.637970870030345,0.012,0.018,1
"ZNF768","ZNF768",0.00110430529423157,0.342496396460854,0.04,0.03,1
"NPTXR","NPTXR",0.00110599758466956,-0.338941052186722,0.064,0.076,1
"ZDHHC13","ZDHHC13",0.00110635787199609,0.222941367195302,0.132,0.116,1
"UNC13C","UNC13C",0.00110640379409698,-0.59858034721969,0.015,0.022,1
"ENSG00000273295","ENSG00000273295",0.00110822482766622,0.708402908276121,0.015,0.01,1
"ADCK1","ADCK1",0.00111982123928602,-0.146762773911112,0.15,0.17,1
"ENSG00000234584","ENSG00000234584",0.00112102760619072,0.583093195121296,0.015,0.01,1
"CASKIN2","CASKIN2",0.00112232627907688,-0.256162573266434,0.061,0.073,1
"PINLYP","PINLYP",0.00112420486149838,0.789774811310761,0.016,0.01,1
"CHGB","CHGB",0.00113327953859744,-0.768380652700474,0.007,0.012,1
"PAN3","PAN3",0.00113588609486175,0.150007351012502,0.621,0.624,1
"GPLD1","GPLD1",0.00113832109138881,-0.357646791715802,0.032,0.041,1
"ZFYVE19","ZFYVE19",0.00114301934250694,0.296881634872866,0.087,0.074,1
"C13orf46","C13orf46",0.00114485847721766,0.879480216747506,0.012,0.007,1
"FADS2","FADS2",0.0011500066562111,-0.196332910655073,0.11,0.126,1
"PPIP5K1","PPIP5K1",0.00115021735577599,0.206016509912512,0.126,0.111,1
"FAM3C","FAM3C",0.00115139668647677,0.271840075840041,0.139,0.123,1
"ENSG00000284906","ENSG00000284906",0.00115598784074011,0.482471825766281,0.029,0.021,1
"MIDEAS","MIDEAS",0.00116238846778043,0.185690282397612,0.193,0.175,1
"PP2D1","PP2D1",0.00116286078993875,0.770828320751003,0.01,0.006,1
"ATP2B1","ATP2B1",0.00116726349125869,0.184129965179859,0.339,0.321,1
"MRPL22","MRPL22",0.00116981385598949,-0.183481278837835,0.09,0.104,1
"IKZF5","IKZF5",0.00117097878381067,-0.139765575825586,0.147,0.166,1
"MVP","MVP",0.00117146686839019,-0.171114607843763,0.117,0.134,1
"RCE1","RCE1",0.00117157763456175,0.624225074930672,0.022,0.015,1
"ASIC4","ASIC4",0.00117235134199838,-0.325394500872362,0.05,0.061,1
"TEX46","TEX46",0.0011724340889939,-0.808918916074592,0.008,0.013,1
"NRBP1","NRBP1",0.00117745853430939,0.241901520169955,0.148,0.132,1
"STX4","STX4",0.00117834813961321,0.269419063897008,0.136,0.12,1
"STXBP5-AS1","STXBP5-AS1",0.00118094660103211,0.285516929983316,0.071,0.059,1
"TPBG","TPBG",0.00118108077077638,1.10794082140295,0.01,0.006,1
"SLC4A10","SLC4A10",0.00119281825784605,-0.27182142293719,0.075,0.089,1
"LOC107985216","LOC107985216",0.00119308126264608,-0.948172640301896,0.006,0.011,1
"ENSG00000248138","ENSG00000248138",0.00120160258892956,-0.317877812427792,0.026,0.035,1
"ENSG00000226849","ENSG00000226849",0.00120192352007402,0.42427062021419,0.027,0.02,1
"SACM1L","SACM1L",0.00120337736384163,0.23102681326256,0.233,0.216,1
"SCIRT","SCIRT",0.00120367663004888,-0.516495042061496,0.013,0.019,1
"TPRKB","TPRKB",0.00121557537144105,0.573649912587407,0.05,0.04,1
"FASTK","FASTK",0.00122322141028795,-0.227712896749262,0.08,0.094,1
"ENSG00000251170","ENSG00000251170",0.00123180263257136,-0.641114805103586,0.01,0.016,1
"MOXD1","MOXD1",0.00123361804423158,-0.589120606384035,0.014,0.02,1
"HACD1","HACD1",0.00123377824563899,0.3864038615742,0.095,0.082,1
"CYB5R1","CYB5R1",0.00123503797824447,0.294110633675936,0.068,0.056,1
"MESD","MESD",0.00123865727151895,0.181733161876173,0.185,0.167,1
"SLC22A1","SLC22A1",0.00124406662634358,0.730084122694387,0.014,0.009,1
"SCG3","SCG3",0.00124607708777224,-0.175234452341262,0.081,0.095,1
"PLD2","PLD2",0.00125194907884213,0.385281966150182,0.053,0.043,1
"ACP1","ACP1",0.00125205878645802,0.236906709437012,0.126,0.111,1
"SLC7A9","SLC7A9",0.001252076520659,0.735151846545089,0.012,0.007,1
"RUSF1","RUSF1",0.00125691551782625,-0.205309634782423,0.081,0.094,1
"UHRF1","UHRF1",0.00125771184974939,0.36844635505611,0.06,0.049,1
"LOC100507053","LOC100507053",0.00126190167658625,-0.390612002786639,0.032,0.042,1
"SLC25A20","SLC25A20",0.00126332433365079,-0.291330005785235,0.031,0.04,1
"ENSG00000247679","ENSG00000247679",0.00126773927670287,0.795565933922576,0.017,0.012,1
"BAG6","BAG6",0.00127435070553632,0.300220948026044,0.108,0.094,1
"DEF8","DEF8",0.0012753974874921,-0.176592845573138,0.122,0.139,1
"CUL4B","CUL4B",0.00127905969077211,-0.211606363678974,0.107,0.123,1
"EPS15L1","EPS15L1",0.00127939634713458,0.150067041087165,0.282,0.262,1
"ARHGAP11A","ARHGAP11A",0.00128356052447274,0.932032098955696,0.011,0.006,1
"LRRC20","LRRC20",0.00128419043560473,0.442631987279002,0.049,0.039,1
"SPATA17","SPATA17",0.00128549272930813,-0.57454370918658,0.009,0.015,1
"ANKRD50","ANKRD50",0.00128788643724794,0.353876630832046,0.085,0.072,1
"QRICH2","QRICH2",0.00129335357765785,0.443516828403198,0.054,0.044,1
"SUCLG2","SUCLG2",0.0013006683482336,0.231080261999807,0.355,0.346,1
"PDK2","PDK2",0.00130747920781836,-0.254291823119977,0.052,0.064,1
"SYT9-AS1","SYT9-AS1",0.00131136855462016,0.426840344293897,0.106,0.093,1
"ENSG00000257271","ENSG00000257271",0.00131246055835389,-0.585168533351345,0.009,0.014,1
"NIN","NIN",0.00131510510988586,0.168820883693635,0.366,0.348,1
"KDM5B","KDM5B",0.00131560634246761,0.203942117523628,0.219,0.2,1
"ATP6V1H","ATP6V1H",0.00132172737395696,0.196455210261981,0.275,0.257,1
"FKRP","FKRP",0.00133498128182898,-0.214518667056897,0.066,0.078,1
"PLCG1","PLCG1",0.00133899965316249,-0.127346673738019,0.125,0.142,1
"PAK4","PAK4",0.00133947928502281,-0.144895610876786,0.087,0.102,1
"TMEM181","TMEM181",0.00134354298336704,0.169036428783179,0.311,0.294,1
"LINC02343","LINC02343",0.00134501317979015,0.509440062841388,0.073,0.061,1
"CALY","CALY",0.00134710136645658,-0.467387868384263,0.022,0.029,1
"MRPL55","MRPL55",0.00135077761674098,-0.233685133860541,0.059,0.071,1
"SLC25A15","SLC25A15",0.0013535304969314,-0.492266521943267,0.008,0.013,1
"SSPOP","SSPOP",0.00135856651548223,-0.29902579171498,0.029,0.038,1
"ADCY1","ADCY1",0.00136714149086772,-0.252469507070172,0.089,0.103,1
"KCNC1","KCNC1",0.00137196174096716,0.382510220098009,0.037,0.029,1
"HMGCLL1","HMGCLL1",0.00137347255510571,-0.231809423329348,0.044,0.055,1
"SCN3A","SCN3A",0.00137850612311903,-0.224860357770135,0.121,0.137,1
"MYCN","MYCN",0.00138845751304642,-0.526373941970592,0.02,0.028,1
"SLC22A14","SLC22A14",0.00140145823323491,0.788561532164891,0.011,0.007,1
"HELZ2","HELZ2",0.0014106820449182,0.6116547427428,0.015,0.01,1
"TIMM9","TIMM9",0.00141506625686038,0.257002816023931,0.1,0.086,1
"SEZ6","SEZ6",0.00141638897113962,-0.55029611906324,0.015,0.021,1
"TRAF1","TRAF1",0.00142094860012846,-0.323304408939897,0.062,0.075,1
"SLC7A2","SLC7A2",0.00142159967448179,-0.201223151316884,0.03,0.038,1
"RIPOR3","RIPOR3",0.00142389360922874,0.701810500010988,0.015,0.01,1
"SLC38A4-AS1","SLC38A4-AS1",0.00142755839975805,0.589388135017604,0.125,0.112,1
"RABIF","RABIF",0.0014285861999955,0.489374342180532,0.044,0.035,1
"USP1","USP1",0.00143396039655532,-0.185831668086448,0.07,0.083,1
"POLD2","POLD2",0.00143885107929883,-0.236612713470594,0.067,0.079,1
"ADSS1","ADSS1",0.00143912475419777,-0.367198794905995,0.025,0.033,1
"BSG","BSG",0.00144059326136917,-0.143636929126463,0.217,0.237,1
"PRSS51","PRSS51",0.00144676330965924,0.964053460727063,0.011,0.007,1
"SELENOM","SELENOM",0.00144927134790774,-0.155470395063589,0.111,0.127,1
"SMARCA1","SMARCA1",0.00144954449119577,0.252971934797138,0.13,0.115,1
"ENSG00000255234","ENSG00000255234",0.00145066628003721,-0.276551203480639,0.051,0.062,1
"VARS1","VARS1",0.0014515315262835,0.349151735563778,0.062,0.051,1
"MMS22L","MMS22L",0.00145156810547733,-0.109785795984314,0.177,0.197,1
"EFCAB7","EFCAB7",0.00146476017511046,0.253940069787448,0.127,0.112,1
"MTHFSD","MTHFSD",0.00146524813106439,-0.17652887947377,0.057,0.069,1
"ABCB4","ABCB4",0.00146944213111672,0.791410024812535,0.013,0.008,1
"AGAP5","AGAP5",0.00147830175265003,0.326739129291437,0.079,0.067,1
"DLGAP3","DLGAP3",0.00148354720622001,-0.439540999435475,0.009,0.014,1
"COL15A1","COL15A1",0.00148535427341435,-0.497079340160907,0.015,0.021,1
"ICE1","ICE1",0.00148575892520336,-0.10135595868685,0.268,0.292,1
"ZNF524","ZNF524",0.00148686623596701,0.406565412353384,0.053,0.043,1
"ZNF350-AS1","ZNF350-AS1",0.00148700352963477,0.325122021022872,0.069,0.057,1
"STARD7","STARD7",0.0014913972543623,0.198370245010186,0.251,0.234,1
"FAM98A","FAM98A",0.00149281138450959,-0.118701440369662,0.107,0.123,1
"IGHMBP2","IGHMBP2",0.00150770628085714,0.283413788731554,0.056,0.046,1
"OR3A2","OR3A2",0.00152052963513991,-0.545629929749792,0.021,0.029,1
"IFT22","IFT22",0.00152267338375773,-0.536912050700565,0.01,0.015,1
"SLC30A5","SLC30A5",0.0015357309706977,-0.112228240067404,0.129,0.146,1
"CHMP6","CHMP6",0.00153914040271945,0.295920194570467,0.063,0.052,1
"CCDC160","CCDC160",0.00154192533626295,-0.361299992501337,0.019,0.026,1
"CLEC9A","CLEC9A",0.00154234512532474,0.31636256916673,0.027,0.02,1
"SLC67A1","SLC67A1",0.00154687475785775,0.74856015578754,0.014,0.009,1
"LOC124902013","LOC124902013",0.00154838857829047,0.454979203596839,0.023,0.016,1
"TMCO1","TMCO1",0.00155039760960176,-0.166689221550756,0.175,0.193,1
"ASB16","ASB16",0.00155102254025225,0.774259283745005,0.012,0.007,1
"PPIH","PPIH",0.00155311820875632,-0.286308435372256,0.057,0.069,1
"ENSG00000235848","ENSG00000235848",0.00155897086825424,0.850884586983389,0.012,0.007,1
"HSD3B7","HSD3B7",0.00156905420607299,0.740208591872653,0.013,0.008,1
"ENSG00000221990","ENSG00000221990",0.00157078466419156,-0.35888246741233,0.017,0.024,1
"SCP2","SCP2",0.00157132721599553,-0.117339366490765,0.22,0.242,1
"DOK6","DOK6",0.00157717991184214,-0.242215620498577,0.092,0.106,1
"ABHD4","ABHD4",0.00157754711921783,0.394296169712766,0.037,0.029,1
"RUBCN","RUBCN",0.0015787881070224,0.18359591430583,0.214,0.196,1
"DNMT1","DNMT1",0.00157943364022876,0.198712504436567,0.175,0.158,1
"ENSG00000268568","ENSG00000268568",0.001580806212316,-0.54067298747171,0.009,0.015,1
"HMGCS1","HMGCS1",0.00158392121943086,0.319674781114327,0.137,0.123,1
"SLC14A1","SLC14A1",0.00158419063349015,-0.585288743144402,0.014,0.02,1
"UNK","UNK",0.00158824873364867,-0.154445292335291,0.226,0.248,1
"DMAC1","DMAC1",0.00159166862775383,-0.199928464385128,0.086,0.1,1
"SNTB2","SNTB2",0.00159258917574192,0.446859445083894,0.073,0.061,1
"ZNF354B","ZNF354B",0.00159262264637402,0.298918133824614,0.091,0.078,1
"RNF181","RNF181",0.00160178302023356,-0.257421017365848,0.042,0.052,1
"CNN3-DT","CNN3-DT",0.00160524875329643,-0.304463797020741,0.053,0.065,1
"SLC25A10","SLC25A10",0.00160528924172066,-0.703899829765794,0.011,0.017,1
"C5","C5",0.00160668998374456,-0.155948636661218,0.093,0.108,1
"ZNF616","ZNF616",0.00160710949996782,0.430976314668915,0.043,0.033,1
"MAPK10-AS1","MAPK10-AS1",0.00160718414258222,0.393634278920825,0.04,0.031,1
"ASNSD1","ASNSD1",0.00160765124221096,0.274197024388313,0.087,0.074,1
"VTI1B","VTI1B",0.00161011442333172,0.26188444122912,0.073,0.061,1
"CPNE3","CPNE3",0.00161154436826045,-0.140736781053962,0.151,0.168,1
"RSPH3","RSPH3",0.00161194762040122,0.460565604372122,0.052,0.042,1
"SCN1B","SCN1B",0.00161250279315762,0.425850863235495,0.102,0.089,1
"UBE2Q1","UBE2Q1",0.00162220980504985,0.306788783827978,0.079,0.067,1
"ENSG00000268584","ENSG00000268584",0.00162274794476299,-0.470717485928597,0.007,0.012,1
"LOC124901051","LOC124901051",0.00162731336963479,1.25630049136979,0.01,0.006,1
"RLF","RLF",0.00162942768881078,0.156087331773114,0.429,0.417,1
"ENSG00000266846","ENSG00000266846",0.00163113746301812,0.395834980228334,0.036,0.028,1
"SCRN1","SCRN1",0.00163282880858164,0.195668273125955,0.27,0.253,1
"ENSG00000255639","ENSG00000255639",0.00163370560595816,0.316671438405561,0.094,0.08,1
"ENSG00000277831","ENSG00000277831",0.00163773911334682,-1.06734725994736,0.006,0.01,1
"MIR4458HG","MIR4458HG",0.00164045766656191,0.349248607767844,0.036,0.027,1
"SNX33","SNX33",0.00164292875393269,0.700298526792698,0.018,0.012,1
"IDUA","IDUA",0.00164579294853554,0.482389935161134,0.037,0.028,1
"SLC22A2","SLC22A2",0.00164670178189431,0.616886670369613,0.014,0.009,1
"ADAMTSL4-AS2","ADAMTSL4-AS2",0.00164971282815334,0.346674950808289,0.022,0.015,1
"SLC6A1-AS1","SLC6A1-AS1",0.00165046578168123,-0.138343374458881,0.106,0.122,1
"MISFA","MISFA",0.00165232179696895,0.316377462852341,0.059,0.048,1
"REXO1","REXO1",0.0016523778927315,0.241268541826052,0.086,0.073,1
"AP1G1","AP1G1",0.00167460346088547,-0.106013899600064,0.346,0.371,1
"SPTAN1","SPTAN1",0.00168825317984968,0.108154867001359,0.187,0.168,1
"RPP38","RPP38",0.00169053735962296,0.202515447891664,0.121,0.105,1
"AMPD3","AMPD3",0.00169563970858355,0.214861453234471,0.305,0.292,1
"ALG12","ALG12",0.00169760293260611,0.353033893325355,0.06,0.05,1
"SF3B5","SF3B5",0.00170227008380066,-0.149358577962339,0.079,0.093,1
"NLN","NLN",0.00170304290917797,-0.102058397462966,0.177,0.197,1
"OPRL1","OPRL1",0.00170638935513066,0.482884650916034,0.012,0.007,1
"CD59","CD59",0.00171308214251704,0.613476669564855,0.023,0.016,1
"WNT7B","WNT7B",0.00171370444613638,-0.426952716787667,0.019,0.026,1
"PHLDA1","PHLDA1",0.0017156151301351,0.306798462693481,0.114,0.099,1
"LOC105371574","LOC105371574",0.00171860835296997,0.375261131634641,0.027,0.02,1
"CENPA","CENPA",0.00173410676946266,0.699695008385786,0.028,0.021,1
"ZNF554","ZNF554",0.00173959650763343,-0.385495175634189,0.015,0.021,1
"GDAP1","GDAP1",0.00174186625699907,0.174640644740842,0.468,0.462,1
"PLXDC1","PLXDC1",0.00175448795085821,0.879812000769147,0.012,0.008,1
"TMEM87B","TMEM87B",0.00176249957433164,0.2942025928467,0.154,0.138,1
"ECT2L","ECT2L",0.00176832121910153,0.627522231110687,0.023,0.016,1
"CCSAP","CCSAP",0.00176882909666808,-0.143496707120375,0.198,0.218,1
"UBE2I","UBE2I",0.00177162198577846,0.237579902789879,0.2,0.184,1
"TTC32","TTC32",0.00177484338384637,-0.209011823491666,0.075,0.088,1
"DNAJB14","DNAJB14",0.00177876483371357,-0.1038110041125,0.329,0.352,1
"PPP1R26","PPP1R26",0.00178920612357008,0.541294954425297,0.023,0.016,1
"MBTPS1","MBTPS1",0.0017969923260693,0.149583910345588,0.3,0.282,1
"RABGAP1L-AS1","RABGAP1L-AS1",0.00179740006397469,-0.646553111798371,0.01,0.015,1
"CPSF1","CPSF1",0.00179747380580927,0.326409074565543,0.06,0.049,1
"SC5D","SC5D",0.00180277299523788,0.229123740823169,0.11,0.095,1
"DACH1","DACH1",0.00181715321936882,-0.257749761500114,0.027,0.036,1
"RPP14","RPP14",0.0018199286609486,0.331922300433467,0.054,0.044,1
"FAM98C","FAM98C",0.00182366322675529,-0.28443950272673,0.041,0.051,1
"RABGGTA","RABGGTA",0.00182512847659466,0.473851575573097,0.024,0.017,1
"PIKFYVE","PIKFYVE",0.0018261016739697,0.134448010802483,0.383,0.365,1
"DBNDD1","DBNDD1",0.0018472396209685,-0.30957053187657,0.015,0.021,1
"MRPS10","MRPS10",0.00185036665660466,-0.182282549040166,0.055,0.067,1
"ENSG00000262967","ENSG00000262967",0.00185257602653894,0.317158662318137,0.051,0.041,1
"NSD2","NSD2",0.00185511635463289,0.204822423735448,0.317,0.301,1
"DNAJC11","DNAJC11",0.00186159872308596,-0.107712309752439,0.161,0.18,1
"ENSG00000255201","ENSG00000255201",0.00186757086641744,0.69781079425954,0.011,0.007,1
"DUSP15","DUSP15",0.00187006182767189,-0.339470201353504,0.031,0.04,1
"PRR14","PRR14",0.00187108260152965,0.293074275499613,0.071,0.06,1
"ENSG00000260537","ENSG00000260537",0.00187562265404957,0.4504127545114,0.039,0.03,1
"SLC1A6","SLC1A6",0.00189028696944198,0.94298636953115,0.01,0.006,1
"ENSG00000255455","ENSG00000255455",0.0018922621602102,-0.326648286048419,0.022,0.03,1
"LOC124903883","LOC124903883",0.00189671914422385,0.482244710546125,0.028,0.021,1
"FAT1","FAT1",0.00189696184428197,0.32131304380888,0.09,0.078,1
"SIAE","SIAE",0.00189971916858402,-0.296898227391634,0.045,0.056,1
"SRSF8","SRSF8",0.00189989966122982,-0.207552814261118,0.065,0.078,1
"RNASEL","RNASEL",0.00190072659583157,0.389510212010738,0.036,0.028,1
"LRFN5","LRFN5",0.00190933629787507,-0.331363305269583,0.098,0.112,1
"ZNF491","ZNF491",0.00191628931720083,-0.403223487797479,0.024,0.032,1
"SUZ12","SUZ12",0.0019170292780587,0.135898436656784,0.417,0.401,1
"DIRAS2","DIRAS2",0.00191970326082388,0.290236349294863,0.068,0.057,1
"TOPBP1","TOPBP1",0.00192618171389755,0.254045400441994,0.124,0.11,1
"UBE2D1","UBE2D1",0.00192819958463309,0.227007062139955,0.131,0.116,1
"TRIP6","TRIP6",0.00193392461183512,-0.312583993658099,0.031,0.04,1
"INSYN1","INSYN1",0.00193866526387852,-0.561253311474918,0.006,0.011,1
"LRRC47","LRRC47",0.00194394083477122,-0.208725349029133,0.065,0.077,1
"LINC01416","LINC01416",0.00195323490176103,-0.482696488233711,0.01,0.016,1
"MMUT","MMUT",0.00196173374250942,-0.178370753954575,0.116,0.131,1
"IFI44","IFI44",0.00196665360874634,0.325508190980234,0.088,0.076,1
"DNAAF4","DNAAF4",0.00196808388764041,0.293551658711763,0.06,0.049,1
"TMED7-TICAM2","TMED7-TICAM2",0.00197900995620842,0.254367824875279,0.095,0.082,1
"COL4A2","COL4A2",0.00198277840686658,-0.398853407151181,0.011,0.016,1
"NIBAN3","NIBAN3",0.0019840664923867,0.717113161762284,0.018,0.012,1
"ZNF28","ZNF28",0.00198436091210522,0.31860884112767,0.056,0.046,1
"GABRB3","GABRB3",0.00198517411449537,-0.161177087022917,0.103,0.118,1
"ENSG00000276302","ENSG00000276302",0.00198540618551045,-0.456995466310433,0.014,0.02,1
"NUP35","NUP35",0.00198619268710785,-0.273418008464696,0.069,0.082,1
"PPP1R3F","PPP1R3F",0.00199232265861277,-0.118655647508391,0.125,0.141,1
"GPRIN1","GPRIN1",0.00199655196316632,0.727092519733572,0.01,0.006,1
"RMDN2","RMDN2",0.00199911772350518,0.330129955295565,0.077,0.066,1
"YDJC","YDJC",0.00199932234287071,0.457724892144146,0.027,0.02,1
"TDRD9","TDRD9",0.00199998152953994,0.885321761923733,0.019,0.013,1
"POLR3B","POLR3B",0.00200766765344729,-0.130446382975668,0.112,0.128,1
"FSIP2","FSIP2",0.00201038127255076,-0.258537199786666,0.032,0.041,1
"CCDC77","CCDC77",0.00201068303943505,0.347001745833985,0.075,0.063,1
"EEF2","EEF2",0.00201322752009429,0.185020200917612,0.362,0.349,1
"CES2","CES2",0.00201532296580964,-0.206220174560583,0.059,0.07,1
"PACRG","PACRG",0.00201794636612233,-0.154950147108877,0.107,0.122,1
"COMMD5","COMMD5",0.00202416452472957,0.530769154920765,0.049,0.04,1
"WASF3","WASF3",0.00203224083945003,-0.106253227550216,0.183,0.203,1
"MFSD8","MFSD8",0.00203633513180867,-0.174985968899244,0.109,0.124,1
"DLGAP1","DLGAP1",0.00204156762952083,-0.128742742142484,0.179,0.198,1
"LYSMD1","LYSMD1",0.00206322966638757,-0.61410896284347,0.02,0.028,1
"HERPUD2-AS1","HERPUD2-AS1",0.00206426773783224,0.483580084778574,0.03,0.023,1
"WDR45B","WDR45B",0.00206536230403448,-0.164209566956909,0.178,0.197,1
"DDOST","DDOST",0.00207308845431122,0.338884913997103,0.072,0.06,1
"THAP11","THAP11",0.00207724274289195,0.362847513502834,0.037,0.028,1
"ATR","ATR",0.00208450115686338,0.16336433439265,0.337,0.32,1
"TOMM7","TOMM7",0.00208478868864923,0.279836708859132,0.158,0.142,1
"CNOT7","CNOT7",0.00208525202419629,0.253599318255682,0.149,0.134,1
"WDR31","WDR31",0.0020882234904314,-0.480814792224052,0.019,0.026,1
"UNC80","UNC80",0.00208881281004366,-0.180186517443713,0.143,0.16,1
"LINC01250","LINC01250",0.00209373035679488,0.619093678851402,0.02,0.014,1
"ATF6B","ATF6B",0.00209442770884715,0.218620287866938,0.174,0.158,1
"MAPK7","MAPK7",0.00209719775936075,0.564807048039564,0.018,0.012,1
"SLC16A10","SLC16A10",0.00209950748940263,1.42552124684817,0.049,0.039,1
"ZNF875","ZNF875",0.00210203200979676,-0.109897520528779,0.173,0.192,1
"MTG2","MTG2",0.00210767394722542,0.276285007981631,0.152,0.137,1
"SEMA3D","SEMA3D",0.00210776987507197,0.305788707454238,0.089,0.076,1
"ENSG00000224043","ENSG00000224043",0.00210845571859171,-0.264481942797585,0.067,0.079,1
"RGS22","RGS22",0.00211341204097873,-0.458920767658424,0.029,0.037,1
"MAST2","MAST2",0.00211365281514667,0.218301189993771,0.275,0.258,1
"ENSG00000278743","ENSG00000278743",0.0021143549886538,-0.822910550813322,0.006,0.011,1
"KIAA1671","KIAA1671",0.00211672826161,-0.33145213357785,0.034,0.043,1
"SAFB","SAFB",0.00211970499004226,0.17667828118231,0.313,0.297,1
"CHST6","CHST6",0.00212603939182168,-0.181900918433852,0.064,0.076,1
"DUT","DUT",0.00212984694453047,0.182495724042085,0.185,0.168,1
"RPTOR","RPTOR",0.00212988815897087,0.14642395098026,0.47,0.457,1
"DPYSL4","DPYSL4",0.00213725132751315,0.313429639495993,0.114,0.1,1
"DCXR","DCXR",0.00214119145621111,-0.226777470993562,0.123,0.138,1
"ENSG00000224616","ENSG00000224616",0.00214158360582771,-0.726043068373452,0.007,0.011,1
"SMAD5","SMAD5",0.00214827726507597,0.178899276816828,0.31,0.292,1
"VIRMA-DT","VIRMA-DT",0.00215128432991438,-0.334427754569728,0.048,0.058,1
"WDR45","WDR45",0.00215175022248947,0.330594955055068,0.081,0.069,1
"RDH13","RDH13",0.00215421908945946,0.440216510774786,0.037,0.029,1
"C17orf58","C17orf58",0.00216285071964677,-0.674160702962673,0.006,0.011,1
"SOX4","SOX4",0.00216288913500109,0.448936269765977,0.048,0.038,1
"CYP2U1","CYP2U1",0.00216692222837315,-0.19509055917045,0.056,0.067,1
"RAP2C","RAP2C",0.00216775933461825,0.313800650261441,0.054,0.044,1
"PIERCE2","PIERCE2",0.00216832397204513,0.524334653494303,0.01,0.006,1
"CCDC158","CCDC158",0.00217495391347698,-0.448078004350521,0.011,0.016,1
"TCEA3","TCEA3",0.00217501240144848,0.51079528749568,0.018,0.013,1
"ENSG00000272754","ENSG00000272754",0.00217780539904958,-0.597702790205555,0.006,0.011,1
"ENSG00000249988","ENSG00000249988",0.00218438759921788,0.706437200004199,0.014,0.009,1
"ENSG00000225643","ENSG00000225643",0.00219462625736766,-0.721063865925436,0.007,0.011,1
"KLHDC2","KLHDC2",0.00219518678207557,0.150635025526772,0.179,0.162,1
"LYG1","LYG1",0.00222252981500968,0.480529171810515,0.037,0.029,1
"RINL","RINL",0.00222331301687592,0.463241803457398,0.019,0.013,1
"CDIP1","CDIP1",0.00222659923104511,-0.149513205957079,0.106,0.121,1
"MYH10","MYH10",0.00222846519506774,-0.157116214304369,0.095,0.11,1
"FAM120AOS","FAM120AOS",0.00223198424352605,-0.116086888002607,0.062,0.075,1
"C1orf105","C1orf105",0.0022336308071798,0.563013120817565,0.019,0.013,1
"TMOD2","TMOD2",0.0022340278367705,0.206537956128895,0.372,0.36,1
"PFKFB1","PFKFB1",0.00223570281009816,-0.493624547887319,0.01,0.015,1
"LINC00926","LINC00926",0.00225120944296895,0.594416066727231,0.025,0.018,1
"KIAA0586","KIAA0586",0.00225665804894243,0.16806501928098,0.315,0.3,1
"FKBP2","FKBP2",0.00227223245540673,0.198806090470781,0.163,0.147,1
"ENSG00000276500","ENSG00000276500",0.00227891349789258,-0.26412165188395,0.029,0.037,1
"KCNJ14","KCNJ14",0.00227894263421088,0.395823959501807,0.019,0.013,1
"ZNF761","ZNF761",0.00228866052480457,0.175559514545836,0.134,0.119,1
"ENSG00000245468","ENSG00000245468",0.00229278512626822,-0.624579363699498,0.009,0.014,1
"RBBP6","RBBP6",0.00229860212575983,0.155867547663534,0.344,0.328,1
"RPA1","RPA1",0.00229982685329046,0.244876406761706,0.15,0.135,1
"GNG8","GNG8",0.00230163776081853,-0.64468504250751,0.009,0.014,1
"CWC25","CWC25",0.00230198797992762,0.2651938763708,0.084,0.072,1
"ZNF99","ZNF99",0.00230498206132953,-0.267083010445236,0.007,0.012,1
"ENSG00000247373","ENSG00000247373",0.00230543065195695,-0.80320860018765,0.01,0.015,1
"TUBGCP3","TUBGCP3",0.00230814449211613,0.14165487742695,0.304,0.286,1
"ENSG00000260793","ENSG00000260793",0.00230838154107426,-0.13974486516746,0.028,0.036,1
"TMEM70","TMEM70",0.00230844704736344,0.508478222771373,0.036,0.028,1
"CHRNA5","CHRNA5",0.00231144955971954,0.668828592967258,0.011,0.006,1
"TTN","TTN",0.002317182678513,0.510539921325509,0.028,0.021,1
"KRTAP5-AS1","KRTAP5-AS1",0.0023198327160492,-0.516901651655471,0.008,0.013,1
"TEFM","TEFM",0.00232302219998554,0.235038978877158,0.149,0.134,1
"ENSG00000272597","ENSG00000272597",0.00232413307981231,0.34259779901815,0.03,0.022,1
"ENSG00000243415","ENSG00000243415",0.0023267218565789,0.85842295039645,0.011,0.006,1
"FBXL15","FBXL15",0.00233087247393386,0.337066159844718,0.054,0.044,1
"ZNF880","ZNF880",0.00235123157741898,-0.294611084995742,0.037,0.046,1
"PCDHB2","PCDHB2",0.00235323071258488,-0.513091640557632,0.006,0.01,1
"SLC4A2","SLC4A2",0.00235830765845587,0.296639123918264,0.115,0.101,1
"ATP6AP1-DT","ATP6AP1-DT",0.00237078748065146,-0.302003128926435,0.028,0.036,1
"CLIP4","CLIP4",0.00237084704575952,0.12089324724553,0.518,0.594,1
"ZFYVE21","ZFYVE21",0.00237252942318348,-0.209832969086588,0.086,0.099,1
"MINPP1","MINPP1",0.00237350036343988,-0.16848925555226,0.082,0.096,1
"LRRN2","LRRN2",0.00237947012047229,-0.27057876476022,0.045,0.055,1
"TBP","TBP",0.00238502918134573,-0.162595291793435,0.067,0.08,1
"MICU1","MICU1",0.00240015259973598,0.139818544823477,0.407,0.39,1
"CTCF","CTCF",0.00240767358034249,0.14625503654645,0.219,0.201,1
"GYS1","GYS1",0.00241057625006529,0.231269359289455,0.118,0.103,1
"ZNF575","ZNF575",0.00241074465674589,-0.409317942631542,0.009,0.014,1
"UBE2O","UBE2O",0.00243171710756053,0.266035097813048,0.226,0.211,1
"SPATA33","SPATA33",0.00243538361737855,0.461763997975805,0.04,0.031,1
"LINC02803","LINC02803",0.00243867600944708,0.563963935232937,0.023,0.017,1
"SYNJ1","SYNJ1",0.00244369776820795,0.18180398247684,0.247,0.228,1
"PACRG-AS3","PACRG-AS3",0.00244531407637253,-0.192960073167569,0.12,0.136,1
"MPHOSPH10","MPHOSPH10",0.00244543516227971,-0.119441085561327,0.098,0.113,1
"LIX1L","LIX1L",0.00244580284373141,0.370325268960856,0.074,0.063,1
"ENSG00000266667","ENSG00000266667",0.00245893206632743,-0.470512409476386,0.013,0.019,1
"SYCP2","SYCP2",0.00246086317384113,0.398517775136725,0.065,0.054,1
"INPP5E","INPP5E",0.00247154230035886,0.395411579052594,0.047,0.037,1
"ZNF442","ZNF442",0.00247288619702933,-0.523710605469794,0.01,0.015,1
"MDGA2","MDGA2",0.00247658186199948,-0.21930029049196,0.293,0.31,1
"KIF4A","KIF4A",0.00247712605812045,1.15022820401612,0.011,0.007,1
"PIGT","PIGT",0.00247966256459925,0.217025486415953,0.208,0.193,1
"NADSYN1","NADSYN1",0.00248082419656235,-0.131764462074782,0.208,0.227,1
"MRPL45P2","MRPL45P2",0.00248956388652514,0.773029081990821,0.018,0.013,1
"CARD14","CARD14",0.0024896485455544,-0.3981110482969,0.024,0.031,1
"SPATA20","SPATA20",0.002493249655769,0.322264021160137,0.035,0.027,1
"PLCD1","PLCD1",0.00249854111276156,-0.193190913080889,0.024,0.032,1
"NLRP14","NLRP14",0.00249976434032762,-0.681831651635792,0.009,0.014,1
"BOLA3-DT","BOLA3-DT",0.00250081245466099,0.760680144226092,0.019,0.013,1
"ZNF844","ZNF844",0.00250611706760506,-0.162106586625444,0.044,0.055,1
"KCNMB3","KCNMB3",0.00250887017850738,0.277093215819833,0.059,0.048,1
"ENSG00000278384","ENSG00000278384",0.00251462676001242,-0.19941284104536,0.048,0.058,1
"LINC02145","LINC02145",0.00251546385859602,-0.479762883513957,0.02,0.027,1
"SAP30-DT","SAP30-DT",0.00252562244534924,-0.20763704317173,0.067,0.079,1
"SYN2","SYN2",0.00253052674484404,-0.330796974035102,0.063,0.075,1
"FGD5-AS1","FGD5-AS1",0.00253952129465591,-0.117385469304344,0.189,0.208,1
"ENSG00000230955","ENSG00000230955",0.00254254711845921,0.391523957190584,0.046,0.037,1
"PBRM1","PBRM1",0.00254993692457983,0.138899921187533,0.525,0.517,1
"ENSG00000231200","ENSG00000231200",0.00256434890518845,-0.455642533475936,0.014,0.02,1
"SPRTN","SPRTN",0.00256753437404055,-0.175281936284803,0.038,0.047,1
"ZNF845","ZNF845",0.00256923837952452,0.467954280031367,0.031,0.024,1
"MECR","MECR",0.00257324487604671,-0.184065082036272,0.084,0.097,1
"RPF1","RPF1",0.00259411891538083,0.311332514758852,0.069,0.058,1
"MRPL57","MRPL57",0.00259586210984611,-0.217596004375585,0.08,0.093,1
"KRABD5","KRABD5",0.00259797305819158,0.256515623235713,0.158,0.143,1
"WDR73","WDR73",0.00260906309088992,0.291867042206058,0.118,0.104,1
"UQCRB","UQCRB",0.00261470504482922,0.301480200372797,0.156,0.141,1
"CD72","CD72",0.00261931725801579,-0.39476478183199,0.023,0.031,1
"CEP72","CEP72",0.00262894528635142,-0.534126903862714,0.021,0.028,1
"NT5DC3","NT5DC3",0.00265261553845206,0.32095939936326,0.055,0.045,1
"GAS1RR","GAS1RR",0.00265764217959326,-0.188445533963163,0.031,0.04,1
"CD38","CD38",0.0026683736172333,-0.771151194485759,0.007,0.012,1
"TXLNG","TXLNG",0.00266926374392914,-0.12968080211264,0.145,0.162,1
"CDH6","CDH6",0.00267280797575488,0.432519211135005,0.041,0.032,1
"RING1","RING1",0.00267868235862934,0.196984634668862,0.137,0.122,1
"LDLRAD3","LDLRAD3",0.00268228215255366,0.197066573043846,0.521,0.517,1
"RAB6B","RAB6B",0.0026860571649454,-0.147001687238619,0.042,0.052,1
"TSPAN8","TSPAN8",0.00268906203577223,-0.31566853865692,0.04,0.049,1
"AARS1","AARS1",0.00269239588122778,0.212358372473001,0.212,0.196,1
"CTHRC1","CTHRC1",0.00269380137954693,0.886829457007392,0.012,0.007,1
"TBC1D9B","TBC1D9B",0.00270184532320085,0.22387733148313,0.204,0.188,1
"ZSWIM9","ZSWIM9",0.00271101242630346,0.271930021237187,0.076,0.064,1
"CSRP1-AS1","CSRP1-AS1",0.0027275007493259,-0.101422655740863,0.161,0.179,1
"MAML1","MAML1",0.00273554437020667,0.281806242184667,0.14,0.125,1
"UBOX5-AS1","UBOX5-AS1",0.00273886544368212,0.471060931390654,0.042,0.033,1
"INHBA","INHBA",0.00274413120982727,0.590429774288395,0.025,0.019,1
"SHKBP1","SHKBP1",0.00276933310349156,0.284988111420886,0.062,0.052,1
"TP53TG1","TP53TG1",0.00278556902216237,-0.278229324894566,0.033,0.041,1
"C8orf88","C8orf88",0.0027940961806258,0.220663743304496,0.025,0.018,1
"IFT46","IFT46",0.00279594785532853,-0.236355397918925,0.052,0.063,1
"SCN11A","SCN11A",0.00279731354281943,-0.756210377921004,0.01,0.015,1
"DCBLD1","DCBLD1",0.00280762855815613,-0.156798420678745,0.063,0.074,1
"SEMA3E","SEMA3E",0.00281457078275618,0.293911466291308,0.131,0.117,1
"TIMM21","TIMM21",0.00282342064572019,0.295248679791264,0.058,0.048,1
"POFUT3","POFUT3",0.00284666335654005,0.322268766565605,0.106,0.094,1
"ARL16","ARL16",0.00284721485929586,-0.217092850373226,0.044,0.054,1
"NT5DC2","NT5DC2",0.00284843189810708,0.564184051971132,0.025,0.018,1
"XRCC2","XRCC2",0.00286575996421176,-0.76164050328978,0.011,0.016,1
"HCN1","HCN1",0.00286794823132976,-0.570747237868583,0.01,0.015,1
"ZNF26","ZNF26",0.00289049446364973,-0.146683992307824,0.1,0.115,1
"MAPKAP1","MAPKAP1",0.0029038712545733,0.150186109333043,0.47,0.465,1
"ENSG00000278002","ENSG00000278002",0.00290455953049128,-0.539383334265201,0.008,0.013,1
"VAMP5","VAMP5",0.00291192043797547,0.413828177576146,0.026,0.019,1
"HERC6","HERC6",0.00291275308357061,-0.223363199916267,0.051,0.062,1
"IFT56","IFT56",0.00291533155192681,-0.308591185199797,0.035,0.044,1
"PC","PC",0.00292931419904751,-0.179008531605297,0.143,0.159,1
"ZNF594-DT","ZNF594-DT",0.0029435759497204,-0.179857972666679,0.112,0.126,1
"ENSG00000258017","ENSG00000258017",0.00295350989959764,-0.215238031847862,0.034,0.043,1
"RRM1","RRM1",0.0029536510866971,-0.165082951028221,0.061,0.073,1
"ZNF736","ZNF736",0.00296325590375164,-0.127421609537044,0.182,0.2,1
"NTAN1","NTAN1",0.00296652464313423,0.326245184821411,0.045,0.036,1
"SLC26A11","SLC26A11",0.00296988151034034,0.302753585755556,0.084,0.072,1
"ZNF493","ZNF493",0.00297487819922791,-0.194036494313696,0.149,0.165,1
"INAVA","INAVA",0.00297549291152853,0.660979051265212,0.016,0.011,1
"RFX2","RFX2",0.00297559427539729,0.383170869412659,0.082,0.071,1
"PCDHB13","PCDHB13",0.00298074396855812,-0.742817805177618,0.007,0.011,1
"SERTAD4","SERTAD4",0.00298550806236164,0.415142985906932,0.043,0.034,1
"PTPN23-DT","PTPN23-DT",0.00298634349011833,-0.26760841846312,0.032,0.04,1
"TAP1","TAP1",0.00298751834204016,0.30615214152441,0.053,0.043,1
"CROCC","CROCC",0.00298879417595355,0.187649267929169,0.24,0.224,1
"AGT","AGT",0.00299138683771563,-0.313493726289642,0.044,0.054,1
"CIAPIN1","CIAPIN1",0.00299235701693035,-0.139026264722319,0.066,0.078,1
"CPSF3","CPSF3",0.00299894551970645,-0.141570952581753,0.087,0.101,1
"DRC3","DRC3",0.00301265060110699,0.740529973334363,0.018,0.012,1
"METTL2A","METTL2A",0.00302065932679252,-0.207701169856652,0.038,0.048,1
"ENSG00000276791","ENSG00000276791",0.00302746987728635,-0.661718718366378,0.01,0.015,1
"LOC102724200","LOC102724200",0.00302854817018272,-0.617206120568631,0.013,0.018,1
"ENSG00000261474","ENSG00000261474",0.00303220117458524,-0.119303145483211,0.077,0.09,1
"MYL12B","MYL12B",0.0030331424254986,0.330544050420556,0.12,0.107,1
"ENSG00000231840","ENSG00000231840",0.00303414885281338,-0.175995274388193,0.097,0.111,1
"CTNNA1","CTNNA1",0.00304300164615551,0.121699548593979,0.587,0.583,1
"NKAIN3","NKAIN3",0.00304429915318137,-0.253742524910089,0.113,0.128,1
"NTHL1","NTHL1",0.00304662721515265,-0.2850813941617,0.035,0.044,1
"LINC01234","LINC01234",0.00304714544546121,-0.421663928084255,0.008,0.012,1
"PRRT1","PRRT1",0.00304729059856065,-0.306158287011889,0.037,0.046,1
"HIRIP3","HIRIP3",0.00305680915139093,-0.261140831213004,0.033,0.042,1
"ENSG00000249996","ENSG00000249996",0.00306894207058062,0.698688829767243,0.013,0.008,1
"ARL4C","ARL4C",0.00307171545039495,0.434600053788288,0.024,0.017,1
"BOK","BOK",0.00309352398715422,0.322854423842058,0.324,0.324,1
"KARS1","KARS1",0.00309674352188094,0.323932043083943,0.086,0.075,1
"SV2A","SV2A",0.00309960189236427,-0.166464169261276,0.094,0.107,1
"YY1AP1","YY1AP1",0.0031093594911469,0.124897057361607,0.291,0.273,1
"BORA","BORA",0.00310944763638589,0.36847397189925,0.037,0.029,1
"CXCL12","CXCL12",0.00311624284058767,0.510603383296645,0.022,0.015,1
"FUZ","FUZ",0.00312391599859584,-0.361968076395894,0.043,0.053,1
"TGFBRAP1","TGFBRAP1",0.00312790975709824,0.275296648892895,0.121,0.107,1
"NQO1","NQO1",0.00313119925399468,-0.276179367507046,0.025,0.033,1
"OR2L5","OR2L5",0.0031322713145657,-0.222080341301067,0.028,0.036,1
"ENSG00000260409","ENSG00000260409",0.00313363910490654,0.493232533863146,0.027,0.021,1
"RNFT2","RNFT2",0.00313768587365266,-0.128880517439687,0.072,0.085,1
"DNAH6","DNAH6",0.0031506647237428,-0.390924550596326,0.023,0.03,1
"MORC2-AS1","MORC2-AS1",0.00315148412564056,-0.648698385143589,0.008,0.013,1
"DRC10","DRC10",0.00315415163012612,0.576872212628734,0.026,0.02,1
"CCDC86","CCDC86",0.00315532973053508,0.570633171516869,0.018,0.012,1
"BTBD17","BTBD17",0.00315717040364931,-0.319927183148393,0.02,0.027,1
"COPB2","COPB2",0.00316006666771255,-0.119245353980157,0.182,0.201,1
"TOR3A","TOR3A",0.00317429503224289,0.401266268661856,0.042,0.034,1
"LEAP2","LEAP2",0.00317547809114787,0.480301112986538,0.017,0.011,1
"ACSF3","ACSF3",0.00317561575455737,0.285610268114726,0.132,0.118,1
"ENSG00000255872","ENSG00000255872",0.00318322771724202,-0.120836409511827,0.168,0.185,1
"ENSG00000269124","ENSG00000269124",0.00319568531799257,0.42861254628894,0.027,0.02,1
"KIF27","KIF27",0.00319887788201468,0.187477005911808,0.198,0.182,1
"CZIB","CZIB",0.00321091212025569,-0.176692010569659,0.111,0.125,1
"UTP14C","UTP14C",0.00321308865838127,-0.232248263081124,0.066,0.078,1
"ZFP1","ZFP1",0.00321362616486007,-0.176591985231508,0.047,0.057,1
"CDKN2B","CDKN2B",0.00322965671546506,0.529718588183006,0.011,0.007,1
"PAQR3","PAQR3",0.00323300046250914,0.224784853150766,0.127,0.113,1
"HAS2","HAS2",0.00323527037544521,0.425908037657739,0.022,0.016,1
"MAP10","MAP10",0.00326207081737328,-0.91238114748332,0.007,0.011,1
"MIR137HG","MIR137HG",0.00327966251054348,-0.63600965478875,0.018,0.024,1
"NRAS","NRAS",0.00328907903478411,-0.13875979892607,0.048,0.058,1
"TBC1D31","TBC1D31",0.00329173235016502,0.244047864121264,0.091,0.079,1
"DNAJC3-DT","DNAJC3-DT",0.00329470509644708,0.299275718958652,0.074,0.063,1
"DLL1","DLL1",0.00330692459248261,-0.118779472762041,0.107,0.122,1
"ENSG00000265313","ENSG00000265313",0.0033085188463116,0.445265738642267,0.019,0.013,1
"LMAN2","LMAN2",0.00331658649878564,0.208403071673568,0.104,0.091,1
"CRACD","CRACD",0.00332322952798902,-0.118711908566361,0.117,0.133,1
"KHSRP","KHSRP",0.00332372666585749,-0.119835467502082,0.149,0.166,1
"AGPAT3","AGPAT3",0.0033249140281791,0.206165182295583,0.258,0.243,1
"IL17D","IL17D",0.00332786654401075,0.338778465863578,0.074,0.063,1
"RNASEH2B","RNASEH2B",0.00332941218040464,0.193000275632763,0.285,0.272,1
"ENSG00000267011","ENSG00000267011",0.00333640804714662,-0.611465602868835,0.007,0.011,1
"NUF2","NUF2",0.00335048891279281,-0.317870460006149,0.019,0.026,1
"DNAJC4","DNAJC4",0.00336300000445296,0.276255264567188,0.056,0.046,1
"IRF2","IRF2",0.00336520051858367,0.109143077791005,0.393,0.378,1
"UBE2N","UBE2N",0.0033725842296605,0.212932025561043,0.192,0.176,1
"LHFPL3-AS2","LHFPL3-AS2",0.00337492092979532,0.340329793993701,0.046,0.037,1
"P4HTM","P4HTM",0.00337581590713245,-0.206391315200685,0.113,0.127,1
"THAP1","THAP1",0.00338022480056377,0.323126063573638,0.031,0.024,1
"KLHL13","KLHL13",0.00338031567310335,-0.285654676903005,0.089,0.101,1
"BLM","BLM",0.00338479083312583,0.220019599811698,0.093,0.08,1
"PHTF1","PHTF1",0.00338650601956231,0.349607241354751,0.082,0.071,1
"SF3A2","SF3A2",0.00340672072998951,-0.199952101085225,0.071,0.082,1
"LINC00472","LINC00472",0.00340762776221459,0.370301293972662,0.011,0.007,1
"PCSK1N","PCSK1N",0.00341177002319701,0.187104496572574,0.143,0.128,1
"TOR1B","TOR1B",0.00341739166149186,0.296030605458977,0.086,0.074,1
"PAH","PAH",0.00342571374799497,-0.800586191204376,0.008,0.013,1
"KIF22","KIF22",0.00343656252435014,-0.230061682100444,0.033,0.042,1
"ENSG00000267345","ENSG00000267345",0.00344202511474398,-0.558726752303095,0.02,0.027,1
"DCAF11","DCAF11",0.00346482930817397,0.472611024483253,0.025,0.018,1
"ENSG00000283696","ENSG00000283696",0.00346591658295271,0.366257099620001,0.041,0.032,1
"ZNF322","ZNF322",0.00347081245962362,0.236612528254917,0.095,0.083,1
"POLR2D","POLR2D",0.00348081887797747,-0.155379143733456,0.076,0.089,1
"MND1","MND1",0.00348262252412605,0.3091459146881,0.045,0.037,1
"MSS51","MSS51",0.00348833387763694,0.367021732553323,0.029,0.022,1
"GPR162","GPR162",0.00349231417422732,0.389536058543164,0.054,0.044,1
"EFCAB14-AS1","EFCAB14-AS1",0.00350340329767251,0.928545254809024,0.01,0.006,1
"GNAS-AS1","GNAS-AS1",0.00351862953957401,-0.686025568359518,0.016,0.022,1
"SPARCL1","SPARCL1",0.00351928668225876,0.317896121871542,0.171,0.157,1
"OAZ2","OAZ2",0.0035194985176181,0.194727689541401,0.187,0.171,1
"SLC9B2","SLC9B2",0.00352577332397565,-0.170545659759813,0.092,0.106,1
"LSMEM2","LSMEM2",0.00352969672307099,-0.420839480238727,0.025,0.032,1
"POLR3F","POLR3F",0.00353150150120258,-0.152110542153247,0.049,0.059,1
"AIRIM","AIRIM",0.00353479079418469,0.380478197985733,0.032,0.025,1
"COMMD9","COMMD9",0.00353805702521566,-0.215981870170153,0.051,0.061,1
"LRP4-AS1","LRP4-AS1",0.00354107347181605,0.192717546534143,0.057,0.047,1
"ENSG00000236723","ENSG00000236723",0.00354317771415164,0.276279501702658,0.031,0.024,1
"GPD1L","GPD1L",0.00354334512477388,0.22693966588302,0.086,0.074,1
"FERRY3","FERRY3",0.00354692986918128,0.192846134312864,0.19,0.174,1
"KAT7","KAT7",0.00355272293010812,0.219022756697022,0.164,0.149,1
"ENSG00000257681","ENSG00000257681",0.00355877217636765,0.950302607534494,0.01,0.006,1
"EMC7","EMC7",0.00356289092801794,-0.103879702082915,0.094,0.108,1
"ZNF266","ZNF266",0.00356616563178378,-0.187236411537407,0.09,0.103,1
"ALS2","ALS2",0.00358136087426094,-0.117306644609759,0.182,0.2,1
"KIAA2013","KIAA2013",0.00360437234569124,-0.124986921469685,0.109,0.124,1
"NDUFV1","NDUFV1",0.0036111755634547,-0.100218286251658,0.211,0.23,1
"WDR5","WDR5",0.00361125595310931,0.253890775184183,0.113,0.1,1
"RANBP3L","RANBP3L",0.00361566669761209,0.991514610505138,0.012,0.008,1
"SHQ1","SHQ1",0.00363167977051424,-0.12727144607105,0.154,0.171,1
"WDR77","WDR77",0.0036369544064943,0.409561690936588,0.048,0.039,1
"STKLD1","STKLD1",0.00363800632280331,-0.548613621790621,0.015,0.02,1
"FOXRED2","FOXRED2",0.00364195658651935,-0.291941897496599,0.036,0.045,1
"FN1","FN1",0.00365294402251891,-0.145647199744989,0.047,0.057,1
"EPHB3","EPHB3",0.00367548722971062,0.622196445543764,0.016,0.011,1
"SCN7A","SCN7A",0.00368443144651125,0.469797703025418,0.035,0.027,1
"SATB2","SATB2",0.00369290408559073,-0.212867377647872,0.11,0.124,1
"PNPLA7","PNPLA7",0.00369405758296155,0.224972585739494,0.161,0.146,1
"DRAP1","DRAP1",0.0036988369745259,-0.197534396936132,0.109,0.123,1
"ENSG00000234477","ENSG00000234477",0.00369919039609203,-0.474409541560659,0.006,0.01,1
"ST6GALNAC4","ST6GALNAC4",0.00370136977138966,0.691115899032657,0.016,0.011,1
"ENSG00000265888","ENSG00000265888",0.0037028132238767,-0.562263424969735,0.006,0.01,1
"ENSG00000203706","ENSG00000203706",0.00371583778276969,0.418096334571281,0.038,0.03,1
"TENM1","TENM1",0.00371955915917836,-0.272379199168783,0.09,0.103,1
"BCLAF1","BCLAF1",0.00373086355226568,0.132182440827283,0.427,0.415,1
"NCALD","NCALD",0.00373384933871212,-0.117214834174711,0.146,0.163,1
"CYP27A1","CYP27A1",0.00373607458579056,0.268536411012452,0.397,0.393,1
"SPPL2A","SPPL2A",0.00373681693895691,0.226622366785954,0.246,0.232,1
"TTLL12","TTLL12",0.00374158337425283,0.394057186772681,0.033,0.026,1
"DHX58","DHX58",0.0037578510256207,0.667466742660647,0.017,0.012,1
"TESK1","TESK1",0.00375933529481495,0.316892893412965,0.059,0.049,1
"ENSG00000236528","ENSG00000236528",0.00376040771034594,0.658690517809486,0.016,0.011,1
"MRFAP1L1","MRFAP1L1",0.00376587059828523,0.34078672879981,0.071,0.06,1
"ZFP64","ZFP64",0.00377189424481363,-0.125194124803416,0.122,0.138,1
"GPX7","GPX7",0.00377612046791344,0.553817203034908,0.021,0.015,1
"PFDN5","PFDN5",0.0037785591714077,0.202911322045401,0.17,0.155,1
"ENSG00000264187","ENSG00000264187",0.00378266430181907,0.520659328716757,0.022,0.016,1
"ENSG00000269806","ENSG00000269806",0.00379791123489587,0.574247906397631,0.019,0.013,1
"TDRKH","TDRKH",0.00379818207316076,-0.243839074539492,0.044,0.054,1
"PAK3","PAK3",0.00380668952980064,-0.123205417124709,0.059,0.071,1
"TXNDC12","TXNDC12",0.00381353056505827,0.20147282646086,0.112,0.098,1
"HNRNPA0","HNRNPA0",0.00381904203782173,-0.114819828870965,0.124,0.14,1
"ERLIN1","ERLIN1",0.00382218898647103,0.231011409454214,0.113,0.099,1
"ENSG00000283809","ENSG00000283809",0.00382329597241237,-0.32621339183677,0.016,0.023,1
"NONO","NONO",0.00382520111612142,0.195597091813881,0.142,0.128,1
"NINJ2-AS1","NINJ2-AS1",0.00382918609571156,-0.264462686044163,0.036,0.045,1
"ZFAND1","ZFAND1",0.00383436367939531,-0.157257878085582,0.092,0.106,1
"ROM1","ROM1",0.00385559120542137,0.465501854332803,0.045,0.037,1
"CENPV","CENPV",0.00385579905765864,-0.192386895365987,0.065,0.077,1
"CYB5D2","CYB5D2",0.00385999693391994,-0.173462325286583,0.134,0.149,1
"FOXO6","FOXO6",0.00386214628947443,-0.500989611564895,0.009,0.013,1
"ANO7","ANO7",0.00387679270489254,-0.550081522710756,0.015,0.021,1
"EBAG9","EBAG9",0.00389092891003189,-0.211265329879068,0.073,0.085,1
"G2E3-AS1","G2E3-AS1",0.00389418306257524,0.452094899713188,0.016,0.011,1
"ENSG00000237975","ENSG00000237975",0.00389527105142197,0.189147875947507,0.09,0.077,1
"TMEM139","TMEM139",0.00389556509663004,-0.555382075603942,0.016,0.022,1
"NFRKB","NFRKB",0.00389944407133934,0.264524022459755,0.08,0.068,1
"NEK7","NEK7",0.00390624304516709,0.103942671223518,0.535,0.524,1
"MRPL16","MRPL16",0.00391460942170342,-0.157828844621015,0.045,0.055,1
"LZTFL1","LZTFL1",0.00392174926652848,-0.298221493413039,0.053,0.063,1
"DEPDC4","DEPDC4",0.00392621890492313,-0.514730272275404,0.02,0.027,1
"FRG1-DT","FRG1-DT",0.00396401782624649,0.242395049924687,0.162,0.148,1
"ENSG00000273674","ENSG00000273674",0.00396864164802303,-0.214843424394046,0.091,0.104,1
"VCPIP1","VCPIP1",0.00398353333115495,0.251108946628464,0.129,0.115,1
"MOSPD1","MOSPD1",0.00400059456818639,0.448636289096506,0.033,0.026,1
"ALK","ALK",0.00400667733728766,-0.148802286778614,0.187,0.205,1
"ARL14EPL","ARL14EPL",0.00402039810979062,0.64858507435575,0.013,0.008,1
"LRRC4","LRRC4",0.00402107742600177,0.449717481479681,0.034,0.027,1
"DMAP1","DMAP1",0.00402234699587505,-0.180441701533424,0.08,0.092,1
"PCDH15","PCDH15",0.00402551056381386,-0.18123331944836,0.179,0.195,1
"CREM","CREM",0.00402785876852853,-0.12962451393654,0.229,0.248,1
"GART","GART",0.00402893833403664,-0.142416808094573,0.117,0.132,1
"ENSG00000258663","ENSG00000258663",0.00403377600127137,0.417896567161534,0.02,0.014,1
"SMO","SMO",0.004043322862135,0.613370216295695,0.013,0.008,1
"ZNF20","ZNF20",0.00404830859677062,0.346988016915171,0.017,0.012,1
"STK11","STK11",0.00407884674562465,0.166860514060522,0.085,0.073,1
"LOC105370887","LOC105370887",0.00409800950974123,0.350684881550321,0.067,0.057,1
"SARS1","SARS1",0.00410631448061886,-0.113672828353398,0.17,0.188,1
"SIM2","SIM2",0.00411233783757388,-0.297150009619363,0.019,0.026,1
"ENSG00000235381","ENSG00000235381",0.00414236385501851,-0.260865227408099,0.012,0.018,1
"ESS2","ESS2",0.00414624386659212,-0.389722820564846,0.025,0.033,1
"IFT70B","IFT70B",0.00415004028967718,-0.527255847070671,0.007,0.011,1
"MYLK-AS1","MYLK-AS1",0.00417673916615458,0.21428990341759,0.123,0.109,1
"NDUFB9","NDUFB9",0.0041972675545701,-0.104272502057595,0.142,0.158,1
"ENSG00000240499","ENSG00000240499",0.00419906994803193,0.308563963354509,0.013,0.009,1
"RABEP1","RABEP1",0.00421548406389689,0.149388690634679,0.511,0.507,1
"PHGDH","PHGDH",0.00421865492666609,0.279657056004134,0.209,0.195,1
"SLC24A4","SLC24A4",0.00422694469190153,0.354259285476032,0.029,0.022,1
"ENSG00000258312","ENSG00000258312",0.00422959873631552,0.827058725752152,0.011,0.007,1
"ENSG00000267581","ENSG00000267581",0.00423011186628251,-0.134845198197663,0.054,0.065,1
"TMEM45A","TMEM45A",0.00423842373005985,0.193387468764782,0.044,0.035,1
"ENSG00000273398","ENSG00000273398",0.00424416256968544,0.776915585311461,0.014,0.01,1
"ARL8B","ARL8B",0.00426020822160833,0.159410425178058,0.343,0.329,1
"SLITRK2","SLITRK2",0.00426155658516576,-0.102822965551299,0.146,0.163,1
"POMGNT1","POMGNT1",0.00426486779980838,-0.110575498214623,0.152,0.169,1
"EID1","EID1",0.00426859944967664,-0.106530268881034,0.304,0.326,1
"SLC9A6","SLC9A6",0.00427027239278092,-0.122124111968214,0.125,0.14,1
"ITFG2-AS1","ITFG2-AS1",0.00427157683353765,0.317090551889021,0.038,0.031,1
"PEX5L-AS2","PEX5L-AS2",0.0042750103938267,-0.351486487763764,0.014,0.019,1
"LOC102723324","LOC102723324",0.00429106463187554,0.47956074944191,0.037,0.03,1
"SPRYD3","SPRYD3",0.0042936304001485,-0.312090859657651,0.044,0.053,1
"LAMA4","LAMA4",0.00429519851953717,-0.163275752065589,0.069,0.081,1
"SNAP25-AS1","SNAP25-AS1",0.00429853780085329,0.265255742884345,0.056,0.046,1
"BICRA-AS2","BICRA-AS2",0.00430044443674498,-0.517943658731476,0.013,0.018,1
"ENSG00000285000","ENSG00000285000",0.00430676161273175,0.345701758181262,0.063,0.053,1
"METTL24","METTL24",0.00430951853892703,-0.281120444063087,0.039,0.048,1
"NFYC","NFYC",0.0043181043541795,0.167976332205209,0.231,0.215,1
"IFT57","IFT57",0.00432190940064754,-0.210858045029987,0.059,0.07,1
"ADGRE3","ADGRE3",0.00436920194131919,0.447867597003349,0.024,0.018,1
"UTP3","UTP3",0.00436997661643885,0.39300413394612,0.053,0.044,1
"SLC6A12","SLC6A12",0.00437052399192397,0.44569955578838,0.028,0.022,1
"ENSG00000255389","ENSG00000255389",0.0043712155211076,0.452466631921038,0.023,0.017,1
"LRSAM1","LRSAM1",0.00438022997889848,0.14805209447852,0.198,0.182,1
"LIPG","LIPG",0.00439037634303258,0.537893476507555,0.014,0.01,1
"ENSG00000224764","ENSG00000224764",0.00439110495269136,-0.692563253646138,0.012,0.017,1
"LINC02115","LINC02115",0.0044012335456336,-0.826105676968044,0.007,0.011,1
"TTI1","TTI1",0.0044016334161872,0.130172761920808,0.179,0.163,1
"ETS1","ETS1",0.0044079077685036,-0.108980017777988,0.076,0.089,1
"CCHCR1","CCHCR1",0.00440943005753108,0.316491307637279,0.029,0.022,1
"ZDHHC11B","ZDHHC11B",0.00441216455472573,0.156975575438269,0.317,0.355,1
"NEDD4","NEDD4",0.00441510798578097,0.228221415495438,0.168,0.153,1
"RPP25L","RPP25L",0.00442223784386998,0.501189533705379,0.022,0.016,1
"REEP2","REEP2",0.00442337370285097,-0.203119347692253,0.036,0.045,1
"CNOT3","CNOT3",0.00442823566828072,0.272600663243513,0.082,0.071,1
"BRD8","BRD8",0.00443555636782915,0.22255255084317,0.178,0.163,1
"ENSG00000225746","ENSG00000225746",0.00444733524295615,-0.130911656740102,0.11,0.124,1
"DNAAF11","DNAAF11",0.00446034610592227,-0.314943281134795,0.023,0.03,1
"NCAPG2","NCAPG2",0.00446391143104511,-0.151630871249105,0.061,0.072,1
"ENSG00000256661","ENSG00000256661",0.00446775213206427,0.569066414296026,0.022,0.016,1
"THUMPD1","THUMPD1",0.00449779846231243,-0.136502745623401,0.13,0.145,1
"CD96","CD96",0.00452427723070171,0.715041299175509,0.02,0.014,1
"ENSG00000261845","ENSG00000261845",0.00453607464261008,0.693494960069231,0.016,0.011,1
"PHF1","PHF1",0.00454967231133686,0.210075190874051,0.122,0.108,1
"ZBTB26","ZBTB26",0.00455062513642359,0.309628035254566,0.086,0.075,1
"LINC01252","LINC01252",0.0045808509945239,-0.1864541616563,0.049,0.059,1
"FLNA","FLNA",0.00458509661815685,0.429873066557517,0.035,0.027,1
"DNAJB5","DNAJB5",0.00459672697806134,-0.307457472225975,0.016,0.022,1
"C21orf58","C21orf58",0.00459698178459509,-0.161228861204965,0.033,0.042,1
"MAGEF1","MAGEF1",0.00461870968892194,0.401141233100037,0.057,0.048,1
"ENSG00000274031","ENSG00000274031",0.00461953322622603,-0.637532080837097,0.009,0.014,1
"C19orf25","C19orf25",0.00462156748866775,0.264549692772847,0.147,0.133,1
"PARAIL","PARAIL",0.00465932394698928,0.164022796113438,0.258,0.242,1
"ECH1","ECH1",0.0046670348666633,-0.209908936941057,0.089,0.102,1
"ZNF414","ZNF414",0.00467147370477317,-0.218911257639153,0.047,0.056,1
"TMEM54","TMEM54",0.00467164087556216,0.58277272562995,0.025,0.019,1
"USP49","USP49",0.00467382310947929,-0.144883343273392,0.156,0.172,1
"ZNF583","ZNF583",0.00469230350863273,-0.118594634911018,0.076,0.089,1
"ENSG00000269054","ENSG00000269054",0.00469842807185295,-0.73146238256339,0.008,0.012,1
"ALDH3B1","ALDH3B1",0.00470299177427279,-0.213028924849821,0.027,0.035,1
"SDSL","SDSL",0.00470864659585394,0.36561387344848,0.021,0.015,1
"PTRH1","PTRH1",0.00471983156685725,-0.362872151697693,0.024,0.031,1
"CYP3A5","CYP3A5",0.00472656303209972,0.536834866518028,0.019,0.014,1
"COX6C","COX6C",0.004731659258921,-0.1261410464308,0.155,0.172,1
"MACC1","MACC1",0.00475236644863889,0.831934066112654,0.01,0.006,1
"ENSG00000230437","ENSG00000230437",0.00475695200213932,-0.363194927082689,0.009,0.013,1
"TCEAL5","TCEAL5",0.00476109490074948,-0.52793800293865,0.013,0.018,1
"CCDC6","CCDC6",0.00477564516266242,0.138115502905937,0.219,0.202,1
"PSMA4","PSMA4",0.00477642652450558,0.269250850557907,0.117,0.104,1
"C2orf80","C2orf80",0.00478794528374736,0.368599172857347,0.029,0.022,1
"ZDHHC15","ZDHHC15",0.00479287802036722,-0.378526814126785,0.048,0.057,1
"USP7","USP7",0.00480109115622359,0.170883666030102,0.225,0.209,1
"LLPH","LLPH",0.00481527729510483,0.273307618697298,0.062,0.052,1
"GHDC","GHDC",0.00481902875791196,0.388884226176776,0.043,0.035,1
"NARS2-AS1","NARS2-AS1",0.00482545686168544,0.88933210871511,0.012,0.008,1
"ZSCAN16","ZSCAN16",0.00482616443376335,-0.373867198506233,0.014,0.02,1
"MDS2","MDS2",0.00482735549543422,-0.714886024783818,0.008,0.012,1
"ZC3H15","ZC3H15",0.00482833100036715,0.196594801759526,0.205,0.19,1
"ZNF235","ZNF235",0.00484295704331922,-0.113306671433711,0.176,0.194,1
"EIF2B3","EIF2B3",0.00484818202725304,0.224613918838312,0.253,0.239,1
"EVA1A-AS","EVA1A-AS",0.00487705573242295,-0.404230196895679,0.01,0.015,1
"RGS2-AS1","RGS2-AS1",0.004896201501649,0.287356944323159,0.043,0.035,1
"LCA5","LCA5",0.00491233116790199,-0.210357836253197,0.068,0.079,1
"LINC02817","LINC02817",0.00491735410789266,-0.434389688095036,0.008,0.012,1
"TMED3","TMED3",0.0049235218270521,0.284368480424817,0.108,0.096,1
"DNAJC21","DNAJC21",0.00495960708357682,0.189425381838147,0.177,0.163,1
"GUCY1A2","GUCY1A2",0.00496136347654491,-0.206323588238138,0.14,0.154,1
"EPHB6","EPHB6",0.0049841665782519,0.665753672549888,0.01,0.006,1
"CNTN3","CNTN3",0.00498966275292788,-0.127044649085586,0.147,0.164,1
"ACKR2","ACKR2",0.00500280998524597,-0.735452851237747,0.007,0.011,1
"SLC33A2","SLC33A2",0.00501718177592288,0.296576542980454,0.025,0.019,1
"ENSG00000231955","ENSG00000231955",0.00502850901285684,0.716320744202354,0.013,0.008,1
"AAAS","AAAS",0.00502893378096587,-0.251565878133837,0.054,0.064,1
"SETD2","SETD2",0.00503761317911522,0.101920137490303,0.584,0.572,1
"ABHD10","ABHD10",0.00503811283708564,-0.175527758813807,0.081,0.093,1
"ENSG00000258580","ENSG00000258580",0.00504188990499337,-0.534781419748265,0.017,0.023,1
"ENSG00000249776","ENSG00000249776",0.00504300528377301,0.515409251511721,0.027,0.021,1
"RAB35","RAB35",0.00504915248733487,0.246589226277347,0.076,0.065,1
"KLHL25","KLHL25",0.00505148429296675,0.358085479166521,0.033,0.026,1
"CLDN5","CLDN5",0.00505667054202737,-0.567165458787741,0.006,0.01,1
"ENSG00000267108","ENSG00000267108",0.00505886922085542,-0.714866384805433,0.006,0.01,1
"ENSG00000227945","ENSG00000227945",0.00506420333134613,-0.38723240354518,0.012,0.018,1
"SAP18","SAP18",0.00507069300144704,-0.159017461324045,0.117,0.132,1
"UAP1L1","UAP1L1",0.00508462960105024,-0.18821384594359,0.066,0.077,1
"RAB3IL1","RAB3IL1",0.00509813973838482,0.250107506493998,0.026,0.02,1
"ZNF431","ZNF431",0.00509961865826209,0.203360528264493,0.262,0.249,1
"GCA","GCA",0.0051039755288818,0.236671743309851,0.282,0.27,1
"SH3GL2","SH3GL2",0.00511670507039255,-0.363976802124135,0.039,0.047,1
"CARD19","CARD19",0.0051197290937866,0.273026195421903,0.094,0.082,1
"PDP2","PDP2",0.005126518291454,0.311796954935458,0.05,0.041,1
"MTARC2","MTARC2",0.00512928586162333,0.690087595059818,0.021,0.015,1
"ENSG00000282943","ENSG00000282943",0.00514107654675491,-0.254444006416355,0.043,0.052,1
"ENSG00000233246","ENSG00000233246",0.00517335958482174,0.370666480278448,0.024,0.018,1
"ENSG00000247853","ENSG00000247853",0.00518629117166966,0.313501062024097,0.025,0.019,1
"SYMPK","SYMPK",0.00518751361140668,-0.112572477562653,0.28,0.299,1
"EXOSC8","EXOSC8",0.00519108358531082,-0.137243296409971,0.08,0.092,1
"NOLC1","NOLC1",0.00519312600229334,0.341364664080081,0.064,0.054,1
"PTGDS","PTGDS",0.00519818165215154,-0.620028666938332,0.016,0.022,1
"UBE2F-SCLY","UBE2F-SCLY",0.00523810408001635,0.480121990365449,0.041,0.033,1
"ZNF630","ZNF630",0.00525165461606259,0.27246719039893,0.093,0.081,1
"ATRAID","ATRAID",0.00525651560787958,-0.179952306937293,0.067,0.079,1
"SNX17","SNX17",0.00526075959649966,-0.163004050837677,0.083,0.096,1
"TRIM32","TRIM32",0.00526221252475871,0.392162808067493,0.029,0.023,1
"FRAS1","FRAS1",0.00528782203769826,-0.260446267810314,0.008,0.013,1
"DPP10","DPP10",0.0052891739805166,-0.114565269615908,0.216,0.235,1
"ZNF652-AS1","ZNF652-AS1",0.00529633440882102,0.388733826421907,0.055,0.046,1
"UBQLN4","UBQLN4",0.0053395783401947,0.304641416791409,0.079,0.068,1
"ZNF839","ZNF839",0.00534189962177806,-0.230823922098787,0.064,0.074,1
"NUP93-DT","NUP93-DT",0.00535395465794218,-0.417293075528625,0.015,0.021,1
"CENPBD2P","CENPBD2P",0.00537676481512453,0.319221484117242,0.041,0.033,1
"POLA2","POLA2",0.00538449742458155,0.23100932021421,0.103,0.091,1
"POMT1","POMT1",0.00539786654482968,-0.177702116961242,0.086,0.099,1
"CUEDC2","CUEDC2",0.00540149930326254,-0.16552838508459,0.095,0.108,1
"CTH","CTH",0.00542976506706624,-0.372042568643303,0.025,0.032,1
"RCN1","RCN1",0.00543530798159855,0.459890313002757,0.028,0.022,1
"MSRB2","MSRB2",0.00544170933437097,0.242706655124125,0.135,0.122,1
"HNRNPA1","HNRNPA1",0.00545305827726653,0.154838923704175,0.173,0.158,1
"CSKMT","CSKMT",0.00546880496689921,-0.607418062995666,0.015,0.021,1
"USH2A","USH2A",0.00546907097297174,-0.497853846867838,0.013,0.019,1
"KSR2","KSR2",0.00547436485629441,-0.246746424672434,0.09,0.103,1
"ENSG00000267838","ENSG00000267838",0.00549663495309085,-0.407698263125224,0.007,0.011,1
"HSPG2","HSPG2",0.00550191614114109,-0.308694383378122,0.032,0.04,1
"ZNF684","ZNF684",0.00550992692697503,-0.162150313831185,0.054,0.064,1
"FAM193B","FAM193B",0.00552857307840282,0.129892768005556,0.261,0.244,1
"KLHL22","KLHL22",0.00552869475943544,0.222342166263067,0.191,0.177,1
"SFT2D3","SFT2D3",0.00553628796191193,0.386945639636382,0.031,0.024,1
"ST8SIA3","ST8SIA3",0.00554877474535437,-0.362902262388017,0.028,0.036,1
"LRRC37A.1","LRRC37A.1",0.0055502784286574,0.185704217124365,0.201,0.185,1
"TK2","TK2",0.00555180467085478,-0.114217267717228,0.084,0.097,1
"LINC00539","LINC00539",0.00555842642316705,0.381738179099253,0.079,0.068,1
"ENSG00000267321","ENSG00000267321",0.00556850572455724,-0.139907644862469,0.078,0.09,1
"TENM2","TENM2",0.00556959715281651,-0.403413597801054,0.04,0.049,1
"GMFB","GMFB",0.00558496657628082,0.245345653575029,0.09,0.079,1
"ENSG00000265750","ENSG00000265750",0.00563688441149017,-0.215738555777916,0.021,0.027,1
"EMSY-DT","EMSY-DT",0.00564290799173597,-0.298679715793132,0.032,0.04,1
"BNIP1","BNIP1",0.0056550398595686,-0.158446879786979,0.035,0.043,1
"KDELR1","KDELR1",0.0056746753926398,-0.115330357413185,0.098,0.112,1
"LMO7","LMO7",0.0056886221199209,0.272839691367413,0.192,0.179,1
"CFAP44","CFAP44",0.00569192219383529,0.169055461329599,0.129,0.115,1
"KCTD15","KCTD15",0.00569222620553235,0.565951325568584,0.017,0.012,1
"P4HA3","P4HA3",0.00569338928276211,0.295448640494044,0.026,0.019,1
"LAMTOR2","LAMTOR2",0.00569937867206315,0.380478504586174,0.052,0.044,1
"MIR9-3HG","MIR9-3HG",0.00569953276723273,-0.194558059754019,0.063,0.074,1
"NAA40","NAA40",0.00570400688676049,0.298304425177061,0.075,0.065,1
"SLC25A1","SLC25A1",0.00571961370357073,0.274074290203206,0.086,0.075,1
"C1orf226","C1orf226",0.00573896147057504,0.52773992501259,0.018,0.013,1
"ATP6V0E2-AS1","ATP6V0E2-AS1",0.00574225920959405,0.473588440691461,0.027,0.021,1
"ANAPC13","ANAPC13",0.00575768434609375,-0.387013692119758,0.025,0.032,1
"ATP1B2","ATP1B2",0.00580553722579238,-0.116691850007775,0.087,0.1,1
"CDC37","CDC37",0.00582463827690735,0.184687067341674,0.161,0.147,1
"PLGLB1","PLGLB1",0.00586325688475895,0.209202768004819,0.111,0.099,1
"ENSG00000285444","ENSG00000285444",0.00587177338836664,-0.414780900192658,0.015,0.02,1
"ZNF404","ZNF404",0.0058751443038338,-0.253562304315518,0.049,0.059,1
"PDE3A","PDE3A",0.00589273811946533,0.56540903622582,0.035,0.028,1
"PABIR2","PABIR2",0.00589623833575186,0.308155765492381,0.084,0.074,1
"ATP1B1","ATP1B1",0.00591736449580328,0.217219480804331,0.536,0.632,1
"ZSWIM4","ZSWIM4",0.00592390742841341,0.374195015184821,0.045,0.037,1
"HAX1","HAX1",0.0059394494795047,-0.215640388470282,0.067,0.078,1
"FBXL19","FBXL19",0.00594261546775672,0.353033966470033,0.055,0.046,1
"ENSG00000196741","ENSG00000196741",0.0059430334368894,0.437111410289422,0.018,0.013,1
"ENSG00000255817","ENSG00000255817",0.00596943868260876,0.49997820281202,0.011,0.007,1
"LINC02763","LINC02763",0.0060011919465333,0.661433405017932,0.012,0.008,1
"ZMAT2","ZMAT2",0.00600962493685072,-0.133543421664732,0.061,0.072,1
"COX20","COX20",0.00603315412647787,0.18125843093681,0.164,0.15,1
"MVD","MVD",0.00606682581967501,-0.15876197772049,0.099,0.112,1
"TPD52L2","TPD52L2",0.00609157356851675,-0.150068058207462,0.146,0.161,1
"TRIM41","TRIM41",0.00609723364624158,0.322408982995241,0.056,0.047,1
"CRYGS","CRYGS",0.00609888484117243,0.304876978226469,0.055,0.046,1
"LINC01554","LINC01554",0.00611481871251171,-0.711267377092168,0.006,0.01,1
"LINC00393","LINC00393",0.00612966514880645,-0.668857494140346,0.008,0.013,1
"ZNF614","ZNF614",0.00618234204821378,0.251706560090855,0.062,0.052,1
"SKA2","SKA2",0.00621228176533956,-0.130394051853076,0.118,0.133,1
"FAM222A-AS1","FAM222A-AS1",0.00621311591645288,-0.21535598377889,0.068,0.079,1
"MAGEH1","MAGEH1",0.00621497440197431,-0.188504602734857,0.064,0.074,1
"CCDC34","CCDC34",0.00624406036469683,0.584518776749735,0.012,0.008,1
"ARF1","ARF1",0.00630238561023027,0.164345762002754,0.247,0.232,1
"TWSG1","TWSG1",0.00630659062433659,-0.102764776600457,0.132,0.147,1
"CFAP100","CFAP100",0.00631528643682896,0.778006321879617,0.013,0.008,1
"ZBTB2","ZBTB2",0.00632679575575476,0.472100339622075,0.06,0.051,1
"LINC02951","LINC02951",0.00633020680035992,-0.361527107691168,0.021,0.027,1
"ENSG00000244676","ENSG00000244676",0.00634910909902239,-0.582348516786569,0.008,0.012,1
"KBTBD6","KBTBD6",0.00636158913985738,-0.190793430704085,0.072,0.083,1
"PPFIA4","PPFIA4",0.00638060803503749,0.503589642987201,0.033,0.026,1
"EBNA1BP2","EBNA1BP2",0.0063825920012671,-0.162359243341443,0.04,0.049,1
"TAX1BP1","TAX1BP1",0.00641091374264175,0.129375613987595,0.448,0.436,1
"TMEM74","TMEM74",0.00641486317714502,0.409543481409646,0.012,0.008,1
"ABCB1","ABCB1",0.00642649396008871,-0.38075379221411,0.008,0.013,1
"KIFC3","KIFC3",0.00643733962889156,0.208578983937611,0.168,0.154,1
"RNF34","RNF34",0.00645221377948109,-0.152386702053937,0.163,0.178,1
"TRIM13","TRIM13",0.00645611497060926,0.137961899639523,0.244,0.228,1
"TMEM44","TMEM44",0.00647078588430236,0.537490079176814,0.013,0.009,1
"VASN","VASN",0.00649814421360597,0.640872125646314,0.013,0.009,1
"MGC4859","MGC4859",0.00651613500805723,0.75869146138946,0.014,0.009,1
"AFG2B","AFG2B",0.00652096392430767,0.309525786065187,0.083,0.073,1
"ZNF257","ZNF257",0.00656250951727038,-0.11887536605006,0.032,0.04,1
"NUDCD2","NUDCD2",0.00656599098101922,-0.19802263646456,0.09,0.102,1
"TIGD7","TIGD7",0.00657330341843198,0.269863478378653,0.068,0.058,1
"ENSG00000273080","ENSG00000273080",0.00659565627214067,-0.796769822646942,0.007,0.011,1
"CLSTN2","CLSTN2",0.00660678265589409,-0.19361999184004,0.06,0.07,1
"ENSG00000267127","ENSG00000267127",0.00661433141755306,-0.788485151619192,0.009,0.013,1
"COCH","COCH",0.00662568719231557,0.516798955370705,0.027,0.021,1
"KCTD20","KCTD20",0.00666525444025459,-0.102970930423392,0.155,0.171,1
"ENSG00000251298","ENSG00000251298",0.00666557436145523,-0.528442372604176,0.009,0.013,1
"LINC00327","LINC00327",0.00668616317396952,-0.300983805236139,0.012,0.017,1
"MEAF6","MEAF6",0.00668825988709276,-0.114953043950992,0.135,0.15,1
"RHBDF1","RHBDF1",0.00668935317677881,-0.374096424503646,0.019,0.025,1
"ENSG00000240401","ENSG00000240401",0.00669112025378471,-0.222725990952743,0.095,0.107,1
"MAP3K2-DT","MAP3K2-DT",0.00669227117449331,0.263395676060331,0.022,0.016,1
"TSNAXIP1","TSNAXIP1",0.00670269680247335,0.514146234312383,0.014,0.009,1
"ADCK5","ADCK5",0.00671035729482425,0.52216364440751,0.03,0.023,1
"PPCS","PPCS",0.0067190932842201,0.359527341367763,0.059,0.049,1
"FAM174B","FAM174B",0.00672271342388427,-0.143840961835424,0.195,0.212,1
"ADGRB1","ADGRB1",0.00673676743234287,-0.20289088380826,0.07,0.08,1
"RAVER1","RAVER1",0.00673698487711448,0.570507898340359,0.019,0.014,1
"ABLIM3","ABLIM3",0.00674292660541268,-0.166638154027179,0.099,0.112,1
"SHARPIN","SHARPIN",0.00674617610993178,0.280832061328042,0.104,0.093,1
"ENSG00000271978","ENSG00000271978",0.00675052316048896,0.612840315619682,0.017,0.012,1
"NTNG1","NTNG1",0.00676898943093877,-0.133837154377597,0.105,0.119,1
"PKN1","PKN1",0.00678170112955059,0.250860437618936,0.163,0.15,1
"TEX29","TEX29",0.00678921567784204,0.56724967873629,0.014,0.01,1
"KDSR-DT","KDSR-DT",0.00679190948018567,-0.224158740609121,0.037,0.045,1
"SH3BP5L","SH3BP5L",0.0067964415638462,0.272498621861481,0.061,0.052,1
"OGG1","OGG1",0.00680690672365228,-0.127645434890415,0.085,0.098,1
"ZMAT4","ZMAT4",0.00681371782422944,0.62600223226382,0.033,0.026,1
"NTN1","NTN1",0.00682166662242896,-0.158526899583902,0.106,0.119,1
"INTS11","INTS11",0.00682209120454633,-0.111740580392223,0.186,0.203,1
"CELF3","CELF3",0.00684984937818749,-0.666111401344108,0.006,0.01,1
"TIMM17B","TIMM17B",0.00686765462085016,-0.289639095598742,0.05,0.06,1
"ENSG00000265739","ENSG00000265739",0.00687277312024853,0.428679405565488,0.014,0.009,1
"ZNF469","ZNF469",0.00687800967038681,0.624327640157216,0.023,0.017,1
"PLAT","PLAT",0.00692683953728341,-0.447854536759764,0.05,0.059,1
"LDHD","LDHD",0.00694813524093325,-0.366801178654476,0.019,0.025,1
"LOC105371090","LOC105371090",0.00697638307937312,0.437811288796101,0.016,0.012,1
"AKR7A2","AKR7A2",0.0069875920759422,-0.226086355079985,0.049,0.059,1
"CCNO-DT","CCNO-DT",0.00701210873248129,0.48751729315081,0.023,0.017,1
"SIKE1","SIKE1",0.00701278550153894,0.239594439187916,0.088,0.077,1
"ODAD4","ODAD4",0.00701731183389804,-0.612771263403634,0.01,0.014,1
"DAGLA","DAGLA",0.00702751589795992,0.517316286256345,0.016,0.011,1
"NUP210","NUP210",0.00703905093906407,0.205436397250907,0.188,0.174,1
"GHRL","GHRL",0.00704994606359213,0.481947488234206,0.017,0.012,1
"LOC101928008","LOC101928008",0.00706370214644642,0.29944820208269,0.048,0.039,1
"FEM1A","FEM1A",0.007067708823376,-0.135855401847797,0.049,0.058,1
"ZSCAN25","ZSCAN25",0.00707276423000032,-0.218211909356999,0.052,0.061,1
"SLC7A8","SLC7A8",0.00707816228348118,0.384509360152812,0.027,0.021,1
"ENSG00000283563","ENSG00000283563",0.00709359459754668,0.401438324340384,0.029,0.023,1
"PPP1R9A-AS1","PPP1R9A-AS1",0.00710767737560883,0.18871133792455,0.049,0.04,1
"TRMT10C","TRMT10C",0.00711918517817242,0.334019027639379,0.056,0.047,1
"ENSG00000255250","ENSG00000255250",0.00712736589493381,-0.202647839232291,0.021,0.028,1
"LINC01492","LINC01492",0.00715882866474853,0.719257576864606,0.011,0.007,1
"ENSG00000260911","ENSG00000260911",0.00716621928600559,0.259899802540106,0.126,0.114,1
"ZNF534","ZNF534",0.0071761930496518,-0.421331344102255,0.013,0.018,1
"RRAGC","RRAGC",0.00717884154005711,0.324802345982281,0.108,0.097,1
"TMEM150C","TMEM150C",0.00718389646890816,-0.240689973098586,0.069,0.08,1
"CISD3","CISD3",0.0071847876921507,0.30718108346536,0.045,0.037,1
"NEFM","NEFM",0.00718559386593135,0.479410199469485,0.034,0.027,1
"UCKL1","UCKL1",0.00719771847662352,0.336551622674417,0.07,0.06,1
"IGFLR1","IGFLR1",0.00720223702735116,0.587612137977699,0.011,0.007,1
"NADK2","NADK2",0.00724178875743165,-0.11818094838031,0.118,0.132,1
"LUZP2","LUZP2",0.00726425665357747,-0.224291025705178,0.169,0.183,1
"CNTNAP3","CNTNAP3",0.00727054872802371,-0.281931038652483,0.05,0.059,1
"ACOT8","ACOT8",0.0072707809591265,-0.221026606285413,0.068,0.078,1
"TIMM17A","TIMM17A",0.00729247321011964,-0.223166830809489,0.051,0.061,1
"LOC101927948","LOC101927948",0.00730368157243348,-0.644784584534456,0.009,0.014,1
"ACTL6A","ACTL6A",0.00732913382198237,0.304496248244069,0.076,0.066,1
"ENKD1","ENKD1",0.00733915519464165,-0.544527962461962,0.011,0.016,1
"DLEC1","DLEC1",0.0073529223826713,0.859682300897841,0.012,0.008,1
"MPI","MPI",0.0073641987269923,-0.321713614767659,0.053,0.062,1
"DUSP11","DUSP11",0.00738414788820151,0.352758784281138,0.078,0.068,1
"SMAD4","SMAD4",0.00740031548352755,0.206995545533947,0.173,0.159,1
"PWP2","PWP2",0.007412897589525,-0.185927183992993,0.009,0.013,1
"ETHE1","ETHE1",0.0074172415766945,0.39947609147457,0.049,0.041,1
"SREK1IP1","SREK1IP1",0.00741861667079287,0.236433217789215,0.145,0.132,1
"UTP18","UTP18",0.0074620344493288,0.180352643347438,0.148,0.135,1
"STT3A","STT3A",0.00746324594572048,0.257142498331017,0.094,0.083,1
"EDARADD","EDARADD",0.00746854680276886,0.346537802722924,0.023,0.018,1
"TRIM45","TRIM45",0.00747312233768666,-0.629718495436389,0.007,0.01,1
"PRR13","PRR13",0.00747338768089977,0.326620166651326,0.097,0.087,1
"SLC30A4","SLC30A4",0.00747912874928355,-0.143554367551575,0.118,0.132,1
"GPAA1","GPAA1",0.00748564480043286,-0.169659724151483,0.096,0.109,1
"ENSG00000258272","ENSG00000258272",0.00750215411792345,-0.45540320338433,0.008,0.012,1
"GTF2F1","GTF2F1",0.00750268197268684,-0.245104158239696,0.042,0.051,1
"TNKS2","TNKS2",0.00750650785571955,0.112527193379605,0.357,0.343,1
"RETSAT","RETSAT",0.0075264958939351,-0.16224031650358,0.055,0.065,1
"TGOLN2","TGOLN2",0.0075389686881579,0.183081572166687,0.287,0.273,1
"ARMCX2","ARMCX2",0.00754062493410495,0.234537778576719,0.055,0.046,1
"TSPAN31","TSPAN31",0.00756113345545283,0.242897167386581,0.082,0.071,1
"ZNF665","ZNF665",0.0075836906911454,-0.231118426152248,0.039,0.047,1
"ENSG00000259995","ENSG00000259995",0.00760673857094391,0.450043753605044,0.03,0.024,1
"SPATC1L","SPATC1L",0.00762291902411942,-0.185965936131361,0.034,0.042,1
"LAMA1","LAMA1",0.00762292367568978,-0.532326406238337,0.008,0.012,1
"GBA1","GBA1",0.00762643406154219,-0.297133395342934,0.073,0.084,1
"PRDX4","PRDX4",0.00765309867980951,0.316082839333966,0.068,0.058,1
"RPA3","RPA3",0.00765941466194162,0.25022362267798,0.046,0.038,1
"RAB27B","RAB27B",0.00768517799371887,-0.362316158117114,0.036,0.044,1
"FLT3","FLT3",0.00769027202262267,-0.196284915767867,0.034,0.041,1
"ENSG00000260371","ENSG00000260371",0.00769877302086127,0.421278361942254,0.021,0.016,1
"PDZRN4","PDZRN4",0.00769910295307677,-0.23643875981198,0.16,0.175,1
"CABIN1","CABIN1",0.00770008632764389,0.172593551169258,0.264,0.25,1
"SLC35D1","SLC35D1",0.0077142462230729,-0.146264435724165,0.176,0.191,1
"ENSG00000253553","ENSG00000253553",0.00774330106487243,0.254284731934542,0.074,0.064,1
"NSUN5","NSUN5",0.00774809389173008,0.223257324112335,0.126,0.113,1
"ZNF808","ZNF808",0.00776575894109,0.347933332176941,0.049,0.041,1
"TRPC3","TRPC3",0.00778053459209523,-0.130878130785103,0.023,0.03,1
"BLVRA","BLVRA",0.00778894584430029,-0.387952939094994,0.025,0.032,1
"ENSG00000271554","ENSG00000271554",0.00779163608438718,0.486775833041354,0.037,0.03,1
"DDR2","DDR2",0.00779411219848841,-0.233420194904213,0.025,0.032,1
"CSPG4","CSPG4",0.00780022830804481,-0.258209204903239,0.095,0.106,1
"ARSD","ARSD",0.00784472032529716,-0.224994014188982,0.018,0.024,1
"NCAN","NCAN",0.00784765905839476,-0.331380150497321,0.009,0.013,1
"NDUFAB1","NDUFAB1",0.00785966269172388,-0.212134306439719,0.066,0.076,1
"B3GNT9","B3GNT9",0.00788623434684641,-0.493895078123362,0.015,0.02,1
"SNHG18","SNHG18",0.00795094707155026,-0.36242188012843,0.03,0.037,1
"MASP2","MASP2",0.0079640188979074,-0.346901736947665,0.022,0.028,1
"OTUB1","OTUB1",0.00798179263608669,-0.158700138246226,0.105,0.118,1
"CABYR","CABYR",0.00798569719299117,0.342990242546172,0.066,0.056,1
"ZNF354C","ZNF354C",0.00799065398885528,-0.128773247496475,0.071,0.082,1
"ZNF98","ZNF98",0.00799278557002526,-0.117185981468708,0.037,0.045,1
"ATP2C2","ATP2C2",0.00799985571018595,-0.239264106529864,0.077,0.088,1
"PRKAR1A","PRKAR1A",0.00802682494030149,0.155549440006513,0.332,0.32,1
"GDI2","GDI2",0.00804485721410055,0.149289038359295,0.331,0.319,1
"ENSG00000229487","ENSG00000229487",0.00806563580933875,0.490888444078933,0.012,0.008,1
"ENSG00000235910","ENSG00000235910",0.00806814472876006,-0.279199435286098,0.017,0.022,1
"LRRD1","LRRD1",0.00806991354938645,-0.527358423305074,0.011,0.015,1
"ZNF718","ZNF718",0.0080793954422209,0.184157895967422,0.346,0.336,1
"FTSJ1","FTSJ1",0.00811203899399563,0.337698534621077,0.033,0.026,1
"SPRED3","SPRED3",0.00813053733647081,-0.369381387484016,0.022,0.029,1
"ACSS1","ACSS1",0.00813091906846782,0.230599665229397,0.217,0.204,1
"RNASEH1","RNASEH1",0.00814188358902094,-0.447668532495209,0.011,0.016,1
"ADCY8","ADCY8",0.00815724996874147,-0.298492956559419,0.07,0.081,1
"ARHGAP11B-DT","ARHGAP11B-DT",0.00819218653215814,-0.306150955897587,0.023,0.03,1
"ENSG00000260465","ENSG00000260465",0.00822037465003747,0.596171181810155,0.018,0.013,1
"COMT","COMT",0.00823056584787714,0.151857434557864,0.252,0.237,1
"ZNF676","ZNF676",0.0082336084629805,-0.249231138867129,0.027,0.034,1
"GOT1-DT","GOT1-DT",0.00823428222390824,-0.206001592465863,0.058,0.068,1
"LOC100271832","LOC100271832",0.00823923927496592,-0.835395600337283,0.006,0.01,1
"REEP5","REEP5",0.00824152507211811,0.168042527405544,0.253,0.238,1
"STAG2","STAG2",0.00825391915009862,0.117497642491562,0.497,0.485,1
"ENSG00000228506","ENSG00000228506",0.0082553437657158,-0.131385133311883,0.068,0.079,1
"GMPR","GMPR",0.00828971249260719,0.681550118537739,0.015,0.01,1
"SNX12","SNX12",0.00831414123798484,0.25480080383588,0.05,0.041,1
"JMJD4","JMJD4",0.00832572189519791,-0.180097704848118,0.023,0.029,1
"ITGA4","ITGA4",0.00834428813355379,0.647532747305744,0.014,0.01,1
"FANCE","FANCE",0.00835052059497939,0.440146064136006,0.013,0.009,1
"ZNF8-DT","ZNF8-DT",0.0083518804938222,-0.240433653763419,0.038,0.046,1
"KHNYN","KHNYN",0.00835597097873097,0.260576735903277,0.058,0.049,1
"ZNF711","ZNF711",0.00835791958425546,-0.177940382527934,0.053,0.063,1
"PSMC2","PSMC2",0.00836374861679947,-0.113381419420142,0.145,0.16,1
"RNF5","RNF5",0.00836521748759924,-0.300170740874621,0.055,0.065,1
"RELL2","RELL2",0.00837742707542359,0.493768690880454,0.013,0.009,1
"TMEM201","TMEM201",0.00839593320351305,-0.227778066806671,0.038,0.047,1
"POPDC1","POPDC1",0.00840511684004978,0.302788936725345,0.092,0.081,1
"CPO","CPO",0.00841616656188569,0.566333538655742,0.017,0.012,1
"ENSG00000223944","ENSG00000223944",0.00841884121660212,0.618354875818205,0.025,0.019,1
"CLSPN","CLSPN",0.00843547420265966,1.02164593749602,0.01,0.007,1
"TMEM130","TMEM130",0.00844761248349621,-0.464955931661826,0.019,0.025,1
"DLGAP4-AS1","DLGAP4-AS1",0.00845506446500846,0.360439279095276,0.033,0.027,1
"TONSL","TONSL",0.00845912289869313,0.425355559261653,0.01,0.006,1
"POLQ","POLQ",0.00846974788917256,0.639994758241919,0.01,0.007,1
"PCNX3","PCNX3",0.00847314776129857,0.410600212775007,0.051,0.043,1
"KCTD21","KCTD21",0.0084822574392071,0.377703153369872,0.031,0.024,1
"AP3M2","AP3M2",0.00848772783467071,-0.18655972345056,0.072,0.083,1
"FAM227A","FAM227A",0.00848859644151521,0.467084287787822,0.023,0.017,1
"HERC5","HERC5",0.00848992385147528,0.18501879708297,0.054,0.045,1
"COPS7B","COPS7B",0.00852600526703188,0.23109259308452,0.119,0.107,1
"PPEF1","PPEF1",0.00857990414459366,-0.35295377621209,0.011,0.015,1
"WDR83","WDR83",0.008592121360273,0.270354242314011,0.038,0.031,1
"DRC2","DRC2",0.00860548510918503,0.376308509104514,0.038,0.031,1
"TUBA4A","TUBA4A",0.00862207702967039,0.453858842164646,0.014,0.01,1
"TMEM184C","TMEM184C",0.0086381699954727,0.221892335903909,0.131,0.118,1
"TRIM28","TRIM28",0.00866514662646296,0.152806819511171,0.157,0.143,1
"NDUFAF4","NDUFAF4",0.00869200433222909,0.307917867023059,0.062,0.052,1
"ENSG00000253133","ENSG00000253133",0.00874241182517833,-0.430620658545537,0.017,0.023,1
"NR1H2","NR1H2",0.00874676799542881,0.225594388932309,0.132,0.119,1
"CHST2","CHST2",0.00879727430303424,-0.260047956891075,0.039,0.047,1
"ENSG00000225811","ENSG00000225811",0.00880882033492199,0.464301428662941,0.032,0.025,1
"MINAR1","MINAR1",0.0088500503111896,0.18975358267639,0.027,0.021,1
"LMO7-AS1","LMO7-AS1",0.00885076080689374,0.625787778244758,0.021,0.015,1
"UCHL5","UCHL5",0.00887370907805933,0.198138116331663,0.15,0.137,1
"LINC01265","LINC01265",0.00888449212657539,0.390320504501401,0.045,0.037,1
"C3orf18","C3orf18",0.00888639293797416,-0.416569634525142,0.016,0.022,1
"WDR4","WDR4",0.0089068892291377,0.234131428988464,0.064,0.055,1
"ARSK","ARSK",0.00893844656259682,0.337859641234453,0.055,0.046,1
"MYO5B","MYO5B",0.0089582451367256,-0.236924913292459,0.028,0.035,1
"MTM1","MTM1",0.00898860147104075,0.183748655066574,0.25,0.236,1
"MED8","MED8",0.00898900837185747,-0.176762510466934,0.051,0.06,1
"PICK1","PICK1",0.00900041235169335,0.215834185274201,0.177,0.164,1
"PAFAH1B3","PAFAH1B3",0.0090017268744333,0.532367188312562,0.031,0.025,1
"NAT9","NAT9",0.00906253587606956,0.162505741649852,0.078,0.067,1
"GALNT17","GALNT17",0.00907327841370174,-0.30741232453515,0.03,0.037,1
"LMBR1","LMBR1",0.0090794537609991,0.151197017383648,0.328,0.314,1
"ANKRD54","ANKRD54",0.00907985746000861,-0.154096539414246,0.062,0.072,1
"HCFC1R1","HCFC1R1",0.00908339896981599,-0.102616805377728,0.093,0.106,1
"CRTAP","CRTAP",0.0090935796565324,0.362014470355322,0.115,0.104,1
"MDH1","MDH1",0.00918613837521524,-0.116520198080831,0.146,0.161,1
"CDIN1","CDIN1",0.00919475398678278,0.169592144118423,0.338,0.326,1
"TLNRD1","TLNRD1",0.00923167221387209,0.398887331869496,0.053,0.044,1
"HIKESHI","HIKESHI",0.00925734438051397,-0.104615186435278,0.153,0.168,1
"MPZ","MPZ",0.00926818405350298,0.730283930587908,0.011,0.007,1
"ABCD1","ABCD1",0.00928561005949611,0.38096684363531,0.025,0.019,1
"ENSG00000167945","ENSG00000167945",0.00929889658799738,-0.168092389161689,0.036,0.044,1
"PTOV1","PTOV1",0.00929910637739433,0.175843883762089,0.204,0.189,1
"CDK8","CDK8",0.00931309348659337,0.125199071423823,0.403,0.39,1
"ENSG00000230185","ENSG00000230185",0.00931475766428254,-0.269451826812236,0.049,0.058,1
"ZNF397","ZNF397",0.00934004591433213,0.160565039763085,0.348,0.335,1
"MIR4422HG","MIR4422HG",0.00936047487549552,-0.418337797418237,0.006,0.01,1
"EMC8","EMC8",0.009394407969645,-0.131027816025542,0.085,0.097,1
"METTL27","METTL27",0.00946861242324314,0.599558052087102,0.011,0.007,1
"CDKN2D","CDKN2D",0.00949130080599895,0.300342031467407,0.033,0.026,1
"ZDHHC18","ZDHHC18",0.00950926759496267,0.253145668364277,0.068,0.058,1
"ENSG00000277611","ENSG00000277611",0.00953796679009437,-0.243338869545062,0.041,0.049,1
"PTPRT","PTPRT",0.00953919622899556,-0.197560423141353,0.121,0.134,1
"GLIPR1L1","GLIPR1L1",0.00955079677111374,0.312828808864506,0.03,0.024,1
"SPMIP4","SPMIP4",0.00963734012835018,0.383498408973233,0.043,0.035,1
"APPL1","APPL1",0.00963743766494653,0.140498097814486,0.292,0.278,1
"ELP2","ELP2",0.00969273816256332,0.14448490561096,0.357,0.344,1
"HINFP","HINFP",0.00969740017944709,0.347617502898457,0.067,0.058,1
"TTC36-AS1","TTC36-AS1",0.0097345637537077,-0.294818021708823,0.026,0.032,1
"CSE1L","CSE1L",0.00973722132391135,-0.102255772201094,0.201,0.218,1
"RPN1","RPN1",0.00974379189636066,0.193593497818588,0.168,0.155,1
"COX10","COX10",0.00974680523887753,0.222500957701137,0.125,0.113,1
"PPP4C","PPP4C",0.00974900377087265,0.354357112302532,0.084,0.074,1
"WDR5B","WDR5B",0.00976387256779262,0.342040109328659,0.027,0.021,1
"SLC26A5-AS1","SLC26A5-AS1",0.00979191399025336,0.630984995653496,0.012,0.008,1
"PLD6","PLD6",0.009802185139728,-0.501189681096047,0.024,0.031,1
"MRM2","MRM2",0.00980239600810619,0.398888563200611,0.039,0.032,1
"VCPKMT","VCPKMT",0.00980332967881287,0.188082450860886,0.092,0.081,1
"SRCAP","SRCAP",0.00985450584319429,0.552944439459469,0.012,0.008,1
"FBXO17","FBXO17",0.00986318852100456,0.538402949057728,0.03,0.023,1
"MRPL40","MRPL40",0.00987871752868622,-0.244356495090817,0.066,0.075,1
"ACP6","ACP6",0.00990383297883366,0.294795241958501,0.103,0.092,1
"C4orf46","C4orf46",0.00990444768431872,-0.417900666918396,0.013,0.018,1
"ENTPD4","ENTPD4",0.009908177527927,0.213429732839538,0.176,0.163,1
"MAOA","MAOA",0.00991449568659356,-0.242816119362526,0.027,0.034,1
"RBM22","RBM22",0.00994120865834509,-0.190045216234935,0.089,0.101,1
"TMEM231","TMEM231",0.00994132424513621,-0.351621067789301,0.011,0.015,1
"GMPPB","GMPPB",0.00994788570924416,0.642864270645037,0.013,0.009,1
"TMEM278","TMEM278",0.00996891347292379,-0.630424231988536,0.009,0.013,1
"PDE8B.1","PDE8B.1",0.00999760229977113,-0.172727265335622,0.049,0.058,1
"ZNF621","ZNF621",0.0099999106303685,-0.109704079730967,0.181,0.197,1
"GALT","GALT",0.0100798546023857,-0.254103119575253,0.015,0.02,1
"PNRC2","PNRC2",0.010087133279475,0.232495705779473,0.088,0.078,1
"ENSG00000255121","ENSG00000255121",0.0101377442945003,-0.60182527701129,0.013,0.017,1
"ENSG00000226605","ENSG00000226605",0.0101429863666571,0.537501748597713,0.016,0.012,1
"ENSG00000270071","ENSG00000270071",0.0101433340147386,-0.550890963391007,0.012,0.017,1
"MKS1","MKS1",0.0101868617091396,-0.198753109353776,0.046,0.054,1
"ENSG00000277511","ENSG00000277511",0.0102254726519133,0.42704179458568,0.013,0.009,1
"CD164","CD164",0.0102287285113244,0.162393603491816,0.313,0.3,1
"NOM1","NOM1",0.0102360704602277,0.220091350623693,0.083,0.073,1
"BHLHE40-AS1","BHLHE40-AS1",0.0102426147917291,0.5939069534171,0.015,0.01,1
"ENSG00000248458","ENSG00000248458",0.0102635117282262,0.284501743922969,0.018,0.013,1
"ZBTB8A","ZBTB8A",0.0102674825336448,-0.293460859056903,0.031,0.038,1
"LIN9","LIN9",0.010273350619353,0.357415295663969,0.036,0.029,1
"KDM4D","KDM4D",0.010279257032163,-0.548800075958442,0.015,0.02,1
"ABT1","ABT1",0.0103087589127029,-0.271104875474608,0.02,0.026,1
"GXYLT1","GXYLT1",0.0103152753682281,0.258116812334007,0.12,0.109,1
"SPRY3","SPRY3",0.0103775057272555,0.500850238669099,0.016,0.012,1
"SOX11","SOX11",0.0104397588621454,-0.205392345618541,0.017,0.023,1
"HSF1","HSF1",0.0104443547607407,0.179697575305229,0.131,0.118,1
"SFI1","SFI1",0.010445358732525,0.232406026485262,0.116,0.104,1
"ALDH1L1","ALDH1L1",0.0104492598118106,-0.24067737158702,0.058,0.067,1
"SLC2A8","SLC2A8",0.0104659054627699,-0.22263234139916,0.044,0.053,1
"CDPF1","CDPF1",0.0104693731522296,-0.218481675405518,0.015,0.021,1
"SHROOM2","SHROOM2",0.0104851569895979,-0.160002140708245,0.029,0.036,1
"TDRKH-AS1","TDRKH-AS1",0.010526797280913,-0.498420708678193,0.011,0.015,1
"ONECUT1","ONECUT1",0.0105281433558454,-0.41222973354635,0.026,0.033,1
"CFAP96","CFAP96",0.0105347800079094,0.280202061008659,0.059,0.05,1
"MCM5","MCM5",0.0105477963513603,0.238500340845433,0.06,0.051,1
"LOC105372295","LOC105372295",0.0105579143591718,0.323472004071721,0.032,0.026,1
"TCF7L2","TCF7L2",0.0105857349745027,0.124686326150147,0.347,0.334,1
"SEMA7A","SEMA7A",0.0106273833079565,-0.112932548374329,0.11,0.123,1
"TMCC3","TMCC3",0.0107382983695028,0.124697864515367,0.433,0.422,1
"SNRPG","SNRPG",0.0107430306022763,0.212245581256026,0.087,0.077,1
"DIAPH3","DIAPH3",0.0107462037508126,0.414000983725552,0.035,0.029,1
"ENSG00000237074","ENSG00000237074",0.0107737897054693,-0.461676166301577,0.018,0.024,1
"TMEM9B","TMEM9B",0.0107745267804049,-0.187938927114247,0.112,0.125,1
"FGF22","FGF22",0.0107941168193255,-0.259275246192143,0.021,0.027,1
"UFD1","UFD1",0.0108007445210261,0.274308033027599,0.117,0.106,1
"CSNK1G1","CSNK1G1",0.0108227410374702,0.217144738321668,0.081,0.071,1
"TMEM97","TMEM97",0.0108252005852486,-0.310639082045969,0.017,0.022,1
"ENSG00000280683","ENSG00000280683",0.0108339078688839,-0.663353904564187,0.012,0.017,1
"RHCE","RHCE",0.0108464877605754,-0.286173322474492,0.025,0.032,1
"KIN","KIN",0.0108631726356671,0.222173604300903,0.135,0.123,1
"KCTD10","KCTD10",0.0109083288196939,0.279809471365271,0.058,0.049,1
"GALR1","GALR1",0.0109125454177049,-0.225914403579531,0.037,0.045,1
"MPHOSPH6","MPHOSPH6",0.0109168912685578,0.218434158567026,0.119,0.107,1
"B3GNT7","B3GNT7",0.0109409906688133,-0.263836093389079,0.036,0.044,1
"BBOF1","BBOF1",0.0109843114644388,-0.196053332460161,0.072,0.083,1
"RUNDC3A","RUNDC3A",0.0110082645031649,-0.202770452987653,0.057,0.067,1
"PDIK1L","PDIK1L",0.0110422292327371,0.22246099452767,0.069,0.06,1
"ADNP","ADNP",0.0110596582987378,0.117900010362734,0.487,0.481,1
"ENSG00000248740","ENSG00000248740",0.0110658803081828,-0.686276335719262,0.009,0.013,1
"TMEM47","TMEM47",0.0110762543055903,-0.362761928616553,0.013,0.018,1
"ZKSCAN7","ZKSCAN7",0.0111143945811364,-0.301889304902978,0.034,0.041,1
"ZNF45","ZNF45",0.0111249390257407,-0.134536570869628,0.045,0.053,1
"ZNF517","ZNF517",0.0111442523488303,-0.43223360733872,0.015,0.02,1
"CPT2","CPT2",0.0111455674306498,-0.188823910248773,0.037,0.044,1
"ENSG00000267114","ENSG00000267114",0.0111885087760705,-0.605585991423817,0.011,0.015,1
"ENSG00000267765","ENSG00000267765",0.0111938605632477,0.353161970803058,0.021,0.015,1
"ELFN2","ELFN2",0.0112060986505242,-0.242169043507879,0.044,0.052,1
"ENSG00000267811","ENSG00000267811",0.0112569476333447,0.746300527542516,0.011,0.007,1
"CRADD-AS1","CRADD-AS1",0.0112877350242055,0.281657798494644,0.036,0.029,1
"POLR2J2-UPK3BL1","POLR2J2-UPK3BL1",0.0113059488172768,0.226444136210873,0.157,0.145,1
"TIRAP","TIRAP",0.0113113734861321,0.434026547478872,0.028,0.022,1
"SUMO3","SUMO3",0.0113390240612878,0.394861751923662,0.059,0.051,1
"RXFP1","RXFP1",0.0113963345047621,-0.364543753179244,0.008,0.012,1
"DCTN6","DCTN6",0.011431754223868,-0.210997177739292,0.058,0.067,1
"LINC00506","LINC00506",0.0114391358330072,-0.210541400098347,0.067,0.077,1
"SLC26A9","SLC26A9",0.0114435201470212,0.5086993757694,0.019,0.014,1
"C2CD4D","C2CD4D",0.0115195999579406,-0.783376137778123,0.007,0.011,1
"RNF103-CHMP3","RNF103-CHMP3",0.0115505864759547,-0.388578974464981,0.03,0.037,1
"METAP1","METAP1",0.0116029176599699,0.239777721168777,0.114,0.103,1
"ENSG00000272667","ENSG00000272667",0.0116166224925085,-0.41862398486884,0.017,0.022,1
"THOC7","THOC7",0.0116511657948734,0.301628237041757,0.106,0.096,1
"LCDR","LCDR",0.0116799086648621,-0.473413857877594,0.015,0.02,1
"TIGD6","TIGD6",0.0116835662447377,-0.335350106646032,0.021,0.026,1
"ABLIM1","ABLIM1",0.0117065777745311,-0.172377569705393,0.08,0.091,1
"LINC02848","LINC02848",0.0117162492397427,-0.258198892987563,0.022,0.028,1
"ASPSCR1","ASPSCR1",0.0117275927265371,-0.130130992855235,0.113,0.126,1
"FANCF","FANCF",0.0117317977952613,0.38641423205338,0.032,0.025,1
"JKAMP","JKAMP",0.0117419075243644,0.130640853633127,0.156,0.142,1
"ENSG00000281039","ENSG00000281039",0.0117666483528686,0.135960761855877,0.266,0.251,1
"SETDB2","SETDB2",0.0117891162849428,0.252901592877943,0.149,0.137,1
"HS6ST2","HS6ST2",0.0118522497633901,-0.2955757326675,0.058,0.067,1
"ARID3B","ARID3B",0.0118741676279401,0.356173973698118,0.071,0.062,1
"ENSG00000263923","ENSG00000263923",0.0118759046513939,-0.363031378129371,0.027,0.034,1
"ZNF774","ZNF774",0.0118760941504913,-0.35648642349987,0.022,0.028,1
"ALG9","ALG9",0.0118815845196844,-0.511070714095598,0.015,0.02,1
"ERICH1","ERICH1",0.0118845203879029,0.191560672589527,0.257,0.245,1
"CASP9","CASP9",0.0119268603310854,-0.171824856043671,0.052,0.061,1
"RASGEF1A","RASGEF1A",0.011927258263062,0.467435540032928,0.011,0.007,1
"CACNB1","CACNB1",0.0119461147114649,0.635508764703002,0.016,0.012,1
"THAP2","THAP2",0.0119481157586722,0.251111978078642,0.066,0.057,1
"KCNT2","KCNT2",0.0119972536526436,-0.173212407969806,0.096,0.107,1
"KTN1-AS1","KTN1-AS1",0.0120094343457255,-0.226258134585172,0.048,0.057,1
"ENHO","ENHO",0.0120254975197248,0.201490865625514,0.081,0.071,1
"GYG1","GYG1",0.0120431439322439,0.291407279894674,0.069,0.06,1
"MUS81","MUS81",0.0120882450262347,0.211652595754192,0.079,0.069,1
"EVI2A","EVI2A",0.0120926245067287,0.200171775369852,0.065,0.056,1
"AVL9","AVL9",0.0120963814891634,0.120029764915165,0.414,0.404,1
"DUS3L","DUS3L",0.0120976200629531,0.482850262436135,0.024,0.019,1
"VEGFA","VEGFA",0.0121112441859004,-0.733602837881353,0.074,0.083,1
"DPP3","DPP3",0.0121191783974172,0.359799515532876,0.022,0.017,1
"POLD1","POLD1",0.012139096959572,0.700946864348954,0.016,0.012,1
"ARL6IP5","ARL6IP5",0.0121552851211373,0.136419202481967,0.377,0.363,1
"ENSG00000272953","ENSG00000272953",0.0121887447577734,-0.388020746724456,0.018,0.024,1
"USP36","USP36",0.0122696965220655,-0.158908255929516,0.192,0.207,1
"PCNX1","PCNX1",0.0122834574580779,0.114775440132672,0.554,0.545,1
"ENSG00000232220","ENSG00000232220",0.0122842783385681,0.473483009648221,0.012,0.008,1
"CCDC152","CCDC152",0.0122862229843642,-0.274825204267528,0.049,0.058,1
"RAD54B","RAD54B",0.012291932067705,-0.376301224177515,0.017,0.022,1
"ACBD3","ACBD3",0.0123034512551615,0.24361591434295,0.184,0.172,1
"SRRM5","SRRM5",0.012359109118783,0.593295237104649,0.015,0.011,1
"NKRF","NKRF",0.0123726190391162,0.260437105060388,0.06,0.051,1
"RAB11FIP5","RAB11FIP5",0.0123742956918567,0.536840690501304,0.016,0.011,1
"ENSG00000260267","ENSG00000260267",0.0123765280283969,-0.467254580246223,0.013,0.018,1
"ITPRID2","ITPRID2",0.0124352804380392,0.18419602754104,0.287,0.275,1
"ENSG00000235085","ENSG00000235085",0.0124530169776287,0.539222704874056,0.015,0.01,1
"PPFIA1","PPFIA1",0.0124637709911906,0.142144165804886,0.387,0.375,1
"ENSG00000260618","ENSG00000260618",0.0124802616328299,0.608475802576613,0.013,0.009,1
"SLC35B1","SLC35B1",0.0124919290767275,0.255241997185478,0.063,0.054,1
"ENSG00000272941","ENSG00000272941",0.0125219154727258,0.290930461214786,0.017,0.013,1
"NUDT15","NUDT15",0.0125775968198416,0.490591647183832,0.014,0.01,1
"GALNT11","GALNT11",0.0125844621534813,0.235142072736169,0.213,0.202,1
"TPR","TPR",0.0126157709071526,0.134618275196121,0.308,0.294,1
"ENSG00000247228","ENSG00000247228",0.0126759112602648,0.230362857892932,0.04,0.033,1
"CDC123","CDC123",0.0126948449887845,0.254456283195816,0.171,0.16,1
"NDUFA1","NDUFA1",0.0127005629007753,0.223688812510755,0.114,0.103,1
"RMND1","RMND1",0.0127274005243831,-0.117506574334742,0.094,0.106,1
"CHRM3","CHRM3",0.0127489474672911,-0.574188529277438,0.011,0.016,1
"C2orf49","C2orf49",0.0127568701050814,0.25042738946436,0.093,0.083,1
"SEC23B","SEC23B",0.0127642268366161,0.170066236977449,0.159,0.146,1
"CERS3","CERS3",0.0127747166506482,-0.563859046523126,0.008,0.012,1
"ENSG00000177946","ENSG00000177946",0.0128058440336713,0.532024636384799,0.023,0.018,1
"NF2","NF2",0.012817305784967,0.248060921769876,0.142,0.131,1
"TTLL4","TTLL4",0.0128175524118693,0.29523483728114,0.144,0.134,1
"CD2BP2","CD2BP2",0.0128187060341904,-0.179691538979458,0.069,0.079,1
"ENSG00000269242","ENSG00000269242",0.0128195483440965,0.445221231212906,0.015,0.01,1
"TSR1","TSR1",0.0128397051380194,0.289055432999088,0.053,0.045,1
"CDC37L1-DT","CDC37L1-DT",0.012845934329135,-0.385590600361944,0.009,0.013,1
"ENSG00000257252","ENSG00000257252",0.0128937222363529,0.25224701694059,0.016,0.012,1
"NAA60","NAA60",0.0128993679979584,-0.22271490213798,0.059,0.068,1
"COL20A1","COL20A1",0.0129299683474994,-0.249600771550265,0.025,0.032,1
"ZSCAN23","ZSCAN23",0.0129443335671057,-0.269628413016175,0.035,0.042,1
"LARS2","LARS2",0.0129703095444106,0.159919773576758,0.172,0.159,1
"TRO","TRO",0.013006355004023,0.287451622910041,0.058,0.049,1
"HAGLR","HAGLR",0.0131339284217485,-0.102772695029509,0.071,0.082,1
"RMND5A","RMND5A",0.0131384660440318,0.130302847063751,0.29,0.276,1
"SLC19A2","SLC19A2",0.0131447408227911,0.363322634889918,0.041,0.034,1
"SEC11A","SEC11A",0.0131455514059609,0.215329165272422,0.209,0.197,1
"CCDC24","CCDC24",0.0131859057943303,-0.395599966228523,0.018,0.023,1
"LITAF","LITAF",0.0131889366262421,0.243393773590826,0.337,0.332,1
"UBOX5","UBOX5",0.013192880084611,-0.106255029664353,0.072,0.083,1
"LRIG2-DT","LRIG2-DT",0.0132624616760625,-0.21855816452404,0.063,0.072,1
"SSR1","SSR1",0.0133322833649468,0.161211810174963,0.302,0.29,1
"DNPH1","DNPH1",0.0133331389031435,-0.194113093205978,0.03,0.037,1
"STON1-GTF2A1L","STON1-GTF2A1L",0.0133345763544044,0.635359864532986,0.019,0.014,1
"HTRA2","HTRA2",0.013361018957035,0.375727926026838,0.038,0.032,1
"ENSG00000259692","ENSG00000259692",0.0133636086814442,-0.305784845511057,0.018,0.023,1
"RRAGB","RRAGB",0.0133881113967181,0.183911560302741,0.19,0.178,1
"MBD1","MBD1",0.0134063255282926,0.243303787090561,0.1,0.09,1
"OBI1-AS1","OBI1-AS1",0.0134306146297802,-0.269386842623038,0.017,0.023,1
"NUDCD1","NUDCD1",0.0134385975614505,0.22600947807778,0.097,0.086,1
"THY1","THY1",0.0134905487473006,-0.15457853662515,0.073,0.084,1
"SORD","SORD",0.0135445322925928,0.273966626589055,0.094,0.083,1
"ENSG00000227042","ENSG00000227042",0.0135447107049391,-0.393147943663846,0.008,0.011,1
"CPAMD8","CPAMD8",0.0135825887929947,-0.676452183949303,0.006,0.01,1
"ADAMTS17","ADAMTS17",0.0135979880220037,-0.237453404249082,0.168,0.181,1
"MSANTD2","MSANTD2",0.01360211246837,0.244089802991771,0.199,0.188,1
"ENSG00000261786","ENSG00000261786",0.0136158872200213,0.337883263047481,0.058,0.05,1
"ALKBH4","ALKBH4",0.0136462233221118,-0.227822599613098,0.039,0.047,1
"NABP2","NABP2",0.0136738302665318,-0.198404810512407,0.04,0.047,1
"PRKAR2B","PRKAR2B",0.0137095871217374,-0.180426483839963,0.061,0.071,1
"PMM1","PMM1",0.0137138776660704,-0.309334646426432,0.032,0.039,1
"JPT2","JPT2",0.0137726995335506,0.245927742361385,0.134,0.124,1
"TDP2","TDP2",0.0137899900784873,0.255010844717972,0.111,0.1,1
"B3GALT1-AS1","B3GALT1-AS1",0.0138343752518335,0.678556067929248,0.01,0.007,1
"PRPF31","PRPF31",0.0139048323388145,0.204118044880317,0.108,0.097,1
"ITPKB","ITPKB",0.0139327218555269,0.173894838161471,0.454,0.449,1
"NME6","NME6",0.0139393019314564,0.410736041006843,0.045,0.038,1
"ENSG00000257767","ENSG00000257767",0.0139705631164955,0.300968245697264,0.023,0.017,1
"DAG1","DAG1",0.0140130724961565,-0.122818545757506,0.093,0.104,1
"TRAPPC14","TRAPPC14",0.0140693143651487,0.522334938054839,0.024,0.019,1
"SETD3","SETD3",0.0141483786804946,0.242426585508477,0.262,0.254,1
"CDR2-DT","CDR2-DT",0.0141527041603046,0.922589499000736,0.011,0.007,1
"PDE11A","PDE11A",0.0141565749633643,-0.511910650978895,0.019,0.025,1
"IFTAP","IFTAP",0.0141750481489238,0.240668279972161,0.082,0.072,1
"L3HYPDH","L3HYPDH",0.0142410043850426,0.185550634153159,0.101,0.091,1
"NSUN7","NSUN7",0.0142512521220915,-0.313394038026192,0.022,0.028,1
"POC1A","POC1A",0.0142753554177756,0.435119604390791,0.021,0.016,1
"ZFAND5","ZFAND5",0.0143286977201093,0.114947108167231,0.27,0.255,1
"L3MBTL4-AS1","L3MBTL4-AS1",0.0143291623855979,0.278171151099292,0.01,0.006,1
"RFK","RFK",0.0143448746392658,0.40686170455665,0.036,0.03,1
"AQP6","AQP6",0.014358464186114,-0.282972984892578,0.009,0.013,1
"INSIG1-DT","INSIG1-DT",0.0143692921524399,0.3935234509422,0.029,0.023,1
"ASB3","ASB3",0.0143756867095334,0.295837140339889,0.063,0.055,1
"ADGRB2","ADGRB2",0.0143924075662786,-0.220167504374213,0.069,0.078,1
"LINC01695","LINC01695",0.0144015816821041,0.252812880342173,0.058,0.049,1
"ENSG00000266744","ENSG00000266744",0.0144096789508478,-0.325843601963576,0.009,0.013,1
"ENSG00000267131","ENSG00000267131",0.0144694201133768,0.331745749365887,0.018,0.013,1
"UBQLN1-AS1","UBQLN1-AS1",0.0144708619080486,-0.631194832738451,0.009,0.013,1
"ZNF407-AS1","ZNF407-AS1",0.0144998826892619,-0.127274039197723,0.066,0.076,1
"NUCB1-AS1","NUCB1-AS1",0.0145568775722743,0.436572696026555,0.011,0.007,1
"USP8","USP8",0.0145610313250852,0.128468548865181,0.304,0.289,1
"ENSG00000225442","ENSG00000225442",0.0146049426651112,0.334165855075204,0.018,0.013,1
"METTL4","METTL4",0.0146065070186665,0.201003381951246,0.119,0.107,1
"SYNGAP1","SYNGAP1",0.0146090283586714,0.299544813914741,0.056,0.048,1
"GSG1L","GSG1L",0.0146093240509917,-0.265254077169539,0.117,0.127,1
"LCA5L","LCA5L",0.0146346283283254,-0.535826578341734,0.007,0.01,1
"ABHD17C","ABHD17C",0.0146405485465313,-0.275622225112586,0.024,0.031,1
"NUDCD3","NUDCD3",0.0146555773107469,0.14959112732388,0.377,0.366,1
"FAM50B","FAM50B",0.0146639046706141,0.324715217950163,0.025,0.019,1
"AEBP1","AEBP1",0.0147197963423236,0.405147538273748,0.011,0.007,1
"YTHDF3","YTHDF3",0.0147310223565965,0.160257033842179,0.272,0.259,1
"ENSG00000258410","ENSG00000258410",0.0147406771449877,-0.103840043418782,0.068,0.079,1
"UBA6","UBA6",0.0147819932093914,0.124456063592864,0.38,0.369,1
"LTAP1","LTAP1",0.0148052072130499,0.167633516954643,0.222,0.208,1
"ZKSCAN2","ZKSCAN2",0.0148246670446972,-0.274895639437408,0.024,0.03,1
"IFRD2","IFRD2",0.0148353509939208,0.274538502912585,0.048,0.041,1
"WDR46","WDR46",0.0150148839246513,0.396851884428516,0.035,0.029,1
"ENSG00000271855","ENSG00000271855",0.0150262149441416,-0.561306157470521,0.011,0.015,1
"SPACDR","SPACDR",0.0151013710985138,0.203004666130214,0.09,0.08,1
"LINC01239","LINC01239",0.0151138951704172,-0.61416730321039,0.01,0.014,1
"CAMK4","CAMK4",0.0151371657594404,-0.317713429794218,0.065,0.075,1
"ILK","ILK",0.0151781050613973,0.143594971047334,0.13,0.118,1
"PHF23","PHF23",0.01519871647547,0.46198184005054,0.028,0.022,1
"ENSG00000261191","ENSG00000261191",0.0152020225720758,0.68321157787367,0.013,0.009,1
"KLHL29","KLHL29",0.0152258503765097,0.442459726311194,0.033,0.027,1
"LATS2","LATS2",0.0152258527334577,0.298738193690091,0.075,0.066,1
"CEP15","CEP15",0.0152444191641683,-0.161993710550402,0.053,0.062,1
"PIP4P1","PIP4P1",0.0152445352834212,0.20677990372627,0.071,0.062,1
"SGCZ","SGCZ",0.0152483378901344,-0.33548762102938,0.136,0.147,1
"FAM186A","FAM186A",0.0152529089927775,-0.736282664734328,0.009,0.012,1
"NID1","NID1",0.0152669971360907,-0.305128116457856,0.013,0.017,1
"TOX4","TOX4",0.0152799259790434,-0.112169639724103,0.118,0.131,1
"SLC25A45","SLC25A45",0.015354993115385,-0.36794581605891,0.023,0.029,1
"PIGP","PIGP",0.0153651522305312,0.207673331353438,0.095,0.085,1
"SERPINB6","SERPINB6",0.0153668657938156,0.154194688888895,0.383,0.374,1
"DKC1","DKC1",0.0153771265901109,0.30034155042484,0.073,0.064,1
"RAB5IF","RAB5IF",0.01538623233387,0.447358110399015,0.027,0.022,1
"NCBP2","NCBP2",0.0154290253884524,0.370794481699279,0.063,0.054,1
"ARFRP1","ARFRP1",0.0154402371873224,-0.106058726588108,0.069,0.079,1
"PTDSS2","PTDSS2",0.0154474383885061,-0.12835791804475,0.15,0.164,1
"LINC02664","LINC02664",0.0154594965758974,0.645140412530897,0.013,0.009,1
"ENSG00000271971","ENSG00000271971",0.0154761903469555,-0.322424315877505,0.015,0.02,1
"ZDHHC16","ZDHHC16",0.0154823427240735,0.24718104956464,0.059,0.051,1
"DLST","DLST",0.0154924879876138,0.242296416190248,0.126,0.115,1
"NAP1L3","NAP1L3",0.0154997421621851,-0.16200265216046,0.058,0.067,1
"CA10","CA10",0.0155293162640165,-0.265456902034065,0.154,0.165,1
"ODAPH","ODAPH",0.0155363918925749,-0.511839660649949,0.013,0.017,1
"TEX10","TEX10",0.015545651372106,0.272921999795148,0.119,0.108,1
"METTL22","METTL22",0.0155924305724461,0.247824900952325,0.086,0.076,1
"TWF1","TWF1",0.0155984734354885,-0.176808880282709,0.085,0.095,1
"VCF2","VCF2",0.0156354872330869,0.271827298958307,0.054,0.046,1
"HGS","HGS",0.015650842929579,0.229386251770213,0.171,0.16,1
"STX5","STX5",0.0156685272508864,0.131989362598167,0.14,0.127,1
"SP2-AS1","SP2-AS1",0.015670494593151,-0.197298713517941,0.047,0.055,1
"RARS1","RARS1",0.0156951312115215,0.224480504388676,0.146,0.135,1
"ENSG00000268352","ENSG00000268352",0.0157031208387961,-0.199858018800596,0.015,0.02,1
"ADGRL1","ADGRL1",0.0157071530908917,-0.114091541619637,0.208,0.223,1
"WWC1","WWC1",0.0157155575981874,-0.2464020454365,0.023,0.029,1
"SNAP47","SNAP47",0.015792402351434,0.248540821747599,0.056,0.048,1
"LOC100129540","LOC100129540",0.0158030531960857,-0.254385448960586,0.013,0.018,1
"TBCCD1","TBCCD1",0.0158038064914218,0.314206908074405,0.059,0.051,1
"SEC61G","SEC61G",0.0158067513994975,0.281558024980864,0.064,0.056,1
"ENSG00000242628","ENSG00000242628",0.0158388668002804,-0.369408339357048,0.016,0.021,1
"ENSG00000256206","ENSG00000256206",0.0158483431859103,0.569789433834243,0.018,0.014,1
"ZMYM3","ZMYM3",0.0158655451339751,0.1783339748209,0.077,0.067,1
"ENSG00000260947","ENSG00000260947",0.0158807297201002,-0.552974978170508,0.009,0.012,1
"TMEM240","TMEM240",0.0158818201968297,0.362099906780675,0.014,0.01,1
"REV1","REV1",0.0159223365347537,0.161990142201572,0.386,0.381,1
"ARL6IP4","ARL6IP4",0.015961475577381,0.142746124660979,0.205,0.193,1
"SUPT7L","SUPT7L",0.01600905346685,-0.154757095728164,0.094,0.105,1
"A1BG-AS1","A1BG-AS1",0.0160397860149024,-0.273914725884556,0.03,0.037,1
"ESF1","ESF1",0.0160628070322951,0.149413392784899,0.217,0.204,1
"ENSG00000285509","ENSG00000285509",0.0160671105465303,-0.654385417123601,0.007,0.011,1
"CCNF","CCNF",0.0160824535483136,0.433667566618436,0.022,0.017,1
"FAM78B","FAM78B",0.01609581986309,-0.323289786853246,0.043,0.051,1
"ENSG00000260661","ENSG00000260661",0.0160981344043362,-0.252719857731921,0.04,0.047,1
"NRG3","NRG3",0.0161083395985892,-0.131454282446416,0.202,0.217,1
"TMEM218","TMEM218",0.016110488939189,-0.154726712344094,0.046,0.054,1
"N4BP2L1","N4BP2L1",0.0161695698931742,0.206230899716621,0.249,0.239,1
"ZNF394","ZNF394",0.0161699177442315,0.198781796232608,0.088,0.078,1
"PEX10","PEX10",0.0161783024196691,-0.190037623857431,0.048,0.056,1
"MPP7","MPP7",0.0162073875090801,0.291401818145048,0.026,0.02,1
"COX18","COX18",0.0162636214336007,-0.104393982403916,0.06,0.07,1
"LINC02511","LINC02511",0.0162749815350559,-0.194321978877388,0.056,0.065,1
"EZH1","EZH1",0.0163518045725166,0.120704533297524,0.335,0.324,1
"ZFP69B","ZFP69B",0.0164199212387978,0.46891878870683,0.018,0.014,1
"RTN2","RTN2",0.016453261631601,0.341580283129536,0.022,0.017,1
"ZNF101","ZNF101",0.0164741880431075,0.478287624654692,0.026,0.021,1
"SLC11A2","SLC11A2",0.0164994442554018,0.148999970638145,0.428,0.421,1
"TYW2","TYW2",0.0165502175284454,0.327206517570882,0.045,0.038,1
"ENSG00000261710","ENSG00000261710",0.0165561135997379,-0.300527940012181,0.025,0.031,1
"ANXA6","ANXA6",0.0165828481519805,0.400817857724615,0.056,0.048,1
"SRRM3","SRRM3",0.0165889636638765,-0.259057576043986,0.036,0.044,1
"TUBG2","TUBG2",0.0166662684253715,-0.103425874289726,0.138,0.151,1
"ENSG00000278376","ENSG00000278376",0.0166771842352562,-0.565953402616848,0.007,0.011,1
"PRRX1","PRRX1",0.016681522426179,0.447663030130662,0.117,0.108,1
"KCNIP2","KCNIP2",0.0166906959751642,0.393401843777632,0.03,0.024,1
"PCTP","PCTP",0.016714849384581,0.250510594407193,0.061,0.053,1
"SLC43A1","SLC43A1",0.0167636281195317,0.37156732442619,0.022,0.017,1
"VBP1","VBP1",0.0168064252334869,-0.153710120663606,0.087,0.098,1
"ZC4H2","ZC4H2",0.016865818726602,-0.107499052552304,0.215,0.231,1
"TACC2","TACC2",0.0168678667628435,-0.133524521903413,0.107,0.119,1
"ENSG00000226445","ENSG00000226445",0.0169472453963252,0.47867368259619,0.038,0.032,1
"SYNCRIP.1","SYNCRIP.1",0.0169605320520503,0.170019139558278,0.153,0.141,1
"AK9","AK9",0.0170179647185338,0.152800348909074,0.214,0.201,1
"ADPRS","ADPRS",0.0171220226220773,0.176520776566719,0.102,0.092,1
"RUNDC3B","RUNDC3B",0.0171372523172571,-0.273458890191665,0.033,0.04,1
"UQCC5","UQCC5",0.0171570757533396,0.216896244464754,0.133,0.122,1
"ENSG00000273204","ENSG00000273204",0.0171751218416882,-0.522065182457109,0.008,0.011,1
"PSD3-AS1","PSD3-AS1",0.0172262818175739,-0.4188095746555,0.011,0.015,1
"PAK1IP1","PAK1IP1",0.0173593258855292,0.204020544247294,0.066,0.057,1
"NUP88","NUP88",0.0173641993100469,0.150812483706965,0.196,0.183,1
"WRAP73","WRAP73",0.0173695758410688,0.338613406110196,0.057,0.049,1
"VMA12","VMA12",0.0173918100881269,0.34521677121115,0.051,0.044,1
"LHFPL3","LHFPL3",0.0174184712179755,-0.282396363302388,0.225,0.236,1
"MRM3","MRM3",0.0174288244138156,0.315945633096728,0.021,0.016,1
"EID2B","EID2B",0.0174347179209321,-0.224016585922029,0.027,0.034,1
"MRPL28","MRPL28",0.0174536272800224,-0.177814573003881,0.052,0.061,1
"GRM5","GRM5",0.0175216752964123,-0.200065132122323,0.159,0.171,1
"ZNF578","ZNF578",0.017562109060175,-0.323169507184324,0.022,0.028,1
"ENSG00000256152","ENSG00000256152",0.0175651605783655,-0.38806741384324,0.012,0.016,1
"RFT1","RFT1",0.017584784151153,-0.179027528534422,0.033,0.04,1
"SYT3","SYT3",0.0176192857506485,0.766205326862131,0.011,0.007,1
"TMEM216","TMEM216",0.0176316713413429,0.634904591254183,0.019,0.015,1
"DHRS7","DHRS7",0.0176353207176743,0.217051265683956,0.147,0.135,1
"MRPL50","MRPL50",0.0176354722756369,0.273091650962254,0.057,0.049,1
"GCLM","GCLM",0.0176738235726861,-0.103707075325012,0.056,0.065,1
"GHRLOS","GHRLOS",0.0176799447048148,0.840019242728222,0.01,0.007,1
"ZNF672","ZNF672",0.0176977389866544,0.231862148954666,0.053,0.045,1
"AP5M1","AP5M1",0.0177208730040613,0.252283032149345,0.177,0.166,1
"TPTE2","TPTE2",0.0177419852247536,-0.120679751557085,0.048,0.057,1
"LINC02470","LINC02470",0.0177422474576132,0.508043885895838,0.01,0.007,1
"RIC8A","RIC8A",0.0177556461606068,0.269474275800742,0.051,0.043,1
"ENSG00000253549","ENSG00000253549",0.01787290316221,0.303626814045027,0.023,0.018,1
"ANAPC2","ANAPC2",0.0179067454277306,-0.179734573156162,0.05,0.058,1
"ENSG00000234177","ENSG00000234177",0.017994705707382,-0.244205820511485,0.008,0.012,1
"CDKL2","CDKL2",0.018008278601304,-0.160579872004731,0.105,0.116,1
"TUBB8","TUBB8",0.0180127239177582,0.777639382020501,0.011,0.008,1
"MLST8","MLST8",0.0180921002964011,-0.185974628921328,0.041,0.048,1
"ENSG00000236166","ENSG00000236166",0.018111823168605,-0.466758869664413,0.017,0.022,1
"RIPPLY2","RIPPLY2",0.0181678016634401,0.240837248673809,0.024,0.018,1
"ENSG00000241962","ENSG00000241962",0.018214242132972,-0.1965512172953,0.193,0.206,1
"NARF","NARF",0.0182596388511886,0.1936384906017,0.18,0.168,1
"AGBL5","AGBL5",0.018310912816974,0.236004267943586,0.06,0.051,1
"IGF2BP3","IGF2BP3",0.018357761730801,0.697677847641048,0.014,0.01,1
"MFGE8","MFGE8",0.0183890365507104,0.189734747027264,0.105,0.095,1
"POMK","POMK",0.0183897147674954,0.292151311238948,0.06,0.051,1
"TBPL1","TBPL1",0.0183987042915219,0.290945957700451,0.111,0.101,1
"TAF6","TAF6",0.0184044344434854,0.396703345064384,0.042,0.035,1
"KBTBD8","KBTBD8",0.0184565250122013,0.622462723483624,0.012,0.009,1
"BRPF3","BRPF3",0.0184578843117383,0.211311058205575,0.076,0.067,1
"ANAPC15","ANAPC15",0.0184773219813157,-0.352719715999525,0.021,0.026,1
"RTL8A","RTL8A",0.0185069789317781,-0.131279297918594,0.072,0.081,1
"ENSG00000260626","ENSG00000260626",0.0185591172567002,-0.54021895138962,0.013,0.018,1
"ENSG00000249967","ENSG00000249967",0.0185620412006592,0.26247017643702,0.042,0.035,1
"KCND2","KCND2",0.0186160579901241,-0.112678356362633,0.171,0.185,1
"MRPS5","MRPS5",0.018633159823765,0.112191187168163,0.313,0.3,1
"TTC29","TTC29",0.0186371977739458,-0.404926898055206,0.014,0.018,1
"ENSG00000224086","ENSG00000224086",0.0186748868720624,0.530315689104241,0.012,0.009,1
"RALBP1","RALBP1",0.0186980854370611,0.216879873815378,0.189,0.177,1
"ATG9A","ATG9A",0.018719920617211,0.41906178871587,0.014,0.01,1
"C4orf36","C4orf36",0.0187274791190174,-0.451934364440937,0.007,0.01,1
"MAF1","MAF1",0.018770354236629,0.174460770670269,0.101,0.091,1
"USP28","USP28",0.0187713843330759,0.206854093324554,0.143,0.131,1
"SEC24A","SEC24A",0.0188195706068098,0.253841175572016,0.149,0.139,1
"TRIM16","TRIM16",0.0188966972193825,0.216734713597331,0.117,0.107,1
"FGF12","FGF12",0.0189159081763539,-0.162911460258962,0.185,0.198,1
"ZNF160","ZNF160",0.0189174153882846,-0.113986420224702,0.219,0.233,1
"CHST8","CHST8",0.0189527168874541,-0.328215643027975,0.066,0.075,1
"ENSG00000228300","ENSG00000228300",0.0189612267386514,0.124231948143613,0.068,0.059,1
"KCNN2","KCNN2",0.0189894284779225,-0.266604242891503,0.025,0.031,1
"USP35","USP35",0.0190171712941636,0.384588740305853,0.022,0.017,1
"DLG4","DLG4",0.0190410196002954,0.26207691728576,0.05,0.043,1
"METTL25B","METTL25B",0.0190515657072116,0.212490741367747,0.093,0.084,1
"ENSG00000262528","ENSG00000262528",0.0190702161254968,-0.425947482764232,0.018,0.023,1
"RAB33B","RAB33B",0.0191057999103073,0.308080811942659,0.061,0.053,1
"LOC124901151","LOC124901151",0.0191215149709364,0.497201876672322,0.026,0.021,1
"PNKP","PNKP",0.0191279843816104,0.307058596677535,0.061,0.053,1
"NTM-AS2","NTM-AS2",0.0191882397152268,-0.332481390632128,0.034,0.041,1
"ALDH18A1","ALDH18A1",0.0192530877745206,0.297462396693336,0.083,0.074,1
"ENSG00000263146","ENSG00000263146",0.0192649622488107,-0.128447299797324,0.059,0.068,1
"FBXL12","FBXL12",0.0193209627473529,-0.124412870904696,0.057,0.066,1
"DUSP28","DUSP28",0.0193683505404765,0.338499175088724,0.019,0.015,1
"ENSG00000225885","ENSG00000225885",0.0193775315022469,0.226821796429086,0.085,0.076,1
"CA8","CA8",0.019383410979804,-0.176823870504309,0.043,0.051,1
"TRRAP","TRRAP",0.0194184685905991,0.105266348333545,0.381,0.369,1
"ZNF79","ZNF79",0.0194463971607345,0.398095027915115,0.028,0.023,1
"DHCR7-DT","DHCR7-DT",0.0195085484227838,-0.148758299239844,0.035,0.042,1
"BCL2L14","BCL2L14",0.0195228687302738,-0.223643909112141,0.1,0.11,1
"PML","PML",0.0195230538097236,0.15449731056576,0.066,0.057,1
"MIR924HG","MIR924HG",0.0195331940955038,0.249472686507386,0.045,0.038,1
"C12orf43","C12orf43",0.0195422514636819,-0.306838772300334,0.03,0.037,1
"CCAR2","CCAR2",0.0195514530075505,-0.171383254231991,0.057,0.066,1
"HAS2-AS1","HAS2-AS1",0.0195843196630514,0.249547640762916,0.013,0.009,1
"KIAA1614","KIAA1614",0.019675454943302,-0.227416344798054,0.019,0.024,1
"PATL2","PATL2",0.0197237659199313,0.355782223910629,0.03,0.024,1
"MTHFD1","MTHFD1",0.0197545020744078,-0.152192749255896,0.078,0.088,1
"ADCY9","ADCY9",0.0198016218815252,0.176525513262027,0.167,0.155,1
"DUSP23","DUSP23",0.0198582635443232,0.29562568127952,0.03,0.024,1
"ENSG00000269489","ENSG00000269489",0.0198602078130661,-0.534677421001088,0.006,0.01,1
"HSDL1","HSDL1",0.0198632468154503,-0.118827545452306,0.058,0.067,1
"PITPNM3","PITPNM3",0.0198744454994151,-0.311524245601468,0.007,0.01,1
"ADAMTS7","ADAMTS7",0.0198829312298963,-0.235569492155764,0.018,0.023,1
"PNMA3","PNMA3",0.0199215297776274,-0.463773723607199,0.007,0.011,1
"ENSG00000279073","ENSG00000279073",0.0199462574571593,-0.559371098638955,0.013,0.017,1
"GFAP","GFAP",0.0199682449506547,-0.145200721700375,0.211,0.227,1
"ADAMTS6","ADAMTS6",0.020044898277254,0.305322831504676,0.066,0.057,1
"ENSG00000231441","ENSG00000231441",0.0200744258772098,0.284739016136545,0.035,0.029,1
"SIRT5","SIRT5",0.0200876310888841,-0.103073529362707,0.112,0.125,1
"ENSG00000235072","ENSG00000235072",0.0201465109885986,-0.347124527425239,0.011,0.015,1
"ENSG00000272807","ENSG00000272807",0.0201598878115225,-0.244827124912526,0.024,0.03,1
"GOLGA6L7","GOLGA6L7",0.0202458573420968,0.37794399434411,0.018,0.013,1
"PIANP","PIANP",0.02030154562379,-0.422985002540977,0.022,0.028,1
"MEGF11","MEGF11",0.0203059751860444,-0.176335719157942,0.16,0.172,1
"DVL1","DVL1",0.0203342043092517,-0.13718533719888,0.08,0.089,1
"CRYBG3","CRYBG3",0.020334550469822,0.190816079331428,0.343,0.335,1
"EBF4","EBF4",0.0203721319732497,-0.159503618122733,0.124,0.136,1
"NDUFB4","NDUFB4",0.0203808798754593,-0.124304632442575,0.131,0.143,1
"POLR3E","POLR3E",0.0204231123185279,-0.116661929193234,0.101,0.113,1
"SOX12","SOX12",0.0204339396766006,0.342900794925471,0.069,0.06,1
"EMC9","EMC9",0.0204662404345779,0.319920571199734,0.018,0.014,1
"CD81-AS1","CD81-AS1",0.0205003818384328,-0.248311046817721,0.022,0.027,1
"SLC41A3","SLC41A3",0.0205169235228349,-0.134499387979421,0.062,0.071,1
"CBR3","CBR3",0.0205365386248465,0.454222569859271,0.017,0.013,1
"FHOD3","FHOD3",0.0205574888379554,-0.158638512095758,0.075,0.084,1
"KBTBD11-OT1","KBTBD11-OT1",0.0205628513826345,-0.190333328718437,0.031,0.037,1
"CCDC134","CCDC134",0.02056877206931,0.34166247684564,0.038,0.032,1
"BRPF1","BRPF1",0.0205939896721699,0.253518659644,0.028,0.023,1
"TUBA1B","TUBA1B",0.0206605294853639,0.182502045801958,0.296,0.287,1
"ENSG00000272501","ENSG00000272501",0.0207240354299992,0.47758128586162,0.017,0.012,1
"RLIM","RLIM",0.0207570153857919,0.218967383283295,0.122,0.111,1
"EPN2-AS1","EPN2-AS1",0.0208337703421876,-0.22845306826277,0.053,0.061,1
"DRC11","DRC11",0.0208580213699158,-0.39449547587374,0.01,0.014,1
"NDUFV2-AS1","NDUFV2-AS1",0.020906752095363,0.331311936893457,0.056,0.048,1
"SYCE1","SYCE1",0.0209236723099582,-0.509392350432064,0.007,0.01,1
"C6orf120","C6orf120",0.0209444675259477,0.38047254229841,0.04,0.034,1
"DELEC1","DELEC1",0.0209837129837591,-0.86411864140651,0.006,0.01,1
"ANAPC10","ANAPC10",0.0209850072392117,0.148140098251313,0.302,0.289,1
"ENSG00000231829","ENSG00000231829",0.0210048988601354,-0.191695240711635,0.009,0.012,1
"GRM1","GRM1",0.0210074111686922,-0.443200268748314,0.012,0.016,1
"CUZD1","CUZD1",0.0210743822325795,0.477893482940656,0.016,0.012,1
"MTMR8","MTMR8",0.0211200344249523,0.225347274931711,0.077,0.069,1
"USP21","USP21",0.0211771622130733,0.389905473713211,0.033,0.027,1
"MTCP1","MTCP1",0.0212153283651445,0.240745372421758,0.025,0.02,1
"UBAC1","UBAC1",0.0212845703568704,0.167972707230079,0.114,0.103,1
"TGS1","TGS1",0.0212961740583036,0.20329900175687,0.137,0.126,1
"ENSG00000226179","ENSG00000226179",0.0213147344286797,0.269717000440253,0.15,0.14,1
"ENSG00000275672","ENSG00000275672",0.0213971948416017,-0.286504576168528,0.032,0.038,1
"ENSG00000223653","ENSG00000223653",0.0214166744520626,-0.462735800231204,0.034,0.041,1
"YJEFN3","YJEFN3",0.0214191213007979,-0.360796265367933,0.02,0.026,1
"COL6A1","COL6A1",0.0214762310817328,0.316133234143837,0.063,0.055,1
"FITM2","FITM2",0.0215530531345979,0.314118223175016,0.038,0.032,1
"GALK1","GALK1",0.0216059746302103,0.377688765693119,0.03,0.025,1
"MINCR","MINCR",0.0216340209303883,0.235058855942658,0.031,0.025,1
"ENSG00000257703","ENSG00000257703",0.021654962963559,0.346456578988027,0.023,0.018,1
"STK11IP","STK11IP",0.0216607377493971,0.229057237025928,0.046,0.039,1
"ZBTB4","ZBTB4",0.0216621449736961,0.141109686315885,0.236,0.224,1
"CPLX1","CPLX1",0.0217259984047836,-0.228813579088442,0.011,0.015,1
"MYL5","MYL5",0.021815335061071,-0.597451798358987,0.01,0.014,1
"ZNF367","ZNF367",0.0218173320750469,-0.187073108661832,0.026,0.032,1
"POLDIP3","POLDIP3",0.0218633805663581,0.158320354656247,0.177,0.164,1
"MINDY2-DT","MINDY2-DT",0.0218640576486526,-0.450151094734796,0.007,0.011,1
"TXNL4B","TXNL4B",0.021867581529006,0.198552623314848,0.119,0.109,1
"ENSG00000226526","ENSG00000226526",0.0218905860132517,0.343219488870991,0.016,0.012,1
"PTCH2","PTCH2",0.0218945889880279,0.408521568706966,0.039,0.032,1
"SDC3","SDC3",0.0219374800370008,-0.187846654939899,0.112,0.123,1
"PGBD2","PGBD2",0.0219383579784193,0.355513001514296,0.024,0.019,1
"SEPTIN4-AS1","SEPTIN4-AS1",0.0219725978756321,0.479239232950381,0.024,0.019,1
"SLC12A3","SLC12A3",0.0220955085953634,0.533121668661213,0.01,0.007,1
"VMA21","VMA21",0.0220995363602166,0.194276823951216,0.097,0.087,1
"DCP1A","DCP1A",0.0221510000139085,0.15919603816118,0.281,0.27,1
"KCNAB3","KCNAB3",0.0221538683242891,-0.343122795936265,0.01,0.014,1
"GPX4","GPX4",0.0221946180467498,0.19342128622686,0.188,0.176,1
"TRIM69","TRIM69",0.0222236951813328,0.2280815635775,0.067,0.058,1
"ENSG00000236556","ENSG00000236556",0.0222575106660823,0.680777522887921,0.011,0.007,1
"PRXL2C","PRXL2C",0.0222712807023337,0.349989358640429,0.039,0.033,1
"EPN1","EPN1",0.0222748239190381,-0.121665890963725,0.119,0.13,1
"CCNI2","CCNI2",0.0222764086450092,0.70375281046033,0.011,0.007,1
"FNDC10","FNDC10",0.0222765545462206,-0.250150753703871,0.007,0.011,1
"DDT","DDT",0.0223221694499529,-0.103889899289246,0.086,0.096,1
"FABP3","FABP3",0.02239203728138,-0.339179477225945,0.012,0.016,1
"FAM131A","FAM131A",0.0224295119882087,0.184452124882513,0.08,0.071,1
"C19orf38","C19orf38",0.0224346363208922,0.36919695024271,0.036,0.03,1
"TAB3","TAB3",0.0224405798373399,0.248231319313896,0.122,0.112,1
"SPHKAP","SPHKAP",0.0224432646275244,0.377297593865609,0.026,0.021,1
"PPM1K","PPM1K",0.022519754909002,0.103114209350635,0.391,0.38,1
"ZNF850","ZNF850",0.0225496291557672,-0.206770167950267,0.027,0.033,1
"PCSK4","PCSK4",0.0225854484063554,0.560979929495104,0.013,0.01,1
"POLD4","POLD4",0.0226031534267141,-0.29897327913908,0.012,0.016,1
"SGMS2","SGMS2",0.0226093933918738,-0.191619440901376,0.03,0.036,1
"ENSG00000274322","ENSG00000274322",0.0226263141558248,0.237866490352526,0.077,0.068,1
"VCF1","VCF1",0.0226360668638578,0.277469880076145,0.066,0.058,1
"MADCAM1","MADCAM1",0.0226453964783494,-0.145922867644304,0.06,0.069,1
"FAM47E-STBD1","FAM47E-STBD1",0.0226653291380208,-0.227963084216974,0.013,0.018,1
"RNF212","RNF212",0.0226729430311368,0.382489908716535,0.022,0.017,1
"UROD","UROD",0.0226730385689284,-0.130767858275339,0.039,0.046,1
"GAU1","GAU1",0.0228510564324559,0.576495496358817,0.011,0.008,1
"ENSG00000256538","ENSG00000256538",0.0228888846020384,0.607812945060738,0.012,0.009,1
"ENSG00000257894","ENSG00000257894",0.0228899322191689,0.349387417785305,0.014,0.01,1
"ENSG00000236760","ENSG00000236760",0.0229541951051957,0.443590497073916,0.012,0.009,1
"IFI6","IFI6",0.0229957605016441,-0.221424058344419,0.037,0.044,1
"LOC124902727","LOC124902727",0.0230156591724353,0.241622904306852,0.045,0.038,1
"DIP2C-AS1","DIP2C-AS1",0.0230361489032169,-0.479019928865735,0.01,0.014,1
"INTS15","INTS15",0.0230562963892297,-0.111296075608777,0.073,0.083,1
"DERL1","DERL1",0.0230623991362801,0.19366701742618,0.12,0.11,1
"NBPF12","NBPF12",0.0231703466889852,0.1859138941744,0.264,0.255,1
"CRISPLD1","CRISPLD1",0.0231799698586738,0.354704051542936,0.042,0.035,1
"PTPRB","PTPRB",0.0232330282441931,0.271007717291456,0.021,0.017,1
"MAP2","MAP2",0.0232653827964335,0.18703526056638,0.269,0.256,1
"ZHX1-C8orf76","ZHX1-C8orf76",0.0232852915957721,0.347467563430689,0.031,0.025,1
"LYPD6","LYPD6",0.0232923228732171,-0.726559936928845,0.009,0.013,1
"MRPL33","MRPL33",0.0233013516418395,-0.327308599288116,0.137,0.147,1
"BMP1","BMP1",0.0233480472633679,0.28649727877217,0.087,0.078,1
"FBXW4","FBXW4",0.0233614057124898,0.142970195209391,0.351,0.342,1
"SLFNL1","SLFNL1",0.0233986303071937,0.578376523694076,0.017,0.013,1
"LINC03143","LINC03143",0.0234070364682531,-0.642527676887449,0.015,0.019,1
"ZNF488","ZNF488",0.0234081717016743,-0.101439679170352,0.131,0.143,1
"NAA15","NAA15",0.023434884327548,0.134674898625163,0.36,0.349,1
"RAI1","RAI1",0.0235319499670018,0.178262517104023,0.192,0.18,1
"GNB3","GNB3",0.0235585855667347,0.322396878002138,0.011,0.008,1
"RHD","RHD",0.0235724225202824,0.274409517123753,0.014,0.01,1
"PROM1","PROM1",0.0235859250814309,-0.26369868711169,0.041,0.048,1
"MLH1","MLH1",0.0236728406751658,0.189442337221767,0.182,0.171,1
"ZMYND11","ZMYND11",0.0237007426338374,0.125285640257977,0.488,0.481,1
"LOC285638","LOC285638",0.0237337588458445,-0.15689968117031,0.021,0.027,1
"NFKBIL1","NFKBIL1",0.0237889253880351,-0.217105657586521,0.036,0.043,1
"SLC22A5","SLC22A5",0.0238498545281795,-0.231017204928408,0.036,0.043,1
"SLC36A1","SLC36A1",0.0238512142085281,0.198224488851456,0.121,0.11,1
"NUDT13","NUDT13",0.023869262269952,0.242165972897749,0.039,0.033,1
"GOLGA6L9","GOLGA6L9",0.0239233127451126,-0.331100561411873,0.01,0.014,1
"ENSG00000273888","ENSG00000273888",0.0239642607715872,-0.111138206843906,0.011,0.015,1
"CETN2","CETN2",0.0239705033669004,-0.351469795689822,0.014,0.018,1
"PLEKHJ1","PLEKHJ1",0.024016144363474,0.344235671809145,0.061,0.054,1
"FBL","FBL",0.0240379346041544,0.469138655391914,0.045,0.038,1
"RSL24D1","RSL24D1",0.0240482336291968,0.224386237412047,0.086,0.077,1
"PLCG1-AS1","PLCG1-AS1",0.0241094371786904,-0.219176893090681,0.018,0.023,1
"DCHS1","DCHS1",0.0241245512238621,-0.34207524022002,0.015,0.019,1
"PLET1","PLET1",0.0242048191870558,-0.479394162385732,0.011,0.015,1
"UQCC6","UQCC6",0.024217755205716,-0.118559521309437,0.099,0.109,1
"LY6E","LY6E",0.0242648977043469,0.298192598166974,0.023,0.018,1
"COA5","COA5",0.0242664332037512,-0.133556391556867,0.076,0.086,1
"ENSG00000285053","ENSG00000285053",0.0243143046954233,0.246656780974175,0.064,0.056,1
"WAPL-DT","WAPL-DT",0.0243504826881717,-0.322272858143775,0.016,0.021,1
"CIAO3","CIAO3",0.0243750688369343,0.315737481156889,0.067,0.06,1
"RNF212B","RNF212B",0.0244513191680752,-0.448525451696606,0.008,0.012,1
"ZNF107","ZNF107",0.0244624900531289,0.184465208695764,0.125,0.114,1
"SLC30A10","SLC30A10",0.0244825933167735,-0.431064481869678,0.018,0.023,1
"KCTD18","KCTD18",0.0245192120575775,-0.145021864937319,0.069,0.078,1
"LGMN","LGMN",0.0245346632782187,0.355811023213623,0.105,0.095,1
"RWDD3-DT","RWDD3-DT",0.0245534503454862,-0.225936887450903,0.045,0.052,1
"ACAA2","ACAA2",0.0245595590315945,-0.164037368779715,0.033,0.039,1
"ENSG00000258696","ENSG00000258696",0.0245605409090712,-0.31055022108204,0.015,0.02,1
"ZNF865","ZNF865",0.0245609196018706,0.271143701292889,0.057,0.05,1
"NDEL1","NDEL1",0.0246018506337189,-0.106680837534355,0.162,0.176,1
"MOGS","MOGS",0.0246367949121826,0.269481305112862,0.061,0.053,1
"ENSG00000267605","ENSG00000267605",0.024642099986867,-0.37791571044012,0.011,0.015,1
"TLN2","TLN2",0.024716720836628,0.114742953629051,0.472,0.468,1
"NOC4L","NOC4L",0.0247317247643372,-0.274011611812446,0.018,0.023,1
"TERF2","TERF2",0.0249042790060855,0.212806006047795,0.131,0.12,1
"DROSHA","DROSHA",0.0249377172643606,0.138941720380883,0.254,0.243,1
"HAPSTR1","HAPSTR1",0.0249614134690427,0.164251884857549,0.223,0.211,1
"HIVEP1","HIVEP1",0.0249655741924096,0.192076665289018,0.167,0.155,1
"PRPF19","PRPF19",0.0249770596942466,-0.152519099935083,0.101,0.111,1
"ADGRF3","ADGRF3",0.0250165826687943,0.211821495896913,0.037,0.031,1
"MAP1LC3B","MAP1LC3B",0.0251710784331531,0.134519266531616,0.194,0.182,1
"TIMELESS","TIMELESS",0.0251763924598481,0.401296369271687,0.027,0.022,1
"ENSG00000271737","ENSG00000271737",0.0251868963526911,-0.564467152055678,0.007,0.01,1
"RWDD2B","RWDD2B",0.0252657339265048,-0.253790761321403,0.013,0.017,1
"C3orf20","C3orf20",0.025342797441084,-0.219574580798335,0.034,0.04,1
"SSU72","SSU72",0.0253688157209069,0.179221551485239,0.145,0.133,1
"PMEPA1","PMEPA1",0.0254238688774681,0.194512771490962,0.132,0.122,1
"FBXO31","FBXO31",0.0254547446436454,0.185118465731424,0.113,0.103,1
"GUCA1B","GUCA1B",0.0255064753573866,-0.113780703991394,0.033,0.04,1
"ENSG00000267058","ENSG00000267058",0.0255319480871859,-0.561833880083811,0.014,0.018,1
"LINC00923","LINC00923",0.0256445733579303,-0.718179593664113,0.007,0.011,1
"LOC105372266","LOC105372266",0.0256460013901563,-0.408196951432982,0.011,0.014,1
"TIMP4","TIMP4",0.0256938403131197,-0.231296454740429,0.01,0.014,1
"EIF2S3B","EIF2S3B",0.025720359170195,0.351353882186791,0.021,0.017,1
"SLC25A14","SLC25A14",0.0257510240134857,-0.198432580460045,0.028,0.034,1
"MIEF2","MIEF2",0.0257677446285261,-0.327942762354925,0.016,0.02,1
"LSM11","LSM11",0.0258009482415433,0.253260551268706,0.02,0.015,1
"COQ7-DT","COQ7-DT",0.0258511122090803,0.689883986175757,0.014,0.01,1
"LARGE1","LARGE1",0.0259244868881005,0.123251798466123,0.465,0.454,1
"ADH5","ADH5",0.025935832665298,-0.131713396894029,0.085,0.095,1
"C1D","C1D",0.0259876951237932,-0.131311005850434,0.119,0.13,1
"ENSG00000260927","ENSG00000260927",0.0260159936123632,-0.273969163196598,0.013,0.017,1
"GLDC","GLDC",0.0261088430253335,-0.219137468110056,0.044,0.052,1
"CRY1","CRY1",0.0261473284300827,0.1277391992588,0.157,0.145,1
"TTC33","TTC33",0.0261518526664014,0.124436810663471,0.163,0.15,1
"ODC1","ODC1",0.0262123476992596,-0.197804634661909,0.022,0.028,1
"MKRN2","MKRN2",0.0262622220968607,0.359922888112,0.059,0.052,1
"ENSG00000233766","ENSG00000233766",0.0262672629993295,-0.257861137641107,0.028,0.033,1
"PRRT3-AS1","PRRT3-AS1",0.0263072453801871,-0.16220787482066,0.036,0.043,1
"SYBU","SYBU",0.026368081741276,-0.266419699434596,0.029,0.035,1
"ENSG00000267152","ENSG00000267152",0.0263880068375473,-0.190750469538812,0.022,0.027,1
"SERTAD1","SERTAD1",0.0264844602447576,0.23107680145895,0.016,0.012,1
"FOXP4","FOXP4",0.0265047601964532,0.195783526674453,0.063,0.055,1
"MTF1","MTF1",0.0265653448489952,0.236519025567798,0.127,0.117,1
"PEX2","PEX2",0.0266258464915237,0.169854202760696,0.174,0.163,1
"FBXL20","FBXL20",0.0267310973541684,0.117953911173261,0.414,0.405,1
"PJA2","PJA2",0.0267527329821149,0.104033818518477,0.442,0.433,1
"TRMT61A","TRMT61A",0.0267695896378937,-0.3071431311114,0.035,0.041,1
"KCNK2","KCNK2",0.0268762326278441,-0.199539571071995,0.018,0.023,1
"SNX21","SNX21",0.0268868118860942,-0.30269028515194,0.027,0.033,1
"ATP5MK","ATP5MK",0.0268924885571123,0.215633465473288,0.091,0.082,1
"NCLN","NCLN",0.0269248720158329,-0.122847767047144,0.074,0.083,1
"ZNF724.1","ZNF724.1",0.0269352602741484,-0.277288216017196,0.022,0.028,1
"PGAM1","PGAM1",0.0269686258169751,0.13981825167287,0.16,0.147,1
"PIGX","PIGX",0.0269823015442729,0.324974692674137,0.108,0.099,1
"SCFD1","SCFD1",0.0270895183503764,0.112247937002243,0.41,0.398,1
"CDH26","CDH26",0.0271201293545534,0.194004071238925,0.111,0.101,1
"STARD5","STARD5",0.0271403193069182,0.511566366256535,0.013,0.01,1
"PTP4A2","PTP4A2",0.0271550527913302,0.145623877662048,0.247,0.234,1
"ZNF765","ZNF765",0.0271761417367288,0.259238578949417,0.112,0.102,1
"RHOBTB2","RHOBTB2",0.0271976332992692,0.435231960354798,0.034,0.029,1
"STAT1","STAT1",0.0272422029837277,-0.152852396816233,0.127,0.138,1
"MYBPC1","MYBPC1",0.0272823310835661,0.746471996257337,0.012,0.008,1
"GRM7-AS1","GRM7-AS1",0.0272864247413605,-0.313476177299874,0.021,0.026,1
"SIRT6","SIRT6",0.0273292204395324,0.28325347634638,0.051,0.043,1
"RBM17","RBM17",0.0273342568841679,0.190701121109934,0.231,0.22,1
"CDCA8","CDCA8",0.0273874762432846,0.578282317587441,0.012,0.009,1
"PTPN1","PTPN1",0.0274628763940001,0.25282245315233,0.24,0.232,1
"ALDH1L2","ALDH1L2",0.0274645305475654,-0.150022158589095,0.056,0.064,1
"GUF1","GUF1",0.0274701294186502,-0.141338381853493,0.095,0.105,1
"ENSG00000283897","ENSG00000283897",0.02752621890265,-0.429142126339701,0.012,0.016,1
"FXYD7","FXYD7",0.0276099001648685,-0.266484536622042,0.014,0.018,1
"ENSG00000249307","ENSG00000249307",0.0276168365740446,0.267123635548773,0.068,0.06,1
"MIER1","MIER1",0.0276857654282469,0.12015143941099,0.336,0.325,1
"ENSG00000270050","ENSG00000270050",0.0277187346539707,0.387159013607716,0.013,0.01,1
"ACTR8","ACTR8",0.0278005813375382,0.337464700072531,0.045,0.038,1
"MFSD11","MFSD11",0.0278526568320584,0.137593444947803,0.285,0.274,1
"ZBTB48","ZBTB48",0.0278775002055623,0.275273136737586,0.053,0.046,1
"LINC01508","LINC01508",0.0279557886835838,-0.58291535635874,0.007,0.01,1
"ZNF763","ZNF763",0.0279689753729021,-0.335235233181074,0.011,0.015,1
"HNRNPA1L3","HNRNPA1L3",0.0280081762582639,0.356899229426598,0.02,0.016,1
"MEX3A","MEX3A",0.0280424430897538,0.439970093922415,0.013,0.009,1
"LRRC57","LRRC57",0.0280433830980604,0.272783260913255,0.058,0.051,1
"TMEM138","TMEM138",0.0281716271258593,0.228587626009047,0.038,0.032,1
"ENSG00000267219","ENSG00000267219",0.0281984842229922,-0.41274510926021,0.016,0.02,1
"MGLL","MGLL",0.0282125308517251,0.39942885913115,0.184,0.176,1
"NKIRAS2","NKIRAS2",0.028213678503438,0.26930128432027,0.049,0.042,1
"ATP6V1E2","ATP6V1E2",0.0282567900690014,-0.298405196249381,0.034,0.041,1
"ST3GAL3-AS1","ST3GAL3-AS1",0.0282888690552697,0.363615253744946,0.012,0.009,1
"HMGB2","HMGB2",0.028311752712077,0.351624562021744,0.044,0.038,1
"SDC4","SDC4",0.0283244391991451,-0.558334098017932,0.016,0.021,1
"GABRG2","GABRG2",0.0283372083470999,-0.375194528756841,0.011,0.015,1
"TIE1","TIE1",0.028392450700257,-0.275447993022004,0.007,0.011,1
"LOC105376713","LOC105376713",0.028403157589685,0.572720386452295,0.019,0.015,1
"ENSG00000259647","ENSG00000259647",0.0284503507234786,-0.680726054824042,0.011,0.015,1
"LOC101927572","LOC101927572",0.0285167145184565,0.299608374945418,0.023,0.018,1
"EHD3","EHD3",0.0285448078772149,0.264277337098715,0.075,0.067,1
"MXD1","MXD1",0.0285809560044422,0.199300445101996,0.162,0.151,1
"FBXO45","FBXO45",0.0286082474588198,0.285965765484988,0.064,0.056,1
"ENSG00000237352","ENSG00000237352",0.0288509030923744,-0.218545396927346,0.052,0.06,1
"DERA","DERA",0.0289411862569308,0.207921850983062,0.154,0.144,1
"PSD","PSD",0.0289786118255336,-0.136633994345962,0.016,0.02,1
"VEGFD","VEGFD",0.0290147114044703,0.20544731814593,0.054,0.046,1
"RYR3","RYR3",0.0290154717113692,-0.373719628060776,0.024,0.03,1
"WASL","WASL",0.0290655415493758,0.181957964024352,0.248,0.237,1
"DDX59","DDX59",0.0290883427993745,-0.114179978253679,0.075,0.084,1
"ZNF646","ZNF646",0.0291213519579238,0.446947092335269,0.032,0.026,1
"ENSG00000282022","ENSG00000282022",0.0291352890151139,-0.188384556758298,0.018,0.023,1
"LSM4","LSM4",0.0291397681605501,0.160995384505077,0.087,0.078,1
"INTS6L","INTS6L",0.0292832553183112,0.176322004287865,0.161,0.15,1
"FHIP1A","FHIP1A",0.0292953643820527,-0.4788066430095,0.018,0.022,1
"TNFAIP1","TNFAIP1",0.0292983565176372,0.251528227275183,0.064,0.056,1
"IK","IK",0.029301000236819,0.362546106024284,0.085,0.077,1
"SMIM10L1","SMIM10L1",0.029309540491696,0.196850566682033,0.065,0.057,1
"CRHBP","CRHBP",0.0293394928136257,0.234143128672927,0.042,0.036,1
"NOS1","NOS1",0.0295273015067684,0.460439692083015,0.093,0.084,1
"CTPS1","CTPS1",0.0295707731284381,0.316338728856771,0.069,0.062,1
"EIF2B5","EIF2B5",0.0295980705362506,0.195356241757513,0.088,0.079,1
"ZSCAN20","ZSCAN20",0.0296219664823929,0.310917825410976,0.028,0.023,1
"ENSG00000229178","ENSG00000229178",0.0296391760985515,-0.270805912187364,0.017,0.022,1
"TMUB1","TMUB1",0.0296397763606327,0.283831892210008,0.066,0.059,1
"KXD1","KXD1",0.0296487566777223,-0.158667624242981,0.11,0.12,1
"GINS1","GINS1",0.0298041705461609,0.739008468377954,0.015,0.011,1
"ENSG00000272335","ENSG00000272335",0.0298702787053298,0.225560101346885,0.041,0.035,1
"ZNF425","ZNF425",0.0299461962661416,-0.164102664502408,0.045,0.052,1
"RAB21","RAB21",0.0299624743629851,0.127000163685286,0.302,0.291,1
"C9orf43","C9orf43",0.0300005241767168,-0.673506023081501,0.009,0.012,1
"PRMT1","PRMT1",0.0300029577606584,0.207471429014166,0.14,0.13,1
"TLE1","TLE1",0.0301759228192286,0.300138544242439,0.113,0.104,1
"RGS7BP","RGS7BP",0.0302347291628043,-0.289356750426968,0.044,0.051,1
"YAE1-DT","YAE1-DT",0.0302374175833502,-0.541495873495004,0.008,0.011,1
"INPP4B","INPP4B",0.0303353902647154,0.505425716229184,0.177,0.168,1
"THAP7-AS1","THAP7-AS1",0.0303483256246614,-0.328373030373349,0.014,0.018,1
"CFAP61","CFAP61",0.0303495881345159,0.466595976564335,0.025,0.02,1
"ATG12","ATG12",0.0303945380892279,0.166126590348946,0.208,0.196,1
"EARS2","EARS2",0.0304578053785842,0.254486586841991,0.058,0.051,1
"PHLDB3","PHLDB3",0.03053182655575,0.439423339534069,0.029,0.024,1
"UCK1","UCK1",0.0305497747447595,0.217263042205682,0.057,0.05,1
"PHKG2","PHKG2",0.030559778213896,0.281258307855424,0.061,0.054,1
"MIS12","MIS12",0.0306558161810934,-0.181623392156493,0.06,0.068,1
"VILL","VILL",0.0306697098166028,0.442505791361421,0.015,0.011,1
"PDZD7","PDZD7",0.0307187794701884,-0.180445618858804,0.029,0.035,1
"RNF113A","RNF113A",0.0307715256945387,0.551479699851796,0.024,0.019,1
"FAM114A2","FAM114A2",0.0308780401561329,-0.163485818448509,0.059,0.067,1
"FHIP2B","FHIP2B",0.0309170780212865,0.128609188905004,0.113,0.102,1
"DDX54","DDX54",0.0309364409123061,0.260418632101669,0.055,0.048,1
"NBPF20","NBPF20",0.030937487948038,0.47720506659291,0.021,0.016,1
"SCML2","SCML2",0.0310867982242347,-0.205298934878543,0.045,0.052,1
"TSPAN7","TSPAN7",0.0311547027082736,0.207463017285064,0.097,0.088,1
"BAD","BAD",0.0311667889600159,-0.205937459554927,0.063,0.071,1
"EIF2A","EIF2A",0.0312267385738645,0.127561605469412,0.134,0.124,1
"BCL9L","BCL9L",0.031256424049335,0.294468939476431,0.038,0.032,1
"GP6","GP6",0.0313207661057884,0.477567565352846,0.014,0.011,1
"LRIG3-DT","LRIG3-DT",0.0313213815350532,-0.579919413152663,0.008,0.011,1
"ZNF395","ZNF395",0.0313344314168038,-0.206095268286966,0.035,0.041,1
"BAIAP2-DT","BAIAP2-DT",0.031349933357102,0.384180611942749,0.015,0.011,1
"ENSG00000228274","ENSG00000228274",0.0314044247750351,-0.60922960249733,0.009,0.013,1
"LOC124900193","LOC124900193",0.0315245032978425,0.562467150335308,0.018,0.014,1
"DPP7","DPP7",0.0315669515321115,0.172117575412799,0.155,0.145,1
"HNRNPA1L2","HNRNPA1L2",0.0316612703478667,-0.363780567174492,0.009,0.012,1
"BCL11A","BCL11A",0.0317037577406956,-0.672904285816327,0.011,0.014,1
"ENSG00000246250","ENSG00000246250",0.0318403117262597,0.438525076697985,0.02,0.016,1
"DPCD","DPCD",0.0319352379934882,0.51513069097775,0.014,0.01,1
"ZNF892","ZNF892",0.0319616574076758,0.127038362070815,0.172,0.16,1
"RHBDD2","RHBDD2",0.0319776610573609,-0.109101490619701,0.1,0.11,1
"ZPR1","ZPR1",0.032002760845535,0.372219522762897,0.04,0.034,1
"TOX2","TOX2",0.0320124277748962,-0.144222626411336,0.055,0.063,1
"INCENP","INCENP",0.0320420710590802,0.242158185203317,0.025,0.02,1
"MSRB1","MSRB1",0.0320541360184412,-0.221098603909373,0.024,0.029,1
"PLAGL2","PLAGL2",0.0321252687840759,0.35325637099007,0.035,0.029,1
"C1QTNF6","C1QTNF6",0.0321390716920616,0.19758395606504,0.051,0.044,1
"FIRRE","FIRRE",0.0322008494037235,0.117409602406373,0.169,0.158,1
"CLEC4A","CLEC4A",0.0322190805515715,0.327982022067006,0.018,0.014,1
"KLC2","KLC2",0.0322253619003293,0.18197269014202,0.06,0.052,1
"CABP7","CABP7",0.0323402028653071,0.48061162183836,0.013,0.01,1
"ENSG00000241073","ENSG00000241073",0.0324564730422944,0.45630271940173,0.014,0.01,1
"GPAM","GPAM",0.0325203417240323,0.159484220424432,0.068,0.06,1
"SRR","SRR",0.0326766364842402,-0.100702919283653,0.054,0.062,1
"ENSG00000256742","ENSG00000256742",0.0327264530021769,-0.174668632699424,0.066,0.075,1
"FAM8A1","FAM8A1",0.032804139005089,-0.147982183390231,0.084,0.093,1
"THAP4","THAP4",0.0330543000805692,0.159300098889253,0.102,0.093,1
"LRRC59","LRRC59",0.0330733692092276,0.16930843003877,0.053,0.046,1
"LYAR","LYAR",0.0331140847208136,0.377301498017354,0.056,0.049,1
"RFC4","RFC4",0.0331748668285931,0.369242979910861,0.027,0.022,1
"CENPC","CENPC",0.0332480743890476,0.136897675896752,0.316,0.306,1
"PHEX-AS1","PHEX-AS1",0.0332579805912464,-0.642454027174601,0.024,0.029,1
"TBC1D25","TBC1D25",0.0333134054154737,0.311163997267633,0.055,0.049,1
"NPIPB11","NPIPB11",0.0334156690151239,-0.292838858352146,0.02,0.025,1
"AKR1E2","AKR1E2",0.0335396515190229,0.436518791986535,0.012,0.009,1
"ATAD3A","ATAD3A",0.033627751381173,0.249791857649936,0.056,0.049,1
"TAF5","TAF5",0.0336440796224781,0.425610387107084,0.034,0.029,1
"DRC8","DRC8",0.0336577181360205,0.112111585610417,0.316,0.302,1
"LRRC9","LRRC9",0.0336597889045444,-0.311928112831562,0.009,0.013,1
"LNP1","LNP1",0.0336726771279937,-0.309028954681987,0.022,0.027,1
"DOLK","DOLK",0.0336995798795551,-0.300308461831635,0.01,0.013,1
"ZNF385B","ZNF385B",0.0337026089321887,-0.105643479899557,0.014,0.018,1
"ENSG00000249417","ENSG00000249417",0.0338282881758917,0.478555292213913,0.012,0.009,1
"LOC100507250","LOC100507250",0.0338628385418039,-0.122112277897514,0.007,0.011,1
"AQP1","AQP1",0.0339032112593238,-0.234944459388791,0.013,0.017,1
"ENSG00000236065","ENSG00000236065",0.0340160104882705,0.187481076656618,0.037,0.031,1
"NCOA4","NCOA4",0.0340263934653196,0.134669704415271,0.163,0.152,1
"COPS6","COPS6",0.0340274367238152,0.151355124902761,0.168,0.156,1
"BLOC1S4","BLOC1S4",0.0340558887466005,0.280870192410919,0.034,0.028,1
"ANXA2R-AS1","ANXA2R-AS1",0.0341533633459923,0.226834784117164,0.013,0.009,1
"CNOT1","CNOT1",0.0341745636274558,0.154295910754651,0.31,0.302,1
"C19orf44","C19orf44",0.0342049253702623,-0.269746562475957,0.019,0.024,1
"CIAO1","CIAO1",0.0342491728879469,0.158775173814898,0.109,0.1,1
"TTC1","TTC1",0.0342666711776363,0.146398713051436,0.269,0.259,1
"NUB1","NUB1",0.0342717130179129,0.159721771509314,0.183,0.173,1
"SNAP25","SNAP25",0.0343314855449405,-0.130788320440492,0.143,0.155,1
"MED18","MED18",0.0343847655165254,0.511022276038615,0.011,0.008,1
"ENSG00000275966","ENSG00000275966",0.0344290282381271,-0.276968370876853,0.019,0.023,1
"ESRRB","ESRRB",0.0345324721285389,0.227692753835404,0.024,0.019,1
"STOML1","STOML1",0.0346210782987657,-0.417190244801687,0.026,0.032,1
"GRPEL2","GRPEL2",0.0347285829533965,0.414096800057127,0.023,0.018,1
"LOC105374059","LOC105374059",0.0347938637750587,0.627651967213771,0.015,0.012,1
"ATP6V1G1","ATP6V1G1",0.0347988471163063,0.199004699640283,0.13,0.12,1
"EDRF1-DT","EDRF1-DT",0.0348813558631592,-0.283831803979234,0.011,0.015,1
"ERICH2-DT","ERICH2-DT",0.0349293758598022,-0.563842929605207,0.011,0.015,1
"ABCA9-AS1","ABCA9-AS1",0.0349438953483848,-0.238736609449671,0.014,0.018,1
"FUCA2","FUCA2",0.0349465522178775,0.314258041065821,0.074,0.066,1
"HFE","HFE",0.0349862215818711,0.250144048340205,0.019,0.015,1
"INTS7","INTS7",0.0350294337263182,0.202468920976973,0.195,0.185,1
"BAG4","BAG4",0.0350477673399213,0.194716427150644,0.111,0.101,1
"BANK1","BANK1",0.0351331125508673,0.655874318699959,0.027,0.022,1
"NEK11","NEK11",0.0351536802231865,0.163654538804454,0.146,0.135,1
"QNG1","QNG1",0.0353884008591692,0.389101430484935,0.032,0.027,1
"PARD6A","PARD6A",0.0354799222524284,0.212187875497091,0.012,0.008,1
"TOR2A","TOR2A",0.0357909835422598,0.364397954209222,0.023,0.018,1
"TMEM9","TMEM9",0.0358067135575393,-0.17677302605887,0.071,0.079,1
"COQ10A","COQ10A",0.0358503737015115,0.320944048283115,0.021,0.017,1
"DUSP10","DUSP10",0.0361117337147478,0.174210649006781,0.199,0.188,1
"PPP2R2D","PPP2R2D",0.0363922283252669,0.140085136706481,0.305,0.296,1
"TMEM183A","TMEM183A",0.0364856854996957,0.315000187975138,0.051,0.044,1
"ARHGEF2-AS2","ARHGEF2-AS2",0.0365151137881969,-0.364663879598814,0.009,0.012,1
"SLC35E4","SLC35E4",0.0367174516874126,-0.122273359157936,0.101,0.111,1
"LRIF1","LRIF1",0.0367432626675822,0.264546362714048,0.08,0.072,1
"NDUFS8","NDUFS8",0.0367637163684179,-0.135567028392134,0.116,0.126,1
"ENSG00000258938","ENSG00000258938",0.0367806069857235,0.411399597142037,0.024,0.019,1
"LRP3","LRP3",0.0368140576650303,0.362963323330601,0.046,0.04,1
"CACNA1G","CACNA1G",0.036888344694743,-0.285339739935248,0.019,0.024,1
"C18orf32","C18orf32",0.0370189281829386,0.418723685347739,0.038,0.032,1
"CCDC124","CCDC124",0.0371025003872328,0.119915353416729,0.083,0.074,1
"ENSG00000278254","ENSG00000278254",0.0371233801319212,-0.198305415538349,0.101,0.111,1
"TCEANC","TCEANC",0.0372054132513653,-0.212460300124128,0.024,0.029,1
"ENSG00000251615","ENSG00000251615",0.0373012685264177,-0.346048776806749,0.02,0.025,1
"SCN1A","SCN1A",0.0373461143901849,-0.102747797774862,0.147,0.159,1
"VRK3","VRK3",0.0373559783066075,0.232416229869449,0.129,0.12,1
"ENSG00000281332","ENSG00000281332",0.0374083048604265,0.396886388288405,0.015,0.011,1
"ATRNL1","ATRNL1",0.0374239152379289,-0.158917796157459,0.17,0.182,1
"TTC38","TTC38",0.0374941447892286,0.205967154322723,0.089,0.08,1
"FAM184B","FAM184B",0.0376555989848559,0.153062785128813,0.106,0.096,1
"ZMYND19","ZMYND19",0.0376630126291244,0.350133280288796,0.024,0.019,1
"THRAP3","THRAP3",0.0376640860394745,0.12099882016695,0.33,0.32,1
"TOLLIP","TOLLIP",0.0376684956930653,0.172486911994551,0.125,0.115,1
"PHF19","PHF19",0.0376804662220414,-0.161164168013019,0.112,0.122,1
"HLF","HLF",0.037688689482108,-0.161965331935919,0.037,0.043,1
"NPIPB6","NPIPB6",0.0376964654414122,-0.322272154516607,0.02,0.025,1
"WDR18","WDR18",0.0377666019093298,-0.257707450457939,0.038,0.044,1
"ENSG00000223839","ENSG00000223839",0.0377852644258557,0.218359950687539,0.056,0.049,1
"ENSG00000231154","ENSG00000231154",0.0377921243434975,-0.223144550590805,0.017,0.022,1
"C6orf52","C6orf52",0.0378093559430845,-0.339336839116449,0.011,0.015,1
"EBPL","EBPL",0.0378247688994831,0.363508158729292,0.065,0.058,1
"METTL13","METTL13",0.0378420937374658,0.324471600783929,0.047,0.041,1
"LGI1","LGI1",0.0378440378784039,0.255781939062843,0.029,0.024,1
"POGLUT1","POGLUT1",0.0380045983934702,0.136157447309726,0.136,0.125,1
"ENSG00000258957","ENSG00000258957",0.0380829924082076,0.39694601336216,0.021,0.017,1
"PRADC1","PRADC1",0.0381267925187824,0.319179389195674,0.04,0.034,1
"CC2D2A","CC2D2A",0.0381933696950426,0.22328754609164,0.121,0.112,1
"POLR1G","POLR1G",0.0381981120678183,0.492637532096662,0.026,0.022,1
"PTGFRN","PTGFRN",0.0382639482419698,0.224853521784137,0.061,0.054,1
"ARMCX6","ARMCX6",0.0383658649180022,0.146075966726295,0.042,0.036,1
"KBTBD4","KBTBD4",0.0384613485440227,0.348509052950027,0.02,0.016,1
"STN1","STN1",0.0384920893801687,0.295865012960825,0.092,0.084,1
"AIMP2","AIMP2",0.0385038580701316,-0.21284988311575,0.057,0.064,1
"ZNF775","ZNF775",0.0385215801068601,-0.244052972814605,0.032,0.038,1
"E2F1","E2F1",0.0386387350614852,-0.272665477082915,0.011,0.015,1
"SUV39H1","SUV39H1",0.0386511982226279,-0.308997653897783,0.009,0.012,1
"TMEM38A","TMEM38A",0.0387162755346461,0.275022564493186,0.036,0.03,1
"MED22","MED22",0.038731019982102,0.293931075102297,0.048,0.042,1
"EIF4A3","EIF4A3",0.038744114739737,-0.170859275797289,0.032,0.038,1
"XXYLT1","XXYLT1",0.0387619901501483,0.223351477238376,0.15,0.141,1
"SART3","SART3",0.0387726061480254,0.190797893397054,0.159,0.149,1
"ADA","ADA",0.038799607211117,-0.142459694304574,0.039,0.046,1
"ENSG00000259408","ENSG00000259408",0.0388964216630947,0.470930615367486,0.013,0.01,1
"ABCF1","ABCF1",0.038960150497964,-0.14700284935755,0.1,0.11,1
"FZR1","FZR1",0.0390210652809615,-0.14687530399953,0.091,0.101,1
"REST","REST",0.0390954142146177,0.174037451348289,0.131,0.122,1
"ENSG00000273486","ENSG00000273486",0.0391025699811852,0.611988307506071,0.012,0.009,1
"EOLA2","EOLA2",0.0391468318102699,-0.258499593057495,0.01,0.014,1
"RSAD2","RSAD2",0.039159761634227,-0.486012366874588,0.014,0.018,1
"PRR3","PRR3",0.0391684215108468,0.157459879908727,0.083,0.074,1
"RETREG2","RETREG2",0.0392186146022993,0.113887493080764,0.131,0.12,1
"ENSG00000283580","ENSG00000283580",0.0392329790643114,-0.384079027036691,0.012,0.016,1
"DEGS2","DEGS2",0.0392439790412232,0.590205884740347,0.013,0.01,1
"HEXIM2","HEXIM2",0.0393689777754826,0.361672123445318,0.017,0.013,1
"POLR3D","POLR3D",0.0394171460806936,0.333914342975254,0.039,0.033,1
"SYN1","SYN1",0.0394648356597698,-0.315590711541273,0.026,0.031,1
"NOA1","NOA1",0.0395059287184592,0.278732535750709,0.046,0.04,1
"ENSG00000245768","ENSG00000245768",0.0395459342511916,-0.216177926366301,0.074,0.082,1
"DCHS2","DCHS2",0.0395772596345877,-0.36224315030493,0.013,0.017,1
"CLN8-AS1","CLN8-AS1",0.0397776956169476,-0.29942571761028,0.038,0.044,1
"THYN1","THYN1",0.0398487495776031,-0.263144242760049,0.048,0.055,1
"PNKD","PNKD",0.039889537735276,0.115301398801007,0.184,0.173,1
"DRICH1","DRICH1",0.0399925403679794,0.569119895984279,0.012,0.009,1
"MRO","MRO",0.0400485224796706,0.360274378131699,0.019,0.015,1
"ENSG00000230506","ENSG00000230506",0.0401971164568547,0.362404567931312,0.013,0.009,1
"ZNF132","ZNF132",0.0402199756186342,-0.474604147334105,0.01,0.014,1
"GLOD4","GLOD4",0.0403170821246875,-0.15340848692431,0.061,0.069,1
"ABLIM2","ABLIM2",0.0403567345260371,-0.143055856040328,0.097,0.106,1
"ENSG00000259589","ENSG00000259589",0.0405264846138039,0.167347036802851,0.027,0.022,1
"CPSF2","CPSF2",0.0405734173636358,0.137418878228271,0.2,0.189,1
"CHRD","CHRD",0.0405806724879153,0.507674234444475,0.012,0.009,1
"NRCAM","NRCAM",0.0406216501451126,-0.194173645823751,0.179,0.19,1
"AXIN1","AXIN1",0.0406289336111878,0.142841577929371,0.099,0.089,1
"MSANTD1","MSANTD1",0.0406465292624129,0.294698309635203,0.019,0.015,1
"ACTR1B","ACTR1B",0.0406653064171246,-0.123013412135763,0.13,0.141,1
"EOLA1","EOLA1",0.0406722334795702,-0.584147097659998,0.008,0.011,1
"LINC02175","LINC02175",0.0406876909575207,-0.350326985946237,0.012,0.016,1
"ADCYAP1R1","ADCYAP1R1",0.0406880486994756,-0.29509231496324,0.021,0.026,1
"RHBDD3","RHBDD3",0.0407027137911245,0.284258695094433,0.077,0.069,1
"OPTN","OPTN",0.0408469850797441,0.21405914215138,0.148,0.138,1
"ADM","ADM",0.0408819800314959,0.134549698494584,0.013,0.01,1
"SNORC","SNORC",0.0408943130146427,-0.109665727813164,0.144,0.156,1
"ENSG00000267426","ENSG00000267426",0.0408959725885694,0.35850221357616,0.013,0.009,1
"RCOR2","RCOR2",0.0409995320877452,-0.574800487068372,0.007,0.01,1
"ITGBL1","ITGBL1",0.0410062952282177,0.160344449348207,0.034,0.028,1
"EIF2S3","EIF2S3",0.0410940095378385,0.141758719474622,0.158,0.147,1
"RCCD1","RCCD1",0.0411167970054952,0.299858054562268,0.026,0.022,1
"MYO16-AS1","MYO16-AS1",0.0411232949721506,0.561135126746257,0.011,0.008,1
"TWNK","TWNK",0.0412703041228862,0.67991805117766,0.01,0.007,1
"PPP1R7","PPP1R7",0.0414211854314307,0.13041424545087,0.131,0.121,1
"SNN","SNN",0.041560821425782,0.469460381371217,0.027,0.022,1
"ENSG00000275441","ENSG00000275441",0.0415626582460214,0.198415088680486,0.012,0.009,1
"DNTTIP2","DNTTIP2",0.0415671704409053,0.240477618250028,0.05,0.043,1
"RBMS3","RBMS3",0.0416199704438901,0.287730790864135,0.057,0.05,1
"ENSG00000255670","ENSG00000255670",0.0416741075108139,-0.243635527377311,0.028,0.034,1
"MYBBP1A","MYBBP1A",0.0417073989838142,-0.140921243534496,0.042,0.049,1
"TMEM223","TMEM223",0.0418196677136718,0.231067594767778,0.066,0.059,1
"CAPN5","CAPN5",0.0418490739112783,-0.519019990275045,0.013,0.017,1
"GNL3L","GNL3L",0.0418852403876976,0.258516795112037,0.052,0.046,1
"HUNK","HUNK",0.0418915823276622,0.337532815683821,0.033,0.028,1
"TMEM120A","TMEM120A",0.0419036667036275,0.244749635452075,0.064,0.057,1
"CHL1","CHL1",0.0420162072652331,-0.129590467373526,0.154,0.165,1
"GATC","GATC",0.0420599028589972,0.235868421691366,0.084,0.076,1
"ARHGAP44","ARHGAP44",0.0421098789710885,-0.103158591165591,0.082,0.091,1
"ENSG00000259071","ENSG00000259071",0.0421424540894686,0.583101914085134,0.017,0.014,1
"PELI3","PELI3",0.0422359888702222,-0.370939174485613,0.014,0.018,1
"ACP2","ACP2",0.0423015080356005,-0.26833157719038,0.025,0.03,1
"PNPLA3","PNPLA3",0.0424027307339548,-0.153504495156088,0.011,0.015,1
"JPT1","JPT1",0.0424160466729617,0.260483963015083,0.05,0.044,1
"EXOSC4","EXOSC4",0.0424640830650269,-0.105606284414874,0.017,0.022,1
"SLC39A8","SLC39A8",0.0425220361069496,-0.190415433049114,0.013,0.016,1
"ZNF843","ZNF843",0.0425226367800265,-0.442031687216181,0.01,0.014,1
"KCNIP2-AS1","KCNIP2-AS1",0.0425310622046921,0.346777247475744,0.01,0.007,1
"CAV2-DT","CAV2-DT",0.0425649736993231,0.34887235404495,0.026,0.021,1
"ZNF629","ZNF629",0.0425829272439584,-0.197220298176852,0.031,0.036,1
"ZNF502","ZNF502",0.0426609969871183,-0.369451018361821,0.023,0.028,1
"TRAPPC3","TRAPPC3",0.0428351184610479,0.159035796737203,0.094,0.085,1
"ENSG00000249593","ENSG00000249593",0.0428953526307471,0.302446914301039,0.015,0.012,1
"LIPE-AS1","LIPE-AS1",0.0428987731246815,-0.112797402865348,0.166,0.177,1
"MXD3","MXD3",0.0429181092809165,-0.327592877263901,0.024,0.029,1
"CYB5D1","CYB5D1",0.0429374854155506,-0.351991186572611,0.009,0.012,1
"EXOSC1","EXOSC1",0.0429812434283833,0.157380231450734,0.142,0.133,1
"CLPP","CLPP",0.0429954396995023,-0.148140918317094,0.054,0.061,1
"ENSG00000223704","ENSG00000223704",0.0429961437589432,-0.158184162823153,0.01,0.013,1
"MZT1","MZT1",0.042999065949745,0.38600659945452,0.043,0.037,1
"PSORS1C1","PSORS1C1",0.0430364961738046,-0.455218326067748,0.012,0.015,1
"ACAT1","ACAT1",0.0432698365212698,0.148858963468331,0.159,0.149,1
"ZNF317","ZNF317",0.0433394869210558,0.294670471353628,0.066,0.059,1
"ENSG00000272949","ENSG00000272949",0.0433472022893649,-0.196101636292284,0.045,0.051,1
"ATP5MG","ATP5MG",0.0434519101951128,0.196004460775766,0.209,0.201,1
"GAN","GAN",0.0436550395499519,0.15222163942894,0.189,0.178,1
"GLT8D1","GLT8D1",0.0436888469446538,-0.137979897930038,0.05,0.057,1
"WWP1","WWP1",0.0437222980696306,0.145667395280338,0.421,0.415,1
"RBM38","RBM38",0.0438506894507222,0.282370752541125,0.046,0.04,1
"GAS1","GAS1",0.0439873204152912,-0.314642584227278,0.018,0.023,1
"GRM8","GRM8",0.0441313409229261,0.282523748931395,0.055,0.049,1
"KHDRBS1","KHDRBS1",0.0441638193486852,0.149656738642225,0.362,0.355,1
"MAPK4","MAPK4",0.0442035130757092,-0.286634807744143,0.025,0.03,1
"FBXO10","FBXO10",0.0443062504359166,-0.298867765676238,0.009,0.012,1
"PTENP1-AS","PTENP1-AS",0.0443277279450612,-0.363030644390029,0.024,0.028,1
"RITA1","RITA1",0.0445327402333244,0.506635475026407,0.023,0.018,1
"ZNF22","ZNF22",0.0446490050960119,0.266278544718104,0.085,0.077,1
"BAK1","BAK1",0.0447157104739865,-0.332106838346223,0.012,0.016,1
"ENSG00000233967","ENSG00000233967",0.0447464601468689,0.28807942387014,0.032,0.026,1
"DHRS4-AS1","DHRS4-AS1",0.0447486593423732,0.229301934198534,0.079,0.071,1
"ENSG00000268392","ENSG00000268392",0.0447488798085985,-0.334881190619559,0.009,0.012,1
"TBCK","TBCK",0.044769024612884,0.115616068588509,0.506,0.5,1
"KNTC1","KNTC1",0.0447805148340315,0.230474516557355,0.046,0.04,1
"TMEM185B","TMEM185B",0.0448016149264307,-0.215997850226887,0.01,0.013,1
"ZDHHC12","ZDHHC12",0.0448516908713746,-0.269418201104692,0.016,0.02,1
"PIP4K2C","PIP4K2C",0.0448889926341479,0.416822938592028,0.057,0.051,1
"FOXO4","FOXO4",0.0448960445792228,0.239590928389482,0.03,0.025,1
"C18orf54","C18orf54",0.0449898175044521,-0.191936123631977,0.056,0.064,1
"ENSG00000226330","ENSG00000226330",0.0450382209846947,0.230158584222585,0.042,0.036,1
"BUD13","BUD13",0.0453693156434857,-0.104031419227791,0.049,0.056,1
"MYG1","MYG1",0.0453809781960501,-0.148793434357073,0.035,0.041,1
"RAD9B","RAD9B",0.0456206851942526,-0.371444765709328,0.012,0.016,1
"SLC25A40","SLC25A40",0.0456213275688088,0.181498454515668,0.151,0.141,1
"PVR","PVR",0.0456309267931389,0.271571845943884,0.019,0.015,1
"LINGO2","LINGO2",0.0456587256889797,-0.472385162384318,0.018,0.022,1
"MARCHF9","MARCHF9",0.0457200737526921,0.243182021776392,0.056,0.05,1
"DISP3","DISP3",0.0459049214371753,-0.349754518823069,0.015,0.019,1
"TRIT1","TRIT1",0.0459196778655006,0.168226814489203,0.168,0.158,1
"MTRF1L","MTRF1L",0.0461415842339328,0.233959063373393,0.079,0.071,1
"DBX2","DBX2",0.0463153930329244,0.467946979044771,0.016,0.013,1
"SGK3","SGK3",0.0463232439726419,0.114157898530774,0.689,0.699,1
"ZNF398","ZNF398",0.0463325658082028,0.138261946013798,0.171,0.161,1
"EPG5","EPG5",0.0465644843386894,0.128655967990056,0.275,0.266,1
"DCUN1D1","DCUN1D1",0.0468163741189843,0.140293961869237,0.348,0.34,1
"ENSG00000281538","ENSG00000281538",0.046858835189539,-0.515174071522374,0.012,0.016,1
"ENSG00000283554","ENSG00000283554",0.0469444282940688,0.493388077418055,0.016,0.012,1
"AKAP12","AKAP12",0.046950142464206,-0.160126230946063,0.079,0.088,1
"THUMPD3","THUMPD3",0.0471129446888692,-0.1075738592824,0.077,0.086,1
"PID1","PID1",0.0471385959481402,-0.200158662977364,0.151,0.161,1
"CWC15","CWC15",0.0472393994909418,0.176205316461903,0.103,0.095,1
"PRSS23","PRSS23",0.0472666738462878,-0.18095896320343,0.026,0.031,1
"ENSG00000260983","ENSG00000260983",0.0472941020328043,-0.171591671172906,0.027,0.033,1
"IFI27L2","IFI27L2",0.0473704102193938,0.205499876542738,0.113,0.105,1
"RGS17","RGS17",0.0473962559677909,-0.222367688985476,0.048,0.055,1
"INTS4","INTS4",0.0474462486424765,0.139579505208937,0.218,0.207,1
"BCR","BCR",0.0474479892551051,0.101214009157347,0.223,0.211,1
"NOS1AP","NOS1AP",0.0475092278627136,0.20136411803811,0.27,0.264,1
"ENSG00000265749","ENSG00000265749",0.0475413085439597,0.328127742774508,0.016,0.013,1
"TRDN","TRDN",0.0476426714763747,-0.220279109224633,0.009,0.012,1
"CEP76","CEP76",0.0477119843516521,-0.143565949128877,0.044,0.05,1
"ZBTB3","ZBTB3",0.0478318869819071,0.199623004421972,0.039,0.033,1
"ENSG00000261766","ENSG00000261766",0.0480237359876758,-0.179229839214038,0.027,0.032,1
"SPECC1L","SPECC1L",0.0481252129050302,0.420692211397332,0.012,0.009,1
"COPS9","COPS9",0.0482071979279689,0.207016430023421,0.165,0.157,1
"MAMDC2-AS1","MAMDC2-AS1",0.0482533293401311,-0.166967652601261,0.041,0.048,1
"ENSG00000261526","ENSG00000261526",0.0482539705523745,0.264374486984512,0.026,0.021,1
"MARCHF8","MARCHF8",0.0482852409986332,0.149813421218421,0.308,0.3,1
"LIN7B","LIN7B",0.0484306212758792,0.185712406068775,0.049,0.042,1
"GLIS1","GLIS1",0.0484390162231797,0.345828283069322,0.013,0.009,1
"CDC5L","CDC5L",0.0484511321119044,0.159908919104853,0.171,0.161,1
"TMEM108","TMEM108",0.0484539245718052,0.112614233409322,0.19,0.178,1
"PSME3","PSME3",0.0484816830187277,0.24758033357796,0.053,0.046,1
"UTP14A","UTP14A",0.0485659269771459,0.212771919816124,0.051,0.045,1
"RBM11","RBM11",0.0486453847485954,-0.117198909232682,0.045,0.052,1
"TIMM44","TIMM44",0.0487004317669184,0.256135451209416,0.098,0.09,1
"GNRH1","GNRH1",0.0487092141236208,0.299568410561845,0.013,0.01,1
"ZNF701","ZNF701",0.0487496395744466,0.320559204056882,0.08,0.072,1
"RHPN2","RHPN2",0.0489928489717111,-0.16621379203264,0.029,0.035,1
"SCRG1","SCRG1",0.0491055210643802,0.259995813830493,0.191,0.183,1
"FZD5","FZD5",0.0491912363785506,-0.132107740989144,0.032,0.038,1
"AGER","AGER",0.0492067176923701,0.433384424901829,0.018,0.014,1
"NOL7","NOL7",0.0493027349150716,0.166377549070308,0.151,0.141,1
"TMEM219","TMEM219",0.0494429757604806,-0.100527277511975,0.148,0.159,1
"BGN","BGN",0.0494677147108336,-0.286953872677758,0.033,0.039,1
"NUSAP1","NUSAP1",0.0496069600107283,0.891680632913066,0.01,0.007,1
"MAPK8IP2","MAPK8IP2",0.0497013914399377,-0.241682208814345,0.026,0.031,1
"LOC101927950","LOC101927950",0.0498349311125151,0.488604150339445,0.011,0.008,1
"PHYHIP","PHYHIP",0.0498450301536616,-0.199238619144756,0.015,0.019,1
"DAAM2-AS1","DAAM2-AS1",0.0498598471444354,-0.159251372181798,0.019,0.024,1
"GBE1","GBE1",0.0499148951511101,0.371310023290491,0.254,0.251,1
"VWA5A","VWA5A",0.0499904822775007,-0.138765873589081,0.041,0.048,1
"ENSG00000260455","ENSG00000260455",0.0500246169683023,0.211108208374744,0.02,0.016,1
"FGFBP3","FGFBP3",0.0501042193939993,-0.259627829385416,0.011,0.014,1
"ENSG00000226310","ENSG00000226310",0.0502641284620224,0.626334748269358,0.01,0.007,1
"CHAF1A","CHAF1A",0.0502833125084463,-0.13080215773717,0.021,0.025,1
"LINC01902","LINC01902",0.050312263867798,-0.319116113953112,0.009,0.013,1
"SRBD1","SRBD1",0.0503446150488664,0.109926312676727,0.23,0.219,1
"CHCHD4","CHCHD4",0.0504408379274124,0.267968920964283,0.023,0.019,1
"ZNF331","ZNF331",0.0504421307281729,0.134602326118607,0.179,0.169,1
"IGFBP5","IGFBP5",0.050474746686187,-0.131036311494039,0.052,0.059,1
"INTS12","INTS12",0.0505924501235927,0.178189168774734,0.115,0.106,1
"PGAP6","PGAP6",0.0506237230906688,-0.194545252536334,0.05,0.057,1
"SP2","SP2",0.0506279632961845,-0.129904206233571,0.064,0.071,1
"IGIP","IGIP",0.0506776414746926,0.180381321056844,0.092,0.084,1
"ENSG00000272993","ENSG00000272993",0.0506878475085248,0.489900223924465,0.011,0.008,1
"SSPN","SSPN",0.0507138279000843,0.11528046758612,0.141,0.153,1
"ZNF600","ZNF600",0.0507937302571207,0.378060092335841,0.028,0.023,1
"SNX10-AS1","SNX10-AS1",0.0510461190366686,0.356645452834181,0.023,0.019,1
"TMEM115","TMEM115",0.0511119361312113,0.196356445605359,0.042,0.036,1
"LINC02542","LINC02542",0.0512168285096799,0.767157870772571,0.01,0.007,1
"ZFP69","ZFP69",0.0512244813552838,-0.209508113066847,0.018,0.023,1
"JRK","JRK",0.051251315480673,-0.193219558380796,0.062,0.069,1
"ZP3","ZP3",0.0512676414555045,0.412799891082204,0.026,0.021,1
"PLRG1","PLRG1",0.0512853840529887,-0.109125243589835,0.078,0.087,1
"ENSG00000225421","ENSG00000225421",0.0514666299562113,0.462914279720924,0.017,0.013,1
"ZYG11B","ZYG11B",0.0515191627084339,0.147665535280517,0.286,0.277,1
"DOCK6","DOCK6",0.0515985573461278,0.286847098121844,0.036,0.031,1
"MCM9","MCM9",0.0518100766435547,0.203929132203421,0.227,0.218,1
"ENSG00000264015","ENSG00000264015",0.0518413508006662,-0.205419150108352,0.041,0.047,1
"KCNN3","KCNN3",0.0519439260077321,-0.203353359684659,0.067,0.075,1
"NFIB-AS1","NFIB-AS1",0.0519538669800374,-0.300998878925949,0.025,0.029,1
"VPS36","VPS36",0.0520054992589354,0.124041900585401,0.247,0.236,1
"DFFB","DFFB",0.0520501899803664,0.227505322098033,0.093,0.085,1
"RABGEF1","RABGEF1",0.0520655137452708,-0.365021380311555,0.017,0.021,1
"SHISA2","SHISA2",0.0522000876083951,-0.605142778852555,0.007,0.01,1
"GTF2E2","GTF2E2",0.0522317390993184,0.241484823614178,0.14,0.132,1
"STX1A","STX1A",0.0522465392824191,0.448437448049455,0.014,0.011,1
"ENSG00000264668","ENSG00000264668",0.0522945864887867,0.185792176976392,0.02,0.016,1
"GFPT2","GFPT2",0.0523111535782109,-0.240088168315605,0.037,0.043,1
"ENSG00000258982","ENSG00000258982",0.0523777703217001,-0.174446641174601,0.042,0.048,1
"ENSG00000226266","ENSG00000226266",0.0524832363314351,0.217424824939495,0.067,0.06,1
"UBE2L3","UBE2L3",0.0526859747831891,0.163033427320045,0.263,0.255,1
"PLCH1","PLCH1",0.0526867336014747,-0.509051744745808,0.016,0.02,1
"MYADM","MYADM",0.0526934900964064,-0.185958285528069,0.041,0.047,1
"PCDHB10","PCDHB10",0.052769053536105,-0.256032305801808,0.009,0.012,1
"YJU2","YJU2",0.0528261122692725,-0.225176211820973,0.047,0.054,1
"NAP1L5","NAP1L5",0.0529082904507294,-0.172653141795643,0.016,0.02,1
"UBXN11","UBXN11",0.0532009596698698,0.122874233691832,0.017,0.014,1
"KIF3B","KIF3B",0.0532676767797853,-0.11445308768206,0.076,0.084,1
"ENSG00000269110","ENSG00000269110",0.0532966247194646,-0.234652272027263,0.014,0.018,1
"LOC101928002","LOC101928002",0.0533444121285103,0.383244648745444,0.016,0.013,1
"NPAP1","NPAP1",0.0533573705728667,0.200280144674644,0.01,0.007,1
"COL10A1","COL10A1",0.0534621956657484,-0.350615841085081,0.013,0.016,1
"KRABD3","KRABD3",0.0535107753251669,-0.255204489611942,0.023,0.028,1
"MEPCE","MEPCE",0.0535326383483569,0.238812880317025,0.045,0.039,1
"TMEM69","TMEM69",0.053656541196667,0.21277744545086,0.065,0.058,1
"FSTL4","FSTL4",0.0537791232432117,0.28433675600074,0.035,0.03,1
"DHCR24","DHCR24",0.0539505518039231,0.432590238639898,0.25,0.25,1
"IQCK-AS1","IQCK-AS1",0.053953592143419,0.187135240283327,0.035,0.03,1
"KDM8","KDM8",0.053980029790319,-0.192222507477706,0.02,0.024,1
"SMC3","SMC3",0.0540380985394968,0.159822740623931,0.204,0.194,1
"MIR193BHG","MIR193BHG",0.0540922493869092,-0.385833246451397,0.025,0.03,1
"EME2","EME2",0.0542148332000167,0.455983604579921,0.027,0.022,1
"MRPL52","MRPL52",0.054266939068568,0.138954128907092,0.077,0.069,1
"MARCHF5","MARCHF5",0.0542901721266288,0.21451058565465,0.154,0.145,1
"DPY19L1","DPY19L1",0.0542992725942827,0.169906375587098,0.216,0.207,1
"ENSG00000231187","ENSG00000231187",0.0543317279959406,0.281494109213755,0.059,0.052,1
"FAHD1","FAHD1",0.0543744736131955,-0.22114954670791,0.037,0.043,1
"IL34","IL34",0.054493225609124,-0.426488141617647,0.009,0.012,1
"GPR35","GPR35",0.0545462333194491,0.452862570736412,0.013,0.01,1
"CHMP4B","CHMP4B",0.0546974434824504,0.199078338935779,0.129,0.12,1
"ENSG00000284686","ENSG00000284686",0.0547065931941316,0.238953426372998,0.037,0.032,1
"TCAP","TCAP",0.0549391795307518,0.55735666517241,0.013,0.01,1
"SAC3D1","SAC3D1",0.0549478659954026,0.24209704599707,0.041,0.035,1
"ENSG00000261235","ENSG00000261235",0.0552327308677004,0.343037303734249,0.022,0.018,1
"FAM136A","FAM136A",0.0555208623526912,0.382099661445269,0.031,0.026,1
"RSL1D1","RSL1D1",0.0555417028267696,0.203738673351471,0.08,0.072,1
"THBS2","THBS2",0.0556241045741596,0.164456026762221,0.138,0.128,1
"SOX1","SOX1",0.0556330619629204,-0.457803451781163,0.007,0.01,1
"CCDC47","CCDC47",0.0556606809810029,0.210199155423833,0.092,0.084,1
"ROBO3","ROBO3",0.0558308867457614,-0.144717149900305,0.043,0.05,1
"AQP4","AQP4",0.0558399498931345,-0.249703295902549,0.04,0.046,1
"TM2D3","TM2D3",0.0559210591363557,0.189246789758771,0.183,0.175,1
"CLSTN3","CLSTN3",0.0559428373853696,0.323580584066805,0.027,0.022,1
"LOC107986400","LOC107986400",0.0561518159525474,-0.426308883669615,0.009,0.012,1
"ENSG00000248664","ENSG00000248664",0.0561922538116845,-0.308116953312076,0.01,0.013,1
"ENSG00000273437","ENSG00000273437",0.0562154136972162,0.27919036302255,0.02,0.016,1
"ISCA2","ISCA2",0.0562952555445121,0.397198356997798,0.026,0.022,1
"UBE2V2","UBE2V2",0.0564557038876198,0.20178102419409,0.149,0.14,1
"CBARP","CBARP",0.0565068576642643,-0.478975264384756,0.009,0.012,1
"GTPBP8","GTPBP8",0.0565864933823343,0.116580973888268,0.08,0.073,1
"NAF1","NAF1",0.0566909877829738,0.255708550431622,0.163,0.155,1
"P3H1","P3H1",0.0567408199200045,0.247308833622794,0.067,0.061,1
"SLC26A5","SLC26A5",0.0567642253592934,0.328662793666199,0.026,0.022,1
"MANEA-DT","MANEA-DT",0.056811821962037,0.357949665957142,0.02,0.016,1
"HAUS1","HAUS1",0.0568605829228314,0.194817031223227,0.048,0.042,1
"SCUBE3","SCUBE3",0.0569073634207268,-0.292102802365746,0.009,0.012,1
"PHC1","PHC1",0.0569744205101578,0.180953898915265,0.092,0.084,1
"ZKSCAN3","ZKSCAN3",0.0570009745807969,-0.242842036726012,0.022,0.026,1
"DYNLT2","DYNLT2",0.0572196668288138,0.177809430864715,0.034,0.029,1
"SPDYE16","SPDYE16",0.0572505981661343,0.333584422911679,0.029,0.024,1
"ENSG00000226647","ENSG00000226647",0.0573344934548489,0.208874310256258,0.03,0.025,1
"HIF1AN","HIF1AN",0.057343295788679,0.110602848417425,0.121,0.112,1
"PEX16","PEX16",0.0573930037795211,-0.103475172965579,0.063,0.07,1
"SEMA3A","SEMA3A",0.0574929754480903,0.436356555424051,0.039,0.034,1
"EFNB2","EFNB2",0.0576577973413277,-0.17091800224357,0.039,0.045,1
"ENSG00000236234","ENSG00000236234",0.0578340562558761,0.466186116766118,0.012,0.009,1
"SULT4A1","SULT4A1",0.0578766585170545,-0.354767455750192,0.007,0.01,1
"TAC4","TAC4",0.0578996355515493,0.374532140915203,0.012,0.009,1
"ATRIP","ATRIP",0.0579062152354825,-0.138421678596576,0.027,0.032,1
"OSTM1","OSTM1",0.0579520757672514,0.138517131013402,0.181,0.171,1
"ENSG00000265118","ENSG00000265118",0.0580108408383486,-0.264011483533777,0.026,0.031,1
"MRPS7","MRPS7",0.0580698122948932,0.158164761468766,0.069,0.062,1
"RAVER2","RAVER2",0.058208084979245,0.256093630316095,0.064,0.057,1
"ANKRD24","ANKRD24",0.0582253382764874,-0.229418312556292,0.03,0.035,1
"SULT1C4","SULT1C4",0.0582352941740656,0.493255310343732,0.012,0.009,1
"COPS5","COPS5",0.0583191509639319,0.279342424172264,0.039,0.033,1
"DCPH1","DCPH1",0.0586982677251737,0.333297831568407,0.042,0.036,1
"CNKSR1","CNKSR1",0.0587828438261235,-0.237492128254314,0.029,0.034,1
"UCP3","UCP3",0.0588974943357208,0.480348005696754,0.011,0.009,1
"MGRN1","MGRN1",0.0589040716060522,0.123618703154486,0.29,0.28,1
"NOL11","NOL11",0.059059839980425,0.223448163691452,0.096,0.088,1
"GATD1-DT","GATD1-DT",0.0592440217466532,0.183887614110907,0.086,0.079,1
"EEF1AKMT1","EEF1AKMT1",0.0593065186129294,-0.181931937853277,0.077,0.084,1
"GSTM4","GSTM4",0.0593083020211643,0.2865736457494,0.037,0.032,1
"CCDC61","CCDC61",0.0594137140226601,-0.246496891894481,0.027,0.031,1
"ENSG00000261140","ENSG00000261140",0.0594836191692936,-0.105152740526939,0.057,0.064,1
"EPHA7","EPHA7",0.0596009220979011,-0.246791109394184,0.021,0.026,1
"PTP4A3","PTP4A3",0.0597001270462412,-0.363231444544517,0.011,0.014,1
"ENSG00000276449","ENSG00000276449",0.0598258792868807,0.359292766249121,0.015,0.011,1
"AP5Z1","AP5Z1",0.0598718757008055,0.165802744273447,0.076,0.068,1
"P3H4","P3H4",0.0598720448311159,0.456907851542013,0.029,0.024,1
"ENSG00000270149","ENSG00000270149",0.0598915862483338,0.523680313218972,0.011,0.008,1
"DENND5B-AS1","DENND5B-AS1",0.0599373017523289,0.457514318212992,0.019,0.015,1
"ARHGAP19-SLIT1","ARHGAP19-SLIT1",0.0599882386701485,0.314571589046169,0.019,0.015,1
"PSMD4","PSMD4",0.060027224082506,0.120439016380122,0.169,0.159,1
"PPP2R5D","PPP2R5D",0.0600494303921908,-0.128459904840476,0.046,0.052,1
"COMMD8","COMMD8",0.0601534046970221,0.391390849165495,0.029,0.025,1
"P3H2-AS1","P3H2-AS1",0.0602308234412245,0.43362991894153,0.019,0.015,1
"GRB14","GRB14",0.0602434430760161,-0.437125993409301,0.009,0.013,1
"TACR1","TACR1",0.0603095517525448,0.359067895463539,0.011,0.008,1
"ENSG00000270953","ENSG00000270953",0.0603243188172153,0.6961366159105,0.01,0.008,1
"BCCIP","BCCIP",0.0603331747038581,0.219460181319647,0.147,0.138,1
"SNHG7","SNHG7",0.0603996536303387,0.214043103435839,0.106,0.098,1
"HDDC3","HDDC3",0.0604172341554996,-0.114072768625486,0.025,0.029,1
"STK16","STK16",0.0606141518525272,-0.262650420262452,0.02,0.024,1
"CHAC2","CHAC2",0.0606883380227202,0.516957263537822,0.011,0.008,1
"ZSCAN2","ZSCAN2",0.0607004696709665,0.326195715153809,0.025,0.021,1
"MYOT","MYOT",0.0607083069236607,0.380500465337125,0.074,0.067,1
"PPP1R14C","PPP1R14C",0.0607304337837403,0.240926606831836,0.054,0.047,1
"CLMP","CLMP",0.0607626920188858,-0.148023722805259,0.014,0.018,1
"TMEM263-DT","TMEM263-DT",0.0607688576933211,0.224232169277654,0.017,0.014,1
"LINC00158","LINC00158",0.0608064248444904,0.281218679017096,0.03,0.025,1
"GOLM1","GOLM1",0.0608141079453683,0.191269648110579,0.139,0.13,1
"GABARAP","GABARAP",0.0608704412668128,-0.318335568064985,0.016,0.02,1
"ENSG00000236986","ENSG00000236986",0.060917767893202,0.173273227046641,0.04,0.035,1
"SMIM10L2A","SMIM10L2A",0.0609324731612426,-0.356601174978436,0.009,0.013,1
"FAM90A1","FAM90A1",0.0609961145539107,0.445411984424527,0.011,0.008,1
"NSG2","NSG2",0.0611976636517893,-0.132432355427869,0.087,0.096,1
"LYPLA2","LYPLA2",0.06119882846725,0.354956934650617,0.037,0.032,1
"FRAT1","FRAT1",0.0612382015548706,0.430767666371808,0.014,0.011,1
"SFMBT1","SFMBT1",0.0612699063601827,0.172710933052415,0.124,0.115,1
"TOE1","TOE1",0.061325820065386,0.346836615538621,0.022,0.018,1
"FAM181B","FAM181B",0.061348851036307,-0.121369738636122,0.088,0.096,1
"ENSG00000267179","ENSG00000267179",0.0614174239941318,0.21353557074453,0.032,0.027,1
"CANX","CANX",0.0615824742537677,0.106205772003476,0.372,0.362,1
"NORAD","NORAD",0.0616619513726355,0.123019981529984,0.261,0.251,1
"PRR12","PRR12",0.0617626228491161,0.129048156112611,0.115,0.106,1
"ENSG00000248559","ENSG00000248559",0.0618938394937618,0.517159400955035,0.01,0.007,1
"CCDC167","CCDC167",0.061904536351601,0.297938347185636,0.055,0.049,1
"BAZ2A","BAZ2A",0.0619457139404764,0.125601635861392,0.252,0.241,1
"ARPP19","ARPP19",0.0620513518116639,0.159620375000569,0.262,0.254,1
"ENSG00000259536","ENSG00000259536",0.0621930734037694,0.386709702070833,0.016,0.013,1
"BLVRB","BLVRB",0.0623859553503284,0.252109794246234,0.057,0.051,1
"FDXR","FDXR",0.0625799537180178,-0.381718341483184,0.013,0.016,1
"GNAI2","GNAI2",0.0625907073320094,0.158866740073223,0.372,0.371,1
"ENSG00000230325","ENSG00000230325",0.0626065623546824,0.208403838875177,0.046,0.04,1
"ENSG00000253500","ENSG00000253500",0.0627879116098165,-0.270486462020837,0.008,0.011,1
"COMMD2","COMMD2",0.0627946859133111,0.23116841904775,0.117,0.109,1
"MADD","MADD",0.0628836891852951,0.155088638206693,0.171,0.162,1
"PLPP4","PLPP4",0.0628953497178433,0.3117469692006,0.209,0.202,1
"PSMC3","PSMC3",0.0629110308093828,-0.198791602004289,0.056,0.063,1
"HAGHL","HAGHL",0.062958091776189,-0.133635136856646,0.079,0.087,1
"ETAA1","ETAA1",0.0632289871405299,-0.100735307031277,0.073,0.081,1
"KCTD9","KCTD9",0.0633137011386516,0.231152453447127,0.086,0.079,1
"PALLD","PALLD",0.0633154332401028,0.263222985306319,0.141,0.133,1
"ANP32B","ANP32B",0.0634385930147429,0.182237517843878,0.152,0.143,1
"GTPBP4","GTPBP4",0.0635474172254451,0.166793146801372,0.106,0.098,1
"FAM13B","FAM13B",0.0636198548877732,0.120597910764304,0.635,0.635,1
"ARIH2OS","ARIH2OS",0.0636467743308084,-0.224569131372133,0.012,0.015,1
"C10orf88","C10orf88",0.0638125269272755,-0.149508348058856,0.079,0.087,1
"TTC23-AS1","TTC23-AS1",0.0639340222755702,0.473602410898257,0.026,0.021,1
"GIHCG","GIHCG",0.0640226525770421,-0.198150704287593,0.024,0.028,1
"ENSG00000258077","ENSG00000258077",0.0640261426310936,0.243723082569248,0.023,0.019,1
"RXRG","RXRG",0.0640314029027006,0.246973603837563,0.01,0.007,1
"NUMBL","NUMBL",0.0640420875845539,0.250089727119325,0.062,0.055,1
"ENSG00000272356","ENSG00000272356",0.0640677967172593,0.425860152166479,0.016,0.012,1
"HCFC1","HCFC1",0.0641162047299488,0.229383360148528,0.074,0.067,1
"TMEM63C","TMEM63C",0.0641946098250221,-0.166795453699621,0.021,0.025,1
"HNRNPAB","HNRNPAB",0.0644825979104064,0.234466281305911,0.077,0.071,1
"RPUSD3","RPUSD3",0.0645514131410086,0.158930743785548,0.054,0.048,1
"ECM1","ECM1",0.0647317508796355,-0.326458933061702,0.01,0.013,1
"COQ9","COQ9",0.0647462464682318,0.147025699244796,0.106,0.098,1
"OVOL2","OVOL2",0.0650425236110814,0.304698479527381,0.024,0.02,1
"SLC36A4","SLC36A4",0.0650491686516964,0.141856094952454,0.254,0.245,1
"ZNF182","ZNF182",0.0650738918073461,-0.305401483671645,0.035,0.041,1
"NUP85","NUP85",0.0651943642220569,0.176061768343597,0.105,0.097,1
"TMEM68","TMEM68",0.0652491911903539,0.16977560685749,0.109,0.101,1
"ENSG00000204352","ENSG00000204352",0.0652654233975433,-0.451970245069114,0.009,0.012,1
"TFPT","TFPT",0.0652826209450537,0.241929652373428,0.034,0.029,1
"SEL1L3","SEL1L3",0.0654942234565766,-0.246256791930174,0.061,0.068,1
"NPR2","NPR2",0.0655284498444653,0.422565853477133,0.017,0.014,1
"ELAVL1","ELAVL1",0.0656218650793607,0.121341718250046,0.25,0.241,1
"SCAT2","SCAT2",0.0656502523101238,0.486956920340081,0.013,0.01,1
"LOC124905349","LOC124905349",0.0658589392104093,0.537513117862342,0.017,0.014,1
"CDC7","CDC7",0.0658625837919829,0.432864158104614,0.043,0.038,1
"GFER","GFER",0.0660607819094787,-0.135593638214737,0.025,0.03,1
"CLIC5","CLIC5",0.0661127591844743,0.353862498968602,0.019,0.016,1
"PNO1","PNO1",0.0661446920460099,0.308186206575561,0.05,0.044,1
"ENSG00000239407","ENSG00000239407",0.0663080119945278,0.331129743959668,0.03,0.025,1
"FBN2","FBN2",0.0663375472715206,-0.448782600434043,0.019,0.023,1
"AKAP1","AKAP1",0.0664507106482722,0.168285805448406,0.092,0.085,1
"TFAP4","TFAP4",0.0665215585479508,0.22866005672302,0.039,0.034,1
"ZNF383","ZNF383",0.0665721794156416,-0.102411678636179,0.09,0.098,1
"ARVCF","ARVCF",0.0665824159631121,-0.291903796364587,0.018,0.021,1
"CHCHD6","CHCHD6",0.0666594585566131,0.165824818354315,0.171,0.162,1
"NIT2","NIT2",0.0671200465659984,-0.133981566401161,0.048,0.054,1
"LRRC37A","LRRC37A",0.0672462031352953,-0.117535456072793,0.037,0.043,1
"DENND2C","DENND2C",0.067361466862826,-0.228150771367069,0.017,0.021,1
"TTC14-DT","TTC14-DT",0.0677050757458351,-0.30040193839315,0.021,0.025,1
"FAM117A","FAM117A",0.0677262760126266,0.326478477112156,0.031,0.026,1
"ENSG00000116883","ENSG00000116883",0.0677328836210542,0.442391579233792,0.012,0.009,1
"ENSG00000272009","ENSG00000272009",0.0677892353856995,-0.195764169828478,0.023,0.027,1
"HEY2","HEY2",0.0680961181409007,0.240966756140507,0.078,0.071,1
"ENSG00000279726","ENSG00000279726",0.0682920980998936,0.112083688161371,0.029,0.024,1
"NEU3","NEU3",0.0683435971143619,-0.114190283694496,0.074,0.081,1
"BMAL2","BMAL2",0.068350715862062,-0.18195026102528,0.008,0.011,1
"ENSG00000272341","ENSG00000272341",0.068457476118195,-0.251460388684804,0.01,0.013,1
"PDGFRL","PDGFRL",0.0684649800379683,-0.589193060018133,0.01,0.013,1
"KIF3C","KIF3C",0.0685138047144566,0.144808622163304,0.158,0.149,1
"ACADS","ACADS",0.0686683965859348,-0.228808841566579,0.024,0.028,1
"DPH2","DPH2",0.0688424426824485,-0.226420534058136,0.02,0.024,1
"RORA-AS1","RORA-AS1",0.0689351816764333,0.133854824003537,0.166,0.156,1
"BFAR","BFAR",0.069012368545362,0.215315314595944,0.109,0.102,1
"RAB8B","RAB8B",0.0690296030723225,0.198484853953321,0.287,0.281,1
"ALKBH6","ALKBH6",0.0690465942993544,-0.350974370205963,0.025,0.03,1
"PSME3IP1","PSME3IP1",0.0690831257185889,0.14521960639781,0.219,0.21,1
"ENSG00000268205","ENSG00000268205",0.0692326203453324,0.103227596845441,0.27,0.259,1
"MSANTD3","MSANTD3",0.0692655794072219,-0.195266565869807,0.025,0.029,1
"ATP6AP1","ATP6AP1",0.0694091839803821,0.103620462845744,0.218,0.207,1
"PON3","PON3",0.0694445492918022,-0.219240991326165,0.019,0.023,1
"ZNF835","ZNF835",0.0694997889230171,-0.251349831761163,0.019,0.023,1
"ID3","ID3",0.0696128686338619,-0.29314445913616,0.009,0.012,1
"NEIL1","NEIL1",0.0696453430429818,0.171258788061676,0.04,0.035,1
"C5orf34","C5orf34",0.069822446205443,0.362755068836194,0.014,0.011,1
"FBXO46","FBXO46",0.0698399824141806,0.290681107600037,0.057,0.051,1
"ENSG00000248015","ENSG00000248015",0.0698433658499461,-0.483092545142155,0.008,0.011,1
"NWD1","NWD1",0.0699256372902179,-0.20857516479669,0.007,0.01,1
"HMGN3","HMGN3",0.0700506842528743,0.128493636533232,0.382,0.379,1
"ENSG00000272661","ENSG00000272661",0.0701152825995534,0.324219757332185,0.017,0.013,1
"MAP7D2","MAP7D2",0.0701468149233316,-0.189305989337768,0.022,0.027,1
"RASD2","RASD2",0.0701619637205148,0.452837904654366,0.011,0.009,1
"ZER1","ZER1",0.070170729705375,0.109634353741607,0.313,0.304,1
"FBXL16","FBXL16",0.0701902566315254,0.333680820373569,0.011,0.009,1
"SLC67A2","SLC67A2",0.0702567013469908,0.429445136163367,0.016,0.013,1
"ENSG00000224032","ENSG00000224032",0.0703196981915341,0.308649209337461,0.035,0.03,1
"ZSCAN29","ZSCAN29",0.0703744452041789,0.27261388828592,0.051,0.045,1
"EIF1B","EIF1B",0.0706240529406081,0.147360349873527,0.128,0.119,1
"NDUFA12","NDUFA12",0.0706611462142576,0.247649882858485,0.106,0.099,1
"ZNF597","ZNF597",0.0709490753792244,0.319454401819621,0.02,0.016,1
"LSM12","LSM12",0.0710666941491733,0.134408261448756,0.101,0.093,1
"PGGT1B","PGGT1B",0.0711676104904024,0.174079818258664,0.179,0.171,1
"RAB18","RAB18",0.0713445880786901,0.114727892866491,0.257,0.248,1
"EIF2B4","EIF2B4",0.0714363345881014,0.134086494244428,0.067,0.06,1
"MRPL21","MRPL21",0.0714861039300513,-0.208497358544193,0.033,0.039,1
"APOBEC2","APOBEC2",0.0716216868334957,-0.195670600867258,0.01,0.013,1
"EYA3","EYA3",0.0716461980133659,0.12248855486542,0.327,0.319,1
"TPST1","TPST1",0.0716749308972051,0.174655644277759,0.238,0.257,1
"UBR4","UBR4",0.071681929468805,0.110826720067969,0.319,0.312,1
"LINC02405","LINC02405",0.0717167259650289,-0.399285332821489,0.009,0.012,1
"TXNDC17","TXNDC17",0.0717251369800495,0.294094583670802,0.03,0.025,1
"SSC4D","SSC4D",0.0717290951619618,0.44424965405024,0.011,0.008,1
"GGH","GGH",0.0717537290557025,0.538425762319493,0.013,0.01,1
"CEBPZOS","CEBPZOS",0.0717599428350868,0.179652588033784,0.196,0.187,1
"UNG","UNG",0.0718855112581362,-0.138906093016483,0.025,0.03,1
"PEG10","PEG10",0.0718910953329102,0.170441868560185,0.088,0.081,1
"TMEM132A","TMEM132A",0.0720277654436652,0.225945334667851,0.026,0.022,1
"TBRG4","TBRG4",0.0720836997913155,0.2555915415523,0.065,0.058,1
"RBMX","RBMX",0.0721701194814851,0.118564587843687,0.389,0.383,1
"GALNT12","GALNT12",0.0721757592033898,-0.18604363256723,0.023,0.027,1
"LRFN2","LRFN2",0.0723980140134553,-0.162107243023738,0.053,0.059,1
"PKP2","PKP2",0.0726024372158396,-0.686348658637052,0.008,0.011,1
"FSTL3","FSTL3",0.0727430964051417,0.374213932295139,0.021,0.018,1
"CPTP","CPTP",0.0728893070341871,-0.175021572792457,0.023,0.027,1
"FBXO6","FBXO6",0.0730147717282915,0.579505700594423,0.013,0.01,1
"TAGLN2","TAGLN2",0.0732568138626032,0.312999964160523,0.037,0.032,1
"APOO","APOO",0.0732776922727194,0.223618429096579,0.34,0.337,1
"SLC25A28","SLC25A28",0.0733448338516014,0.149296135866723,0.166,0.158,1
"PJVK","PJVK",0.0734029370889262,-0.10874679996778,0.053,0.06,1
"GRTP1","GRTP1",0.0734132352938044,0.414158005640903,0.01,0.007,1
"KLHDC3","KLHDC3",0.0735671163228947,0.190978588757394,0.103,0.096,1
"ENSG00000260755","ENSG00000260755",0.0736548015455208,0.392814822859024,0.01,0.008,1
"PTPN23","PTPN23",0.0736631131548011,-0.159808959446723,0.117,0.125,1
"PPP2CB","PPP2CB",0.0738129008164072,0.130216853523327,0.256,0.248,1
"SLC3A1","SLC3A1",0.0738135359296121,0.204990729799842,0.022,0.018,1
"FYCO1","FYCO1",0.0739401280922899,0.129353290573474,0.146,0.137,1
"EFNA5","EFNA5",0.0739560907664339,0.679271358058431,0.01,0.007,1
"AP5B1","AP5B1",0.0745043599109957,0.238054124541311,0.018,0.015,1
"PDE5A","PDE5A",0.0747188842121907,-0.1440123782771,0.125,0.133,1
"UGDH","UGDH",0.0747618566415854,0.212115876384883,0.098,0.091,1
"PDAP1","PDAP1",0.0747850416478891,0.168903466962074,0.105,0.097,1
"LTB4R","LTB4R",0.0748860328722818,0.239633187008253,0.018,0.014,1
"ZNF304","ZNF304",0.0749039849935947,-0.162619002526855,0.016,0.02,1
"SPATA2L","SPATA2L",0.0749101594640302,0.176148286242643,0.018,0.014,1
"VTA1","VTA1",0.0749713384377089,0.164840441714345,0.193,0.184,1
"NAGPA","NAGPA",0.0750414547042242,0.274154231407886,0.028,0.024,1
"ISY1-RAB43","ISY1-RAB43",0.0751836455624574,0.417389265577016,0.013,0.01,1
"ENSG00000229539","ENSG00000229539",0.0751864485571306,0.283400818563751,0.03,0.025,1
"RAB3C","RAB3C",0.075376030467239,-0.191136301499944,0.076,0.083,1
"ZFAND2A","ZFAND2A",0.0754219269446021,0.306120610259347,0.044,0.039,1
"BCORL1","BCORL1",0.0754305155899574,0.31895886908072,0.069,0.063,1
"GLB1L","GLB1L",0.0754712170817681,0.466701944141016,0.013,0.01,1
"SLC38A7","SLC38A7",0.0755909154727225,0.324081930205667,0.079,0.072,1
"LINC02082","LINC02082",0.0758099784747815,-0.651829807071384,0.008,0.011,1
"ADAM8","ADAM8",0.0758685476828544,0.337924187133247,0.016,0.012,1
"ALDH1A1","ALDH1A1",0.0758958355043728,-0.450365463603116,0.008,0.01,1
"LONP1","LONP1",0.0763406342790244,0.110237003604268,0.122,0.113,1
"MPLKIP","MPLKIP",0.0765283672025628,0.192395880300114,0.109,0.102,1
"PDCL3","PDCL3",0.0765487924533463,-0.223512081594594,0.02,0.024,1
"DNAJC8","DNAJC8",0.0768631199222218,0.154139736798547,0.136,0.128,1
"XAB2","XAB2",0.0770836572430854,-0.13974031859022,0.05,0.056,1
"KDM3B","KDM3B",0.0773346722919475,0.117958591378267,0.322,0.315,1
"CDON","CDON",0.0773578781949891,-0.24989089016439,0.039,0.044,1
"HIF3A","HIF3A",0.0774869558518237,-0.101227558763541,0.158,0.167,1
"ELP3","ELP3",0.0776463440221959,0.142996480784594,0.27,0.262,1
"G3BP1","G3BP1",0.0777897948931024,0.112935159421237,0.297,0.288,1
"CHST7","CHST7",0.0778062616093266,0.41444627319404,0.022,0.018,1
"PFKFB2","PFKFB2",0.0778252854812013,0.255925916070685,0.061,0.055,1
"TARID","TARID",0.0781878755460395,-0.641037831814337,0.009,0.012,1
"GRINA","GRINA",0.0782039499298559,0.140172502020537,0.132,0.123,1
"CNTFR","CNTFR",0.0782987778969319,-0.238435770993781,0.015,0.019,1
"CCDC28A-AS1","CCDC28A-AS1",0.078383558548608,-0.151112232457532,0.01,0.013,1
"SLC51A","SLC51A",0.0786142091646667,0.409194474549944,0.012,0.01,1
"ENSG00000260017","ENSG00000260017",0.0786574091580649,0.491735667284859,0.012,0.01,1
"MCM3AP","MCM3AP",0.079077230222886,0.159805334233086,0.25,0.243,1
"PCIF1","PCIF1",0.0790985506423099,-0.234601834090554,0.037,0.042,1
"SNHG19","SNHG19",0.0793505343097997,0.232978491477773,0.059,0.053,1
"UNC13B","UNC13B",0.0793994717982947,-0.111267869991211,0.175,0.185,1
"ENSG00000174680","ENSG00000174680",0.0796991307891538,0.412673753916756,0.02,0.016,1
"PRKAB1-AS1","PRKAB1-AS1",0.0799217314973645,0.555703939122429,0.023,0.019,1
"SLITRK5","SLITRK5",0.0800160062770391,0.248355705876907,0.099,0.092,1
"DECR2","DECR2",0.0800251214179129,-0.147505001239945,0.014,0.017,1
"CCDC28B","CCDC28B",0.0802709232018461,0.207089626670014,0.019,0.015,1
"LARP1B","LARP1B",0.0803126128780348,0.134050855578248,0.266,0.257,1
"ENSG00000236283","ENSG00000236283",0.0804014991069625,0.185648764881772,0.02,0.017,1
"ENSG00000257060","ENSG00000257060",0.0804097963544012,-0.409060270616472,0.014,0.018,1
"GSK3A","GSK3A",0.080475647304884,0.14816903015108,0.085,0.078,1
"CAV1","CAV1",0.0804973645613365,-0.20157780896871,0.031,0.036,1
"TCEAL9","TCEAL9",0.08061258681794,0.184169664617775,0.058,0.052,1
"SCEL","SCEL",0.0807198376342655,0.385524502628897,0.016,0.013,1
"TMEM67","TMEM67",0.0808800128532052,-0.280564905277431,0.029,0.033,1
"TMEM196","TMEM196",0.0813230511870811,0.208387847200038,0.034,0.029,1
"MYT1L","MYT1L",0.081620163799634,-0.181968970769331,0.099,0.107,1
"FAM111A-DT","FAM111A-DT",0.0816975072391956,0.482490850480402,0.011,0.009,1
"PPIL4","PPIL4",0.0818010927994993,0.150800845233949,0.197,0.19,1
"FNDC7","FNDC7",0.081998807260638,-0.316742962776038,0.008,0.011,1
"ZNF260","ZNF260",0.0822931685896649,0.163293014078473,0.097,0.09,1
"LINC01844","LINC01844",0.0823569102418544,-0.13109423826144,0.108,0.116,1
"MECP2","MECP2",0.0824176984323967,0.119689900831481,0.362,0.356,1
"IGF2BP2","IGF2BP2",0.0824262636502711,0.326754757117048,0.04,0.035,1
"RARA","RARA",0.0826576445973336,-0.134547047255761,0.016,0.02,1
"C2CD3","C2CD3",0.0826839327781641,0.168361732069521,0.213,0.204,1
"ENSG00000261485","ENSG00000261485",0.0830406384751852,-0.36137586572471,0.011,0.014,1
"TRIM59-IFT80","TRIM59-IFT80",0.0830465560426599,0.133341335632375,0.161,0.152,1
"MED31","MED31",0.0831827726803642,0.258022922233564,0.065,0.059,1
"ENSG00000254267","ENSG00000254267",0.0831881084568961,0.496890129305751,0.011,0.009,1
"DGCR2","DGCR2",0.083249399850082,0.140955954463294,0.282,0.275,1
"PROSER3","PROSER3",0.0832776567326251,-0.172409210804645,0.019,0.023,1
"HTATSF1","HTATSF1",0.0835625459123613,-0.1566142329831,0.07,0.077,1
"NKIRAS1","NKIRAS1",0.0837990264190366,0.278044337839318,0.063,0.057,1
"CAP2","CAP2",0.0839601394979514,0.247791082699738,0.032,0.028,1
"ITGB1-DT","ITGB1-DT",0.0840589900018978,0.246460110881169,0.037,0.032,1
"RASL10A","RASL10A",0.0841296314362443,0.249122509820135,0.011,0.009,1
"ACOT2","ACOT2",0.0841334701683426,0.504792394635857,0.011,0.008,1
"ENSG00000225689","ENSG00000225689",0.0842614270065021,0.897120569138584,0.011,0.008,1
"BCAS2","BCAS2",0.0843175988042621,-0.183179379540793,0.076,0.084,1
"TRIM3","TRIM3",0.0844305120636289,-0.120630259386613,0.053,0.059,1
"ENSG00000230648","ENSG00000230648",0.0844915285586547,-0.332988731809757,0.01,0.012,1
"SYNPR","SYNPR",0.0845173839979174,-0.262932816084807,0.01,0.012,1
"ARL9","ARL9",0.0845659563632127,0.48393736764331,0.011,0.008,1
"ENSG00000242553","ENSG00000242553",0.0849555359294673,-0.278671232340765,0.016,0.02,1
"PCSK2","PCSK2",0.0850257741887961,-0.120847651758596,0.058,0.064,1
"ENSG00000227603","ENSG00000227603",0.0850513069621508,-0.395246061728237,0.008,0.01,1
"TLCD3A","TLCD3A",0.0850717609089472,-0.121170637537938,0.01,0.013,1
"EIF2B2","EIF2B2",0.0851354010904319,-0.178147153431244,0.051,0.057,1
"LINC02057","LINC02057",0.0854594130534514,0.281293336703134,0.011,0.008,1
"QTGAL","QTGAL",0.0854672860519556,0.22990385338207,0.054,0.048,1
"ENSG00000259066","ENSG00000259066",0.0855777425617373,0.270336900569903,0.027,0.023,1
"SULT1A2","SULT1A2",0.0856017777520998,0.518883350727634,0.011,0.008,1
"CD63-AS1","CD63-AS1",0.0856328337498586,0.380996185338801,0.017,0.014,1
"ITGA3","ITGA3",0.0857605111717467,0.469287350715425,0.015,0.012,1
"SETD6","SETD6",0.0858049788073022,0.367951379999882,0.031,0.027,1
"NES","NES",0.0859828523363846,-0.249610257243314,0.028,0.033,1
"MYO10","MYO10",0.0860625144843186,0.186436380252089,0.219,0.211,1
"LOC100287944","LOC100287944",0.086072475502022,-0.296594709422501,0.027,0.031,1
"CCM2","CCM2",0.0863323964806753,0.183217729653132,0.304,0.301,1
"GCNT1","GCNT1",0.0864353799371685,0.615872818335006,0.01,0.008,1
"AKAP3","AKAP3",0.0865215383452501,-0.284054225796006,0.022,0.026,1
"POLRMT","POLRMT",0.086582416917315,-0.212341974370955,0.035,0.04,1
"CCDC142","CCDC142",0.0867400844284117,0.239688270632905,0.056,0.05,1
"DCTN1","DCTN1",0.087387476575728,-0.11086186736047,0.052,0.057,1
"HMGCL","HMGCL",0.0876464427918381,0.149517868417151,0.121,0.113,1
"ENSG00000269514","ENSG00000269514",0.0877886982785286,0.390836929067667,0.011,0.008,1
"CAMSAP3","CAMSAP3",0.0878894334527726,-0.559454921916497,0.008,0.01,1
"TRIR","TRIR",0.0878934682780281,0.137232590001824,0.168,0.159,1
"KDM1B","KDM1B",0.088326144117475,0.134955578984397,0.175,0.166,1
"ARMC5","ARMC5",0.088391525306315,0.158153554012875,0.037,0.032,1
"ENSG00000272004","ENSG00000272004",0.0884089722950471,0.438870995171462,0.01,0.008,1
"REXO5","REXO5",0.088565665840099,0.257154583662826,0.01,0.008,1
"PROM2","PROM2",0.0885695751276342,-0.555987245320937,0.011,0.014,1
"VMP1","VMP1",0.0886228679754562,0.121377508276894,0.505,0.51,1
"OR2L2","OR2L2",0.0890543207117021,-0.122802647792289,0.026,0.03,1
"ZNF619","ZNF619",0.0891234168585545,-0.212305625972848,0.018,0.021,1
"PPP1R2","PPP1R2",0.0891476564830647,0.204093161962449,0.112,0.105,1
"DLG3","DLG3",0.089255676112013,-0.156504703832013,0.041,0.047,1
"OTX2-AS1","OTX2-AS1",0.0892963046886099,-0.250942921011098,0.017,0.021,1
"WDR62","WDR62",0.0895347541604838,0.316698667728769,0.017,0.014,1
"ZNF239","ZNF239",0.0895735541094406,-0.222767312066469,0.023,0.027,1
"CCDC170","CCDC170",0.0896771896326976,0.231297878913102,0.013,0.01,1
"HAUS6","HAUS6",0.0897791108099977,0.258597740055383,0.096,0.09,1
"PITRM1-AS1","PITRM1-AS1",0.0897802120604364,0.30141616008747,0.01,0.007,1
"SLC25A33","SLC25A33",0.0898419345754855,0.203304095905943,0.099,0.092,1
"POPDC3","POPDC3",0.0898522917906032,0.196651152650116,0.044,0.039,1
"MAGOHB","MAGOHB",0.090154330065999,-0.114136308309321,0.047,0.053,1
"DCLRE1A","DCLRE1A",0.0902896698195431,-0.210734591513787,0.018,0.021,1
"HSPBP1","HSPBP1",0.0903484352047241,-0.133819317099457,0.055,0.061,1
"UTP25","UTP25",0.0904394417406406,-0.178879149960286,0.055,0.061,1
"TRMT44","TRMT44",0.0905592151662952,-0.142656193873602,0.087,0.095,1
"ENSG00000235939","ENSG00000235939",0.0906192620008912,0.225521562076521,0.013,0.01,1
"RRAGD","RRAGD",0.0907090862574941,0.235665864447867,0.089,0.082,1
"AK4","AK4",0.0907899764098992,0.34099901822464,0.039,0.034,1
"FEM1C","FEM1C",0.0908116973493207,0.174412105106954,0.118,0.11,1
"TCEA1","TCEA1",0.0910544715165622,0.110491651246081,0.171,0.162,1
"TCN2","TCN2",0.0910592810242196,-0.156798255455648,0.021,0.024,1
"GPRASP1","GPRASP1",0.0910767274195634,0.149385026499969,0.062,0.056,1
"VAPB","VAPB",0.091203010766345,0.152911034185315,0.236,0.227,1
"HOMER1","HOMER1",0.0913584771988479,0.284317767923314,0.101,0.094,1
"EPHA5-AS1","EPHA5-AS1",0.0914161761693675,0.319574086609988,0.012,0.01,1
"COL8A1","COL8A1",0.0914506766227242,0.213998839438791,0.018,0.015,1
"VPS26A","VPS26A",0.0914655331553264,0.128335447394158,0.197,0.188,1
"CCDC127","CCDC127",0.0918219273206724,-0.170602148268254,0.042,0.047,1
"ZNF821","ZNF821",0.091925974664263,-0.107779058838779,0.094,0.102,1
"NHERF2","NHERF2",0.0919625861784022,-0.229165823830979,0.01,0.013,1
"NELL2","NELL2",0.0921097284102531,-0.145905712963109,0.066,0.073,1
"ZNF154","ZNF154",0.0923186824512154,-0.222955351424406,0.013,0.016,1
"PLCB4","PLCB4",0.0923918986817394,-0.121655659165534,0.093,0.101,1
"POLR3GL","POLR3GL",0.0936778523229811,0.246613269388228,0.024,0.02,1
"ZNF426","ZNF426",0.0937280341207948,-0.128088523666383,0.05,0.056,1
"PDZD4","PDZD4",0.0937693346401853,-0.144488668703204,0.015,0.018,1
"EP400","EP400",0.093796854357222,0.117184185817797,0.356,0.348,1
"SNX11","SNX11",0.0939214938434889,0.220877658443576,0.058,0.052,1
"RNPC3","RNPC3",0.0939815009348975,0.113603892186998,0.378,0.372,1
"ENSG00000250602","ENSG00000250602",0.0941144065101468,-0.312983059937524,0.009,0.011,1
"FASTKD3","FASTKD3",0.0942192055367148,-0.206615240152036,0.02,0.024,1
"LIPC","LIPC",0.0943839914890647,0.293583455412207,0.068,0.063,1
"RFX4","RFX4",0.0943889011442685,0.220284352597534,0.033,0.028,1
"C6orf118","C6orf118",0.0943998474468971,-0.183616313817888,0.013,0.016,1
"KLF8","KLF8",0.0946713448183362,-0.132775702204428,0.014,0.017,1
"CD36","CD36",0.0946973217065726,0.312691096838425,0.021,0.018,1
"WDR88","WDR88",0.0947366144294234,-0.181928863134861,0.015,0.018,1
"NUP42","NUP42",0.0947483459570787,0.167938425663231,0.2,0.193,1
"ENSG00000260855","ENSG00000260855",0.0950288416557406,-0.31900933188065,0.011,0.014,1
"PEX5","PEX5",0.0950479825018203,0.156903001751076,0.075,0.068,1
"CRIPT","CRIPT",0.0952542432863612,0.170059939962455,0.101,0.094,1
"CDRT15P3","CDRT15P3",0.095424941175723,0.387330869272997,0.014,0.011,1
"RIMS3","RIMS3",0.0957174495437965,-0.415910744318143,0.009,0.012,1
"ACVR2A","ACVR2A",0.0958185608761799,0.16477794639587,0.167,0.158,1
"DYNLT3","DYNLT3",0.0958750521833062,0.196574868727013,0.042,0.037,1
"ENSG00000249352","ENSG00000249352",0.0960736114212042,-0.212959319252724,0.01,0.013,1
"LINC02482","LINC02482",0.0961183512081649,0.12463181024254,0.061,0.055,1
"GINS4","GINS4",0.0961895815966755,-0.14447258779948,0.012,0.015,1
"RPP40","RPP40",0.0963330556042779,0.307559732987932,0.014,0.011,1
"RAB15","RAB15",0.096343169516197,0.314477485939026,0.023,0.02,1
"CNEP1R1","CNEP1R1",0.0964217942149328,0.18053204228337,0.064,0.058,1
"RPUSD1","RPUSD1",0.0965061258789253,0.446036864719852,0.019,0.015,1
"KCNS3","KCNS3",0.0965353305874157,0.159888019963919,0.058,0.052,1
"ZNF92","ZNF92",0.0966438511129854,0.238739968981013,0.071,0.065,1
"ITGA7","ITGA7",0.0967426824807191,-0.183053121830543,0.019,0.023,1
"TTI2","TTI2",0.0968351205388911,0.262613011500945,0.072,0.066,1
"STK32C","STK32C",0.097061121150782,0.287176878494083,0.085,0.078,1
"SAV1","SAV1",0.0970900158502566,-0.100007345177267,0.125,0.134,1
"ENSG00000227033","ENSG00000227033",0.0971406672766545,0.402558010879897,0.019,0.016,1
"PKD1L3","PKD1L3",0.0971480282857503,0.165638473700714,0.016,0.013,1
"SLC27A5","SLC27A5",0.0972850271101621,0.17993794462217,0.065,0.059,1
"SLC25A38","SLC25A38",0.0973873471919067,0.259174527130293,0.055,0.05,1
"BCL11B","BCL11B",0.0975539539234704,-0.242736169178578,0.024,0.028,1
"HCRT","HCRT",0.0979168430294393,-0.359224670612392,0.008,0.01,1
"TSEN15","TSEN15",0.0981066567613947,0.197224601557762,0.316,0.315,1
"SLC66A1","SLC66A1",0.0981812644888872,-0.145171826269517,0.026,0.03,1
"TIGD4","TIGD4",0.0983866429150025,0.484928623540022,0.025,0.021,1
"ENSG00000254553","ENSG00000254553",0.098389353355187,0.132182721066942,0.044,0.039,1
"ZNF740","ZNF740",0.0987092656687837,0.230906439524128,0.055,0.05,1
"TEN1","TEN1",0.0988126538157711,0.289037937262998,0.021,0.017,1
"ENSG00000284772","ENSG00000284772",0.0989371403409035,0.200985937971404,0.031,0.027,1
"VPS16","VPS16",0.0990216973586232,0.238194147019181,0.032,0.028,1
"MEX3C","MEX3C",0.0995146092524968,0.281045145287707,0.071,0.065,1
"NTMT1","NTMT1",0.0995389117263357,0.186941264814276,0.073,0.067,1
"DCUN1D5","DCUN1D5",0.0995564492272208,0.18974826402728,0.103,0.096,1
"LOC124902769","LOC124902769",0.09985399420049,-0.151947398770083,0.009,0.012,1
"CRKL","CRKL",0.100017294987389,0.117962596508024,0.129,0.121,1
"TMEM86A","TMEM86A",0.100154093143244,0.287570516304593,0.011,0.009,1
"DIS3L-AS1","DIS3L-AS1",0.100156246041955,-0.346103754769057,0.034,0.038,1
"ENSG00000248774","ENSG00000248774",0.100176179325891,0.334451162821724,0.011,0.008,1
"CREB3L4","CREB3L4",0.100274517008829,-0.13675216066078,0.012,0.015,1
"PCDHB5","PCDHB5",0.100306180291137,-0.699970521231362,0.008,0.01,1
"ECSIT","ECSIT",0.100374855638693,0.138315625766207,0.097,0.089,1
"ENSG00000254343","ENSG00000254343",0.100404815994529,-0.11503953088302,0.061,0.067,1
"RABGGTB","RABGGTB",0.100427926786068,0.178356223284357,0.08,0.074,1
"ASF1A","ASF1A",0.100547899727045,-0.195461000336969,0.055,0.061,1
"SLC25A26","SLC25A26",0.100629001975705,0.105017508928497,0.282,0.274,1
"ZNF200","ZNF200",0.100676223098408,-0.105339130188742,0.023,0.027,1
"PARVA","PARVA",0.100739134135311,-0.273070487791124,0.019,0.023,1
"MED30","MED30",0.100900045704573,0.248673149736925,0.071,0.065,1
"NCKAP5-AS2","NCKAP5-AS2",0.101148633221018,0.339671160250639,0.034,0.03,1
"GOLGA8N","GOLGA8N",0.101156318867526,0.240500345050453,0.07,0.064,1
"RBBP8","RBBP8",0.101230611668321,0.2512614548593,0.037,0.033,1
"POLR1B","POLR1B",0.101270685616033,0.203769042511454,0.049,0.044,1
"SYCP2L","SYCP2L",0.101462958703697,-0.143475913061327,0.045,0.051,1
"ENSG00000267528","ENSG00000267528",0.101678799763373,-0.372889763109689,0.02,0.024,1
"CLPTM1","CLPTM1",0.10175963106168,0.109702597648481,0.21,0.201,1
"CC2D1A","CC2D1A",0.102063947982181,0.105035826464778,0.198,0.188,1
"IBA57","IBA57",0.10263476169368,0.208709382119055,0.034,0.03,1
"DBN1","DBN1",0.102752722653692,-0.295575747568358,0.011,0.014,1
"STX1B","STX1B",0.10282474104479,-0.162933354863025,0.033,0.037,1
"PCDH11X","PCDH11X",0.103058269549734,-0.299148434127014,0.075,0.081,1
"ZNF689","ZNF689",0.103232786991204,0.283183939676147,0.028,0.024,1
"SLC75A1","SLC75A1",0.103279700828066,0.131986533210207,0.061,0.055,1
"NR2F6","NR2F6",0.103291798568131,0.149655531418838,0.039,0.034,1
"ENSG00000255229","ENSG00000255229",0.103433533279892,0.202808023466669,0.033,0.029,1
"LYRM4-AS1","LYRM4-AS1",0.103498622074392,0.506381480441766,0.01,0.008,1
"ENSG00000268981","ENSG00000268981",0.103610041790909,0.378885744335381,0.013,0.01,1
"UQCRFS1","UQCRFS1",0.103612389055632,0.126240548984935,0.084,0.077,1
"ENSG00000259959","ENSG00000259959",0.103707242548184,0.51971679896905,0.015,0.012,1
"RBM27-POU4F3","RBM27-POU4F3",0.10379852118373,-0.217004454365863,0.02,0.024,1
"BSDC1","BSDC1",0.10381240879047,0.119336354988158,0.247,0.239,1
"CREB3","CREB3",0.103824520476076,0.156244970661104,0.043,0.038,1
"NALCN-AS1","NALCN-AS1",0.104141282018971,0.186783535577332,0.026,0.022,1
"PNMA1","PNMA1",0.104219968986707,0.253908071621113,0.055,0.049,1
"UBA1","UBA1",0.104470808250839,0.135963084047805,0.262,0.255,1
"LOC102724087","LOC102724087",0.104586100073242,0.285122203183713,0.015,0.012,1
"FANK1","FANK1",0.104663459334616,0.169703224459566,0.028,0.024,1
"AGTRAP","AGTRAP",0.104710806454399,0.243547704032975,0.061,0.056,1
"ENSG00000229337","ENSG00000229337",0.104918941597718,-0.141886310575344,0.034,0.039,1
"RBCK1","RBCK1",0.104920675916561,0.118230073951415,0.162,0.154,1
"VPS9D1","VPS9D1",0.104945443226367,0.125731368514148,0.145,0.137,1
"NHSL2","NHSL2",0.105221296662721,-0.226008702479277,0.038,0.043,1
"HYI","HYI",0.105291593308271,0.193358672110663,0.052,0.047,1
"ENSG00000261717","ENSG00000261717",0.105310821441445,0.324570450638024,0.045,0.04,1
"NMNAT2","NMNAT2",0.105467506828248,0.221243114648971,0.098,0.091,1
"USP33","USP33",0.105518370378419,0.108815524699869,0.482,0.483,1
"ACSL4","ACSL4",0.105579335079057,0.248894508691227,0.39,0.396,1
"ENSG00000274561","ENSG00000274561",0.105647741408988,0.362004404326544,0.019,0.016,1
"ERBIN","ERBIN",0.105744021037103,0.283045847557337,0.829,0.865,1
"ANKRD26","ANKRD26",0.105948071174102,0.117201325631844,0.302,0.296,1
"UBFD1","UBFD1",0.106506620838054,-0.115420108066034,0.053,0.059,1
"B4GAT1-DT","B4GAT1-DT",0.106618033180454,-0.187628996408089,0.01,0.013,1
"LINC02694","LINC02694",0.106619163793495,-0.51925648734429,0.008,0.01,1
"IL17RD","IL17RD",0.106696998192339,-0.204948703706609,0.016,0.019,1
"ENSG00000267879","ENSG00000267879",0.106921829720856,-0.206597293728922,0.014,0.017,1
"GSN-AS1","GSN-AS1",0.106960077331695,-0.226243261260172,0.012,0.015,1
"ENSG00000258461","ENSG00000258461",0.10696235161068,0.457721896807609,0.01,0.007,1
"ATP2B2","ATP2B2",0.107064463520056,0.135745803979935,0.081,0.074,1
"PDK4","PDK4",0.107480979995552,0.116234349759596,0.299,0.293,1
"IQCH","IQCH",0.107581615188108,-0.239142532769248,0.04,0.044,1
"SCAMP1-AS1","SCAMP1-AS1",0.107717205122145,-0.225537137820012,0.026,0.031,1
"DBR1","DBR1",0.107787564840254,-0.116122589417875,0.043,0.048,1
"RAMP3","RAMP3",0.107808038555387,-0.110582800265052,0.032,0.037,1
"PEX6","PEX6",0.107883309039141,0.17311805905596,0.134,0.126,1
"CHST9","CHST9",0.10788857569746,-0.140787952276779,0.132,0.139,1
"ZNF813","ZNF813",0.10829370422086,0.310174665479407,0.033,0.029,1
"PCNX4","PCNX4",0.108336018263968,0.155157396171771,0.301,0.296,1
"LINC00536","LINC00536",0.108348359169287,0.348275801624307,0.021,0.017,1
"ENSG00000249773","ENSG00000249773",0.108439747313833,0.12426150098063,0.053,0.048,1
"ZNF432","ZNF432",0.108509875476904,-0.108519030696417,0.108,0.116,1
"ASB1","ASB1",0.108522698354778,0.266569196182995,0.058,0.052,1
"GDPD3","GDPD3",0.108586571932386,0.399825454933412,0.012,0.009,1
"ENSG00000257322","ENSG00000257322",0.10860165551886,0.152467889394094,0.037,0.033,1
"ATAD3C","ATAD3C",0.108753922893771,-0.117111952197118,0.055,0.061,1
"DMC1","DMC1",0.108772596624861,-0.392199913701385,0.008,0.01,1
"JPH3","JPH3",0.108831526149353,-0.247372217713521,0.023,0.027,1
"CS","CS",0.109150841483204,0.217240419946398,0.085,0.078,1
"IP6K2","IP6K2",0.10939970732031,0.119454030667853,0.212,0.204,1
"CHRNA7","CHRNA7",0.10941922957227,0.221188809170994,0.016,0.013,1
"LOC112268136","LOC112268136",0.10970675855305,-0.191363460174527,0.016,0.019,1
"CFAP418-AS1","CFAP418-AS1",0.109902007085831,0.316552169747539,0.076,0.07,1
"DYNC2I2","DYNC2I2",0.11027474004773,-0.228992499278912,0.017,0.02,1
"FZD6","FZD6",0.110312443134855,-0.278871039354727,0.035,0.039,1
"PEX14","PEX14",0.110771608073889,0.15896870586566,0.188,0.181,1
"ENSG00000229044","ENSG00000229044",0.110996198274897,-0.222651817936492,0.018,0.021,1
"MIEN1","MIEN1",0.111042037220498,0.166900622537062,0.092,0.085,1
"EFEMP2","EFEMP2",0.111254875676745,0.449193978294301,0.018,0.015,1
"LOC105379109","LOC105379109",0.111277667872437,-0.39919270142906,0.01,0.013,1
"TM2D2","TM2D2",0.111339607385874,0.246892570101997,0.037,0.033,1
"LOC105372480","LOC105372480",0.111470516242558,0.195327694185458,0.044,0.039,1
"SURF4","SURF4",0.111610940317204,0.107033566031199,0.159,0.15,1
"ENSG00000258081","ENSG00000258081",0.112080444799829,0.135394053676185,0.053,0.047,1
"ITGA2B","ITGA2B",0.112097066853368,-0.161778081232931,0.029,0.033,1
"ZSCAN9","ZSCAN9",0.112187858632552,0.184081899172254,0.054,0.049,1
"ABCA1","ABCA1",0.112379755753728,0.225764193611411,0.275,0.271,1
"EPB41L4B","EPB41L4B",0.112629010390196,-0.18815388971381,0.06,0.065,1
"ANTKMT","ANTKMT",0.112652118449997,-0.148204168529491,0.083,0.09,1
"ENSG00000272374","ENSG00000272374",0.112762353710097,-0.200321458116589,0.011,0.014,1
"LOC124900637","LOC124900637",0.11287738844062,-0.238313116737451,0.007,0.01,1
"MAMSTR","MAMSTR",0.11315958393997,-0.238130220078714,0.011,0.013,1
"ASPH","ASPH",0.113280109448811,0.137877602663783,0.333,0.327,1
"ENSG00000255145","ENSG00000255145",0.113280804699151,-0.321319628252504,0.007,0.01,1
"POMZP3","POMZP3",0.113388657425937,0.231348273480098,0.058,0.053,1
"ENSG00000226530","ENSG00000226530",0.113512745963424,-0.247697591254837,0.028,0.032,1
"EPHA1-AS1","EPHA1-AS1",0.113720099289463,0.384600690933564,0.022,0.018,1
"NPIPB3","NPIPB3",0.113772658882373,-0.233218968732761,0.013,0.015,1
"SNHG21","SNHG21",0.113779951030715,0.206787977382194,0.04,0.035,1
"ENSG00000268751","ENSG00000268751",0.113870743931607,-0.284611039561369,0.008,0.011,1
"LINC01772","LINC01772",0.113948466572603,0.276778077129076,0.015,0.012,1
"NR0B1","NR0B1",0.11400510118855,0.438633711794288,0.011,0.009,1
"MYH3","MYH3",0.114106645872932,-0.210695439213846,0.019,0.022,1
"ANKRD9","ANKRD9",0.114229154942251,0.386970756798913,0.017,0.014,1
"SPATA21","SPATA21",0.114379307486933,0.313255055457067,0.013,0.011,1
"NRL","NRL",0.114622553870827,0.364830316558735,0.033,0.029,1
"GET3","GET3",0.114752484527746,0.16464433971707,0.061,0.055,1
"USP38","USP38",0.115031632491865,0.129792419216346,0.122,0.115,1
"PSMF1","PSMF1",0.115032886839499,0.107540531817196,0.239,0.23,1
"GRIP2","GRIP2",0.11523343845884,0.395583293941416,0.013,0.011,1
"MTRFR","MTRFR",0.115316831397221,0.225077671426142,0.085,0.079,1
"APP-DT","APP-DT",0.115449043252829,0.347774936916734,0.013,0.011,1
"MGAT2","MGAT2",0.115485182553649,0.374777659387938,0.017,0.014,1
"BTN3A1","BTN3A1",0.115653336647211,0.214089469336922,0.049,0.044,1
"MSL1","MSL1",0.115660705621848,0.116862491852413,0.188,0.179,1
"ENSG00000272630","ENSG00000272630",0.115684537346052,-0.380292313572681,0.011,0.014,1
"ESR2","ESR2",0.115860802601629,0.245021928927887,0.041,0.037,1
"NEIL2","NEIL2",0.115990054329902,0.191835216187608,0.046,0.041,1
"CABLES2","CABLES2",0.116135118318115,-0.253363938883711,0.02,0.024,1
"VPS4A","VPS4A",0.116345987811287,0.11901315433165,0.139,0.131,1
"CCDC107","CCDC107",0.116364281662843,0.187718162925266,0.055,0.05,1
"GLRX5","GLRX5",0.116603225375091,0.147674246698186,0.059,0.053,1
"SLC12A4","SLC12A4",0.116760172460373,0.156457033225209,0.023,0.019,1
"ENSG00000259103","ENSG00000259103",0.116810926729414,0.337891240486935,0.023,0.02,1
"AGFG2","AGFG2",0.116947995460904,-0.147842841884021,0.041,0.045,1
"ENSG00000233064","ENSG00000233064",0.117353729622428,-0.486340913959805,0.008,0.01,1
"CES5A","CES5A",0.11792593780903,0.624908743227354,0.016,0.013,1
"LOC101927164","LOC101927164",0.118228153890861,-0.32947327029949,0.008,0.01,1
"ENSG00000253426","ENSG00000253426",0.118395607982193,-0.264602692057577,0.008,0.01,1
"AGBL1","AGBL1",0.118734907278743,-0.149451066861896,0.054,0.059,1
"H2BC4","H2BC4",0.1187525798337,-0.348960759471439,0.039,0.043,1
"COL14A1","COL14A1",0.118940941462105,-0.261607701026351,0.024,0.028,1
"SEC13","SEC13",0.118948502168952,0.192877006016942,0.117,0.11,1
"IPO9-AS1","IPO9-AS1",0.1192012926492,0.143719648399237,0.168,0.161,1
"SCAP","SCAP",0.119593664478365,0.120674702404692,0.201,0.193,1
"ENSG00000254538","ENSG00000254538",0.119693656558435,0.193517474864578,0.048,0.043,1
"PIGO","PIGO",0.119719563816772,-0.143906188827216,0.026,0.029,1
"BAHD1","BAHD1",0.119973083645656,0.232721771149927,0.065,0.059,1
"ZFP3","ZFP3",0.119977031275088,0.197788559491938,0.032,0.028,1
"PDGFRB","PDGFRB",0.120136889146156,0.180166256371726,0.031,0.027,1
"ELMOD3","ELMOD3",0.120142306963851,0.13310433956774,0.249,0.241,1
"LOC124900372","LOC124900372",0.12023632015843,0.204359724905653,0.018,0.015,1
"LINC01315","LINC01315",0.120543084274134,0.207669694536628,0.046,0.041,1
"ENSG00000225218","ENSG00000225218",0.120834921642619,0.324231473758938,0.016,0.013,1
"LOC102723553","LOC102723553",0.120847315021998,0.586315884760506,0.012,0.01,1
"ANKLE2","ANKLE2",0.121138759091216,0.155341035089434,0.168,0.162,1
"PDCD11","PDCD11",0.121367550864956,0.218240174865451,0.077,0.072,1
"ENSG00000280195","ENSG00000280195",0.121438118670226,0.471690164492596,0.014,0.012,1
"STX16-NPEPL1","STX16-NPEPL1",0.121514567000367,0.213302268759414,0.043,0.038,1
"ZDHHC6","ZDHHC6",0.121629169500629,0.123926804514395,0.085,0.079,1
"COL25A1","COL25A1",0.121933721128523,-0.204639663220274,0.031,0.035,1
"MVB12A","MVB12A",0.122087201195528,0.259943094776818,0.069,0.064,1
"ELP4-AS1","ELP4-AS1",0.122136412443314,0.285062298809319,0.034,0.03,1
"ANTXR1","ANTXR1",0.122288283352028,0.169281282473429,0.11,0.103,1
"ENSG00000236886","ENSG00000236886",0.122336594845402,-0.147706053558413,0.104,0.111,1
"ENSG00000247134","ENSG00000247134",0.122418117594505,0.43521419608993,0.033,0.029,1
"NUP153","NUP153",0.122506370104875,0.122721538761137,0.269,0.262,1
"TSPAN6","TSPAN6",0.122515747270728,0.395763808565254,0.012,0.01,1
"ENSG00000255139","ENSG00000255139",0.122777759682524,0.166123974611323,0.016,0.013,1
"F3","F3",0.12286533448834,-0.346420844404212,0.01,0.012,1
"PSMD10","PSMD10",0.12286580545468,-0.209623870484963,0.053,0.058,1
"ZNF530","ZNF530",0.12332690138805,-0.299382552676077,0.007,0.01,1
"SPNS1","SPNS1",0.123333272185252,0.168986987178404,0.079,0.073,1
"SLIT3","SLIT3",0.123483792014367,-0.164896817921286,0.02,0.024,1
"PDGFRA","PDGFRA",0.123669371960713,0.259120562274217,0.091,0.085,1
"AP3B2","AP3B2",0.123723176842995,-0.106597753024976,0.099,0.106,1
"BCL2L2","BCL2L2",0.123825762067808,0.32615267830182,0.022,0.018,1
"LTBP4","LTBP4",0.123864848653161,0.395968189595609,0.04,0.035,1
"HACL2","HACL2",0.124044209023465,-0.136395216435581,0.071,0.077,1
"EFL1","EFL1",0.12422270305381,0.167997727597217,0.17,0.164,1
"TAPBPL","TAPBPL",0.124382948749209,0.232216196917227,0.041,0.036,1
"ENSG00000258760","ENSG00000258760",0.124478287243131,-0.541663083575511,0.017,0.02,1
"TNFSF9","TNFSF9",0.124491346926382,0.249016723866032,0.01,0.008,1
"ABHD14B","ABHD14B",0.1244982869947,-0.216754026920519,0.014,0.017,1
"ZBTB41","ZBTB41",0.124829589360274,0.117471508911179,0.178,0.171,1
"BOD1","BOD1",0.12507637205754,0.205500628448902,0.066,0.06,1
"THSD1","THSD1",0.125397449674959,-0.215994818112338,0.024,0.027,1
"UNC45A","UNC45A",0.125595546172145,0.143444146662067,0.085,0.079,1
"ENSG00000278955","ENSG00000278955",0.125753573528336,0.264935967905203,0.01,0.008,1
"SMIM15","SMIM15",0.125763098394492,-0.222054095068016,0.032,0.036,1
"C21orf91-OT1","C21orf91-OT1",0.125812435495308,0.266328549149045,0.055,0.05,1
"LLGL1","LLGL1",0.125813084335657,-0.113496951642443,0.07,0.076,1
"RIDA","RIDA",0.125819269671117,0.135446665652712,0.062,0.057,1
"CR1L","CR1L",0.125919400797059,0.345752031716603,0.014,0.011,1
"SPCS2","SPCS2",0.12609754708839,0.154038711617709,0.265,0.26,1
"NUDT8","NUDT8",0.126269439373874,0.311814323481554,0.024,0.02,1
"LGALS1","LGALS1",0.126343204484375,0.143205864998078,0.17,0.162,1
"CALCOCO1","CALCOCO1",0.12653715911356,0.103917604791654,0.173,0.164,1
"CADM3","CADM3",0.126854560671998,-0.126797301654083,0.044,0.049,1
"OTUD5","OTUD5",0.126998434624053,0.105233572175152,0.164,0.155,1
"PCAT1","PCAT1",0.127177250887575,-0.140648839064592,0.051,0.057,1
"CHD8","CHD8",0.127259341787663,0.116472786138247,0.283,0.278,1
"HEY1","HEY1",0.127614417398518,-0.140865871300551,0.013,0.016,1
"ABCF3","ABCF3",0.127714278809515,-0.191209041493032,0.05,0.055,1
"ABTB1","ABTB1",0.127922356097916,0.20858903917743,0.082,0.076,1
"ENSG00000261386","ENSG00000261386",0.127929629809759,-0.124587120191542,0.032,0.036,1
"GPN2","GPN2",0.127939954968977,0.282923501092259,0.064,0.059,1
"ASB13","ASB13",0.128250593619207,-0.120636492837195,0.051,0.056,1
"GNG3","GNG3",0.128957701035592,-0.18584171325663,0.018,0.021,1
"CARM1","CARM1",0.128996659153749,0.149831542774001,0.106,0.1,1
"GRID2IP","GRID2IP",0.129389786096381,0.295739598765722,0.02,0.017,1
"YPEL3-DT","YPEL3-DT",0.129595849596665,-0.144408439999081,0.02,0.023,1
"OBSL1","OBSL1",0.129722762254807,-0.173863134212716,0.042,0.046,1
"GOLGA6L4","GOLGA6L4",0.130174439483315,-0.224149340673732,0.008,0.01,1
"KDSR","KDSR",0.130269808118303,0.133251260632161,0.248,0.241,1
"DDX43","DDX43",0.130292370752298,-0.142977078425509,0.011,0.013,1
"C19orf47","C19orf47",0.130460162934737,-0.10422356758911,0.03,0.035,1
"EOLA1-DT","EOLA1-DT",0.130723909648979,-0.218347279996753,0.008,0.01,1
"TMC5","TMC5",0.130729942482602,0.287554709182579,0.011,0.009,1
"NELFE","NELFE",0.130895803733008,-0.122753503807107,0.079,0.086,1
"ENSG00000230724","ENSG00000230724",0.131046249439395,0.212542138141929,0.053,0.048,1
"SNX14","SNX14",0.131162244559444,0.102717441125674,0.3,0.293,1
"TELO2","TELO2",0.131575152696721,-0.158989798423651,0.052,0.057,1
"ENSG00000255767","ENSG00000255767",0.131666793955164,-0.140257376735708,0.04,0.044,1
"ENSG00000268061","ENSG00000268061",0.131833083022173,0.135999639889183,0.025,0.022,1
"ENSG00000225610","ENSG00000225610",0.132279781518938,0.217175016779249,0.015,0.013,1
"ENSG00000255330","ENSG00000255330",0.132375455475808,-0.150888433663106,0.054,0.059,1
"CUBN","CUBN",0.13247195934009,-0.141500615717374,0.038,0.043,1
"TEX41","TEX41",0.132497946150789,0.633177083629749,0.016,0.013,1
"ABCG2","ABCG2",0.132578888114006,-0.462023886259612,0.009,0.011,1
"ENSG00000230286","ENSG00000230286",0.132651400515376,0.413495018355781,0.018,0.015,1
"SLC19A3","SLC19A3",0.132676856085625,-0.489754030706373,0.009,0.011,1
"ASPRV1","ASPRV1",0.132749617462587,-0.243520224746024,0.016,0.019,1
"ENSG00000259434","ENSG00000259434",0.132932318048572,-0.177076795614761,0.024,0.027,1
"SAXO4","SAXO4",0.133060700571662,0.329589431964477,0.015,0.012,1
"ENSG00000241295","ENSG00000241295",0.133212461323294,0.114901820017931,0.021,0.018,1
"MLF1-DT","MLF1-DT",0.133236894346095,0.361339011189772,0.011,0.009,1
"LOC124906209","LOC124906209",0.133254252485888,0.17244159754624,0.049,0.044,1
"LOC101928516","LOC101928516",0.133683220918278,-0.229661943666685,0.014,0.017,1
"DNAJB9","DNAJB9",0.13372744080056,0.177293273357862,0.045,0.041,1
"ENSG00000255252","ENSG00000255252",0.133783064857373,-0.278239792498316,0.028,0.032,1
"EFCAB3","EFCAB3",0.133855748140569,0.242656721307594,0.018,0.015,1
"LINC01591","LINC01591",0.134018070502719,-0.239964348399042,0.009,0.012,1
"MYL11","MYL11",0.134295281672162,0.126962767664004,0.018,0.015,1
"ENSG00000271344","ENSG00000271344",0.134337340252618,0.426142277213288,0.013,0.01,1
"CLCN4","CLCN4",0.134377703049286,0.255496414782125,0.278,0.281,1
"ENSG00000272906","ENSG00000272906",0.13441495801453,0.149609925236608,0.017,0.014,1
"LINC01500","LINC01500",0.134593763509052,0.395735971245871,0.011,0.009,1
"PWWP3B","PWWP3B",0.134626914282582,0.278005606061463,0.03,0.026,1
"B4GAT1","B4GAT1",0.134698606064104,0.123672351788834,0.086,0.08,1
"ENSG00000271918","ENSG00000271918",0.134702971184111,-0.171911574417818,0.01,0.012,1
"PRRG1","PRRG1",0.134883329167023,-0.379442215397988,0.011,0.013,1
"ALKBH8","ALKBH8",0.135155830616536,0.18289960511462,0.087,0.081,1
"ZNF2","ZNF2",0.135331220605718,0.377402375094878,0.038,0.034,1
"ENSG00000254757","ENSG00000254757",0.135335185515301,0.264722046521234,0.059,0.054,1
"PDHA1","PDHA1",0.135427496262119,0.124183686837708,0.095,0.089,1
"TRNP1","TRNP1",0.135517285823062,-0.185215396081555,0.008,0.01,1
"SDF2","SDF2",0.135731318784686,0.215651339706757,0.08,0.074,1
"PXDNL","PXDNL",0.135851142363301,0.134314017348822,0.071,0.066,1
"TMC1","TMC1",0.135961975757832,-0.276809364339396,0.008,0.011,1
"DUT-AS1","DUT-AS1",0.136030954401945,-0.12642747106506,0.015,0.018,1
"CKMT2","CKMT2",0.136125947981613,0.248587914810112,0.044,0.04,1
"TRMT10B","TRMT10B",0.136280704440491,0.136301191340785,0.179,0.171,1
"KNDC1","KNDC1",0.13645671106023,-0.155299683383079,0.024,0.027,1
"SAP30L","SAP30L",0.136659063658257,0.144405307267168,0.071,0.065,1
"PGD","PGD",0.136684572650441,0.170737378902924,0.081,0.075,1
"DNAJC9-AS1","DNAJC9-AS1",0.136931429625317,0.43562464553415,0.011,0.008,1
"PPIB","PPIB",0.136968976814973,0.133515528912889,0.202,0.194,1
"NLGN4Y","NLGN4Y",0.137010106445394,-0.168497756358325,0.475,0.475,1
"BTAF1","BTAF1",0.137013500591796,0.12063261709312,0.393,0.393,1
"FOXJ2","FOXJ2",0.13767182372683,0.253606116663461,0.052,0.047,1
"ZC3H14","ZC3H14",0.137860231316807,0.111619997564457,0.321,0.315,1
"CNGA4","CNGA4",0.137943554340231,-0.294073013204957,0.015,0.018,1
"MAN1A2","MAN1A2",0.137975096204975,0.104025825864068,0.425,0.422,1
"LOC105374338","LOC105374338",0.138029656749781,0.39046002253801,0.02,0.017,1
"MAK16","MAK16",0.138189948876726,-0.193007086721332,0.023,0.026,1
"TMEM198","TMEM198",0.138766401317317,-0.375186694038148,0.011,0.014,1
"POLR3K","POLR3K",0.139015697286832,0.174711688492184,0.023,0.02,1
"CEP131","CEP131",0.139031183853931,-0.132482671874696,0.023,0.026,1
"QDPR","QDPR",0.13927193319852,0.278747339217123,0.583,0.685,1
"CYTH2","CYTH2",0.13933803272116,0.209479019510975,0.072,0.066,1
"RRP7A","RRP7A",0.139429838975857,0.138024030727327,0.103,0.096,1
"GRAMD2A","GRAMD2A",0.139480850454345,0.398308298882489,0.012,0.01,1
"ENSG00000253859","ENSG00000253859",0.139495528308139,-0.313801024870345,0.008,0.01,1
"KRR1","KRR1",0.139646110104341,0.189772412322731,0.124,0.118,1
"ENSG00000196312","ENSG00000196312",0.13990799777529,0.100883869243763,0.438,0.434,1
"AKIP1","AKIP1",0.140083167462277,0.233410844132547,0.068,0.062,1
"THBS3","THBS3",0.140333740039846,-0.37413771321148,0.018,0.021,1
"ADPRHL1","ADPRHL1",0.140462393474692,0.227913676920425,0.02,0.017,1
"SNX16","SNX16",0.140963252267678,0.226549991476047,0.09,0.085,1
"ITGA1","ITGA1",0.14101938179549,0.121776149830031,0.022,0.018,1
"GTPBP2","GTPBP2",0.141118982691638,0.268186227094265,0.055,0.05,1
"RINT1","RINT1",0.14124758951657,-0.106618282164812,0.069,0.075,1
"ATIC","ATIC",0.141275540591015,0.129469163151944,0.162,0.154,1
"ADAT1","ADAT1",0.141441597497935,0.155395108669508,0.095,0.089,1
"UNC13A","UNC13A",0.14150370518521,-0.164871214620335,0.038,0.043,1
"GALNT14","GALNT14",0.141726175583817,0.334154369841991,0.017,0.014,1
"ENSG00000276259","ENSG00000276259",0.141801616827642,0.266909324440364,0.012,0.01,1
"IL1RAPL2","IL1RAPL2",0.141802278359395,-0.215669056084887,0.021,0.024,1
"FAM86C1P","FAM86C1P",0.141941263051096,-0.331044130025227,0.008,0.01,1
"LINC02754","LINC02754",0.142371253504317,-0.18790745522687,0.017,0.02,1
"LOC101928894","LOC101928894",0.142793936051513,-0.372755167204643,0.011,0.013,1
"FBXL14","FBXL14",0.143231360765306,0.261421839954783,0.091,0.085,1
"BCAN","BCAN",0.143267401532815,0.154384697767442,0.15,0.162,1
"GUCD1","GUCD1",0.143314138137275,0.166013366594369,0.06,0.055,1
"XPOT","XPOT",0.143338798722511,0.142968845990168,0.143,0.136,1
"POGLUT2","POGLUT2",0.143590794258826,0.263776345182395,0.035,0.031,1
"ZFAND4","ZFAND4",0.143934177979769,0.113140716376485,0.183,0.176,1
"EIF3J-DT","EIF3J-DT",0.144111474756594,0.119775053878069,0.142,0.135,1
"MRNIP-DT","MRNIP-DT",0.144247025458196,-0.435763247482169,0.009,0.011,1
"D2HGDH","D2HGDH",0.144267004850364,0.115487702700721,0.144,0.137,1
"HMSD","HMSD",0.144689585060715,-0.163525721738031,0.039,0.043,1
"OGFOD1","OGFOD1",0.145231109869515,0.220070637627866,0.103,0.097,1
"MELK","MELK",0.145341364988586,0.435727059370915,0.01,0.008,1
"PRPS2","PRPS2",0.145402930919539,0.281697587840797,0.031,0.027,1
"HARBI1","HARBI1",0.145859880099922,-0.128348450259809,0.03,0.034,1
"ZNF572","ZNF572",0.146026761567346,-0.330525537427818,0.009,0.011,1
"CTNNAL1","CTNNAL1",0.146450713655111,-0.107458015172071,0.042,0.046,1
"SELENON","SELENON",0.146468623334096,0.240585231337533,0.015,0.013,1
"PUS1","PUS1",0.146830307435788,0.133465596696179,0.059,0.054,1
"LINC02307","LINC02307",0.146926537356254,0.145390310255699,0.013,0.016,1
"TYW3","TYW3",0.146968516467468,0.182894027024148,0.113,0.107,1
"LRRTM4","LRRTM4",0.147203722337048,-0.220126603146486,0.271,0.275,1
"ABHD1","ABHD1",0.147564057333973,-0.17173844932962,0.015,0.018,1
"ENSG00000197585","ENSG00000197585",0.147822565728902,0.556766662617724,0.012,0.009,1
"STOX1","STOX1",0.147847123173484,-0.288689220949113,0.008,0.01,1
"SOD1","SOD1",0.147952450425334,0.159839365878006,0.26,0.257,1
"WDTC1","WDTC1",0.148484049385165,0.154684001714771,0.197,0.19,1
"DDX52","DDX52",0.148487838870224,0.184763595087982,0.146,0.14,1
"CACNG7","CACNG7",0.148507257272121,0.149671845675681,0.129,0.122,1
"RAD51AP1","RAD51AP1",0.148813327383153,0.591927944594175,0.015,0.012,1
"TAF7","TAF7",0.148983336333241,0.136108850317623,0.177,0.17,1
"CDKN2AIP","CDKN2AIP",0.149425360659906,0.283109484013932,0.041,0.037,1
"CENPQ","CENPQ",0.149468752240461,0.233877921924206,0.055,0.05,1
"MB21D2","MB21D2",0.150163952322596,0.198505672209541,0.172,0.166,1
"SPIN4","SPIN4",0.150301999624233,-0.192745221176486,0.019,0.023,1
"BAG5","BAG5",0.150452177535779,-0.106067528934294,0.086,0.093,1
"LINC01414","LINC01414",0.151144655780902,-0.123059109792234,0.024,0.028,1
"ENSG00000229195","ENSG00000229195",0.15147712413277,0.367570413356034,0.022,0.019,1
"ZWILCH","ZWILCH",0.152190940917749,-0.238687781903675,0.014,0.016,1
"LINC02932","LINC02932",0.152630167971658,0.567470452713045,0.011,0.009,1
"UCHL3","UCHL3",0.152651833213842,0.196949781570124,0.124,0.117,1
"ENSG00000283118","ENSG00000283118",0.152693125074196,-0.11377124062644,0.016,0.019,1
"ENSG00000267662","ENSG00000267662",0.152794204824704,-0.172140927767528,0.017,0.02,1
"ENSG00000259560","ENSG00000259560",0.152997785805248,0.532036998597367,0.011,0.009,1
"HACL1","HACL1",0.153205921284086,0.10532744602283,0.208,0.201,1
"KCTD4","KCTD4",0.15326153045414,-0.299214005042688,0.03,0.033,1
"HEATR4","HEATR4",0.153535340669495,0.230973043891561,0.045,0.04,1
"TMCO6","TMCO6",0.153693745095038,0.390242567001026,0.024,0.02,1
"RPGRIP1","RPGRIP1",0.154563231280948,0.381396014045022,0.011,0.009,1
"ENSG00000203321","ENSG00000203321",0.154567413935028,0.187721513498825,0.031,0.027,1
"ADAMTS9-AS2","ADAMTS9-AS2",0.154590159027283,0.144700516268785,0.084,0.078,1
"DBP","DBP",0.155122566086849,-0.116939276109646,0.031,0.035,1
"AMDHD2","AMDHD2",0.155240299893657,0.27764824773588,0.048,0.044,1
"ARMCX5","ARMCX5",0.155253556934933,-0.14748440847973,0.027,0.031,1
"ADRA1A","ADRA1A",0.155507185704025,0.172316135831459,0.084,0.079,1
"SYNE2","SYNE2",0.155765790710454,0.225544974311114,0.062,0.057,1
"SOWAHC","SOWAHC",0.155834846077412,0.209437723656328,0.024,0.021,1
"MC1R","MC1R",0.156004347558649,-0.134216888376201,0.008,0.01,1
"ZNF805","ZNF805",0.1560567397705,-0.100394499337742,0.026,0.03,1
"PCDHA1","PCDHA1",0.156220841928509,-0.286207027155981,0.013,0.015,1
"GSEC","GSEC",0.156341897263915,-0.488394416236432,0.012,0.015,1
"CLVS2","CLVS2",0.156527492039513,-0.163222707652915,0.01,0.012,1
"ZNF440","ZNF440",0.156529323896961,0.215194630358812,0.053,0.048,1
"KIAA1586","KIAA1586",0.156590296237479,0.108838095861916,0.096,0.09,1
"STAB2","STAB2",0.156670710112239,0.352964049847547,0.011,0.009,1
"SNRPF","SNRPF",0.156841714755596,0.233547992506195,0.08,0.075,1
"ENSG00000250343","ENSG00000250343",0.156920048881801,0.157455243660079,0.03,0.026,1
"SURF1","SURF1",0.157356622461432,0.134569717070637,0.05,0.045,1
"POP5","POP5",0.157370408542825,0.172654705244729,0.06,0.055,1
"ENSG00000223813","ENSG00000223813",0.157420398997932,-0.122181987346186,0.024,0.027,1
"ZBTB10","ZBTB10",0.15757006964917,0.182310421193046,0.097,0.092,1
"PRELID3A","PRELID3A",0.157650716969345,0.168964905195312,0.107,0.101,1
"SLC27A6","SLC27A6",0.158032900389568,-0.174292328181456,0.055,0.06,1
"PTRHD1","PTRHD1",0.158127945571176,0.385827836582979,0.022,0.019,1
"ENSG00000241449","ENSG00000241449",0.158380401948493,0.30227017716962,0.016,0.013,1
"ACVR2B","ACVR2B",0.158414401544058,0.159899567518822,0.133,0.127,1
"ULK3","ULK3",0.158466447919805,0.248952436609674,0.051,0.047,1
"CCDC85A","CCDC85A",0.159057464475427,-0.116551319099987,0.015,0.018,1
"AP1M1","AP1M1",0.159174258466903,0.172405053145598,0.129,0.123,1
"LOC349160","LOC349160",0.159202362483214,-0.242792320391573,0.012,0.014,1
"DIPK1B","DIPK1B",0.159260663229357,-0.42521184694161,0.016,0.019,1
"LINC02055","LINC02055",0.159480001932775,0.460671978455898,0.019,0.017,1
"DDX59-AS1","DDX59-AS1",0.159929012684077,-0.398963079345224,0.008,0.01,1
"SVIL","SVIL",0.160030074839921,0.280613084156152,0.044,0.04,1
"PORCN","PORCN",0.160123177594548,0.185160189550432,0.029,0.026,1
"ENSG00000244513","ENSG00000244513",0.160234317683101,0.282083310500716,0.018,0.016,1
"NDUFAF8","NDUFAF8",0.160354250312715,0.12762126580088,0.084,0.078,1
"SPEG","SPEG",0.160673671302292,0.332406655559354,0.011,0.009,1
"CMBL","CMBL",0.160748358587415,0.163950466881082,0.017,0.014,1
"CGREF1","CGREF1",0.160770486991019,-0.331671914268437,0.017,0.019,1
"NDUFV3","NDUFV3",0.161459495713867,0.12343740570905,0.22,0.214,1
"GOLGB1","GOLGB1",0.161660511683882,0.12560677531585,0.389,0.388,1
"LNC-LBCS","LNC-LBCS",0.16176778269259,-0.169880016770592,0.026,0.03,1
"RAB26","RAB26",0.161887813241916,0.142787789111436,0.034,0.03,1
"GPRASP2","GPRASP2",0.162193777125928,-0.147060654842112,0.016,0.018,1
"DDX11-AS1","DDX11-AS1",0.162280128735183,0.222263817799037,0.03,0.026,1
"ENSG00000268750","ENSG00000268750",0.162494950721898,0.26580238781945,0.014,0.012,1
"SGTB","SGTB",0.163121090236242,-0.106637934125405,0.09,0.096,1
"ENSG00000249868","ENSG00000249868",0.163129986521362,-0.295180501320728,0.011,0.014,1
"POGLUT3","POGLUT3",0.163364535494098,0.227561325855571,0.03,0.027,1
"LRRC66","LRRC66",0.163435486812294,0.294027795623348,0.034,0.03,1
"MTRES1","MTRES1",0.163465111252808,-0.173392563262219,0.049,0.054,1
"C8orf76","C8orf76",0.163705432064637,0.128293445120527,0.033,0.029,1
"TSNAX-DT","TSNAX-DT",0.163741662260598,0.331699731435595,0.017,0.014,1
"ENSG00000237585","ENSG00000237585",0.163937780081829,-0.226304499708862,0.024,0.028,1
"SDK2","SDK2",0.164083870468262,-0.161733985216905,0.03,0.033,1
"CHST14","CHST14",0.164453563638287,0.228494175980259,0.01,0.008,1
"CDK5","CDK5",0.164597768411382,0.133863736996038,0.021,0.018,1
"MCUR1","MCUR1",0.164635548975579,0.187258858581679,0.065,0.06,1
"PSG8-AS1","PSG8-AS1",0.164858576960024,-0.157521674911435,0.027,0.031,1
"ENSG00000277199","ENSG00000277199",0.164881890163275,-0.134385867315692,0.021,0.024,1
"ATP5MJ","ATP5MJ",0.164967427057016,0.157256793155144,0.151,0.145,1
"FLAD1","FLAD1",0.164986489758219,0.260450783642951,0.062,0.057,1
"ZNF420","ZNF420",0.165126529683918,0.154579861766149,0.136,0.129,1
"TEAD3","TEAD3",0.165470405596398,0.388689084513296,0.01,0.008,1
"AGPS","AGPS",0.165708360937776,0.112859365563625,0.33,0.324,1
"SORBS1","SORBS1",0.165823551879048,0.159171794983873,0.218,0.213,1
"TMEM107","TMEM107",0.165908192445919,-0.240367551570297,0.014,0.017,1
"ENSG00000260760","ENSG00000260760",0.166204407725589,0.144735110056266,0.037,0.034,1
"LOC105377155","LOC105377155",0.166467624582575,0.169287450234482,0.061,0.056,1
"RPP25","RPP25",0.167598940489384,0.404827704116518,0.028,0.025,1
"AJAP1","AJAP1",0.167698943064992,0.183442508632976,0.199,0.194,1
"AASDH","AASDH",0.167730940694656,0.146982246413501,0.174,0.169,1
"CCDC192","CCDC192",0.167880623868889,-0.132529627067461,0.009,0.011,1
"PYGO2","PYGO2",0.167920401289748,0.12535505584472,0.056,0.051,1
"SCX","SCX",0.168095904230822,0.217157688920724,0.01,0.008,1
"CACNA2D2","CACNA2D2",0.168330117602047,-0.200944275638927,0.012,0.014,1
"JOSD1","JOSD1",0.168391852738835,0.129080872272097,0.118,0.111,1
"SIRT3","SIRT3",0.168530189362629,0.174566238762042,0.071,0.066,1
"STEAP2","STEAP2",0.168819143507031,-0.245642930298005,0.027,0.031,1
"MORC2","MORC2",0.169271926549835,0.21768210824872,0.079,0.073,1
"EXOSC2","EXOSC2",0.169636083581097,0.132510728926458,0.046,0.042,1
"ENSG00000271789","ENSG00000271789",0.16965053730977,0.536685047357662,0.011,0.009,1
"PPP4R3B-DT","PPP4R3B-DT",0.169655717445224,-0.264032535881889,0.008,0.01,1
"NDUFC1","NDUFC1",0.169882263495077,0.133267633336234,0.097,0.091,1
"TEKTIP1","TEKTIP1",0.169943986069908,0.240740891501499,0.012,0.01,1
"NEMP1","NEMP1",0.170131244390102,0.188526489984813,0.047,0.043,1
"DLD","DLD",0.171315547727071,0.20002036594574,0.114,0.109,1
"ENSG00000267173","ENSG00000267173",0.171666525245272,-0.242325169730404,0.009,0.011,1
"SNIP1","SNIP1",0.171797711217865,0.187946137571671,0.047,0.043,1
"TOP1MT","TOP1MT",0.172030055936729,0.287764203654881,0.034,0.03,1
"ENSG00000228548","ENSG00000228548",0.172036151060067,0.172273008617776,0.013,0.011,1
"ENSG00000255046","ENSG00000255046",0.172299700740715,-0.48539942651625,0.011,0.013,1
"ENSG00000272541","ENSG00000272541",0.172405994431503,0.234690629082684,0.01,0.008,1
"RTTN","RTTN",0.172642790554669,0.337393459378683,0.424,0.431,1
"RAB4A","RAB4A",0.172783767664612,0.136597204445859,0.22,0.214,1
"RNF139-DT","RNF139-DT",0.172787382623456,-0.187948014127766,0.018,0.021,1
"KDM2B","KDM2B",0.173842433297192,0.128277134713831,0.282,0.275,1
"DHPS","DHPS",0.174045702484645,-0.125362009816055,0.081,0.087,1
"COG8","COG8",0.174224393050101,0.214557380878926,0.07,0.066,1
"KCNH7","KCNH7",0.174529044196913,-0.207929607989993,0.031,0.035,1
"CDC25B","CDC25B",0.174765833238357,0.164425790893143,0.09,0.085,1
"EIF3L","EIF3L",0.17493982630605,0.178743334205527,0.158,0.152,1
"ENSG00000268713","ENSG00000268713",0.174999489489295,0.338149883598386,0.021,0.018,1
"LRRC42","LRRC42",0.17523863061877,0.170044289506979,0.034,0.03,1
"ING4","ING4",0.175571300355716,0.128853315011329,0.12,0.114,1
"ENSG00000261227","ENSG00000261227",0.175873051477913,0.209190446417748,0.028,0.025,1
"ENSG00000261357","ENSG00000261357",0.176499539173812,-0.17804168307455,0.008,0.01,1
"TMEM43","TMEM43",0.176562266772756,0.323128958485297,0.036,0.032,1
"HDHD2","HDHD2",0.176620625475029,-0.14654333809011,0.051,0.056,1
"TMEM254","TMEM254",0.176877424235343,-0.183371346903169,0.061,0.065,1
"CATSPERB","CATSPERB",0.177268693787614,0.530879887239464,0.011,0.009,1
"LOC102724023","LOC102724023",0.177304611305879,0.396742836875909,0.017,0.014,1
"RNF40","RNF40",0.177604723839367,0.113850385526542,0.085,0.079,1
"KMT5C","KMT5C",0.17790367525758,0.137487929525391,0.098,0.092,1
"SCN9A","SCN9A",0.178196108028078,0.101526709377606,0.13,0.123,1
"MCC","MCC",0.178723311695423,-0.166523986094949,0.06,0.065,1
"AAR2","AAR2",0.178845660819687,0.18815222577879,0.079,0.074,1
"COL23A1","COL23A1",0.178859294752451,-0.297481313048412,0.013,0.015,1
"TMEM177","TMEM177",0.178885619385045,-0.220914222849331,0.022,0.026,1
"ENSG00000275383","ENSG00000275383",0.179245397215243,0.669258003342932,0.011,0.009,1
"ENSG00000272525","ENSG00000272525",0.179617433769209,-0.252206360841124,0.014,0.016,1
"TRIM52","TRIM52",0.179749890157281,0.141421926051458,0.099,0.094,1
"ERVK3-1","ERVK3-1",0.179923305583712,-0.148977650291025,0.019,0.022,1
"CHCHD5","CHCHD5",0.18018274311332,-0.173620110764786,0.03,0.034,1
"MT1E","MT1E",0.180303677148259,0.364045419341376,0.091,0.086,1
"LRRN1","LRRN1",0.18045606798311,0.210428848480309,0.167,0.162,1
"TGDS","TGDS",0.180466777273334,0.184174193826665,0.065,0.061,1
"PCGF2","PCGF2",0.180521535940343,-0.116360331841495,0.021,0.024,1
"ZNF225-AS1","ZNF225-AS1",0.180885890626108,0.354402808789115,0.011,0.009,1
"SLC35A1","SLC35A1",0.180899456359569,-0.133455671720605,0.029,0.032,1
"ENSG00000259038","ENSG00000259038",0.18098945659975,0.190403716262361,0.016,0.013,1
"REXO4","REXO4",0.181389588093399,0.12994020146226,0.084,0.079,1
"SLC25A34","SLC25A34",0.181392594213756,-0.305776241063253,0.008,0.01,1
"ALKBH1","ALKBH1",0.181528601251447,-0.133564039936985,0.094,0.1,1
"DEUP1","DEUP1",0.181620124661927,-0.395265602725829,0.011,0.013,1
"SLC41A1","SLC41A1",0.181646836837114,0.151600738107371,0.057,0.053,1
"KCNH5","KCNH5",0.18174339890627,-0.203602276530518,0.02,0.023,1
"TTC21A","TTC21A",0.181857947620253,-0.156378848229006,0.035,0.039,1
"NOC2L","NOC2L",0.182163184043249,0.110308175919214,0.092,0.086,1
"ENSG00000267022","ENSG00000267022",0.18218114403557,-0.26893595242777,0.012,0.015,1
"UBE2QL1","UBE2QL1",0.182273186803077,0.372274181252965,0.015,0.013,1
"PGBD4","PGBD4",0.182297010665395,0.182133514838928,0.037,0.033,1
"ENSG00000236017","ENSG00000236017",0.182462752890177,-0.127250855888969,0.024,0.027,1
"IFT172","IFT172",0.182525308426495,0.154226524965243,0.253,0.249,1
"GJA1","GJA1",0.182981272226477,0.278848127763326,0.031,0.028,1
"ZKSCAN5","ZKSCAN5",0.183008803641575,-0.116921700971116,0.06,0.065,1
"IDH3A","IDH3A",0.183047172326306,0.107306936562364,0.112,0.106,1
"OPA1-AS1","OPA1-AS1",0.183185957294784,0.143041727958409,0.014,0.012,1
"WDR53","WDR53",0.183548379165842,0.16085055790426,0.047,0.043,1
"MRPS9-AS2","MRPS9-AS2",0.183680172007582,0.162295179387362,0.065,0.06,1
"GPC2","GPC2",0.183742297247744,0.442078486699908,0.015,0.013,1
"CCDC85B","CCDC85B",0.183789798683454,0.126103065577176,0.101,0.095,1
"STYX","STYX",0.183858979542749,0.168051045550235,0.098,0.092,1
"TMEM229A","TMEM229A",0.184009269127363,-0.191846937172019,0.042,0.046,1
"SLFN5","SLFN5",0.1840508311174,0.221479684336511,0.061,0.056,1
"RBFOX3","RBFOX3",0.184162264021652,-0.17715021069234,0.008,0.01,1
"XPNPEP1","XPNPEP1",0.184350555609342,0.110197917164879,0.167,0.161,1
"CENPN","CENPN",0.184461332004765,0.397348775136312,0.028,0.024,1
"DCAF1","DCAF1",0.184615866775905,0.119348950330719,0.145,0.139,1
"PSMD2","PSMD2",0.184744890250221,0.176376441981318,0.111,0.106,1
"GARIN2","GARIN2",0.185383099594727,0.34537838219058,0.021,0.018,1
"GALK2","GALK2",0.185397804261094,0.119171799624702,0.349,0.346,1
"ENSG00000226747","ENSG00000226747",0.185498071664444,-0.289112386088926,0.017,0.02,1
"ENSG00000277228","ENSG00000277228",0.185561770211138,0.248632994585839,0.041,0.037,1
"ENSG00000177822","ENSG00000177822",0.185609742597732,-0.102881774092961,0.008,0.01,1
"ENSG00000267786","ENSG00000267786",0.185814615693823,0.335153523979741,0.01,0.008,1
"ENSG00000258048","ENSG00000258048",0.186089261955843,0.483412026151885,0.014,0.011,1
"DYNC1LI1","DYNC1LI1",0.186305195892821,0.145444574606369,0.19,0.184,1
"ZNF513","ZNF513",0.186424961920484,0.261076578718817,0.025,0.022,1
"PIWIL4-AS1","PIWIL4-AS1",0.186460511380066,0.318538058796731,0.016,0.014,1
"FUNDC1","FUNDC1",0.186470006817275,0.174400606676596,0.025,0.022,1
"GPR176","GPR176",0.186529270282131,-0.146073356792102,0.042,0.046,1
"LY6H","LY6H",0.186605267830115,-0.171737631691077,0.035,0.039,1
"ENSG00000248265","ENSG00000248265",0.186758922296928,0.335059874199845,0.012,0.01,1
"NETO1","NETO1",0.186909328321212,-0.191661830806503,0.07,0.075,1
"TOMM34","TOMM34",0.187526759196975,0.262212737611787,0.026,0.023,1
"COG3","COG3",0.187580526326254,0.126525016303601,0.182,0.176,1
"KLHL23","KLHL23",0.187623837503133,-0.127420753825376,0.136,0.142,1
"TIMM8A","TIMM8A",0.187674911887958,0.530560202498696,0.01,0.008,1
"ENSG00000259915","ENSG00000259915",0.188449462678786,0.297878888482012,0.017,0.015,1
"LOC101927040","LOC101927040",0.189342510724675,0.46456829896081,0.012,0.01,1
"ZNF778-DT","ZNF778-DT",0.189428982624134,-0.118690837554817,0.03,0.033,1
"AP1S3","AP1S3",0.189686478871575,0.190550841817508,0.036,0.033,1
"ENSG00000228541","ENSG00000228541",0.189726877642092,0.121128078010822,0.015,0.013,1
"GTF2H1","GTF2H1",0.18978895055229,0.125507441606667,0.163,0.156,1
"GRIK1","GRIK1",0.189918004824205,-0.233319465981329,0.186,0.172,1
"GBA2","GBA2",0.190026687203405,0.150527359235239,0.12,0.114,1
"SMUG1","SMUG1",0.190351734515886,0.151294756624096,0.052,0.047,1
"SOCS7","SOCS7",0.19040965641267,0.142577848499779,0.154,0.148,1
"MMAA","MMAA",0.190458068437177,0.25219397777387,0.038,0.034,1
"CUL2","CUL2",0.190472174682143,0.104701696084559,0.205,0.199,1
"ENSG00000257156","ENSG00000257156",0.190534990490547,0.321711270143079,0.012,0.01,1
"BST1","BST1",0.190568091071902,-0.377029833230815,0.01,0.013,1
"EPHA10","EPHA10",0.190590744758909,-0.343704830661852,0.011,0.013,1
"CLCA4-AS1","CLCA4-AS1",0.190653300724681,0.398604313225652,0.021,0.018,1
"KRI1","KRI1",0.190962091388616,0.173064500512725,0.09,0.085,1
"ENSG00000268030","ENSG00000268030",0.191182835471023,0.393046257881399,0.013,0.011,1
"ENSG00000278192","ENSG00000278192",0.1912422742603,0.286873479136795,0.016,0.014,1
"FBXO38","FBXO38",0.191589284470688,0.111077322731056,0.21,0.205,1
"ENSG00000254314","ENSG00000254314",0.191773384786472,0.225650705558441,0.01,0.008,1
"ENSG00000249069","ENSG00000249069",0.191962957280613,0.590978119668156,0.01,0.008,1
"TMCC2","TMCC2",0.192098430205348,0.104395679890239,0.286,0.308,1
"NAPRT","NAPRT",0.192154052191061,0.36914183457947,0.015,0.012,1
"NOL6","NOL6",0.192494766241997,0.252015728661237,0.026,0.023,1
"TSHZ2","TSHZ2",0.192663239337847,-0.480165807831962,0.025,0.028,1
"YRDC","YRDC",0.192706501847595,0.207457703343456,0.022,0.019,1
"RBM18","RBM18",0.192770303138917,0.227076251182508,0.075,0.07,1
"KRT10-AS1","KRT10-AS1",0.192891411478506,0.192866651635504,0.023,0.02,1
"LRRN3","LRRN3",0.192916814191647,0.211418085629977,0.06,0.055,1
"TIPARP","TIPARP",0.192926515889608,0.176758724932824,0.12,0.114,1
"UQCRHL","UQCRHL",0.193187084301106,-0.568210435938818,0.012,0.015,1
"EIPR1","EIPR1",0.193338429805369,0.118194698303859,0.17,0.163,1
"OTUD6B","OTUD6B",0.193478399294393,0.129129064517399,0.118,0.112,1
"ENSG00000246263","ENSG00000246263",0.193827993462841,0.177759656741911,0.065,0.061,1
"UBALD1","UBALD1",0.19385437395785,0.175070499984246,0.073,0.068,1
"RUFY4","RUFY4",0.194196863038785,0.134359302305437,0.019,0.016,1
"ZNF446","ZNF446",0.194424940301343,-0.166786511378168,0.028,0.032,1
"ENSG00000254064","ENSG00000254064",0.19457979622139,-0.461791786873754,0.008,0.01,1
"CCDC174","CCDC174",0.194787253414433,0.186074622138607,0.117,0.112,1
"TRMT6","TRMT6",0.195437261301422,-0.162098432333911,0.029,0.032,1
"MTUS2","MTUS2",0.195648102843128,-0.229658055517303,0.018,0.021,1
"ENSG00000229618","ENSG00000229618",0.195889676365996,0.913639842342805,0.03,0.027,1
"TMEM186","TMEM186",0.196151887180602,0.384166721700865,0.019,0.017,1
"STXBP5L","STXBP5L",0.196570975899006,-0.106147348853202,0.154,0.161,1
"DND1","DND1",0.196663805589523,0.324939985941996,0.013,0.011,1
"PYGO1","PYGO1",0.197174083232501,0.234412586870409,0.088,0.083,1
"ENSG00000277602","ENSG00000277602",0.197217345499378,0.293901745108532,0.01,0.008,1
"CSNK1G3","CSNK1G3",0.197351675669073,0.149381406238847,0.257,0.253,1
"WSB2","WSB2",0.19744497434973,0.145180918259566,0.118,0.112,1
"TMEM50B","TMEM50B",0.197607422894543,0.105915849729422,0.25,0.243,1
"BRIP1","BRIP1",0.197808907308364,0.361929176917303,0.013,0.011,1
"SRM","SRM",0.197863837945096,0.193550758947608,0.089,0.085,1
"ENSG00000260999","ENSG00000260999",0.197882934044164,0.153637003979941,0.012,0.01,1
"DHX40","DHX40",0.197971332210211,0.194601513464472,0.11,0.104,1
"SLC61A1","SLC61A1",0.198039986702026,0.211934175181435,0.032,0.029,1
"WAPL","WAPL",0.198191937657765,0.132737483972286,0.357,0.357,1
"SUV39H2","SUV39H2",0.198324332025899,-0.13895878397661,0.025,0.029,1
"ENSG00000266490","ENSG00000266490",0.198721009062038,-0.246841420218769,0.011,0.014,1
"SLC25A11","SLC25A11",0.198861461509822,-0.109217917231502,0.084,0.089,1
"ENSG00000233840","ENSG00000233840",0.198953575869101,0.35385137392183,0.028,0.025,1
"CTAGE1","CTAGE1",0.199313470081871,0.237590188336329,0.01,0.008,1
"ENSG00000203386","ENSG00000203386",0.19944723283174,-0.125664794682822,0.018,0.02,1
"GNAL","GNAL",0.200006694290362,-0.127067973955582,0.067,0.072,1
"PITPNM2","PITPNM2",0.200125938634885,0.226531079475144,0.041,0.037,1
"KIF7","KIF7",0.200303274270626,0.239287018152331,0.017,0.015,1
"HCCS","HCCS",0.200631335247618,0.271805729423016,0.014,0.012,1
"CLUH","CLUH",0.200677880723482,-0.114497378192471,0.053,0.058,1
"B4GALNT3","B4GALNT3",0.200737687239487,0.319894936029237,0.022,0.019,1
"CDKN2B-AS1","CDKN2B-AS1",0.201517487892797,0.201639422575865,0.038,0.035,1
"SF3A1","SF3A1",0.201788073043086,0.107557578024793,0.071,0.066,1
"ENSG00000223379","ENSG00000223379",0.202360114335664,0.138245766767712,0.024,0.021,1
"PPIL1","PPIL1",0.202779680744116,0.194641650656847,0.033,0.03,1
"ZNF358","ZNF358",0.203004480700994,0.128037513838506,0.12,0.114,1
"EML1","EML1",0.20311460816442,0.172594801638879,0.238,0.235,1
"QTRT2","QTRT2",0.203760365045607,0.216568083383166,0.071,0.066,1
"CTC1","CTC1",0.203777276577862,0.126985516133281,0.057,0.052,1
"ENSG00000261130","ENSG00000261130",0.203859222507272,-0.17469615368814,0.009,0.011,1
"BMX","BMX",0.20479867117375,0.180411899131811,0.024,0.021,1
"GLRA2","GLRA2",0.205170604317359,0.279084885071394,0.027,0.024,1
"ENSG00000284041","ENSG00000284041",0.205219870162522,0.430224485195281,0.011,0.009,1
"SDHAF1","SDHAF1",0.205220872847035,-0.103619864169069,0.035,0.039,1
"C2CD4C","C2CD4C",0.20534280128131,0.240808246129352,0.014,0.012,1
"OVGP1","OVGP1",0.205859894052093,-0.357351515028655,0.012,0.014,1
"LOC100506235","LOC100506235",0.206001070180358,0.336863841011939,0.012,0.01,1
"LZTS3","LZTS3",0.2060050969915,-0.129547307957154,0.067,0.072,1
"ENSG00000233396","ENSG00000233396",0.206227315200337,-0.288783966377006,0.008,0.01,1
"ENSG00000263272","ENSG00000263272",0.206413363274961,0.336721072759619,0.014,0.011,1
"PCDHGA1","PCDHGA1",0.206432035125345,0.176705355801444,0.027,0.024,1
"ETV4","ETV4",0.20670260620393,-0.28774787382349,0.016,0.019,1
"EZH2","EZH2",0.206756478495625,0.371464391750475,0.049,0.045,1
"ILF2","ILF2",0.207403848392477,-0.11118734114146,0.081,0.086,1
"PSIP1","PSIP1",0.207541294874183,0.104729436925961,0.315,0.311,1
"AP4B1-AS1","AP4B1-AS1",0.207942045597009,0.186243838352858,0.011,0.009,1
"ZBTB20-AS1","ZBTB20-AS1",0.208160771219718,0.195292293461686,0.02,0.018,1
"ENSG00000274068","ENSG00000274068",0.208289502435502,0.168120477909987,0.138,0.133,1
"PUSL1","PUSL1",0.208773629650482,0.358981892737412,0.014,0.011,1
"ENSG00000253853","ENSG00000253853",0.208781227589927,0.30344208507605,0.023,0.021,1
"ENSG00000256566","ENSG00000256566",0.209056389716222,-0.170654990910557,0.033,0.037,1
"LINC00987","LINC00987",0.2093469361874,0.246425722347771,0.057,0.053,1
"ME3","ME3",0.209700645031738,0.14864404646685,0.103,0.098,1
"SLC25A23","SLC25A23",0.20995382818491,0.169517948769922,0.118,0.113,1
"ENSG00000270792","ENSG00000270792",0.211145801421679,-0.143448643429344,0.021,0.023,1
"MIR4500HG","MIR4500HG",0.211262309632254,-0.43516916723809,0.013,0.015,1
"ACTMAP","ACTMAP",0.211665668450624,0.228183263592316,0.021,0.018,1
"HSF2","HSF2",0.211933613157175,-0.11529435571713,0.096,0.101,1
"ENSG00000267360","ENSG00000267360",0.212092920513466,-0.179268905483305,0.016,0.018,1
"MAPK9","MAPK9",0.212224026010196,0.14218891415622,0.201,0.196,1
"SAE1","SAE1",0.212323311133894,0.11423582740181,0.139,0.133,1
"TAF10","TAF10",0.212477271329998,-0.151483682548993,0.072,0.077,1
"EFEMP1","EFEMP1",0.212551860270393,-0.349140052472924,0.008,0.01,1
"ENSG00000259943","ENSG00000259943",0.21315122365266,-0.181524935460187,0.03,0.033,1
"PSMC3IP","PSMC3IP",0.213333190222291,0.391203040351344,0.012,0.01,1
"H1-9P","H1-9P",0.21334836195487,0.269695260144283,0.012,0.01,1
"PRRC2A","PRRC2A",0.213639149675579,0.126800608176502,0.19,0.184,1
"SMIM1","SMIM1",0.213985958886486,-0.325960364954248,0.011,0.013,1
"DNMT3B","DNMT3B",0.214331510989905,-0.139151238665337,0.011,0.013,1
"POP4","POP4",0.214559557817356,0.193266175160935,0.039,0.036,1
"GPR89B.1","GPR89B.1",0.215304515663717,0.12864055485121,0.119,0.114,1
"TFIP11","TFIP11",0.215446072350887,0.165169258065689,0.059,0.055,1
"WASHC2C.1","WASHC2C.1",0.215865799016274,0.176516436029484,0.115,0.11,1
"ATF2","ATF2",0.215867061171778,0.100395578023931,0.347,0.344,1
"GGT7","GGT7",0.215907776403437,0.110677772457164,0.237,0.229,1
"ENSG00000271870","ENSG00000271870",0.216103885972758,0.178365128935187,0.021,0.018,1
"ZNF879","ZNF879",0.216145023484544,0.161985997718028,0.022,0.019,1
"SNRPB","SNRPB",0.216157351105714,0.302146436763176,0.068,0.064,1
"PXDN","PXDN",0.216202034976214,-0.182805850906377,0.055,0.06,1
"EAF1","EAF1",0.216688525604228,0.332868790763977,0.044,0.04,1
"TSR2","TSR2",0.216749913324886,-0.112958636131028,0.044,0.048,1
"KBTBD7","KBTBD7",0.216830045918155,0.207477787805842,0.062,0.058,1
"SNU13","SNU13",0.2168404271383,0.131231270542084,0.131,0.126,1
"PPM1K-DT","PPM1K-DT",0.216965101703872,0.13982264095955,0.048,0.044,1
"DCDC1","DCDC1",0.217211244078697,0.317212725979847,0.026,0.023,1
"CAPN10-DT","CAPN10-DT",0.217365335710647,0.276919875998134,0.033,0.03,1
"TOMM40","TOMM40",0.21784146213816,0.179842903909134,0.093,0.088,1
"ATL3","ATL3",0.218277893194245,0.152223219500303,0.197,0.192,1
"ENSG00000277203","ENSG00000277203",0.218502940384416,0.229340950732184,0.021,0.018,1
"ENSG00000272853","ENSG00000272853",0.218727687019006,-0.160178167024479,0.012,0.014,1
"ROMO1","ROMO1",0.219250794866014,-0.166813364384671,0.044,0.047,1
"WFIKKN1","WFIKKN1",0.219352479737977,-0.282171128120059,0.012,0.014,1
"AGAP2","AGAP2",0.219424802593961,0.151768641534793,0.018,0.016,1
"ENSG00000259088","ENSG00000259088",0.219432588525316,0.164571220980634,0.012,0.01,1
"GLYATL2","GLYATL2",0.219574205361074,-0.125154819791241,0.051,0.056,1
"TRIL","TRIL",0.219648356506628,0.51186639757162,0.018,0.015,1
"NACC1","NACC1",0.220537315761263,0.150618862932652,0.089,0.084,1
"HLX-AS1","HLX-AS1",0.221033130559868,0.544335941382534,0.01,0.008,1
"CHEK1","CHEK1",0.221064974645586,0.234303638909007,0.01,0.008,1
"ENSG00000257228","ENSG00000257228",0.221082626775542,0.204403721796067,0.01,0.008,1
"MTX1","MTX1",0.22115388018691,-0.128147465924079,0.034,0.038,1
"NPRL2","NPRL2",0.221154976421119,0.144549689493004,0.05,0.046,1
"ENSG00000260007","ENSG00000260007",0.221213284099246,0.235720362752908,0.01,0.008,1
"PRDM11","PRDM11",0.221246841940554,0.198418970299502,0.111,0.107,1
"LINC01918","LINC01918",0.221403889486441,0.296976753629773,0.01,0.008,1
"PFDN6","PFDN6",0.221491270136251,0.160515299589714,0.063,0.059,1
"HTR4","HTR4",0.221532583999975,0.122178236958971,0.029,0.026,1
"KIAA1217","KIAA1217",0.221926607913444,0.129305813769736,0.146,0.155,1
"BTBD6","BTBD6",0.221958941741256,0.175370986925876,0.023,0.02,1
"SLC16A14","SLC16A14",0.222061219068791,-0.168577518287306,0.016,0.018,1
"ENSG00000250039","ENSG00000250039",0.222098798702769,0.177858177460067,0.014,0.012,1
"STX2","STX2",0.222105968800686,0.107454224483881,0.135,0.129,1
"PFKM","PFKM",0.222432695973821,0.127326552975218,0.034,0.031,1
"ZNF480","ZNF480",0.222592341854029,0.152563840717265,0.083,0.078,1
"AFAP1L2","AFAP1L2",0.222926791585087,0.251440022684889,0.099,0.094,1
"APLF","APLF",0.223081138899371,0.106137292606621,0.113,0.107,1
"CCDC22","CCDC22",0.223097757705922,-0.108728965493547,0.026,0.029,1
"ASPDH","ASPDH",0.22317908600386,0.172381015711959,0.021,0.018,1
"AIP","AIP",0.224039119641907,-0.141089608444232,0.085,0.09,1
"ZNF613","ZNF613",0.224265740828014,-0.189794646444292,0.028,0.032,1
"INSC","INSC",0.224311428271978,0.263321859070635,0.01,0.008,1
"ZKSCAN4","ZKSCAN4",0.224398979423847,-0.309197389347009,0.015,0.017,1
"ETV1","ETV1",0.22494256281195,0.187118960712095,0.11,0.105,1
"COL26A1","COL26A1",0.225088886760169,-0.259093374392027,0.014,0.016,1
"DCX","DCX",0.225110359292705,-0.278163872474745,0.023,0.026,1
"NPIPA8","NPIPA8",0.225585704891027,0.276348875156187,0.026,0.024,1
"TMEM126A","TMEM126A",0.226106945542306,0.2193399093979,0.044,0.041,1
"GABRB2","GABRB2",0.226134412842693,-0.154251727314968,0.026,0.029,1
"RANBP3-DT","RANBP3-DT",0.226135124061542,0.162899121999023,0.011,0.009,1
"SERTAD3","SERTAD3",0.22623564744315,0.403464601444526,0.017,0.015,1
"NCKAP5-AS1","NCKAP5-AS1",0.226286983169894,0.220957070147961,0.017,0.014,1
"CAND2","CAND2",0.226399892974819,-0.10537315404827,0.057,0.061,1
"ZNF593","ZNF593",0.226410118686002,-0.208595180700831,0.021,0.024,1
"ENSG00000272821","ENSG00000272821",0.227232855853497,0.320696398265456,0.02,0.017,1
"TDG","TDG",0.227371284887361,0.156816738068984,0.122,0.117,1
"FGF12-AS1","FGF12-AS1",0.227785904721146,0.259027076392841,0.01,0.008,1
"ENSG00000250354","ENSG00000250354",0.227904609321795,0.406895676055931,0.011,0.009,1
"TMC2","TMC2",0.228137439623508,-0.105099712511771,0.037,0.041,1
"CSTF1","CSTF1",0.228449723994002,0.234516723618141,0.05,0.046,1
"PRPS1","PRPS1",0.228570978538256,0.194227166505804,0.038,0.035,1
"MANEAL","MANEAL",0.228593556735171,-0.207725645062147,0.018,0.021,1
"SSR4","SSR4",0.228669565844538,0.114517217192994,0.086,0.081,1
"DLGAP4","DLGAP4",0.22869614839933,0.133807043227645,0.178,0.172,1
"CMTM8","CMTM8",0.229362039291408,-0.181309541501923,0.016,0.018,1
"MAMDC2","MAMDC2",0.229689737607667,0.248985952312611,0.12,0.116,1
"PRDM10","PRDM10",0.230459153282252,0.111294981569023,0.117,0.112,1
"NDOR1","NDOR1",0.23057759161488,0.141631614266385,0.057,0.053,1
"AXDND1","AXDND1",0.230624566680934,-0.29261466539067,0.008,0.01,1
"IMPA1","IMPA1",0.230811959524926,0.245725589085723,0.072,0.068,1
"ZMYND15","ZMYND15",0.230983497352832,0.260963172842424,0.015,0.013,1
"PRPF4","PRPF4",0.23105340016642,0.200893036575248,0.045,0.041,1
"CCSER1","CCSER1",0.231090319094529,-0.302733181389413,0.188,0.191,1
"PDCD6","PDCD6",0.231149279049684,0.122267819973999,0.173,0.168,1
"PABPC3","PABPC3",0.23119669489369,0.404904571578874,0.018,0.016,1
"TSPAN11","TSPAN11",0.231396971216063,-0.180173095159346,0.032,0.035,1
"GLT8D2","GLT8D2",0.231526039555796,-0.147654392183573,0.015,0.017,1
"DENR","DENR",0.231882731714582,0.130039773331044,0.177,0.172,1
"ENSG00000237844","ENSG00000237844",0.232326233908114,-0.415447946928376,0.013,0.016,1
"WIZ","WIZ",0.232370103896203,0.226262380080052,0.036,0.033,1
"GDAP1L1","GDAP1L1",0.232463392488871,-0.214945384073301,0.017,0.02,1
"LINC00667","LINC00667",0.232678829265006,0.141988864000557,0.218,0.214,1
"ELFN1","ELFN1",0.233322819533569,-0.251613710439853,0.016,0.019,1
"LINC00839","LINC00839",0.233324479436965,0.181365457221414,0.021,0.018,1
"RRP12","RRP12",0.233689480032308,0.128684541520692,0.062,0.057,1
"HEPHL1","HEPHL1",0.234042010687675,0.279641092113992,0.011,0.009,1
"ARHGEF33","ARHGEF33",0.234171091531916,0.256461882832975,0.016,0.014,1
"TMEM217","TMEM217",0.234247832694798,0.337803711530058,0.019,0.017,1
"ACTR3C","ACTR3C",0.235010338494887,0.131363131354653,0.031,0.028,1
"HSBP1","HSBP1",0.235240017189255,0.134031852168475,0.164,0.158,1
"TCF3","TCF3",0.235294899048892,0.141783125279632,0.062,0.058,1
"WDR36","WDR36",0.235897308173009,0.251048957310951,0.115,0.111,1
"TXNDC9","TXNDC9",0.236413302272783,0.246713339424991,0.069,0.065,1
"CCDC106","CCDC106",0.23651079872175,-0.143021398686658,0.027,0.03,1
"ANO8","ANO8",0.23653611960633,0.1234453757953,0.061,0.057,1
"COPG1","COPG1",0.23664439606463,0.178683252655698,0.094,0.089,1
"RNASEH1-DT","RNASEH1-DT",0.236929822926979,0.24126891921173,0.046,0.043,1
"RFNG","RFNG",0.23772786243889,0.158048986957619,0.087,0.082,1
"PJA1","PJA1",0.237806503800727,-0.165530338859724,0.021,0.023,1
"GPC3","GPC3",0.237957344772114,-0.256687453856671,0.009,0.01,1
"SMC2","SMC2",0.238208726036334,0.180863917923896,0.07,0.066,1
"ENSG00000262801","ENSG00000262801",0.239513730195203,-0.214837570659592,0.079,0.083,1
"AMFR","AMFR",0.240687648684943,0.101590517874845,0.201,0.195,1
"TMEM242","TMEM242",0.240785452759177,0.174666259666859,0.111,0.106,1
"GMPS","GMPS",0.241212895064963,0.113900660285762,0.19,0.185,1
"ZNF329","ZNF329",0.241279966884481,-0.13812976313948,0.058,0.063,1
"ENSG00000267707","ENSG00000267707",0.241577372139578,-0.219662645717408,0.01,0.012,1
"ANKRD46","ANKRD46",0.242028547994887,0.120236636255345,0.128,0.123,1
"C2orf68","C2orf68",0.242247813038576,0.178586554933823,0.1,0.095,1
"MAGOH","MAGOH",0.242275201596997,0.184701399509056,0.079,0.075,1
"ENSG00000258646","ENSG00000258646",0.242346993051098,-0.119811945783989,0.018,0.021,1
"DVL2","DVL2",0.242576672849655,0.105206244882699,0.073,0.068,1
"AFF2","AFF2",0.242892836136167,-0.208802413028712,0.013,0.015,1
"PM20D2","PM20D2",0.242982907138532,-0.12024416758253,0.055,0.059,1
"RGPD3","RGPD3",0.243134418472227,0.554310903832143,0.01,0.008,1
"ENSG00000271218","ENSG00000271218",0.243417083815571,0.248631821152374,0.041,0.038,1
"FBRS","FBRS",0.243622053461887,0.153533059492702,0.111,0.106,1
"AFAP1","AFAP1",0.243664610361818,0.17319275631792,0.137,0.132,1
"ENSG00000275741","ENSG00000275741",0.24392272061073,0.236293059699264,0.023,0.02,1
"CNNM1","CNNM1",0.244620636736264,0.202207570713171,0.024,0.021,1
"LOC400499","LOC400499",0.244796796767399,0.19690386566332,0.052,0.048,1
"SRRD","SRRD",0.24507462723152,0.246129882298967,0.027,0.025,1
"WDR48","WDR48",0.245377330300686,0.138370206954882,0.208,0.204,1
"HS6ST3","HS6ST3",0.24588318747622,-0.198646868419615,0.15,0.154,1
"MED20","MED20",0.24601185901845,0.178261779218867,0.02,0.018,1
"H2AZ2","H2AZ2",0.246763049362222,0.117977504007833,0.206,0.2,1
"ZNF486","ZNF486",0.246775424242124,0.333642785783776,0.032,0.029,1
"HDGFL2","HDGFL2",0.246888667090419,-0.100539201445863,0.074,0.079,1
"ARL5B","ARL5B",0.246954556492676,0.159095847938593,0.074,0.069,1
"CENPO","CENPO",0.247338792502454,0.214190562663207,0.02,0.018,1
"PIK3R4","PIK3R4",0.247674383271332,0.140132100555449,0.144,0.139,1
"ITGAE","ITGAE",0.247771629941586,0.159425299636863,0.092,0.088,1
"NT5C","NT5C",0.248097387748457,0.158391267665487,0.091,0.086,1
"LYVE1","LYVE1",0.248750347464231,0.72010981464997,0.01,0.008,1
"ENSG00000260733","ENSG00000260733",0.249531468723181,0.193733186815133,0.018,0.015,1
"ENSG00000259820","ENSG00000259820",0.249617552086966,-0.256765611488412,0.015,0.017,1
"IMP3","IMP3",0.249659849139662,0.179361478267027,0.057,0.053,1
"SEMA4B","SEMA4B",0.249737448352368,0.225233214840212,0.169,0.166,1
"RP9","RP9",0.250203858312163,0.205633951048974,0.063,0.059,1
"SLC26A6","SLC26A6",0.250520222051261,0.116816188091701,0.023,0.021,1
"TPI1","TPI1",0.250879722118481,-0.112681096055828,0.169,0.175,1
"ENSG00000240571","ENSG00000240571",0.25126108989547,0.426579253965102,0.013,0.011,1
"CAMSAP1","CAMSAP1",0.251371843894612,0.121770321306075,0.233,0.228,1
"HOXD1","HOXD1",0.251573075637991,-0.144057778827539,0.025,0.028,1
"ZNF34","ZNF34",0.2527229651163,-0.205218634167144,0.032,0.035,1
"GPN1","GPN1",0.253097296178881,0.258826356797114,0.034,0.031,1
"LAMC1","LAMC1",0.253375164688619,-0.187477440495357,0.033,0.036,1
"THUMPD2","THUMPD2",0.254158266921018,0.144654764263333,0.158,0.153,1
"ARAF","ARAF",0.254433351913503,-0.118332927229352,0.047,0.051,1
"CDK20","CDK20",0.254871806458357,0.109893746586705,0.011,0.01,1
"ASTN2-AS1","ASTN2-AS1",0.255922460374272,-0.318808020246728,0.01,0.012,1
"GNG12-AS1","GNG12-AS1",0.255995490307841,0.144740687584832,0.027,0.024,1
"EDDM13","EDDM13",0.256127176261228,0.174058124866534,0.011,0.01,1
"LMOD1","LMOD1",0.256366322829525,0.250858935374148,0.023,0.021,1
"BCL2L12","BCL2L12",0.256569682594873,-0.323407777835783,0.01,0.012,1
"ING2-DT","ING2-DT",0.256737138674087,0.195626819961378,0.068,0.064,1
"TRPT1","TRPT1",0.256977236258088,0.329660063875481,0.027,0.025,1
"PTH2R","PTH2R",0.2570180043218,0.349414192956321,0.025,0.022,1
"BEND3","BEND3",0.257424181007408,-0.114898149897932,0.013,0.015,1
"ENSG00000230415","ENSG00000230415",0.257712117397024,-0.245458347146036,0.01,0.012,1
"BOLA1","BOLA1",0.257982536937551,-0.127722385334627,0.028,0.031,1
"SGSM3","SGSM3",0.258525326088112,0.165487826523983,0.02,0.017,1
"FRMD6","FRMD6",0.258744298491181,0.201127552360094,0.061,0.057,1
"TCHP","TCHP",0.258878104948774,0.101577700384464,0.2,0.195,1
"ENSG00000273142","ENSG00000273142",0.258913883835235,-0.209127325248775,0.015,0.017,1
"ENSG00000276266","ENSG00000276266",0.259028571620603,0.245114029371499,0.013,0.011,1
"ENSG00000184068","ENSG00000184068",0.259067650734083,0.260921312903263,0.01,0.008,1
"LINC00237","LINC00237",0.259555959251556,0.115299465134447,0.021,0.018,1
"CUL9","CUL9",0.259767173861697,0.153245505715183,0.092,0.088,1
"YIPF2","YIPF2",0.259897225025494,0.143179683631745,0.056,0.052,1
"KLF15","KLF15",0.260207895822723,0.182486003641482,0.158,0.153,1
"ENSG00000254281","ENSG00000254281",0.260839244798885,0.324082098682951,0.082,0.078,1
"CPE","CPE",0.26085121344537,0.13113713537468,0.169,0.163,1
"STIL","STIL",0.260888130992384,-0.131614710279515,0.018,0.02,1
"TFDP2","TFDP2",0.261125341987059,0.145776249902299,0.426,0.43,1
"JMJD8","JMJD8",0.2620694045381,0.307624342247409,0.039,0.036,1
"ERC2","ERC2",0.262198200880799,0.148237569022636,0.329,0.327,1
"ENSG00000271780","ENSG00000271780",0.262508372055284,-0.204718870100982,0.01,0.012,1
"FSD1","FSD1",0.263082198302374,0.117556787416134,0.073,0.068,1
"URGCP","URGCP",0.263199429552477,0.115306720695842,0.107,0.103,1
"MTPAP","MTPAP",0.263411786230445,0.16499503128506,0.098,0.094,1
"GDPD5","GDPD5",0.264126039708164,0.319487182094653,0.026,0.024,1
"ENSG00000241990","ENSG00000241990",0.264313037937385,0.201331722856458,0.011,0.009,1
"MAP3K19","MAP3K19",0.265078464524966,0.302087849256339,0.013,0.012,1
"DHX37","DHX37",0.265258143857429,0.143151111830982,0.057,0.053,1
"OSBP","OSBP",0.265724014705506,0.118400894431694,0.149,0.144,1
"NPM1","NPM1",0.26578022120178,0.16018207687486,0.136,0.131,1
"ENSG00000230747","ENSG00000230747",0.266128030252018,-0.291743915483151,0.009,0.011,1
"DACH2","DACH2",0.266589220027643,0.116193128995025,0.027,0.024,1
"CAPN10","CAPN10",0.26690004067015,0.110189461317572,0.047,0.044,1
"NMNAT1","NMNAT1",0.26707498516582,0.157666247123735,0.09,0.085,1
"ENSG00000232912","ENSG00000232912",0.267376939518587,0.180635298953121,0.012,0.01,1
"TIGD1","TIGD1",0.267395565224414,-0.197121443000025,0.024,0.027,1
"QSOX2","QSOX2",0.267396102110077,0.150312622197955,0.055,0.052,1
"CACHD1","CACHD1",0.267728071379749,0.133401681711714,0.064,0.06,1
"SLC35E3","SLC35E3",0.267876340181799,0.114422615036459,0.295,0.292,1
"SLC35C1","SLC35C1",0.268030499644787,0.280539282560534,0.017,0.015,1
"ENSG00000260276","ENSG00000260276",0.268256545298928,0.256081264266295,0.019,0.017,1
"MIR124-1HG","MIR124-1HG",0.268322536727649,-0.195274415583707,0.036,0.039,1
"ENSG00000263657","ENSG00000263657",0.268678458150138,-0.134644290498777,0.055,0.059,1
"LINC02693","LINC02693",0.2688007461233,0.117532581027582,0.066,0.062,1
"KATNB1","KATNB1",0.268887779705025,-0.136231009290472,0.024,0.027,1
"ENSG00000260572","ENSG00000260572",0.269235989270284,-0.21098436825614,0.011,0.013,1
"UPRT","UPRT",0.269291018140888,0.157672419780176,0.07,0.066,1
"ARPC5L","ARPC5L",0.269803392940542,0.166768349724694,0.055,0.052,1
"ZBTB21","ZBTB21",0.269910535439244,0.195320821596263,0.054,0.05,1
"ZNF71","ZNF71",0.270012136402576,0.234010683147947,0.047,0.044,1
"CLK3","CLK3",0.270373205668097,0.134326441802678,0.096,0.091,1
"RAB8A","RAB8A",0.270635772794705,0.159735254478981,0.058,0.054,1
"MCM6","MCM6",0.270940838395774,0.233083140283035,0.023,0.021,1
"PDE8B","PDE8B",0.271434160393324,0.266025467815329,0.058,0.054,1
"RAB40A","RAB40A",0.27156465106539,-0.128127992558251,0.018,0.021,1
"DPM1","DPM1",0.272170974926758,0.116244233797449,0.165,0.16,1
"RALA","RALA",0.272354506053903,0.155235862122036,0.181,0.177,1
"FIBIN","FIBIN",0.272984341505732,0.515660342845206,0.014,0.012,1
"FAU","FAU",0.272986534717385,0.145745771703637,0.274,0.27,1
"SEPHS1","SEPHS1",0.273171454852342,0.151295772600438,0.084,0.079,1
"TFB2M","TFB2M",0.273204330001679,0.326725567518277,0.035,0.032,1
"POLR2K","POLR2K",0.273421891714286,-0.127618643697284,0.046,0.05,1
"TMEM147","TMEM147",0.273675554702017,0.16586057953571,0.087,0.083,1
"BMPR1B","BMPR1B",0.274011551151945,0.207465030685702,0.02,0.018,1
"SLC25A5","SLC25A5",0.274037566309947,0.176601157913023,0.074,0.07,1
"FRG1","FRG1",0.274195427847006,0.141400345301008,0.102,0.097,1
"RIMKLA","RIMKLA",0.274534417316561,0.243261815617045,0.029,0.026,1
"TUSC2","TUSC2",0.275072297438853,0.203984744381002,0.045,0.042,1
"PSPH","PSPH",0.275677181253543,0.141487535224285,0.103,0.098,1
"SNRPE","SNRPE",0.275835206935123,0.331224845413061,0.035,0.032,1
"ENSG00000280029","ENSG00000280029",0.275855087973598,-0.146839887418209,0.009,0.01,1
"ENSG00000278013","ENSG00000278013",0.275893001908395,-0.103470271556758,0.025,0.022,1
"TTPA","TTPA",0.276006526796847,0.256469803281813,0.013,0.011,1
"LINC00276","LINC00276",0.276184217647782,0.213311829574943,0.026,0.023,1
"CRISPLD2","CRISPLD2",0.276929217357188,-0.136096047975804,0.105,0.11,1
"ACTR5","ACTR5",0.277193016519874,-0.136099205331127,0.046,0.049,1
"LINC02223","LINC02223",0.277203617455497,-0.136581456729909,0.089,0.093,1
"VAV3","VAV3",0.277429600108542,0.627164049869033,0.015,0.018,1
"LOC101929270","LOC101929270",0.277755815414657,0.359864278744483,0.019,0.017,1
"ENSG00000224358","ENSG00000224358",0.277899624014915,-0.270222497838635,0.026,0.028,1
"ELMOD2","ELMOD2",0.278081744117561,0.102365343155173,0.16,0.154,1
"SLC30A7","SLC30A7",0.27844340993362,0.114750918261516,0.25,0.245,1
"DHRS7B","DHRS7B",0.279465428623367,0.109772251360279,0.159,0.155,1
"SNAPC1","SNAPC1",0.279531016395023,0.12201216050067,0.073,0.069,1
"ENSG00000275119","ENSG00000275119",0.279555722574629,-0.152125400092526,0.075,0.08,1
"ZNF324B","ZNF324B",0.279987026817642,-0.241339102486246,0.011,0.012,1
"CARMIL3","CARMIL3",0.280392405848568,0.32658378450055,0.011,0.01,1
"TCTN2","TCTN2",0.280474488657818,-0.372240576864167,0.017,0.02,1
"CNTD1","CNTD1",0.280616708012594,0.342291934608982,0.013,0.011,1
"PEA15","PEA15",0.280866006922521,0.210758818782495,0.301,0.306,1
"ANXA13","ANXA13",0.281195388641315,-0.413316803177353,0.012,0.014,1
"SMCR5","SMCR5",0.281320303573484,0.173862334454123,0.026,0.023,1
"SNUPN","SNUPN",0.281440986558243,-0.193464869414926,0.056,0.06,1
"GRIN2D","GRIN2D",0.28200448853536,-0.157490836725575,0.027,0.029,1
"AGO1","AGO1",0.282161500019733,0.131414254854154,0.173,0.169,1
"HEG1","HEG1",0.283074352399745,0.189272892193696,0.226,0.223,1
"PODXL","PODXL",0.283151410221472,-0.239369520019885,0.021,0.023,1
"ZNF460","ZNF460",0.283215631671402,0.122505343362921,0.07,0.066,1
"ENSG00000227432","ENSG00000227432",0.283341555943265,-0.404423948216641,0.012,0.013,1
"MCM8","MCM8",0.284075715614831,0.131815177246986,0.061,0.057,1
"LINC02899","LINC02899",0.284659001448657,0.473642455768375,0.015,0.013,1
"ZNF48","ZNF48",0.284940156069185,-0.137373449312286,0.03,0.033,1
"MRAP","MRAP",0.285213511061534,-0.201992731487894,0.014,0.016,1
"GOLGA2","GOLGA2",0.285871136684534,0.158573256236314,0.139,0.135,1
"SMDT1","SMDT1",0.286228915989388,0.109693672710696,0.087,0.083,1
"LRFN1","LRFN1",0.286863945666813,0.377719425476275,0.012,0.011,1
"NR2F1","NR2F1",0.287592301376806,0.230861737782634,0.033,0.03,1
"BOC","BOC",0.287907072607739,-0.11790100540042,0.015,0.017,1
"ADIPOR1","ADIPOR1",0.288042411586758,0.155326937812121,0.094,0.09,1
"KCNJ6","KCNJ6",0.288240914755999,-0.116594963962656,0.038,0.041,1
"MAP4K3-DT","MAP4K3-DT",0.288241893632064,0.180627355763633,0.149,0.145,1
"TRIM68","TRIM68",0.288396480730424,0.175129488933798,0.019,0.017,1
"ADCK2","ADCK2",0.288553139355324,0.147698090485831,0.025,0.023,1
"ENSG00000233143","ENSG00000233143",0.288725668621588,0.228659576597084,0.032,0.029,1
"LINC01322","LINC01322",0.28914758529722,0.194775601667627,0.155,0.151,1
"EXD1","EXD1",0.289174415855445,0.313184572745484,0.01,0.008,1
"MDM2","MDM2",0.28938153341284,0.112192110401067,0.307,0.303,1
"TMEM35A","TMEM35A",0.289395341385158,0.319430359194482,0.023,0.021,1
"ZNF699","ZNF699",0.28963104982012,-0.102283288220303,0.035,0.038,1
"NAB1","NAB1",0.290267130108609,0.168550496183357,0.173,0.169,1
"DMXL2","DMXL2",0.290273619650782,0.139614715531817,0.274,0.29,1
"ADNP-AS1","ADNP-AS1",0.290998087638938,-0.195359234673387,0.011,0.013,1
"EIF2B1","EIF2B1",0.291491094976673,0.103240511167546,0.116,0.111,1
"ENSG00000257319","ENSG00000257319",0.29166094188921,-0.261695804309227,0.014,0.016,1
"GPATCH3","GPATCH3",0.292193687526497,-0.156256567300458,0.026,0.029,1
"EML6","EML6",0.292314845326034,-0.106217006295462,0.115,0.12,1
"FCF1","FCF1",0.292351635096847,0.206792336612304,0.09,0.086,1
"ENSG00000232828","ENSG00000232828",0.29238812102284,0.293388916789099,0.031,0.028,1
"ENSG00000265334","ENSG00000265334",0.293066138983589,0.123791254839905,0.066,0.062,1
"TCERG1L","TCERG1L",0.293309427824322,0.15988896413795,0.017,0.015,1
"ENSG00000254998","ENSG00000254998",0.293428475977715,-0.376741007378992,0.012,0.014,1
"ENSG00000270019","ENSG00000270019",0.293667591917611,0.169480779415868,0.012,0.01,1
"NCOA7-AS1","NCOA7-AS1",0.293792188588681,0.294732867257152,0.015,0.013,1
"FAM86B2-DT","FAM86B2-DT",0.294026325522167,0.230082527016936,0.043,0.04,1
"PCGF3-AS1","PCGF3-AS1",0.2942445256812,0.102151889517995,0.379,0.381,1
"C22orf23","C22orf23",0.294448531618808,0.17141502747792,0.023,0.021,1
"MSTO1","MSTO1",0.294498905152661,-0.116318575511513,0.029,0.032,1
"FERMT1","FERMT1",0.294724142381413,0.182708807199574,0.121,0.117,1
"C16orf86","C16orf86",0.295132120983724,0.188304421842305,0.013,0.012,1
"LRWD1","LRWD1",0.295730498566003,0.126281555228711,0.02,0.018,1
"PLPP6","PLPP6",0.296247750220916,0.176124300096678,0.016,0.014,1
"SUPT4H1","SUPT4H1",0.297692480750843,0.239803425375362,0.047,0.044,1
"ENSG00000260167","ENSG00000260167",0.297874649343111,0.257185803636208,0.033,0.03,1
"TSPAN10","TSPAN10",0.298111943483036,-0.411510665812091,0.011,0.012,1
"ZNF579","ZNF579",0.298655876833012,0.267374892259841,0.047,0.044,1
"DHX32","DHX32",0.299574634241464,0.14694304482942,0.221,0.218,1
"LOC101927745","LOC101927745",0.299737063776471,0.791062368328961,0.012,0.01,1
"ZFR2","ZFR2",0.300184433259258,-0.192793033682076,0.044,0.047,1
"DHODH","DHODH",0.300392668102031,0.141299392190953,0.04,0.037,1
"ENSG00000284642","ENSG00000284642",0.300781164766097,0.284526133621259,0.027,0.025,1
"PHETA1","PHETA1",0.301906722618938,0.255753297482157,0.014,0.013,1
"SLC71A1","SLC71A1",0.301988990568735,-0.121272198861655,0.008,0.01,1
"TEX14","TEX14",0.302075771836007,-0.281932835887161,0.025,0.028,1
"PI4K2B","PI4K2B",0.302814304501405,0.51427341892049,0.014,0.012,1
"LTV1","LTV1",0.303305921060659,-0.28117187893363,0.016,0.018,1
"ZNF784","ZNF784",0.303570365199273,-0.285398831201717,0.009,0.01,1
"CDAN1","CDAN1",0.30362844612685,-0.111420038506415,0.042,0.045,1
"WDCP","WDCP",0.303729785917601,0.129807552824832,0.026,0.023,1
"MFAP1","MFAP1",0.305109153344772,0.208130126282942,0.063,0.059,1
"FAM107A","FAM107A",0.305243094870919,-0.17253953804783,0.044,0.048,1
"GDE1","GDE1",0.305327262581188,0.115567710419493,0.14,0.136,1
"RNFT1-DT","RNFT1-DT",0.305450428662085,-0.138218652698536,0.008,0.01,1
"TNFSF4","TNFSF4",0.305666558237455,0.246524790440243,0.014,0.012,1
"ZNF250","ZNF250",0.307001493478825,0.174915207766182,0.05,0.046,1
"SATL1","SATL1",0.307288727917669,0.31279920972548,0.01,0.009,1
"SPSB2","SPSB2",0.308378213442469,-0.17065704415127,0.013,0.015,1
"EIF3G","EIF3G",0.308679112085574,0.135155626983626,0.092,0.088,1
"ZNF391","ZNF391",0.30908195982779,0.190792990268065,0.014,0.012,1
"CACNA2D3","CACNA2D3",0.309362780124215,-0.14187534617793,0.161,0.166,1
"SMPD3","SMPD3",0.309701674109933,-0.185843385275009,0.017,0.019,1
"SGO2","SGO2",0.31064815032675,0.293456990571323,0.04,0.037,1
"CNPY4","CNPY4",0.31085207417301,-0.156733091069457,0.019,0.022,1
"RNF182","RNF182",0.311648568392903,0.241042349759795,0.03,0.028,1
"USP27X","USP27X",0.31180306385233,0.446140685040829,0.014,0.012,1
"ECI2","ECI2",0.311913421753528,0.145064179684361,0.091,0.087,1
"STX5-DT","STX5-DT",0.312793126909026,0.304781325769114,0.011,0.01,1
"LRRC75B","LRRC75B",0.31310223391564,0.261678237467744,0.02,0.018,1
"ANGPTL4","ANGPTL4",0.313236920049037,-0.239766172167871,0.02,0.022,1
"NCAPD3","NCAPD3",0.313309608389306,0.107456980775888,0.102,0.098,1
"IGSF5","IGSF5",0.313394084996785,-0.353998773277325,0.009,0.01,1
"CELF5","CELF5",0.313628424337928,-0.249500149908695,0.037,0.04,1
"SPATA45","SPATA45",0.313797438042534,-0.29220294796171,0.01,0.011,1
"ENSG00000250156","ENSG00000250156",0.3138124324622,-0.20298481864307,0.012,0.014,1
"LOC105370941","LOC105370941",0.313859616553304,-0.12676290124871,0.008,0.01,1
"ECI1","ECI1",0.313885038462147,0.134968777627674,0.111,0.107,1
"ENSG00000253197","ENSG00000253197",0.314522378136334,0.369891301142113,0.022,0.02,1
"ANP32E","ANP32E",0.314882708495516,-0.123839491093042,0.045,0.049,1
"DCTN6-DT","DCTN6-DT",0.315130470783498,0.258907403707583,0.028,0.025,1
"IGSF9B","IGSF9B",0.315842952537703,0.385596864210808,0.07,0.067,1
"SERTAD2","SERTAD2",0.31669951577093,0.149288707449061,0.212,0.21,1
"TADA2B","TADA2B",0.317191262538429,-0.109413792602726,0.032,0.035,1
"OAS3","OAS3",0.317446985824638,0.262270855135387,0.014,0.012,1
"VSTM2A","VSTM2A",0.317692307094954,-0.161546346698948,0.015,0.017,1
"ENSG00000261613","ENSG00000261613",0.318127475345387,0.268359297327142,0.018,0.016,1
"POLR3H","POLR3H",0.3181374888337,0.119642171671081,0.057,0.053,1
"CRAT37","CRAT37",0.318144600472227,-0.189592840182373,0.01,0.009,1
"THSD7B","THSD7B",0.319192296570881,-0.163043766091425,0.017,0.019,1
"OSGEPL1-AS1","OSGEPL1-AS1",0.320567871322234,0.337264468271503,0.012,0.011,1
"ADGRA1","ADGRA1",0.321077654190831,0.119861506842812,0.06,0.056,1
"ENSG00000269973","ENSG00000269973",0.321110216150561,0.12952672578638,0.013,0.011,1
"ZFAND2A-DT","ZFAND2A-DT",0.3211958748752,-0.256113804400794,0.019,0.021,1
"SELENOK","SELENOK",0.321633981269296,0.11232906643105,0.089,0.085,1
"NUDT7","NUDT7",0.32257265082522,-0.120900503036506,0.024,0.027,1
"ZNF669","ZNF669",0.323447230787765,0.160943578899825,0.018,0.016,1
"MTHFS","MTHFS",0.32348570855709,0.189528566698108,0.019,0.017,1
"ACSBG2","ACSBG2",0.323974955638079,-0.144790417780199,0.009,0.01,1
"SPSB4","SPSB4",0.324576498643773,0.209065100154751,0.076,0.073,1
"ENSG00000272990","ENSG00000272990",0.324991923812522,0.215833923772686,0.011,0.01,1
"STMN2","STMN2",0.325017779005095,-0.130751789433528,0.018,0.02,1
"ENSG00000250842","ENSG00000250842",0.325245381264105,0.230127136699061,0.023,0.021,1
"EXO5","EXO5",0.325692745975534,-0.102979788437194,0.011,0.013,1
"ZNF512","ZNF512",0.32627596408773,0.143767678689445,0.167,0.164,1
"ENSG00000283518","ENSG00000283518",0.326305180520333,-0.36372061659488,0.013,0.015,1
"TMEM179B","TMEM179B",0.326680358925323,0.119650266348345,0.117,0.113,1
"DTYMK","DTYMK",0.326691158877071,0.153940581586497,0.057,0.054,1
"ZNF142","ZNF142",0.32698806252673,0.20141851237372,0.055,0.052,1
"NARS1","NARS1",0.327108502317732,0.138640904752153,0.149,0.145,1
"SALL2","SALL2",0.327112302107694,0.163060741700392,0.026,0.023,1
"LOC105377858","LOC105377858",0.327341622383724,-0.352419781852559,0.011,0.013,1
"CEP57","CEP57",0.327552226405987,0.143331581870454,0.24,0.238,1
"AMDHD1","AMDHD1",0.327806243303298,0.328866908241388,0.01,0.008,1
"ENY2","ENY2",0.329190722264406,0.170388490773031,0.125,0.121,1
"PPP1R1B","PPP1R1B",0.329467149650751,-0.133360314809112,0.009,0.011,1
"ZNF525","ZNF525",0.329622975991644,0.131183239791818,0.05,0.047,1
"USP19","USP19",0.329799251998995,0.203043922451239,0.039,0.036,1
"FANCG","FANCG",0.330684884233464,0.201015578958349,0.013,0.012,1
"DPY19L3-DT","DPY19L3-DT",0.330751032757797,0.106170609310552,0.013,0.012,1
"INA","INA",0.331132016579503,0.233855766521193,0.008,0.01,1
"ARFIP1","ARFIP1",0.331270783402063,0.104128360034995,0.373,0.374,1
"SAYSD1","SAYSD1",0.331503849910591,-0.130940620163191,0.036,0.039,1
"KLHL12","KLHL12",0.331833503685312,0.1426489384963,0.096,0.092,1
"GALNTL6","GALNTL6",0.33359398502621,0.692303222832097,0.062,0.059,1
"ENSG00000269930","ENSG00000269930",0.333712996297505,0.190062194010922,0.013,0.012,1
"KIF20B","KIF20B",0.334132688883012,0.263756041853954,0.047,0.044,1
"CWC22","CWC22",0.334403525802952,0.155745672722851,0.161,0.158,1
"INPP5K","INPP5K",0.335102671966704,0.136671795991771,0.066,0.063,1
"TMEM220","TMEM220",0.335207167323904,0.156059609768957,0.042,0.04,1
"KIAA0319","KIAA0319",0.335284618949838,0.57850174270711,0.011,0.009,1
"ENSG00000237480","ENSG00000237480",0.335465654976248,-0.159716097742978,0.009,0.011,1
"ZNF691","ZNF691",0.336107685764159,0.27105098986635,0.035,0.033,1
"DCPS","DCPS",0.336921016206305,-0.105213101818371,0.038,0.041,1
"TCEAL8","TCEAL8",0.337556564107818,0.158770168885282,0.059,0.056,1
"WDR97","WDR97",0.337613451404628,-0.277148052879682,0.009,0.01,1
"HERPUD2","HERPUD2",0.337723618455865,0.123252780231562,0.188,0.184,1
"ENSG00000279278","ENSG00000279278",0.339002495462249,-0.192347578422407,0.013,0.015,1
"SLC9A5","SLC9A5",0.339082334166206,0.110529283507232,0.021,0.018,1
"NCS1","NCS1",0.339380051194502,0.145940360156226,0.046,0.043,1
"OIP5","OIP5",0.339847969434475,0.144899499749142,0.016,0.015,1
"CCDC121","CCDC121",0.339980559015307,0.197526714382217,0.016,0.015,1
"ENSG00000284057","ENSG00000284057",0.340396759042455,0.246554175724292,0.023,0.021,1
"ZNF343","ZNF343",0.340490048538668,0.294171708318167,0.011,0.009,1
"ENSG00000272933","ENSG00000272933",0.341321492850648,0.115434452678174,0.011,0.009,1
"ICMT","ICMT",0.341456244915457,0.259257533042357,0.046,0.043,1
"SPIN3","SPIN3",0.342389021898853,0.19634152609446,0.086,0.083,1
"ENSG00000133475","ENSG00000133475",0.343577448099825,0.328535672571141,0.01,0.009,1
"ZNF749","ZNF749",0.343794870464018,0.201888606636335,0.019,0.017,1
"CHCHD1","CHCHD1",0.343811586841124,0.129344052186778,0.047,0.044,1
"TSEN34","TSEN34",0.343827119018603,0.182655791334595,0.034,0.031,1
"PRSS48","PRSS48",0.345542380919217,-0.408550279975887,0.013,0.014,1
"CX3CL1","CX3CL1",0.345665991629717,-0.256061062687137,0.009,0.01,1
"DLAT","DLAT",0.346486079442715,0.107629705816458,0.089,0.085,1
"GPAT2","GPAT2",0.34660796825545,-0.123014697480239,0.012,0.014,1
"SYF2","SYF2",0.3471121856653,0.181172433186186,0.075,0.072,1
"ATG4D","ATG4D",0.347562291023108,-0.129634488825759,0.05,0.054,1
"ENSG00000256073","ENSG00000256073",0.347745841505086,-0.255477347733979,0.01,0.012,1
"MED19","MED19",0.347937801320064,0.185184178023057,0.043,0.04,1
"OTOGL","OTOGL",0.348388757964247,0.224217440114896,0.022,0.02,1
"H2BC8","H2BC8",0.349185960867026,-0.542285622806149,0.014,0.016,1
"ENSG00000272871","ENSG00000272871",0.349794961311261,-0.140307226869554,0.015,0.016,1
"LAMC3","LAMC3",0.349867111085765,-0.1148566098212,0.013,0.015,1
"LOC730183","LOC730183",0.350481011199488,-0.210416373288958,0.016,0.018,1
"GCC1","GCC1",0.350631356120073,0.213720903279364,0.018,0.016,1
"DDX60","DDX60",0.350904847584765,0.146955979788337,0.06,0.056,1
"ENSG00000237753","ENSG00000237753",0.350991228040376,0.1102635365832,0.018,0.016,1
"ASB6","ASB6",0.351083420319058,0.111582817856611,0.041,0.038,1
"ZNF582-DT","ZNF582-DT",0.351220792414709,0.355284062978586,0.01,0.009,1
"ENSG00000263424","ENSG00000263424",0.351399273229618,0.167809089608611,0.047,0.044,1
"GPRC5C","GPRC5C",0.351753039797367,0.158323850139317,0.014,0.012,1
"PFDN2","PFDN2",0.351793589080066,0.134725585006322,0.194,0.191,1
"GSDMB","GSDMB",0.352017227325274,0.12113170396528,0.044,0.041,1
"GORAB","GORAB",0.352116495145087,0.116904294503109,0.04,0.037,1
"NFE2L3","NFE2L3",0.352983306129231,0.155505183076472,0.04,0.043,1
"ENSG00000266578","ENSG00000266578",0.353138588582518,0.235863120541576,0.026,0.024,1
"EDEM2","EDEM2",0.353305483558303,0.165708758872529,0.075,0.072,1
"GADD45A","GADD45A",0.35369006236567,0.307243275769469,0.018,0.016,1
"ENSG00000267552","ENSG00000267552",0.355669715320736,0.275731579482039,0.015,0.013,1
"IRX5","IRX5",0.355818226985933,0.252033680309689,0.01,0.009,1
"COX7A2","COX7A2",0.355864766476808,0.160272446016675,0.132,0.129,1
"LINC02316","LINC02316",0.356240239626395,0.464207036428608,0.011,0.01,1
"TBCC","TBCC",0.356276936378531,0.241346128287102,0.032,0.03,1
"SURF6","SURF6",0.356727552310374,0.186680359331409,0.059,0.056,1
"ENSG00000259899","ENSG00000259899",0.357080579816594,0.142024311609336,0.01,0.009,1
"RBBP9","RBBP9",0.357870749637685,0.215292074207417,0.03,0.027,1
"THAP9","THAP9",0.358007032521298,-0.153895769501203,0.071,0.075,1
"MRPL39","MRPL39",0.35889593739569,0.166640965072591,0.085,0.082,1
"EEF2KMT","EEF2KMT",0.358923901384732,0.469607355017903,0.013,0.012,1
"FBXL3","FBXL3",0.359591338421377,0.141444733838132,0.24,0.238,1
"PGLS","PGLS",0.359977523901755,0.120782044149087,0.095,0.091,1
"RUSC2","RUSC2",0.360375420642899,0.138634371643982,0.221,0.218,1
"TUBB","TUBB",0.36072161723551,0.175006791608081,0.179,0.177,1
"E2F5","E2F5",0.362618701720563,0.210159787923555,0.03,0.028,1
"KIAA2012","KIAA2012",0.363194549856111,-0.142930738918972,0.009,0.011,1
"ZNFX1","ZNFX1",0.363291755113804,0.118444575405432,0.113,0.11,1
"TMSB15B.1","TMSB15B.1",0.363729030505341,0.47851566326209,0.014,0.013,1
"IDH3G","IDH3G",0.363783462344944,0.138955476773535,0.057,0.054,1
"RAB24","RAB24",0.364067831818815,0.282988098746799,0.012,0.011,1
"LINC02293","LINC02293",0.364259766613408,-0.100836723199088,0.028,0.03,1
"LINC00571","LINC00571",0.365201896552851,0.176705936852778,0.014,0.015,1
"SPDYE1","SPDYE1",0.3654626897962,0.179301259367666,0.029,0.027,1
"ENSG00000258400","ENSG00000258400",0.365485323408262,0.12242293537657,0.011,0.01,1
"FGD1","FGD1",0.365830882853067,0.267244789279625,0.029,0.027,1
"ENSG00000230555","ENSG00000230555",0.366088061899036,0.329539875849664,0.01,0.008,1
"NUTF2","NUTF2",0.366985099834985,0.173043923203529,0.059,0.056,1
"ZNF836","ZNF836",0.367156780504387,0.215191938846417,0.033,0.031,1
"RPGR","RPGR",0.368062607314486,0.209728014101075,0.106,0.103,1
"ENSG00000275645","ENSG00000275645",0.368398311800026,0.109852475278124,0.01,0.008,1
"ASL","ASL",0.368817836866239,0.209315331429244,0.024,0.022,1
"SEC14L6","SEC14L6",0.368840690794498,0.324238888397422,0.01,0.008,1
"TSPAN3","TSPAN3",0.369435398856902,0.104155822031648,0.241,0.237,1
"MRPL27","MRPL27",0.36952830661179,-0.138864049977984,0.079,0.083,1
"OGDHL","OGDHL",0.369970467518211,-0.189601710731522,0.008,0.01,1
"FCSK","FCSK",0.371649249277323,-0.141144086741517,0.073,0.076,1
"MAP3K15","MAP3K15",0.372837128119884,-0.202574865967861,0.008,0.01,1
"ZNF319","ZNF319",0.373536033143452,0.102300043734552,0.016,0.015,1
"DPH1","DPH1",0.373712287307719,-0.108700264595513,0.02,0.018,1
"ENSG00000257303","ENSG00000257303",0.373824001379988,-0.10365943802595,0.014,0.016,1
"NAT14","NAT14",0.374013473012936,0.154826458151347,0.03,0.028,1
"ENSG00000259287","ENSG00000259287",0.374503608009495,0.195394351833897,0.025,0.023,1
"DHX38","DHX38",0.374903914399331,0.116924690556384,0.091,0.088,1
"ZNF70","ZNF70",0.376040767506178,0.187051398098807,0.027,0.025,1
"FGFRL1","FGFRL1",0.376423049765811,-0.190010611635944,0.024,0.026,1
"HSF5","HSF5",0.378211920042887,0.327301867457813,0.011,0.009,1
"ENSG00000233367","ENSG00000233367",0.378436471531879,0.111628802252328,0.025,0.023,1
"TOR1A","TOR1A",0.378608775398657,0.242110467669327,0.036,0.034,1
"TARDBP","TARDBP",0.37899058839962,-0.249745574194588,0.015,0.017,1
"MYORG","MYORG",0.380082476883532,0.279869363433566,0.027,0.025,1
"TMEM17","TMEM17",0.381510056849448,-0.235735226298301,0.008,0.01,1
"PPP1R12C","PPP1R12C",0.382013171656111,0.115678851455894,0.14,0.136,1
"CMC1","CMC1",0.382653919152902,0.125116265847478,0.255,0.254,1
"CELSR3","CELSR3",0.383010379577939,0.2560076749764,0.019,0.017,1
"METTL14-DT","METTL14-DT",0.383773616487065,-0.267691694593161,0.009,0.01,1
"BPGM","BPGM",0.384885279726108,-0.108770544138053,0.03,0.032,1
"PCDH9-AS3","PCDH9-AS3",0.384993939596843,-0.155936753913736,0.033,0.036,1
"ZNF324","ZNF324",0.386206025217842,0.151461295411253,0.051,0.048,1
"GEMIN4","GEMIN4",0.386749889352732,0.131284154595894,0.012,0.01,1
"SLC4A9","SLC4A9",0.387590266470876,0.29109946813952,0.017,0.016,1
"ENSG00000255418","ENSG00000255418",0.388104821038621,-0.252301273450508,0.01,0.011,1
"PRDM4","PRDM4",0.388465790094865,0.16052319848028,0.099,0.096,1
"DTX1","DTX1",0.388781892276917,-0.10941465170867,0.02,0.022,1
"GCDH","GCDH",0.388845647218807,0.102829743755455,0.155,0.151,1
"WIPI2","WIPI2",0.388857883556942,0.102873457265302,0.199,0.196,1
"RFC3","RFC3",0.389303565030436,0.239585278909791,0.094,0.091,1
"CHURC1","CHURC1",0.389644716259006,0.423509159869992,0.015,0.014,1
"LYG2","LYG2",0.391015893547837,0.105117499430434,0.016,0.014,1
"KIF11","KIF11",0.391268467299445,0.500911345682427,0.01,0.009,1
"ENSG00000282393","ENSG00000282393",0.391481618642913,0.185184104637742,0.018,0.017,1
"SYVN1","SYVN1",0.391783440571489,0.151006211435546,0.083,0.08,1
"FAM161B","FAM161B",0.392271716861126,0.18528264670055,0.012,0.011,1
"KIF15","KIF15",0.393274496079792,0.283735880726131,0.025,0.023,1
"OR2L13","OR2L13",0.3948471108793,0.492400026723818,0.013,0.012,1
"ZNF778","ZNF778",0.39546786148694,0.192936813386791,0.05,0.048,1
"ENSG00000249335","ENSG00000249335",0.395604129169846,-0.254983285013258,0.017,0.019,1
"CNTN6","CNTN6",0.395661440024072,-0.12320796139482,0.026,0.028,1
"EGR1","EGR1",0.396609872069512,-0.222686737602946,0.008,0.01,1
"MAMDC4","MAMDC4",0.396875297282134,0.102207392329526,0.013,0.012,1
"DUSP14","DUSP14",0.396886056698573,0.190509664537656,0.01,0.009,1
"TSPOAP1","TSPOAP1",0.397124747185051,0.106902773450297,0.053,0.051,1
"MED9","MED9",0.397292133643884,0.161250941790558,0.058,0.056,1
"ZNF555","ZNF555",0.397361524806248,0.164213146154038,0.083,0.08,1
"SQLE","SQLE",0.397909825416082,0.229172486033105,0.17,0.169,1
"ZBTB45","ZBTB45",0.397919661668926,0.233024238883505,0.023,0.021,1
"COBLL1","COBLL1",0.398040759718231,-0.201976171124047,0.017,0.019,1
"DNAH2","DNAH2",0.39866570398881,-0.242654799387525,0.013,0.015,1
"MESP1","MESP1",0.399083277211921,-0.252349062237665,0.014,0.015,1
"DISP2","DISP2",0.39912205151082,0.157764283195875,0.011,0.01,1
"EDC3","EDC3",0.3995176102319,0.131765081529366,0.125,0.122,1
"TBC1D22A-DT","TBC1D22A-DT",0.399877435077732,-0.255413174468081,0.045,0.043,1
"TUBGCP4","TUBGCP4",0.400168064949874,0.135386151705517,0.092,0.089,1
"SSR3","SSR3",0.400590599226229,0.166651121770661,0.141,0.138,1
"ENSG00000266933","ENSG00000266933",0.400775841598911,0.264216917405405,0.01,0.009,1
"B3GALT9","B3GALT9",0.401050541087774,-0.294963432944788,0.009,0.01,1
"ENSG00000243762","ENSG00000243762",0.403324289984093,0.339175120525748,0.011,0.01,1
"ATXN7L2","ATXN7L2",0.40375538176303,0.212640261651355,0.012,0.011,1
"ZNF41","ZNF41",0.403760936696183,0.166712163831304,0.093,0.09,1
"SLC35G1","SLC35G1",0.404468156982435,0.102881750929117,0.032,0.029,1
"ENSG00000254907","ENSG00000254907",0.405239178586915,-0.168122862813036,0.009,0.01,1
"TTLL6","TTLL6",0.405314661025722,0.143855790694826,0.018,0.016,1
"DUSP6","DUSP6",0.40581207642569,0.171321018694663,0.052,0.05,1
"PRUNE1","PRUNE1",0.406505126943664,0.242774321902481,0.055,0.052,1
"GRSF1","GRSF1",0.407150635767468,0.141104872954265,0.134,0.131,1
"PARD6B","PARD6B",0.407165200149283,0.181351610072684,0.03,0.028,1
"SUGCT","SUGCT",0.407891804203214,0.107629140762837,0.115,0.112,1
"GZF1","GZF1",0.408241491970983,0.132087780807456,0.035,0.033,1
"PHKA1","PHKA1",0.408295914279284,0.101554500043161,0.035,0.033,1
"ZNHIT2","ZNHIT2",0.408680497319012,-0.230800602040445,0.013,0.015,1
"AP4M1","AP4M1",0.409662530844625,0.143459972808533,0.051,0.049,1
"ALYREF","ALYREF",0.410669997689457,-0.208937470071556,0.014,0.015,1
"KLF11","KLF11",0.410781820223266,0.306807129011671,0.012,0.01,1
"ENSG00000273064","ENSG00000273064",0.41094322039106,-0.128670289233623,0.028,0.03,1
"ENSG00000224063","ENSG00000224063",0.411106338773611,-0.255796141753723,0.072,0.075,1
"ZNF771","ZNF771",0.411818588157846,0.116505833824359,0.065,0.062,1
"LSAMP-AS1","LSAMP-AS1",0.411861527234621,-0.14104866250455,0.017,0.018,1
"ENSG00000272040","ENSG00000272040",0.412082984495748,0.341779296789587,0.012,0.01,1
"DPH5-DT","DPH5-DT",0.412851305904565,0.104420211465432,0.079,0.076,1
"LOC124904917","LOC124904917",0.413125982098807,-0.248894925775702,0.017,0.019,1
"COQ8A","COQ8A",0.413171721453991,0.137970215684134,0.14,0.137,1
"MEIS1-AS2","MEIS1-AS2",0.414148649853932,0.314448900123377,0.011,0.009,1
"SNCG","SNCG",0.414365206101043,0.355244256992945,0.018,0.017,1
"ATP5MC3","ATP5MC3",0.415153537577705,0.158322464493317,0.097,0.094,1
"ENSG00000230612","ENSG00000230612",0.415241850392745,0.109540792553374,0.025,0.023,1
"TCF7","TCF7",0.415377635285563,0.21847405844335,0.027,0.025,1
"ZFAND2B","ZFAND2B",0.41636003002892,0.183699779209602,0.063,0.061,1
"ZNF557","ZNF557",0.416909756342563,0.160429661084882,0.066,0.063,1
"LINC03051","LINC03051",0.41701975231506,-0.188869463084722,0.261,0.261,1
"THAP8","THAP8",0.417537720469274,0.11220261341068,0.045,0.043,1
"FASN","FASN",0.417734372523127,0.121550242853985,0.138,0.135,1
"ENSG00000223576","ENSG00000223576",0.418063275066878,0.26066916700187,0.017,0.016,1
"ZNF74","ZNF74",0.419747750041531,-0.102204757345247,0.033,0.035,1
"TBC1D20","TBC1D20",0.419894357883914,0.128416832675488,0.118,0.114,1
"XRCC1","XRCC1",0.419901873142209,-0.126590611896413,0.051,0.053,1
"NAP1L2","NAP1L2",0.420006023589675,0.26901168937698,0.029,0.027,1
"ZNF334","ZNF334",0.420041870726043,-0.121853472390356,0.073,0.076,1
"STS","STS",0.420558159174153,0.135955033490982,0.03,0.032,1
"ACADL","ACADL",0.421081880166569,-0.129775539247009,0.011,0.013,1
"ZNF184","ZNF184",0.421544690238497,0.201889583109959,0.032,0.03,1
"MASP1","MASP1",0.421775687720855,-0.26094552429468,0.018,0.02,1
"TBKBP1","TBKBP1",0.42285097392734,0.155214400315533,0.022,0.02,1
"SPMIP6","SPMIP6",0.423154920277155,-0.139985998287526,0.026,0.028,1
"CCDC9B","CCDC9B",0.424138783245652,0.216066932665995,0.038,0.036,1
"SLC27A4","SLC27A4",0.424148609185585,0.109157126248031,0.149,0.145,1
"XRCC3","XRCC3",0.425343949120313,-0.317326423737525,0.011,0.012,1
"PYM1","PYM1",0.425593148948781,0.136942613506278,0.048,0.045,1
"AGAP9","AGAP9",0.426585971501293,0.20088661964867,0.138,0.136,1
"EIF5A","EIF5A",0.426834079585948,0.123739276282128,0.092,0.088,1
"GALNT8","GALNT8",0.427315142667086,0.195106519274091,0.074,0.072,1
"EXOSC6","EXOSC6",0.428723031167853,0.162544787563871,0.12,0.117,1
"ENSG00000228786","ENSG00000228786",0.428878594893392,-0.169532442953859,0.01,0.012,1
"ZBTB47","ZBTB47",0.429397442394105,-0.199049551369704,0.022,0.024,1
"FAM217A","FAM217A",0.43002437430697,0.168722796252641,0.013,0.012,1
"ABHD12B","ABHD12B",0.430090340928115,0.119042626496968,0.038,0.036,1
"HDAC1","HDAC1",0.431166646195939,0.104793965732809,0.122,0.119,1
"NIPA1","NIPA1",0.431251540520061,0.109710704492831,0.249,0.249,1
"MED21","MED21",0.43213165321633,0.11886339359872,0.08,0.077,1
"ZFPL1","ZFPL1",0.432809224037499,-0.123804935523785,0.077,0.08,1
"JPH4","JPH4",0.433033684122008,0.261857551675598,0.053,0.05,1
"ASAH2B","ASAH2B",0.434085482750062,0.422364169553903,0.013,0.012,1
"NPAS2","NPAS2",0.434257676674476,0.188601772911747,0.075,0.072,1
"CCNL1","CCNL1",0.43476416067811,0.11974800414371,0.298,0.299,1
"DIMT1","DIMT1",0.434935086743159,0.179465123346996,0.062,0.06,1
"ZNF230","ZNF230",0.434960386606879,0.156805962734949,0.02,0.018,1
"CSNK2A2","CSNK2A2",0.434983179317796,0.153865468133294,0.144,0.141,1
"FYTTD1","FYTTD1",0.435676991782725,0.103516097036273,0.154,0.152,1
"HAP1","HAP1",0.435783240703026,0.170874655761662,0.037,0.035,1
"ENSG00000249240","ENSG00000249240",0.435878360776665,0.140824636071344,0.048,0.045,1
"RTN4RL1","RTN4RL1",0.436118124138614,0.294216081898408,0.028,0.026,1
"ZNF595","ZNF595",0.436443791178243,0.116959143359323,0.172,0.169,1
"POLM","POLM",0.436728591935562,0.124246066121592,0.05,0.048,1
"CTU2","CTU2",0.436896370211734,0.160076892896337,0.019,0.018,1
"MCAT","MCAT",0.437262256239936,-0.158319198270953,0.014,0.015,1
"ENSG00000261478","ENSG00000261478",0.4387307894383,-0.386131816092844,0.009,0.01,1
"YEATS4","YEATS4",0.438737928046779,0.179524070597033,0.058,0.056,1
"ESD","ESD",0.440387229233056,0.102997680109873,0.158,0.155,1
"GMEB2","GMEB2",0.440674893815984,0.197681255121542,0.046,0.044,1
"ENSG00000238058","ENSG00000238058",0.441143836330672,0.332241463303859,0.018,0.016,1
"BCDIN3D","BCDIN3D",0.441641757676317,0.118673241574236,0.052,0.049,1
"IL17RC","IL17RC",0.441992557174746,0.237244238010434,0.026,0.024,1
"SIDT1","SIDT1",0.442153930901265,0.27526365555758,0.011,0.01,1
"ENSG00000272772","ENSG00000272772",0.442972292739492,-0.18975485643607,0.013,0.014,1
"MRPL36","MRPL36",0.442984226707013,0.112660231717517,0.04,0.038,1
"SUOX","SUOX",0.443254700889372,-0.141495846227507,0.035,0.037,1
"ATP10A","ATP10A",0.443901698925841,-0.597823685821715,0.012,0.013,1
"ENSG00000261098","ENSG00000261098",0.443913115098348,-0.104897112345977,0.031,0.033,1
"FSIP1","FSIP1",0.444019468841401,0.228905515189078,0.018,0.016,1
"ARSA","ARSA",0.44479837809218,0.130804639642705,0.081,0.078,1
"GDF11","GDF11",0.444909138279241,0.16063491698571,0.044,0.042,1
"BRF2","BRF2",0.445844625807062,-0.224728897041719,0.014,0.016,1
"LSM14B","LSM14B",0.445880433824818,0.160579740307692,0.056,0.054,1
"ATP5F1A","ATP5F1A",0.446122375758172,0.106815175999897,0.143,0.14,1
"ENSG00000262580","ENSG00000262580",0.446332194246785,0.238705456629372,0.025,0.023,1
"PTPRR","PTPRR",0.448547143055404,0.133490675941848,0.01,0.009,1
"DHRS11","DHRS11",0.448702843935861,0.188236749002871,0.01,0.011,1
"AQP4-AS1","AQP4-AS1",0.450033734886269,0.2217116796936,0.062,0.059,1
"ENSG00000255835","ENSG00000255835",0.450986048255099,0.115396038557443,0.031,0.029,1
"ZNF236-DT","ZNF236-DT",0.451456451885365,0.100348433122605,0.055,0.053,1
"UBL7-DT","UBL7-DT",0.452712067315144,0.190069797443817,0.039,0.037,1
"DENND10","DENND10",0.453229281397088,0.123441940891322,0.123,0.12,1
"FICD","FICD",0.453884106735732,0.178806992965935,0.036,0.034,1
"GRWD1","GRWD1",0.454165274312393,0.13695773567659,0.028,0.027,1
"VWCE","VWCE",0.455055933989369,-0.247014704731951,0.009,0.01,1
"GTF2IRD1","GTF2IRD1",0.455411888989553,0.109765381226979,0.256,0.254,1
"FBXO30","FBXO30",0.455900576864055,0.129781333684541,0.086,0.084,1
"PIWIL2","PIWIL2",0.456272845775747,0.205765414699483,0.029,0.027,1
"PNPLA4","PNPLA4",0.456560380199369,0.212006167249416,0.013,0.011,1
"ENSG00000273230","ENSG00000273230",0.456669735777717,-0.151740598829811,0.009,0.01,1
"MOV10L1","MOV10L1",0.457593949539468,0.408435418047143,0.013,0.011,1
"CNGB3","CNGB3",0.457728708767849,0.299405916908298,0.015,0.014,1
"KCNB2","KCNB2",0.458483752875838,-0.6635547656109,0.012,0.013,1
"ANAPC11","ANAPC11",0.459731017948398,0.117312795633208,0.102,0.099,1
"C19orf73","C19orf73",0.460337040159309,0.140180825482256,0.01,0.009,1
"METTL18","METTL18",0.460392656437485,-0.317596061015612,0.011,0.013,1
"PDCD2","PDCD2",0.461022519987682,0.136626377115541,0.063,0.061,1
"TAFA1","TAFA1",0.461621184641796,0.21867184402226,0.132,0.138,1
"NOP53-AS1","NOP53-AS1",0.462178405817142,0.26793942374858,0.017,0.016,1
"NT5C3B","NT5C3B",0.46234505988366,0.116321349338423,0.044,0.042,1
"KCNF1","KCNF1",0.462370963198736,0.204512497799149,0.031,0.029,1
"CENPK","CENPK",0.462886034749609,0.315325746808805,0.013,0.011,1
"USP3-AS1","USP3-AS1",0.464037564758419,-0.217684437296425,0.069,0.072,1
"TMEM234","TMEM234",0.464416365634891,-0.189395247742532,0.017,0.018,1
"SLC35F4","SLC35F4",0.464525963872012,-0.162833043308487,0.012,0.014,1
"LINC02284","LINC02284",0.465126466638882,0.150139762232767,0.02,0.018,1
"LINC03021.1","LINC03021.1",0.466360988150539,-0.238837206176484,0.011,0.012,1
"TMEM229B","TMEM229B",0.466949306911693,0.145891803753976,0.084,0.081,1
"ENSG00000261459","ENSG00000261459",0.467636396477579,0.191549812310608,0.011,0.009,1
"ENSG00000248727","ENSG00000248727",0.467859676203307,-0.158566589092929,0.009,0.01,1
"RTL5","RTL5",0.468276478800058,-0.100309803405136,0.011,0.012,1
"ENSG00000253392","ENSG00000253392",0.468404593922235,-0.16672639939535,0.017,0.019,1
"GPC5","GPC5",0.469598132230299,-0.130477370288084,0.104,0.107,1
"INHBA-AS1","INHBA-AS1",0.469628029816251,-0.185106456254301,0.015,0.017,1
"ARHGEF1","ARHGEF1",0.471216962874772,0.148197831534586,0.188,0.185,1
"LINC02018","LINC02018",0.471227338120317,0.125893489148181,0.041,0.039,1
"LDB1","LDB1",0.47251342463539,0.104828752524564,0.05,0.048,1
"HYAL1","HYAL1",0.472759468531111,0.142634432892895,0.024,0.023,1
"ZNF264","ZNF264",0.47355836941088,0.105981477883139,0.159,0.157,1
"PYGB","PYGB",0.474130114016135,0.114245067306961,0.174,0.172,1
"MST1","MST1",0.474216055862465,0.216065737343308,0.019,0.018,1
"EIF2S1","EIF2S1",0.475661661119278,0.111527289038067,0.137,0.134,1
"RECQL","RECQL",0.476454792973394,0.265783750900802,0.102,0.1,1
"PSMB5","PSMB5",0.477679508610836,0.103663265293029,0.172,0.17,1
"OXLD1","OXLD1",0.478703307814929,0.221573420648536,0.049,0.047,1
"SDHA","SDHA",0.479096714703575,0.112901259954814,0.216,0.213,1
"DOT1L","DOT1L",0.480193580701301,0.112490610270071,0.133,0.13,1
"PMP2","PMP2",0.480728485641924,0.121616991049765,0.244,0.256,1
"PGAM5","PGAM5",0.481195685945895,0.244855472292206,0.015,0.014,1
"ENSG00000235079","ENSG00000235079",0.481281577872751,-0.310341012831834,0.013,0.015,1
"TRNT1","TRNT1",0.482092490021472,0.101164998680016,0.123,0.12,1
"CEACAM19","CEACAM19",0.482808641225409,0.145451408613948,0.032,0.03,1
"RFPL3S","RFPL3S",0.482870847929845,0.353332911118228,0.013,0.012,1
"ENSG00000236082","ENSG00000236082",0.483083900483232,-0.158224653509369,0.038,0.04,1
"TMEM145","TMEM145",0.483883983736833,-0.120976439278559,0.044,0.046,1
"FLVCR1-DT","FLVCR1-DT",0.485419740264563,0.290182543104492,0.023,0.022,1
"ENSG00000266076","ENSG00000266076",0.485508930560549,-0.182372901849116,0.011,0.012,1
"MREG","MREG",0.485920088844176,0.109582070568421,0.06,0.063,1
"PARP11","PARP11",0.487061434762439,0.149820805813585,0.149,0.147,1
"UBE2R2-AS1","UBE2R2-AS1",0.487455835154932,-0.253873065397721,0.01,0.011,1
"LINC01750","LINC01750",0.488280097548804,0.109316579291495,0.01,0.009,1
"MRFAP1L2","MRFAP1L2",0.488552416536693,0.18097523214021,0.029,0.027,1
"KIF18B","KIF18B",0.490088163058835,0.1395159515696,0.017,0.015,1
"NRXN1","NRXN1",0.490562961404288,-0.1288284487645,0.287,0.278,1
"ENSG00000255339","ENSG00000255339",0.491378736862501,0.228325295040112,0.021,0.019,1
"CPT1A","CPT1A",0.49187327442012,0.115776668835145,0.05,0.048,1
"GSPT2","GSPT2",0.491876847342484,0.218378401802098,0.022,0.02,1
"ENSG00000274893","ENSG00000274893",0.492447679459971,0.21573439574196,0.027,0.026,1
"TRIOBP","TRIOBP",0.493819315416777,0.124240385936062,0.132,0.13,1
"PNPLA2","PNPLA2",0.494260415432833,-0.12219457743869,0.082,0.085,1
"ENSG00000268870","ENSG00000268870",0.494783320310494,0.200838647312314,0.029,0.028,1
"CCDC13","CCDC13",0.494996026371039,-0.138032570110131,0.038,0.04,1
"UBAP2L","UBAP2L",0.494998357666893,0.115664286385098,0.203,0.202,1
"NUP50-DT","NUP50-DT",0.495010127789007,0.105886461126955,0.195,0.193,1
"KIAA1191","KIAA1191",0.495250842472232,0.197847101426174,0.074,0.072,1
"DUSP26","DUSP26",0.495436783932074,0.10876167501616,0.044,0.046,1
"KHDRBS2","KHDRBS2",0.495472336475909,0.107282810173621,0.217,0.214,1
"TRIAP1","TRIAP1",0.496460781903709,0.238205030257931,0.019,0.018,1
"OGFOD2","OGFOD2",0.496839283265666,0.14655684243825,0.02,0.019,1
"MRTFB","MRTFB",0.496919206585934,0.138632459719792,0.189,0.189,1
"BCAS3-AS1","BCAS3-AS1",0.49806066512829,0.116649273520252,0.015,0.013,1
"ZNF674-AS1","ZNF674-AS1",0.499158458357697,-0.120720830093493,0.01,0.011,1
"RUSC1","RUSC1",0.499228611005223,0.168777469719511,0.029,0.027,1
"RBM8A","RBM8A",0.499254192520635,0.151794606039397,0.104,0.102,1
"IP6K3","IP6K3",0.500597292171108,0.127644620637374,0.128,0.127,1
"SPATA9","SPATA9",0.501361970541209,-0.149138205876343,0.028,0.03,1
"PPP1R13B","PPP1R13B",0.502107193567373,0.112435523631579,0.156,0.162,1
"CHPF","CHPF",0.503787082542831,-0.164368611026576,0.038,0.039,1
"NAA30","NAA30",0.504047028391242,0.156666860760389,0.099,0.097,1
"OXA1L","OXA1L",0.504056380444561,0.128717963053634,0.083,0.081,1
"ENSG00000258864","ENSG00000258864",0.504443089509493,0.549128703613724,0.01,0.009,1
"SLITRK4","SLITRK4",0.505450187913615,0.270762839209084,0.034,0.033,1
"ZC3H11B","ZC3H11B",0.505657893973908,0.238917522190778,0.052,0.05,1
"SLC9A1","SLC9A1",0.509131539718255,0.133787758364091,0.041,0.039,1
"WDR74","WDR74",0.509832208956532,0.102590934172445,0.031,0.029,1
"GLI2","GLI2",0.51004032583929,-0.278663946403061,0.011,0.012,1
"TENM3","TENM3",0.510387642904523,0.121901988273773,0.065,0.063,1
"USP18","USP18",0.510779973981235,0.129297656052661,0.011,0.01,1
"LINC02720","LINC02720",0.511113753639766,-0.170547566593576,0.009,0.01,1
"MON1B","MON1B",0.511442360001547,0.233391393202953,0.034,0.032,1
"FAM185A","FAM185A",0.511453992816187,0.1000451423554,0.255,0.255,1
"ENSG00000231104","ENSG00000231104",0.51164163189744,-0.221803251549073,0.016,0.018,1
"COL21A1","COL21A1",0.511727473100411,-0.444929706957405,0.01,0.011,1
"ZNF229","ZNF229",0.512103981296246,0.117011545659351,0.021,0.023,1
"ENSG00000260693","ENSG00000260693",0.51270450288233,0.100286669685127,0.011,0.01,1
"MRPS18C","MRPS18C",0.512964626502411,0.123844137213369,0.079,0.077,1
"ZNF316","ZNF316",0.513618295761062,0.12393047857719,0.063,0.061,1
"CYCS","CYCS",0.513889016677345,0.104633347200332,0.084,0.081,1
"PMPCA","PMPCA",0.514820862055044,0.210530005587312,0.062,0.06,1
"HMBS","HMBS",0.515432107280939,0.228493264689438,0.046,0.044,1
"BCS1L","BCS1L",0.51570324811446,0.305448185916543,0.032,0.03,1
"NOC3L","NOC3L",0.515928305002696,0.164420205883383,0.094,0.091,1
"ENSG00000258465","ENSG00000258465",0.516243842820789,0.203091678879174,0.05,0.048,1
"ENSG00000284418","ENSG00000284418",0.516264399550902,0.74684299560553,0.013,0.012,1
"CFAP47","CFAP47",0.517350894805813,-0.261911941540112,0.011,0.012,1
"MASTL","MASTL",0.518672599821117,0.199365332965229,0.034,0.036,1
"CEP19","CEP19",0.520455605617379,0.224494927902545,0.012,0.011,1
"YIPF6","YIPF6",0.522005155923077,0.114220413031816,0.159,0.157,1
"NATD1","NATD1",0.522268834243547,0.331033152414622,0.011,0.01,1
"CDK4","CDK4",0.522716899745388,0.11987909728663,0.055,0.053,1
"SGSH","SGSH",0.523083881700446,0.186133914720298,0.015,0.014,1
"UNC5CL","UNC5CL",0.523265424012624,0.38333915990223,0.01,0.009,1
"LINC01609","LINC01609",0.524245104663271,-0.269350279527639,0.016,0.017,1
"CCNJ","CCNJ",0.524776692771837,0.16941895907347,0.03,0.028,1
"DPY19L2","DPY19L2",0.52496754002816,0.17230164636027,0.111,0.11,1
"MIIP","MIIP",0.524985597237202,0.13839873788537,0.049,0.047,1
"ZNF574","ZNF574",0.525451979295282,0.122847335985902,0.018,0.016,1
"PAK5","PAK5",0.52582819946388,0.201664233484192,0.082,0.08,1
"ENSG00000235426","ENSG00000235426",0.528213551186315,0.21451427983224,0.016,0.014,1
"PHF5A","PHF5A",0.528578387485438,-0.107595169601482,0.039,0.041,1
"PRC1-AS1","PRC1-AS1",0.529998298661672,-0.158515107957957,0.01,0.011,1
"WDR54","WDR54",0.53072541356257,-0.15627209382493,0.015,0.016,1
"BRD3","BRD3",0.53081479533327,0.132584349240787,0.131,0.129,1
"ENSG00000272163","ENSG00000272163",0.530880048275184,-0.257477712959985,0.009,0.01,1
"ENSG00000255366","ENSG00000255366",0.531703119938293,-0.375686462863931,0.011,0.012,1
"SBNO1-AS1","SBNO1-AS1",0.531937118429354,-0.207843209617593,0.009,0.01,1
"ATP2A1","ATP2A1",0.532454205360187,-0.361768817198955,0.012,0.013,1
"STAM-DT","STAM-DT",0.532484002064733,0.138083458961932,0.025,0.024,1
"SEMA3C","SEMA3C",0.53367913342182,0.200174443874038,0.29,0.296,1
"ENSG00000249806","ENSG00000249806",0.53414858300286,0.167814081736512,0.012,0.011,1
"ENSG00000228108","ENSG00000228108",0.535904990790657,0.193040792234493,0.025,0.023,1
"SLC22A10","SLC22A10",0.536804152144028,0.384350818914496,0.011,0.01,1
"ASCL1","ASCL1",0.537105409817863,0.254945584332646,0.078,0.076,1
"ENSG00000275285","ENSG00000275285",0.53774452122093,-0.232140503679269,0.012,0.013,1
"TPRG1L","TPRG1L",0.538149203214217,0.125495525470466,0.053,0.051,1
"WHAMM","WHAMM",0.538492457167053,0.109870131070024,0.142,0.14,1
"THG1L","THG1L",0.539131479417065,0.18830330135395,0.021,0.019,1
"ENSG00000270605","ENSG00000270605",0.539389853790055,0.124495388608364,0.014,0.013,1
"WRAP53","WRAP53",0.540199706823229,0.155626556357668,0.022,0.021,1
"SMC1A","SMC1A",0.540674465772078,0.113438231254041,0.173,0.171,1
"ADAT2","ADAT2",0.541613104490573,0.161954733505851,0.042,0.04,1
"VANGL2","VANGL2",0.541955889098884,-0.113698679231377,0.025,0.026,1
"LZTR1","LZTR1",0.54205685831091,0.119812486630626,0.098,0.096,1
"ZNF273","ZNF273",0.543451921061484,0.118879412024183,0.063,0.065,1
"ENSG00000253154","ENSG00000253154",0.544812749819799,0.181229219652196,0.078,0.075,1
"NOCT","NOCT",0.545450476735443,0.153848950114621,0.041,0.039,1
"PEX11A","PEX11A",0.545650225237545,0.133776497739531,0.019,0.02,1
"GPR63","GPR63",0.546745802021927,0.258905631399807,0.013,0.012,1
"CD44","CD44",0.546862696478658,0.418528223148774,0.043,0.046,1
"HYAL2","HYAL2",0.549075931537268,0.216307886878209,0.019,0.017,1
"LOC101926964","LOC101926964",0.549655474083074,-0.119164739010182,0.013,0.014,1
"NUP50","NUP50",0.549787853039341,0.105844383490883,0.086,0.084,1
"GAD1","GAD1",0.550666114712732,-0.102009229870387,0.076,0.079,1
"C6orf136","C6orf136",0.550993456108854,0.102931894914438,0.054,0.052,1
"MED12","MED12",0.551488956885266,0.172799309582281,0.054,0.052,1
"BACE1-AS","BACE1-AS",0.55272963405538,-0.105239856647064,0.017,0.018,1
"GRIK3","GRIK3",0.553135249832845,0.11847323574645,0.1,0.103,1
"CNTN5","CNTN5",0.554309907152851,-0.220067138509186,0.059,0.061,1
"C1S","C1S",0.554996749997917,0.10932560507984,0.069,0.067,1
"VARS2","VARS2",0.5554684051771,0.10413418341912,0.059,0.062,1
"ENSG00000253893","ENSG00000253893",0.555749024559326,0.166272600504338,0.242,0.244,1
"STARD13","STARD13",0.555767225367396,0.203758624665654,0.573,0.6,1
"FAM234A","FAM234A",0.556335466750004,0.10917407862898,0.075,0.073,1
"AIFM2","AIFM2",0.55749913866738,0.164698990777039,0.033,0.032,1
"EPCIP","EPCIP",0.557627115220326,-0.134491075845617,0.019,0.02,1
"SNAPIN","SNAPIN",0.559370109025896,0.128535896626939,0.05,0.049,1
"LMCD1","LMCD1",0.559683345345199,0.106588606519967,0.056,0.055,1
"NMNAT3","NMNAT3",0.561197159826276,0.130154552435287,0.116,0.114,1
"STRIP2","STRIP2",0.562672421375302,-0.127026094711644,0.013,0.014,1
"ENSG00000259124","ENSG00000259124",0.565668983280369,0.422834983704737,0.128,0.133,1
"CEDORA","CEDORA",0.567983394480875,0.234220513540756,0.421,0.453,1
"ENSG00000228629","ENSG00000228629",0.569344899716865,0.191768918959701,0.01,0.009,1
"FANCB","FANCB",0.571271155180367,0.119881141977284,0.088,0.087,1
"GAR1","GAR1",0.571291767624112,0.212537912264218,0.036,0.035,1
"PCDH11X.1","PCDH11X.1",0.57143780226769,-0.233930191640092,0.06,0.058,1
"RIOK2","RIOK2",0.573219520349388,0.160889578365922,0.061,0.059,1
"NUDT19","NUDT19",0.573851097529087,0.195710822838216,0.044,0.042,1
"RWDD4","RWDD4",0.574002188205296,0.10879070673347,0.059,0.057,1
"SOX15","SOX15",0.575127043783282,-0.219382418378686,0.013,0.014,1
"GNGT1","GNGT1",0.576870396857918,0.344532847458004,0.03,0.028,1
"IMPACT","IMPACT",0.576929964879417,0.14727640588314,0.063,0.066,1
"CRIP3","CRIP3",0.576939781063975,0.116578666376451,0.011,0.01,1
"ARHGEF25","ARHGEF25",0.579199936371499,0.136545321741879,0.01,0.009,1
"PLEKHG2","PLEKHG2",0.580755493031661,-0.134392918097959,0.011,0.012,1
"ENSG00000269755","ENSG00000269755",0.581327502129262,-0.180186343304186,0.029,0.03,1
"FNTB","FNTB",0.582614700504411,0.152963300747347,0.114,0.113,1
"DRP2","DRP2",0.583152987809852,0.117090193865208,0.022,0.021,1
"MBD6","MBD6",0.58328536082855,0.100819898519382,0.076,0.074,1
"CPEB2-DT","CPEB2-DT",0.584662365323388,-0.120717561109467,0.046,0.047,1
"ENSG00000225243","ENSG00000225243",0.58567519834363,0.328104681007269,0.014,0.013,1
"ENSG00000272145","ENSG00000272145",0.585884195099145,-0.105205278867314,0.015,0.016,1
"RIMOC1","RIMOC1",0.587685148852905,0.152012814698478,0.108,0.106,1
"NPM2","NPM2",0.588103950266119,0.165056070978562,0.012,0.011,1
"ENPP3","ENPP3",0.589589341454492,0.205247291051331,0.013,0.013,1
"MORN1","MORN1",0.590064602698485,-0.194232964537632,0.023,0.024,1
"SHLD1","SHLD1",0.590546603813965,0.124664450875701,0.145,0.143,1
"LGALSL","LGALSL",0.591168208770113,-0.112208678436139,0.015,0.016,1
"ZNF549","ZNF549",0.591715163784087,0.113498133317066,0.104,0.102,1
"GID8","GID8",0.591719768593199,0.120235721322553,0.104,0.102,1
"ENSG00000234509","ENSG00000234509",0.592032572802861,0.241555564497177,0.012,0.012,1
"PPP3CA-DT","PPP3CA-DT",0.592271285380534,-0.184675551266845,0.013,0.014,1
"ENSG00000204860","ENSG00000204860",0.592353014999177,0.106366692740544,0.028,0.026,1
"MAPDA","MAPDA",0.592705891726468,0.116240041367746,0.08,0.078,1
"WRNIP1","WRNIP1",0.593361075183007,0.101517249207293,0.157,0.155,1
"CDHR3","CDHR3",0.593458056961891,0.367831840534109,0.029,0.028,1
"ZNF598","ZNF598",0.593756086940985,-0.116759931761149,0.031,0.033,1
"ENSG00000237481","ENSG00000237481",0.593933377872757,0.119366707343702,0.015,0.014,1
"ENSG00000269937","ENSG00000269937",0.594848877394849,-0.291325944542682,0.01,0.011,1
"HEATR1","HEATR1",0.595488311566365,0.117144256890602,0.14,0.138,1
"CFAP299","CFAP299",0.59603915537939,-0.152412067627191,0.014,0.015,1
"ZNF100","ZNF100",0.596098332726087,0.191568219945108,0.171,0.172,1
"ENSG00000230839","ENSG00000230839",0.596644019432554,0.479075998174763,0.011,0.01,1
"COA7","COA7",0.596746636509923,0.220012795632022,0.022,0.02,1
"DDI2","DDI2",0.597159755343839,0.112695191899231,0.251,0.252,1
"PIP4K2B","PIP4K2B",0.597296128849761,0.135646214930014,0.165,0.164,1
"ENSG00000251034","ENSG00000251034",0.597823900131041,-0.143550568453785,0.035,0.036,1
"LINC02345","LINC02345",0.5981369207274,-0.2033010462892,0.01,0.011,1
"ENSG00000260548","ENSG00000260548",0.598490032222655,0.332605822592263,0.011,0.011,1
"PLK1","PLK1",0.599310122567614,-0.110866807475637,0.018,0.019,1
"ENSG00000256427","ENSG00000256427",0.600276307296848,0.216215908101208,0.051,0.049,1
"ENSG00000258399","ENSG00000258399",0.602769571657305,-0.169235418167687,0.014,0.013,1
"PTPN20","PTPN20",0.602809087640555,0.338997158320818,0.02,0.019,1
"ARFIP2","ARFIP2",0.603264591023725,0.156829176193999,0.046,0.045,1
"CHURC1-FNTB","CHURC1-FNTB",0.603728190272353,0.105150943715145,0.119,0.123,1
"ARLNC1","ARLNC1",0.603897400351245,-0.25616827030543,0.012,0.013,1
"HNRNPH2","HNRNPH2",0.604799044038314,0.104844459726544,0.066,0.068,1
"DDX11","DDX11",0.605916557910395,0.112755088677383,0.065,0.064,1
"ADGRL2","ADGRL2",0.608299116471542,0.190414977711682,0.017,0.016,1
"ANKRD18B","ANKRD18B",0.609728472472934,0.132201336308333,0.016,0.015,1
"LSS","LSS",0.611598984517533,0.23058437409148,0.442,0.491,1
"CLDN1","CLDN1",0.612842617390296,0.26216921765909,0.01,0.01,1
"SLC7A10","SLC7A10",0.61317801648151,0.167060863679873,0.017,0.018,1
"PDSS1","PDSS1",0.614067235266276,0.141609454624346,0.058,0.056,1
"NEURL2","NEURL2",0.614389537043496,-0.131239456826273,0.009,0.01,1
"CASTOR2","CASTOR2",0.614498537391523,0.113229616479623,0.184,0.183,1
"TNFAIP6","TNFAIP6",0.614742014399961,-0.117098096210335,0.03,0.031,1
"ELOC","ELOC",0.614838451088021,0.133130366342639,0.104,0.102,1
"LOC105370777","LOC105370777",0.615221654399241,0.231452870712338,0.011,0.01,1
"IL7","IL7",0.617473220406557,0.226463883511284,0.033,0.034,1
"ENSG00000223725","ENSG00000223725",0.618106817314125,-0.154195580154702,0.018,0.019,1
"STK32A","STK32A",0.618967458977177,0.325691874718203,0.131,0.133,1
"MIATNB","MIATNB",0.619405142467199,0.10401833434427,0.105,0.103,1
"ZNF185","ZNF185",0.61979343010884,0.102172890582185,0.012,0.011,1
"RABEP2","RABEP2",0.62123411404809,0.159746710740509,0.087,0.086,1
"IRX1","IRX1",0.624861710195668,0.238469635798529,0.01,0.009,1
"SLC29A2","SLC29A2",0.625876244248382,0.153701682430242,0.031,0.03,1
"LOC105373643","LOC105373643",0.626076633102191,-0.100956686455866,0.019,0.02,1
"ENSG00000249459","ENSG00000249459",0.626558899973102,0.205977984376507,0.059,0.057,1
"HDAC2","HDAC2",0.628998619616324,0.102497561111958,0.188,0.187,1
"LINC01090","LINC01090",0.630978437950882,-0.43428606850202,0.009,0.01,1
"MBNL3","MBNL3",0.631076407071364,0.136139042733393,0.076,0.079,1
"PPFIA3","PPFIA3",0.631187065424263,0.135501962880676,0.039,0.038,1
"FZD9","FZD9",0.633479739667282,0.11992356881521,0.038,0.037,1
"ZDHHC24","ZDHHC24",0.6339295802615,0.147155994692631,0.073,0.071,1
"SEPTIN1","SEPTIN1",0.634309063301512,0.109457307815696,0.039,0.038,1
"SULF2","SULF2",0.634464654674357,-0.142246133706547,0.138,0.134,1
"ENSG00000259805","ENSG00000259805",0.636045662106814,0.235642628375879,0.022,0.021,1
"KMT5A","KMT5A",0.636668309961305,0.146661322931446,0.125,0.124,1
"SLC35A2","SLC35A2",0.637803003402012,-0.101670722186793,0.028,0.029,1
"SMNDC1","SMNDC1",0.638585145969023,0.106657267788983,0.075,0.074,1
"PAIP1","PAIP1",0.639839108805296,0.174360390890733,0.136,0.135,1
"ELK1","ELK1",0.64137169999048,0.200955935999421,0.028,0.027,1
"MPPED1","MPPED1",0.641729777896287,0.15700160808926,0.043,0.042,1
"NUP155","NUP155",0.641844230440583,0.114090082569997,0.099,0.102,1
"URB2","URB2",0.643177047781037,0.122200211644507,0.049,0.051,1
"LAMA3","LAMA3",0.643574764203421,-0.195002470503161,0.012,0.013,1
"PNMA8A","PNMA8A",0.643642647935059,0.134991873345374,0.043,0.041,1
"LAMA5","LAMA5",0.64440775051467,-0.189150417158987,0.015,0.015,1
"SIGMAR1","SIGMAR1",0.645591198156941,0.140209590764763,0.045,0.044,1
"PFAS","PFAS",0.646300256239314,0.206284129251886,0.025,0.026,1
"AP3S2","AP3S2",0.646508298170405,-0.141960732800488,0.034,0.036,1
"DNAAF2","DNAAF2",0.646941828011874,0.129296437132393,0.036,0.035,1
"MEN1","MEN1",0.647602286055509,0.165521208167298,0.037,0.036,1
"ZDHHC22","ZDHHC22",0.648004161400467,-0.168868722214283,0.032,0.033,1
"CLDN20","CLDN20",0.649211164009012,0.138918953692782,0.014,0.013,1
"ACADM","ACADM",0.652017990999212,0.102108251937146,0.184,0.183,1
"SLC25A22","SLC25A22",0.652352625106403,0.288756926860532,0.011,0.012,1
"ADPRM","ADPRM",0.652354054108712,0.133824836285173,0.03,0.029,1
"ENSG00000233073","ENSG00000233073",0.653839019022146,0.106940287187557,0.026,0.025,1
"COL9A1","COL9A1",0.654277437009203,0.350559523479965,0.131,0.132,1
"PLPPR5-AS1","PLPPR5-AS1",0.656923904125983,-0.12207635986011,0.028,0.029,1
"PLSCR4","PLSCR4",0.657395719158789,0.1383351130768,0.061,0.059,1
"PRMT5","PRMT5",0.660851260160453,0.118599921220689,0.034,0.032,1
"UCN","UCN",0.66095984815345,0.110564058014514,0.032,0.03,1
"LGI2","LGI2",0.661657713105571,0.144426729532533,0.012,0.011,1
"LINC01876","LINC01876",0.662423106371223,-0.589600575036009,0.016,0.016,1
"LRATD1","LRATD1",0.662545052409381,0.122443384480881,0.033,0.032,1
"ENSG00000261584","ENSG00000261584",0.66340753403298,-0.158517262548212,0.031,0.032,1
"LINC02389","LINC02389",0.663438624369963,0.215498624336719,0.018,0.019,1
"DGKG","DGKG",0.663690003332745,-0.130031752404207,0.204,0.198,1
"NGFR","NGFR",0.663972097261147,0.20268882902738,0.051,0.049,1
"ZNF804B","ZNF804B",0.664557635170113,-0.252963163554255,0.027,0.028,1
"SNCAIP","SNCAIP",0.665412890775352,0.13102095728027,0.023,0.024,1
"ENSG00000235749","ENSG00000235749",0.666941970733724,0.18326378259147,0.01,0.011,1
"CRAMP1","CRAMP1",0.666942605296724,0.197682146660516,0.029,0.028,1
"ENSG00000268744","ENSG00000268744",0.667358981118551,0.256943487234863,0.018,0.018,1
"ZNF225","ZNF225",0.668279181616689,0.19717752474342,0.028,0.027,1
"PCA3","PCA3",0.6692168812778,0.116313660671576,0.129,0.133,1
"NMUR2","NMUR2",0.669393948725592,0.214784467008539,0.021,0.02,1
"PRDX5","PRDX5",0.669699800533669,0.135853695501785,0.089,0.087,1
"KPNA3","KPNA3",0.670313537501545,0.103191475189782,0.348,0.353,1
"GLS2","GLS2",0.671124752705513,0.149879589204616,0.018,0.019,1
"EMC3","EMC3",0.671333040081141,0.100454647029947,0.134,0.132,1
"SMIM17","SMIM17",0.671537037304281,-0.117642563372813,0.012,0.013,1
"BEX5","BEX5",0.671967406320596,0.169200407140194,0.017,0.018,1
"MYBPHL","MYBPHL",0.673257744145949,-0.111224521652018,0.015,0.016,1
"EGFR","EGFR",0.675098040010197,0.234259025938339,0.121,0.121,1
"ENSG00000253642","ENSG00000253642",0.675504928247193,-0.195353921626561,0.03,0.031,1
"TCF7L1","TCF7L1",0.675774677498495,-0.101351717624945,0.021,0.02,1
"MTCH1","MTCH1",0.676335484977285,0.110723037486701,0.33,0.337,1
"DAB1","DAB1",0.677097188657078,-0.1040129006304,0.332,0.328,1
"KLHL11","KLHL11",0.679479002721206,0.259629145285381,0.014,0.013,1
"PROSER1","PROSER1",0.67994348794028,0.100725614143124,0.103,0.102,1
"NR4A1","NR4A1",0.680448247312182,0.144816862346381,0.015,0.016,1
"C9orf78","C9orf78",0.68063027493422,0.140295406456311,0.101,0.1,1
"THAP7","THAP7",0.680850345743512,-0.144168661542168,0.043,0.044,1
"ABI3BP","ABI3BP",0.680984561760424,-0.110907339485891,0.016,0.016,1
"ABCD2","ABCD2",0.685307852967925,0.274031477957632,0.02,0.019,1
"ENSG00000259986","ENSG00000259986",0.685827959326446,0.145353946369653,0.029,0.028,1
"SPRYD4","SPRYD4",0.685841244361195,-0.108299246058813,0.034,0.035,1
"LOC105370921","LOC105370921",0.689590531079349,0.21122625497211,0.03,0.029,1
"PBX2","PBX2",0.690196612756317,0.143921994939228,0.074,0.073,1
"TSPAN9","TSPAN9",0.691115909566573,0.235826924860582,0.037,0.036,1
"EPCAM-DT","EPCAM-DT",0.691411526191612,0.238602749559205,0.285,0.301,1
"TBL2","TBL2",0.692818953668734,-0.247963645486861,0.03,0.031,1
"CPLX2","CPLX2",0.695834718616244,-0.133773630115034,0.01,0.01,1
"ENSG00000256637","ENSG00000256637",0.698781351239578,-0.143183140506967,0.01,0.01,1
"MRM1","MRM1",0.698786381452845,0.132099301555741,0.02,0.019,1
"SYCE1L","SYCE1L",0.699646287132679,0.366818063438272,0.013,0.012,1
"CCDC32","CCDC32",0.699789465962497,0.125303871864507,0.11,0.109,1
"NKAIN4","NKAIN4",0.701434029435645,0.115313252763717,0.038,0.039,1
"EMID1","EMID1",0.70345085246006,0.119025541318829,0.071,0.069,1
"MED1","MED1",0.70419617958042,0.125097574441936,0.112,0.11,1
"ZNF696","ZNF696",0.70561000294957,0.231142426356517,0.017,0.018,1
"ENSG00000276529","ENSG00000276529",0.706050682625014,-0.125216329332784,0.012,0.012,1
"MT2A","MT2A",0.707593783691241,0.144273396542115,0.267,0.273,1
"CCNT1","CCNT1",0.70802741042359,0.136890127939032,0.132,0.131,1
"TCF24","TCF24",0.708094995082801,-0.167085823851381,0.012,0.013,1
"CYP4F26P","CYP4F26P",0.709072232722324,0.138187454509037,0.011,0.011,1
"PPOX","PPOX",0.709689497531072,0.136049170879121,0.047,0.048,1
"SRPRA","SRPRA",0.710635967711613,0.102433799835262,0.068,0.069,1
"VWA3A","VWA3A",0.715237622583564,-0.220284331163782,0.01,0.009,1
"MYL6B","MYL6B",0.71607991449454,0.149369006265831,0.047,0.046,1
"AURKA","AURKA",0.716717317242583,0.24983248843379,0.011,0.011,1
"DNAH8","DNAH8",0.719868410173095,0.118187742231477,0.012,0.012,1
"LCMT2","LCMT2",0.72036940836965,0.193751966420142,0.014,0.014,1
"STON2","STON2",0.720661347294893,0.173778108557903,0.09,0.092,1
"PKP4-AS1","PKP4-AS1",0.720721337395138,-0.15492506481952,0.022,0.023,1
"MRPL46","MRPL46",0.723623102268912,0.10471666591166,0.038,0.037,1
"CALCB","CALCB",0.724227559550382,0.205882860169974,0.027,0.028,1
"MROH7-TTC4","MROH7-TTC4",0.724332230915784,0.106666889693907,0.015,0.015,1
"TNFRSF25","TNFRSF25",0.725348422494455,0.165627192636133,0.01,0.01,1
"PIWIL4","PIWIL4",0.726658297002126,0.134365002524266,0.107,0.11,1
"MSANTD3-TMEFF1","MSANTD3-TMEFF1",0.727465796231293,0.142137070983653,0.032,0.032,1
"AHRR","AHRR",0.728000471463576,0.136995139819148,0.013,0.012,1
"ENSG00000250222","ENSG00000250222",0.728375831671339,-0.159285899004749,0.015,0.016,1
"LINC00871","LINC00871",0.732711691807109,0.389389848319843,0.012,0.011,1
"MPV17L2","MPV17L2",0.733354360596281,-0.127715968319706,0.015,0.016,1
"MRPS26","MRPS26",0.733654181823924,0.124259732497156,0.097,0.096,1
"RTL8B","RTL8B",0.735065852219784,-0.128649981277724,0.021,0.021,1
"JAG1","JAG1",0.737686787722487,0.123166118900514,0.036,0.036,1
"A2M-AS1","A2M-AS1",0.737904479085302,-0.101608748543736,0.025,0.025,1
"SHANK1","SHANK1",0.738139961348359,-0.225795249723952,0.012,0.012,1
"CBLL1","CBLL1",0.738408431963754,0.114406510024298,0.081,0.08,1
"ENSG00000267059","ENSG00000267059",0.739636268817258,0.151734460340394,0.012,0.012,1
"ZNF212","ZNF212",0.73989565445428,0.134131969454167,0.047,0.046,1
"ASIP","ASIP",0.739924453129055,0.175708303982457,0.016,0.016,1
"ENSG00000228439","ENSG00000228439",0.741606502410852,0.111675697272657,0.032,0.032,1
"CSTF2","CSTF2",0.741752275235587,-0.154565262872295,0.025,0.026,1
"RPH3AL","RPH3AL",0.742478146362116,0.143277460268666,0.027,0.026,1
"ENSG00000273576","ENSG00000273576",0.744031429598041,0.301612241047884,0.011,0.01,1
"NUFIP1","NUFIP1",0.744087690123907,0.105573756944227,0.056,0.058,1
"ZNF485","ZNF485",0.745774459183096,-0.204768011569939,0.022,0.022,1
"CDK5RAP1","CDK5RAP1",0.746998727609325,0.107226554064243,0.152,0.152,1
"COL5A3","COL5A3",0.747267595771727,0.166014506852258,0.019,0.019,1
"KCTD5","KCTD5",0.747558827638575,0.13703915731715,0.069,0.068,1
"TIPRL","TIPRL",0.747858531687865,0.125536204129429,0.117,0.119,1
"CCDC159","CCDC159",0.750710748735902,0.10542767978758,0.079,0.078,1
"ENSG00000278766","ENSG00000278766",0.750903551837849,0.1981223147888,0.011,0.01,1
"ZSWIM3","ZSWIM3",0.75140239492493,0.187377949729964,0.032,0.031,1
"PHKG1","PHKG1",0.753624284746292,0.125870548559581,0.046,0.045,1
"ANKRD35","ANKRD35",0.753801929818196,-0.126481408071225,0.014,0.015,1
"LCAT","LCAT",0.755557082879602,0.167680838261289,0.023,0.022,1
"ENSG00000285454","ENSG00000285454",0.755682016696025,-0.17589114451826,0.012,0.013,1
"STARD4-AS1","STARD4-AS1",0.756045020000941,0.107959784287648,0.013,0.012,1
"UFM1","UFM1",0.75660131879636,0.113543517773569,0.178,0.178,1
"PRDX3","PRDX3",0.757331722496228,0.102212141996325,0.084,0.083,1
"TVP23A","TVP23A",0.757907362854492,0.144972143760448,0.054,0.053,1
"RARG","RARG",0.760303858786391,0.260034539662051,0.015,0.015,1
"CAAP1","CAAP1",0.76074217649329,0.158244165598254,0.145,0.145,1
"XKR8","XKR8",0.762651632519445,0.22719676546099,0.025,0.024,1
"ENSG00000260578","ENSG00000260578",0.76451948278196,0.131127102633088,0.029,0.029,1
"GPR17","GPR17",0.768707726605518,0.232605263871972,0.063,0.064,1
"DHX8","DHX8",0.769706877220601,0.121859883494743,0.127,0.126,1
"IL10RB","IL10RB",0.770302946121613,0.15768609775628,0.01,0.01,1
"ERCC2","ERCC2",0.770389853183555,0.158685663577147,0.047,0.046,1
"ENSG00000236200","ENSG00000236200",0.7718758992365,0.243798950477562,0.013,0.012,1
"CANT1","CANT1",0.772346916564308,0.127835053554465,0.07,0.069,1
"RASIP1","RASIP1",0.772407070558882,-0.125153295353962,0.012,0.013,1
"FAM47E","FAM47E",0.774120064581015,0.100655501546679,0.014,0.014,1
"QARS1","QARS1",0.774351781519464,0.115693825379589,0.05,0.051,1
"VCAN","VCAN",0.774549949255496,0.220978597372664,0.167,0.174,1
"CLBA1","CLBA1",0.775040033871035,-0.185725682356624,0.01,0.009,1
"GARRE1","GARRE1",0.776720761914915,0.101857281496508,0.267,0.27,1
"GRIP1","GRIP1",0.778337405327036,0.185115943204467,0.119,0.122,1
"FHL1","FHL1",0.780308937810839,0.134383083392149,0.057,0.059,1
"BRIX1","BRIX1",0.784851892454962,0.108089118767366,0.055,0.055,1
"STARD3NL","STARD3NL",0.786030784017696,0.110626608370717,0.116,0.119,1
"DSN1","DSN1",0.78670564365227,0.19117288849345,0.024,0.023,1
"LOC101928053","LOC101928053",0.787045110038313,-0.100829120948762,0.016,0.016,1
"SPART-AS1","SPART-AS1",0.789867639094149,0.127659907807741,0.036,0.035,1
"MIR4300HG","MIR4300HG",0.791226772002741,0.132553147558781,0.093,0.092,1
"RBPMS","RBPMS",0.791306097975512,0.211563045935182,0.01,0.01,1
"EIF4A1","EIF4A1",0.79137617865697,0.161012734192497,0.117,0.117,1
"PATZ1","PATZ1",0.791711166878375,0.122479347600799,0.087,0.087,1
"GPR156","GPR156",0.792592423504443,0.116045054885655,0.015,0.015,1
"FANCA","FANCA",0.793516969471299,0.164088828742424,0.024,0.024,1
"DGKB","DGKB",0.794198437781109,0.107408968255964,0.082,0.081,1
"MRPL4","MRPL4",0.794867126739534,0.160978402127292,0.069,0.068,1
"PCYOX1","PCYOX1",0.795145310928217,0.115374490421769,0.121,0.121,1
"ZBTB14","ZBTB14",0.79789254154417,0.140571476129684,0.029,0.029,1
"ENSG00000242798","ENSG00000242798",0.798422798129112,0.121934948481896,0.013,0.013,1
"MTMR9","MTMR9",0.799216454287428,0.100557877094878,0.228,0.23,1
"ENSG00000248515","ENSG00000248515",0.801132502268971,0.182232666980641,0.047,0.047,1
"CCDC178","CCDC178",0.801230038465487,-0.124474774273527,0.012,0.012,1
"DKK2","DKK2",0.801312787960552,0.234793156364636,0.012,0.012,1
"SV2C","SV2C",0.803146507366484,-0.116444455556192,0.012,0.011,1
"TSPYL4","TSPYL4",0.803447209083662,0.100596612482303,0.063,0.063,1
"KHK","KHK",0.806961460489199,-0.211028720073641,0.018,0.017,1
"LINC02128","LINC02128",0.808801326362987,0.109463351632089,0.01,0.01,1
"JADE3","JADE3",0.808994535361308,0.137247618547547,0.157,0.157,1
"CCNDBP1","CCNDBP1",0.809301526187935,0.15667399985116,0.094,0.094,1
"PDZD11","PDZD11",0.809543268530632,0.212051221017195,0.02,0.02,1
"DLGAP2","DLGAP2",0.810851738183228,-0.338009153069459,0.043,0.043,1
"MOCS2-DT","MOCS2-DT",0.815638058022293,-0.228646930050369,0.013,0.013,1
"ZNF362","ZNF362",0.817974702644008,0.11613528903982,0.146,0.149,1
"MTA2","MTA2",0.820998036731137,0.146008310909308,0.033,0.032,1
"CEP120","CEP120",0.822189979086742,0.112522208965819,0.142,0.142,1
"EBP","EBP",0.824288904862758,0.237830231684827,0.031,0.03,1
"MYNN","MYNN",0.825378563579375,0.210721071334448,0.062,0.062,1
"CHAF1B","CHAF1B",0.826155811126948,-0.113501399710243,0.01,0.009,1
"ENSG00000244036","ENSG00000244036",0.826543108714617,0.186635301099582,0.015,0.014,1
"ARMCX1","ARMCX1",0.830468926741703,0.126649102600319,0.032,0.032,1
"RAI2","RAI2",0.830671865723337,0.3151796933392,0.017,0.018,1
"ZNF776","ZNF776",0.831638817919943,-0.125588620612989,0.03,0.03,1
"NPHS1","NPHS1",0.834511618049428,0.123521374369671,0.013,0.014,1
"USP6","USP6",0.835159199039501,0.18193869326007,0.039,0.038,1
"UQCR10","UQCR10",0.83779580048759,0.101952572480017,0.155,0.158,1
"PCYT1A","PCYT1A",0.840090279340263,0.14533463101364,0.099,0.101,1
"LOC105377797","LOC105377797",0.840312057883602,-0.161593713922018,0.01,0.011,1
"ZNF550","ZNF550",0.841006590097839,0.150998377389488,0.027,0.027,1
"WTIP","WTIP",0.845181789560568,0.271146724216712,0.011,0.01,1
"OSCP1","OSCP1",0.845258491722661,0.115497117952184,0.024,0.023,1
"ENSG00000260495","ENSG00000260495",0.845295259317589,0.21063987422477,0.014,0.014,1
"COPZ2","COPZ2",0.845677519478536,0.133755889946929,0.012,0.012,1
"LOC730098","LOC730098",0.848369847376358,0.120923445635316,0.01,0.01,1
"EPAS1","EPAS1",0.848780542832784,0.155855666982564,0.043,0.043,1
"ENSG00000271949","ENSG00000271949",0.849767687173361,0.127463782938288,0.019,0.02,1
"ENSG00000242021","ENSG00000242021",0.850002900854147,0.50368893172528,0.01,0.01,1
"ACCS","ACCS",0.85165249923356,0.164589018230799,0.029,0.029,1
"DCLRE1B","DCLRE1B",0.852192343270463,0.109137656814617,0.01,0.01,1
"NRG4","NRG4",0.852682062763731,0.271432523233963,0.014,0.014,1
"LOC101929577","LOC101929577",0.852971405440592,-0.110822316452881,0.011,0.011,1
"PTGES2","PTGES2",0.853046323224102,0.117074522909099,0.056,0.057,1
"RHOBTB3","RHOBTB3",0.854211194903705,0.125966106408765,0.397,0.414,1
"TAMALIN","TAMALIN",0.85664523222353,-0.132981578299818,0.014,0.014,1
"CNTROB","CNTROB",0.857560712483379,0.133775756006007,0.045,0.045,1
"FLACC1","FLACC1",0.857882333200112,0.246621388745899,0.031,0.031,1
"ZNF282","ZNF282",0.85817363937238,0.156009611870501,0.076,0.077,1
"LAMTOR3","LAMTOR3",0.86208426256376,0.13463033772401,0.057,0.057,1
"FBXO48","FBXO48",0.862636339759142,0.250402561322329,0.014,0.014,1
"ASAP3","ASAP3",0.862848197666148,0.117565708326871,0.05,0.049,1
"B3GALNT2","B3GALNT2",0.863355401663999,0.137603223898861,0.122,0.124,1
"ENSG00000251357","ENSG00000251357",0.863662506515528,-0.245505427729636,0.013,0.014,1
"PWP1","PWP1",0.864357835144973,0.119105826066496,0.121,0.124,1
"USP46","USP46",0.866722928165472,0.131239972656134,0.103,0.103,1
"SCNN1D","SCNN1D",0.867018191773782,-0.108461047003257,0.028,0.028,1
"PANK3","PANK3",0.870319857889268,0.115990365474156,0.218,0.221,1
"CCNP","CCNP",0.870503188309359,0.224936149630009,0.011,0.01,1
"CENPL","CENPL",0.870867143542903,0.166654002245433,0.011,0.011,1
"CENPE","CENPE",0.870969784895694,0.342620260005049,0.016,0.016,1
"ENSG00000250421","ENSG00000250421",0.872071575529692,0.24806169852068,0.013,0.013,1
"ZNF501","ZNF501",0.872400145103443,0.262951980522396,0.017,0.017,1
"NIP7","NIP7",0.873821376690534,0.181900798479542,0.023,0.023,1
"GALNT3","GALNT3",0.87398051448521,0.186434640391175,0.016,0.015,1
"PCDHB4","PCDHB4",0.874617150169648,0.155279344265412,0.032,0.032,1
"PAPPA","PAPPA",0.876185036736054,-0.130280774857352,0.013,0.014,1
"OPA3","OPA3",0.879059114125419,0.120556907419501,0.057,0.057,1
"TRIP4","TRIP4",0.879968638976357,0.106876345897039,0.16,0.163,1
"NIF3L1","NIF3L1",0.879990518876583,0.106718752993397,0.039,0.039,1
"BAG1","BAG1",0.88002773171097,0.119086999219959,0.057,0.057,1
"RGMA","RGMA",0.88071708948023,0.146446410400192,0.022,0.022,1
"ENSG00000232006","ENSG00000232006",0.882255525629948,0.136501756078637,0.023,0.024,1
"CDH22","CDH22",0.882647157868794,0.114968891570722,0.025,0.024,1
"FGF2","FGF2",0.883338304074562,0.177534378891972,0.076,0.076,1
"ACTR6","ACTR6",0.883340751529785,0.100449084787918,0.085,0.086,1
"VSX1","VSX1",0.88389584835779,-0.141614283262848,0.04,0.041,1
"DMAC2","DMAC2",0.884474282091009,0.13338842245101,0.041,0.041,1
"ENSG00000273382","ENSG00000273382",0.885199654671269,-0.174693710309996,0.012,0.013,1
"EIF3M","EIF3M",0.886722465768571,0.104248953095371,0.142,0.143,1
"LINC01085","LINC01085",0.887026863838409,0.178241636455411,0.081,0.081,1
"SLC6A16","SLC6A16",0.889222784266536,0.16980677039439,0.017,0.017,1
"ENSG00000259076","ENSG00000259076",0.889714367365393,-0.103053776329189,0.011,0.011,1
"P3H3","P3H3",0.890188144948804,0.156295047069238,0.016,0.016,1
"ENSG00000261775","ENSG00000261775",0.890641067016973,0.183873748139988,0.042,0.042,1
"TUFT1","TUFT1",0.891021129515891,0.223586557056535,0.023,0.023,1
"MRGBP","MRGBP",0.892026378971116,0.142115161834895,0.031,0.03,1
"SLC46A3","SLC46A3",0.893283788402943,0.203555866498493,0.103,0.105,1
"LINC02955","LINC02955",0.895081248929008,-0.158839036676925,0.014,0.015,1
"ECM2","ECM2",0.899907851101919,0.237151410909952,0.011,0.011,1
"ZNF519","ZNF519",0.900916460613005,0.120675546735162,0.091,0.091,1
"TOP3A","TOP3A",0.9015668906169,0.106754608071578,0.097,0.098,1
"CCDC71","CCDC71",0.902134660817855,0.113423370240225,0.014,0.014,1
"TSPAN19","TSPAN19",0.902531044986803,0.141886220637835,0.017,0.018,1
"PHB2","PHB2",0.902982240383564,0.108279573326442,0.084,0.084,1
"ENSG00000263958","ENSG00000263958",0.90397342020175,0.117771603326788,0.01,0.01,1
"GALNT18","GALNT18",0.905762588920343,0.248832055178061,0.053,0.053,1
"CCP110","CCP110",0.907526940508051,0.23993221129201,0.452,0.493,1
"NFKBIB","NFKBIB",0.908732411010403,0.115509381949323,0.059,0.059,1
"CCDC9","CCDC9",0.910062317543183,0.107984219307789,0.014,0.014,1
"ALDH3A2","ALDH3A2",0.912534218780706,0.12467624931805,0.192,0.193,1
"ENSG00000266288","ENSG00000266288",0.914590481253498,0.253199031323456,0.015,0.015,1
"ALDH1L1-AS2","ALDH1L1-AS2",0.915463336728625,0.161560830773615,0.024,0.024,1
"LINC00106","LINC00106",0.916756928640946,0.1649383481713,0.059,0.059,1
"ENSG00000259475","ENSG00000259475",0.916799088690717,-0.104823513153624,0.028,0.028,1
"ZDHHC4","ZDHHC4",0.916913847726803,0.136276146323587,0.038,0.039,1
"HARS2","HARS2",0.918382881929544,0.111971454250496,0.034,0.035,1
"FRMPD1","FRMPD1",0.921270655113197,0.11092362195651,0.032,0.032,1
"GUCY1B1","GUCY1B1",0.921887636532748,0.129655302779959,0.044,0.044,1
"ENSG00000228918","ENSG00000228918",0.924212063345096,-0.181451119461971,0.021,0.022,1
"ENSG00000232725","ENSG00000232725",0.925692473087579,-0.256975750680406,0.012,0.012,1
"NRG1","NRG1",0.926046234600634,0.113138334570854,0.045,0.045,1
"KCNK1","KCNK1",0.926217929715461,0.142561494201276,0.243,0.249,1
"PRELID3B","PRELID3B",0.928657850487922,0.20459440169404,0.037,0.037,1
"DFFA","DFFA",0.931928772356724,0.102398383275998,0.139,0.141,1
"DCN","DCN",0.93319049731487,0.208351738405029,0.013,0.013,1
"ENSG00000262633","ENSG00000262633",0.933283430961076,0.121692664297401,0.1,0.102,1
"ENSG00000236358","ENSG00000236358",0.9339161790054,0.225630133174021,0.022,0.023,1
"TNR","TNR",0.936348534741006,-0.171015665262391,0.184,0.179,1
"PDE7B","PDE7B",0.937622860830541,0.146619787359419,0.134,0.136,1
"CRAT","CRAT",0.937904363679788,0.211972354302121,0.039,0.039,1
"FGF13","FGF13",0.938601049091484,0.231065757766749,0.019,0.02,1
"ABCE1","ABCE1",0.938628875595272,0.107474934597586,0.164,0.166,1
"RRP36","RRP36",0.939529269465147,0.139635817117657,0.099,0.1,1
"MRPS12","MRPS12",0.940006630398487,0.157694000698239,0.037,0.037,1
"EIF2AK3","EIF2AK3",0.941789290469608,0.112041963623104,0.148,0.148,1
"MAPK12","MAPK12",0.943478233712931,0.202739272352426,0.012,0.012,1
"EFCAB10","EFCAB10",0.943550871408039,0.145398728723348,0.021,0.021,1
"LINC01483","LINC01483",0.943931304875444,0.182475401072976,0.014,0.014,1
"ERG28","ERG28",0.946468465431236,0.114700810840302,0.076,0.076,1
"ZEB2-AS1","ZEB2-AS1",0.948554047617851,0.140632132913415,0.017,0.017,1
"VPS37D","VPS37D",0.949044715534159,-0.162008134935653,0.011,0.011,1
"TAF13","TAF13",0.949696559326892,0.136569675107883,0.061,0.061,1
"TMEM169","TMEM169",0.950888481785985,0.101454530824716,0.053,0.054,1
"TPRA1","TPRA1",0.952759332692359,0.119204413765825,0.062,0.063,1
"ORMDL3","ORMDL3",0.953893480485164,-0.139984674505232,0.024,0.024,1
"FANCD2","FANCD2",0.954450841256704,0.21882065324131,0.024,0.024,1
"PRMT5-DT","PRMT5-DT",0.954887064034075,0.111293486812556,0.028,0.029,1
"PEBP4","PEBP4",0.955996181421177,0.385198511054286,0.015,0.015,1
"TBL3","TBL3",0.956006264329328,-0.161394043869246,0.026,0.026,1
"ENSG00000261103","ENSG00000261103",0.959715144864586,0.142201490259815,0.016,0.016,1
"TMEM132E","TMEM132E",0.960264334953043,0.142239187915226,0.014,0.014,1
"UBC","UBC",0.961233213119101,0.14237785494439,0.455,0.469,1
"ENSG00000249085","ENSG00000249085",0.961618331708891,0.159456234882494,0.012,0.012,1
"NT5E","NT5E",0.962279207089998,-0.105457395406916,0.025,0.025,1
"SVBP","SVBP",0.962383283762218,0.120932372561353,0.04,0.04,1
"ENSG00000267198","ENSG00000267198",0.964053728881976,-0.138529230682852,0.011,0.011,1
"OBI1","OBI1",0.967927213785254,0.194964630968851,0.094,0.096,1
"GON7","GON7",0.968360731150577,0.134572404747987,0.019,0.019,1
"SYCE2","SYCE2",0.968579293120287,-0.123868212980252,0.027,0.027,1
"TIGD5","TIGD5",0.97147019098645,-0.121575014096402,0.021,0.02,1
"ST6GAL2","ST6GAL2",0.97183300981955,0.126564628847936,0.071,0.071,1
"NDUFA2","NDUFA2",0.972551521055099,0.161562767484877,0.085,0.085,1
"ZCCHC10","ZCCHC10",0.972987120677929,0.139163057180075,0.091,0.091,1
"ENC1","ENC1",0.974282807787999,0.205809309588106,0.018,0.018,1
"ACHE","ACHE",0.975042129220283,-0.118811651245024,0.019,0.019,1
"RIPOR2","RIPOR2",0.976132589556269,0.274005232399646,0.034,0.034,1
"GPR89B","GPR89B",0.977308604838305,0.156768692649227,0.09,0.091,1
"ENSG00000251670","ENSG00000251670",0.982373299493679,0.181092950657634,0.01,0.01,1
"LINC01036","LINC01036",0.98365838354483,0.183049198047272,0.032,0.032,1
"EXOSC5","EXOSC5",0.9842539216719,-0.121955767789672,0.039,0.039,1
"ENSG00000259543","ENSG00000259543",0.989185148516599,-0.104421841203065,0.013,0.013,1
"TH2LCRR","TH2LCRR",0.989456381044979,0.12300308712984,0.022,0.022,1
"ENSG00000263603","ENSG00000263603",0.989653801366488,0.201535980481921,0.03,0.031,1
"ZKSCAN2-DT","ZKSCAN2-DT",0.989850864725686,0.118537340125608,0.038,0.039,1
"GM2A","GM2A",0.990954899231848,0.160266356526833,0.095,0.095,1
"ENSG00000258631","ENSG00000258631",0.991151773966243,-0.297023078257427,0.012,0.012,1
"MOV10","MOV10",0.993316614694911,0.101902234274428,0.054,0.054,1
"ENSG00000225964","ENSG00000225964",0.993672418962872,0.264307875883366,0.009,0.01,1
"NQO1-DT","NQO1-DT",0.99450289237491,0.187762223278362,0.034,0.035,1
"CASP2","CASP2",0.99528644603247,0.132512178272135,0.089,0.09,1
"DDAH1","DDAH1",0.99532257551552,0.143763914569742,0.083,0.083,1
"PDPR","PDPR",0.999500944788171,0.109333027721216,0.226,0.231,1
