"","Gene_Symbol","p_val","avg_log2FC","pct.1","pct.2","p_val_adj"
"NEAT1","NEAT1",0,1.24199678686269,0.991,0.965,0
"MSRA","MSRA",1.0534058998643e-248,2.25897671485082,0.61,0.194,2.81649135446717e-244
"SLC35F3","SLC35F3",6.73771245006882e-226,2.38184112454975,0.533,0.146,1.8014621777749e-221
"SLC39A11","SLC39A11",1.41077226853007e-217,0.938699101064021,0.961,0.855,3.77198181436885e-213
"CDKL1","CDKL1",6.05208328282128e-215,1.77188464273735,0.688,0.32,1.61814550732793e-210
"SLC38A2","SLC38A2",1.28657688494631e-181,1.46478932926374,0.722,0.417,3.43992061728095e-177
"USP31","USP31",1.89130384086663e-174,1.22934771668099,0.82,0.573,5.0567790793251e-170
"POLR2F","POLR2F",2.74880089484658e-174,-1.06349575609158,0.678,0.897,7.34946895255129e-170
"PLEKHH1","PLEKHH1",6.50579825797736e-173,-0.715708911936231,0.88,0.967,1.73945528023541e-168
"ERBIN","ERBIN",1.53316393697294e-172,0.741906942693388,0.987,0.973,4.09922041828454e-168
"ENSG00000283486","ENSG00000283486",9.68314840852311e-172,1.47348082471644,0.705,0.375,2.58898338998682e-167
"TPD52L1","TPD52L1",6.72113496323711e-166,4.97044328742799,0.226,0.008,1.79702985512071e-161
"SIK3","SIK3",5.32388301995957e-165,-0.632419062204544,0.977,0.989,1.42344660304659e-160
"PPP2R2B","PPP2R2B",5.60101008244809e-162,-0.71663064038964,0.967,0.985,1.49754206574415e-157
"ENSG00000285106","ENSG00000285106",3.61767637205235e-160,0.914816898446384,0.948,0.879,9.67258131595636e-156
"MOBP","MOBP",2.41163561057784e-159,-0.754887080271621,0.924,0.979,6.44799013200198e-155
"ANK2","ANK2",2.3857334152294e-151,-0.679344944715734,0.936,0.976,6.37873543229885e-147
"SLC44A1","SLC44A1",3.33314228419384e-150,0.475606637887063,0.999,0.996,8.91182252524907e-146
"MIR219A2HG","MIR219A2HG",9.28368677871268e-147,-1.45103840978715,0.523,0.763,2.48217933402441e-142
"ANKRD18A","ANKRD18A",1.37767627335944e-131,1.1767380593852,0.697,0.395,3.68349305208115e-127
"TP53TG5","TP53TG5",1.28085955646897e-128,-1.3847315586391,0.369,0.647,3.42463419613109e-124
"TMPRSS5","TMPRSS5",1.50324211067467e-128,1.95694912571253,0.403,0.132,4.01921843131086e-124
"GRID2","GRID2",1.51135912909619e-126,1.03770913707689,0.667,0.323,4.04092090346449e-122
"CIRBP","CIRBP",3.60104186027902e-126,-1.25910965033928,0.367,0.654,9.62810562182801e-122
"KCNH8","KCNH8",6.06001032470501e-125,-0.829578727285033,0.798,0.911,1.62026496051638e-120
"CARNS1","CARNS1",6.31096016828649e-124,-0.895655144060729,0.637,0.849,1.68736142019476e-119
"HSPA1A","HSPA1A",1.021637317848e-119,1.54129165731585,0.616,0.338,2.7315516967302e-115
"FKBP5","FKBP5",1.44152092910279e-119,0.979493741938698,0.833,0.644,3.85419450814212e-115
"ANK3","ANK3",1.52237186606441e-116,-0.754120827682047,0.922,0.96,4.07036565829642e-112
"TRIM2","TRIM2",6.31506364956498e-114,-0.575797046953669,0.949,0.98,1.68845856798419e-109
"PTK2","PTK2",7.44192631853146e-114,-0.555892265239176,0.929,0.966,1.98974783978576e-109
"JAKMIP3","JAKMIP3",7.90931073234082e-114,1.06121080610682,0.726,0.494,2.11471241050597e-109
"ENSG00000243444","ENSG00000243444",5.19923226701415e-112,-1.12747834353616,0.492,0.733,1.39011873123157e-107
"PTPRD","PTPRD",3.88425217466119e-111,-0.394125580060449,0.991,0.995,1.03853250393916e-106
"FBXO2","FBXO2",1.93430147070406e-109,2.43282683648269,0.253,0.051,5.17174184222145e-105
"DPP6","DPP6",2.39488066520234e-108,0.933034858613896,0.815,0.576,6.40319243455149e-104
"FMO5","FMO5",2.15990130912725e-107,1.99141542747838,0.392,0.151,5.77492813021352e-103
"PEX5L","PEX5L",2.32541499014414e-106,0.476332094383538,0.997,0.986,6.21746205914837e-102
"ASTN2","ASTN2",1.53047470292608e-105,-1.1803864152698,0.432,0.679,4.09203021321347e-101
"FBXO32","FBXO32",1.0212534746802e-103,1.03921910604207,0.69,0.438,2.73052541525245e-99
"CHORDC1","CHORDC1",2.69518391284082e-101,1.6040401952473,0.429,0.181,7.2061132277625e-97
"ANLN","ANLN",2.48491130565139e-98,0.586876448643002,0.938,0.843,6.64390735792012e-94
"FANCC","FANCC",1.06926142815302e-97,1.46047375725778,0.432,0.183,2.85888428045272e-93
"MIR4527HG","MIR4527HG",1.56458201260682e-97,3.09473734535789,0.203,0.033,4.18322292710686e-93
"SEM1","SEM1",3.66096083623296e-97,1.14619152895056,0.617,0.366,9.78831098783605e-93
"CPQ","CPQ",1.41962830391571e-96,0.802782708698907,0.848,0.703,3.79566019617943e-92
"SORL1","SORL1",5.02586322065679e-93,0.882945551292843,0.738,0.509,1.34376504930701e-88
"NAALADL2","NAALADL2",5.36733764429419e-93,-0.976123631653116,0.537,0.76,1.43506506595494e-88
"HSPH1","HSPH1",5.52925852280666e-93,1.71652126594333,0.385,0.157,1.47835785124282e-88
"PDE4DIP","PDE4DIP",8.76456234943252e-93,0.848563086897418,0.789,0.618,2.34338103536777e-88
"MAP2K4","MAP2K4",1.90965905154779e-92,0.826362348290081,0.768,0.555,5.10585540612334e-88
"S100A6","S100A6",4.03445052450535e-92,2.81186874216109,0.219,0.046,1.078691036737e-87
"PPFIA2","PPFIA2",1.72945744752225e-89,-1.07509576085435,0.422,0.658,4.62405037744025e-85
"QDPR","QDPR",2.23619599407162e-89,0.620320849573037,0.942,0.882,5.97891722934929e-85
"ZFYVE16","ZFYVE16",4.3676460233764e-89,-0.667135090715737,0.739,0.873,1.16777751727015e-84
"PLCL1","PLCL1",1.14989384255107e-87,0.490132978179471,0.991,0.979,3.07447116682881e-83
"CAB39L","CAB39L",3.54359145487303e-87,1.33761719318092,0.443,0.207,9.47450047289401e-83
"PDE8A","PDE8A",5.56176649586924e-87,-0.50713459270455,0.922,0.969,1.48704950800056e-82
"LSS","LSS",2.43737686720771e-86,0.803981518317503,0.803,0.643,6.51681452985325e-82
"ZMYND8","ZMYND8",1.51519302215362e-84,0.897005715784136,0.794,0.643,4.05117158333212e-80
"SEPTIN8","SEPTIN8",2.23842186467366e-84,0.840270805372745,0.767,0.597,5.98486853957797e-80
"MRPS6","MRPS6",3.39951421026489e-84,2.72079209477624,0.168,0.024,9.08928114398525e-80
"TLE4","TLE4",1.92991352568661e-83,0.777883691873196,0.82,0.664,5.16000979362828e-79
"RBM48","RBM48",2.1458199959078e-83,1.46520546110954,0.392,0.167,5.73727892305869e-79
"PHLDB1","PHLDB1",5.54856462980504e-83,-0.659037173910176,0.729,0.857,1.48351972507097e-78
"LGR4","LGR4",1.43764357042701e-82,1.18329841667894,0.489,0.248,3.84382761425069e-78
"HSP90AA1","HSP90AA1",2.51068340917048e-82,0.659150132640664,0.939,0.889,6.7128142310991e-78
"SLC7A11","SLC7A11",2.4374250713814e-81,2.06072800737019,0.257,0.076,6.51694341335245e-77
"LINC01608","LINC01608",6.83626300158355e-80,-1.02910861152108,0.44,0.659,1.82781163873339e-75
"SEMA3B","SEMA3B",1.60474758646062e-79,-0.797150983256715,0.582,0.754,4.29061362191976e-75
"LRP1B","LRP1B",1.23251237674555e-78,0.486281004080551,0.962,0.877,3.29536834170458e-74
"FDFT1","FDFT1",2.12221175875316e-78,1.06451126871006,0.622,0.412,5.67415757937832e-74
"CLMN","CLMN",3.93802074977058e-78,0.47607762601562,0.97,0.938,1.05290860786616e-73
"IL1RAPL1","IL1RAPL1",9.15295233589825e-78,-0.352167280799644,0.99,0.994,2.44722486604912e-73
"SELENOP","SELENOP",3.58148030897452e-77,0.902197609451271,0.813,0.718,9.57580390210516e-73
"SPOCK1","SPOCK1",2.80545173053467e-76,-0.494754327590877,0.902,0.97,7.50093629193054e-72
"OLMALINC","OLMALINC",2.86892643911585e-76,0.880925746374642,0.748,0.58,7.67064862026406e-72
"PLXDC2","PLXDC2",4.36126872699649e-76,-1.38093672777001,0.252,0.477,1.16607241953705e-71
"PTGES3","PTGES3",4.50374230732344e-76,1.03921424485859,0.579,0.368,1.20416558070907e-71
"NFKBIZ","NFKBIZ",2.56795122805704e-75,1.12451806340831,0.526,0.301,6.8659311984561e-71
"CTNNA3","CTNNA3",1.40737933347507e-73,-0.315629778615612,0.994,0.996,3.7629101239123e-69
"ANAPC16","ANAPC16",2.40277364541282e-73,0.884770949307494,0.642,0.428,6.42429589574024e-69
"ATP1B1","ATP1B1",5.82575822746229e-73,0.62119573125785,0.893,0.809,1.55763297727659e-68
"OPALIN","OPALIN",5.8296844119963e-73,-2.12694407855227,0.088,0.282,1.55868272123545e-68
"PNISR","PNISR",7.01551305534089e-73,0.646335830153302,0.836,0.693,1.87573772560649e-68
"LUCAT1","LUCAT1",8.61791462926283e-73,2.5077287143031,0.16,0.027,2.304171834426e-68
"CCP110","CCP110",1.32102709137732e-72,0.721983002476654,0.789,0.639,3.53203013421555e-68
"CEDORA","CEDORA",2.03109674506242e-72,0.619957561372938,0.842,0.698,5.43054336727339e-68
"GIPR","GIPR",2.3650809856642e-72,1.9836501124757,0.223,0.062,6.32351703137038e-68
"ADARB2","ADARB2",2.97872524126324e-71,0.725070091683801,0.766,0.585,7.96421767756553e-67
"MRAS","MRAS",4.74553689588227e-71,1.76594785901022,0.271,0.094,1.26881419985204e-66
"OGFRL1","OGFRL1",6.44335404118208e-71,3.02653390319495,0.195,0.05,1.72275956999085e-66
"PPA1","PPA1",1.53578425267286e-70,1.02591776698661,0.64,0.459,4.10622635637142e-66
"IRAK2","IRAK2",1.75233838182739e-70,1.15711715603625,0.483,0.266,4.6852271314919e-66
"PLOD3","PLOD3",3.17642836861986e-70,1.18772296706959,0.454,0.238,8.49281652917893e-66
"PRKX","PRKX",4.23052804412289e-70,1.14112881349028,0.482,0.266,1.13111628315714e-65
"TMT1A","TMT1A",1.44613405045659e-69,1.28248197601421,0.407,0.203,3.86652861070579e-65
"SLC25A18","SLC25A18",1.9142515104933e-69,1.94150669477772,0.215,0.06,5.11813426360593e-65
"HSPA1B","HSPA1B",2.5393480899617e-69,1.61524291330219,0.308,0.124,6.7894549881306e-65
"SCD5","SCD5",1.1494485989612e-68,-0.521931706229022,0.835,0.915,3.07328071904257e-64
"ENOSF1","ENOSF1",8.00841573686672e-68,-0.846370910447924,0.489,0.666,2.14121011556605e-63
"PDE4B","PDE4B",1.12309666241227e-67,-0.362185321319852,0.991,0.99,3.00282354629169e-63
"CA2","CA2",2.67120189117004e-67,0.91968386855053,0.613,0.403,7.14199249642133e-63
"LINC00862","LINC00862",3.78814807305146e-67,0.970834184195727,0.54,0.318,1.01283715029177e-62
"ZEB2","ZEB2",7.79157630701647e-67,-0.42806453416665,0.964,0.98,2.08323375720699e-62
"CNP","CNP",4.32042589151492e-66,-0.543628278581263,0.825,0.9,1.15515227061434e-61
"PCLO","PCLO",1.21012698271135e-65,1.25046796437273,0.371,0.173,3.23551651367533e-61
"AUTS2","AUTS2",5.9118634053613e-65,-0.531339691752688,0.882,0.935,1.58065491869145e-60
"TUBA1A","TUBA1A",8.04916253973695e-65,-0.674323551916331,0.644,0.79,2.15210458824947e-60
"BACE2","BACE2",8.59169142537932e-65,1.4203683130458,0.349,0.158,2.29716053640367e-60
"P2RX7","P2RX7",2.98873903788298e-64,0.604530572967883,0.817,0.697,7.99099156558773e-60
"PPM1E","PPM1E",5.38160689763953e-64,1.65363564205761,0.248,0.084,1.43888023622188e-59
"DNAJB6","DNAJB6",5.52025901591663e-64,0.964594250819928,0.525,0.313,1.47595165308563e-59
"NCAM1","NCAM1",6.75387681150087e-64,0.313287544472677,0.991,0.986,1.80578404309099e-59
"RBFOX1","RBFOX1",1.4915858547478e-63,1.3411998687944,0.477,0.284,3.9880530998392e-59
"STIP1","STIP1",7.71397862186539e-62,1.32619792720906,0.338,0.153,2.06248646412815e-57
"CREB5","CREB5",1.33661497463193e-61,-0.532452074744625,0.888,0.936,3.57370745767338e-57
"MID1IP1","MID1IP1",1.64571431789912e-61,1.12914873378378,0.46,0.263,4.40014637176689e-57
"FRMD4B","FRMD4B",1.18536173422876e-60,-0.372789139434801,0.974,0.977,3.16930166880743e-56
"FNBP1","FNBP1",1.365457880147e-60,-0.452732047146674,0.862,0.92,3.65082473414904e-56
"PLCXD1","PLCXD1",2.13835991237102e-60,2.45967901185047,0.19,0.055,5.71733289770639e-56
"SLC25A48","SLC25A48",5.24624001726815e-60,1.44978748286558,0.285,0.116,1.40268719341699e-55
"SOWAHA","SOWAHA",5.72575368629482e-60,1.91380432135194,0.185,0.05,1.53089476310465e-55
"SFMBT2","SFMBT2",1.48190337887e-59,0.774387492998947,0.674,0.481,3.96216506408473e-55
"ENSG00000230084","ENSG00000230084",2.03819570784412e-59,-1.47432499068521,0.29,0.465,5.44952386406284e-55
"CHDH","CHDH",3.55276429494256e-59,1.83801963872654,0.202,0.061,9.49902589538792e-55
"MOG","MOG",4.90034315093918e-59,-0.489327650382059,0.83,0.91,1.31020474826661e-54
"CYP7B1","CYP7B1",5.49856234961776e-59,-1.12499864673828,0.281,0.481,1.4701506154173e-54
"NTM","NTM",6.19167906007564e-59,0.383800402758069,0.988,0.948,1.65546923029242e-54
"NAIP","NAIP",9.98805240057216e-59,0.632637975890189,0.756,0.582,2.67050557034098e-54
"IRS2","IRS2",1.37567559733589e-58,1.14132746859584,0.415,0.222,3.67814384459697e-54
"PLLP","PLLP",3.13966862851534e-58,-0.688055439591602,0.6,0.745,8.39453201206147e-54
"PACS2","PACS2",9.50569925964013e-58,0.508835098938045,0.9,0.805,2.54153881104998e-53
"SPP1","SPP1",3.08237227909415e-57,0.678800739379781,0.901,0.876,8.24133876261402e-53
"ZNF652","ZNF652",5.48423846188697e-57,0.568855022566708,0.874,0.772,1.46632083755472e-52
"PRKCE","PRKCE",2.9490825948289e-56,0.869364552720054,0.586,0.391,7.88496213379404e-52
"PIEZO2","PIEZO2",3.69041716482095e-56,0.604288083459334,0.858,0.749,9.86706837358178e-52
"LINC00499","LINC00499",1.76528474774992e-55,3.59684947774079,0.111,0.016,4.71984183005895e-51
"MAP4K5","MAP4K5",6.41125091398413e-55,0.388900829233414,0.947,0.911,1.71417615687194e-50
"MIR2052HG","MIR2052HG",1.13021014775415e-54,1.68027002332124,0.203,0.065,3.02184287205028e-50
"DDX3Y","DDX3Y",1.52767191676798e-54,1.26565616917008,0.311,0.139,4.08453640386255e-50
"COPA","COPA",2.0485359340235e-54,0.640751062719307,0.74,0.604,5.47717052679863e-50
"UNC5C","UNC5C",2.599571452948e-54,-0.463562271664073,0.957,0.961,6.95047419374707e-50
"SASH1","SASH1",4.17965699279245e-54,0.467925663751374,0.878,0.757,1.11751489016292e-49
"PLD5","PLD5",1.42765727745787e-53,0.72594559765155,0.666,0.478,3.81712726273911e-49
"ENSG00000259678","ENSG00000259678",3.26558298300407e-53,1.04064761885093,0.403,0.217,8.73118922165798e-49
"SNX24","SNX24",4.78630643856258e-53,0.923394199622668,0.487,0.297,1.27971475247848e-48
"P3H2","P3H2",7.21177524357542e-53,1.53299084663981,0.236,0.09,1.92821234687476e-48
"ENSG00000233359","ENSG00000233359",1.35918516391131e-52,1.65736588756402,0.208,0.072,3.63405337274966e-48
"CPM","CPM",1.97323220660544e-52,0.624271078615506,0.73,0.564,5.27583095080096e-48
"PPP1R14A","PPP1R14A",3.61126984223412e-52,-0.710268204080513,0.58,0.729,9.65545217718136e-48
"SEPTIN7","SEPTIN7",4.50436318832047e-52,-0.370762195360698,0.941,0.966,1.20433158566124e-47
"OSBPL1A","OSBPL1A",5.05873430777651e-52,-0.456317768461885,0.865,0.904,1.3525537918702e-47
"RAMP1","RAMP1",5.35761778888684e-52,1.74179013644915,0.188,0.059,1.43246626821467e-47
"LDLRAD4","LDLRAD4",1.91451106633971e-51,-0.749547589075397,0.472,0.64,5.11882823807247e-47
"DNAJB1","DNAJB1",3.80117196204576e-51,1.24079128335991,0.299,0.138,1.01631934749217e-46
"CLIP4","CLIP4",1.29074895057602e-50,0.584642407123498,0.802,0.712,3.4510754691551e-46
"FXR1","FXR1",1.59216888841992e-50,0.668906686972321,0.674,0.515,4.25698195696834e-46
"ZNF521","ZNF521",1.62946125014569e-50,0.866661010643214,0.488,0.295,4.35669054451454e-46
"ENSG00000285218","ENSG00000285218",2.64862667563497e-50,-0.562031961563767,0.86,0.919,7.08163314264521e-46
"MAST4","MAST4",3.63094987827313e-50,1.1253444733821,0.38,0.204,9.70807068953888e-46
"HSPB1","HSPB1",3.21013919827713e-49,2.66679995435546,0.116,0.022,8.58294917443355e-45
"INPP5F","INPP5F",5.91546732744799e-49,1.06876103750021,0.422,0.245,1.58161849933977e-44
"CCDC200","CCDC200",7.48858901827291e-49,-1.44326535810235,0.198,0.364,2.00222404581563e-44
"LOC101927237","LOC101927237",1.44586296748035e-48,1.6348911296081,0.194,0.067,3.86580381615222e-44
"EFHD1","EFHD1",5.37590692919786e-48,0.52004217877627,0.847,0.739,1.43735623565963e-43
"RAPGEF4","RAPGEF4",5.80857935187889e-48,1.57655230464123,0.243,0.102,1.55303986131186e-43
"VSIR","VSIR",8.99807179582961e-48,2.26820343757349,0.124,0.027,2.40581445605096e-43
"OR7C1","OR7C1",1.04074764879286e-47,1.80836586868301,0.175,0.056,2.78264698857748e-43
"JADE2","JADE2",1.41294348435226e-47,1.03250187925152,0.37,0.199,3.77778699411264e-43
"LINC03002","LINC03002",1.86748888876182e-47,-1.48005533660392,0.183,0.344,4.99310504188249e-43
"S100B","S100B",2.49196999271752e-47,-0.612877286876574,0.662,0.778,6.66278016952883e-43
"LOC105369147","LOC105369147",3.27232253968201e-47,1.85803205975979,0.161,0.048,8.7492087743478e-43
"LDB3","LDB3",6.29399273438899e-47,-0.520619981560783,0.707,0.809,1.68282483739358e-42
"USP32","USP32",1.07946560044326e-46,0.5521187823539,0.832,0.746,2.88616717590513e-42
"CLASP2","CLASP2",1.88143903903865e-46,-0.269869597856676,0.987,0.989,5.03040355867763e-42
"TRPM1","TRPM1",2.89282457802986e-46,-2.8852291309198,0.025,0.137,7.73454507427844e-42
"PLP1","PLP1",2.96319377559241e-46,-0.277547624658251,0.976,0.994,7.92269119780143e-42
"ADAMTSL3","ADAMTSL3",3.70971303018547e-46,0.857721414053112,0.477,0.296,9.9186597288069e-42
"CLCN4","CLCN4",5.17690249253969e-46,0.808733552554377,0.538,0.364,1.38414841943034e-41
"TMEM165","TMEM165",5.85028634794741e-46,-0.290414777363365,0.985,0.993,1.5641910608507e-41
"THRB","THRB",6.02673478207274e-46,1.42071168689713,0.258,0.116,1.61136807868279e-41
"PDS5B","PDS5B",6.28140453968958e-46,0.67633402646148,0.661,0.5,1.6794591317768e-41
"TANC1","TANC1",1.21168752453379e-45,0.523109817067644,0.796,0.677,3.23968893434598e-41
"EPCAM-DT","EPCAM-DT",2.2074456524177e-45,0.830404421521691,0.588,0.426,5.90204744086921e-41
"LINC01630","LINC01630",2.4125026491607e-45,-0.773760032125912,0.48,0.63,6.45030833306095e-41
"LMCD1-AS1","LMCD1-AS1",3.03120255913022e-45,-0.551672601594308,0.733,0.825,8.10452628234648e-41
"ERBB4","ERBB4",3.03626245506456e-45,-0.472205974832838,0.847,0.924,8.11805492610612e-41
"TJP1","TJP1",3.13974254911241e-45,-0.363007695503567,0.94,0.956,8.39472965356186e-41
"LPGAT1","LPGAT1",4.06966901810102e-45,-0.522590234314446,0.802,0.861,1.08810740536967e-40
"RASAL1","RASAL1",6.40224365121703e-45,-1.97420613351711,0.062,0.193,1.7117678850259e-40
"SORT1","SORT1",1.19367322674736e-44,0.346313543578231,0.958,0.925,3.19152410635442e-40
"C2CD2","C2CD2",1.22458568692547e-44,1.13801222471437,0.288,0.138,3.27417475113263e-40
"RNASE1","RNASE1",1.96774600011205e-44,-0.720806377191876,0.462,0.616,5.26116248049958e-40
"TUBB4A","TUBB4A",2.62805513989317e-44,-0.680477220601791,0.574,0.705,7.02663102753237e-40
"TXNIP","TXNIP",2.71855006159705e-44,-0.815140395221184,0.408,0.572,7.26858729969203e-40
"ENPP2","ENPP2",3.36175820962612e-44,-0.307551843459758,0.952,0.97,8.98833292507735e-40
"CMTM5","CMTM5",6.36634571177446e-44,-0.987889603578755,0.231,0.397,1.70216985295714e-39
"MARCKSL1","MARCKSL1",6.49406031852935e-44,-0.587954256591799,0.555,0.691,1.73631690736519e-39
"XPO1","XPO1",8.94669393437475e-44,0.682395559763647,0.607,0.441,2.39207755723378e-39
"TNS1","TNS1",9.41895949586853e-44,0.71016172256612,0.604,0.441,2.51834720041037e-39
"MSI2","MSI2",1.13126918002634e-43,0.610292502084574,0.741,0.591,3.02467440663643e-39
"PTBP2","PTBP2",1.17039286795265e-43,-0.411420187583412,0.843,0.899,3.129279411045e-39
"HSPA4L","HSPA4L",2.20654433833775e-43,1.76860241451695,0.154,0.047,5.89963759741364e-39
"ARL4A","ARL4A",3.16037533884482e-43,2.28173312535663,0.109,0.023,8.4498955434694e-39
"EXOC6B","EXOC6B",3.68047340080029e-43,-0.415870875499521,0.895,0.935,9.84048173171974e-39
"BCAS1","BCAS1",7.5829424332036e-43,-0.384209792287108,0.869,0.917,2.02745131836565e-38
"LGR5","LGR5",1.1641066365463e-42,0.715357177651582,0.589,0.417,3.11247191413385e-38
"NUFIP2","NUFIP2",1.75352359474944e-42,0.683021787423962,0.596,0.424,4.68839603528158e-38
"DNAJA1","DNAJA1",1.89083680838892e-42,1.08083974583149,0.353,0.196,5.05553037458945e-38
"NPTX2","NPTX2",2.10423028769884e-42,1.24248889742961,0.286,0.142,5.62608052022039e-38
"DPYD","DPYD",2.5848381895337e-42,-0.293766692735639,0.975,0.978,6.91108186735626e-38
"CDH11","CDH11",4.30751337453401e-42,-1.075048730584,0.249,0.404,1.15169985094916e-37
"ZDHHC20","ZDHHC20",5.64736518647427e-42,0.395601460646972,0.926,0.841,1.50993602990762e-37
"HSP90AB1","HSP90AB1",1.19271454263001e-41,0.777373283046591,0.632,0.509,3.18896087262986e-37
"SREBF1","SREBF1",1.24916415687704e-41,-0.860322451273539,0.337,0.498,3.33989020624214e-37
"SLC4A8","SLC4A8",1.71509839339074e-41,-0.666979348476081,0.556,0.677,4.58565857440883e-37
"ARAP2","ARAP2",2.23303639110801e-41,-0.359219914961779,0.93,0.951,5.97046939890549e-37
"ENSG00000261621","ENSG00000261621",1.37014095173919e-40,1.51125621350814,0.173,0.062,3.66334586266508e-36
"BOK","BOK",1.59441401742248e-40,0.741102979703335,0.587,0.431,4.26298475838249e-36
"SEMA3C","SEMA3C",1.9421372758771e-40,0.597893078497909,0.65,0.481,5.19269243451262e-36
"C9orf153","C9orf153",3.08939473000032e-40,1.45564204336982,0.181,0.067,8.26011468960186e-36
"ATP1B3","ATP1B3",3.3966703368582e-40,0.94157647115618,0.39,0.234,9.08167747965777e-36
"NUPR1","NUPR1",8.73248890160253e-40,1.70019745465538,0.171,0.062,2.33480555762147e-35
"FTH1","FTH1",1.38815127423982e-39,-0.576827292992609,0.766,0.834,3.71150006193501e-35
"AK5","AK5",3.06418480981776e-39,-0.483632635288967,0.801,0.856,8.19271092600974e-35
"TIAM2","TIAM2",4.69894307801124e-39,0.774916268071792,0.516,0.351,1.25635641076787e-34
"PAPOLA","PAPOLA",5.03308729576849e-39,0.633850080144673,0.593,0.443,1.34569655026962e-34
"MET","MET",1.25957901318779e-38,1.77019711600698,0.128,0.036,3.3677364075602e-34
"EFR3B","EFR3B",1.42625453289312e-38,0.654670892328642,0.542,0.368,3.81337674459632e-34
"PWRN1","PWRN1",1.59756429584311e-38,0.994931131637081,0.381,0.227,4.27140765779572e-34
"PCDH9","PCDH9",1.7232504109666e-38,-0.202572962623929,0.999,1,4.60745462380139e-34
"IGF1R","IGF1R",2.29264667905042e-38,0.67047926837705,0.726,0.603,6.12984942577711e-34
"FAM66D","FAM66D",4.17670141448096e-38,-1.03764638582327,0.232,0.382,1.11672465718977e-33
"PALM2AKAP2","PALM2AKAP2",4.52325628009969e-38,-0.809015867841462,0.342,0.502,1.20938303161025e-33
"H3-3B","H3-3B",4.89918311434539e-38,-0.873159361405164,0.388,0.526,1.30989458928253e-33
"NECAB1","NECAB1",5.99010270787636e-38,-0.603382008970762,0.601,0.717,1.6015737610049e-33
"RTN1","RTN1",6.17204145253548e-38,0.592271897641845,0.671,0.524,1.65021872316441e-33
"SEMA6D","SEMA6D",7.38197016468366e-38,-1.0560315797613,0.205,0.358,1.97371736293147e-33
"MBP","MBP",8.50865230727199e-38,-0.204262937303316,0.999,0.999,2.27495836739531e-33
"LINGO1","LINGO1",8.5984155899354e-38,-1.15643808011481,0.211,0.357,2.29895837628103e-33
"L3MBTL4","L3MBTL4",1.58795615471577e-37,0.615447496995219,0.754,0.659,4.24571837086356e-33
"ADAM12","ADAM12",1.84657108231913e-37,0.798515692194255,0.435,0.276,4.93717710279666e-33
"SLC24A2","SLC24A2",1.92435712710246e-37,-0.279428582112589,0.991,0.99,5.14515365073385e-33
"DEPDC1B","DEPDC1B",2.14985180982154e-37,1.46145569969237,0.182,0.072,5.74805878391985e-33
"GAS7","GAS7",2.29720670178086e-37,-0.555363682578827,0.663,0.757,6.14204155855149e-33
"ZNF365","ZNF365",2.94979054531058e-37,0.786973501018843,0.587,0.455,7.88685498099689e-33
"NCKAP5","NCKAP5",3.67475282952888e-37,0.321535756525979,0.985,0.973,9.82518664031136e-33
"DOCK1","DOCK1",4.1267543671699e-37,0.370086159587857,0.942,0.895,1.10337031515022e-32
"NPFFR1","NPFFR1",4.98809558098773e-37,2.88663727411948,0.077,0.012,1.33366711548869e-32
"DPYSL4","DPYSL4",7.06691460434197e-37,1.17633932628654,0.256,0.127,1.88948095776291e-32
"APOLD1","APOLD1",1.44557426093422e-36,0.959073931330425,0.364,0.215,3.86503190145983e-32
"SGK3","SGK3",1.94597516572289e-36,0.390585049291369,0.897,0.845,5.20295380059328e-32
"MAN2A1","MAN2A1",2.17409276457421e-36,0.278156509949173,0.995,0.988,5.81287182464206e-32
"ENSG00000260392","ENSG00000260392",4.11205966284979e-36,1.62271282528655,0.135,0.043,1.09944139205615e-31
"ENSG00000249378","ENSG00000249378",4.865185400868e-36,2.24183178129247,0.107,0.027,1.30080462063008e-31
"ZNF536","ZNF536",6.94431289554906e-36,-0.294715034115955,0.947,0.963,1.85670093888295e-31
"CRYBG3","CRYBG3",1.00472241107594e-35,0.635446160943943,0.646,0.496,2.68632631049374e-31
"RUFY3","RUFY3",1.24941999707067e-35,0.448241417562036,0.813,0.713,3.34057424616786e-31
"FAM13C","FAM13C",1.26516688010123e-35,-0.4595048796141,0.767,0.837,3.38267668732666e-31
"LOC102724577","LOC102724577",1.40349823170674e-35,0.599531224079606,0.651,0.495,3.7525332221143e-31
"FKBP4","FKBP4",1.67201792803419e-35,1.1217733569393,0.242,0.117,4.47047433418501e-31
"LRRC1","LRRC1",1.74719048824114e-35,0.427145995000303,0.818,0.71,4.67146320841033e-31
"PRDM6","PRDM6",1.86001154481878e-35,1.73269094403064,0.12,0.034,4.97311286738198e-31
"KANSL1L","KANSL1L",2.52261021630328e-35,0.623087330929855,0.613,0.474,6.74470293533009e-31
"ENSG00000232104","ENSG00000232104",5.42349693166176e-35,-0.782463044786739,0.341,0.489,1.45008037461841e-30
"CPEB3","CPEB3",6.58282282907093e-35,0.65426908816596,0.6,0.455,1.7600493398087e-30
"HERPUD1","HERPUD1",8.15280417616538e-35,1.37688678780782,0.209,0.095,2.17981525258134e-30
"NAV2","NAV2",1.42608250078904e-34,0.551006044958615,0.744,0.597,3.81291678235966e-30
"ENSG00000262039","ENSG00000262039",1.55924966018529e-34,1.15574811632662,0.227,0.108,4.16896581643741e-30
"BANP","BANP",1.9439335442246e-34,0.835355054102231,0.351,0.206,5.19749511719332e-30
"OTUD7A","OTUD7A",2.13521535012381e-34,0.314385509799261,0.96,0.925,5.70892528162602e-30
"LDLR","LDLR",2.89364876379385e-34,1.49036247300355,0.15,0.054,7.73674869975562e-30
"CREBRF","CREBRF",2.95494371559753e-34,0.668134834775953,0.5,0.341,7.90063301239312e-30
"LPAR1","LPAR1",3.15990821439642e-34,-0.483626438087268,0.752,0.822,8.4486465928317e-30
"NRIP2","NRIP2",3.17946400685572e-34,1.78218303947764,0.114,0.033,8.50093291513013e-30
"DHCR24","DHCR24",3.27295415212217e-34,0.898621150172719,0.492,0.362,8.75089751652905e-30
"ENSG00000274265","ENSG00000274265",3.67068356237139e-34,0.541717789208456,0.76,0.653,9.81430664071239e-30
"QKI","QKI",4.71597184698113e-34,-0.204221654528435,0.999,0.998,1.26090939272735e-29
"CERCAM","CERCAM",4.72546654194471e-34,-0.436170170346894,0.867,0.913,1.26344798931976e-29
"GLDN","GLDN",6.49745199109818e-34,-0.40499023351521,0.729,0.826,1.73722373885992e-29
"SGCD","SGCD",9.57926244196834e-34,0.528864463655042,0.64,0.476,2.56120739910907e-29
"ARHGAP12","ARHGAP12",9.69405534503038e-34,0.782912235282141,0.406,0.26,2.59189957760077e-29
"TKT","TKT",1.29436335886108e-33,0.812338368285684,0.41,0.266,3.46073931258687e-29
"NKAIN2","NKAIN2",2.21894611128681e-33,-0.317212398865586,0.969,0.975,5.93279621774754e-29
"ENSA","ENSA",2.83784665844355e-33,0.936698916989982,0.315,0.178,7.58755061068051e-29
"ZDHHC14","ZDHHC14",2.88017206662691e-33,0.464122949440462,0.779,0.66,7.70071605454038e-29
"NDUFAF6","NDUFAF6",3.39063662811557e-33,0.694267120243847,0.469,0.318,9.0655451525926e-29
"CEP170","CEP170",5.21879118181741e-33,0.408335812154688,0.833,0.733,1.39534819828252e-28
"FTCDNL1","FTCDNL1",7.93213858642045e-33,-0.741137785020354,0.353,0.495,2.12081589385124e-28
"PRKCA","PRKCA",9.63091551923121e-33,0.38170667915984,0.823,0.707,2.57501788237685e-28
"ANKRD17-DT","ANKRD17-DT",9.66884240911607e-33,-0.754529075902466,0.316,0.462,2.58515839492536e-28
"NRBP2","NRBP2",1.30019468462097e-32,-0.82985482529006,0.253,0.397,3.47633052827109e-28
"ANO4","ANO4",1.38814653569363e-32,-0.532436471952781,0.687,0.784,3.71148739248407e-28
"TOX3","TOX3",1.4695973676987e-32,0.808293998655082,0.362,0.217,3.92926248201601e-28
"ENSG00000273748","ENSG00000273748",1.85106813366072e-32,0.699102107824443,0.418,0.263,4.94920086896866e-28
"MCAM","MCAM",2.18430380702013e-32,-1.50404146381189,0.067,0.175,5.84017308882972e-28
"RTN3","RTN3",2.238081251686e-32,0.451821075722352,0.816,0.744,5.98395784263286e-28
"SH2D6","SH2D6",4.073006644397e-32,1.76835469621881,0.115,0.035,1.08899978651243e-27
"XYLT1","XYLT1",5.24189186539815e-32,0.700466181227787,0.475,0.325,1.4015246280515e-27
"RASGRF1","RASGRF1",5.36401496965156e-32,0.386707515645133,0.722,0.55,1.43417668243574e-27
"LHFPL2","LHFPL2",8.1683265535401e-32,1.8430085691642,0.126,0.042,2.18396547062002e-27
"MCF2L","MCF2L",9.06167079117284e-32,0.700006297415357,0.484,0.34,2.42281891943588e-27
"KLHL21","KLHL21",9.36926238101789e-32,0.963216070410955,0.267,0.142,2.50505968281275e-27
"HHIP","HHIP",1.01704417936364e-31,-0.570429398901676,0.693,0.76,2.71927102236456e-27
"CDK18","CDK18",1.37707826666923e-31,0.28278152214238,0.964,0.945,3.68189416159351e-27
"PRUNE2","PRUNE2",1.47968797908696e-31,0.24937225452482,0.986,0.975,3.9562417496848e-27
"FAM171A1","FAM171A1",1.95465186971625e-31,0.39518362013986,0.829,0.726,5.22615270406035e-27
"EIF5","EIF5",3.0931001753421e-31,0.712436705359011,0.417,0.271,8.27002193881217e-27
"HECW2","HECW2",3.18721526136301e-31,-0.409198449651565,0.763,0.831,8.52165744430627e-27
"ANKRD7","ANKRD7",3.62954635074598e-31,1.67385469913501,0.126,0.043,9.70431807798953e-27
"B4GALNT4","B4GALNT4",4.30227149500742e-31,1.16275518525702,0.203,0.094,1.15029832962013e-26
"MSMO1","MSMO1",5.09726734538146e-31,1.288946647577,0.21,0.102,1.36285637013464e-26
"KNOP1","KNOP1",5.2843177348362e-31,0.520896461069628,0.669,0.517,1.41286803276315e-26
"TMEFF2","TMEFF2",6.9469160309742e-31,-0.456227887323682,0.853,0.867,1.85739693920157e-26
"ZNF280D","ZNF280D",7.91991782947763e-31,-0.543754306080186,0.511,0.633,2.11754843006744e-26
"GRIA4","GRIA4",1.18111930715702e-30,0.438024993846515,0.715,0.565,3.15795869154572e-26
"ZCCHC2","ZCCHC2",1.27182228468741e-30,0.714540739330123,0.401,0.255,3.40047124256873e-26
"TANC2","TANC2",1.47307171125771e-30,0.356528040567737,0.859,0.759,3.93855183438975e-26
"CLK1","CLK1",1.84784029528658e-30,0.550522814367673,0.575,0.427,4.94057059750774e-26
"KCNIP3","KCNIP3",1.98713731540984e-30,1.58490226969795,0.113,0.035,5.31300904021128e-26
"AKAP6","AKAP6",2.16183934563787e-30,-0.262790843048523,0.966,0.968,5.78010985843196e-26
"BDH2","BDH2",2.20179149784924e-30,1.52291002365778,0.133,0.048,5.88692992779951e-26
"LINC01099","LINC01099",2.25115226327579e-30,-1.13683366759916,0.149,0.275,6.01890580632048e-26
"CTBP2","CTBP2",2.93573532690803e-30,0.59480199605706,0.59,0.457,7.849275543554e-26
"DNM1L","DNM1L",3.67972343319484e-30,-0.689083960879368,0.356,0.481,9.83847654333305e-26
"SEPTIN4","SEPTIN4",4.66016333362119e-30,-0.595409342470759,0.499,0.625,1.2459878705103e-25
"GRAMD2B","GRAMD2B",5.07471795510892e-30,-0.805657760027729,0.247,0.385,1.35682733965747e-25
"LINC01376","LINC01376",5.97080225355388e-30,-1.71267403115872,0.06,0.159,1.5964133985327e-25
"TSC22D4","TSC22D4",6.48054431475423e-30,-0.566598321349973,0.557,0.666,1.73270313343584e-25
"SLC6A1","SLC6A1",1.03847704544388e-29,-0.602873844814137,0.438,0.57,2.7765760764033e-25
"MIR325HG","MIR325HG",1.20943847146544e-29,-0.833210500122348,0.318,0.45,3.23367564115716e-25
"MIB1","MIB1",1.33344186649816e-29,0.557431664212944,0.556,0.413,3.56522351845614e-25
"LDLRAD3","LDLRAD3",1.59125296743487e-29,0.488232777055195,0.69,0.543,4.2545330590306e-25
"RASSF8","RASSF8",2.17272445981399e-29,0.670602417392791,0.409,0.272,5.80921338820466e-25
"IL17RB","IL17RB",2.23326498146186e-29,1.85168312826593,0.103,0.031,5.97108058093458e-25
"COL4A5","COL4A5",2.26511267208988e-29,-0.318202705361625,0.846,0.894,6.05623175136671e-25
"SLC26A7","SLC26A7",2.61126171353832e-29,2.17367048565913,0.075,0.016,6.9817304434874e-25
"MTMR2","MTMR2",2.80632536033159e-29,0.592148851064249,0.64,0.535,7.50327211591856e-25
"CORO2B","CORO2B",2.90297364045946e-29,0.450331301872088,0.759,0.647,7.76168062249647e-25
"SETBP1","SETBP1",3.30892455796805e-29,0.735690049718349,0.345,0.209,8.84707159063917e-25
"TNKS","TNKS",4.39732990642446e-29,0.393253838253943,0.838,0.757,1.17571409708071e-24
"DLEU2","DLEU2",5.16390744364567e-29,-0.433408566763959,0.736,0.795,1.38067393320754e-24
"PSD3","PSD3",5.73064469684048e-29,-0.45051771858942,0.772,0.813,1.53220247259424e-24
"BAG3","BAG3",5.85267940445498e-29,2.15094175063637,0.076,0.017,1.56483089236913e-24
"TF","TF",6.80844893725683e-29,0.29730102110245,0.988,0.984,1.82037499235436e-24
"ELMO1","ELMO1",6.96248792985013e-29,0.201371952814594,0.991,0.984,1.86156039780403e-24
"PIP4K2A","PIP4K2A",9.54573635109875e-29,-0.193137510975754,0.997,0.996,2.55224352819327e-24
"GDAP1","GDAP1",1.1670284973096e-28,0.508506714751628,0.573,0.431,3.12028409325668e-24
"CDH20","CDH20",1.1772900281353e-28,0.331124590723224,0.946,0.902,3.14772034822536e-24
"ERGIC1","ERGIC1",1.23658976578705e-28,0.850137977756216,0.355,0.225,3.30627005678483e-24
"NEDD4L","NEDD4L",1.47773351118386e-28,0.858393204857199,0.461,0.34,3.9510160888523e-24
"CKB","CKB",2.91066481135443e-28,-0.561998751005812,0.542,0.652,7.78224450611833e-24
"ENSG00000239521","ENSG00000239521",3.16049395379554e-28,-0.479173225790407,0.604,0.692,8.45021268426314e-24
"FMNL2","FMNL2",3.24570211012407e-28,0.221240818032038,0.993,0.99,8.67803373183872e-24
"SH3KBP1","SH3KBP1",3.44770767818596e-28,0.511682893345683,0.658,0.538,9.2181360191658e-24
"DYSF","DYSF",3.45003022832739e-28,-1.11524800866725,0.193,0.312,9.22434582147894e-24
"POC1B","POC1B",3.7840589298618e-28,-0.776158602380948,0.269,0.398,1.01174383607715e-23
"ENSG00000237166","ENSG00000237166",4.38138852430651e-28,-1.14990228058927,0.144,0.26,1.17145184974383e-23
"SLC5A11","SLC5A11",4.92109573922526e-28,0.22970586366371,0.981,0.933,1.31575336779666e-23
"ROR1","ROR1",5.7178714638339e-28,-2.21449974161978,0.025,0.102,1.52878729328527e-23
"CFAP161","CFAP161",6.34595295936101e-28,1.63733234732305,0.109,0.036,1.69671744274435e-23
"ENSG00000275294","ENSG00000275294",6.63224276867375e-28,-1.36889710693329,0.103,0.21,1.7732627490603e-23
"SLC6A9","SLC6A9",6.90908814487193e-28,0.745558687174918,0.364,0.229,1.84728289729441e-23
"STMN4","STMN4",6.92227886142524e-28,-0.79049960753839,0.409,0.504,1.85080969917927e-23
"TPPP3","TPPP3",9.00918406199987e-28,-0.990327011459175,0.162,0.284,2.40878554265691e-23
"FLNB","FLNB",1.00170113140042e-27,0.691938818499353,0.413,0.278,2.67824831502531e-23
"PNRC1","PNRC1",1.22390220328945e-27,0.829439193219047,0.277,0.158,3.27234732093501e-23
"ZIC1","ZIC1",1.55436033957015e-27,-1.48706513868763,0.063,0.159,4.15589323990872e-23
"DENND11","DENND11",1.56889172986758e-27,0.600655067525581,0.518,0.383,4.19474581814694e-23
"DANT2","DANT2",1.62196534319464e-27,-0.739489973402332,0.319,0.448,4.33664873809951e-23
"OLFM3","OLFM3",2.26100729524185e-27,2.02094641572219,0.083,0.022,6.04525520528814e-23
"PPID","PPID",2.99238729356313e-27,1.00163713248676,0.203,0.1,8.00074590679975e-23
"LYPD1","LYPD1",3.74780593306421e-27,1.87054930008982,0.076,0.018,1.00205087232338e-22
"WARS2-AS1","WARS2-AS1",6.49709587455246e-27,0.767384354783136,0.355,0.229,1.73712852397909e-22
"ZFYVE28","ZFYVE28",1.09179997908791e-26,0.964288189786183,0.252,0.14,2.91914560408733e-22
"LINC03048","LINC03048",1.09337673447883e-26,-0.721720583947303,0.356,0.479,2.92336137497605e-22
"KCNQ3","KCNQ3",1.18403430378118e-26,-2.7056982239118,0.018,0.087,3.16575251801974e-22
"ITPR1","ITPR1",1.3916947304201e-26,1.47097813824857,0.141,0.058,3.72097420072421e-22
"HSD17B7","HSD17B7",1.41148238823905e-26,1.07075861486208,0.217,0.114,3.77388046143475e-22
"ARHGEF7","ARHGEF7",1.41929707283805e-26,0.364317016682888,0.807,0.734,3.7947745836471e-22
"SLC9B1","SLC9B1",1.42799191022977e-26,-1.15702573828938,0.106,0.213,3.81802197038133e-22
"LINC01877","LINC01877",1.95020510288264e-26,-0.84970093842522,0.21,0.334,5.21426338357732e-22
"ADD1","ADD1",2.33147676967369e-26,-0.52685398495032,0.66,0.729,6.23366943907653e-22
"CDH12","CDH12",2.70291739828995e-26,1.3541231500419,0.157,0.069,7.22679024780783e-22
"ZKSCAN1","ZKSCAN1",3.5397472843103e-26,-0.354233299327188,0.721,0.793,9.46422231406046e-22
"GREB1L","GREB1L",4.39257723275249e-26,-0.520359343840842,0.49,0.621,1.17444337472103e-21
"AHSA1","AHSA1",6.30751076796482e-26,0.927786589922961,0.259,0.148,1.68643915403075e-21
"ASPA","ASPA",8.43245163575762e-26,-0.440042524368101,0.525,0.649,2.25458459385251e-21
"SCARB2","SCARB2",1.36831145567929e-25,-0.425524114917553,0.664,0.752,3.65845433904972e-21
"FSTL5","FSTL5",1.43920014879942e-25,1.20730116673065,0.159,0.072,3.847989437845e-21
"RELA","RELA",1.75644433113982e-25,0.961838665008686,0.177,0.082,4.69620520816853e-21
"LIPA","LIPA",1.82595064717162e-25,-0.375024611993854,0.754,0.816,4.88204424534276e-21
"SRRM2","SRRM2",1.87283514521265e-25,0.482524885183853,0.691,0.568,5.00739932775506e-21
"ENSG00000253320","ENSG00000253320",1.88221401574647e-25,-1.07814171942555,0.123,0.231,5.03247561390134e-21
"CCT3","CCT3",2.48855650644832e-25,0.767004904052039,0.334,0.212,6.65365353129087e-21
"FBXO7","FBXO7",2.83575256221233e-25,-0.547296222537302,0.439,0.547,7.58195162558711e-21
"TENM4","TENM4",3.4156585726574e-25,1.17936486694784,0.176,0.085,9.13244632571409e-21
"ENSG00000242861","ENSG00000242861",3.54104584130949e-25,-0.807435256099204,0.201,0.322,9.46769426590918e-21
"MBNL1","MBNL1",3.69743888883901e-25,0.321912006057639,0.866,0.79,9.88584235708887e-21
"PHGDH","PHGDH",3.97643266215076e-25,0.756670093039913,0.356,0.233,1.06317880087925e-20
"LINC01085","LINC01085",5.12953003064251e-25,1.10679524368025,0.162,0.074,1.37148244429289e-20
"HIVEP3","HIVEP3",5.20214383700539e-25,0.428829729772612,0.637,0.49,1.39089719770013e-20
"ITFG1","ITFG1",5.66756813189941e-25,-0.43130005500408,0.633,0.714,1.51533769142594e-20
"FUT8","FUT8",6.47348313220166e-25,-0.300583969604312,0.921,0.927,1.73081518505676e-20
"SALL3","SALL3",6.83692727189944e-25,1.57886620216044,0.098,0.032,1.82798924468775e-20
"ENSG00000203709","ENSG00000203709",7.06388000167595e-25,0.74370294371357,0.349,0.228,1.8886695960481e-20
"APBB2","APBB2",7.7197234812958e-25,-0.25904339798223,0.951,0.945,2.06402246719406e-20
"SAMD4B","SAMD4B",8.80494358375668e-25,-0.429241144102284,0.62,0.704,2.35417776598902e-20
"GRIK4","GRIK4",8.81165684392373e-25,-0.764340658895755,0.238,0.363,2.35597269035989e-20
"HS3ST5","HS3ST5",8.97163742037326e-25,-0.517337495103762,0.63,0.709,2.3987466970852e-20
"KIAA0586","KIAA0586",1.11536345934955e-24,0.57940709199279,0.441,0.309,2.98214728126289e-20
"BNIP3L","BNIP3L",1.19012431414991e-24,0.596499229006401,0.583,0.459,3.18203537874261e-20
"CFTR","CFTR",1.23344923692674e-24,-1.19700561658068,0.138,0.241,3.29787322477101e-20
"CDH8","CDH8",1.55416783446605e-24,0.60911566130636,0.467,0.34,4.15537853901189e-20
"HELLS","HELLS",1.59176455389167e-24,0.948503074855608,0.257,0.151,4.25590088774015e-20
"PRR18","PRR18",1.7851064560183e-24,-0.769829613615974,0.263,0.383,4.77283913145613e-20
"CADM1","CADM1",1.87794942264837e-24,0.262697174023534,0.932,0.895,5.02107337133495e-20
"KANK4","KANK4",2.26146702002197e-24,0.757939613125472,0.301,0.183,6.04648437143275e-20
"TMCC2","TMCC2",2.29616392565636e-24,0.532700560358768,0.544,0.411,6.13925348802742e-20
"COL9A3","COL9A3",3.20452360453567e-24,-0.984435962867635,0.135,0.243,8.56793476144701e-20
"SLC22A23","SLC22A23",4.00874760234328e-24,0.319546095352704,0.901,0.841,1.07181884643852e-19
"LOC100507336","LOC100507336",4.6590680336118e-24,-0.603991362721033,0.377,0.501,1.24569502014679e-19
"EHBP1","EHBP1",5.39697410694201e-24,0.582206918264841,0.502,0.371,1.44298896697308e-19
"THUMPD3-AS1","THUMPD3-AS1",6.173094038682e-24,0.636757317359307,0.409,0.281,1.65050015312241e-19
"LDLRAP1","LDLRAP1",6.30064384265783e-24,0.618780351419359,0.437,0.31,1.68460314421142e-19
"FRMD4A","FRMD4A",6.33891679108339e-24,-0.805028581224544,0.198,0.316,1.69483618243197e-19
"C14orf132","C14orf132",6.82353519308891e-24,-1.11154775803892,0.095,0.193,1.82440860457618e-19
"LIMA1","LIMA1",7.62935694006056e-24,-0.9531102638472,0.179,0.291,2.03986116506399e-19
"TECPR2","TECPR2",9.7158768431394e-24,-0.402055486315629,0.638,0.718,2.59773399155018e-19
"KLHL32","KLHL32",1.05042106418997e-23,-0.357572812669938,0.902,0.919,2.80851079932473e-19
"ARMC8","ARMC8",1.05621348820494e-23,0.465078162302102,0.581,0.459,2.82399800341355e-19
"CORIN","CORIN",1.35006298417261e-23,2.33694538648329,0.061,0.013,3.60966340078231e-19
"ELF1","ELF1",1.36478920442292e-23,0.477995957088196,0.597,0.464,3.64903689586556e-19
"ENSG00000268797","ENSG00000268797",1.5518730766217e-23,-0.828321010016976,0.2,0.315,4.14924304496344e-19
"CCDC62","CCDC62",1.82602002823407e-23,1.26366408971294,0.14,0.062,4.88222974948943e-19
"SSBP2","SSBP2",1.92010617407175e-23,0.366648781662332,0.781,0.679,5.13378787761565e-19
"LINC01299","LINC01299",2.16004013662123e-23,-1.66557773751979,0.033,0.106,5.77529931328419e-19
"KCNK1","KCNK1",2.37732235539126e-23,0.657756676915939,0.425,0.301,6.35624678160963e-19
"TTLL7","TTLL7",2.58868814533785e-23,-0.238230213055712,0.97,0.986,6.92137549418982e-19
"PHACTR1","PHACTR1",2.74867273514723e-23,0.427378099542893,0.684,0.56,7.34912629196315e-19
"PPFIBP2","PPFIBP2",3.54998429269257e-23,0.628678200731179,0.445,0.323,9.49159300337213e-19
"CDH4","CDH4",4.13339617665765e-23,0.85790573254996,0.225,0.125,1.10514613575296e-18
"ATG4B","ATG4B",4.40289511338851e-23,0.568207187723427,0.427,0.297,1.17720206646669e-18
"NFE2L1","NFE2L1",4.77472512719567e-23,0.908893001219373,0.249,0.145,1.27661825725831e-18
"UTP23","UTP23",6.49259026057449e-23,0.832758717744676,0.284,0.174,1.7359238579698e-18
"ADAMTS14","ADAMTS14",6.76286685422859e-23,-1.37860106946878,0.067,0.152,1.8081877108151e-18
"ZDHHC11B","ZDHHC11B",7.39990566621366e-23,0.636140331251741,0.559,0.46,1.97851277797555e-18
"HTRA1","HTRA1",7.5352709633556e-23,0.326583653125649,0.806,0.731,2.01470539747239e-18
"TCF12","TCF12",8.23109652216264e-23,-0.212241675201986,0.971,0.971,2.20074827713063e-18
"CLU","CLU",9.63709757899493e-23,0.481823155445157,0.569,0.451,2.57667077969587e-18
"KIF25","KIF25",9.68389351912818e-23,1.77406628345576,0.062,0.014,2.5891826102093e-18
"MCPH1","MCPH1",1.00884796291985e-22,0.52370199961457,0.457,0.328,2.6973567984588e-18
"SVIP","SVIP",1.13655132228011e-22,0.519710734370904,0.547,0.426,3.03879727038033e-18
"SH3TC2-DT","SH3TC2-DT",1.14634600802445e-22,-0.6154475599444,0.323,0.445,3.06498532165498e-18
"PTPDC1","PTPDC1",1.41174661696408e-22,-0.65712736460999,0.295,0.409,3.77458692977685e-18
"KCTD8","KCTD8",1.60827017373668e-22,0.300773667383258,0.818,0.704,4.30003196351977e-18
"HERC4","HERC4",1.65009027440876e-22,0.373657097066115,0.712,0.591,4.41184636668671e-18
"LAMP2","LAMP2",1.77151891673019e-22,0.316119286010508,0.878,0.85,4.73651012766151e-18
"ITPR2","ITPR2",1.88030654577769e-22,0.985402895575038,0.2,0.108,5.02737561144581e-18
"NFKB1","NFKB1",2.30271243268237e-22,0.488868731294199,0.56,0.442,6.15676223126284e-18
"MAG","MAG",2.38489900987771e-22,-0.323601391150676,0.759,0.817,6.37650448271003e-18
"ENSG00000240963","ENSG00000240963",2.59303748926444e-22,1.0238976740748,0.193,0.102,6.93300433504633e-18
"ENSG00000229989","ENSG00000229989",2.90489021506199e-22,-0.443158793380331,0.671,0.752,7.76680496801124e-18
"CLCN7","CLCN7",3.33464269168704e-22,0.735974909140104,0.275,0.166,8.91583416476365e-18
"AJAP1","AJAP1",3.4086815371381e-22,0.916239934259704,0.233,0.134,9.11379182584613e-18
"ARID5B","ARID5B",3.73366697059351e-22,0.477719530129252,0.594,0.472,9.98270537927587e-18
"NFKBIA","NFKBIA",3.83708614039759e-22,0.953918312445689,0.193,0.102,1.0259217213581e-17
"ENSG00000242759","ENSG00000242759",4.39025863425732e-22,-0.423496696258,0.584,0.684,1.17382345104138e-17
"NEK3","NEK3",5.21330725092992e-22,-0.60654535529724,0.307,0.425,1.39388195968113e-17
"CPOX","CPOX",5.35573476808427e-22,0.375742064356742,0.681,0.557,1.43196280494269e-17
"SLC13A3","SLC13A3",6.05928255298448e-22,-0.436120694876621,0.592,0.681,1.62007037619146e-17
"NUAK1","NUAK1",7.26893575456681e-22,0.522782918311289,0.545,0.43,1.94349535269853e-17
"TMEM144","TMEM144",8.42323996705552e-22,-0.22706003708411,0.975,0.984,2.25212166999163e-17
"FOLH1","FOLH1",9.60157900231677e-22,-0.396924472179936,0.684,0.763,2.56717417784943e-17
"TRIM59-IFT80","TRIM59-IFT80",9.8321036719626e-22,0.632713632561019,0.333,0.217,2.62880955877264e-17
"CALD1","CALD1",1.01626005637809e-21,0.38303973213056,0.707,0.583,2.71717451273809e-17
"MKNK2","MKNK2",1.05021665863238e-21,1.13080715559478,0.143,0.066,2.80796428018539e-17
"ABHD3","ABHD3",1.09490299183689e-21,1.09868150259024,0.125,0.053,2.9274421292743e-17
"FAP","FAP",1.1265781463499e-21,1.8211110628926,0.077,0.024,3.01213198989572e-17
"ITGB5","ITGB5",1.13583893170249e-21,0.955425206449029,0.183,0.095,3.03689255169295e-17
"ENSG00000246560","ENSG00000246560",1.29109030188834e-21,0.966285559303795,0.196,0.106,3.45198814015885e-17
"MAPKBP1","MAPKBP1",1.31228532094755e-21,0.683112375374901,0.355,0.243,3.50865726261747e-17
"NOTCH1","NOTCH1",2.03605066047468e-21,-1.27102345170881,0.071,0.154,5.44378865091116e-17
"LPP","LPP",2.14427070751111e-21,0.444553687444049,0.676,0.573,5.73313659067245e-17
"FOXP1","FOXP1",2.51476920198257e-21,0.343031839132286,0.818,0.759,6.7237384153408e-17
"STK31","STK31",2.6289734874604e-21,-2.04253353753742,0.022,0.082,7.02908641342286e-17
"TANGO2","TANGO2",2.64183783125824e-21,0.676473432553252,0.325,0.212,7.06348180943516e-17
"MMADHC-DT","MMADHC-DT",3.22905517973982e-21,-0.943753053230033,0.194,0.298,8.63352483407035e-17
"PIDD1","PIDD1",3.39327437600058e-21,0.736294115797388,0.249,0.146,9.07259769911276e-17
"ST3GAL5","ST3GAL5",3.4183260728786e-21,-0.61384608518733,0.385,0.489,9.13957842105552e-17
"HACD1","HACD1",3.54282680416944e-21,0.871400177852079,0.192,0.103,9.47245602630782e-17
"LINC03051","LINC03051",3.59429187133536e-21,0.787198159097353,0.232,0.134,9.61005817638935e-17
"KCTD1","KCTD1",3.72303860878447e-21,-1.16260238661251,0.086,0.173,9.95428832830704e-17
"UACA","UACA",3.8593731976599e-21,-0.682270542919586,0.277,0.389,1.03188061185833e-16
"GALNT13","GALNT13",5.0819066597274e-21,-0.626031211976854,0.426,0.536,1.35874938361132e-16
"UBE2D3","UBE2D3",5.12802315777036e-21,0.359749959833145,0.705,0.608,1.37107955169306e-16
"INPPL1","INPPL1",5.16266642486137e-21,1.44777822417972,0.091,0.033,1.38034212201518e-16
"PSEN1","PSEN1",5.54432268579237e-21,-0.298130499750518,0.831,0.862,1.48238555650031e-16
"ITPKB","ITPKB",5.65788659443441e-21,0.450309198684617,0.679,0.577,1.51274913875393e-16
"AMER2","AMER2",5.8450372723035e-21,0.274451318847915,0.869,0.822,1.56278761549579e-16
"ARHGAP17","ARHGAP17",6.21347907306208e-21,0.500027243248541,0.568,0.46,1.66129789976461e-16
"TTYH2","TTYH2",7.30976191732904e-21,0.289017656275152,0.851,0.807,1.95441104383627e-16
"PHF21A","PHF21A",7.83531686533966e-21,0.374654061231273,0.73,0.634,2.09492867028587e-16
"SUGT1","SUGT1",8.08795049503981e-21,0.498736360183258,0.467,0.343,2.16247532385879e-16
"BAG2","BAG2",8.17356120160121e-21,1.44500689521507,0.091,0.033,2.18536505847212e-16
"LINC00513","LINC00513",8.18190984040647e-21,0.891016057029354,0.234,0.138,2.18759723402948e-16
"VOPP1","VOPP1",8.19945693714618e-21,0.901357656876686,0.216,0.124,2.19228880128478e-16
"FGFR2","FGFR2",8.94407168892453e-21,-0.254822181261376,0.869,0.897,2.39137644746775e-16
"CDK14","CDK14",1.08324149533886e-20,0.852849167094263,0.19,0.103,2.89626278608751e-16
"ACER3","ACER3",1.26543606775589e-20,0.354789271323068,0.793,0.713,3.38339641435893e-16
"CCDC175","CCDC175",1.383767400134e-20,1.98890179786797,0.059,0.014,3.69977889773829e-16
"SS18L2","SS18L2",1.43257776996495e-20,0.867684454214377,0.202,0.112,3.83028318355529e-16
"ENSG00000237422","ENSG00000237422",1.48493121252817e-20,1.43612252691544,0.078,0.025,3.97026058293657e-16
"SMG9","SMG9",1.48614752575941e-20,0.692782550788298,0.284,0.177,3.97351263962294e-16
"SHTN1","SHTN1",1.49417577290183e-20,-0.206883277555831,0.973,0.978,3.99497776400763e-16
"TRPC1","TRPC1",1.6173541067659e-20,-0.532993902688736,0.443,0.538,4.32431967525998e-16
"GPR135","GPR135",1.68913263873216e-20,0.684839208154091,0.248,0.148,4.51623393617818e-16
"TRIM47","TRIM47",2.10273475913502e-20,1.60496198072757,0.084,0.029,5.62208192549931e-16
"RNF169","RNF169",2.38832060826096e-20,0.560449758299359,0.425,0.31,6.38565281030734e-16
"LINC02936","LINC02936",2.52887862632089e-20,2.00615261875473,0.056,0.013,6.76146278319416e-16
"KAT2A","KAT2A",3.24956921153511e-20,0.704988267993504,0.252,0.151,8.68837320088141e-16
"CNTNAP2","CNTNAP2",3.35859016018768e-20,0.557662318814525,0.737,0.707,8.97986251129381e-16
"WDSUB1","WDSUB1",4.14247619218469e-20,0.716007014575572,0.319,0.213,1.10757385950442e-15
"KHDRBS3","KHDRBS3",4.15951271099687e-20,0.677502351305996,0.338,0.23,1.11212891353923e-15
"PSMD7-DT","PSMD7-DT",4.41568811145149e-20,-0.90419703574277,0.152,0.251,1.18062253035878e-15
"ENSG00000244701","ENSG00000244701",4.91253295230497e-20,0.706780190329595,0.273,0.17,1.31346393545778e-15
"HOOK2","HOOK2",5.37418024354806e-20,0.89590576898723,0.151,0.074,1.43689457171745e-15
"KCNJ2","KCNJ2",5.73179845749066e-20,0.459230593535588,0.484,0.36,1.53251095357928e-15
"N4BP2L2","N4BP2L2",5.97849046447988e-20,0.238976593650434,0.919,0.882,1.59846899548799e-15
"NACC2","NACC2",6.27338769956914e-20,0.57564298703004,0.438,0.327,1.6773156692338e-15
"FAT1","FAT1",6.2778781213772e-20,0.861767147999622,0.185,0.1,1.67851627331262e-15
"CDK11A","CDK11A",6.65831106132295e-20,1.25065834950211,0.133,0.063,1.78023262846592e-15
"QTMAN","QTMAN",8.11214354542019e-20,-0.399351114152984,0.684,0.747,2.168943819739e-15
"ST6GALNAC3","ST6GALNAC3",9.06149936712759e-20,0.292456012420955,0.908,0.85,2.4227730857889e-15
"TNFSF13B","TNFSF13B",9.23350857834867e-20,1.55479617503392,0.08,0.027,2.46876318859308e-15
"DNAJA4","DNAJA4",9.26009821577635e-20,0.932398647333436,0.187,0.101,2.47587245995212e-15
"CDH23","CDH23",9.27054335237304e-20,-1.5524103933932,0.039,0.105,2.47866517612398e-15
"CERS6","CERS6",1.03480773509436e-19,1.74352492687721,0.072,0.023,2.76676544132178e-15
"ENSG00000270898","ENSG00000270898",1.0625757401788e-19,0.615819841619648,0.276,0.172,2.84100875651606e-15
"ENSG00000230623","ENSG00000230623",1.12466656863626e-19,1.03185404984888,0.135,0.063,3.00702100456276e-15
"SNCA","SNCA",1.17534896321253e-19,0.426743403658731,0.556,0.44,3.14253052294135e-15
"SLC7A1","SLC7A1",1.2606298341993e-19,0.979272795717632,0.14,0.067,3.37054598769867e-15
"NUP210L","NUP210L",1.26588735771889e-19,0.773048817273007,0.188,0.102,3.38460302833301e-15
"MTMR7","MTMR7",1.28775379894416e-19,-0.44206738439853,0.49,0.589,3.44306733223701e-15
"SLC8A3","SLC8A3",1.29161683123178e-19,-2.59238050921118,0.011,0.06,3.4533959216644e-15
"TIRAP-AS1","TIRAP-AS1",1.37051031429568e-19,2.2728297164342,0.044,0.008,3.66433342733236e-15
"LHFPL6","LHFPL6",1.60339122081451e-19,0.56560760040694,0.3,0.193,4.28698710709174e-15
"DAAM2","DAAM2",1.70566642719675e-19,0.443294102583739,0.887,0.894,4.56044032639595e-15
"CD82","CD82",1.7344957405033e-19,-1.33141240635955,0.071,0.148,4.63752126138369e-15
"TMEM108","TMEM108",1.80317539058592e-19,1.24872666285598,0.117,0.052,4.82115004180957e-15
"RAD18","RAD18",1.82598882859057e-19,0.740795138717018,0.22,0.129,4.88214633100262e-15
"SYT11","SYT11",1.90972027776529e-19,-0.389280882126679,0.59,0.67,5.10601910666105e-15
"GNPTAB","GNPTAB",1.95692199804673e-19,-1.15898939159459,0.087,0.169,5.23222234617755e-15
"ANO10","ANO10",2.00869533316863e-19,0.568255281879136,0.364,0.252,5.37064871229296e-15
"DDX17","DDX17",2.01142849313673e-19,0.229067804100588,0.955,0.944,5.37795636209967e-15
"KANK1","KANK1",2.02815310521323e-19,0.389406969822587,0.623,0.515,5.42267295740863e-15
"MKLN1","MKLN1",2.05978001819622e-19,0.251581346990568,0.88,0.831,5.50723383465124e-15
"AGAP3","AGAP3",2.07017681345076e-19,0.537965103995204,0.428,0.312,5.5350317461233e-15
"SCFD2","SCFD2",2.2072696111421e-19,-0.526493524799534,0.43,0.527,5.90157675931063e-15
"LUC7L2","LUC7L2",2.33760940878287e-19,-0.864058268218965,0.133,0.227,6.25006627626275e-15
"PPFIBP1","PPFIBP1",2.37241985611914e-19,0.428603221041965,0.584,0.47,6.34313896930575e-15
"NCOA7","NCOA7",2.46972560249983e-19,0.257301353885687,0.889,0.842,6.60330534340379e-15
"GAMT","GAMT",2.50052403160913e-19,-0.836578770519302,0.152,0.249,6.68565110331333e-15
"PRH1","PRH1",2.56121546865788e-19,0.917117137110826,0.143,0.069,6.84792179855058e-15
"PRMT3","PRMT3",2.68187295216911e-19,0.549053204675226,0.388,0.275,7.17052371221454e-15
"TLL2","TLL2",2.72690350806163e-19,-1.53022245408335,0.05,0.12,7.29092190950438e-15
"C10orf90","C10orf90",3.05895014274002e-19,0.203113046412785,0.969,0.965,8.178714996644e-15
"SEMA4B","SEMA4B",3.06721059811798e-19,0.641042229507844,0.33,0.222,8.20080097618803e-15
"GNG5","GNG5",3.37651117196954e-19,1.36935343512586,0.088,0.032,9.02777792049497e-15
"TBC1D5","TBC1D5",3.46097036948095e-19,0.23983465651691,0.928,0.892,9.25359647688122e-15
"SUMF1","SUMF1",4.33176399822108e-19,-0.483763290274448,0.522,0.607,1.15818374020437e-14
"GTF3A","GTF3A",4.37534335067485e-19,0.726480149557562,0.222,0.13,1.16983555166994e-14
"PEA15","PEA15",4.51869271100056e-19,0.571228681215483,0.466,0.363,1.20816287014022e-14
"APC2","APC2",4.789924318149e-19,-0.821104241430717,0.199,0.299,1.2806820649435e-14
"SGK1","SGK1",4.86628774492655e-19,-0.31406378672202,0.893,0.912,1.30109935436101e-14
"HTATIP2","HTATIP2",5.21550732903961e-19,0.645826520541659,0.284,0.183,1.39447019456532e-14
"LRRC8A","LRRC8A",5.92370875122438e-19,0.856621008747118,0.184,0.102,1.58382200881486e-14
"ENSG00000249061","ENSG00000249061",6.07681206675896e-19,-1.62579368635083,0.042,0.107,1.62475724228934e-14
"FAM66C","FAM66C",6.25484730725471e-19,-0.819176882406845,0.169,0.267,1.67235852454069e-14
"ENSG00000240710","ENSG00000240710",6.26007820221026e-19,2.79858057466636,0.033,0.003,1.67375710892496e-14
"SYNM","SYNM",6.60210218658376e-19,0.767635261082895,0.245,0.15,1.7652040616269e-14
"SVEP1","SVEP1",6.67345470982016e-19,-1.03057843890697,0.172,0.267,1.78428158576462e-14
"UVRAG","UVRAG",6.79621242953854e-19,-0.336377393506454,0.681,0.745,1.81710331728572e-14
"CTBS","CTBS",6.95323826490277e-19,0.880162544780193,0.197,0.113,1.85908731488705e-14
"SPANXA2-OT1","SPANXA2-OT1",8.15865413984265e-19,-0.982135338344068,0.105,0.192,2.18137935736973e-14
"RAB9A","RAB9A",8.52693941369655e-19,0.752993560386744,0.236,0.143,2.27984779104005e-14
"TCAIM","TCAIM",8.67486749916559e-19,0.67925145174792,0.28,0.18,2.3193993232519e-14
"KCNQ1OT1","KCNQ1OT1",1.10258028531914e-18,0.305796124213758,0.754,0.66,2.94796890885777e-14
"SYNJ2","SYNJ2",1.1694707366089e-18,0.189800732304052,0.961,0.942,3.12681390847123e-14
"IP6K3","IP6K3",1.2523648813251e-18,0.74549682139358,0.276,0.18,3.34844798319892e-14
"LOC105375483","LOC105375483",1.37477219373135e-18,0.387664152254459,0.613,0.509,3.67572841437952e-14
"PCBP4","PCBP4",1.41416920711882e-18,-0.56549040478555,0.312,0.418,3.78106420907359e-14
"ADHFE1","ADHFE1",1.57317501786319e-18,-0.887031853871412,0.118,0.207,4.20619804526081e-14
"MYO15B","MYO15B",1.70586728849318e-18,-0.691956733154726,0.218,0.319,4.56097736924422e-14
"GCNA","GCNA",1.76749817515047e-18,1.05643962423281,0.13,0.062,4.7257598708998e-14
"UMAD1","UMAD1",1.78650041345264e-18,0.472353810378789,0.491,0.37,4.77656615544832e-14
"PLA2G4C","PLA2G4C",1.91775082770259e-18,0.52389385997493,0.597,0.499,5.12749038802841e-14
"FAM221A","FAM221A",1.93832636047629e-18,-0.843824410340519,0.172,0.265,5.18250319000545e-14
"AATK","AATK",2.05846666698328e-18,-0.310232988127483,0.782,0.825,5.5037223275132e-14
"SF3B2","SF3B2",2.18212535175331e-18,0.572921278806499,0.351,0.244,5.83434855298283e-14
"ARG2","ARG2",2.34424693716662e-18,1.2492598084792,0.098,0.04,6.26781303590239e-14
"BCO2","BCO2",2.39343352392932e-18,0.754708321730594,0.225,0.136,6.39932321292981e-14
"FNIP2","FNIP2",2.50807896877699e-18,-0.459165768689476,0.495,0.589,6.70585073881903e-14
"RASSF2","RASSF2",2.57224335034118e-18,0.407170195695373,0.659,0.557,6.87740704580722e-14
"TYW1","TYW1",2.60726087834289e-18,-0.622084113862082,0.258,0.364,6.97103341042539e-14
"CYB5R4","CYB5R4",2.76284513875465e-18,0.487945001836597,0.478,0.364,7.38701904748831e-14
"WBP2NL","WBP2NL",2.7663824617381e-18,-1.11573642621538,0.11,0.193,7.39647678794915e-14
"CYP2U1-AS1","CYP2U1-AS1",2.93859409027343e-18,0.339684369747433,0.707,0.603,7.85691901916408e-14
"UNC79","UNC79",2.97664923664599e-18,-0.548921527288371,0.386,0.488,7.95866706402039e-14
"PRRC2C","PRRC2C",3.00333750908948e-18,0.367360053019573,0.72,0.632,8.03002349805255e-14
"CCT4","CCT4",3.10737612248128e-18,0.703082397180999,0.304,0.206,8.30819153867819e-14
"RBP1","RBP1",3.17616499626247e-18,-1.15832914619986,0.061,0.133,8.49211235050695e-14
"SOX10","SOX10",3.53089166789623e-18,0.444696191351194,0.563,0.463,9.44054505245416e-14
"LINC01411","LINC01411",3.55116896489234e-18,-0.615756177500576,0.291,0.391,9.49476046143265e-14
"ENSG00000260418","ENSG00000260418",3.83236368457655e-18,0.733351826908169,0.203,0.117,1.02465907834523e-13
"ENSG00000272921","ENSG00000272921",3.90464684080151e-18,2.49213773036828,0.042,0.008,1.0439854258251e-13
"DIRAS2","DIRAS2",4.13827360131909e-18,1.30632239195765,0.098,0.041,1.10645021278468e-13
"GAB1","GAB1",4.17111626682297e-18,0.204317394858945,0.969,0.951,1.11523135626046e-13
"HLA-DMA","HLA-DMA",4.21861834409151e-18,-1.86465769799657,0.021,0.074,1.12793198665975e-13
"TSPAN14","TSPAN14",4.63617073414693e-18,0.919718609037415,0.179,0.1,1.23957296918887e-13
"FGF1","FGF1",5.11948351848502e-18,0.415411101113651,0.68,0.584,1.36879630833734e-13
"GIPC1","GIPC1",5.28395750261004e-18,-0.606991259050536,0.314,0.415,1.41277171747285e-13
"KEAP1","KEAP1",5.41808246450666e-18,0.700752893139692,0.238,0.145,1.44863270853515e-13
"HEY2","HEY2",5.53383203410564e-18,0.949255874313359,0.14,0.07,1.47958067095882e-13
"ENSG00000222017","ENSG00000222017",5.72307982882807e-18,0.792565903505042,0.212,0.126,1.53017985383376e-13
"SALL1","SALL1",6.06900258457168e-18,0.552878980953041,0.325,0.219,1.62266922103693e-13
"ENSG00000254777","ENSG00000254777",6.12596293720236e-18,-1.22627469033005,0.044,0.11,1.63789871051979e-13
"NXPE3","NXPE3",6.31277875072246e-18,0.357673952907122,0.685,0.592,1.68784765458066e-13
"LINC02882","LINC02882",6.58450907815951e-18,-0.462406163297305,0.579,0.66,1.76050019222751e-13
"JAM3","JAM3",6.59147718089455e-18,-0.304781374461407,0.795,0.837,1.76236325385577e-13
"PRMT2","PRMT2",6.75374001922001e-18,0.381155040224504,0.604,0.498,1.80574746893885e-13
"OPTN","OPTN",6.7790195879687e-18,0.679575817846767,0.264,0.169,1.81250646723519e-13
"PLPP4","PLPP4",6.91983250211793e-18,0.931313189679138,0.172,0.095,1.85015561609127e-13
"RYR2","RYR2",7.22609638794286e-18,0.480216184464146,0.478,0.362,1.93204139124428e-13
"PHF6","PHF6",7.71749202794586e-18,0.688560669923471,0.283,0.187,2.06342584351188e-13
"BCL2","BCL2",7.75287849607024e-18,0.369358026978767,0.628,0.517,2.0728871234943e-13
"TEAD1","TEAD1",8.16900711614245e-18,0.55611221591981,0.433,0.325,2.18414743264301e-13
"PPP2R3C","PPP2R3C",8.29436913939465e-18,0.499260496914911,0.44,0.331,2.21766547679995e-13
"COL16A1","COL16A1",1.00383093425401e-17,0.452297244631415,0.551,0.451,2.68394276891495e-13
"CCDC3","CCDC3",1.15214985886847e-17,0.844104821898468,0.185,0.105,3.08050307765664e-13
"TFDP2","TFDP2",1.21758026633158e-17,0.493163112588278,0.596,0.494,3.25544435809073e-13
"MCM3AP-AS1","MCM3AP-AS1",1.23889530153114e-17,1.1616232517948,0.117,0.055,3.31243436770381e-13
"HSPA4","HSPA4",1.44498283363285e-17,0.611467041618638,0.305,0.206,3.86345060228415e-13
"DPH6","DPH6",1.57904692305807e-17,-0.524221080887282,0.381,0.481,4.22189775818036e-13
"RRAGC-DT","RRAGC-DT",1.64109371672306e-17,0.477473183626647,0.479,0.37,4.38779227040244e-13
"ATM","ATM",1.725881116277e-17,0.334896133570874,0.719,0.618,4.61448834058982e-13
"ZNF609","ZNF609",1.9184860197717e-17,-0.366326408062195,0.632,0.703,5.12945607106359e-13
"PIK3C2B","PIK3C2B",1.94332057015904e-17,-0.442354245571162,0.575,0.642,5.19585620843423e-13
"LOC107986448","LOC107986448",2.09303374662333e-17,-0.47324019926622,0.521,0.618,5.59614432834679e-13
"SNX31","SNX31",2.2047096972547e-17,2.90447274969174,0.033,0.004,5.8947323175499e-13
"PEG10","PEG10",2.63693159641497e-17,0.819568665382932,0.158,0.084,7.0503640093347e-13
"LINC01068","LINC01068",2.69258316457619e-17,3.28788440832599,0.028,0.003,7.19915960712736e-13
"PDK4","PDK4",2.75445785531595e-17,0.439752945479222,0.451,0.34,7.36459396775826e-13
"SPATA7","SPATA7",2.79750881973798e-17,-0.763678170832373,0.183,0.277,7.47969933133345e-13
"GLIDR","GLIDR",2.86392928775113e-17,-0.792832032641735,0.221,0.312,7.6572877366602e-13
"LOC101927293","LOC101927293",3.049767869646e-17,0.531084072657692,0.257,0.162,8.15416435307251e-13
"PGBD5","PGBD5",3.0579159852035e-17,0.562939074440495,0.339,0.236,8.1759499696386e-13
"EML2","EML2",3.41212317945028e-17,0.40992565639308,0.566,0.459,9.12299374489621e-13
"DCLK1","DCLK1",3.58829021187554e-17,1.88143599223912,0.085,0.034,9.59401153949163e-13
"SESN1","SESN1",3.86151753206484e-17,0.391921301282156,0.523,0.405,1.03245394254818e-12
"MSH4","MSH4",4.17225401798216e-17,1.13481480860241,0.108,0.049,1.11553555678789e-12
"SERHL2","SERHL2",4.48268330865867e-17,0.933643879604589,0.139,0.07,1.19853503623607e-12
"HSPD1","HSPD1",4.48856126541949e-17,0.664858247130775,0.299,0.204,1.20010662553521e-12
"ZDHHC9","ZDHHC9",4.49171204929102e-17,-0.527425491587894,0.44,0.524,1.20094905061894e-12
"TMEM140","TMEM140",5.10268512974628e-17,0.7036051711886,0.251,0.161,1.36430492314026e-12
"PPWD1","PPWD1",5.30402801334635e-17,-0.7742549908427,0.212,0.303,1.41813796992841e-12
"CHRM5","CHRM5",5.54755533423672e-17,0.426674280965984,0.458,0.342,1.48324986971487e-12
"GIPC2","GIPC2",5.58841339717039e-17,0.725917481135679,0.177,0.099,1.49417409000145e-12
"ACTN2","ACTN2",5.61884854222889e-17,0.39148471889239,0.611,0.497,1.50231153473574e-12
"HERC3","HERC3",6.16833677549252e-17,0.436568236897617,0.408,0.299,1.64922820366343e-12
"RAB30","RAB30",6.6678610350684e-17,0.290539984062459,0.78,0.701,1.78278600494624e-12
"BDNF-AS","BDNF-AS",6.84594284196752e-17,-0.602487196398146,0.297,0.394,1.83039973765686e-12
"MAP3K10","MAP3K10",7.22496181278021e-17,0.764150760104525,0.184,0.106,1.93173803988305e-12
"NDE1","NDE1",7.45861872428409e-17,0.33519948882688,0.747,0.656,1.99421088831184e-12
"BCAT1","BCAT1",7.90602883879936e-17,-0.746397253392441,0.153,0.244,2.11383493062979e-12
"RASGEF1B","RASGEF1B",8.04224647114498e-17,-0.568718851876854,0.526,0.603,2.15025543899003e-12
"LRP2","LRP2",8.35949834729829e-17,0.219150217712697,0.885,0.808,2.23507907311714e-12
"MITD1","MITD1",8.78207160327269e-17,0.648101876789934,0.238,0.148,2.34806248456702e-12
"HPRT1","HPRT1",8.81745881022156e-17,0.663010107870812,0.315,0.221,2.35752396208894e-12
"CARS1","CARS1",9.56917072041917e-17,0.659250382234198,0.275,0.181,2.55850917551847e-12
"FUT9","FUT9",1.02157635340787e-16,0.442506486270648,0.578,0.475,2.73138869610661e-12
"CDK6","CDK6",1.06288068292685e-16,0.355113041757569,0.669,0.569,2.84182408194153e-12
"NBEA","NBEA",1.07955224314311e-16,0.374095771163429,0.567,0.459,2.88639883249173e-12
"TMEM72-AS1","TMEM72-AS1",1.17138998033245e-16,-1.29725311339882,0.049,0.112,3.13194539041487e-12
"FNTB","FNTB",1.2128851609048e-16,0.725762871581379,0.204,0.122,3.24289105471115e-12
"PAPSS1","PAPSS1",1.21831293967428e-16,0.427190798010922,0.572,0.468,3.25740330680713e-12
"SDCCAG8","SDCCAG8",1.23993774464238e-16,-0.305547327976698,0.738,0.778,3.31522154785033e-12
"TENT4B","TENT4B",1.25280614221698e-16,0.618678232296885,0.256,0.164,3.34962778244555e-12
"COPB2-DT","COPB2-DT",1.32004950884715e-16,-0.686405972270869,0.257,0.352,3.52941637180463e-12
"NIPA1","NIPA1",1.37874267782865e-16,0.529507521360618,0.402,0.299,3.68634429771045e-12
"HSPE1-MOB4","HSPE1-MOB4",1.41017127619891e-16,2.18690000816606,0.044,0.01,3.77037494117303e-12
"PCDH18","PCDH18",1.51407315941843e-16,3.3274953894121,0.027,0.002,4.04817740633705e-12
"ARMH4","ARMH4",1.52051342053288e-16,0.545098002624682,0.404,0.303,4.06539673247875e-12
"FAM13A","FAM13A",1.55242470610602e-16,0.926992673181799,0.177,0.102,4.15071793671566e-12
"PPP1R16B","PPP1R16B",1.55297018101071e-16,-0.301645277330362,0.718,0.784,4.15217637296834e-12
"KIF5C","KIF5C",1.63451465184018e-16,0.248598813381813,0.847,0.768,4.37020182462508e-12
"HIP1R","HIP1R",1.69182743829987e-16,-0.359429903237634,0.625,0.681,4.52343902178237e-12
"CDK2AP2","CDK2AP2",1.75534481682244e-16,0.904637673125019,0.157,0.086,4.69326543673817e-12
"LAMA2","LAMA2",2.02130195153982e-16,-1.54506631404311,0.125,0.204,5.40435502783202e-12
"LINC01599","LINC01599",2.16516771687256e-16,1.50267901124004,0.065,0.022,5.78900892460217e-12
"EPS8","EPS8",2.23293309594021e-16,0.503510473331933,0.467,0.367,5.97019321861534e-12
"HECTD4","HECTD4",2.24790540527487e-16,0.360170661235383,0.667,0.58,6.01022468208342e-12
"SLC26A3","SLC26A3",2.28258680499492e-16,-1.0314876134522,0.118,0.197,6.10295234051492e-12
"SSH2","SSH2",2.29622879532577e-16,-0.278876855953146,0.851,0.871,6.13942693006252e-12
"RNF144A","RNF144A",2.56260913049304e-16,0.260068113639241,0.859,0.807,6.85164803219925e-12
"TRPS1","TRPS1",2.93654204444867e-16,0.327111302597329,0.676,0.57,7.85143246424241e-12
"ZBTB16","ZBTB16",2.94620937823978e-16,0.314528867529642,0.773,0.705,7.87728001459971e-12
"RETREG1","RETREG1",3.1168535245284e-16,-0.323295321279378,0.715,0.777,8.33353126853159e-12
"NBPF1","NBPF1",3.18136185005379e-16,0.544330254910705,0.386,0.285,8.50600717848883e-12
"PAN2","PAN2",3.18690110436636e-16,0.684463575210499,0.218,0.135,8.52081748274435e-12
"HIBADH","HIBADH",3.21398276066037e-16,-0.616505044829293,0.308,0.404,8.59322570717764e-12
"DYNC2H1","DYNC2H1",3.28847230484181e-16,-0.647573096203451,0.198,0.294,8.79238840145556e-12
"JDP2","JDP2",3.38160764138942e-16,1.9591764204689,0.053,0.015,9.04140435078289e-12
"SECISBP2L","SECISBP2L",4.15226593045722e-16,-0.27652608642717,0.791,0.833,1.11019134182635e-11
"LGALS3BP","LGALS3BP",4.20642112202459e-16,0.571182590759125,0.42,0.323,1.12467081539572e-11
"ENSG00000268205","ENSG00000268205",4.45233403719249e-16,0.497601633276798,0.421,0.316,1.19042055152416e-11
"AJM1","AJM1",4.46353716528365e-16,1.12022910396673,0.087,0.036,1.19341593188189e-11
"ZNNT1","ZNNT1",4.50427317846702e-16,0.917042154837836,0.127,0.064,1.20430751972673e-11
"IQCJ-SCHIP1","IQCJ-SCHIP1",4.82527575814191e-16,0.341382600219828,0.716,0.632,1.2901339794544e-11
"CTNND2","CTNND2",5.27222985368278e-16,-0.322205460921317,0.695,0.755,1.40963609597917e-11
"PTPRE","PTPRE",6.14357063519379e-16,0.418410802888051,0.518,0.414,1.64260648073176e-11
"SPATS2L","SPATS2L",7.3472176879824e-16,0.467896426327529,0.417,0.311,1.96442559323586e-11
"DYNC1I1","DYNC1I1",7.60536273507356e-16,0.319858603289621,0.671,0.569,2.03344583447662e-11
"ORC2","ORC2",8.899602617232e-16,-0.628408789903145,0.247,0.342,2.37948675176932e-11
"SLC6A6","SLC6A6",9.47350058085506e-16,0.721226723894732,0.281,0.192,2.53292985030322e-11
"LPL","LPL",9.68959874646688e-16,1.50825824995303,0.073,0.027,2.59070801684285e-11
"SLC45A2","SLC45A2",1.08632127879754e-15,1.53320361634361,0.071,0.027,2.90449720312099e-11
"PLEKHG3","PLEKHG3",1.08806542105062e-15,-0.445770852161915,0.434,0.522,2.90916051626303e-11
"AEBP2","AEBP2",1.13794827915777e-15,0.495092792588352,0.456,0.359,3.04253231398412e-11
"RAI14","RAI14",1.14071068916991e-15,0.552898101122961,0.341,0.244,3.04991816963358e-11
"SOS1","SOS1",1.20422671321095e-15,0.402504719617855,0.511,0.406,3.21974096311211e-11
"TPM4","TPM4",1.21484031481407e-15,-0.661555607048569,0.235,0.324,3.24811854971839e-11
"JAZF1","JAZF1",1.22181590329952e-15,-0.39709635001188,0.567,0.631,3.26676918065192e-11
"ACYP2","ACYP2",1.31520196942287e-15,-0.316317537613069,0.77,0.805,3.51645550564592e-11
"BICDL1","BICDL1",1.33180347166876e-15,1.48415927148764,0.067,0.024,3.56084294220076e-11
"MYOM1","MYOM1",1.41184604010071e-15,0.792302527740119,0.148,0.081,3.77485275741728e-11
"ENSG00000227757","ENSG00000227757",1.49070010126585e-15,-0.90315903155766,0.123,0.203,3.9856848607545e-11
"ARHGAP1","ARHGAP1",1.53692150553696e-15,-0.465173996079905,0.398,0.483,4.10926702935416e-11
"THBS2","THBS2",1.84483564463173e-15,0.713260027506883,0.24,0.157,4.93253706305185e-11
"ENSG00000260911","ENSG00000260911",1.91722626684656e-15,0.609488461493028,0.271,0.183,5.12608786966764e-11
"DENND5A","DENND5A",2.14161447281749e-15,-0.314828900130082,0.679,0.734,5.72603461597213e-11
"ASNS","ASNS",2.15989546612155e-15,1.11489655743228,0.112,0.055,5.77491250776918e-11
"MYRIP","MYRIP",2.19468482496676e-15,0.655055510286375,0.258,0.173,5.86792881651363e-11
"SF1","SF1",2.30141694182207e-15,-0.383309575213666,0.498,0.585,6.15329847734968e-11
"PLEKHA7","PLEKHA7",2.31143433111244e-15,0.601349512000096,0.358,0.266,6.18008197109533e-11
"ZSCAN30","ZSCAN30",2.75167226029751e-15,-0.76458886547957,0.133,0.214,7.35714612235744e-11
"JADE3","JADE3",3.23157352595445e-15,0.692726694424368,0.219,0.139,8.64025813634441e-11
"TSPYL2","TSPYL2",3.5141882403211e-15,1.11567871813134,0.127,0.067,9.39588509814653e-11
"LINC02119","LINC02119",3.59388867084963e-15,-1.78851468402283,0.029,0.079,9.60898013925065e-11
"WWOX","WWOX",3.61580794142596e-15,0.231069327446252,0.945,0.909,9.66758569299059e-11
"CACYBP","CACYBP",3.74824106564436e-15,0.77164490850766,0.2,0.123,1.00216721372133e-10
"CRELD1","CRELD1",4.46943072146289e-15,0.733888897436989,0.177,0.103,1.19499169199753e-10
"PPP1R12B","PPP1R12B",4.62945102257397e-15,-0.248172340004474,0.869,0.884,1.2377763199056e-10
"SQLE","SQLE",4.70854080359241e-15,0.776552402385949,0.259,0.175,1.2589225546565e-10
"ME1","ME1",4.73499388771889e-15,0.56361584580066,0.254,0.167,1.2659953157594e-10
"MYO6","MYO6",4.74955126477135e-15,-0.241406516737665,0.825,0.861,1.26988752166192e-10
"SACS","SACS",4.7504265520894e-15,0.430880189640749,0.451,0.347,1.27012154723214e-10
"PHYHIPL","PHYHIPL",4.99847406257291e-15,0.35163823365242,0.681,0.599,1.33644201011012e-10
"PGRMC1","PGRMC1",4.99888397494318e-15,0.576501751209419,0.35,0.257,1.33655160838056e-10
"ADSS2","ADSS2",5.26981354363967e-15,0.445632858489429,0.563,0.478,1.40899004716294e-10
"STOX2","STOX2",5.29687571763837e-15,-0.413275076045758,0.514,0.587,1.41622566062497e-10
"INSIG1","INSIG1",5.32634714923948e-15,0.691272754130404,0.297,0.209,1.42410543729216e-10
"ERC1","ERC1",5.40336602511063e-15,0.388775293819763,0.644,0.56,1.44469797413383e-10
"WDFY3","WDFY3",5.82971112674273e-15,0.257603577009955,0.892,0.846,1.5586898639572e-10
"FAM216A","FAM216A",5.99612027848316e-15,1.10192513486621,0.112,0.055,1.60318267885804e-10
"RALGAPA2","RALGAPA2",6.04901185989365e-15,0.371605515520356,0.605,0.502,1.61732430097976e-10
"NRXN1","NRXN1",6.13070923876304e-15,1.16094671168241,0.201,0.127,1.63916772916807e-10
"KIF13A","KIF13A",6.4572483059059e-15,-0.265778505877698,0.813,0.851,1.72647447955006e-10
"RANGAP1","RANGAP1",6.5225291087254e-15,0.495064600895292,0.375,0.275,1.74392860779991e-10
"TMEM125","TMEM125",6.69615018959128e-15,-0.691828109847878,0.194,0.279,1.79034967619102e-10
"TRAF3","TRAF3",6.9542224418375e-15,0.561558870629288,0.304,0.213,1.85935045427409e-10
"CDH6","CDH6",6.95555257799529e-15,2.01856396535948,0.041,0.01,1.8597060927786e-10
"ZNF680","ZNF680",7.10444446217121e-15,0.531936398492004,0.336,0.242,1.89951531585072e-10
"MGST3","MGST3",8.01964150026371e-15,0.463473436399523,0.41,0.314,2.14421154792551e-10
"LINC02649","LINC02649",8.54275334283772e-15,-2.7800469772331,0.009,0.045,2.28407596127452e-10
"PIEZO1","PIEZO1",9.28717395484207e-15,1.05993401516077,0.122,0.063,2.48311170030612e-10
"RAP1GDS1","RAP1GDS1",1.07440306113991e-14,-0.348264281373547,0.675,0.73,2.87263146456977e-10
"TNS2-AS1","TNS2-AS1",1.08886752881516e-14,-0.994874653925989,0.124,0.197,2.91130511179308e-10
"FBXL17","FBXL17",1.1005915025187e-14,0.34203066434783,0.631,0.537,2.94265150028425e-10
"MTCH1","MTCH1",1.21587051201586e-14,0.446048553886188,0.491,0.4,3.25087298797682e-10
"CREBBP","CREBBP",1.24596455610636e-14,0.335192945668972,0.591,0.493,3.33133543366158e-10
"EMSY","EMSY",1.25503331669106e-14,0.404970565301338,0.453,0.353,3.35558257883688e-10
"BCL2L1","BCL2L1",1.3660814326082e-14,0.339494195411067,0.62,0.527,3.65249192636456e-10
"YARS1","YARS1",1.38040266938251e-14,0.646872994242223,0.245,0.163,3.69078261712801e-10
"MEIS2","MEIS2",1.43170003212925e-14,0.368379843149887,0.566,0.469,3.82793637590397e-10
"CAPS","CAPS",1.50088179865425e-14,0.827084997706533,0.147,0.082,4.01290766506187e-10
"ZNF33B","ZNF33B",1.72679097845944e-14,1.14190341679524,0.111,0.055,4.61692103910702e-10
"TMEM132C","TMEM132C",1.78346825843987e-14,-0.979237485983567,0.074,0.14,4.76845908259069e-10
"RHOU","RHOU",1.83465270952828e-14,-0.450365717213348,0.508,0.574,4.90531094946576e-10
"GBP2","GBP2",1.84681989309177e-14,3.66956649811114,0.023,0.002,4.93784234815947e-10
"BCR","BCR",1.86720475091346e-14,0.619595308173861,0.24,0.157,4.99234534251731e-10
"HP1BP3","HP1BP3",1.87780447424163e-14,0.305023631426175,0.707,0.63,5.02068582277986e-10
"LURAP1L-AS1","LURAP1L-AS1",2.28078502378837e-14,-0.884873317806987,0.307,0.372,6.09813491810298e-10
"RFX3","RFX3",2.57798910033135e-14,0.298384651946653,0.606,0.5,6.89276945755592e-10
"SLFN5","SLFN5",2.66526294129273e-14,1.0504372718751,0.109,0.054,7.12611352613437e-10
"TNS2","TNS2",2.73588012007943e-14,-0.669509558109651,0.122,0.201,7.31492267705638e-10
"LRRC7","LRRC7",2.78393787953527e-14,-0.972958287338975,0.116,0.19,7.44341470851344e-10
"KLF15","KLF15",2.91854038015478e-14,0.71156964123639,0.213,0.135,7.80330141441984e-10
"TMEM123","TMEM123",2.92942837933171e-14,-0.547018228330686,0.298,0.388,7.83241265781919e-10
"HSPA5","HSPA5",3.03972703454921e-14,0.630142811203489,0.25,0.169,8.12731817227423e-10
"MORF4L2","MORF4L2",3.12460875587406e-14,0.449832626456975,0.358,0.258,8.35426643058048e-10
"ENSG00000278291","ENSG00000278291",3.60034733528029e-14,1.28972911821091,0.078,0.033,9.62624867033892e-10
"LINC03022","LINC03022",3.65186834410469e-14,1.82486275225546,0.048,0.014,9.76400039163271e-10
"UCHL1","UCHL1",3.67577093952502e-14,0.606124304368141,0.264,0.18,9.82790876100806e-10
"TARS1","TARS1",3.74413036964437e-14,0.761591309694522,0.174,0.104,1.00106813693181e-09
"ERRFI1","ERRFI1",3.82634395178693e-14,0.618842423261412,0.221,0.141,1.02304958238927e-09
"LRRC4C","LRRC4C",4.0020888997473e-14,-0.520444984014722,0.462,0.534,1.07003850912544e-09
"BAALC","BAALC",4.09925572424994e-14,-2.15353454264366,0.023,0.068,1.09601800299271e-09
"ZNF652-AS1","ZNF652-AS1",4.21018645701611e-14,0.999279016328107,0.127,0.068,1.1256775530124e-09
"ENSG00000264324","ENSG00000264324",4.21549960889746e-14,-0.684654545980647,0.169,0.252,1.12709813043091e-09
"ATG14","ATG14",4.27165493579532e-14,-0.684264699304922,0.171,0.252,1.1421123801836e-09
"CAMKMT","CAMKMT",4.32369643778499e-14,0.282711467923673,0.605,0.496,1.15602671657057e-09
"ARL17A","ARL17A",4.5230959714304e-14,0.600939226941307,0.315,0.23,1.20934016988135e-09
"RNF13","RNF13",4.90048892637982e-14,0.213199566106524,0.881,0.831,1.31024372424617e-09
"THSD4","THSD4",5.02694493949717e-14,1.02820625326585,0.113,0.057,1.34405426847336e-09
"DEAF1","DEAF1",5.10386250087036e-14,0.620395308164447,0.218,0.14,1.36461971685771e-09
"MAPK10","MAPK10",5.94994685126294e-14,0.266755385617364,0.706,0.611,1.59083728962217e-09
"ENSG00000226994","ENSG00000226994",6.14937684202151e-14,-0.394815302313149,0.602,0.665,1.64415888625129e-09
"LINC01010","LINC01010",6.32254871881892e-14,-1.38455729482766,0.049,0.104,1.69045985095061e-09
"MN1","MN1",6.46309848094252e-14,-2.69482494780488,0.007,0.04,1.7280386408496e-09
"LIFR","LIFR",6.53553376160593e-14,0.295530866860772,0.757,0.688,1.74740566184058e-09
"PNPLA7","PNPLA7",6.79359311984247e-14,0.687221422031681,0.253,0.172,1.81640299245228e-09
"CHST1","CHST1",7.02772952896616e-14,1.29468436522982,0.071,0.028,1.87900404415968e-09
"ZNF892","ZNF892",7.2818172752848e-14,0.551678620988015,0.249,0.167,1.9469394848929e-09
"KIF26B","KIF26B",7.44612744123473e-14,0.982879564623604,0.103,0.051,1.99087109396293e-09
"ARL15","ARL15",7.81956790098288e-14,0.399331196362691,0.35,0.255,2.09071786968579e-09
"PDE9A","PDE9A",8.13922864051815e-14,0.735337553206641,0.21,0.135,2.17618556161534e-09
"FKTN","FKTN",8.56480574407942e-14,-0.695364283002561,0.222,0.301,2.28997211179451e-09
"LOC105370169","LOC105370169",8.64348763520455e-14,-0.510239662806682,0.323,0.414,2.31100928902464e-09
"ZBTB40","ZBTB40",9.28876002581466e-14,0.688395421421676,0.198,0.125,2.48353576810207e-09
"STRN","STRN",9.42031448886576e-14,-0.349371628536366,0.595,0.655,2.51870948488804e-09
"C17orf67","C17orf67",1.00649275457192e-13,1.30900373675659,0.062,0.023,2.69105967789895e-09
"AZGP1","AZGP1",1.03550352875064e-13,0.347773317578667,0.44,0.341,2.7686257848206e-09
"C2orf69","C2orf69",1.03741556377744e-13,0.675028874382965,0.198,0.124,2.77373799287174e-09
"CTNNA2","CTNNA2",1.04119910937131e-13,0.659107664836417,0.209,0.137,2.78385405872608e-09
"FMNL3","FMNL3",1.06030132735802e-13,-0.903708105962622,0.111,0.182,2.83492765895713e-09
"R3HCC1","R3HCC1",1.06623934410178e-13,0.690182140396141,0.22,0.144,2.85080413432494e-09
"AGPAT4","AGPAT4",1.09629421973588e-13,-0.301692220463764,0.832,0.842,2.93116185530783e-09
"ACSL4","ACSL4",1.13411165203741e-13,-0.48932991462512,0.303,0.392,3.03227432405242e-09
"PELI1","PELI1",1.24396844716727e-13,0.490974541076808,0.324,0.233,3.32599843719112e-09
"MRPS30-DT","MRPS30-DT",1.26387140074571e-13,-0.80249479150556,0.134,0.209,3.3792129641738e-09
"INTU","INTU",1.27239262087419e-13,-0.498831956366338,0.324,0.407,3.40199615043132e-09
"SLC29A3","SLC29A3",1.33790489688692e-13,1.01744430688363,0.1,0.049,3.57715632280656e-09
"RCBTB2","RCBTB2",1.3711669234503e-13,0.8454240420651,0.14,0.079,3.66608900322906e-09
"PNN","PNN",1.38112630423348e-13,-0.579596361266286,0.231,0.312,3.69271739962907e-09
"PCA3","PCA3",1.38780068795964e-13,0.57248534559231,0.257,0.175,3.7105626993977e-09
"ADIPOR2","ADIPOR2",1.39515885166277e-13,0.193566867405072,0.892,0.846,3.73023622169074e-09
"ACAT2","ACAT2",1.39847519936363e-13,0.989887427583581,0.121,0.065,3.73910314053854e-09
"SLC48A1","SLC48A1",1.41057361412268e-13,-0.39350430541478,0.462,0.547,3.77145067207981e-09
"BACE1","BACE1",1.48500693144842e-13,-0.353198594526551,0.5,0.58,3.97046303261363e-09
"MAL","MAL",1.54445477931999e-13,-0.373435728684267,0.635,0.688,4.12940874346787e-09
"VAPA","VAPA",1.56077650982529e-13,0.32208316676808,0.627,0.535,4.17304815431987e-09
"SNX3","SNX3",1.56739808921948e-13,0.505095218762746,0.256,0.174,4.19075227114613e-09
"JMJD6","JMJD6",1.64753826770402e-13,1.1279407991259,0.098,0.048,4.40502306636024e-09
"SMYD3","SMYD3",1.64758836275058e-13,0.376142449960004,0.45,0.349,4.40515700548622e-09
"ZNF281","ZNF281",1.83842185596739e-13,0.452931362547309,0.302,0.214,4.91538851630002e-09
"RASSF4","RASSF4",1.90358601478401e-13,0.398731310720834,0.533,0.445,5.08961792772802e-09
"IZUMO4","IZUMO4",2.18351105090184e-13,-0.721237703094201,0.105,0.175,5.83805349679626e-09
"CLDN15","CLDN15",2.18908088339535e-13,0.809289810245528,0.128,0.07,5.85294555793416e-09
"ENSG00000234248","ENSG00000234248",2.2091940275414e-13,0.561308424848736,0.267,0.186,5.90672207143744e-09
"LOC107984948","LOC107984948",2.38551430856657e-13,-1.63117123459209,0.025,0.068,6.37814960681445e-09
"SGK2","SGK2",2.39865350939118e-13,-0.753814375760218,0.127,0.201,6.41327988805919e-09
"ATG10","ATG10",2.46567638888889e-13,-0.567955529773206,0.24,0.325,6.59247896097224e-09
"SAFB2","SAFB2",2.54116848823929e-13,0.437171362122595,0.352,0.257,6.79432218700539e-09
"COX4I1","COX4I1",2.67372897575594e-13,-0.561757694082093,0.265,0.348,7.14874916247866e-09
"BAZ1A","BAZ1A",2.70391325727177e-13,0.510154973530204,0.283,0.197,7.22945287596754e-09
"CD55","CD55",3.01441041673412e-13,-0.75038810298391,0.239,0.317,8.05962913122203e-09
"TTC6","TTC6",3.06903904542301e-13,1.55598378563385,0.054,0.019,8.20568969574751e-09
"TMSB4X","TMSB4X",3.14428998087224e-13,0.466000398275789,0.524,0.437,8.40688812185811e-09
"LSMEM1","LSMEM1",3.18757341284024e-13,1.54844784054578,0.055,0.02,8.52261503391095e-09
"ST8SIA1","ST8SIA1",3.18833894316628e-13,2.10001222030011,0.039,0.01,8.52466183234369e-09
"CLIP2","CLIP2",3.33630751440988e-13,0.317619386219878,0.738,0.657,8.9202854012777e-09
"CACNA1E","CACNA1E",3.34405953574931e-13,-1.6744100660744,0.025,0.069,8.94101198073294e-09
"ENSG00000258561","ENSG00000258561",3.5239070482195e-13,-1.44548691154929,0.04,0.09,9.42187027482449e-09
"TENM3","TENM3",3.63176806886022e-13,0.979520203399282,0.098,0.048,9.71025828571156e-09
"PLCL2","PLCL2",3.89598118040358e-13,-1.77138438324466,0.023,0.065,1.0416684882045e-08
"NLGN1","NLGN1",3.92665943010088e-13,-0.314767157400409,0.712,0.789,1.04987093182607e-08
"PICK1","PICK1",4.09487176801557e-13,0.517023123843162,0.329,0.241,1.09484586461432e-08
"ATG4C","ATG4C",4.09575674406919e-13,0.228255005132162,0.827,0.785,1.09508248066178e-08
"PTOV1","PTOV1",4.11434217120862e-13,0.466517486628816,0.274,0.188,1.10005166631605e-08
"NDRG1","NDRG1",4.13493029861342e-13,0.276340504083938,0.832,0.79,1.10555631394027e-08
"LINC02910","LINC02910",4.14549243831076e-13,0.837847270031048,0.127,0.07,1.10838031323115e-08
"TRPC4AP","TRPC4AP",4.34312011632386e-13,-0.291645099097468,0.657,0.705,1.16122002550151e-08
"SLC16A4","SLC16A4",4.43780548307475e-13,1.75026270749822,0.043,0.012,1.1865360520097e-08
"STPG2","STPG2",4.5415694579538e-13,0.380207263793262,0.458,0.36,1.21427942597311e-08
"FRYL","FRYL",4.94963047441836e-13,0.151276409251044,0.985,0.979,1.32338269994524e-08
"HSPA9","HSPA9",5.13294320809362e-13,0.528710976485106,0.338,0.25,1.37239502554799e-08
"ITM2A","ITM2A",5.1974103968486e-13,-1.7070780691078,0.017,0.056,1.38963161780541e-08
"C19orf81","C19orf81",5.46714596248162e-13,1.283633217174,0.075,0.033,1.46175081598871e-08
"ERMN","ERMN",5.6509119014385e-13,-0.264599382327814,0.66,0.742,1.51088431508761e-08
"GSTA4","GSTA4",5.70636247657671e-13,-0.789273352227955,0.164,0.237,1.52571013536232e-08
"RNF32-DT","RNF32-DT",5.86192492326853e-13,-1.04906219001384,0.116,0.182,1.56730286673431e-08
"PXK","PXK",6.10243121019951e-13,-0.161384755938406,0.94,0.961,1.63160703267104e-08
"PDXDC1","PDXDC1",6.2705291651798e-13,0.384532952463939,0.456,0.36,1.67655138289412e-08
"RHBDF2","RHBDF2",6.31101712681628e-13,2.65021408764063,0.025,0.004,1.68737664919687e-08
"USP53","USP53",6.31665241329604e-13,0.852466549594462,0.132,0.075,1.68888335574296e-08
"RHOBTB1","RHOBTB1",6.4801969129642e-13,0.460838382995997,0.56,0.484,1.73261024861924e-08
"NAA16","NAA16",6.5476176865784e-13,0.461725943518287,0.374,0.284,1.75063654086047e-08
"HAGH","HAGH",6.76632164658656e-13,0.427042700942466,0.339,0.248,1.80911141864785e-08
"PURA","PURA",7.00604445118885e-13,0.345161501028262,0.454,0.354,1.87320610491436e-08
"PPM1K","PPM1K",7.3330482693131e-13,0.389454144676931,0.462,0.365,1.96063711576624e-08
"SORD","SORD",7.51580321658425e-13,0.726630913380788,0.145,0.084,2.00950030601813e-08
"FDPS","FDPS",7.81404449819881e-13,0.653540507339132,0.265,0.185,2.08924107748342e-08
"SPATA1","SPATA1",7.89595258155698e-13,1.12434268411158,0.078,0.035,2.11114084173089e-08
"CLVS1","CLVS1",7.97539603300916e-13,-1.04206925388421,0.077,0.138,2.13238163734566e-08
"HMGCR","HMGCR",8.15536459270176e-13,0.961385719721192,0.133,0.075,2.18049983115067e-08
"GOLM1","GOLM1",8.20255577233027e-13,0.828611860467439,0.138,0.079,2.19311733684794e-08
"BMS1","BMS1",8.2140835432397e-13,0.64792589877197,0.223,0.148,2.196199516956e-08
"SNAP23","SNAP23",8.28016375773813e-13,0.394632151671045,0.36,0.263,2.21386738390644e-08
"ENSG00000226179","ENSG00000226179",8.34966312524173e-13,0.636743204529212,0.249,0.172,2.23244942979588e-08
"MYRF","MYRF",8.43705259710685e-13,-0.262433230986612,0.755,0.812,2.25581475288846e-08
"VEGFB","VEGFB",8.81342985857789e-13,1.1206066351892,0.072,0.031,2.35644674128797e-08
"SERINC5","SERINC5",9.16569256060514e-13,-0.296313175985511,0.633,0.7,2.450631219929e-08
"BET1","BET1",9.63532947416964e-13,0.790075945245772,0.149,0.087,2.57619804150874e-08
"DPH6-DT","DPH6-DT",1.0294547883463e-12,0.360306648239441,0.469,0.37,2.7524532676015e-08
"YOD1","YOD1",1.0520920606847e-12,0.924035794222506,0.111,0.058,2.81297854265269e-08
"FSD1","FSD1",1.09078261035138e-12,0.866507699604874,0.12,0.065,2.91642546529649e-08
"HMGN1","HMGN1",1.14674307816217e-12,-0.842478147904822,0.148,0.217,3.06604696808219e-08
"BIN1","BIN1",1.1692488907402e-12,-0.273627642822977,0.771,0.809,3.12622075917206e-08
"LOC100505774","LOC100505774",1.18194171946656e-12,-1.84236751274775,0.015,0.052,3.16015757533773e-08
"COL9A2","COL9A2",1.21386855884895e-12,-0.435422282724543,0.341,0.424,3.24552036579443e-08
"PRANCR","PRANCR",1.28578594665761e-12,-0.927660086381942,0.195,0.267,3.43780588557845e-08
"SORCS2","SORCS2",1.29001157732015e-12,-0.335345290196911,0.613,0.669,3.44910395428087e-08
"LOC105377329","LOC105377329",1.29921705483184e-12,1.79759468405234,0.041,0.012,3.47371663950389e-08
"EPM2A-DT","EPM2A-DT",1.32180592299117e-12,-0.957515844766345,0.104,0.168,3.5341124963015e-08
"PKNOX1","PKNOX1",1.3259605407488e-12,0.467591928825863,0.348,0.258,3.54522069780007e-08
"H2AJ","H2AJ",1.36128712919435e-12,-0.916397601984947,0.099,0.163,3.63967339732692e-08
"POLR3G","POLR3G",1.36579046086461e-12,-0.678535253444294,0.178,0.253,3.65171395521372e-08
"ENSG00000255198","ENSG00000255198",1.37522785425914e-12,0.760811349521332,0.12,0.064,3.67694671393265e-08
"CACNG7","CACNG7",1.38744796760409e-12,0.600202829050579,0.169,0.102,3.70961963098305e-08
"HIPK2","HIPK2",1.40688032004787e-12,-0.219657615806644,0.888,0.903,3.761575911712e-08
"SH3BGRL","SH3BGRL",1.5366522618318e-12,0.462508613609776,0.313,0.228,4.10854715245967e-08
"PDCD6IP","PDCD6IP",1.54838060543374e-12,-0.4023090669948,0.432,0.512,4.1399052247482e-08
"KIZ","KIZ",1.62091299164651e-12,0.278755119383731,0.677,0.587,4.33383506576529e-08
"ENSG00000223797","ENSG00000223797",1.63285192286203e-12,-0.629380156117668,0.29,0.365,4.36575618615622e-08
"USP54","USP54",1.72802155285392e-12,0.166286469068444,0.936,0.91,4.62021122586554e-08
"ZNF189","ZNF189",1.72934835757821e-12,-0.486448280983806,0.291,0.369,4.62375870365687e-08
"JPT2","JPT2",1.73701155900414e-12,0.547101524926912,0.245,0.168,4.64424780530937e-08
"PMPCB","PMPCB",1.75234860773126e-12,0.483814991159793,0.291,0.207,4.68525447249107e-08
"OLIG1","OLIG1",1.79681749659792e-12,-0.437571028493799,0.398,0.478,4.80415094065385e-08
"MON2","MON2",1.9917702644807e-12,-0.249120219409922,0.745,0.783,5.32539615614206e-08
"ETV5","ETV5",2.03988324796793e-12,0.784342629549219,0.182,0.116,5.45403584009185e-08
"DIPK2B","DIPK2B",2.31283131164638e-12,0.469643158000394,0.31,0.226,6.18381707794892e-08
"LINC01122","LINC01122",2.34285183513667e-12,-0.928271890594894,0.133,0.2,6.26408295160493e-08
"POGZ","POGZ",2.34843883127089e-12,-0.240306110279711,0.785,0.822,6.27902090316898e-08
"ACTN4","ACTN4",2.34848429666571e-12,0.28667711946884,0.753,0.678,6.27914246399512e-08
"ICA1L","ICA1L",2.41314985207569e-12,-0.732019697704928,0.152,0.223,6.45203875949477e-08
"IMMP1L","IMMP1L",2.52510464691892e-12,-0.649518374485522,0.186,0.263,6.75137229446711e-08
"PIM3","PIM3",2.62454826610373e-12,0.662347395942129,0.195,0.124,7.01725469908154e-08
"CA11","CA11",2.62645795132786e-12,1.19551893839238,0.078,0.036,7.02236062446529e-08
"PWWP3A","PWWP3A",2.69554218348185e-12,0.397637488549567,0.428,0.341,7.20707113597542e-08
"SRD5A3","SRD5A3",2.70491001139647e-12,-0.918753610190116,0.114,0.179,7.23211789747075e-08
"ZBTB37","ZBTB37",2.73970320986913e-12,0.448839221474682,0.391,0.302,7.32514447222709e-08
"RUFY2","RUFY2",2.81432830163879e-12,-0.352672775331118,0.557,0.613,7.52466958009163e-08
"ENSG00000224505","ENSG00000224505",2.91814501790463e-12,-0.913061077652407,0.081,0.141,7.80224433437161e-08
"PTS","PTS",3.04093742201713e-12,-0.564289589032935,0.196,0.274,8.1305543852472e-08
"ENSG00000225521","ENSG00000225521",3.11950804911403e-12,-2.01456835368619,0.013,0.048,8.34062867091619e-08
"DMD","DMD",3.15775058164034e-12,-0.291884732524475,0.693,0.747,8.44287773013177e-08
"TSEN15","TSEN15",3.21331602845021e-12,0.368891260991489,0.477,0.387,8.59144306526733e-08
"ENSG00000253893","ENSG00000253893",3.30217175304626e-12,0.530536915209397,0.291,0.212,8.82901661611979e-08
"PEPD","PEPD",3.4180335220044e-12,0.475896886763075,0.266,0.186,9.13879622778317e-08
"ZFAND4","ZFAND4",3.61713155600637e-12,0.55247485971175,0.248,0.171,9.67112464129423e-08
"YWHAG","YWHAG",3.62199033546152e-12,0.463933562219265,0.383,0.295,9.68411555992346e-08
"PNPLA6","PNPLA6",3.62552666480356e-12,0.529149509329342,0.276,0.194,9.69357064368529e-08
"ENSG00000271538","ENSG00000271538",3.72810623604161e-12,-1.47510059617174,0.03,0.073,9.96783764330445e-08
"LINC01098","LINC01098",3.74670119667723e-12,-1.05903654743832,0.056,0.109,1.00175549895559e-07
"KLF13","KLF13",3.7779186747913e-12,-0.45835553982905,0.374,0.451,1.01010211607895e-07
"BCL6","BCL6",3.79897077730555e-12,0.592042346275143,0.24,0.165,1.01573081672819e-07
"RTN4","RTN4",4.33455673770791e-12,0.139136129422833,0.979,0.976,1.15893043496096e-07
"ABHD5","ABHD5",4.52494604271366e-12,0.542549721397696,0.3,0.223,1.20983482344035e-07
"PLCG2","PLCG2",4.63953551566953e-12,0.135936726728004,0.608,0.504,1.24047261082456e-07
"SOBP","SOBP",4.71949463773008e-12,0.258411679086645,0.745,0.662,1.26185128128989e-07
"ATF4","ATF4",4.83797642184026e-12,0.578785764172107,0.224,0.151,1.29352975590743e-07
"SLC1A3","SLC1A3",4.9143638756701e-12,-0.347562591021266,0.572,0.633,1.31395346943792e-07
"MXI1","MXI1",5.25512140299454e-12,-0.311953010275948,0.679,0.716,1.40506180951865e-07
"NPIPB15","NPIPB15",5.37862283847289e-12,1.15508168560927,0.067,0.029,1.4380823883225e-07
"MARCHF8","MARCHF8",5.80318069037054e-12,0.429143784945324,0.441,0.353,1.55159642118437e-07
"GKAP1","GKAP1",5.98191460778653e-12,0.399149491588305,0.312,0.226,1.59938450868388e-07
"SRP19","SRP19",6.06457826636463e-12,0.586674860290287,0.234,0.161,1.62148629107791e-07
"CPT1C","CPT1C",6.175810186028e-12,0.64820867129716,0.185,0.119,1.65122636943831e-07
"RFTN2","RFTN2",6.18403860322263e-12,0.220202480668278,0.837,0.793,1.65342640134363e-07
"MRPL18","MRPL18",6.41070412341779e-12,0.806413825735267,0.123,0.069,1.71402996147822e-07
"BMPER","BMPER",6.63411083819464e-12,1.56280498066604,0.049,0.017,1.7737622148081e-07
"TARBP1","TARBP1",6.6778728485417e-12,-0.536533460645333,0.247,0.325,1.7854628635146e-07
"RNF217","RNF217",6.77297157295455e-12,0.388421941941167,0.38,0.29,1.81088940946086e-07
"XIST","XIST",6.84366775168442e-12,-0.607088028994107,0.115,0.184,1.82979144676786e-07
"YAE1","YAE1",6.93275718653794e-12,0.517851312019651,0.232,0.158,1.85361128896465e-07
"IPCEF1","IPCEF1",6.99137285191725e-12,-1.50811689533582,0.026,0.067,1.86928335941711e-07
"IRAK1BP1","IRAK1BP1",7.0776690156125e-12,0.467389546953445,0.246,0.169,1.89235636470431e-07
"KATNAL1","KATNAL1",7.25887590718637e-12,-0.598226435005152,0.259,0.334,1.94080565130442e-07
"TDRD6","TDRD6",7.29401192427827e-12,0.742034952861009,0.129,0.073,1.95019996819428e-07
"MEF2A","MEF2A",7.33108315225119e-12,-0.342770811859782,0.543,0.613,1.9601117024174e-07
"LRRN1","LRRN1",8.01039103222984e-12,1.16864789092267,0.102,0.054,2.14173825028729e-07
"PPP6R3","PPP6R3",8.31454506506797e-12,0.269912193382035,0.737,0.671,2.22305991404722e-07
"COL27A1","COL27A1",8.35259570165735e-12,2.65250043066969,0.026,0.005,2.23323351275213e-07
"ADGRB3","ADGRB3",8.40856312414167e-12,0.158352551346284,0.929,0.887,2.24819752250176e-07
"ENSG00000226764","ENSG00000226764",8.63897639623302e-12,-1.3313425734943,0.031,0.073,2.30980311906082e-07
"SLC17A5","SLC17A5",9.17736615458286e-12,0.648043237183019,0.16,0.099,2.45375238875082e-07
"ENSG00000265542","ENSG00000265542",9.32998831948277e-12,1.30836385745043,0.058,0.023,2.49455897698011e-07
"GMDS-DT","GMDS-DT",9.3639822021305e-12,-0.462819431266073,0.399,0.474,2.50364792138363e-07
"CCDC102B","CCDC102B",9.72651502219423e-12,-0.744931960828152,0.146,0.216,2.60057832148407e-07
"SH3D19","SH3D19",9.92767830415654e-12,-0.257871905488618,0.782,0.814,2.65436334818233e-07
"MT3","MT3",9.96531532340461e-12,0.280805686192143,0.639,0.559,2.66442635801869e-07
"RORA-AS1","RORA-AS1",1.01883548616518e-11,0.499137868924974,0.287,0.209,2.72406043935984e-07
"HIBCH","HIBCH",1.0207041187045e-11,0.260595172511269,0.714,0.647,2.72905660218022e-07
"RALGPS1","RALGPS1",1.02814113907391e-11,0.274376448593968,0.654,0.57,2.74894096354192e-07
"LINC00877","LINC00877",1.04687999937311e-11,-0.441474138415175,0.373,0.452,2.7990430543239e-07
"PLIN3","PLIN3",1.05855947776253e-11,0.410998071438618,0.392,0.304,2.83027047569366e-07
"PGLS-DT","PGLS-DT",1.07338945966365e-11,0.533703120447508,0.266,0.188,2.86992139830269e-07
"ENSG00000250538","ENSG00000250538",1.07682932613467e-11,-6.1198129654068,0,0.021,2.87911856928626e-07
"ENSG00000249381","ENSG00000249381",1.09708530199179e-11,2.06326085250595,0.032,0.008,2.93327697193545e-07
"DAPK2","DAPK2",1.11154561187349e-11,-0.386070682880961,0.46,0.528,2.97193950246616e-07
"SGIP1","SGIP1",1.16175506297385e-11,0.177871441167746,0.84,0.758,3.10618451187318e-07
"GTF2IRD1","GTF2IRD1",1.18229953539355e-11,0.471080541693597,0.355,0.274,3.16111426778174e-07
"MAPRE2","MAPRE2",1.19321627530829e-11,0.230820604029021,0.828,0.778,3.19030235529177e-07
"ANKIB1","ANKIB1",1.21640206715403e-11,-0.227604923200766,0.855,0.885,3.25229420694973e-07
"PCGF5","PCGF5",1.21746640641476e-11,0.234403968897724,0.763,0.691,3.25513993083115e-07
"BACH1","BACH1",1.25524862022841e-11,0.627983904848286,0.247,0.175,3.3561582359047e-07
"TCP1","TCP1",1.27479490501614e-11,0.613619721773403,0.169,0.105,3.40841913754164e-07
"ENSG00000260760","ENSG00000260760",1.27508879508085e-11,1.00288027064012,0.078,0.037,3.40920491140766e-07
"ENSG00000244198","ENSG00000244198",1.34223353317526e-11,2.45695619022267,0.029,0.006,3.58872979765069e-07
"HMGB1","HMGB1",1.34522920385452e-11,0.34502483390237,0.692,0.632,3.59673932234582e-07
"IMPG2","IMPG2",1.40835718262667e-11,2.09282168788458,0.029,0.006,3.76552459918892e-07
"TIAM1","TIAM1",1.50231580764984e-11,-0.577258859642713,0.345,0.411,4.01674177491339e-07
"PIR","PIR",1.53858779039205e-11,0.458333001551161,0.384,0.301,4.11372217517123e-07
"ENSG00000228679","ENSG00000228679",1.57897947064003e-11,1.65357803611909,0.033,0.009,4.22171741065025e-07
"CXCR4","CXCR4",1.60730287110285e-11,1.8329471833843,0.029,0.006,4.2974456864677e-07
"RANBP6","RANBP6",1.86374390394419e-11,0.763875013081154,0.125,0.072,4.98309207597557e-07
"STOM","STOM",1.88091105655365e-11,0.888548325945098,0.091,0.046,5.0289918919075e-07
"ENSG00000231842","ENSG00000231842",1.89845421443386e-11,1.06952709368333,0.078,0.037,5.0758970331318e-07
"IFIH1","IFIH1",1.94217655356542e-11,1.35924180609986,0.069,0.031,5.19279745126787e-07
"CLIC4","CLIC4",1.96767804142322e-11,-0.345086670606045,0.582,0.631,5.26098077935326e-07
"KLHL24","KLHL24",2.08799312675364e-11,0.250540320607627,0.702,0.628,5.58266722300121e-07
"SGCZ","SGCZ",2.14550300890222e-11,1.30444200289204,0.116,0.067,5.73643139490188e-07
"BMP8A","BMP8A",2.17482233450461e-11,-1.44089509103776,0.025,0.064,5.81482247576498e-07
"LINC00323","LINC00323",2.17990873069658e-11,1.41539006217835,0.058,0.024,5.82842197326345e-07
"UBE2G2","UBE2G2",2.2752037869093e-11,0.444817945872513,0.4,0.32,6.08321236505938e-07
"E2F4","E2F4",2.53961710598091e-11,0.754160641484976,0.102,0.054,6.79017425626117e-07
"LINC01695","LINC01695",2.82855412542857e-11,0.604404396955937,0.136,0.08,7.56270516515837e-07
"GPR137","GPR137",2.8486786181526e-11,0.742761388015377,0.124,0.071,7.61651202135461e-07
"ESYT2","ESYT2",2.90841937358267e-11,-0.529522933037953,0.283,0.356,7.77624087914799e-07
"CAMK2N1","CAMK2N1",2.92618538529112e-11,0.252276440400945,0.716,0.661,7.82374186465288e-07
"AGO3","AGO3",2.97751236121169e-11,0.274742744481109,0.739,0.675,7.9609748001717e-07
"SSX2IP","SSX2IP",2.99001483828617e-11,0.607197652014959,0.164,0.103,7.99440267312574e-07
"LOC119746555","LOC119746555",2.99876897855789e-11,1.13425624816172,0.062,0.026,8.01780861797023e-07
"FEM1B","FEM1B",3.19790698484948e-11,0.524462200540127,0.277,0.201,8.55024390539205e-07
"MBOAT1","MBOAT1",3.19984372481986e-11,0.644049479971316,0.2,0.134,8.55542216705086e-07
"RERE","RERE",3.63112280671892e-11,-0.181322384071198,0.912,0.921,9.70853304832437e-07
"ENSG00000259336","ENSG00000259336",3.63319186064615e-11,-0.637133953109231,0.162,0.232,9.71406507780962e-07
"SLC35E3","SLC35E3",3.66186712095657e-11,0.41000027948059,0.458,0.377,9.79073412130158e-07
"NFIX","NFIX",3.67076442324457e-11,-0.25408237236917,0.724,0.771,9.81452283842902e-07
"GINM1","GINM1",3.68407752128897e-11,0.363833815012452,0.365,0.278,9.85011806867032e-07
"THBS4-AS1","THBS4-AS1",3.75234934657716e-11,1.44640327231773,0.053,0.021,1.00326564479434e-06
"SLC25A37","SLC25A37",3.76616369997142e-11,-0.637191051876321,0.138,0.205,1.00695918846136e-06
"CCT5","CCT5",3.84113868381436e-11,0.563713397616136,0.191,0.124,1.02700524989145e-06
"SERPINB9","SERPINB9",3.8608282767208e-11,0.949982800222889,0.104,0.057,1.03226965634684e-06
"DAB1","DAB1",3.94351287718651e-11,0.579945173318732,0.3,0.228,1.05437703797336e-06
"UCK2","UCK2",3.94407061608436e-11,0.592311101256104,0.192,0.128,1.05452616062247e-06
"HDAC9","HDAC9",4.13751706095728e-11,0.344974562047804,0.506,0.411,1.10624793658815e-06
"LARP1","LARP1",4.16809275202545e-11,0.346408675586909,0.464,0.374,1.11442295910904e-06
"PCSK1N","PCSK1N",4.28578000483013e-11,0.87408660182683,0.12,0.069,1.14588899989143e-06
"TMC6","TMC6",4.34290392873022e-11,0.341386991286815,0.52,0.433,1.1611622234246e-06
"GRK5","GRK5",4.36676811789254e-11,1.05032483966254,0.07,0.032,1.16754279168093e-06
"ASAP1","ASAP1",4.48047197437276e-11,0.356530098020583,0.614,0.523,1.19794379178804e-06
"UBE4B","UBE4B",4.49451660572467e-11,0.226545798789997,0.812,0.757,1.2016989048726e-06
"ENSG00000254303","ENSG00000254303",4.79059548637785e-11,2.4054156844129,0.03,0.008,1.28086151519285e-06
"TM4SF18","TM4SF18",4.92110168655563e-11,2.77788007571315,0.021,0.003,1.31575495793438e-06
"GLCE","GLCE",4.94389420405611e-11,0.384639087712035,0.422,0.339,1.32184899333848e-06
"GSTO2","GSTO2",5.1633489329973e-11,-0.807398563737694,0.107,0.169,1.38052460421549e-06
"STK40","STK40",5.17058463066837e-11,0.699151351104763,0.15,0.092,1.3824592127018e-06
"EEIG1","EEIG1",5.38130906938629e-11,-0.354409185037034,0.518,0.579,1.43880060588181e-06
"ANKRD28","ANKRD28",5.44756917025861e-11,-0.294071055306809,0.664,0.705,1.45651656905204e-06
"HERC1","HERC1",5.47960699833799e-11,-0.295207470514845,0.624,0.672,1.46508252314563e-06
"LARP7","LARP7",5.52819044386281e-11,0.430943258893805,0.294,0.214,1.4780722789756e-06
"CCDC30","CCDC30",5.73920844772057e-11,0.461134174157236,0.262,0.188,1.53449216266705e-06
"SLF2","SLF2",5.74381050788064e-11,-0.278558737948222,0.601,0.666,1.53572261549205e-06
"BTN3A2","BTN3A2",6.02722721401004e-11,1.3519135611317,0.045,0.016,1.61149974020986e-06
"SNRNP48","SNRNP48",6.04673250184924e-11,0.729540349906015,0.155,0.097,1.61671486901943e-06
"HMGCS1","HMGCS1",6.06995508848298e-11,0.952772501253013,0.162,0.105,1.6229238920077e-06
"MRPS9-AS2","MRPS9-AS2",6.12521795156864e-11,0.773619424369347,0.123,0.071,1.63769952371091e-06
"NBN","NBN",6.1753052731546e-11,-0.766495950507865,0.12,0.182,1.65109137088334e-06
"SPATS2","SPATS2",6.59147678393444e-11,0.530544872274516,0.195,0.129,1.76236314772055e-06
"CHD9","CHD9",6.59211153753557e-11,0.237031746170825,0.793,0.728,1.76253286179089e-06
"ATF6B","ATF6B",6.6181962863457e-11,0.584430739281481,0.207,0.141,1.76950714108025e-06
"CBR1","CBR1",6.63268836638171e-11,-0.386750867984826,0.464,0.53,1.77338188851948e-06
"PMP2","PMP2",6.63580067774059e-11,0.527837607972218,0.359,0.284,1.7742140272075e-06
"SPRY2","SPRY2",6.93376969391354e-11,0.746024172311564,0.12,0.069,1.85388200306166e-06
"AGMO","AGMO",7.03176728441656e-11,0.466410764975465,0.256,0.183,1.88008361883446e-06
"ENSG00000232504","ENSG00000232504",7.12926066858032e-11,-1.49547603104328,0.026,0.064,1.90615042495832e-06
"CES5A","CES5A",7.39244213826667e-11,1.23086188642694,0.054,0.022,1.97651725450836e-06
"RBPJ","RBPJ",7.47901996437875e-11,-0.19052556135685,0.803,0.843,1.99966556787595e-06
"ETFA","ETFA",7.80620192339114e-11,-0.571949801408297,0.163,0.234,2.08714420825709e-06
"LINC00667","LINC00667",7.82416370307073e-11,0.46814808260782,0.308,0.229,2.09194664929002e-06
"ACADVL","ACADVL",7.98726442157763e-11,0.531062983129603,0.23,0.158,2.13555488839721e-06
"PGM5","PGM5",8.02097470721887e-11,0.613639920575682,0.165,0.105,2.14456800746911e-06
"YPEL3","YPEL3",8.0934711268901e-11,0.392863750278092,0.372,0.286,2.16395137519661e-06
"STARD7","STARD7",8.20277545019473e-11,0.402136338970788,0.358,0.278,2.19317607211856e-06
"ARRDC2","ARRDC2",8.43978760287839e-11,0.454720041401741,0.311,0.233,2.2565460113816e-06
"PLPPR1","PLPPR1",8.62146285369715e-11,0.253991113001709,0.518,0.43,2.30512052319301e-06
"KPTN","KPTN",8.73756314910449e-11,1.14522763828627,0.054,0.022,2.33616225917607e-06
"CCDC122","CCDC122",8.76970130938509e-11,-0.42647591691808,0.306,0.385,2.34475503909029e-06
"EFCAB6","EFCAB6",8.95801988437756e-11,-1.1512979027022,0.036,0.079,2.39510577648603e-06
"PHF3","PHF3",9.12511404989371e-11,0.268625388007582,0.659,0.569,2.43978174352008e-06
"SERPINI1","SERPINI1",9.14637267454927e-11,0.371218828039305,0.551,0.482,2.44546566199424e-06
"ENSG00000284461","ENSG00000284461",9.56994692440987e-11,-0.390944918168561,0.389,0.461,2.55871670917947e-06
"EPDR1","EPDR1",9.92329196623724e-11,1.12373727122801,0.081,0.041,2.65319057301285e-06
"MARCHF6","MARCHF6",9.93319926391355e-11,0.281813774495469,0.661,0.586,2.65583948719256e-06
"WWTR1","WWTR1",1.06360465477039e-10,0.643297568115399,0.183,0.121,2.84375976545959e-06
"STK38","STK38",1.07922299573417e-10,0.440005692808336,0.28,0.204,2.88551852369444e-06
"ENSG00000237461","ENSG00000237461",1.09913804300396e-10,-0.774730641183851,0.117,0.179,2.9387653855797e-06
"RING1","RING1",1.10096724509419e-10,0.519136992680615,0.18,0.117,2.94365612320834e-06
"DEDD2","DEDD2",1.12174562838461e-10,0.920654431800201,0.077,0.037,2.99921128661193e-06
"CDIN1","CDIN1",1.1262851174806e-10,0.368636581557896,0.452,0.37,3.01134851860787e-06
"TLK1","TLK1",1.14447286073437e-10,0.366440730150531,0.45,0.364,3.05997708774549e-06
"ELAPOR2","ELAPOR2",1.150133887175e-10,-0.268042079219899,0.708,0.745,3.07511297413981e-06
"PPM1D","PPM1D",1.15137184587343e-10,0.473071887727467,0.308,0.231,3.07842290431178e-06
"ORC4","ORC4",1.17786514659294e-10,0.427212510521903,0.318,0.237,3.14925804244553e-06
"NHLRC3","NHLRC3",1.18075894691107e-10,-0.456936258441193,0.276,0.351,3.15699519635612e-06
"CLEC16A","CLEC16A",1.20583925320686e-10,0.261189866739387,0.515,0.422,3.22405241129918e-06
"DYNLL2","DYNLL2",1.20770405546256e-10,0.465265472808715,0.273,0.198,3.22903833309025e-06
"CRYZ","CRYZ",1.2236345504297e-10,1.02229880176952,0.069,0.032,3.27163169748388e-06
"NRG2","NRG2",1.25741668097007e-10,0.56656421382679,0.222,0.155,3.36195497990968e-06
"HFM1","HFM1",1.2694913400684e-10,-1.58997500793349,0.019,0.053,3.39423899594089e-06
"IFT122","IFT122",1.28085372082848e-10,-0.90012364982157,0.067,0.12,3.42461859337912e-06
"ANKS1B","ANKS1B",1.3126541871931e-10,-0.154621654874358,0.951,0.953,3.50964350029818e-06
"SNX2","SNX2",1.39932073787889e-10,0.434480478021299,0.295,0.218,3.7413638568668e-06
"ENSG00000250764","ENSG00000250764",1.41937067747281e-10,1.22683537850335,0.061,0.027,3.79497138035906e-06
"BRSK1","BRSK1",1.47955846066811e-10,-0.579809127684306,0.218,0.286,3.95589545628832e-06
"PDS5A","PDS5A",1.48320545291077e-10,0.25002436934002,0.65,0.567,3.96564641944753e-06
"IGSF1","IGSF1",1.49751366051774e-10,1.34343230046651,0.041,0.014,4.00390227412627e-06
"KIT","KIT",1.49852488002976e-10,1.98817219053066,0.028,0.007,4.00660597173557e-06
"KIRREL3","KIRREL3",1.49925313698012e-10,0.173540555214929,0.907,0.847,4.00855311234375e-06
"SNRPN","SNRPN",1.51824470526458e-10,0.72216987649305,0.174,0.115,4.05933086846591e-06
"AMOTL2","AMOTL2",1.57572933025754e-10,-0.455079398082893,0.287,0.363,4.2130275103096e-06
"PDE2A","PDE2A",1.62236739531139e-10,-1.76639472582828,0.017,0.05,4.33772370484407e-06
"STAG1","STAG1",1.66441397272913e-10,0.254753358358926,0.682,0.604,4.45014363888587e-06
"ENSG00000248019","ENSG00000248019",1.7356723495742e-10,0.529147632285487,0.23,0.162,4.64066716105655e-06
"SC5D","SC5D",1.79599901709343e-10,0.778547018894784,0.146,0.092,4.80196257200271e-06
"BTG1","BTG1",1.7973044107735e-10,0.823611156081832,0.093,0.049,4.80545280308509e-06
"ULK2","ULK2",1.80351247691409e-10,-0.372433242841609,0.39,0.461,4.8220513095252e-06
"ENDOD1","ENDOD1",1.82365883488638e-10,-0.297664551178913,0.493,0.558,4.8759166268357e-06
"ANAPC5","ANAPC5",1.84802595543268e-10,-0.284008593538786,0.607,0.657,4.94106699704036e-06
"MGAT1","MGAT1",1.86572892270094e-10,0.628505657017482,0.141,0.086,4.9883994206255e-06
"ITPRID2","ITPRID2",1.886793650995e-10,0.397208323928396,0.367,0.285,5.04472018466533e-06
"ZFAND3","ZFAND3",1.89425349602918e-10,0.210196866874134,0.826,0.77,5.06466557233321e-06
"TBC1D32","TBC1D32",1.9189224099313e-10,-0.445405328777977,0.332,0.407,5.1306228474333e-06
"COBL","COBL",1.94142248546429e-10,-0.165769672125546,0.879,0.893,5.19078129938588e-06
"ST18","ST18",1.97509680305188e-10,-0.137377786663457,0.995,0.994,5.28081632231982e-06
"AKNAD1","AKNAD1",1.97944153114198e-10,1.3157295337759,0.046,0.017,5.29243282181432e-06
"THOC3","THOC3",1.99797171907349e-10,0.707750675213398,0.125,0.074,5.3419769852868e-06
"SYNDIG1","SYNDIG1",2.12110121319457e-10,-0.311740745979523,0.62,0.668,5.67118831371833e-06
"THEMIS2","THEMIS2",2.13745831803372e-10,0.720242262191155,0.125,0.074,5.71492230492674e-06
"GREM1","GREM1",2.15699996745229e-10,-0.854142627795898,0.124,0.183,5.76717081297718e-06
"FGGY","FGGY",2.21069882533535e-10,-0.626828400968828,0.178,0.245,5.91074544929912e-06
"TBCD","TBCD",2.21103774452611e-10,0.443808912155075,0.464,0.391,5.91165161753946e-06
"KLHL42","KLHL42",2.21675655404027e-10,-0.402900039588737,0.322,0.401,5.92694199853746e-06
"FTX","FTX",2.21717530698668e-10,0.132597812115691,0.951,0.922,5.92806161829029e-06
"MVD","MVD",2.24653169430338e-10,0.648574924392516,0.146,0.091,6.00655179105894e-06
"TSC22D2","TSC22D2",2.26742750435533e-10,0.309504588567955,0.426,0.336,6.06242091839484e-06
"PGAP1","PGAP1",2.29599353304193e-10,0.454337451245284,0.311,0.232,6.1387979092942e-06
"ADARB2-AS1","ADARB2-AS1",2.30441088363517e-10,0.85263611444576,0.093,0.05,6.16130337957535e-06
"PEAK1","PEAK1",2.32565031407829e-10,0.238764977383585,0.74,0.686,6.21809124475112e-06
"PIP5K1A","PIP5K1A",2.454430204041e-10,-0.474627809827849,0.271,0.343,6.56241003654441e-06
"SMARCA2","SMARCA2",2.46948840184501e-10,0.276425949064527,0.508,0.421,6.60267114001301e-06
"LOC124905564","LOC124905564",2.5646288225612e-10,0.855629983673592,0.071,0.034,6.85704808288188e-06
"PREX2","PREX2",2.57074429371154e-10,0.269846724437186,0.693,0.618,6.87339901809655e-06
"LRRC49","LRRC49",2.59843971640014e-10,-0.62094896709743,0.112,0.173,6.94744826973907e-06
"ABLIM3","ABLIM3",2.70805568525416e-10,0.558551497830456,0.165,0.107,7.24052848566405e-06
"ZMAT3","ZMAT3",2.74189868076508e-10,0.615960854675123,0.172,0.113,7.3310145027616e-06
"LRRTM4","LRRTM4",2.75443792208878e-10,0.498531305843609,0.235,0.169,7.36454067228877e-06
"PDE8B","PDE8B",2.7721762796323e-10,1.12781967541029,0.08,0.04,7.41196771885288e-06
"LINC00240","LINC00240",2.89013080096053e-10,-0.877278937129155,0.116,0.173,7.72734272252818e-06
"RNF170","RNF170",2.89480913713632e-10,-0.473399759279416,0.323,0.391,7.73985118996138e-06
"ENSG00000235423","ENSG00000235423",2.95944045145027e-10,1.7542785761187,0.039,0.013,7.91265593504258e-06
"LINC01315","LINC01315",3.05652878553456e-10,1.08665906553678,0.089,0.048,8.17224101388376e-06
"CD200","CD200",3.09361950491162e-10,-0.81065507064426,0.072,0.124,8.2714104702822e-06
"CSF1","CSF1",3.11444135567243e-10,0.634157165494352,0.198,0.135,8.32708185266138e-06
"AACS","AACS",3.22423255240482e-10,0.778413880680883,0.133,0.081,8.62063057536478e-06
"MAPT","MAPT",3.22812680807986e-10,0.216786833560701,0.836,0.794,8.63104264676313e-06
"UBE3A","UBE3A",3.31642479437157e-10,-0.353164993379685,0.416,0.479,8.86712497271128e-06
"PRTFDC1","PRTFDC1",3.36695178767149e-10,-0.442558786129689,0.376,0.444,9.00221899469727e-06
"NKAPL","NKAPL",3.40314409205137e-10,1.18076902512775,0.062,0.028,9.09898635891776e-06
"CEMIP2","CEMIP2",3.48895818033184e-10,0.624469778076081,0.124,0.074,9.32842748675323e-06
"TST","TST",3.56755719252305e-10,-0.976711461657689,0.052,0.098,9.53857766564888e-06
"NFIB","NFIB",3.57478370550927e-10,0.296050869466514,0.582,0.511,9.55789919342014e-06
"LOC105371256","LOC105371256",3.59362585866234e-10,-0.33293925421457,0.411,0.489,9.6082774583055e-06
"TCEAL1","TCEAL1",3.63722327780336e-10,0.952667457833245,0.064,0.029,9.72484387786285e-06
"MYRFL","MYRFL",3.64705463405496e-10,1.62265322641723,0.028,0.007,9.75112997507275e-06
"LINC01505","LINC01505",3.65166695031476e-10,-0.432163940528663,0.55,0.602,9.76346192505657e-06
"LINC02352","LINC02352",3.66397105703529e-10,-1.29368275556975,0.029,0.067,9.79635941519526e-06
"ENSG00000257735","ENSG00000257735",3.66629463746111e-10,-1.30147473552508,0.037,0.077,9.80257197217978e-06
"IL17D","IL17D",3.67141669154951e-10,0.674899710951816,0.108,0.061,9.81626680819593e-06
"BRD10","BRD10",3.697757399392e-10,0.235109004843809,0.63,0.556,9.88669395875438e-06
"ENSG00000254239","ENSG00000254239",3.75730199951813e-10,1.85926551804239,0.024,0.005,1.00458983561116e-05
"H4C3","H4C3",3.87416579423695e-10,-1.28100311300554,0.087,0.137,1.03583570840513e-05
"PTPRM","PTPRM",3.88599785879223e-10,-0.687569130029413,0.247,0.317,1.03899924750528e-05
"ENSG00000249773","ENSG00000249773",3.99364597932791e-10,0.76596163716223,0.102,0.057,1.0677811254929e-05
"SKAP2","SKAP2",4.05197444882215e-10,0.851242877887531,0.119,0.071,1.08337640838158e-05
"HEPH","HEPH",4.2282265913289e-10,-0.574454065176148,0.146,0.21,1.13050094372361e-05
"SAXO2","SAXO2",4.26698226006306e-10,-1.28608654737091,0.036,0.075,1.14086304687306e-05
"PHACTR4","PHACTR4",4.28942605630631e-10,-0.346252557027942,0.545,0.602,1.14686384467462e-05
"MSL2","MSL2",4.3071411245361e-10,0.407819004832811,0.338,0.257,1.15160032246722e-05
"CCDC88A","CCDC88A",4.41801083132418e-10,-0.150328918314531,0.956,0.967,1.18124355597115e-05
"ZFAND6","ZFAND6",4.42633318542992e-10,0.316742973315022,0.358,0.276,1.1834687037884e-05
"RNF217-AS1","RNF217-AS1",4.44901707180346e-10,-1.40170580307092,0.032,0.07,1.18953369448809e-05
"ENSG00000267699","ENSG00000267699",4.53977489510953e-10,-1.32638200321111,0.034,0.073,1.21379961370544e-05
"MCMDC2","MCMDC2",4.55238469686481e-10,0.83692777161669,0.082,0.042,1.21717109640074e-05
"PTK2B","PTK2B",4.55302318723311e-10,-0.870688242763184,0.059,0.107,1.21734180957052e-05
"RENBP","RENBP",4.73153328124201e-10,0.861888059937261,0.092,0.05,1.26507005340568e-05
"FAM161A","FAM161A",4.81825244658242e-10,0.558300561800683,0.161,0.105,1.28825615664274e-05
"MAP1B","MAP1B",4.84337813883951e-10,0.245594169129628,0.784,0.718,1.29497401298152e-05
"DENND4B","DENND4B",5.40299741911587e-10,0.521408808579348,0.24,0.171,1.44459941994901e-05
"TRIM66","TRIM66",5.46159474168345e-10,-0.725750844313338,0.085,0.139,1.4602665860839e-05
"RAD21","RAD21",5.8960331918498e-10,0.35065791634949,0.433,0.353,1.57642239450488e-05
"STARD4","STARD4",6.07502931229221e-10,1.03289948278602,0.067,0.032,1.62428058722757e-05
"RASGRF2","RASGRF2",6.31595865522428e-10,-0.235616035900374,0.829,0.827,1.68869786564732e-05
"RORA","RORA",6.37286747726057e-10,-0.701972888417369,0.259,0.32,1.70391357739516e-05
"ATPSCKMT","ATPSCKMT",6.39041470976026e-10,0.565852224997339,0.204,0.14,1.7086051809486e-05
"H2BC5","H2BC5",6.42756669043958e-10,0.849124544838358,0.082,0.043,1.71853850602283e-05
"ENSG00000250195","ENSG00000250195",6.45417405271719e-10,0.454161820583011,0.252,0.184,1.725652516475e-05
"LPCAT3","LPCAT3",6.45625769219615e-10,-0.679909345941708,0.115,0.174,1.72620961916248e-05
"RAD54L","RAD54L",6.49801087956397e-10,1.81595181370067,0.036,0.012,1.73737316886902e-05
"ENSG00000250910","ENSG00000250910",6.53562128467477e-10,-3.88997917469049,0.002,0.022,1.74742906288349e-05
"PRKCQ","PRKCQ",6.70725975994498e-10,-0.584582240434798,0.246,0.313,1.79332004201649e-05
"NEFM","NEFM",6.77016427422646e-10,1.0786142313593,0.058,0.026,1.81013882199993e-05
"RDX","RDX",7.02567470711592e-10,0.261170316355344,0.773,0.726,1.87845464644158e-05
"PPP1R9A","PPP1R9A",7.46960397060098e-10,0.242165118728946,0.717,0.643,1.99714801361958e-05
"CASC2","CASC2",7.7904283116845e-10,-1.22765223710417,0.041,0.082,2.08292681769508e-05
"LINC00539","LINC00539",8.00130584251984e-10,0.691055879250375,0.138,0.087,2.13930914311453e-05
"MYH15","MYH15",8.01208408696902e-10,-1.28623077244616,0.025,0.06,2.14219092233291e-05
"CDH19","CDH19",8.12494101673462e-10,-0.351715484654063,0.512,0.572,2.17236547964433e-05
"GTPBP6","GTPBP6",8.19135614790438e-10,0.490565953515885,0.227,0.16,2.1901228932652e-05
"COLGALT1","COLGALT1",8.22889695764197e-10,0.775430491235808,0.12,0.072,2.20016017956473e-05
"ENSG00000253154","ENSG00000253154",8.65785249685415e-10,0.563442376074073,0.128,0.078,2.3148500220839e-05
"NSUN2","NSUN2",9.07992264944856e-10,-0.696617700496651,0.12,0.179,2.42769891878306e-05
"BEST1","BEST1",9.12206599527388e-10,-0.433787098812433,0.292,0.36,2.43896678515638e-05
"SRSF7","SRSF7",9.63547320731338e-10,0.460549955508778,0.286,0.214,2.57623647143938e-05
"BRD2","BRD2",9.96283742230117e-10,0.463071854618657,0.223,0.157,2.66376384160066e-05
"ENSG00000258784","ENSG00000258784",1.02216788012736e-09,1.99746766313545,0.025,0.006,2.73297026109653e-05
"HNRNPA2B1","HNRNPA2B1",1.02941229719156e-09,0.225872490558396,0.729,0.672,2.75233965900107e-05
"BEND6","BEND6",1.02966403097503e-09,-0.886433175097339,0.058,0.105,2.75301271961794e-05
"MIDEAS-AS1","MIDEAS-AS1",1.04322513588602e-09,-1.86633728873956,0.015,0.044,2.78927104581846e-05
"OSBPL5","OSBPL5",1.04403331933052e-09,-0.580171212189028,0.137,0.2,2.79143188589402e-05
"LIFR-AS1","LIFR-AS1",1.04405979465455e-09,-1.01878915414824,0.056,0.102,2.79150267296786e-05
"LINC00891","LINC00891",1.06618098115318e-09,-1.47455632685799,0.027,0.063,2.85064808930926e-05
"DRC8","DRC8",1.10005200622756e-09,0.363083578692321,0.413,0.332,2.94120904905063e-05
"MAP2K6","MAP2K6",1.11148375483671e-09,0.35382800703579,0.348,0.269,2.9717741153069e-05
"B3GAT1","B3GAT1",1.12732418837227e-09,0.256703049410478,0.644,0.574,3.01412668245094e-05
"GTF2IRD2","GTF2IRD2",1.16314251834411e-09,0.566093162094744,0.206,0.145,3.10989415129665e-05
"CYP39A1","CYP39A1",1.16420899634285e-09,0.968316937885908,0.089,0.048,3.11274559352187e-05
"SOX6","SOX6",1.19280326547513e-09,-1.28080536326805,0.036,0.075,3.18919809090086e-05
"PPDPF","PPDPF",1.19301093766113e-09,-0.420483048874877,0.331,0.4,3.18975334402455e-05
"CDC42BPB","CDC42BPB",1.2049785671902e-09,-0.354423891788164,0.525,0.577,3.22175119509645e-05
"SESN3","SESN3",1.20585042766827e-09,0.567799419686439,0.173,0.116,3.22408228845664e-05
"PMP22","PMP22",1.21000179852748e-09,-0.252799499370339,0.557,0.621,3.23518180872292e-05
"NT5C2","NT5C2",1.21884875696025e-09,0.313663391592691,0.53,0.454,3.25883592148462e-05
"RNF180","RNF180",1.23499845421872e-09,0.474471794541845,0.248,0.181,3.3020153670446e-05
"TEX9","TEX9",1.24017766521179e-09,-1.03019420703957,0.062,0.109,3.31586302347676e-05
"MAZ","MAZ",1.25788095657799e-09,0.593622309947014,0.127,0.077,3.36319631360258e-05
"PTPN2","PTPN2",1.27339568001159e-09,0.369993649915201,0.296,0.224,3.40467802964698e-05
"SLC28A2-AS1","SLC28A2-AS1",1.28862465688359e-09,-1.39967920662611,0.019,0.05,3.44539574510965e-05
"ENSG00000232436","ENSG00000232436",1.32468365032314e-09,2.3319548612398,0.018,0.003,3.54180667586898e-05
"RTCA","RTCA",1.33939431971029e-09,-0.730268880653651,0.115,0.171,3.58113859260939e-05
"ZNF33A","ZNF33A",1.34366667410082e-09,0.32089453791977,0.438,0.352,3.59256158654335e-05
"ENSG00000231760","ENSG00000231760",1.34459799860882e-09,1.12797904480888,0.053,0.023,3.59505166888041e-05
"FCHSD1","FCHSD1",1.38071424717593e-09,1.08101449881769,0.066,0.031,3.69161568267429e-05
"ABCA1","ABCA1",1.42105078696312e-09,-0.518419836397708,0.167,0.232,3.79946348910328e-05
"ABCC1","ABCC1",1.42407705747984e-09,0.378462577978356,0.202,0.139,3.80755482858385e-05
"VPS41","VPS41",1.46839244349572e-09,0.332761662725954,0.522,0.444,3.92604087617452e-05
"TNFRSF19","TNFRSF19",1.4921268777827e-09,1.28731767489102,0.044,0.017,3.9894996331276e-05
"ENSG00000203706","ENSG00000203706",1.49923031951077e-09,0.885270200027675,0.078,0.04,4.00849210527593e-05
"ENSG00000260923","ENSG00000260923",1.50228151657549e-09,0.834355467722985,0.118,0.072,4.01665009086789e-05
"LOC101927609","LOC101927609",1.51534741956216e-09,-1.36931568117674,0.032,0.068,4.05158439568334e-05
"MNAT1","MNAT1",1.51586509372966e-09,-0.405330596742203,0.439,0.505,4.052968501105e-05
"CFAP251","CFAP251",1.516496179e-09,0.95641761110027,0.098,0.056,4.05465583379231e-05
"HMGN3","HMGN3",1.56324173098326e-09,0.328082150942238,0.492,0.413,4.17963941612994e-05
"CLDN12","CLDN12",1.56540265455337e-09,0.869875044274051,0.105,0.061,4.18541707747933e-05
"IQCN","IQCN",1.57134998932965e-09,-1.67856994987611,0.011,0.038,4.2013184664707e-05
"DUSP1","DUSP1",1.61828045998037e-09,1.12171343090136,0.053,0.023,4.32679646584953e-05
"ABHD12","ABHD12",1.65631543555241e-09,0.268697398623065,0.542,0.454,4.42849058003649e-05
"ADAMTS8","ADAMTS8",1.72838361902783e-09,-1.50096739897193,0.009,0.033,4.62117928219471e-05
"DDRGK1","DDRGK1",1.75325018763159e-09,0.574883481143955,0.22,0.157,4.68766502667058e-05
"APBA2","APBA2",1.76148892761918e-09,0.271454526779239,0.531,0.452,4.70969294577541e-05
"ENSG00000255819","ENSG00000255819",1.85681114431638e-09,1.09413709262043,0.036,0.012,4.96455595655871e-05
"TOPORS","TOPORS",1.86301357425418e-09,0.520211009193145,0.172,0.114,4.98113939348339e-05
"ATP8A1","ATP8A1",1.90458536040496e-09,-0.111551982073657,0.977,0.98,5.09228987811475e-05
"MAFK","MAFK",1.90932709457397e-09,0.933106765749657,0.062,0.029,5.10496785276243e-05
"TRPC5","TRPC5",1.91738421306419e-09,1.10445144219253,0.064,0.031,5.12651017046972e-05
"BMI1","BMI1",1.9719802928871e-09,0.505802111378577,0.167,0.109,5.27248370909223e-05
"PURB","PURB",1.98403823069904e-09,0.454213297196578,0.256,0.188,5.30472301742001e-05
"SCRN1","SCRN1",2.00488076616364e-09,0.355513512549195,0.37,0.293,5.36044970449173e-05
"NOS1AP","NOS1AP",2.03912917010649e-09,0.330516849382717,0.391,0.315,5.45201966211371e-05
"LINC00870","LINC00870",2.0471886947796e-09,-1.39540336039192,0.025,0.059,5.47356841323222e-05
"MAP1LC3A","MAP1LC3A",2.04732147824708e-09,-0.66538531024782,0.129,0.186,5.47392343638922e-05
"SIPA1L3","SIPA1L3",2.05589436068972e-09,0.313487279839757,0.496,0.415,5.4968447521761e-05
"B3GALT2","B3GALT2",2.07170928175502e-09,1.06975239337306,0.058,0.027,5.5391291066284e-05
"EXT1","EXT1",2.09266870102709e-09,-0.499531414379668,0.244,0.313,5.59516830593612e-05
"SLC22A15","SLC22A15",2.16840947571581e-09,-0.272171955008782,0.722,0.744,5.79767641522136e-05
"TFCP2","TFCP2",2.17792484522685e-09,-0.358826087239159,0.408,0.478,5.82311765868304e-05
"LRRC63","LRRC63",2.19726127902202e-09,0.238340071469709,0.681,0.608,5.87481748172118e-05
"LPIN1","LPIN1",2.26335360440661e-09,0.410598787971348,0.31,0.234,6.05152853210194e-05
"SLC25A23","SLC25A23",2.28742418930623e-09,0.581967268744627,0.172,0.116,6.11588605494806e-05
"WIPI1","WIPI1",2.30260060437265e-09,0.657286726797337,0.158,0.105,6.15646323591115e-05
"HMGN2","HMGN2",2.31760386478416e-09,-0.761633855750814,0.143,0.2,6.1965774532734e-05
"TCOF1","TCOF1",2.32257288187012e-09,0.660007499925048,0.143,0.092,6.20986311425614e-05
"KIF5B","KIF5B",2.33541003860169e-09,0.347877633367827,0.385,0.306,6.24418582020934e-05
"SPMIP10","SPMIP10",2.341007029172e-09,4.02630093688217,0.012,0.001,6.25915049389717e-05
"DOP1A","DOP1A",2.46921909543476e-09,-0.328423059426909,0.405,0.468,6.60195109546391e-05
"CELSR2","CELSR2",2.54121340539254e-09,0.308272064547406,0.366,0.285,6.79444228199804e-05
"NASP","NASP",2.59230132238456e-09,0.227732390362284,0.651,0.57,6.93103604565959e-05
"ERICH1","ERICH1",2.61088152184884e-09,-0.60236714561385,0.173,0.234,6.98071392496724e-05
"ENSG00000272505","ENSG00000272505",2.7377151934212e-09,1.90978104412548,0.023,0.005,7.31982911265027e-05
"DNAJC5","DNAJC5",2.79258312340599e-09,0.379486705565517,0.298,0.223,7.46652949705059e-05
"PLCH2","PLCH2",2.89198868198049e-09,-0.558707154481408,0.178,0.242,7.73231013901123e-05
"STAU2","STAU2",2.92253607926627e-09,0.379474052269411,0.372,0.299,7.81398471513422e-05
"SHROOM1","SHROOM1",2.95986583111318e-09,0.389322883303377,0.341,0.266,7.91379327264731e-05
"BUB3","BUB3",2.97237853497709e-09,0.406798390255512,0.244,0.175,7.94724848896825e-05
"ZNF397","ZNF397",3.02036617702655e-09,0.300172230666998,0.473,0.399,8.07555304751588e-05
"ARHGAP5","ARHGAP5",3.13062168860975e-09,0.223478441111991,0.679,0.613,8.37034320883588e-05
"EFHB","EFHB",3.13183973734098e-09,-1.31388792854888,0.018,0.048,8.37359990572858e-05
"ZNF516","ZNF516",3.1415971462512e-09,1.99150753850313,0.023,0.005,8.39968828993183e-05
"HNRNPDL","HNRNPDL",3.15255846564298e-09,0.232634257651678,0.733,0.672,8.42899556958963e-05
"CFAP418-AS1","CFAP418-AS1",3.18310064921557e-09,-1.46215189117165,0.031,0.067,8.51065620580768e-05
"SPEF2","SPEF2",3.21535194100304e-09,-0.904167767013231,0.044,0.085,8.59688648465982e-05
"MAFF","MAFF",3.26660483891229e-09,1.52229350807449,0.04,0.015,8.73392135779978e-05
"BDH1","BDH1",3.27869463854275e-09,-0.789195580689727,0.083,0.133,8.76624585507175e-05
"HCG23","HCG23",3.27962075307956e-09,0.486868488576616,0.206,0.145,8.76872200750883e-05
"SNX9","SNX9",3.30786638932271e-09,0.246932565751323,0.688,0.622,8.84424236513213e-05
"NCBP3","NCBP3",3.32981201920328e-09,-0.430627297226482,0.339,0.402,8.90291839574382e-05
"SYNGR2","SYNGR2",3.38836534938753e-09,0.382264198513775,0.35,0.274,9.05947243465744e-05
"ENSG00000282885","ENSG00000282885",3.39710272141591e-09,0.81795821580419,0.092,0.051,9.08283354624971e-05
"SYNAGE","SYNAGE",3.45987642709252e-09,1.37671072463171,0.039,0.014,9.25067160311726e-05
"ENSG00000262877","ENSG00000262877",3.51115375920151e-09,-0.767343130620953,0.067,0.113,9.38777180597707e-05
"EHF","EHF",3.51355042607141e-09,1.7177294113543,0.033,0.011,9.39417977418714e-05
"DNA2","DNA2",3.52280164244747e-09,0.601041678521803,0.135,0.085,9.4189147514118e-05
"AKAP7","AKAP7",3.53894194618633e-09,-0.407392651743531,0.24,0.312,9.4620690815184e-05
"APLP2","APLP2",3.60552257920266e-09,0.413374881426752,0.189,0.129,9.64008572001416e-05
"TTYH3","TTYH3",3.60880244895962e-09,0.772080732535188,0.097,0.055,9.64885510778333e-05
"LRRTM2","LRRTM2",3.63218662781459e-09,-0.854445931180507,0.073,0.121,9.71137738678787e-05
"CDK10","CDK10",3.79258445873666e-09,0.650766911003235,0.124,0.076,0.000101402330673242
"CPB1","CPB1",3.80515157694319e-09,-0.958922761894963,0.097,0.148,0.00010173833771273
"RNF220","RNF220",3.828558047595e-09,-0.124431643989834,0.995,0.994,0.000102364156518547
"RAP2C-AS1","RAP2C-AS1",3.83359503387242e-09,-1.02341722450652,0.064,0.109,0.000102498830420647
"POLDIP3","POLDIP3",3.84044514884553e-09,0.443745534175834,0.235,0.169,0.000102681981944683
"SLCO1A2","SLCO1A2",3.95350109018444e-09,0.174146705556483,0.903,0.873,0.000105704758648261
"ZXDC","ZXDC",4.00045902910568e-09,0.269302117060302,0.51,0.428,0.000106960273061199
"TMEM245","TMEM245",4.11498029244565e-09,0.284703291117349,0.501,0.42,0.000110022228079119
"KIAA0825","KIAA0825",4.14182327639873e-09,-0.573842902408154,0.131,0.191,0.000110739928941073
"MAEL","MAEL",4.15456212996109e-09,-3.88621271600836,0.002,0.02,0.00011108052766877
"ADAM28","ADAM28",4.36848416402607e-09,1.72843858353387,0.027,0.008,0.000116800161093565
"SLIRP-OT1","SLIRP-OT1",4.60465586012379e-09,1.07129911794506,0.045,0.018,0.00012311468373213
"ING3","ING3",4.667339043281e-09,0.509825315434882,0.128,0.08,0.000124790644000204
"CRYL1","CRYL1",4.78706002124022e-09,-0.312991826984923,0.436,0.499,0.0001279916237879
"KIF6","KIF6",5.032437193701e-09,-0.305871447034356,0.707,0.738,0.000134552273247984
"INPP5A","INPP5A",5.17257126169082e-09,0.385088823272918,0.276,0.205,0.000138299037823828
"RBP7","RBP7",5.24182524496807e-09,-0.85990632798565,0.075,0.122,0.000140150681574711
"PAXBP1-AS1","PAXBP1-AS1",5.42374505248075e-09,-0.917545028930408,0.069,0.114,0.000145014671468178
"LRRC8B","LRRC8B",5.51459024839811e-09,-0.2964622458028,0.52,0.573,0.00014744359947142
"METTL21A","METTL21A",5.5365266218963e-09,0.660899059978063,0.128,0.08,0.000148030112289641
"INTS6","INTS6",5.66717329320569e-09,0.278095662378058,0.436,0.355,0.00015152321234044
"LINC01252","LINC01252",5.72165626094226e-09,0.697056326878093,0.111,0.067,0.000152979923448813
"GK5","GK5",5.72455381898192e-09,0.596493788769066,0.287,0.226,0.00015305739545812
"TNRC6B","TNRC6B",5.72937863911275e-09,0.164873557747367,0.88,0.836,0.000153186396673958
"KLHL3","KLHL3",5.79681036536544e-09,0.315381361951892,0.54,0.468,0.000154989318738776
"UBQLN1","UBQLN1",5.85240327810556e-09,0.347777834171788,0.381,0.303,0.000156475706446708
"MACROD1","MACROD1",5.89878129168051e-09,0.622797507731894,0.133,0.084,0.000157715715395662
"PRPF31","PRPF31",5.92873717076096e-09,0.516592399506724,0.145,0.093,0.000158516645734636
"AARS1","AARS1",5.95519173164057e-09,0.366074917158849,0.306,0.232,0.000159223961328874
"SHROOM4","SHROOM4",5.97508952031058e-09,-0.195692585140659,0.851,0.864,0.000159755968504544
"FUBP1","FUBP1",6.00167789809218e-09,0.266273894007122,0.455,0.371,0.000160466861961291
"SYT9-AS1","SYT9-AS1",6.20991621466813e-09,0.60790522354803,0.135,0.086,0.000166034529831582
"BABAM2","BABAM2",6.26988310452603e-09,-0.352459890719003,0.418,0.483,0.000167637864565712
"PLS3","PLS3",6.27075008095559e-09,-0.498690981972793,0.283,0.344,0.00016766104491451
"BCAT2","BCAT2",6.28544615030771e-09,0.655479905596702,0.185,0.129,0.000168053973720777
"HDAC4","HDAC4",6.29606435506466e-09,0.25694415346222,0.682,0.622,0.000168337872661364
"IFT172","IFT172",6.32115164256881e-09,0.343289036531248,0.377,0.301,0.000169008631467362
"HDLBP","HDLBP",6.33369329523858e-09,0.329896111764295,0.393,0.321,0.000169343957634794
"CCT8","CCT8",6.38072139141252e-09,0.551071008296004,0.131,0.082,0.000170601347842197
"RBM4","RBM4",6.42984405825601e-09,-0.799198610344817,0.068,0.114,0.000171914740585591
"DPYSL5","DPYSL5",6.43195502682426e-09,0.160617629745683,0.839,0.759,0.0001719711815522
"TTC3","TTC3",6.56130753645721e-09,0.187431181797008,0.775,0.707,0.000175429679602256
"DNAJC28","DNAJC28",6.60247900157866e-09,1.17460542102835,0.042,0.017,0.000176530481065209
"DOCK7","DOCK7",6.85823934430577e-09,0.482778457429614,0.178,0.123,0.000183368745348703
"WDR6","WDR6",6.85971933482093e-09,0.534625536919198,0.176,0.12,0.000183408315855107
"METTL8","METTL8",7.01776895654597e-09,0.454169671599658,0.256,0.191,0.00018763408859117
"FHDC1","FHDC1",7.15432184827557e-09,1.96951017700255,0.023,0.006,0.000191285103257344
"ENSG00000270419","ENSG00000270419",7.16812295288741e-09,-1.01927758499333,0.073,0.118,0.000191654103391351
"SLC38A1","SLC38A1",7.36867535434837e-09,-0.707908354951883,0.075,0.123,0.000197016272949212
"CREG2","CREG2",7.53579522643305e-09,-1.79712481104183,0.009,0.033,0.000201484556969141
"GALNT7","GALNT7",7.57492515986624e-09,0.363224885505504,0.363,0.289,0.000202530773999344
"RORB","RORB",7.58044777405537e-09,-1.67648099304761,0.015,0.042,0.000202678432134918
"CCDC59","CCDC59",7.61270744355405e-09,0.42595227768791,0.267,0.199,0.000203540958918305
"RAB29","RAB29",7.64928269729836e-09,0.840401654905877,0.076,0.04,0.000204518871477666
"ENSG00000273321","ENSG00000273321",7.75417587283395e-09,1.98388574583477,0.027,0.008,0.000207323400311961
"DGKB","DGKB",8.05631383871856e-09,0.977818893946018,0.072,0.038,0.000215401663105818
"ENSG00000273214","ENSG00000273214",8.22809199673536e-09,-3.64228661667613,0.001,0.017,0.000219994495716713
"CABYR","CABYR",8.34998892791549e-09,0.70613746495604,0.096,0.055,0.000223253653965677
"TAFA2","TAFA2",8.48257791968966e-09,-0.965954497785331,0.054,0.096,0.000226798685838742
"RAB30-DT","RAB30-DT",8.93102108628573e-09,-0.316895474939415,0.458,0.517,0.000238788710784021
"KANK2","KANK2",8.94865715106204e-09,2.07879496659604,0.024,0.006,0.000239260246247946
"PCBP3","PCBP3",8.99066992707035e-09,0.493661006460426,0.253,0.191,0.00024038354184008
"ANKH","ANKH",9.249294964216e-09,0.25801633608376,0.773,0.715,0.000247298399458243
"CAMSAP2","CAMSAP2",9.34814651375677e-09,0.235347865185692,0.588,0.503,0.000249941393338315
"ZNF106","ZNF106",9.35246051209405e-09,0.346377257252643,0.28,0.211,0.000250056736711858
"NBDY","NBDY",9.36139908735363e-09,0.401453788303882,0.327,0.257,0.000250295727398574
"SPRED2","SPRED2",9.42847226824913e-09,0.620246886392465,0.157,0.106,0.000252089063036177
"UBE2R2","UBE2R2",9.49945214291844e-09,0.209355036266168,0.707,0.627,0.00025398685194521
"LINC02872","LINC02872",9.60703040038446e-09,-1.17477810037427,0.022,0.052,0.000256863171815079
"SQSTM1","SQSTM1",9.71220450692335e-09,0.348319135912189,0.455,0.381,0.00025967521190161
"EVA1C","EVA1C",9.81060299134105e-09,-0.272280062695412,0.648,0.684,0.000262306092179486
"ABHD17A","ABHD17A",9.81809617707089e-09,-0.404235639593024,0.376,0.437,0.000262506437486344
"GALNT2","GALNT2",9.82214234136851e-09,0.405073893832719,0.343,0.276,0.00026261461978117
"SIGIRR","SIGIRR",9.87555047455145e-09,0.882396732859854,0.088,0.049,0.000264042593038082
"LINC01102","LINC01102",1.0184854212253e-08,-0.544955055776714,0.189,0.251,0.000272312447073008
"GRID1","GRID1",1.02874841617457e-08,-0.145490210369565,0.916,0.923,0.000275056464032596
"HGC6.3","HGC6.3",1.05048624038949e-08,2.94121919507564,0.012,0.001,0.000280868506092938
"EDIL3","EDIL3",1.05209918437013e-08,0.14226701038889,0.993,0.992,0.000281299758925042
"TNR","TNR",1.06322057189964e-08,1.75606387125825,0.049,0.022,0.000284273284308806
"ZMAT1","ZMAT1",1.06473047162505e-08,-0.393715454502134,0.368,0.433,0.000284676986198389
"HSCB","HSCB",1.11233731496137e-08,0.548630967440647,0.164,0.111,0.000297405627901222
"EXD3","EXD3",1.11328388190214e-08,-0.688462881790693,0.105,0.157,0.000297658711504175
"ZDHHC13","ZDHHC13",1.12956977290745e-08,0.463120485621905,0.149,0.098,0.000302013070182265
"S100A4","S100A4",1.15824929479471e-08,5.10153127903291,0.01,0,0.000309681113949262
"ENSG00000273319","ENSG00000273319",1.16754723133145e-08,0.651630917143292,0.089,0.05,0.000312167103241091
"MAPKAPK2","MAPKAPK2",1.1737093110204e-08,0.505472698840748,0.185,0.128,0.000313814658487524
"CRTAC1","CRTAC1",1.17557691361023e-08,0.99723321680779,0.041,0.016,0.000314313999391968
"SOX8","SOX8",1.18901162947631e-08,-0.413594112059529,0.326,0.391,0.000317906039373081
"LINC02256","LINC02256",1.1913725649278e-08,-0.370557235382002,0.367,0.43,0.000318537282684747
"AK3","AK3",1.20084353133099e-08,0.269681706469493,0.465,0.386,0.000321069534971968
"PRAM1","PRAM1",1.20151215780722e-08,-1.60071318811263,0.012,0.038,0.000321248305632917
"HHAT","HHAT",1.23042472351014e-08,-0.909496813541118,0.057,0.099,0.000328978658324907
"ENSG00000258569","ENSG00000258569",1.25103756956584e-08,-0.643517634200682,0.112,0.166,0.000334489914974819
"ZBTB1","ZBTB1",1.25401113060479e-08,0.325219999079714,0.406,0.335,0.000335284955989802
"TSNARE1","TSNARE1",1.28812887974666e-08,0.521441671714617,0.2,0.143,0.000344407018577865
"CTDSP2","CTDSP2",1.31860948134456e-08,0.37017478586293,0.292,0.223,0.000352556617027095
"MAP4","MAP4",1.3344018271951e-08,-0.283787719503968,0.618,0.656,0.000356779016537155
"USP38-DT","USP38-DT",1.35234502222212e-08,-0.419824409432335,0.402,0.46,0.000361576488591529
"GPCPD1","GPCPD1",1.37588397036083e-08,-1.25426417600157,0.035,0.07,0.000367870097155374
"HNRNPH3","HNRNPH3",1.39596369063513e-08,0.320819074081629,0.417,0.34,0.000373238811965115
"RBM14-RBM4","RBM14-RBM4",1.39687484339937e-08,0.598034536547469,0.18,0.125,0.000373482426879689
"MED14","MED14",1.40492714109843e-08,-0.510753892654749,0.238,0.299,0.000375635369715486
"TMEM81","TMEM81",1.40699431799591e-08,1.804432296519,0.023,0.006,0.000376188070802566
"MSR1","MSR1",1.41053405196905e-08,-1.48384716071028,0.027,0.059,0.000377134489474965
"LINC01470","LINC01470",1.42010527651039e-08,0.566104946355056,0.207,0.15,0.000379693547780584
"SMARCA1","SMARCA1",1.44353010891796e-08,0.669000537267337,0.116,0.072,0.000385956645221395
"CMTM4","CMTM4",1.44374546813228e-08,0.315311969841661,0.381,0.307,0.000386014225814529
"GNA13","GNA13",1.44725574367507e-08,0.43668952233584,0.24,0.176,0.000386952768186403
"KCNK10","KCNK10",1.49464033418354e-08,-1.32845571355419,0.025,0.056,0.000399621986150653
"HAVCR2","HAVCR2",1.51478631708805e-08,0.524975207714649,0.191,0.135,0.000405008417599832
"RUNX1T1","RUNX1T1",1.53790981649511e-08,-1.14052111934159,0.042,0.079,0.000411190947636297
"RBM3","RBM3",1.54608483318758e-08,-0.905731129782733,0.045,0.084,0.000413376701849363
"LINC01285","LINC01285",1.5466315032297e-08,-0.585286840027751,0.11,0.163,0.000413522865018526
"MIDN","MIDN",1.57145008473497e-08,-0.778309141134664,0.082,0.13,0.000420158609155589
"EEFSEC","EEFSEC",1.61708249834494e-08,-0.684214603341566,0.108,0.161,0.000432359347582487
"LARP1B","LARP1B",1.62996950284158e-08,0.379936550040237,0.309,0.24,0.000435804945974754
"CYTH1","CYTH1",1.63073450482437e-08,-0.225799693314865,0.651,0.691,0.000436009484554893
"ZER1","ZER1",1.64358275424523e-08,0.279159435644307,0.447,0.37,0.000439444721002548
"PARD6G","PARD6G",1.665209513694e-08,-2.03557472292196,0.009,0.031,0.000445227067676366
"ACTG1","ACTG1",1.67619879599328e-08,-0.292735710341647,0.416,0.483,0.000448165272084723
"ADCY10","ADCY10",1.72036607717651e-08,1.2463347756062,0.043,0.018,0.000459974278054683
"PCBD2","PCBD2",1.75156149711908e-08,-0.927226490079331,0.075,0.12,0.000468314997484728
"ITCH","ITCH",1.83512260878131e-08,-0.190457186526395,0.792,0.811,0.000490656731909859
"PDP2","PDP2",1.88749121021415e-08,0.90571780823189,0.066,0.033,0.000504658524874957
"MSH3","MSH3",1.93764400895507e-08,-0.349347924867181,0.305,0.37,0.000518067878674318
"NMT1","NMT1",1.95065237458746e-08,0.398523401776321,0.279,0.213,0.00052154592539345
"DOHH","DOHH",1.9668321878702e-08,0.384938725625012,0.319,0.254,0.000525871922070854
"ENSG00000218672","ENSG00000218672",1.97308599652321e-08,1.54121337434477,0.047,0.021,0.000527544002890411
"CUZD1","CUZD1",1.97651611304271e-08,1.15420158969793,0.031,0.01,0.000528461113144229
"C12orf60","C12orf60",2.06273392847877e-08,-1.08814103770818,0.055,0.095,0.000551513170457368
"NGFR","NGFR",2.08224532471354e-08,0.635172305424772,0.112,0.069,0.00055672993246866
"H2AC6","H2AC6",2.09091446847011e-08,0.304894965140938,0.356,0.283,0.000559047801434854
"SPACA6","SPACA6",2.10586391363041e-08,0.672976166081586,0.137,0.089,0.000563044834587362
"MT1G","MT1G",2.13899230215413e-08,1.66652449398145,0.028,0.009,0.00057190237182695
"PCDH17","PCDH17",2.14368333465784e-08,0.287660090768472,0.431,0.353,0.000573156613187467
"ABCD4","ABCD4",2.2172750308925e-08,0.301136131560746,0.329,0.256,0.000592832825009729
"KLRG1","KLRG1",2.22158188408139e-08,0.6220496126604,0.126,0.08,0.000593984348346842
"INSR","INSR",2.22969725359132e-08,0.217042712519269,0.778,0.723,0.00059615415469271
"ENSG00000251448","ENSG00000251448",2.23983259850445e-08,-3.67539148813493,0.001,0.016,0.000598864041862136
"SSBP3","SSBP3",2.24277846160589e-08,0.178413192641052,0.576,0.493,0.000599651677279567
"RRP1","RRP1",2.24341158414068e-08,0.602254768835439,0.129,0.083,0.000599820955251693
"TMEM229B","TMEM229B",2.24440166414582e-08,0.916625107915456,0.083,0.046,0.000600085672942668
"PDLIM3","PDLIM3",2.2756183813207e-08,-1.76215543688701,0.009,0.031,0.000608432086613716
"PLGRKT","PLGRKT",2.30571541037335e-08,-0.620997467205786,0.123,0.177,0.000616479129271522
"RELN","RELN",2.35957343588757e-08,0.56937129580336,0.131,0.084,0.000630879149553261
"GTF2A1","GTF2A1",2.4531658307489e-08,-0.57068781978161,0.117,0.17,0.000655902948167332
"RYBP","RYBP",2.51105258129313e-08,0.17464460987612,0.864,0.828,0.000671380128660343
"MTCL2","MTCL2",2.55205782348538e-08,-0.452362490492701,0.319,0.379,0.000682343700265287
"KLC2","KLC2",2.60471791338566e-08,0.550783279336199,0.089,0.05,0.000696423428501925
"RNPEPL1","RNPEPL1",2.63875853566301e-08,0.532507683011048,0.122,0.076,0.000705524869680218
"SLAIN1","SLAIN1",2.64406443755479e-08,0.113858839533433,0.971,0.95,0.000706943508669024
"S100PBP","S100PBP",2.67374285806131e-08,-0.381557070687215,0.321,0.387,0.000714878627959854
"PRPSAP1","PRPSAP1",2.68752985212925e-08,0.46966897359199,0.204,0.146,0.000718564856563798
"ENSG00000267458","ENSG00000267458",2.69767093921729e-08,1.12707872443522,0.058,0.028,0.000721276279018527
"CRADD","CRADD",2.72065539210654e-08,0.229183769164224,0.686,0.616,0.000727421632187526
"RANBP2","RANBP2",2.75667029594414e-08,0.267102440632859,0.405,0.328,0.000737050937026586
"PARAIL","PARAIL",2.7586574097515e-08,0.268054256293933,0.312,0.239,0.000737582231645258
"CAV1","CAV1",2.77298512923486e-08,0.881914029323896,0.057,0.028,0.000741413034003526
"NLRC5","NLRC5",2.8619925865506e-08,0.842903590857802,0.087,0.05,0.000765210957866034
"RBIS","RBIS",2.91512154255557e-08,0.570067082531408,0.132,0.085,0.000779416046833083
"FGD4","FGD4",2.92068048561767e-08,-0.421488522974457,0.447,0.491,0.000780902341439596
"LYRM2","LYRM2",2.9707653875642e-08,0.488579667714146,0.267,0.205,0.000794293541673041
"C8orf88","C8orf88",3.00326165184533e-08,1.0581561437741,0.039,0.016,0.000802982067853885
"ENSG00000259995","ENSG00000259995",3.04603741234769e-08,0.956931792226584,0.06,0.03,0.000814419022939401
"ENSG00000258302","ENSG00000258302",3.05496894093395e-08,-0.791767426231627,0.07,0.113,0.00081680704573751
"ENSG00000242242","ENSG00000242242",3.07499971476706e-08,-1.15919095279587,0.036,0.07,0.000822162673737269
"TMEM117","TMEM117",3.16492474660892e-08,0.28425756655094,0.53,0.459,0.000846205929500827
"ENSG00000266877","ENSG00000266877",3.21049261645115e-08,2.7719439710583,0.013,0.001,0.000858389410860543
"SPOUT1","SPOUT1",3.24726603579042e-08,0.701227123151533,0.088,0.05,0.000868221519989284
"TPCN1","TPCN1",3.24946018035516e-08,0.257536381718746,0.523,0.445,0.00086880816842156
"BMP1","BMP1",3.31017312597738e-08,0.625957224572935,0.111,0.069,0.000885040988692571
"INTS7","INTS7",3.41409384109591e-08,0.396318557282086,0.262,0.199,0.000912826270293814
"RPRD1B","RPRD1B",3.44247247386571e-08,-0.514097199716207,0.189,0.248,0.000920413865337476
"CC2D1A","CC2D1A",3.49956863542536e-08,0.352142259131937,0.255,0.19,0.000935679666053678
"ENSG00000237764","ENSG00000237764",3.51690346200518e-08,0.861831583140365,0.084,0.049,0.000940314478636324
"ANKRD37","ANKRD37",3.56130885639739e-08,0.823775401185669,0.062,0.031,0.000952187148934971
"TTBK2","TTBK2",3.5866517087173e-08,0.238174659308346,0.568,0.496,0.000958963067359744
"FASN","FASN",3.60609201917399e-08,0.367573946464202,0.201,0.142,0.00096416082316655
"CNMD","CNMD",3.6270315487618e-08,1.29017365625829,0.042,0.018,0.000969759425192442
"CD99L2","CD99L2",3.63771303823454e-08,-0.418547382109234,0.274,0.334,0.00097261533503277
"SIRT7","SIRT7",3.64264124409619e-08,0.58463748807086,0.129,0.084,0.000973932989433998
"MIPEP","MIPEP",3.68127340185402e-08,-0.522811998035886,0.183,0.243,0.00098426206945371
"HSPA1L","HSPA1L",3.71822217253943e-08,1.94583366747346,0.024,0.007,0.000994141062271869
"ACSBG1","ACSBG1",3.72836540495257e-08,0.445352738030043,0.139,0.092,0.000996853058322169
"GDE1","GDE1",3.75458539917868e-08,0.490345197467093,0.22,0.161,0.0010038634981784
"FBXL19-AS1","FBXL19-AS1",3.77252273705171e-08,1.39920172060442,0.032,0.011,0.00100865940420552
"KIAA0930","KIAA0930",3.89329162149814e-08,-0.369634633730447,0.568,0.599,0.00104094938083996
"ENSG00000255028","ENSG00000255028",4.02993382584176e-08,1.54705776788568,0.038,0.015,0.00107748340701531
"MARS1","MARS1",4.08305785514154e-08,0.592458788011483,0.162,0.111,0.00109168717872919
"SDCBP2-AS1","SDCBP2-AS1",4.09075311287566e-08,-0.707003108656322,0.085,0.131,0.00109374465978957
"GPT2","GPT2",4.12133721952124e-08,0.305795097448031,0.297,0.228,0.0011019219323834
"TMEM178A","TMEM178A",4.1343920043259e-08,1.568859871345,0.047,0.021,0.00110541239019662
"FRMD5","FRMD5",4.15501753484558e-08,-0.108987188608439,0.986,0.985,0.00111092703829166
"L3HYPDH","L3HYPDH",4.187142423498e-08,0.632327236757162,0.13,0.085,0.00111951626977066
"LOC105374593","LOC105374593",4.28567389303778e-08,-1.86222870675787,0.008,0.029,0.00114586062878151
"HS6ST1","HS6ST1",4.34236838339732e-08,0.586460527090896,0.156,0.107,0.00116101903466894
"CRTC1","CRTC1",4.35561735008156e-08,0.372969084788825,0.265,0.2,0.00116456141089131
"KCNQ1","KCNQ1",4.39620660321071e-08,0.488007387866626,0.165,0.114,0.00117541375950045
"CASS4","CASS4",4.40475205924624e-08,1.20722672097375,0.034,0.013,0.00117769855808067
"SMARCA5","SMARCA5",4.43352312774361e-08,-0.346802074918911,0.356,0.416,0.00118539107866481
"PPP2R3A","PPP2R3A",4.43564542434363e-08,-0.296782730342095,0.569,0.607,0.00118595851710676
"VASH1","VASH1",4.52879272777024e-08,0.61126609239451,0.165,0.115,0.00121086331162393
"SRCIN1","SRCIN1",4.60301217664812e-08,-0.179222165565313,0.827,0.841,0.00123070736567041
"MFGE8","MFGE8",4.67140470639071e-08,0.610922449077599,0.142,0.095,0.00124899347634768
"ENSG00000260300","ENSG00000260300",4.68106222364333e-08,-1.41611605858434,0.014,0.039,0.00125157560673552
"RCC2","RCC2",4.7051159783266e-08,0.674288763076795,0.129,0.084,0.00125800685912518
"SFT2D2","SFT2D2",4.75281417442967e-08,0.417550370587885,0.249,0.187,0.00127075992581726
"ENSG00000269237","ENSG00000269237",4.87363701092035e-08,0.32741192771555,0.375,0.303,0.00130306432760977
"ATP11A","ATP11A",4.88358328590306e-08,0.213483076762862,0.735,0.678,0.0013057236631519
"MIR9-2HG","MIR9-2HG",4.88512184449608e-08,-0.655719238116164,0.125,0.177,0.00130613502756292
"PBX3","PBX3",4.89448141918828e-08,0.153707804936126,0.584,0.496,0.00130863749704837
"PPP1R9B","PPP1R9B",4.94472049876384e-08,0.95872581584094,0.044,0.019,0.00132206991975449
"ENSG00000267571","ENSG00000267571",4.99490357895252e-08,0.933176304755499,0.044,0.019,0.00133548736990454
"KLHL29","KLHL29",5.04962746686965e-08,1.2823335906722,0.048,0.022,0.00135011889581694
"EDA","EDA",5.05946537116585e-08,0.497540826118047,0.222,0.163,0.00135274925628861
"SANBR","SANBR",5.10604937234367e-08,-0.430331961868393,0.26,0.321,0.00136520442068353
"ARMC9","ARMC9",5.19781952344188e-08,-0.832788661038498,0.102,0.149,0.00138974100598266
"KIF1A","KIF1A",5.20194919509322e-08,0.262914056561875,0.596,0.524,0.00139084515629207
"EEF1D","EEF1D",5.22517278371233e-08,0.364577850631382,0.374,0.302,0.00139705444718116
"FANCM","FANCM",5.38526579874237e-08,-0.708736509081568,0.057,0.097,0.00143985851660975
"BMP7","BMP7",5.45501981816116e-08,0.517160277862727,0.138,0.091,0.00145850864878175
"LMF1","LMF1",5.54469069934399e-08,-0.352809327222958,0.378,0.44,0.0014824839522836
"ARHGAP35","ARHGAP35",5.54878920959407e-08,0.257839972782098,0.475,0.399,0.00148357977096917
"H2AX","H2AX",5.63722704297949e-08,0.531378134248699,0.172,0.12,0.00150722539448143
"SMARCC2","SMARCC2",5.64451502998639e-08,0.44392263670624,0.213,0.156,0.00150917398356746
"DYRK2","DYRK2",5.65820198664323e-08,0.782160774826304,0.076,0.042,0.0015128334651688
"LARP6","LARP6",5.67101334992507e-08,0.342123331816421,0.469,0.398,0.00151625883936947
"FAM107B","FAM107B",5.94801463119251e-08,-0.160016141017947,0.917,0.932,0.00159032067194194
"MLLT3","MLLT3",6.30649121830069e-08,0.187641219671854,0.575,0.488,0.00168616655703705
"ATP10B","ATP10B",6.45645788995628e-08,-0.212080549520345,0.814,0.829,0.00172626314603761
"PRXL2A","PRXL2A",6.52375537582715e-08,0.628667953610733,0.12,0.077,0.00174425647483491
"LRRC37B","LRRC37B",6.54755168402713e-08,0.370720450305093,0.292,0.228,0.00175061889375833
"LRCH4","LRCH4",6.64313763916066e-08,0.74402180963189,0.104,0.064,0.00177617571058239
"CCDC90B","CCDC90B",6.64670977359576e-08,0.401892212678217,0.231,0.172,0.0017771307921663
"PAK2","PAK2",6.70389171860705e-08,0.269208217031327,0.537,0.465,0.00179241952880397
"CDK11B","CDK11B",6.77020357324054e-08,0.520175817343895,0.175,0.123,0.00181014932937732
"SCEL","SCEL",6.78294644386157e-08,1.36576882775371,0.033,0.012,0.00181355639069527
"BCL7A","BCL7A",6.81732228242734e-08,-0.613154332567565,0.105,0.154,0.0018227474586526
"CDK13","CDK13",6.92140006005725e-08,0.187653674776934,0.72,0.649,0.00185057473405751
"KANTR","KANTR",6.94333083470992e-08,0.267682082937547,0.501,0.426,0.00185643836527639
"CKMT2","CKMT2",7.01561259218428e-08,0.994839476357039,0.059,0.03,0.00187576433877231
"PWWP2A","PWWP2A",7.10094211740527e-08,0.208592260094036,0.628,0.562,0.00189857889393065
"SEMA4C","SEMA4C",7.12614114947205e-08,-0.601875829212359,0.142,0.195,0.00190531635913434
"UBA3","UBA3",7.13621567209363e-08,0.36174105090732,0.363,0.295,0.00190800998424767
"ITGBL1","ITGBL1",7.1419839409933e-08,0.915920093124095,0.076,0.043,0.00190955224630338
"ZNF675","ZNF675",7.3856282809502e-08,0.559946735467151,0.143,0.096,0.00197469543347765
"CFL2","CFL2",7.3925133766583e-08,-0.463114162038961,0.272,0.328,0.00197653630151713
"ZNF407","ZNF407",7.4971086180065e-08,-0.42836158788646,0.37,0.426,0.0020045019311964
"CCDC93","CCDC93",7.52613747992975e-08,0.418987014264886,0.231,0.173,0.00201226337800882
"SLC25A53","SLC25A53",7.61071404161999e-08,0.44145255006275,0.206,0.15,0.00203487661330794
"FHIT","FHIT",7.72007051031705e-08,0.143069129679406,0.936,0.921,0.00206411525234347
"GSTCD","GSTCD",7.80713909922343e-08,-0.643343377200712,0.11,0.159,0.00208739478095937
"NDUFS2","NDUFS2",7.82770796167824e-08,0.303165092310819,0.326,0.256,0.00209289427771391
"SCART1","SCART1",7.82954245300972e-08,-1.01936240005105,0.044,0.079,0.00209338476566121
"RAB33B-AS1","RAB33B-AS1",7.87274475481632e-08,0.291766144963279,0.411,0.338,0.00210493576509524
"ABHD2","ABHD2",8.0562942401789e-08,-0.52994455790542,0.133,0.186,0.00215401139099663
"NID2","NID2",8.31742079768068e-08,-1.4855109455577,0.014,0.039,0.00222382879867588
"CCDC117","CCDC117",8.36762168830238e-08,0.723634638221297,0.101,0.062,0.00223725101080141
"CRB2","CRB2",8.54423541864349e-08,-1.18627389093607,0.043,0.078,0.00228447222388271
"POU3F3","POU3F3",8.56440035911924e-08,0.30106056344048,0.369,0.298,0.00228986372401771
"SLC13A4","SLC13A4",8.56516716661586e-08,1.37218390627432,0.021,0.005,0.00229006874533808
"MGRN1","MGRN1",8.58784752733458e-08,0.318911070113969,0.355,0.287,0.00229613279338345
"TMEM235","TMEM235",8.66399735915328e-08,-0.402219696091597,0.361,0.415,0.00231649297391681
"MYOT","MYOT",8.69810387696711e-08,0.77415180698776,0.104,0.064,0.0023256120335847
"CHI3L1","CHI3L1",8.75148954947077e-08,2.35816375495379,0.019,0.005,0.002339885760842
"HLA-A","HLA-A",8.8101101750451e-08,0.651513524670731,0.131,0.087,0.00235555915750181
"ENSG00000230323","ENSG00000230323",8.8289978804597e-08,0.795343208592897,0.094,0.057,0.00236060916329851
"DTNA","DTNA",8.89682236998698e-08,0.153795076043067,0.802,0.727,0.00237874339706342
"SLC2A9","SLC2A9",8.91518503167839e-08,1.03451556587985,0.062,0.032,0.00238365302191985
"PRELID3A","PRELID3A",8.94356995636442e-08,0.482436889139958,0.196,0.141,0.00239124229923316
"KDSR","KDSR",9.02760544826902e-08,0.321762229702858,0.329,0.26,0.00241371086870369
"SOCS4","SOCS4",9.09856090874111e-08,0.4461741842912,0.161,0.11,0.00243268223017011
"ENSG00000236209","ENSG00000236209",9.24756819877184e-08,-2.95321774339182,0.002,0.018,0.00247252230930563
"WHRN","WHRN",9.28625839641321e-08,0.228719104149477,0.543,0.469,0.002482866907449
"DOCK4","DOCK4",9.47078196349741e-08,-0.141124113383833,0.949,0.948,0.0025322029735803
"RNF24","RNF24",9.49624027596131e-08,0.3998878116727,0.194,0.139,0.00253900976258377
"PUS7","PUS7",9.56387584739838e-08,0.442829663411857,0.201,0.147,0.0025570934853189
"PLXNC1","PLXNC1",9.59938358681871e-08,0.783910959748859,0.085,0.05,0.00256658718960772
"ENSG00000227220","ENSG00000227220",9.68186047600465e-08,-0.878333414336919,0.055,0.093,0.00258863903546936
"MAPKAPK5","MAPKAPK5",9.96805909708822e-08,-0.626959335087035,0.129,0.179,0.00266515996078848
"SRPRB","SRPRB",9.99290617049777e-08,-0.772073140429808,0.151,0.2,0.00267180332280599
"PCDH10-DT","PCDH10-DT",1.07549036429383e-07,-0.488652206872819,0.305,0.357,0.00287553858701242
"FTL","FTL",1.0811276809766e-07,-0.246497301811944,0.745,0.77,0.00289061108062715
"B2M","B2M",1.08558338570288e-07,0.373410126454989,0.42,0.352,0.00290252429835378
"FRG1-DT","FRG1-DT",1.08855686390572e-07,0.503816861269236,0.191,0.139,0.00291047448702472
"ZMYM4","ZMYM4",1.10667286677844e-07,-0.328466438405844,0.424,0.481,0.00295891124390552
"LINC02343","LINC02343",1.1112988880044e-07,1.07566410477911,0.054,0.027,0.00297127983685736
"WDR5B-DT","WDR5B-DT",1.11673801431917e-07,-0.660659923245638,0.098,0.144,0.00298582242888517
"ENSG00000254860","ENSG00000254860",1.11841510379304e-07,-0.652456766553273,0.124,0.173,0.00299030646301144
"CCNB3","CCNB3",1.1242985615506e-07,-1.05808418851432,0.03,0.061,0.00300603706401784
"ZNF692","ZNF692",1.13037841419337e-07,0.459983204169303,0.188,0.135,0.00302229276602882
"RAB3GAP1","RAB3GAP1",1.14793711294987e-07,0.302818503814291,0.5,0.435,0.00306923945889407
"VKORC1L1","VKORC1L1",1.1666687359846e-07,-0.481996739041817,0.196,0.253,0.00311932219940202
"LYSMD3","LYSMD3",1.18948830031387e-07,0.597758551419355,0.1,0.061,0.0031803348685492
"AP3S1","AP3S1",1.19350128369916e-07,0.353396204970284,0.255,0.195,0.00319106438222646
"ADCY5","ADCY5",1.20426981415401e-07,0.300871432931436,0.534,0.47,0.00321985620210359
"MPHOSPH8","MPHOSPH8",1.20719414819304e-07,0.242403521651127,0.528,0.458,0.00322767499402374
"MAMLD1","MAMLD1",1.22353366677524e-07,0.850049926739165,0.054,0.027,0.00327136196485696
"ENTPD1-AS1","ENTPD1-AS1",1.24125460466296e-07,-0.297938458470354,0.526,0.572,0.00331874243648736
"AMY2B","AMY2B",1.24631744487005e-07,-0.611541280984028,0.114,0.163,0.00333227895234906
"TRIM56","TRIM56",1.2517880091334e-07,0.535585365400172,0.193,0.141,0.00334690560001998
"PARD6G-AS1","PARD6G-AS1",1.26039814293326e-07,0.971838764313079,0.066,0.036,0.00336992651476066
"PDE6B","PDE6B",1.27521044718346e-07,-0.509566988309047,0.236,0.291,0.00340953017263443
"GPR137C","GPR137C",1.28842456179341e-07,-0.451691467663526,0.46,0.498,0.00344486075086703
"IDI1","IDI1",1.29726197190096e-07,0.46897523244915,0.22,0.163,0.00346848933427159
"GACAT3","GACAT3",1.31198698739206e-07,-1.26166276749803,0.025,0.053,0.00350785960819016
"NMT2","NMT2",1.31733737024782e-07,0.562553146369988,0.138,0.092,0.00352216492683159
"RAP1A","RAP1A",1.34158033654717e-07,-0.288784411074802,0.576,0.615,0.00358698334582617
"MTHFD1L","MTHFD1L",1.37259499237156e-07,0.365565931136888,0.262,0.201,0.00366990723110383
"SCCPDH","SCCPDH",1.37543201501933e-07,0.354844522719018,0.288,0.225,0.00367749257855718
"UGP2","UGP2",1.37712809964991e-07,0.299479067780476,0.365,0.299,0.00368202740003397
"HMGXB4","HMGXB4",1.39492940815299e-07,-0.466344733650418,0.205,0.262,0.00372962275857864
"ABCA3","ABCA3",1.42937481910198e-07,0.345557086691653,0.309,0.243,0.00382171945383296
"CCM2","CCM2",1.42961162785092e-07,-0.461275137001538,0.245,0.302,0.003822352609385
"EN2","EN2",1.42976586575006e-07,2.61000420313909,0.015,0.003,0.00382276499525595
"LPIN2","LPIN2",1.44140779735513e-07,0.415580740211425,0.22,0.163,0.00385389202778842
"TSPAN18","TSPAN18",1.47614430725565e-07,1.66178247548747,0.03,0.011,0.00394676703430943
"SLC25A39","SLC25A39",1.47654980149665e-07,0.542675525869758,0.124,0.08,0.00394785120426159
"DPY19L1","DPY19L1",1.48096222501707e-07,0.316542319643833,0.257,0.195,0.00395964870102815
"PTBP1","PTBP1",1.484394334564e-07,0.602473268419755,0.138,0.093,0.00396882513232377
"FANCL","FANCL",1.50473536675686e-07,-0.302656306555234,0.517,0.563,0.00402321095009781
"PRIMA1","PRIMA1",1.50965338567178e-07,0.330957242900257,0.475,0.408,0.00403636025727065
"ATAT1","ATAT1",1.51398618578537e-07,-0.660535612033739,0.086,0.131,0.00404794486493435
"UBL3","UBL3",1.51441624100915e-07,0.165002086757904,0.68,0.61,0.00404909470358616
"TPT1","TPT1",1.53072874371144e-07,0.249813901336355,0.338,0.267,0.00409270944206127
"ITGA2-AS1","ITGA2-AS1",1.54048059401874e-07,-0.648126718998233,0.065,0.105,0.00411878296422789
"HSD17B1","HSD17B1",1.57230982549622e-07,0.98125987044354,0.062,0.032,0.00420388478042925
"OXCT1","OXCT1",1.58311203312673e-07,-0.541496190063824,0.164,0.217,0.00423276664297095
"POLR2H","POLR2H",1.60126643287322e-07,0.660125758034766,0.087,0.051,0.00428130606157312
"GOLGA4","GOLGA4",1.60412234824261e-07,-0.197818837164897,0.707,0.739,0.00428894192249626
"CDKL5","CDKL5",1.61027561419508e-07,-0.436380734846755,0.301,0.356,0.0043053939096734
"CSMD2","CSMD2",1.6329354778821e-07,-0.471616052912918,0.13,0.182,0.00436597958721336
"ZNF438","ZNF438",1.68393621049809e-07,-0.367924486876403,0.277,0.341,0.00450234024600874
"LOC105379507","LOC105379507",1.71927426676335e-07,-0.238197376669673,0.475,0.533,0.00459682360704518
"TMED4","TMED4",1.72051536756538e-07,-0.561775370995067,0.142,0.193,0.00460014193825956
"GOLGA3","GOLGA3",1.746577734113e-07,0.354967325115218,0.241,0.182,0.00466982488769792
"ZBTB38","ZBTB38",1.77239394080453e-07,0.244314057861861,0.58,0.512,0.00473884967952908
"SLC4A2","SLC4A2",1.78419696798577e-07,0.481999747949091,0.17,0.12,0.00477040743330355
"SH2B2","SH2B2",1.81399643324648e-07,1.86626515600644,0.022,0.006,0.0048500822635711
"GALNT10","GALNT10",1.85111168330047e-07,-0.454740090000349,0.152,0.208,0.00494931730764046
"SERTAD4","SERTAD4",1.86018068250374e-07,0.964430758183389,0.06,0.031,0.00497356509081025
"WDR11-DT","WDR11-DT",1.87687363842822e-07,-0.468896975592837,0.163,0.219,0.00501819704706554
"TCF25","TCF25",1.88261659634779e-07,0.23131238780098,0.56,0.486,0.00503355199365508
"BLM","BLM",1.88378410544502e-07,1.31418742020192,0.039,0.017,0.00503667356272835
"SAMD1","SAMD1",1.89515922489042e-07,0.564311111619544,0.119,0.077,0.00506708721958951
"LINC00310","LINC00310",1.89986857714758e-07,2.94897791271498,0.011,0.001,0.0050796786147195
"LINC02908","LINC02908",1.92869901182273e-07,-2.63211166711535,0.004,0.02,0.00515676254791044
"ENSG00000282142","ENSG00000282142",1.93132376447771e-07,-2.73710138413825,0.003,0.019,0.00516378034908406
"ANKRD13A","ANKRD13A",1.93242414860008e-07,-0.516208292302231,0.202,0.256,0.00516672244611204
"TMIGD3","TMIGD3",1.93349557392843e-07,-2.12078581226404,0.008,0.027,0.00516958711601244
"ARID5A","ARID5A",1.93398594602095e-07,1.12933598573063,0.04,0.017,0.0051708982238762
"SERPINH1","SERPINH1",1.945700599641e-07,1.6899665476614,0.022,0.006,0.00520221969326013
"LINC03021","LINC03021",1.9659664981464e-07,-2.62261744163631,0.004,0.02,0.00525640462609402
"CYRIA","CYRIA",1.97907709461873e-07,-1.02341206123073,0.031,0.062,0.0052914584278821
"TRIM8","TRIM8",2.00236719447837e-07,0.354410946285536,0.223,0.166,0.00535372916787683
"EPHX2","EPHX2",2.03794938042227e-07,0.771066374568989,0.081,0.048,0.00544886525843503
"RHEB","RHEB",2.06228548778251e-07,0.471621541569074,0.219,0.163,0.00551393270868409
"ENSG00000268069","ENSG00000268069",2.07664118925153e-07,-1.16530368014056,0.031,0.061,0.0055523155477018
"PDE6D","PDE6D",2.09957803496769e-07,0.378545516612278,0.179,0.127,0.0056136417920931
"DDHD2","DDHD2",2.10348809565428e-07,-0.509305183157369,0.177,0.231,0.00562409612135086
"TRAF2","TRAF2",2.11179061059099e-07,0.554283378026987,0.08,0.046,0.00564629455553712
"EFS","EFS",2.15652553870959e-07,-0.50257531056459,0.185,0.239,0.00576590233284784
"TRIM59","TRIM59",2.16120650063324e-07,-0.727811905787986,0.132,0.18,0.00577841782074308
"LINC02889","LINC02889",2.17773675684686e-07,0.893299033743155,0.031,0.012,0.00582261476678146
"KIF1B","KIF1B",2.19285546077483e-07,0.101529526622119,0.964,0.932,0.00586303764547367
"CGGBP1","CGGBP1",2.19445365279457e-07,0.333109417174057,0.341,0.274,0.00586731073147684
"SRGAP3","SRGAP3",2.19640883971549e-07,0.233061267580868,0.562,0.49,0.00587253831474731
"HEPN1","HEPN1",2.21768723156398e-07,-0.489828390670708,0.224,0.276,0.00592943035103261
"EML5","EML5",2.22536441217965e-07,-0.947829759011623,0.045,0.079,0.00594995682884474
"ARHGAP27","ARHGAP27",2.22715126985081e-07,-1.33136807867695,0.009,0.029,0.00595473435020011
"ZNF124","ZNF124",2.23015730206464e-07,0.784748076386015,0.089,0.053,0.00596277157853022
"SEMA5A","SEMA5A",2.23810804211132e-07,0.269417036366964,0.493,0.424,0.00598402947219304
"DNAH11","DNAH11",2.27003000667403e-07,0.926652765449452,0.038,0.016,0.00606937922884434
"CDKN1C","CDKN1C",2.27366830285107e-07,0.300102848348647,0.593,0.535,0.0060791069413329
"ZNF765","ZNF765",2.28079730047443e-07,0.425029495599416,0.172,0.121,0.00609816774227848
"NALCN-AS1","NALCN-AS1",2.30224785971262e-07,1.17386088488749,0.045,0.021,0.00615552010251362
"TSGA10","TSGA10",2.32564634974794e-07,-0.349881644215604,0.387,0.44,0.00621808064532107
"ZFAT","ZFAT",2.37423078322176e-07,0.522862701942608,0.124,0.081,0.00634798084510003
"RAB27A","RAB27A",2.37771127676698e-07,0.534624510317201,0.124,0.081,0.00635728664069187
"GTF2I","GTF2I",2.39137646591981e-07,0.162285283307736,0.871,0.843,0.00639382325692979
"AMPD2","AMPD2",2.40701190471416e-07,0.75640787261163,0.085,0.05,0.00643562772963426
"AK9","AK9",2.41382022075893e-07,0.343991831089469,0.281,0.22,0.00645383112424314
"ADAM19","ADAM19",2.42893230790982e-07,-0.389197002777462,0.284,0.343,0.00649423631165849
"RSBN1L","RSBN1L",2.43172824913834e-07,0.25298062754206,0.375,0.304,0.00650171181972117
"PLXND1","PLXND1",2.43486532613016e-07,0.398403573532134,0.329,0.268,0.0065100994224742
"MRPL41","MRPL41",2.4856578633102e-07,0.452962716215732,0.246,0.19,0.0066459034291325
"HGSNAT","HGSNAT",2.51769273677207e-07,-0.464242454818344,0.212,0.268,0.00673155507030748
"IP6K2","IP6K2",2.56438022063668e-07,0.327268264895977,0.278,0.215,0.00685638339591629
"LENG8","LENG8",2.56909647451127e-07,-0.360535734463441,0.335,0.386,0.00686899324390078
"GARNL3","GARNL3",2.57485663130153e-07,-0.235952054339907,0.619,0.658,0.00688439417511089
"FERMT3","FERMT3",2.57693932537205e-07,1.97344640426093,0.023,0.007,0.00688996267424726
"CENPC","CENPC",2.62308053836859e-07,0.263811937306682,0.405,0.336,0.0070133304354361
"ENSG00000260563","ENSG00000260563",2.62604801098968e-07,0.868058903625354,0.057,0.029,0.00702126456698311
"ENSG00000273217","ENSG00000273217",2.63266688073492e-07,1.4459337689922,0.027,0.01,0.00703896143902095
"CSAD","CSAD",2.63761623759957e-07,-0.372070539316542,0.28,0.338,0.00705219453446997
"NUP133","NUP133",2.64470363750996e-07,-0.484261411388104,0.255,0.309,0.00707114411561038
"TMEM65","TMEM65",2.65297207082885e-07,0.353979448089223,0.244,0.186,0.0070932514257751
"DMXL2","DMXL2",2.65709627835939e-07,-0.553984393307026,0.173,0.224,0.0071042783194495
"GANC","GANC",2.65994083229117e-07,0.316472782636319,0.392,0.329,0.00711188380329691
"PDIA4","PDIA4",2.69470211636878e-07,0.659009329032102,0.121,0.08,0.00720482504853521
"ENSG00000284952","ENSG00000284952",2.71323316526502e-07,1.66807637991014,0.023,0.007,0.00725437151396909
"TAGLN","TAGLN",2.72140262325105e-07,-0.731616293856056,0.101,0.146,0.00727621419378634
"NEDD4","NEDD4",2.72745075398571e-07,0.533377600815621,0.142,0.097,0.0072923850809316
"FBXO44","FBXO44",2.73259579367483e-07,0.678062734447237,0.109,0.07,0.00730614137354839
"GAS2","GAS2",2.73467762039085e-07,0.40521752050784,0.306,0.247,0.00731170755363901
"SOCS5","SOCS5",2.73495590244617e-07,0.473845582361249,0.176,0.127,0.00731245159637032
"NENF","NENF",2.7407720415396e-07,-0.351164677003698,0.339,0.397,0.00732800220746442
"PLEKHB1","PLEKHB1",2.74285164242806e-07,0.277452917705635,0.585,0.539,0.00733356243635991
"CSRNP3","CSRNP3",2.76808384816558e-07,0.281648422864613,0.345,0.276,0.00740102578484031
"CBX5","CBX5",2.77633806455959e-07,0.320991373530888,0.311,0.245,0.00742309508321298
"BORCS5","BORCS5",2.79066777890876e-07,-0.380482771186272,0.354,0.407,0.00746140844046835
"RUNX1","RUNX1",2.79405785716827e-07,0.818964948316355,0.111,0.072,0.0074704724927108
"ENSG00000253965","ENSG00000253965",2.83534145619548e-07,-1.10763865124765,0.022,0.048,0.00758085245142985
"ENSG00000272865","ENSG00000272865",2.84504503411879e-07,0.73969561770144,0.067,0.037,0.00760679690772341
"ATF1","ATF1",2.86279850353803e-07,0.524783976997514,0.175,0.126,0.00765426435890963
"KCNJ9","KCNJ9",2.86522441236568e-07,0.616421920975809,0.09,0.055,0.00766075051134211
"PRCC","PRCC",2.92683648407098e-07,-0.496598429414746,0.151,0.202,0.00782548270746058
"SMIM2-AS1","SMIM2-AS1",2.9531709157863e-07,-1.59136232434287,0.009,0.028,0.00789589307753783
"TMOD3","TMOD3",2.97556546029248e-07,0.499533248092356,0.167,0.118,0.007955769371184
"STXBP3","STXBP3",2.99525654239382e-07,-0.269049874130874,0.546,0.583,0.00800841741739837
"AP1G2","AP1G2",3.04417589592313e-07,0.922705369756416,0.053,0.026,0.00813921309292967
"ENSG00000272941","ENSG00000272941",3.14211156678586e-07,1.25144743423067,0.038,0.016,0.00840106369611537
"NFATC3","NFATC3",3.16915822111481e-07,0.257917958307821,0.42,0.353,0.00847337833579466
"FLOT1","FLOT1",3.17022032449247e-07,0.442845258147898,0.192,0.139,0.00847621808159553
"ST13","ST13",3.21166518871265e-07,0.333928319784392,0.379,0.314,0.008587029215061
"LOC105370103","LOC105370103",3.22583789475995e-07,0.918071655496163,0.042,0.019,0.00862492277921968
"ENSG00000231966","ENSG00000231966",3.22663217920809e-07,2.6839967599294,0.013,0.002,0.00862704645754866
"RND2","RND2",3.25179010068405e-07,1.16358678923028,0.045,0.021,0.00869431119219895
"ENSG00000214265","ENSG00000214265",3.26344990316477e-07,0.236936977989897,0.596,0.54,0.00872548600609164
"ENPP6","ENPP6",3.27951612053579e-07,0.230198609075825,0.505,0.43,0.00876844225147653
"ADI1","ADI1",3.34784852763551e-07,-0.592841885584726,0.104,0.148,0.00895114260833907
"IGFL4","IGFL4",3.36659507635453e-07,0.976457747595866,0.06,0.032,0.00900126525564912
"BTG2","BTG2",3.37524477612e-07,-0.896386525077574,0.042,0.076,0.00902439195791205
"ENSG00000228113","ENSG00000228113",3.40138723090388e-07,1.23571462880097,0.048,0.023,0.00909428903926771
"RHBDL2","RHBDL2",3.44510324590764e-07,-0.380161999808935,0.277,0.334,0.00921117254858326
"TULP4","TULP4",3.4885256715361e-07,-0.166615281971042,0.845,0.873,0.00932727108798606
"ZNF718","ZNF718",3.51792232816471e-07,0.300453196953785,0.418,0.349,0.00940586892881399
"MBOAT2","MBOAT2",3.54868655935091e-07,0.21629407301445,0.726,0.668,0.00948812325373652
"HACD3","HACD3",3.619396354398e-07,0.266450933159224,0.379,0.313,0.00967718003275392
"MAPK1IP1L","MAPK1IP1L",3.62081203102177e-07,0.364429292182231,0.278,0.217,0.0096809651273429
"FAM174B","FAM174B",3.69575247679293e-07,0.369582425097007,0.324,0.265,0.00988133339720126
"INPP4A","INPP4A",3.75434279811221e-07,0.39280039096263,0.184,0.133,0.0100379863393126
"AUH","AUH",3.78094573361358e-07,-0.282262151412236,0.46,0.515,0.0101091146079626
"SS18","SS18",3.88785542308529e-07,0.250453330217002,0.485,0.412,0.0103949590447031
"CEP164","CEP164",3.93842548504732e-07,-0.412164816042178,0.256,0.31,0.010530168219371
"XKR9","XKR9",3.95851130840812e-07,0.82817423930103,0.074,0.043,0.0105838716852908
"SYTL4","SYTL4",3.97211258799108e-07,1.51344025245723,0.026,0.009,0.0106202374265118
"GEMIN8","GEMIN8",3.98897973088943e-07,-0.522890778504876,0.134,0.183,0.0106653351064791
"TTC23-AS1","TTC23-AS1",4.07788775113284e-07,1.01433943898534,0.048,0.023,0.0109030484802039
"SPNS2","SPNS2",4.10065460625066e-07,-0.336092609318762,0.337,0.394,0.0109639202207324
"ADD3","ADD3",4.1075459859497e-07,-0.199139201343631,0.712,0.735,0.0109823457026337
"MIR181A2HG","MIR181A2HG",4.20033776582908e-07,-0.63859981742094,0.128,0.176,0.0112304430844972
"MAP2","MAP2",4.21582562691145e-07,0.6449064873358,0.122,0.081,0.0112718529786731
"CCDC126","CCDC126",4.24615196919311e-07,0.475063797459332,0.144,0.099,0.0113529365200316
"PHF21B","PHF21B",4.2602718653911e-07,1.0141338977664,0.062,0.034,0.0113906888864962
"NOVA1","NOVA1",4.2893553414404e-07,-0.259979807836854,0.675,0.71,0.0114684493764092
"IPO13","IPO13",4.31885765942873e-07,-0.321284627565247,0.348,0.408,0.0115473297240146
"C11orf65","C11orf65",4.32639040710292e-07,-0.652877353713577,0.119,0.166,0.0115674700314711
"ENSG00000259124","ENSG00000259124",4.35040026184469e-07,-0.884792574662166,0.074,0.113,0.0116316651800941
"ENSG00000251555","ENSG00000251555",4.35973549678117e-07,0.365109627024485,0.283,0.223,0.0116566247977438
"STX4","STX4",4.39085844335509e-07,0.431604919035587,0.23,0.176,0.0117398382199985
"SRP54","SRP54",4.42034022778436e-07,-0.496245755935262,0.243,0.294,0.011818663667027
"TYMP","TYMP",4.44006503741187e-07,2.61872091472871,0.013,0.002,0.0118714018905281
"YME1L1","YME1L1",4.48415381603019e-07,-0.359689975820032,0.282,0.337,0.0119892820579199
"PLAAT4","PLAAT4",4.50468651604486e-07,-1.18852566287013,0.029,0.058,0.0120441803379491
"FAM20C","FAM20C",4.53465531105789e-07,0.434900764951164,0.194,0.142,0.0121243079051755
"BTBD7","BTBD7",4.5694112440211e-07,0.206417292020465,0.578,0.515,0.0122172348431392
"PKD2","PKD2",4.59393639542892e-07,-0.22162711513382,0.671,0.702,0.0122828077404583
"HSD11B1","HSD11B1",4.64266601743959e-07,-0.887165533406989,0.061,0.098,0.0124130961308282
"USPL1","USPL1",4.66488057530871e-07,0.47668543493152,0.169,0.121,0.0124724911942029
"EVI5","EVI5",4.69547877285217e-07,-0.255128906587812,0.549,0.594,0.0125543015949748
"IKBKB","IKBKB",4.73558843649749e-07,0.367257665900807,0.261,0.205,0.0126615428026633
"ATP2A2","ATP2A2",4.77513164906039e-07,0.347643808427054,0.414,0.352,0.0127672694900928
"LZTS3","LZTS3",4.80271563102645e-07,0.627308493733633,0.085,0.051,0.0128410207826754
"LRRC69","LRRC69",4.80743400655079e-07,0.513460229611514,0.178,0.13,0.0128536363033148
"TMEM161B-DT","TMEM161B-DT",4.82230504861401e-07,0.244528853070516,0.711,0.675,0.0128933970084793
"ENSG00000260851","ENSG00000260851",4.83619426734868e-07,-0.759417901737366,0.061,0.098,0.0129305326126102
"SLC22A17","SLC22A17",4.86785871500426e-07,0.284095708622052,0.321,0.254,0.0130151938463069
"AIG1","AIG1",4.94204576757864e-07,-0.251721438202406,0.535,0.596,0.013213547768775
"ZNF710-AS1","ZNF710-AS1",4.94520739185363e-07,-0.907525254766448,0.041,0.073,0.013222001003599
"CATSPERE","CATSPERE",4.95772913669867e-07,-0.482984286134445,0.174,0.226,0.0132554803927912
"TAFAZZIN","TAFAZZIN",4.96351948717058e-07,-0.409134634665278,0.197,0.251,0.013270962052848
"ZC2HC1A","ZC2HC1A",5.03205511302751e-07,-0.460579058204079,0.134,0.186,0.0134542057557016
"CD9","CD9",5.0910468129121e-07,-0.374015648803519,0.308,0.365,0.0136119318636831
"USP3-AS1","USP3-AS1",5.2158746775568e-07,-0.810308634742342,0.039,0.07,0.0139456841253836
"LPCAT1","LPCAT1",5.27202554302566e-07,1.32702625338206,0.033,0.014,0.0140958146943877
"GAN","GAN",5.34613565212779e-07,0.32814592254575,0.21,0.156,0.0142939628930941
"LYPD5","LYPD5",5.36733273369557e-07,0.713852159315331,0.063,0.035,0.0143506375300818
"PCBD1","PCBD1",5.37415603983793e-07,1.31713470812813,0.046,0.023,0.0143688810037147
"ANKHD1-EIF4EBP3","ANKHD1-EIF4EBP3",5.37965935145812e-07,0.831431060751468,0.06,0.032,0.0143835952079936
"MAPRE3","MAPRE3",5.38633361425008e-07,0.3979269361202,0.205,0.153,0.0144014401844204
"PPP5C","PPP5C",5.44515289901424e-07,0.420346287217675,0.189,0.138,0.0145587053060944
"MANF","MANF",5.50340936034673e-07,0.824318204784109,0.067,0.038,0.0147144656067591
"ENSG00000257151","ENSG00000257151",5.62403805523942e-07,0.353167146231015,0.291,0.231,0.0150369905482936
"NPEPPS","NPEPPS",5.69904341044348e-07,0.218760660512022,0.57,0.502,0.0152375323665027
"BIRC3","BIRC3",5.85026533979649e-07,1.34332784286346,0.041,0.019,0.0156418544390139
"DNAJB14","DNAJB14",5.88764895756504e-07,-0.393945908302213,0.308,0.364,0.0157418070178416
"MFSD12","MFSD12",5.91371325975299e-07,0.382712591675644,0.246,0.189,0.0158114951426016
"CCDC159","CCDC159",5.96906055213494e-07,0.578152291159133,0.127,0.085,0.0159594771982432
"HDAC11","HDAC11",6.01959131756345e-07,-0.404369183675306,0.295,0.349,0.0160945813057694
"ABCG1","ABCG1",6.0491960050322e-07,-0.429572299444132,0.29,0.348,0.0161737353586546
"HTT","HTT",6.05832801362886e-07,-0.343451908078568,0.302,0.355,0.0161981516100395
"ARMC7","ARMC7",6.06581237169255e-07,1.62811456472674,0.025,0.008,0.0162181625381944
"GPIHBP1","GPIHBP1",6.07384316683662e-07,0.254017553285657,0.416,0.349,0.0162396344751711
"MCCC2","MCCC2",6.22621832953477e-07,-0.52915161073355,0.146,0.196,0.0166470399476771
"PPP4R2","PPP4R2",6.26617258037787e-07,0.204307423038468,0.609,0.543,0.0167538656281563
"COLEC12","COLEC12",6.26790441616075e-07,-1.52269136649008,0.013,0.035,0.016758496037489
"SYNC","SYNC",6.34485191437041e-07,0.525849567626449,0.098,0.062,0.0169642305634522
"C1orf159","C1orf159",6.36965588182583e-07,-0.643129143708729,0.111,0.156,0.0170305489312377
"TREH","TREH",6.39976047972796e-07,-1.67711558340582,0.007,0.025,0.0171110395946486
"MPDZ","MPDZ",6.41222550240401e-07,0.16695263865952,0.758,0.696,0.0171443673257776
"ADO","ADO",6.41331777636562e-07,0.415200493099549,0.142,0.097,0.0171472877386687
"MLLT6","MLLT6",6.4384321338111e-07,0.339363390949916,0.267,0.207,0.0172144359961707
"RNGTT","RNGTT",6.4910921510882e-07,-0.320933579915469,0.32,0.382,0.0173552330843645
"GTF2IRD2B","GTF2IRD2B",6.58679992261691e-07,0.372537805934186,0.28,0.22,0.0176111269531008
"WAC","WAC",6.59182600363395e-07,0.182638705085302,0.684,0.627,0.0176245651859161
"GPD1","GPD1",6.64938101822997e-07,-0.784474652862798,0.057,0.092,0.0177784500284415
"ENSG00000205212","ENSG00000205212",6.66396495575329e-07,-1.05415851289587,0.048,0.081,0.0178174431021976
"SLC22A14","SLC22A14",6.67477849613645e-07,1.83446992254245,0.021,0.006,0.01784635526512
"FCHO1","FCHO1",6.756039396889e-07,0.280532831769966,0.467,0.4,0.0180636225354621
"SUCLG2","SUCLG2",6.85102096002813e-07,-0.359287775615042,0.226,0.283,0.0183175747408272
"LURAP1L","LURAP1L",6.8658710732882e-07,0.337235150766063,0.182,0.131,0.0183572794886506
"LMTK3","LMTK3",7.01694947606308e-07,0.384802261072067,0.181,0.13,0.0187612178141498
"PCNT","PCNT",7.0645526353222e-07,0.384995605155669,0.24,0.184,0.018888494381061
"ENSG00000259113","ENSG00000259113",7.06671432050937e-07,1.33944589605772,0.026,0.009,0.0188942740787459
"EML1","EML1",7.08372217731639e-07,0.280930318892161,0.413,0.347,0.0189397479854908
"DGKZ","DGKZ",7.09484241995428e-07,0.380313343555051,0.211,0.157,0.0189694801782318
"XNDC1N","XNDC1N",7.17154232215331e-07,-0.48209497535741,0.173,0.226,0.0191745527067413
"IFNGR1","IFNGR1",7.17620911277401e-07,0.319948720563559,0.256,0.199,0.0191870303048239
"GAREM1","GAREM1",7.20588181628534e-07,-0.287922329217131,0.616,0.643,0.0192663662122021
"JUND","JUND",7.21640063991801e-07,-0.21880309351162,0.552,0.605,0.0192944903909488
"TMX1","TMX1",7.23421982307635e-07,0.570222923300711,0.135,0.093,0.0193421335409592
"HR","HR",7.29252766514324e-07,-0.816516665810807,0.054,0.089,0.0194980312182935
"ELMO1-AS1","ELMO1-AS1",7.29812215251797e-07,0.303650074387888,0.229,0.172,0.0195129891991873
"FOXO1","FOXO1",7.41068724002549e-07,0.237908160496834,0.547,0.481,0.0198139544736561
"OSGIN1","OSGIN1",7.41441003387652e-07,1.07763567205667,0.044,0.021,0.0198239081075757
"EFNA1","EFNA1",7.48881224666502e-07,-0.473466817629136,0.124,0.172,0.0200228373039083
"RIC3","RIC3",7.49919204238374e-07,0.37554190667737,0.253,0.197,0.0200505897637214
"NAAA","NAAA",7.56299800451175e-07,1.2030507533992,0.059,0.032,0.0202211877646631
"GOLPH3","GOLPH3",7.60738987089259e-07,0.291023448932232,0.388,0.321,0.0203398782978055
"ACP7","ACP7",7.60998375454251e-07,0.640886482761593,0.083,0.05,0.0203468135645203
"NDUFB7","NDUFB7",7.67518758379869e-07,-0.451122479667893,0.178,0.229,0.0205211490428026
"EXOC2","EXOC2",7.7245493097591e-07,0.296079780057922,0.428,0.361,0.0206531274895029
"NXN","NXN",7.73307708930464e-07,1.25075145164096,0.046,0.023,0.0206759282136738
"ENSG00000255364","ENSG00000255364",7.75960065328282e-07,2.21020509326262,0.014,0.003,0.0207468442666823
"ARHGDIG","ARHGDIG",7.78228003101608e-07,-0.957391631201091,0.035,0.065,0.0208074821189277
"ADAM22","ADAM22",7.78413760077525e-07,-0.406746026713264,0.328,0.379,0.0208124487031928
"UBA6-DT","UBA6-DT",7.79277064858587e-07,0.293519821672787,0.414,0.346,0.020835530883124
"PFKL","PFKL",7.86254420057753e-07,-0.416058290754269,0.276,0.331,0.0210220844290841
"CCNL1","CCNL1",8.01706390654215e-07,-0.352297644207605,0.257,0.312,0.0214352237669217
"SCGB2B2","SCGB2B2",8.10083220543717e-07,-0.373666899640004,0.353,0.403,0.0216591950676774
"WDR81","WDR81",8.10934756574534e-07,0.721809513083453,0.079,0.047,0.0216819625865333
"SCYL1","SCYL1",8.15783134553607e-07,0.440012950291586,0.13,0.088,0.0218115936685598
"HIP1","HIP1",8.32592241364358e-07,-0.209991527793592,0.852,0.867,0.0222610187573588
"AOPEP","AOPEP",8.33923130760597e-07,-0.1453617716991,0.883,0.893,0.0222966027471461
"JAKMIP2","JAKMIP2",8.48514795621815e-07,0.181969320011999,0.714,0.654,0.0226867400905405
"CPD","CPD",8.50808155347844e-07,0.235072348050621,0.55,0.477,0.0227480576495353
"CFAP70","CFAP70",8.77556265871953e-07,-0.602141976467405,0.09,0.133,0.0234632218806184
"RCOR3","RCOR3",8.82108665575332e-07,-0.27112851866865,0.453,0.507,0.0235849393914876
"SLC5A9","SLC5A9",8.86716824968397e-07,1.4120234632467,0.019,0.005,0.02370814774918
"DCLRE1C","DCLRE1C",9.04955066449583e-07,0.55933383688028,0.122,0.082,0.0241957836116625
"TTC7B","TTC7B",9.05010268141239e-07,-0.362453266612795,0.305,0.357,0.0241972595392923
"LIN54","LIN54",9.06029719483158e-07,-0.494941482137172,0.221,0.274,0.0242245166098212
"UBE2B","UBE2B",9.21560308684925e-07,0.281977822451476,0.435,0.37,0.0246397579733088
"ABL1","ABL1",9.26281904040617e-07,0.214499338436347,0.573,0.509,0.024765999268334
"CDC42EP1","CDC42EP1",9.39938145526234e-07,-0.35958416418891,0.293,0.349,0.0251311261969349
"KLHDC2","KLHDC2",9.43590817336466e-07,0.360341927492298,0.22,0.166,0.0252287876831251
"TMEM273","TMEM273",9.46057124016683e-07,0.342336612534651,0.226,0.171,0.025294729324834
"MAN2B2","MAN2B2",9.5267640784719e-07,0.418064661462524,0.123,0.082,0.0254717091166103
"SLC25A46","SLC25A46",9.56626131161899e-07,-0.369507666455278,0.297,0.352,0.0255773128688757
"ENSG00000272894","ENSG00000272894",9.69519277848669e-07,-1.19292371900003,0.023,0.048,0.0259220369318399
"ENSG00000284644","ENSG00000284644",9.73814109791033e-07,2.80504594779764,0.012,0.002,0.0260368678534828
"DGKG","DGKG",9.76216122332963e-07,0.843159143330428,0.068,0.039,0.0261010904628164
"PLD1","PLD1",9.9579379288084e-07,-0.14786900790157,0.848,0.859,0.026624538640255
"MFSD6","MFSD6",1.00009121510389e-06,-0.231646574938037,0.453,0.515,0.0267394388182328
"EPHB2","EPHB2",1.00056324410689e-06,0.202676490891785,0.511,0.434,0.0267520594576859
"GLCCI1","GLCCI1",1.03838711616204e-06,0.253904772622169,0.319,0.255,0.0277633563248245
"RPE","RPE",1.04735469704771e-06,-0.415256061867212,0.14,0.189,0.0280031225349647
"UFD1","UFD1",1.04884593456455e-06,0.510741713595713,0.16,0.115,0.0280429937524524
"LCOR","LCOR",1.06174949749406e-06,0.169035072281839,0.735,0.687,0.0283879963144986
"ENSG00000285253","ENSG00000285253",1.06461878389057e-06,-0.331433352605909,0.409,0.457,0.0284647124248821
"ZDHHC2","ZDHHC2",1.07903986170514e-06,0.258805378118001,0.325,0.259,0.0288502887824104
"LINC00511","LINC00511",1.08177558399791e-06,0.609524685623919,0.133,0.092,0.028923433789352
"SORBS1","SORBS1",1.10230999390025e-06,0.499078540654181,0.187,0.139,0.0294724623069109
"JADE1","JADE1",1.10279391151183e-06,0.455223173353559,0.162,0.116,0.0294854008120917
"PI15","PI15",1.10989729024705e-06,1.87415415619546,0.02,0.006,0.0296753238493354
"TNS3","TNS3",1.11400733731778e-06,-1.59577067266866,0.014,0.035,0.0297852141778655
"GAS2L1","GAS2L1",1.13442071663284e-06,0.709389262029198,0.048,0.024,0.0303310067006122
"PLEKHA2","PLEKHA2",1.17830700320315e-06,0.873860443302991,0.045,0.022,0.0315043943446425
"ZNF24","ZNF24",1.18436333422265e-06,0.305288776627421,0.39,0.328,0.031666322467111
"ENSG00000267922","ENSG00000267922",1.20713492803248e-06,0.299052518913098,0.272,0.214,0.0322751665708043
"NLRP1","NLRP1",1.22407653779292e-06,-1.20526844637791,0.034,0.062,0.0327281343909693
"ENSG00000259867","ENSG00000259867",1.23816378039693e-06,-1.61691600331503,0.018,0.041,0.0331047849964727
"AFF3","AFF3",1.24089649044113e-06,0.392935627472675,0.246,0.192,0.0331778494649245
"OGT","OGT",1.25359014934963e-06,0.252047893660718,0.395,0.329,0.033517239823161
"RBM23","RBM23",1.25416901159561e-06,0.445547009755969,0.141,0.098,0.0335327168630318
"FOXK1","FOXK1",1.2665276217578e-06,0.288053530251244,0.413,0.351,0.0338631490229383
"PTAFR","PTAFR",1.280077135668e-06,-1.46787480628605,0.014,0.036,0.0342254223763552
"ENSG00000239828","ENSG00000239828",1.30322390288819e-06,-0.541250901826961,0.215,0.264,0.0348442974915216
"ENSG00000249988","ENSG00000249988",1.31241065548056e-06,1.31744817242918,0.027,0.01,0.0350899236955837
"TMUB1","TMUB1",1.32987425434744e-06,0.713363967989967,0.086,0.053,0.0355568479384874
"GSTO1","GSTO1",1.33453458733065e-06,-0.623808348710811,0.133,0.178,0.0356814512614595
"TNPO1","TNPO1",1.33625653268976e-06,0.350990586102094,0.49,0.431,0.0357274909145261
"SH3BGR","SH3BGR",1.33718143879777e-06,-0.676502337179567,0.092,0.132,0.0357522201291359
"AGAP6","AGAP6",1.35678944009086e-06,0.410554549105563,0.191,0.143,0.0362764792597093
"P3H2-AS1","P3H2-AS1",1.35871850147108e-06,1.39322300119438,0.031,0.012,0.0363280565738322
"SIAH2","SIAH2",1.36415233164373e-06,0.563971967690895,0.098,0.063,0.0364733408911585
"MAIP1","MAIP1",1.36538707359865e-06,0.409660016800467,0.16,0.115,0.036506354186807
"DTX3","DTX3",1.37611762856024e-06,0.499098813674965,0.134,0.092,0.0367932570348152
"UGT8","UGT8",1.38223978382669e-06,0.116347310574691,0.932,0.92,0.0369569451001743
"USP39","USP39",1.39128270682653e-06,0.358302208898625,0.29,0.231,0.0371987257324209
"BRCA1","BRCA1",1.3983877359867e-06,-0.628368494465166,0.124,0.168,0.0373886928970764
"JMJD1C","JMJD1C",1.40891220065644e-06,-0.194272147105939,0.821,0.817,0.0376700855089513
"PCID2","PCID2",1.42643831022061e-06,0.387233693519965,0.244,0.19,0.0381386811003684
"DNHD1","DNHD1",1.43577413739599e-06,0.272530646626232,0.359,0.29,0.0383882931115565
"EDF1","EDF1",1.44268012222497e-06,-0.412395518973226,0.218,0.271,0.038572938427929
"NOXA1","NOXA1",1.45753613127895e-06,-1.52468682910835,0.016,0.038,0.0389701435420052
"CIP2A","CIP2A",1.46316019251853e-06,-1.26006249283646,0.008,0.026,0.039120514067368
"SETMAR","SETMAR",1.46598712200454e-06,0.4916842059817,0.103,0.066,0.0391960976810354
"INSYN2B","INSYN2B",1.47553642416032e-06,-0.439379724336051,0.223,0.274,0.0394514173727746
"LRRC58","LRRC58",1.47625977050314e-06,0.349044812638554,0.302,0.241,0.0394707574839424
"ENSG00000247121","ENSG00000247121",1.48856352252474e-06,-0.531384092520574,0.187,0.237,0.0397997229017439
"CCDC191","CCDC191",1.49562866481255e-06,-0.525341640006866,0.101,0.144,0.0399886236110933
"DUSP19","DUSP19",1.51679771509492e-06,0.839903799238785,0.03,0.012,0.040554620508493
"RAB31","RAB31",1.54865104979936e-06,0.662825205747167,0.095,0.061,0.0414062831184854
"CCDC86","CCDC86",1.55311645878789e-06,1.10855084303506,0.031,0.012,0.0415256747586117
"NSD2","NSD2",1.61417991159593e-06,0.290324698990438,0.351,0.288,0.0431583282963404
"CEP128","CEP128",1.62130183834616e-06,0.254550296035492,0.343,0.282,0.0433487472518613
"GPAT4","GPAT4",1.63530081552307e-06,0.392496261087702,0.197,0.148,0.0437230379046402
"FLII","FLII",1.66646985115875e-06,0.514056211128232,0.129,0.088,0.0445564044104316
"FAM66B","FAM66B",1.69815690897237e-06,-0.53642220314291,0.121,0.166,0.0454036212751941
"TRIM16","TRIM16",1.7000251364437e-06,0.516539444507986,0.158,0.114,0.0454535720730951
"BRAF","BRAF",1.7067983316573e-06,-0.21934152376973,0.613,0.65,0.0456346669935212
"GK","GK",1.74317167883488e-06,-0.698252222170513,0.074,0.112,0.0466071811770081
"ACVR1","ACVR1",1.75141626949627e-06,0.469255374671044,0.164,0.119,0.0468276167975217
"NCSTN","NCSTN",1.76853918310216e-06,0.433779627378366,0.175,0.129,0.0472854321386024
"FIS1","FIS1",1.79525593786638e-06,-0.315919704357681,0.383,0.428,0.0479997580107334
"FAR1","FAR1",1.80987650036144e-06,-0.205499998710048,0.75,0.768,0.048390667990164
"ARHGAP21","ARHGAP21",1.8212971466174e-06,-0.121713527415963,0.967,0.971,0.0486960218091095
"SRSF11","SRSF11",1.82248008285951e-06,-0.188229777818263,0.667,0.703,0.0487276499754146
"UNK","UNK",1.90161933542393e-06,-0.454874553980908,0.182,0.233,0.0508435961712297
"LRRIQ3","LRRIQ3",1.90746238682749e-06,0.62606723437445,0.045,0.023,0.0509998218366065
"MFN1","MFN1",1.92013616441191e-06,-0.379623019647533,0.269,0.321,0.0513386806278813
"HSD17B4","HSD17B4",1.92143358150933e-06,-0.24362904197061,0.585,0.623,0.0513733696688149
"LMLN","LMLN",1.92403426690711e-06,-0.752344088325892,0.058,0.092,0.0514429041942954
"ECT2L","ECT2L",1.93749429711172e-06,1.337614339317,0.035,0.015,0.051802785021876
"ENSG00000251314","ENSG00000251314",1.94170424478604e-06,-0.348742818688949,0.115,0.161,0.0519153463928442
"ITGB1BP1","ITGB1BP1",1.97971792353621e-06,0.322603658415346,0.254,0.2,0.0529317181215875
"CDK2AP1","CDK2AP1",1.98109058216474e-06,1.42016146629433,0.025,0.009,0.0529684188953387
"DOP1B","DOP1B",1.98172616865706e-06,-1.01984814279358,0.028,0.055,0.0529854125713839
"ANKDD1B","ANKDD1B",1.9922490340564e-06,1.38431599781867,0.033,0.014,0.053266762423566
"IGDCC3","IGDCC3",1.99338705760931e-06,-1.39715525347932,0.016,0.037,0.0532971897593002
"ATAD2B","ATAD2B",1.99591419599827e-06,-0.255260991089654,0.371,0.427,0.0533647578584056
"AZIN2","AZIN2",2.00050815961492e-06,-0.456917421280161,0.197,0.247,0.053487586663624
"ZNF630","ZNF630",2.00876145214362e-06,0.522485018285969,0.137,0.096,0.0537082549459641
"CERK","CERK",2.0169882408846e-06,-0.967128097667732,0.045,0.076,0.0539282145965317
"NSA2","NSA2",2.02244244283448e-06,0.51114016437199,0.145,0.103,0.0540740435940654
"CARD6","CARD6",2.05597606565418e-06,2.32486049604583,0.011,0.002,0.0549706320673958
"SPHK2","SPHK2",2.06359060316956e-06,0.470091830369554,0.163,0.118,0.0551742219569444
"THEMIS","THEMIS",2.08704095700948e-06,-1.23109479734089,0.034,0.062,0.0558012140675625
"XXYLT1","XXYLT1",2.0938292055948e-06,0.431331968146526,0.176,0.129,0.0559827114699881
"PLA2G6","PLA2G6",2.1032818520581e-06,-0.579283315890632,0.128,0.172,0.0562354468784773
"CRY1","CRY1",2.12783151385817e-06,0.341734646445315,0.187,0.138,0.0568918311860258
"SLC52A2","SLC52A2",2.1560542402831e-06,1.04980090123079,0.041,0.02,0.0576464222224493
"H1-10","H1-10",2.16120642970684e-06,-0.838459639486034,0.074,0.11,0.0577841763110719
"NPAP1","NPAP1",2.19572354767403e-06,1.15765402765092,0.025,0.009,0.0587070604941605
"SFRP1","SFRP1",2.21273825806833e-06,-1.30030020548712,0.022,0.045,0.0591619828059729
"WASF1","WASF1",2.24695695944879e-06,0.307718463289952,0.353,0.293,0.0600768882247823
"FOCAD","FOCAD",2.26863716669126e-06,-0.405420032544139,0.173,0.223,0.0606565519258242
"PODXL2","PODXL2",2.27232602731103e-06,0.523216942347188,0.145,0.103,0.060755180992215
"SPINDOC","SPINDOC",2.27764561563833e-06,0.860231145431775,0.063,0.036,0.0608974108253219
"FANCB","FANCB",2.28053442713101e-06,0.387947335099416,0.141,0.098,0.0609746489782018
"TGFA","TGFA",2.28176304435134e-06,-0.497415701768212,0.163,0.21,0.0610074985168218
"CFAP69","CFAP69",2.28200470904948e-06,-1.56347737158085,0.014,0.034,0.0610139599058559
"ALKBH5","ALKBH5",2.28307678790256e-06,0.285038002858097,0.274,0.217,0.0610426240781508
"ULK1","ULK1",2.32265957546625e-06,0.372037986007894,0.175,0.127,0.0621009490692412
"EIF4G2","EIF4G2",2.33625597703181e-06,0.288069597302914,0.312,0.252,0.0624644760578994
"MLKL","MLKL",2.36721066312326e-06,0.813025780803494,0.049,0.026,0.0632921114999266
"TRAPPC10","TRAPPC10",2.37798899023038e-06,-0.224113565727296,0.6,0.634,0.0635802916317895
"RIPK1","RIPK1",2.39872325764172e-06,0.527633339907493,0.137,0.097,0.0641346637395666
"CAMK2A","CAMK2A",2.41546966325666e-06,-0.942442018841255,0.03,0.056,0.0645824123864934
"PRIMPOL","PRIMPOL",2.42759414121421e-06,-0.514228500180583,0.139,0.185,0.0649065845536444
"ENSG00000250410","ENSG00000250410",2.43301676844509e-06,0.927402621428391,0.045,0.023,0.0650515693379165
"IGSF8","IGSF8",2.43742862031205e-06,-0.366520532403794,0.288,0.34,0.0651695290212833
"TRIO","TRIO",2.43989137427684e-06,0.247248691028528,0.416,0.352,0.0652353756740399
"CRIM1","CRIM1",2.4509601451547e-06,0.475045894810569,0.12,0.082,0.0655313214010011
"C2CD3","C2CD3",2.45749401231329e-06,0.311897449193711,0.267,0.21,0.0657060174072204
"MND1","MND1",2.45866637560269e-06,0.639078580681761,0.085,0.054,0.0657373628844892
"VEGFD","VEGFD",2.46650872974908e-06,0.539021838038365,0.105,0.069,0.0659470439073011
"ENSG00000285000","ENSG00000285000",2.48625989240498e-06,0.711864052602422,0.08,0.049,0.066475130743232
"ENTPD4","ENTPD4",2.49661285635729e-06,0.333766890310289,0.213,0.162,0.0667519379404248
"NUTM2A-AS1","NUTM2A-AS1",2.51004682649666e-06,-0.150151289067064,0.777,0.817,0.0671111220000413
"CD2AP","CD2AP",2.52221845352113e-06,-0.588782391608979,0.12,0.163,0.0674365547917946
"LINC00640","LINC00640",2.52742694573943e-06,1.40722793623524,0.021,0.007,0.0675758142482352
"HBP1","HBP1",2.5333258643371e-06,0.276638918574442,0.451,0.391,0.067733533634781
"ZFP82","ZFP82",2.53398855702003e-06,0.357462001842993,0.176,0.129,0.0677512520490447
"STX7","STX7",2.54146089737821e-06,0.286811695046309,0.408,0.349,0.0679510400132013
"ZNF708","ZNF708",2.54610572432095e-06,-0.205099739412342,0.673,0.699,0.0680752287511694
"DIPK2A","DIPK2A",2.57886600470878e-06,-0.416724498027465,0.32,0.37,0.0689511403678985
"PAAF1","PAAF1",2.58950740766296e-06,-0.401159522124865,0.282,0.331,0.0692356595586845
"FAAH2","FAAH2",2.60507167149139e-06,0.500600056600442,0.129,0.09,0.0696518012806653
"ARNT2","ARNT2",2.62275992441181e-06,-0.286379225856814,0.444,0.491,0.0701247320989987
"REPS1","REPS1",2.63262523562739e-06,-0.394075145979595,0.274,0.328,0.0703885009249695
"TRIM44","TRIM44",2.66547395025059e-06,0.181623393185667,0.648,0.588,0.0712667770078501
"LANCL2","LANCL2",2.6747182187488e-06,-0.370413628678972,0.283,0.335,0.0715139410146866
"LINC00987","LINC00987",2.68096707002682e-06,0.735172262739647,0.076,0.046,0.071681016551307
"NUP58","NUP58",2.69747372055303e-06,-0.447308582414319,0.274,0.321,0.0721223548664263
"ALDH2","ALDH2",2.72588604935799e-06,0.591119448018738,0.116,0.078,0.0728820153016844
"ENSG00000278743","ENSG00000278743",2.73278997748916e-06,-3.7968102393212,0.001,0.013,0.0730666056281276
"VPS35L","VPS35L",2.74604121733089e-06,-0.168745156330693,0.647,0.679,0.073420904027776
"ZNF358","ZNF358",2.80072439433371e-06,0.349236808695165,0.175,0.128,0.0748829681313004
"IRF2","IRF2",2.83138823927282e-06,0.219255210414024,0.449,0.382,0.0757028273534375
"ADAM15","ADAM15",2.83970596586178e-06,-0.453806458920516,0.114,0.159,0.0759252184092465
"TMEM94","TMEM94",2.83990553858935e-06,0.287013151582403,0.243,0.188,0.0759305543852634
"PIK3C2A","PIK3C2A",2.87481365032327e-06,-0.370310361715423,0.338,0.388,0.0768638925686932
"LONRF1","LONRF1",2.90835257337314e-06,-0.861768106927017,0.052,0.084,0.0777606227542776
"CLTA","CLTA",2.93187239118885e-06,-0.330695875870181,0.354,0.405,0.0783894721232164
"LINC02240","LINC02240",2.9472953119321e-06,0.635774123998951,0.083,0.051,0.0788018347551284
"NMUR2","NMUR2",2.9527178466624e-06,1.00767275016321,0.046,0.023,0.0789468170662127
"MYO5A","MYO5A",2.96427984235478e-06,-0.166459215594403,0.785,0.804,0.0792559501450398
"TAF1","TAF1",2.97126828630257e-06,-0.314015400490448,0.328,0.38,0.0794428001708718
"RHBDD1","RHBDD1",3.00404416091171e-06,0.232769099710712,0.423,0.361,0.0803191287302964
"USP22","USP22",3.01123023287887e-06,0.269694954721824,0.435,0.369,0.0805112627364823
"SGTA","SGTA",3.01941870865457e-06,-0.413189855059623,0.28,0.326,0.0807301980132974
"SEMA3A","SEMA3A",3.04028484530884e-06,1.07473532038449,0.053,0.029,0.0812880959090224
"COQ4","COQ4",3.09001290243913e-06,-0.573532368395569,0.11,0.152,0.0826176749725151
"ADAM9","ADAM9",3.09318118264379e-06,0.422628218170761,0.186,0.138,0.0827023852803469
"SLC26A5-AS1","SLC26A5-AS1",3.11433363940378e-06,1.04349118120636,0.022,0.008,0.083267938516739
"CNOT3","CNOT3",3.11456109522741e-06,0.558199648696208,0.111,0.074,0.0832740200030952
"DISC1","DISC1",3.11612579066512e-06,-0.619626614050257,0.104,0.145,0.0833158552650134
"ENSG00000228393","ENSG00000228393",3.11650404884721e-06,0.326204072017482,0.365,0.308,0.0833259687540277
"ZNF706","ZNF706",3.12306783039829e-06,0.204749750737345,0.523,0.463,0.0835014645813592
"NOSIP","NOSIP",3.18024375781915e-06,0.441846432972758,0.18,0.133,0.0850301773528106
"SYT14","SYT14",3.2338281211102e-06,-0.51139942866746,0.219,0.269,0.0864628624741235
"E2F6","E2F6",3.23633189325608e-06,0.577016827708596,0.124,0.086,0.0865298058299879
"TSHZ1","TSHZ1",3.24340483962396e-06,0.410194879887567,0.164,0.119,0.0867189151970259
"NFYA","NFYA",3.28809244582347e-06,0.45244415129676,0.131,0.091,0.087913727723982
"FANCI","FANCI",3.30705258441514e-06,0.892763034934931,0.052,0.028,0.0884206649495075
"ACADSB","ACADSB",3.37942167793594e-06,0.356842785603261,0.291,0.234,0.0903555974029732
"CPAP","CPAP",3.38831352817456e-06,0.547385975342199,0.124,0.085,0.0905933388028032
"ANKRD13C","ANKRD13C",3.40025987852964e-06,-0.294934934283898,0.37,0.423,0.0909127483722469
"CEP70","CEP70",3.40536093233557e-06,0.345061034843313,0.248,0.192,0.091049135247856
"LSG1","LSG1",3.42569511277871e-06,0.488759758575614,0.117,0.079,0.0915928102303643
"SMOC1","SMOC1",3.43190023874556e-06,0.203979448113104,0.587,0.513,0.0917587166833399
"CHD2","CHD2",3.45279865270937e-06,0.225062688228337,0.486,0.427,0.0923174775774905
"AK8","AK8",3.46851221943606e-06,-1.4678212624611,0.014,0.034,0.0927376112110619
"PIGN","PIGN",3.48732890127885e-06,-0.311915730477945,0.418,0.46,0.0932407128334925
"ENSG00000259354","ENSG00000259354",3.49949179975799e-06,1.03413930974372,0.035,0.016,0.0935659122501295
"CARF","CARF",3.53268605299307e-06,-0.457559295705003,0.249,0.295,0.0944534269988758
"SEC14L5","SEC14L5",3.53304807087599e-06,-0.294628696627607,0.572,0.601,0.0944631062710112
"ENSG00000260536","ENSG00000260536",3.53884904492154e-06,1.16802417465268,0.023,0.008,0.0946182069140671
"WNT5B","WNT5B",3.56849205603025e-06,0.782989845786036,0.06,0.034,0.0954107721020807
"ARPP19","ARPP19",3.57142152536407e-06,0.29412790190155,0.34,0.281,0.0954890973236591
"TMEM182","TMEM182",3.62408111507252e-06,1.14889104842734,0.031,0.014,0.0968970567736941
"EIF4E2","EIF4E2",3.62714574362045e-06,0.345841717996371,0.2,0.151,0.0969789957471799
"ENSG00000265451","ENSG00000265451",3.63114983961173e-06,1.25634271207483,0.025,0.009,0.097086053261699
"SSUH2","SSUH2",3.69305500593721e-06,1.15076606928119,0.024,0.009,0.0987412116937433
"FERMT2","FERMT2",3.75519591143326e-06,0.255236160747124,0.472,0.413,0.100402673083991
"FBLN5","FBLN5",3.80196492622517e-06,1.31417012989244,0.029,0.012,0.101653136232482
"KPNA5","KPNA5",3.82414098170309e-06,0.269800252868282,0.29,0.23,0.102246057427796
"PIGU","PIGU",3.82898229507526e-06,-0.315067825655892,0.356,0.407,0.102375499623427
"RNF168","RNF168",3.85672694613224e-06,0.307256164489064,0.22,0.169,0.103117308358738
"PDIA5","PDIA5",3.86738328157371e-06,1.15160373149332,0.041,0.021,0.103402226799436
"ALDH3A2","ALDH3A2",3.88879109683749e-06,0.355637734497964,0.256,0.203,0.103974607556144
"KDR","KDR",3.95146462196262e-06,-1.1135392653991,0.014,0.035,0.105650309597415
"PRMT7","PRMT7",3.98465960188106e-06,-0.448948491337265,0.146,0.192,0.106537843775494
"STAU1","STAU1",4.01229560869181e-06,0.231529586885139,0.379,0.313,0.107276747689593
"VLDLR-AS1","VLDLR-AS1",4.03588049146244e-06,0.229892627762601,0.369,0.304,0.107907336700231
"HADHA","HADHA",4.0543127330373e-06,0.309394375373764,0.295,0.237,0.108400159543218
"PNCK","PNCK",4.06502432962349e-06,-0.793581913261292,0.054,0.086,0.108686555501143
"LTBP1","LTBP1",4.12517543737146e-06,-0.586314230111408,0.128,0.171,0.110294815669001
"LDB2","LDB2",4.15369700010093e-06,0.568464584668355,0.089,0.057,0.111057396691699
"JAM2","JAM2",4.16332508080438e-06,1.64360234396293,0.02,0.007,0.111314822685467
"NRXN3","NRXN3",4.18810239162522e-06,-0.25330454778915,0.81,0.81,0.111977293644883
"RFLNA","RFLNA",4.23959323551335e-06,-0.939505282456292,0.043,0.073,0.11335400433792
"CPEB2","CPEB2",4.24281448108286e-06,0.177279427216888,0.784,0.742,0.113440130780712
"SNX25","SNX25",4.26116672788436e-06,0.306882931440494,0.166,0.121,0.113930814803444
"TLN2","TLN2",4.26315555226125e-06,0.19954532323778,0.534,0.466,0.113983990000809
"ZCCHC8","ZCCHC8",4.26541712152936e-06,0.368455148250082,0.21,0.16,0.114044457578331
"TTC23","TTC23",4.28675535008768e-06,-0.45333450920777,0.086,0.125,0.114614977795294
"LMCD1","LMCD1",4.30109378034097e-06,0.789438152206755,0.069,0.042,0.114998344404976
"TIGAR","TIGAR",4.34032649769815e-06,0.609223209481538,0.088,0.056,0.116047309568955
"ATP2C1","ATP2C1",4.35105781633351e-06,0.227658211755431,0.484,0.425,0.116334232835309
"VRK3","VRK3",4.45720333130733e-06,0.493831857842967,0.166,0.123,0.119172245469164
"PTPN11","PTPN11",4.47875212116693e-06,0.186087367266107,0.606,0.541,0.11974839546364
"ENSG00000272855","ENSG00000272855",4.52605896411283e-06,1.88351710289541,0.014,0.003,0.121013238523485
"VMP1","VMP1",4.56213888709777e-06,-0.271098416379159,0.523,0.558,0.121977907424333
"ZNF473","ZNF473",4.56638464237613e-06,0.878472350082443,0.042,0.021,0.122091426183211
"LOC101928059","LOC101928059",4.59359239431517e-06,-1.12981128829162,0.025,0.049,0.122818879846805
"SOX12","SOX12",4.63069907086951e-06,0.599935469740295,0.084,0.053,0.123811001057838
"ATP6V0D2","ATP6V0D2",4.67022716187126e-06,0.375893793164375,0.054,0.029,0.124867863626952
"MTURN","MTURN",4.68847309772857e-06,0.219022835213666,0.623,0.563,0.125355705213969
"ITGA2","ITGA2",4.6907899969133e-06,-0.233947295766366,0.742,0.742,0.125417652147471
"PPTC7","PPTC7",4.7904653983905e-06,0.695959046263813,0.087,0.056,0.128082673356767
"PVALEF","PVALEF",4.82592656042937e-06,-1.18448672735132,0.029,0.054,0.1290307984462
"ENSG00000248544","ENSG00000248544",4.82889446349855e-06,-1.54243587088614,0.012,0.031,0.129110151270561
"COX15","COX15",4.89634586843975e-06,-0.593279749052798,0.091,0.13,0.130913599484474
"ENSG00000284716","ENSG00000284716",4.9296605528176e-06,1.34533762524819,0.017,0.005,0.131804334200684
"MRPS9","MRPS9",4.95304609370086e-06,0.277942255047205,0.293,0.235,0.13242959340728
"HS3ST4","HS3ST4",4.9607800498246e-06,1.08526100325023,0.046,0.024,0.13263637619216
"ENSG00000283782","ENSG00000283782",4.99956408289315e-06,-0.407239532325667,0.243,0.295,0.133673344884314
"CPSF6","CPSF6",5.01525678896347e-06,-0.254214498971594,0.472,0.519,0.134092920766516
"EPM2A","EPM2A",5.06510749581887e-06,-0.43663995441537,0.206,0.255,0.135425779115709
"PNLDC1","PNLDC1",5.09956251183246e-06,1.00407035137626,0.021,0.007,0.136347002878864
"TPPP","TPPP",5.14611258061066e-06,-0.188383505557868,0.602,0.658,0.137591612067787
"LONRF2","LONRF2",5.1524910560518e-06,0.526029083906136,0.195,0.15,0.137762153365657
"MIR4300HG","MIR4300HG",5.1671296648823e-06,0.502137847632312,0.105,0.07,0.138153545849958
"STK10","STK10",5.17446799234431e-06,0.480943823051412,0.145,0.104,0.13834975071131
"CHST8","CHST8",5.18354250216736e-06,1.56908399850864,0.022,0.008,0.138592375880449
"DCAF16","DCAF16",5.19341675712646e-06,-0.509783630747239,0.162,0.206,0.13885638383529
"CDH2","CDH2",5.30926264882454e-06,0.138604677629428,0.436,0.37,0.141953755441622
"STK17B","STK17B",5.31495728472302e-06,1.79043357718687,0.018,0.005,0.142106012921639
"POPDC3","POPDC3",5.34779996100832e-06,0.557748824118065,0.088,0.056,0.142984127557479
"MOSPD2","MOSPD2",5.36308896939717e-06,0.261503489032978,0.476,0.414,0.143392909774772
"ENSG00000276649","ENSG00000276649",5.36501526120254e-06,-0.950906525420036,0.032,0.058,0.143444413038772
"PTPN21","PTPN21",5.37638903926157e-06,-0.621202239454691,0.074,0.109,0.143748513742737
"RFX7","RFX7",5.5125397906645e-06,0.238830021212127,0.545,0.48,0.147388776382997
"UTY","UTY",5.54101685610523e-06,0.12710140246348,0.738,0.659,0.148150167681686
"RASGRP3","RASGRP3",5.56830575893811e-06,0.17107903517418,0.633,0.574,0.148879791076728
"ENSG00000285082","ENSG00000285082",5.58968667878537e-06,1.2511226439524,0.031,0.014,0.149451452730684
"ARAP1","ARAP1",5.70004830424951e-06,0.331211385996522,0.236,0.183,0.152402191510719
"CELSR3","CELSR3",5.7100510166618e-06,1.17212171279436,0.037,0.018,0.152669634032487
"ENSG00000267523","ENSG00000267523",5.73079537926072e-06,1.49839654379395,0.024,0.009,0.153224276055294
"ZBTB44-DT","ZBTB44-DT",5.81973928391198e-06,-1.30115187248832,0.022,0.045,0.155602369233955
"ANKRD2","ANKRD2",5.82067947067817e-06,2.24587400258967,0.011,0.002,0.155627507007522
"GDPD1","GDPD1",5.84904697999023e-06,0.32998054982868,0.216,0.165,0.156385969103999
"DDIT4","DDIT4",5.86595391109475e-06,0.266889090995575,0.138,0.097,0.15683800972094
"CLIC5","CLIC5",5.88691231635478e-06,1.0522309243712,0.038,0.018,0.157398374602378
"TESK1","TESK1",5.89610031173939e-06,0.61149781149985,0.079,0.049,0.157644034034976
"ENSG00000272822","ENSG00000272822",5.9176655102307e-06,0.595514242984116,0.089,0.057,0.158220622747038
"ENSG00000269026","ENSG00000269026",5.96384525823328e-06,-0.772267945513234,0.036,0.064,0.159455330669383
"EVI2A","EVI2A",5.98959304270282e-06,0.420467674357956,0.111,0.075,0.160143749182745
"GOLGA1","GOLGA1",6.02457307269704e-06,-0.420295322451023,0.182,0.229,0.161079010244701
"KCTD17","KCTD17",6.03228009670377e-06,0.529620529019963,0.077,0.048,0.161285072945569
"KIF3C","KIF3C",6.06092937571753e-06,0.429521605797534,0.15,0.109,0.16205106871856
"FAM131B-AS2","FAM131B-AS2",6.10847519403004e-06,1.84612154263301,0.015,0.004,0.163322301262781
"LINC02715","LINC02715",6.13869360308834e-06,1.94021837697589,0.015,0.004,0.164130250865773
"VEZT","VEZT",6.14878972796827e-06,-0.28516496479167,0.356,0.406,0.164400190956688
"YBEY","YBEY",6.16533070153259e-06,-0.680151328252018,0.096,0.134,0.164842446966877
"DNAJC27-AS1","DNAJC27-AS1",6.18681071284864e-06,-0.566307079973148,0.136,0.178,0.165416758029434
"TRDMT1","TRDMT1",6.23737117131404e-06,-0.97755026359687,0.048,0.077,0.166768593007424
"CHTF8","CHTF8",6.34126944046692e-06,0.513999743250416,0.116,0.08,0.169546521029764
"ZFPM2","ZFPM2",6.35023019845317e-06,-1.08814384328906,0.032,0.058,0.169786104816043
"KANSL1","KANSL1",6.3658875123263e-06,0.152560503345504,0.8,0.753,0.170204734417068
"PRKACB","PRKACB",6.39601664575804e-06,-0.170128730527513,0.816,0.832,0.171010297057633
"DNM2","DNM2",6.44768235848897e-06,0.202816244724619,0.676,0.636,0.17239168321892
"TMEM243","TMEM243",6.45320532267481e-06,0.974563500117095,0.041,0.021,0.172539350712356
"ADAM32","ADAM32",6.48210730441503e-06,0.640249504302442,0.092,0.06,0.173312102998145
"ENTR1","ENTR1",6.56151201702109e-06,0.496113663337701,0.106,0.071,0.175435146799093
"TPH1","TPH1",6.59876495874066e-06,-3.08769692014054,0.001,0.011,0.176431178701849
"EPCAM","EPCAM",6.64193937300554e-06,-1.25061974331517,0.018,0.038,0.177585533016049
"SUFU","SUFU",6.64459515748011e-06,0.410707956029428,0.2,0.152,0.177656540725546
"DHRS4","DHRS4",6.65256139905737e-06,1.14133719094982,0.036,0.017,0.177869534126597
"PPFIA2-AS1","PPFIA2-AS1",6.68033675558466e-06,-2.18614358468066,0.005,0.019,0.178612163834067
"GCLC","GCLC",6.70942023230744e-06,0.238068663464022,0.416,0.355,0.179389768751204
"INF2","INF2",6.82540339794369e-06,0.164853649177275,0.594,0.532,0.182490810650821
"NR3C1","NR3C1",6.88109090214978e-06,0.165900860111827,0.616,0.545,0.183979727450779
"HSP90B1","HSP90B1",6.88716425271009e-06,0.328292329053962,0.331,0.275,0.18414211062471
"ACYP1","ACYP1",6.91479439739649e-06,0.28767484348726,0.257,0.204,0.18488085780319
"BAHCC1","BAHCC1",6.93892935251596e-06,0.399891598340102,0.221,0.171,0.185526154098219
"ANK2-AS1","ANK2-AS1",6.95934356166336e-06,-0.788374884151418,0.054,0.085,0.186071968808193
"FAM219A","FAM219A",7.09645621456884e-06,0.34076679854548,0.257,0.206,0.189737949808927
"UBR3","UBR3",7.12593413860574e-06,-0.166530094738521,0.731,0.752,0.190526101063902
"MCRIP1","MCRIP1",7.1636566393413e-06,0.344543878510059,0.188,0.142,0.191534687566068
"DMAC2L","DMAC2L",7.22644796239296e-06,-0.461985386121756,0.173,0.219,0.193213539170501
"TOP3B","TOP3B",7.26043770555805e-06,0.520800736563403,0.092,0.06,0.194122322933506
"OGDH","OGDH",7.28499406324587e-06,0.296431030072704,0.313,0.257,0.194778886269005
"ENSG00000261786","ENSG00000261786",7.33734646111634e-06,0.755845460223129,0.066,0.039,0.196178632330867
"TMEM171","TMEM171",7.33904057432641e-06,-1.54499607643582,0.008,0.024,0.196223927835765
"PEBP1","PEBP1",7.53906706986275e-06,-0.149511859484105,0.689,0.724,0.20157203624692
"CRNDE","CRNDE",7.54486657586803e-06,0.325829860202194,0.194,0.147,0.201727097638984
"TRAM2","TRAM2",7.6791312498462e-06,0.963087249928431,0.039,0.019,0.205316932227138
"GNAZ","GNAZ",7.72830758414247e-06,0.311380935031685,0.213,0.163,0.206631759877217
"LCORL","LCORL",7.73508793103983e-06,0.214143601655447,0.501,0.432,0.206813046012212
"ARSI","ARSI",7.78602715709878e-06,0.456484752518346,0.21,0.164,0.20817500809935
"ANGPTL2","ANGPTL2",7.79301941205913e-06,-0.566526471198735,0.101,0.14,0.208361960020225
"TCP11L2","TCP11L2",7.80330968717415e-06,0.229439462633297,0.486,0.43,0.208637091105975
"ENSG00000229127","ENSG00000229127",7.83265563197748e-06,-0.575075523218924,0.12,0.16,0.209421713632182
"ENSG00000250842","ENSG00000250842",7.86678175917144e-06,1.14347555581795,0.032,0.015,0.210334143894967
"COL5A2","COL5A2",7.87884728924151e-06,-2.21361744789957,0.007,0.022,0.21065673997245
"LINC02798","LINC02798",7.88462979514834e-06,0.68909504561085,0.068,0.041,0.210811346832881
"HEXD","HEXD",7.93454035268034e-06,0.42037649326163,0.195,0.149,0.212145805409614
"SLC25A36","SLC25A36",7.94978007484888e-06,-0.284637031690056,0.315,0.366,0.212553269861235
"MOB1B","MOB1B",7.97004683592961e-06,0.671466218631861,0.075,0.046,0.21309514225225
"DMP1-AS1","DMP1-AS1",7.99615736877223e-06,0.913165389913971,0.053,0.03,0.213793259568863
"ENSG00000261598","ENSG00000261598",8.04574752666397e-06,1.51665823919086,0.02,0.007,0.215119151620414
"LERFS","LERFS",8.04915423193421e-06,-0.581996435579154,0.126,0.167,0.215210236699225
"CFAP221","CFAP221",8.09706541368786e-06,-3.13169651146376,0.002,0.013,0.216491237965772
"CNNM2","CNNM2",8.1643411612989e-06,0.171721170738174,0.49,0.424,0.218289989629649
"C21orf58","C21orf58",8.20016326648462e-06,-0.777234765103905,0.033,0.059,0.219247765255999
"CDR2","CDR2",8.23929652646729e-06,0.431021224351552,0.157,0.116,0.220294071228156
"ENSG00000231170","ENSG00000231170",8.27079924806706e-06,-1.43110639584038,0.018,0.039,0.221136359495569
"MEF2C-AS2","MEF2C-AS2",8.2808912011383e-06,-1.6992650043667,0.01,0.027,0.221406188044835
"PPP2R2A","PPP2R2A",8.37444373654861e-06,-0.217537676229634,0.708,0.723,0.2239075021841
"MTM1","MTM1",8.41317615958203e-06,0.276537276474649,0.268,0.217,0.224943090978745
"TRPM6","TRPM6",8.44244935635903e-06,-0.36325868298152,0.342,0.385,0.225725768440971
"GSTT2B","GSTT2B",8.45475472453027e-06,0.83537348940151,0.042,0.022,0.226054777069766
"PYGL","PYGL",8.47333587919577e-06,1.10170984559902,0.032,0.014,0.226551581402057
"SEMA6A","SEMA6A",8.49976577046449e-06,-0.162856992426506,0.786,0.806,0.227258237404909
"USP34","USP34",8.52549170364124e-06,0.14005324387409,0.848,0.819,0.227946071680256
"BICD2","BICD2",8.5522591337946e-06,0.369947235534105,0.168,0.125,0.228661752460266
"ENSG00000230490","ENSG00000230490",8.55913549778803e-06,-0.293781611101113,0.449,0.492,0.228845605804359
"SARAF","SARAF",8.56820947989929e-06,0.287607429850957,0.42,0.367,0.229088216864067
"SERBP1","SERBP1",8.5716360214763e-06,0.312764970908567,0.26,0.208,0.229179832306212
"STAG3","STAG3",8.58435504677301e-06,-0.687630388402758,0.052,0.083,0.22951990088557
"FAM174A","FAM174A",8.59414850892862e-06,-0.809217002740359,0.055,0.086,0.229781748683225
"ZUP1","ZUP1",8.59702587915281e-06,-0.754080770511478,0.093,0.129,0.229858680930909
"ZBTB20-AS5","ZBTB20-AS5",8.79087531040081e-06,0.463947034398837,0.109,0.074,0.235041633174186
"SH3GL1","SH3GL1",8.81611178846234e-06,0.495655463630829,0.144,0.104,0.235716380888118
"RBM28","RBM28",8.88722964234891e-06,0.319919825171199,0.252,0.201,0.237617858947483
"CD46","CD46",8.91678250444932e-06,-0.326077043698866,0.316,0.369,0.238408013821461
"VTI1A","VTI1A",8.93719092338053e-06,0.190554146237236,0.653,0.589,0.238953673718425
"ZNF496","ZNF496",8.94210914631147e-06,-0.643263135633606,0.065,0.098,0.23908517224493
"IMMP2L","IMMP2L",8.96165844938242e-06,-0.351724019025472,0.495,0.529,0.239607861961138
"USP16","USP16",9.00481408832665e-06,-0.395437187164179,0.25,0.296,0.24076171427959
"ENSG00000261423","ENSG00000261423",9.02894996067654e-06,0.315330657935097,0.174,0.129,0.241407035098609
"ZNF518A","ZNF518A",9.04543181736796e-06,-0.224720134507357,0.534,0.584,0.241847710500967
"CCNI2","CCNI2",9.14037475605731e-06,1.28020261551928,0.022,0.008,0.244386199852704
"MACROD2","MACROD2",9.24627747761343e-06,0.191243327958472,0.471,0.406,0.24721772091895
"ENSG00000228541","ENSG00000228541",9.26152950772089e-06,0.990823458933352,0.031,0.014,0.247625514447933
"ZMIZ1-AS1","ZMIZ1-AS1",9.40700089008054e-06,-0.947309638595292,0.031,0.057,0.251514982798083
"INO80D","INO80D",9.43763588113025e-06,-0.308140092638194,0.419,0.463,0.25233407055378
"ALG2","ALG2",9.47503175387841e-06,0.65962010944303,0.077,0.049,0.253333924003447
"APOO","APOO",9.47967286094493e-06,-0.353541376130894,0.277,0.325,0.253458013283085
"TRAF3IP1","TRAF3IP1",9.49138726980532e-06,-0.584070556173051,0.089,0.126,0.253771221432785
"KCNMB3","KCNMB3",9.51790777137291e-06,0.647591018723149,0.08,0.051,0.254480300083198
"RNLS","RNLS",9.53917266644169e-06,-0.421121268926125,0.173,0.22,0.255048859582651
"AMN1","AMN1",9.61915993105667e-06,0.294772424334355,0.358,0.297,0.257187479076662
"PPP1R3B","PPP1R3B",9.66290878579742e-06,1.11295585884717,0.03,0.013,0.258357192205866
"GSTM3","GSTM3",9.69444762153249e-06,1.37674921686187,0.024,0.009,0.259200446056914
"ANKMY1","ANKMY1",9.80443040743193e-06,-0.386041063208127,0.169,0.215,0.262141055803507
"ASXL2","ASXL2",9.82886900452148e-06,0.281971474218532,0.363,0.308,0.262794470573891
"ENSG00000233967","ENSG00000233967",9.87021496589585e-06,1.28579828318512,0.035,0.016,0.263899937543157
"ENSG00000260971","ENSG00000260971",9.90804729120664e-06,1.46019208741948,0.017,0.005,0.264911460424992
"SCLT1","SCLT1",9.94918379204882e-06,-0.354581744551791,0.309,0.357,0.266011327048009
"KIAA1755","KIAA1755",9.98238929948607e-06,-0.192462968172721,0.634,0.662,0.266899142700359
"BTBD16","BTBD16",1.00782027298226e-05,-0.819819663018436,0.042,0.07,0.269460906387266
"FZD9","FZD9",1.01086341054751e-05,1.27613368227,0.024,0.01,0.270274550078087
"ENSG00000269967","ENSG00000269967",1.01853013243742e-05,0.903693924710929,0.031,0.014,0.272324401509794
"ITGAV","ITGAV",1.02410871322085e-05,0.167667938309959,0.515,0.446,0.27381594665386
"LOC124902727","LOC124902727",1.04625389202712e-05,1.10660272012498,0.028,0.012,0.279736903111291
"DNASE1","DNASE1",1.04867391178338e-05,0.30998998079785,0.244,0.192,0.280383943793522
"CHN1","CHN1",1.04901809451257e-05,0.33579036726259,0.22,0.173,0.280475967929825
"ABRAXAS2","ABRAXAS2",1.07730886022874e-05,0.426667233411437,0.115,0.079,0.288040069959358
"ZNF611","ZNF611",1.08106710179631e-05,0.268452488233809,0.2,0.153,0.289044911007278
"SH3GL3","SH3GL3",1.08551626042937e-05,-0.123683482334708,0.933,0.93,0.290234482551
"LINC02762","LINC02762",1.09102452530671e-05,-0.515900540808299,0.085,0.122,0.291707227331256
"CDH1","CDH1",1.09572350048976e-05,-0.730487879155625,0.071,0.105,0.292963592325947
"RIF1","RIF1",1.09780144062497e-05,-0.205421629290669,0.479,0.522,0.293519171179898
"AMZ1","AMZ1",1.09913280515353e-05,-0.652182316677819,0.047,0.076,0.293875138113901
"DLG1","DLG1",1.10297912541583e-05,-0.129367785084493,0.969,0.965,0.294903528762429
"PARP16","PARP16",1.1072535068885e-05,0.516514766135785,0.124,0.088,0.296046370136779
"CAPZB","CAPZB",1.10766667488628e-05,0.25275685797011,0.503,0.445,0.296156838864346
"SDCBP","SDCBP",1.1186861784026e-05,0.658073795904074,0.086,0.056,0.299103123519502
"POMC","POMC",1.1275717501268e-05,2.11112628900584,0.015,0.004,0.301478858831402
"CCNYL1","CCNYL1",1.13003261367114e-05,-0.594486816077803,0.104,0.143,0.302136819917252
"TSPAN8","TSPAN8",1.13072304492971e-05,0.632311400057208,0.083,0.053,0.302321420522858
"SLC38A9","SLC38A9",1.13365631834761e-05,-0.369634017283113,0.438,0.471,0.303105689836601
"ZNF644","ZNF644",1.14398442875846e-05,-0.172429094350965,0.711,0.723,0.305867116717149
"ENSG00000264968","ENSG00000264968",1.14997706238792e-05,0.43956993036399,0.108,0.074,0.307469367170658
"KLF6","KLF6",1.15596748561217e-05,0.535166532442659,0.091,0.06,0.309071026628126
"ZNF362","ZNF362",1.16040082416643e-05,-0.691923120466749,0.084,0.118,0.310256368357379
"AFDN","AFDN",1.16095641209182e-05,0.136426025242144,0.73,0.683,0.310404915900989
"OLIG2","OLIG2",1.16285472083063e-05,-0.586145218100525,0.151,0.192,0.310912466708485
"CENATAC","CENATAC",1.16660912700663e-05,-0.3218588821589,0.246,0.297,0.311916282287762
"MRPS31","MRPS31",1.17587771864398e-05,0.333625097652769,0.311,0.259,0.31439442563384
"C2CD2L","C2CD2L",1.17687209290901e-05,0.478468056885751,0.072,0.044,0.314660291481081
"COX19","COX19",1.18121196484123e-05,0.293039056383464,0.267,0.214,0.315820643039599
"STXBP5","STXBP5",1.18487308093088e-05,0.211266685729211,0.551,0.501,0.31679951564849
"WNK1","WNK1",1.21679206756164e-05,0.115330900604762,0.84,0.811,0.325333695103957
"ENSG00000277151","ENSG00000277151",1.22073094781022e-05,1.78112709498858,0.013,0.003,0.326386833516019
"PGP","PGP",1.22152479561653e-05,0.374110361277499,0.203,0.157,0.326599084603992
"OSBP2","OSBP2",1.23590572848209e-05,0.195109909510655,0.702,0.647,0.330444114624256
"MRPL20","MRPL20",1.25135734501563e-05,-0.564426021904654,0.138,0.178,0.334575413336829
"ZNF592","ZNF592",1.2522974955688e-05,0.319309966082328,0.249,0.199,0.33482678139023
"ENSG00000225889","ENSG00000225889",1.26267618459722e-05,-0.882025677152171,0.034,0.059,0.337601731475758
"METTL2B","METTL2B",1.27616708603883e-05,-0.451196334831723,0.115,0.156,0.341208793794201
"POLD3","POLD3",1.28266873261859e-05,0.329158195571453,0.279,0.229,0.342947139040233
"NFAT5","NFAT5",1.2933500104441e-05,0.178095065469327,0.632,0.574,0.345802992292438
"SEC24B","SEC24B",1.29724294904211e-05,0.288293262877202,0.383,0.332,0.34684384728539
"PSME4","PSME4",1.29938066289534e-05,0.164231453389086,0.725,0.675,0.347415407838327
"ZRANB3","ZRANB3",1.30432892875975e-05,-0.321651908249932,0.307,0.357,0.348738425682493
"MRPL54","MRPL54",1.30618933130229e-05,-0.791169555362684,0.044,0.073,0.349235841510293
"TRIM23","TRIM23",1.31607941846692e-05,-0.39879135271136,0.192,0.237,0.3518801541155
"PDIA2","PDIA2",1.32242074984576e-05,-0.542528437753846,0.132,0.172,0.353575635886261
"BBS2","BBS2",1.33958301771446e-05,0.140192581476185,0.69,0.63,0.358164311446315
"ZNF596","ZNF596",1.34227200484659e-05,-0.751582827979413,0.055,0.086,0.358883265935834
"TOLLIP","TOLLIP",1.35095208328328e-05,0.446027275308609,0.154,0.114,0.361204058507451
"GARS1","GARS1",1.35114607837902e-05,0.416003579915315,0.163,0.122,0.361255926976197
"ENSG00000247011","ENSG00000247011",1.35252521020992e-05,-1.31839391127641,0.01,0.027,0.361624665453826
"PSD2","PSD2",1.36374487447167e-05,-0.754851889502773,0.076,0.11,0.36462446708749
"SLC27A6","SLC27A6",1.36705558366229e-05,0.562514775199383,0.102,0.07,0.365509651403787
"ZNF100","ZNF100",1.36972178025275e-05,-0.478274067486502,0.127,0.168,0.366222512386178
"MGAT5","MGAT5",1.39173853839743e-05,0.105650912769573,0.813,0.764,0.37210913301132
"ACSL1","ACSL1",1.40200715270795e-05,0.242404461496,0.49,0.439,0.374854652419524
"INTS10","INTS10",1.40950742834871e-05,-0.31727497032297,0.308,0.358,0.376860001117595
"DIXDC1","DIXDC1",1.40998465945635e-05,0.181671867956877,0.646,0.591,0.376987598398845
"C1GALT1","C1GALT1",1.42218926479891e-05,0.197107283037558,0.543,0.47,0.380250743729286
"KIAA1958","KIAA1958",1.42613378603233e-05,0.12332592220124,0.666,0.602,0.381305390371464
"LOC105374059","LOC105374059",1.43619668070975e-05,1.32215400688134,0.029,0.013,0.383995906521365
"NINJ2","NINJ2",1.43785628526277e-05,-0.254482910696105,0.473,0.511,0.384439634990708
"LINC02193","LINC02193",1.43796182417779e-05,-0.363879587392471,0.216,0.262,0.384467852930416
"TTC12","TTC12",1.43942552723785e-05,-0.560858455573181,0.062,0.094,0.384859203217585
"MAP3K7","MAP3K7",1.44077766069897e-05,0.195605005641819,0.49,0.424,0.385220723141085
"ENSG00000278013","ENSG00000278013",1.45771112008145e-05,0.6813437934603,0.049,0.027,0.389748222176176
"PKD2L2","PKD2L2",1.46475553674018e-05,0.609269056770728,0.062,0.036,0.391631687858222
"SRRM2-AS1","SRRM2-AS1",1.46489852974664e-05,-1.56018860992489,0.01,0.026,0.39166991989836
"ENSG00000273373","ENSG00000273373",1.46551371833072e-05,0.795158162093284,0.037,0.018,0.391834402870085
"TMEM92-AS1","TMEM92-AS1",1.46807939990678e-05,-3.25187350730366,0,0.01,0.392520389153076
"SAT2","SAT2",1.47281395909136e-05,0.324044912332452,0.159,0.117,0.393786268242257
"KIF1C","KIF1C",1.48021228131697e-05,0.608376795191798,0.079,0.051,0.395764357655719
"FAU","FAU",1.490173946791e-05,-0.47677381661105,0.238,0.281,0.398427808153511
"TYMS","TYMS",1.49327403729712e-05,-1.02051204061641,0.027,0.051,0.399256679352132
"MAX","MAX",1.52140083593435e-05,0.275446907958156,0.329,0.273,0.406776941503767
"MIR4458HG","MIR4458HG",1.52482740673709e-05,0.83931152131662,0.04,0.021,0.407693103739297
"ZNF623","ZNF623",1.5342926494726e-05,0.549837646101033,0.086,0.057,0.41022382568949
"GRIN1","GRIN1",1.54153546073735e-05,-1.35870687466051,0.013,0.03,0.412160336137346
"SLC36A4","SLC36A4",1.55669054711217e-05,0.33181825766543,0.303,0.252,0.416212351581382
"SENP7","SENP7",1.57006934666826e-05,-0.283488735824096,0.429,0.468,0.419789441218691
"ADAMTS4","ADAMTS4",1.57156636614524e-05,-0.275195670613841,0.317,0.365,0.420189699316252
"UBALD2","UBALD2",1.57329710054441e-05,0.492126415252358,0.137,0.099,0.420652445772558
"PANK1","PANK1",1.57392572076398e-05,1.58147818276612,0.024,0.01,0.420820519960665
"NAP1L4","NAP1L4",1.57491472817465e-05,0.180940627862589,0.702,0.655,0.421084950872056
"EFHC1","EFHC1",1.5771669862188e-05,-0.481865863361931,0.128,0.17,0.421687137105321
"RELL1","RELL1",1.58425670737753e-05,0.616967400155529,0.079,0.05,0.42358271585153
"NOP53-AS1","NOP53-AS1",1.59637217531692e-05,1.04898294953671,0.028,0.012,0.426822028514484
"LRP6","LRP6",1.61643387157579e-05,-0.344773330171731,0.317,0.365,0.432185924243218
"POR","POR",1.63260015599153e-05,0.478091395279788,0.113,0.079,0.436508303707456
"ENSG00000236501","ENSG00000236501",1.6357668854381e-05,-2.51661300298475,0.003,0.014,0.437354992159585
"CLPB","CLPB",1.64445078420772e-05,0.368323484313205,0.16,0.118,0.439676806173617
"PLCD4","PLCD4",1.64827973367613e-05,-1.60681461879356,0.008,0.023,0.440700552392986
"SLC9A8","SLC9A8",1.65055845360114e-05,-0.47159968093331,0.148,0.191,0.441309813739336
"GATB","GATB",1.65531905638767e-05,0.368558008828242,0.218,0.172,0.442582656106371
"TENT2","TENT2",1.66826371931313e-05,-0.214309995431154,0.567,0.605,0.446043670632752
"CEP83","CEP83",1.67777766917604e-05,-0.459975196691426,0.185,0.23,0.448587415407598
"CCDC14","CCDC14",1.69089719290815e-05,-0.341741503225151,0.234,0.281,0.452095182467853
"ENSG00000258891","ENSG00000258891",1.69840759824431e-05,0.508341812920802,0.106,0.073,0.454103239542582
"GPR146","GPR146",1.71725371587178e-05,0.834240170292925,0.043,0.023,0.459142126012639
"CNBD1","CNBD1",1.74234772157263e-05,-0.986093380997476,0.03,0.054,0.465851510316873
"ST3GAL4","ST3GAL4",1.76065103815747e-05,-0.308963971966389,0.366,0.411,0.470745268072163
"FAM151B","FAM151B",1.77624730751323e-05,0.700555814220781,0.075,0.048,0.474915242609811
"SYNPO2L-AS1","SYNPO2L-AS1",1.78003176937442e-05,-1.18734503540119,0.018,0.037,0.475927094177639
"EPS15","EPS15",1.78670636844224e-05,-0.14776542335626,0.752,0.791,0.4777116817304
"SLC35E4","SLC35E4",1.80160420190682e-05,0.304213265477529,0.192,0.147,0.481694915463826
"GSK3B","GSK3B",1.82432463119276e-05,0.18988234106405,0.622,0.568,0.487769676642009
"PPM1F","PPM1F",1.84624338634315e-05,0.717314654445564,0.063,0.038,0.493630094206568
"CRHBP","CRHBP",1.85091941973484e-05,0.449084542095544,0.079,0.05,0.494880325254505
"DHCR7","DHCR7",1.85862419441843e-05,0.325721788346391,0.227,0.177,0.496940350861654
"OSTF1","OSTF1",1.87373784194034e-05,-0.429095732334605,0.232,0.277,0.500981286799589
"GPATCH2","GPATCH2",1.8860572070346e-05,-0.53145191144862,0.13,0.17,0.50427511544484
"PCDH20","PCDH20",1.88751560169145e-05,2.34426407641173,0.012,0.003,0.504665046424242
"SCMH1","SCMH1",1.88790381608004e-05,-0.31859841166204,0.288,0.336,0.50476884330532
"EIF4EBP2","EIF4EBP2",1.90606931107286e-05,0.517864401457694,0.097,0.066,0.509625751701551
"ZFAND5","ZFAND5",1.90986673269101e-05,0.280881136446128,0.343,0.288,0.510641068319596
"SLC25A32","SLC25A32",1.91582709411709e-05,0.367938293372794,0.219,0.173,0.512234690154087
"DGLUCY","DGLUCY",1.94359017642491e-05,0.261461141909063,0.407,0.354,0.51965770547073
"RECK","RECK",1.97925757092732e-05,-0.314400783051942,0.375,0.42,0.529194096738838
"PARP6","PARP6",1.98021322968678e-05,-0.347162610479218,0.272,0.32,0.529449611221353
"ZFP37","ZFP37",1.98584457228621e-05,-0.704069528435164,0.051,0.08,0.530955263292163
"RETREG2","RETREG2",1.98917558390111e-05,0.351417044955497,0.172,0.128,0.531845875867639
"CHD1L","CHD1L",1.99040615857219e-05,0.218233430933419,0.47,0.416,0.532174894617445
"ZNF141","ZNF141",1.99526055086237e-05,0.30013507695191,0.238,0.189,0.533472813484071
"GALNT14","GALNT14",2.0008735468123e-05,0.702367305485628,0.038,0.019,0.534973560211206
"MAGEC3","MAGEC3",2.00220665017368e-05,-0.506559747771568,0.185,0.229,0.535329992056936
"PTMA","PTMA",2.03643503300304e-05,-0.160472936774894,0.764,0.8,0.544481634774023
"MYEF2","MYEF2",2.04331883169677e-05,-0.386346043485839,0.204,0.25,0.546322156030766
"GAS1RR","GAS1RR",2.04515333629163e-05,-1.22891820176573,0.023,0.044,0.546812647524294
"CUX1","CUX1",2.07325972975577e-05,0.164548174410032,0.65,0.589,0.5543274539448
"ELP2","ELP2",2.07786252083564e-05,0.243244061238065,0.447,0.386,0.555558102195825
"TMLHE","TMLHE",2.07840964717299e-05,0.316176085969399,0.15,0.11,0.555704387364643
"TBX6","TBX6",2.07947461819314e-05,0.85200765044683,0.037,0.019,0.5559891286663
"MLXIP","MLXIP",2.08680267094266e-05,0.23753857999069,0.281,0.229,0.557948430129938
"SCN8A","SCN8A",2.11601814608286e-05,0.598947071027014,0.087,0.058,0.565759771718173
"PTN","PTN",2.12452541590943e-05,-0.355455489943108,0.412,0.445,0.568034360451705
"LINC01134","LINC01134",2.12612936165527e-05,1.42889680317389,0.018,0.006,0.56846320742577
"DNASE2","DNASE2",2.12612936165527e-05,1.48040826333865,0.018,0.006,0.56846320742577
"KMT2D","KMT2D",2.12665018223631e-05,0.381875637151563,0.162,0.12,0.568602459224522
"MTMR6","MTMR6",2.13390771548339e-05,-0.43790245987098,0.209,0.253,0.570542905888794
"EPB41L2","EPB41L2",2.14025222711559e-05,0.118414884589128,0.815,0.771,0.572239237963896
"PDE1C","PDE1C",2.17188338220199e-05,0.267160611187932,0.932,0.947,0.580696459899345
"NETO1","NETO1",2.1734552129791e-05,1.20250322480084,0.03,0.014,0.581116720294221
"ENSG00000259755","ENSG00000259755",2.17697360677668e-05,0.876632318962158,0.04,0.021,0.582057433243882
"METTL9","METTL9",2.19028101387488e-05,0.370079904980673,0.158,0.118,0.585615434679726
"ARHGEF12","ARHGEF12",2.21213758896046e-05,0.218360302717928,0.297,0.244,0.591459227160357
"LYRM4","LYRM4",2.22298167742431e-05,0.267891452395507,0.241,0.192,0.594358611092937
"AASS","AASS",2.22930696426912e-05,-0.314409180956012,0.257,0.304,0.596049803036634
"PGPEP1","PGPEP1",2.22999141905607e-05,0.830437591209884,0.05,0.029,0.59623280571302
"LRPAP1","LRPAP1",2.23717062086904e-05,0.436413949104985,0.128,0.091,0.598152308901754
"FLAD1","FLAD1",2.26575389765323e-05,0.584715388853951,0.077,0.049,0.605794619615545
"SCUBE2","SCUBE2",2.30796813519643e-05,0.642923344045954,0.063,0.038,0.61708144030747
"MT1F","MT1F",2.32789690178462e-05,1.4343939199128,0.019,0.007,0.622409794630154
"PTP4A2","PTP4A2",2.33701000750877e-05,0.243641259197342,0.369,0.31,0.624846365707619
"GREB1","GREB1",2.36342150062169e-05,-0.299893694083153,0.147,0.193,0.631908006621222
"STK17A","STK17A",2.37084372567196e-05,1.14485268108507,0.029,0.013,0.633892486932913
"NAT8L","NAT8L",2.37531542322639e-05,0.370921449284469,0.158,0.117,0.635088084708041
"RNF122","RNF122",2.37579568835576e-05,1.91787876682646,0.015,0.004,0.63521649319568
"PPRC1","PPRC1",2.37895106103204e-05,0.64184602317486,0.069,0.043,0.636060145188137
"IFIT1","IFIT1",2.38471524086289e-05,0.290636720925264,0.092,0.061,0.637601313949511
"SLC33A2","SLC33A2",2.39790064128831e-05,1.10135226499166,0.034,0.017,0.641126694461255
"OR2L3","OR2L3",2.40735121796912e-05,0.558098230707022,0.071,0.045,0.643653495148403
"SMARCD3","SMARCD3",2.43993616513347e-05,0.635806542623466,0.076,0.049,0.652365732471736
"RNF125","RNF125",2.4576981107574e-05,-0.491979419761355,0.194,0.237,0.657114743873206
"TDRD6-AS1","TDRD6-AS1",2.46504112724729e-05,1.39962396586401,0.02,0.007,0.659078046192108
"NRF1","NRF1",2.47399578600811e-05,0.230412485348192,0.494,0.437,0.661472253304987
"DIAPH1","DIAPH1",2.47567306463783e-05,0.491055528015737,0.072,0.046,0.661920707292217
"C1orf216","C1orf216",2.50158909257382e-05,0.61901106310796,0.051,0.029,0.668849875681461
"PAQR6","PAQR6",2.51912545952029e-05,-0.321746706729106,0.24,0.29,0.673538574111941
"ERG28","ERG28",2.52432115270911e-05,0.642982644267402,0.102,0.07,0.674927746599836
"GPI","GPI",2.532831313036e-05,0.101020268357049,0.507,0.442,0.677203108166435
"CRBN","CRBN",2.53827555175598e-05,0.242656552269501,0.39,0.333,0.678658734272996
"PSMG3-AS1","PSMG3-AS1",2.57155439989206e-05,-1.3662200087167,0.011,0.028,0.687556499899139
"ATXN2L","ATXN2L",2.59866835090383e-05,0.335550933316833,0.204,0.158,0.694805956981157
"PDK1","PDK1",2.62154059683648e-05,0.521055296915047,0.119,0.085,0.700921309376169
"NEMP2-DT","NEMP2-DT",2.63182033803833e-05,-0.453017475245628,0.169,0.211,0.703669803781309
"PTPRN2","PTPRN2",2.63847324080164e-05,-1.00634030310992,0.025,0.047,0.705448590393134
"ENSG00000246263","ENSG00000246263",2.67209063651983e-05,-0.707355047066564,0.031,0.055,0.714436873486306
"SPR","SPR",2.68353643265976e-05,1.54792903485178,0.015,0.005,0.71749713600024
"ENSG00000259834","ENSG00000259834",2.72014917686469e-05,1.49547021056935,0.015,0.005,0.727286285418312
"HID1","HID1",2.7382401975914e-05,-0.307388348191671,0.336,0.379,0.732123281630013
"WWP1","WWP1",2.76650629610122e-05,0.24866322182437,0.493,0.438,0.739680788388583
"ENSG00000272564","ENSG00000272564",2.7740296701216e-05,-1.5288532135339,0.011,0.027,0.741692312900412
"KSR1","KSR1",2.79922153293388e-05,0.271258408350724,0.322,0.267,0.74842786126053
"TBPL1","TBPL1",2.81513072528578e-05,0.355904046152589,0.129,0.092,0.752681502019659
"CEP97","CEP97",2.8229754145302e-05,0.224594444871331,0.451,0.395,0.75477893658294
"LRCH2","LRCH2",2.83806708214834e-05,0.321136962827068,0.231,0.184,0.758813995754001
"CTNNBIP1","CTNNBIP1",2.85118771870862e-05,-0.40077762474433,0.149,0.192,0.762322060351122
"B4GALT6","B4GALT6",2.86450167548136e-05,-2.02337041896677,0.004,0.015,0.765881812973451
"ARL13B","ARL13B",2.87614850184805e-05,-0.495507538864178,0.146,0.186,0.768995824939114
"STXBP5-AS1","STXBP5-AS1",2.87918462282314e-05,0.707404766486423,0.081,0.053,0.769807592604224
"ZZZ3","ZZZ3",2.90936107550054e-05,-0.195727415238386,0.67,0.683,0.777875870756579
"RCAN1","RCAN1",2.91647163925159e-05,0.249042567092384,0.366,0.309,0.779777022186698
"CINP","CINP",2.91733650385464e-05,-0.433701876348981,0.147,0.189,0.780008261035615
"SLC25A1","SLC25A1",2.92543751926317e-05,0.375761462344151,0.112,0.078,0.782174229525393
"WFS1","WFS1",2.93608910453603e-05,0.88778358731519,0.048,0.027,0.785022143879799
"TMED5","TMED5",2.95005195181254e-05,0.355892537581766,0.176,0.135,0.788755390356118
"VSIG10","VSIG10",2.97570043257553e-05,-0.533958032149945,0.136,0.176,0.79561302465772
"ZNF532","ZNF532",2.97849724145294e-05,-0.180665217461436,0.606,0.638,0.796360807447272
"FAM118B","FAM118B",2.98025623404702e-05,0.650419431726505,0.089,0.06,0.796831109297152
"WDHD1","WDHD1",2.99050941045601e-05,-1.09338175361066,0.025,0.047,0.799572501073624
"TRNAU1AP","TRNAU1AP",2.99370079524182e-05,0.282109773182858,0.228,0.181,0.800425781623804
"GRB10","GRB10",3.00495188179146e-05,0.155626964610066,0.619,0.56,0.803433984634584
"TRPM7","TRPM7",3.01467510590008e-05,0.186792049216345,0.501,0.437,0.806033683064505
"TTL","TTL",3.05105828194697e-05,-0.338800232840932,0.335,0.378,0.815761452844162
"PADI2","PADI2",3.06191871826264e-05,-0.180376191895635,0.569,0.6,0.818665207701883
"ARHGAP15","ARHGAP15",3.07254775530148e-05,0.894804135155121,0.036,0.018,0.821507093334957
"CTBP1","CTBP1",3.07358518283989e-05,0.310449133220022,0.226,0.179,0.821784470335903
"ADAMTSL2","ADAMTSL2",3.0792870888253e-05,-0.642711809485249,0.05,0.078,0.823308988939219
"LINC01445","LINC01445",3.09630391258183e-05,0.397324015692165,0.162,0.122,0.827858777107004
"NECTIN3","NECTIN3",3.11303177502564e-05,0.301130962359188,0.291,0.241,0.832331305688606
"RSPRY1","RSPRY1",3.1204292477503e-05,-0.361344033521337,0.219,0.263,0.834309167970998
"CDC42EP4","CDC42EP4",3.12439315850038e-05,0.613952360329792,0.061,0.037,0.835368998788248
"ZFR","ZFR",3.14363182565349e-05,0.149427510011692,0.678,0.615,0.840512841224973
"ARID3A","ARID3A",3.147327454964e-05,0.901045613112087,0.042,0.023,0.841500941633725
"RHOB","RHOB",3.15201233752371e-05,-0.313072211647614,0.287,0.334,0.842753538683714
"ALKBH3","ALKBH3",3.15226867513638e-05,-0.45612654861939,0.1,0.137,0.842822075671213
"EPHA3","EPHA3",3.16694699750928e-05,-0.901353817820177,0.032,0.056,0.846746618724057
"ANAPC10","ANAPC10",3.17011439432162e-05,0.252323899617047,0.337,0.283,0.847593485609771
"ZNF69","ZNF69",3.19177386827406e-05,0.599185253053149,0.073,0.046,0.853384579160435
"KLC4","KLC4",3.20426843508201e-05,0.380032788814597,0.129,0.093,0.856725251487878
"SEPTIN2","SEPTIN2",3.21082139140934e-05,-0.244185442689612,0.477,0.519,0.858477315421114
"PDIA6","PDIA6",3.2695060618498e-05,0.445525251874844,0.166,0.126,0.874167835756781
"FAM229A","FAM229A",3.27099916308383e-05,0.974393385195786,0.035,0.018,0.874567046233723
"MYLK-AS1","MYLK-AS1",3.28211927969883e-05,0.316958484925065,0.138,0.1,0.877540231813076
"FOXP2","FOXP2",3.28934009595275e-05,1.67794424706243,0.039,0.021,0.879470861454886
"RNH1","RNH1",3.34324062459155e-05,-0.31291587066823,0.306,0.35,0.893882245797044
"YEATS2","YEATS2",3.35992925959458e-05,-0.32752991499361,0.35,0.391,0.898344286137802
"MGMT","MGMT",3.37296777885688e-05,-0.395316470136763,0.186,0.23,0.901830395032965
"POLR2J","POLR2J",3.37505995296511e-05,0.510958527408331,0.1,0.069,0.902389779624282
"MRPS26","MRPS26",3.40249380023624e-05,0.243831336069299,0.133,0.096,0.909724767369165
"LPXN","LPXN",3.41640861097897e-05,-0.519113314249993,0.123,0.16,0.913445170317448
"MGC16275","MGC16275",3.43928444530599e-05,-0.919450848191571,0.033,0.057,0.919561482141462
"USP30","USP30",3.44068626684144e-05,-0.384675820780222,0.2,0.244,0.919936287165396
"HNRNPR","HNRNPR",3.44811476427599e-05,-0.317884310774505,0.319,0.362,0.921922444524472
"BARD1","BARD1",3.49748208176751e-05,0.356186315234301,0.163,0.123,0.93512178420218
"MOCS2","MOCS2",3.49864749451936e-05,0.322560204359603,0.103,0.07,0.935433380609642
"SECISBP2","SECISBP2",3.49903937496775e-05,-0.32706869443905,0.348,0.387,0.935538157685128
"THSD7A","THSD7A",3.5132530953795e-05,-0.825954256676967,0.021,0.041,0.939338480111618
"APOOL","APOOL",3.54115793488824e-05,0.297785806326535,0.193,0.149,0.946799397051069
"SRP14","SRP14",3.54862258553646e-05,-0.345173350677264,0.302,0.343,0.948795220694883
"FIRRE","FIRRE",3.59293518419797e-05,0.258136286332274,0.271,0.22,0.96064308019901
"LINC00467","LINC00467",3.60610712871469e-05,-0.75175291436209,0.064,0.094,0.964164863004447
"ROGDI","ROGDI",3.6232081665075e-05,-0.290620913051614,0.303,0.348,0.968737167479111
"JPX","JPX",3.64160073118906e-05,-0.192080475286943,0.622,0.647,0.973654787498019
"NOMO1","NOMO1",3.64319424604438e-05,0.317002742036556,0.224,0.177,0.974080845564887
"BCL2L1-AS1","BCL2L1-AS1",3.64924531124468e-05,0.70772231114286,0.073,0.047,0.975698718867489
"TTC14","TTC14",3.6551194024923e-05,-0.247494133204968,0.463,0.499,0.977269274644365
"PAFAH1B1","PAFAH1B1",3.67085701211362e-05,-0.169897610522557,0.712,0.724,0.981477039328817
"SCIRT","SCIRT",3.70093507453661e-05,-1.64193643789034,0.004,0.016,0.989519010878853
"ELOA","ELOA",3.70288411091116e-05,0.515037000281262,0.112,0.08,0.990040124734316
"UBE2E3","UBE2E3",3.71833117851167e-05,-0.325027008654774,0.42,0.454,0.994170207198664
"DMXL1","DMXL1",3.74423459524945e-05,-0.185453077464498,0.627,0.661,1
"CAPN9","CAPN9",3.74965189840521e-05,-0.844552762863159,0.026,0.048,1
"UBB","UBB",3.77870892430103e-05,-0.210447556005332,0.43,0.477,1
"SLF1","SLF1",3.80253834356478e-05,-0.65079462779305,0.061,0.09,1
"LINC00517","LINC00517",3.80670175430553e-05,1.68745428205537,0.011,0.003,1
"SEC23B","SEC23B",3.80929588097096e-05,0.362610333568335,0.197,0.154,1
"TSEN2","TSEN2",3.86377685224039e-05,-0.400971818786163,0.186,0.229,1
"ENSG00000249258","ENSG00000249258",3.86922724285462e-05,0.762803492234174,0.038,0.02,1
"LGI4","LGI4",3.88839420713289e-05,-0.539772196482122,0.105,0.141,1
"NUDC","NUDC",3.88944044797014e-05,0.344107697298559,0.213,0.169,1
"DCAF5","DCAF5",3.90570470074268e-05,0.296171312207142,0.335,0.288,1
"MAP2K2","MAP2K2",3.92737168199546e-05,0.355971271544245,0.263,0.217,1
"RAMP3","RAMP3",3.93440152467328e-05,1.11153420553629,0.033,0.016,1
"ENSG00000254281","ENSG00000254281",4.05060693114927e-05,-0.897423403505659,0.031,0.054,1
"SEC61A1","SEC61A1",4.05233829722328e-05,0.350227224833989,0.184,0.142,1
"LETMD1","LETMD1",4.06439315845334e-05,-0.440589471634243,0.118,0.156,1
"MRTFB","MRTFB",4.06859773877912e-05,-0.654176762153803,0.076,0.108,1
"SPATA33","SPATA33",4.09017930037978e-05,0.602841214179329,0.057,0.034,1
"PAN3","PAN3",4.09104487039074e-05,-0.223259851066278,0.565,0.604,1
"LOC154449","LOC154449",4.09462271148129e-05,-2.1784913121982,0.003,0.014,1
"WDR49","WDR49",4.11515347877732e-05,1.38398786489041,0.026,0.011,1
"EXOC7","EXOC7",4.11656290295867e-05,-0.362640289775044,0.221,0.264,1
"ANKRD17","ANKRD17",4.12265118782032e-05,0.160875395765797,0.774,0.741,1
"ETFBKMT","ETFBKMT",4.12358904131139e-05,-0.900770186932973,0.03,0.053,1
"H2BC15","H2BC15",4.19926324763728e-05,0.676146513878152,0.059,0.036,1
"UBXN4","UBXN4",4.25576835984575e-05,-0.256451842569009,0.442,0.485,1
"ENSG00000280571","ENSG00000280571",4.25671216683656e-05,1.04362220472975,0.031,0.015,1
"ENSG00000215790","ENSG00000215790",4.2605538003767e-05,0.360636458700434,0.144,0.106,1
"SPTBN1","SPTBN1",4.28747614011457e-05,0.125892068547154,0.801,0.77,1
"TBX19","TBX19",4.2942374020459e-05,0.721054353166927,0.053,0.031,1
"ALOX5","ALOX5",4.30265343020963e-05,1.32641473046877,0.024,0.01,1
"ENSG00000281021","ENSG00000281021",4.31661054467734e-05,1.27761534290726,0.02,0.008,1
"LINC00320","LINC00320",4.3493678593453e-05,-0.284455691289937,0.526,0.552,1
"HNMT","HNMT",4.38403351635327e-05,0.507503874521347,0.081,0.054,1
"DIRC3","DIRC3",4.41765061553958e-05,-0.897945558026625,0.03,0.052,1
"GPN3","GPN3",4.44468555190781e-05,0.695046455378756,0.072,0.047,1
"SAPCD2","SAPCD2",4.4489330082816e-05,-1.18291706235222,0.013,0.03,1
"ARMC10","ARMC10",4.4738515238502e-05,-0.449397421543585,0.182,0.221,1
"ENSG00000250349","ENSG00000250349",4.50955796847114e-05,0.302925991446529,0.285,0.235,1
"ELOVL2","ELOVL2",4.51538186891792e-05,-0.934799237787479,0.031,0.054,1
"PNPT1","PNPT1",4.51981371622353e-05,0.23962821449377,0.41,0.356,1
"HDDC2","HDDC2",4.52417174724599e-05,0.53537154751284,0.091,0.062,1
"XPA","XPA",4.54456578931345e-05,-0.367496823454571,0.241,0.285,1
"CD164","CD164",4.54508694088157e-05,0.188103367826093,0.396,0.341,1
"ENSG00000283563","ENSG00000283563",4.56413957343881e-05,1.0510355325678,0.038,0.02,1
"MED12L","MED12L",4.56446375750149e-05,1.10478487280172,0.031,0.015,1
"SLC12A2-DT","SLC12A2-DT",4.58821264364605e-05,-0.22120775950236,0.501,0.539,1
"EMILIN2","EMILIN2",4.6634687993915e-05,-0.801701429252957,0.027,0.049,1
"ENSG00000259201","ENSG00000259201",4.74282431150533e-05,1.83869905961709,0.015,0.005,1
"DUSP18","DUSP18",4.78391795048397e-05,0.377265596315599,0.148,0.111,1
"SCARNA17","SCARNA17",4.7884575325945e-05,-0.551310563624026,0.102,0.137,1
"BCAP29","BCAP29",4.79779796567358e-05,0.276185560793022,0.262,0.214,1
"DEK","DEK",4.80471528539605e-05,0.21528361668533,0.286,0.233,1
"ENSG00000223653","ENSG00000223653",4.87380840054845e-05,-1.42714888779472,0.015,0.032,1
"REPS2","REPS2",4.92873310667747e-05,-0.233459026271176,0.651,0.672,1
"DOT1L","DOT1L",4.95917154270799e-05,0.388755085100809,0.175,0.136,1
"KMT5C","KMT5C",4.99926591207151e-05,0.292454447665444,0.159,0.119,1
"PPIE","PPIE",5.0080165803333e-05,-0.463377197678789,0.105,0.14,1
"STEAP1B","STEAP1B",5.03371830040283e-05,0.249196801127572,0.329,0.276,1
"ENSG00000253549","ENSG00000253549",5.04880458545291e-05,0.743028652525737,0.047,0.027,1
"DNMT3A","DNMT3A",5.05330834616196e-05,0.147663016589173,0.576,0.52,1
"TOMM20","TOMM20",5.12822518820725e-05,-0.337344757095985,0.218,0.26,1
"CTSF","CTSF",5.14957880168278e-05,0.326554859842592,0.229,0.185,1
"ELAVL3","ELAVL3",5.17236268582283e-05,0.181634955522813,0.753,0.717,1
"CTDSPL","CTDSPL",5.17420370239986e-05,0.286520997647119,0.28,0.232,1
"GBX2-AS1","GBX2-AS1",5.17783519616229e-05,-2.45724993428591,0.004,0.015,1
"NCEH1","NCEH1",5.1804660900953e-05,0.894130088369747,0.03,0.014,1
"CHST3","CHST3",5.19884980211708e-05,0.208164051661461,0.474,0.413,1
"CD47","CD47",5.23160893455306e-05,-0.223216464049714,0.497,0.522,1
"DOCK2","DOCK2",5.26770302643449e-05,-0.919421202514488,0.04,0.065,1
"NOL4L","NOL4L",5.32556092675798e-05,0.239318954349624,0.402,0.344,1
"NDUFS3","NDUFS3",5.33943777233619e-05,-0.693317943217463,0.062,0.09,1
"KLHDC10","KLHDC10",5.39309773034131e-05,-0.255022374846031,0.226,0.273,1
"TTC8","TTC8",5.41537902721552e-05,-1.02722268311878,0.024,0.044,1
"HGS","HGS",5.41723093889879e-05,0.276368429949939,0.207,0.163,1
"CAPN13","CAPN13",5.41883275726442e-05,-0.691820562236039,0.06,0.089,1
"ALDH8A1","ALDH8A1",5.44015775918511e-05,0.357240157082674,0.117,0.083,1
"CSNK1A1","CSNK1A1",5.44478733339885e-05,0.150106424312265,0.729,0.684,1
"ENSG00000277022","ENSG00000277022",5.47982275574129e-05,1.6378920382983,0.016,0.005,1
"NRIP1","NRIP1",5.50245851935253e-05,0.405905141664803,0.17,0.131,1
"ZNF418","ZNF418",5.52218750884003e-05,-0.834854751535391,0.034,0.057,1
"FAM234A","FAM234A",5.54982659412274e-05,0.564633917334207,0.105,0.074,1
"SLC2A1","SLC2A1",5.55736615837055e-05,0.406828118864711,0.122,0.088,1
"AHR","AHR",5.57564723350219e-05,-1.58912116145723,0.008,0.021,1
"SERTAD2","SERTAD2",5.57600744890247e-05,-0.429847858888097,0.18,0.221,1
"FBXO11","FBXO11",5.58930601998323e-05,0.153815882592215,0.619,0.566,1
"MAU2","MAU2",5.6059216633914e-05,-0.286469804563331,0.31,0.354,1
"EDIL3-DT","EDIL3-DT",5.64537983306885e-05,-0.592652090242955,0.086,0.119,1
"ZSWIM5","ZSWIM5",5.6709823287784e-05,0.162244894174041,0.417,0.357,1
"PGK1","PGK1",5.67485722962037e-05,0.271871950927869,0.162,0.122,1
"ENSG00000258472","ENSG00000258472",5.71770886471452e-05,0.488156773790787,0.074,0.048,1
"TNFAIP8L3","TNFAIP8L3",5.74467997805851e-05,1.58089297294761,0.016,0.005,1
"ENSG00000226445","ENSG00000226445",5.77135911311188e-05,0.655421497281061,0.053,0.031,1
"GSK3A","GSK3A",5.77594690192519e-05,0.43920611206211,0.111,0.079,1
"USF3","USF3",5.77784187500398e-05,0.355786261366888,0.203,0.161,1
"FAM118A","FAM118A",5.8067400312394e-05,0.43268705280386,0.118,0.085,1
"WASHC3","WASHC3",5.86324245713263e-05,-0.305028006821548,0.304,0.346,1
"NDUFS4","NDUFS4",5.87160242224978e-05,-0.326010599075469,0.286,0.329,1
"NOP53","NOP53",5.92701142315547e-05,0.584527532149353,0.069,0.044,1
"FFAR1","FFAR1",5.94050411317135e-05,-1.07296249750485,0.012,0.027,1
"ENSG00000236760","ENSG00000236760",5.94563638985613e-05,1.33254567585045,0.016,0.005,1
"CNDP1","CNDP1",5.95738533927294e-05,-0.19801373950178,0.809,0.812,1
"USP47","USP47",5.96688877469644e-05,0.112883968669147,0.826,0.777,1
"TNFRSF21","TNFRSF21",5.97545654577847e-05,0.272490792995307,0.224,0.178,1
"ILRUN-AS1","ILRUN-AS1",6.02705793132796e-05,0.630293752955563,0.046,0.026,1
"ADAMTS19","ADAMTS19",6.02772262743612e-05,-0.670816015247245,0.058,0.086,1
"GRN","GRN",6.04553795297252e-05,0.57176556603053,0.093,0.065,1
"MARCHF1","MARCHF1",6.15014428208155e-05,-0.112667650926783,0.956,0.955,1
"ETS1","ETS1",6.16417426329406e-05,-0.67606948262351,0.032,0.055,1
"LINC00351","LINC00351",6.17018299981824e-05,-1.48968065180099,0.011,0.026,1
"PIN1","PIN1",6.30769244667736e-05,-0.55953106682628,0.105,0.14,1
"TYK2","TYK2",6.34611512391187e-05,0.459288863198031,0.116,0.083,1
"RTF1","RTF1",6.35014124978953e-05,-0.416166828970403,0.167,0.207,1
"NAV3","NAV3",6.36065590212064e-05,-0.267840812457424,0.442,0.484,1
"SF3B1","SF3B1",6.36916782154739e-05,0.140823255273537,0.498,0.436,1
"CDV3","CDV3",6.42166459550343e-05,0.368956082443439,0.129,0.094,1
"ERCC6L2-AS1","ERCC6L2-AS1",6.43782711930112e-05,-0.40473875049119,0.242,0.283,1
"TRABD","TRABD",6.43893095834296e-05,0.463419739009597,0.101,0.071,1
"TRMT61B","TRMT61B",6.48788693130177e-05,-0.442473095082849,0.125,0.163,1
"CILK1","CILK1",6.50483085992669e-05,-0.419766559362869,0.229,0.269,1
"PRIM2","PRIM2",6.55171510560876e-05,0.338438113291002,0.243,0.2,1
"VPS37B","VPS37B",6.57376840355695e-05,-0.413913474239825,0.167,0.206,1
"AAGAB","AAGAB",6.59375438152154e-05,-0.534395153638582,0.11,0.145,1
"SFSWAP","SFSWAP",6.59914045676071e-05,-0.215174043210577,0.453,0.496,1
"DENND5B","DENND5B",6.60368568759342e-05,0.175439083716816,0.469,0.415,1
"FAF1","FAF1",6.65532513142155e-05,-0.135158156238823,0.836,0.847,1
"UBA5","UBA5",6.66094838550491e-05,-0.484612895061055,0.105,0.139,1
"GCAT","GCAT",6.69404913508564e-05,0.592276864208282,0.06,0.037,1
"TXNDC15","TXNDC15",6.70839311427469e-05,-0.525214637728681,0.124,0.16,1
"ENSG00000260869","ENSG00000260869",6.71004420974192e-05,0.855813509063531,0.032,0.016,1
"SORBS3","SORBS3",6.75983814368289e-05,-0.781002356781676,0.053,0.079,1
"NDUFS6","NDUFS6",6.76115845374541e-05,-0.481309479157469,0.134,0.171,1
"POPDC1","POPDC1",6.79099469186121e-05,0.461298455448552,0.133,0.099,1
"SCN9A","SCN9A",6.81299373223069e-05,1.71273897307672,0.019,0.008,1
"PRKG1","PRKG1",6.8184181616532e-05,-0.673514516218856,0.032,0.055,1
"TUBGCP5","TUBGCP5",6.85500954648311e-05,-0.422880359400599,0.137,0.175,1
"ITGB8","ITGB8",6.91068275653184e-05,0.184281545159111,0.681,0.651,1
"AP2M1","AP2M1",6.91679870352588e-05,0.255833702003402,0.253,0.206,1
"CLASP1","CLASP1",6.94181921804389e-05,0.130783765170571,0.821,0.781,1
"ATP5IF1","ATP5IF1",6.95281353415123e-05,-0.551498867787529,0.133,0.169,1
"TRAM1L1","TRAM1L1",6.95385738092156e-05,-1.26086614687211,0.021,0.04,1
"RBMS1","RBMS1",6.98954762834623e-05,-0.831191329793408,0.034,0.057,1
"MARCHF2","MARCHF2",6.99654028892111e-05,-0.468104321232174,0.111,0.146,1
"ATXN1","ATXN1",7.00278365108068e-05,0.100187439927882,0.93,0.903,1
"METTL15","METTL15",7.01408804401152e-05,-0.241783020617833,0.432,0.475,1
"GABARAPL1","GABARAPL1",7.02493707210065e-05,0.277972228599467,0.182,0.14,1
"GSTM4","GSTM4",7.04540395857375e-05,0.878330721332993,0.038,0.021,1
"MAP4K2","MAP4K2",7.04733004451192e-05,0.353593364834574,0.104,0.073,1
"PEX5","PEX5",7.09494214351154e-05,0.544115506208132,0.08,0.053,1
"FBXL3","FBXL3",7.13968476763328e-05,0.288270415064443,0.273,0.227,1
"ZNF136","ZNF136",7.19314431321622e-05,-0.824404814017229,0.034,0.057,1
"FBXO46","FBXO46",7.23964156488162e-05,0.60014708053383,0.082,0.055,1
"RUBCN","RUBCN",7.29425498449909e-05,0.272397228640546,0.222,0.177,1
"TBC1D13","TBC1D13",7.31279701017089e-05,-0.457271953710773,0.162,0.202,1
"PSIP1","PSIP1",7.32196580928272e-05,0.218901139623427,0.378,0.32,1
"JUN","JUN",7.35586920582765e-05,-0.774622694344036,0.057,0.084,1
"ENSG00000275441","ENSG00000275441",7.38103048225263e-05,1.16658331097772,0.022,0.009,1
"TMEM178B","TMEM178B",7.38264809868877e-05,-0.501537868770315,0.173,0.211,1
"FAM193A","FAM193A",7.39187382733382e-05,0.21615418913163,0.435,0.376,1
"ENSG00000246898","ENSG00000246898",7.43611485190687e-05,-1.5256212708234,0.009,0.023,1
"VSX1","VSX1",7.48885833038945e-05,-1.52187084807564,0.007,0.02,1
"ENSG00000258751","ENSG00000258751",7.51492484126683e-05,1.44214083276304,0.011,0.003,1
"WDR35","WDR35",7.51909803722446e-05,-0.60474432159228,0.087,0.12,1
"HEYL","HEYL",7.52165354885819e-05,-3.35670491123545,0.001,0.01,1
"FAIM","FAIM",7.66357482760314e-05,-0.71601355336977,0.061,0.089,1
"EIF2AK4","EIF2AK4",7.67405563127741e-05,0.26339283322129,0.216,0.173,1
"COA4","COA4",7.84953128325847e-05,-0.692848636736638,0.072,0.102,1
"U2AF1","U2AF1",7.86541755901496e-05,-1.06844144142046,0.023,0.042,1
"CLN6","CLN6",7.87299930778277e-05,0.746494590525449,0.059,0.037,1
"ASXL1","ASXL1",7.8870268435773e-05,0.137350835235609,0.507,0.448,1
"RHBDD3","RHBDD3",7.90081422400004e-05,0.533482539884633,0.103,0.074,1
"RACGAP1","RACGAP1",7.90231540780224e-05,0.48958157252537,0.08,0.053,1
"CACNA1C","CACNA1C",7.91893800635606e-05,-0.501277928106703,0.068,0.098,1
"SBDS","SBDS",7.97706471641469e-05,-0.403367287512434,0.207,0.247,1
"MAD1L1","MAD1L1",7.99202451641088e-05,0.260653045438935,0.334,0.283,1
"THOC1","THOC1",8.02321464410898e-05,-0.318656193283657,0.34,0.377,1
"DHX9","DHX9",8.05446594692588e-05,0.254044196331637,0.363,0.31,1
"GALNT7-DT","GALNT7-DT",8.10224856169422e-05,0.368607080834431,0.136,0.101,1
"METTL24","METTL24",8.10479080892402e-05,1.04701683679074,0.028,0.013,1
"MIA3","MIA3",8.14028910005214e-05,0.308861802563729,0.2,0.159,1
"GEN1","GEN1",8.16082069456605e-05,-0.850104423275724,0.037,0.061,1
"MLLT11","MLLT11",8.17610744544774e-05,1.09113784585842,0.033,0.017,1
"RBM19","RBM19",8.20304415587122e-05,0.340920199264007,0.192,0.152,1
"CHST12","CHST12",8.24818997309099e-05,0.351102883499043,0.164,0.127,1
"TBC1D8B","TBC1D8B",8.25527030138441e-05,0.37163204235121,0.121,0.088,1
"PON2","PON2",8.28806402886728e-05,-0.276314543193322,0.38,0.42,1
"USP6NL","USP6NL",8.28946860885161e-05,0.508198140232784,0.13,0.097,1
"SPATA22","SPATA22",8.34163450824693e-05,-0.531466739396249,0.113,0.148,1
"LEO1","LEO1",8.39401643740437e-05,0.373668407863239,0.107,0.075,1
"HSF2","HSF2",8.40573383733901e-05,0.440869537750888,0.12,0.088,1
"LINC00548","LINC00548",8.43525725127177e-05,0.318355655464173,0.135,0.1,1
"ENSG00000258844","ENSG00000258844",8.52985697502465e-05,0.17018782032859,0.431,0.377,1
"ANXA4","ANXA4",8.57363923977493e-05,0.156624737769004,0.538,0.473,1
"DECR1","DECR1",8.61754846522221e-05,-0.337055947797178,0.158,0.198,1
"PLPP3","PLPP3",8.73530599192753e-05,-0.301136831727846,0.203,0.247,1
"OR2L5","OR2L5",8.77998064272839e-05,0.619690671435952,0.062,0.039,1
"CEP20","CEP20",8.79527688689632e-05,0.359707600434842,0.141,0.105,1
"MACO1","MACO1",8.85313712982341e-05,0.187567304840774,0.356,0.303,1
"BPTF","BPTF",8.94036883728806e-05,0.115459117730286,0.857,0.822,1
"GOLGA7","GOLGA7",8.94732417735754e-05,-0.385939163873235,0.255,0.295,1
"CYREN","CYREN",8.97084741240352e-05,-0.382867707205098,0.195,0.235,1
"MGA","MGA",9.0183319564914e-05,0.17595146380178,0.546,0.486,1
"TAF4","TAF4",9.02607487309009e-05,0.281159988581895,0.202,0.16,1
"OSBPL9","OSBPL9",9.03369662809208e-05,-0.187472301026437,0.709,0.725,1
"CEP85","CEP85",9.04719109429651e-05,0.169202052333897,0.307,0.255,1
"SH2B3","SH2B3",9.13662398035774e-05,-0.849809245268627,0.032,0.055,1
"SKIC2","SKIC2",9.16947477534151e-05,0.603566538211548,0.045,0.026,1
"PIGT","PIGT",9.27142124009366e-05,0.239399895435253,0.279,0.228,1
"C1QA","C1QA",9.36181914181089e-05,1.21724446286243,0.015,0.005,1
"ENSG00000256427","ENSG00000256427",9.37196455407257e-05,0.68914172951704,0.083,0.057,1
"MYO9B","MYO9B",9.42468953820177e-05,0.142166483490653,0.7,0.647,1
"ARL8A","ARL8A",9.47692355612805e-05,-0.265753918043144,0.391,0.436,1
"ENSG00000264083","ENSG00000264083",9.51757540337321e-05,-1.17210830082504,0.01,0.024,1
"MAPK6","MAPK6",9.51840928612599e-05,-0.279644955206456,0.36,0.402,1
"DRC10","DRC10",9.51936221619595e-05,0.641821022806617,0.049,0.029,1
"SIM2","SIM2",9.54573746525078e-05,-1.693562880876,0.007,0.019,1
"ROM1","ROM1",9.56319699192845e-05,0.563471086961556,0.07,0.045,1
"IGIP","IGIP",9.56572631751526e-05,0.412001278921291,0.117,0.085,1
"IRF2BP2","IRF2BP2",9.61954728173202e-05,0.213883093725318,0.336,0.285,1
"LRIF1","LRIF1",9.64007198414413e-05,0.556451561788129,0.105,0.075,1
"UVSSA","UVSSA",9.67596663269187e-05,-0.361105258155482,0.184,0.225,1
"PRKCZ","PRKCZ",9.67704414192579e-05,0.219885194204699,0.467,0.414,1
"CCER2","CCER2",9.69017114486976e-05,-1.31346943427528,0.009,0.023,1
"ATXN7L1","ATXN7L1",9.70250729201244e-05,0.183731748910267,0.376,0.322,1
"GPR37","GPR37",9.75166070022811e-05,-0.147682859200354,0.652,0.684,1
"ZFHX4-AS1","ZFHX4-AS1",9.78326609632311e-05,-0.888725500407123,0.031,0.052,1
"ENSG00000249307","ENSG00000249307",9.90038287418005e-05,0.539488866827301,0.078,0.052,1
"HIGD1C","HIGD1C",9.9277307198486e-05,1.18020817059187,0.026,0.012,1
"ARL10","ARL10",9.98877095152422e-05,0.40862153954504,0.143,0.108,1
"HADHB","HADHB",0.00010052967300647,0.286201218695958,0.276,0.228,1
"CYB5A","CYB5A",0.000100889212173457,-0.542801120396367,0.085,0.117,1
"MTFR1","MTFR1",0.000101799421551574,0.307552896007996,0.274,0.23,1
"BPHL","BPHL",0.00010203346612244,-0.891338993455045,0.03,0.051,1
"PANK4","PANK4",0.000102099971860304,0.918817111477034,0.031,0.015,1
"ECHS1","ECHS1",0.000102133621456898,0.388551628366826,0.182,0.143,1
"MDGA1","MDGA1",0.000102336435151167,0.986154267006632,0.026,0.012,1
"MTF2","MTF2",0.00010314123846046,-0.313485199337203,0.244,0.286,1
"DNAH12","DNAH12",0.000103179939054764,0.39389554991939,0.132,0.098,1
"LINC00847","LINC00847",0.0001034960500438,0.499446743569439,0.061,0.038,1
"MGAT4B","MGAT4B",0.000103541131131569,0.66567519112043,0.057,0.035,1
"MAF","MAF",0.000105153355082556,0.795588256048307,0.055,0.034,1
"TP53INP2","TP53INP2",0.000105429252617249,-0.712434397155815,0.056,0.083,1
"ENSG00000284708","ENSG00000284708",0.000107182568831542,1.72647447652356,0.017,0.006,1
"ZC3H12B","ZC3H12B",0.00010748038795173,-0.416295388607949,0.156,0.195,1
"TRIM28","TRIM28",0.000107851512987195,0.281503293483727,0.191,0.15,1
"HOMER1","HOMER1",0.00010832300913648,0.545039831817775,0.076,0.051,1
"ARSD","ARSD",0.000108975052949217,-2.99928976666091,0.002,0.012,1
"CD81-AS1","CD81-AS1",0.000109737831602441,-1.09247624852578,0.011,0.025,1
"ACAT1","ACAT1",0.000109844641175943,0.339367020207539,0.188,0.149,1
"HEPACAM","HEPACAM",0.000109992276670665,-0.192140147056633,0.631,0.67,1
"ENSG00000251513","ENSG00000251513",0.000110109608838869,-0.492639182267787,0.13,0.166,1
"MBD3","MBD3",0.000110349606231497,0.408814221297106,0.124,0.092,1
"DNAJC1","DNAJC1",0.000110612331598568,0.194810087777207,0.48,0.429,1
"NPHP4","NPHP4",0.00011070840789717,-0.496975321858479,0.071,0.1,1
"OAZ2","OAZ2",0.00011124422910081,0.325231942521983,0.235,0.192,1
"ENSG00000214955","ENSG00000214955",0.000111248389320299,1.62345363894047,0.012,0.003,1
"ENSG00000271200","ENSG00000271200",0.000111401449268969,-1.43496501826711,0.01,0.024,1
"G0S2","G0S2",0.000112681500394622,1.47377976305273,0.012,0.003,1
"EFCAB7","EFCAB7",0.000112853016339469,0.412799631065848,0.133,0.099,1
"AKAP9","AKAP9",0.000113920623968215,0.117487370595835,0.721,0.675,1
"RNF123","RNF123",0.000113959003923641,0.664516905813952,0.071,0.047,1
"RANBP17","RANBP17",0.000113971421254192,-0.360702644375763,0.249,0.29,1
"SGF29","SGF29",0.000114463560493053,0.520178224956645,0.1,0.071,1
"ISG20","ISG20",0.000115336610392765,0.625487788911121,0.059,0.037,1
"PACRGL","PACRGL",0.000115456543714677,-0.296343279448078,0.243,0.286,1
"ACTR1B","ACTR1B",0.000115634067449101,0.289245694652803,0.192,0.151,1
"DUOX1","DUOX1",0.000115854292198934,-0.579391032863303,0.062,0.091,1
"EHMT1","EHMT1",0.000116274747224275,0.130557498867981,0.622,0.559,1
"TEPSIN","TEPSIN",0.000116708370630102,0.842153008976064,0.055,0.034,1
"COL6A1","COL6A1",0.000116965446321274,0.949487335824663,0.023,0.01,1
"MICAL3","MICAL3",0.00011706974126475,0.139648726870842,0.816,0.791,1
"GTF3C2-AS2","GTF3C2-AS2",0.00011743735567395,0.733107956864836,0.074,0.049,1
"WDR62","WDR62",0.000117602924246678,1.06230870806349,0.023,0.01,1
"MPDU1","MPDU1",0.000117636726624135,0.446431971937858,0.103,0.073,1
"GOLM2","GOLM2",0.000118137299029327,0.126809897506254,0.672,0.623,1
"COL6A6","COL6A6",0.000118817793937513,1.34304594989929,0.019,0.008,1
"NRP2","NRP2",0.000119167534848692,-0.390509066394213,0.094,0.127,1
"DTWD2","DTWD2",0.00011991002559615,-0.454336334687776,0.131,0.168,1
"CNTNAP3","CNTNAP3",0.000120226270525417,0.421323694731877,0.121,0.09,1
"DMBT1","DMBT1",0.000120245046600079,0.599423044296906,0.049,0.029,1
"TAOK2","TAOK2",0.000120485817909354,0.447881853972095,0.124,0.092,1
"S100A1","S100A1",0.000120533316498584,0.269435847128891,0.356,0.305,1
"TAF12","TAF12",0.000120982842823541,0.39475968138253,0.114,0.083,1
"TMEM87A","TMEM87A",0.000121789333564335,0.14013456453697,0.607,0.556,1
"RYK","RYK",0.00012180064706422,0.255988905559145,0.316,0.269,1
"LIG1","LIG1",0.000123027409738934,0.58290560070771,0.099,0.071,1
"HYLS1","HYLS1",0.00012342539078514,0.741030931826825,0.033,0.017,1
"ENSG00000230131","ENSG00000230131",0.000124056605904662,1.49396003975968,0.013,0.004,1
"ENSG00000239381","ENSG00000239381",0.000124280239001016,-0.621380805062922,0.097,0.129,1
"ENSG00000270099","ENSG00000270099",0.000124353359856758,0.655478467922213,0.039,0.022,1
"BSDC1","BSDC1",0.00012653432388556,0.243647099641453,0.311,0.263,1
"PURG","PURG",0.000126764938727223,0.283017132171157,0.184,0.145,1
"ARSA","ARSA",0.000127327374545271,0.344758099016976,0.107,0.077,1
"MEGF9","MEGF9",0.000127494501905689,-0.176269513144865,0.617,0.648,1
"SEPTIN7-DT","SEPTIN7-DT",0.000127559332602997,-0.605247307276543,0.08,0.11,1
"ROBO3","ROBO3",0.000127974133886291,-1.08134699383728,0.029,0.049,1
"FAHD2B","FAHD2B",0.000132253491804815,-0.620157056048213,0.098,0.129,1
"CCDC7","CCDC7",0.000133037489612159,-0.25841829464607,0.475,0.51,1
"SLC25A38","SLC25A38",0.00013325513607607,0.743377402252643,0.06,0.038,1
"ILKAP","ILKAP",0.000133283874035621,-0.244057445127431,0.404,0.44,1
"PSPH","PSPH",0.000133760639473305,0.317616301567922,0.187,0.148,1
"MAP2K5","MAP2K5",0.000133809899636422,0.153795459651017,0.556,0.498,1
"DDX60","DDX60",0.000134209605429263,-1.5119498756075,0.006,0.018,1
"AMBRA1","AMBRA1",0.000134240223975217,-0.15421468298472,0.585,0.617,1
"HEG1","HEG1",0.000134787332969512,0.263678289955868,0.351,0.302,1
"LPCAT4","LPCAT4",0.000136158843199907,1.10006535260387,0.031,0.016,1
"C4orf36.1","C4orf36.1",0.00013624830115421,-0.63652623810096,0.061,0.088,1
"THAP8","THAP8",0.000136450239129408,0.626232988249879,0.069,0.045,1
"STARD13","STARD13",0.000136595221486355,0.159085396226293,0.74,0.702,1
"ENSG00000284642","ENSG00000284642",0.000137063730943217,0.73897658430662,0.055,0.034,1
"ANKRD49","ANKRD49",0.00013720947014978,0.433492136971854,0.089,0.062,1
"KIF27","KIF27",0.000137446448692317,0.294209564568732,0.213,0.172,1
"ATR","ATR",0.000137628058950946,-0.283823137714146,0.274,0.317,1
"HPCAL1","HPCAL1",0.00013785983445242,0.460673532570889,0.151,0.117,1
"LMBRD1","LMBRD1",0.000137928921609725,-0.255037054318746,0.459,0.493,1
"ZNG1E","ZNG1E",0.000138913106471695,0.352205093730139,0.189,0.149,1
"PRKRA","PRKRA",0.000139061538965483,0.308732440722295,0.23,0.187,1
"KREMEN1","KREMEN1",0.000139153940915976,-0.490472184363554,0.046,0.072,1
"JTB","JTB",0.000139231374906612,0.387748396714312,0.136,0.103,1
"CXXC1","CXXC1",0.000139311048524985,0.488008543793586,0.099,0.07,1
"TMEM181","TMEM181",0.000139655240606928,0.263533274107918,0.354,0.303,1
"TMEM219","TMEM219",0.000139730079481921,-0.407645788266938,0.158,0.195,1
"SNTB1","SNTB1",0.000140393196570241,-1.20053034343082,0.017,0.034,1
"ENSG00000235609","ENSG00000235609",0.000141067695947816,0.602665251494356,0.039,0.022,1
"CBX6","CBX6",0.000141201107646272,0.288621381249482,0.257,0.211,1
"GALNT3","GALNT3",0.000142303203327066,1.98338861591341,0.013,0.004,1
"CDK17","CDK17",0.000143953173583976,0.15530786347006,0.707,0.656,1
"ENSG00000262967","ENSG00000262967",0.000145006818923738,0.532576141608927,0.067,0.043,1
"MOB2","MOB2",0.00014574234717824,0.255975478736526,0.186,0.146,1
"RALGDS","RALGDS",0.000145769731837818,0.16453217756938,0.573,0.526,1
"ENSG00000260170","ENSG00000260170",0.00014600440647722,1.46454524392072,0.013,0.004,1
"ENSG00000233797","ENSG00000233797",0.000146404326318664,-0.425143994714135,0.076,0.107,1
"TAX1BP1","TAX1BP1",0.000147384616367704,0.154465464313074,0.503,0.441,1
"RCC1","RCC1",0.000148313948440606,0.504241323429781,0.102,0.073,1
"SULT1A1","SULT1A1",0.000148769068914591,-0.977805260396816,0.013,0.028,1
"LOC100289230","LOC100289230",0.000149501760450129,-0.351718163812039,0.242,0.282,1
"MYPOP","MYPOP",0.000149724046340024,0.528710547098219,0.075,0.05,1
"B4GALT5","B4GALT5",0.000150401770370118,0.288805260783269,0.238,0.194,1
"CPPED1","CPPED1",0.00015223241000145,0.19265751126328,0.467,0.409,1
"LOC124904544","LOC124904544",0.000152305490670905,-2.52296162997399,0.002,0.01,1
"CYBA","CYBA",0.000152399830345694,1.67533609184122,0.014,0.005,1
"YWHAQ","YWHAQ",0.000152659102887191,-0.194905305395455,0.586,0.619,1
"CSRNP1","CSRNP1",0.000153060298880385,0.906518567922848,0.026,0.012,1
"TRIM45","TRIM45",0.000153601154298142,-2.17610265067846,0.002,0.011,1
"FAM184B","FAM184B",0.000154080405034796,0.616145776489106,0.08,0.055,1
"TMEM184B","TMEM184B",0.000154107631228762,-0.173432348923046,0.492,0.528,1
"CDC42EP2","CDC42EP2",0.000154554634380888,-0.423911640805163,0.108,0.141,1
"KLHL22","KLHL22",0.000155221788942447,0.19609634546434,0.218,0.175,1
"SESN2","SESN2",0.000155315175642924,0.725950364947659,0.026,0.012,1
"ZHX3","ZHX3",0.000155764518030311,0.158429943334648,0.58,0.529,1
"ENSG00000260664","ENSG00000260664",0.00015646653757688,-0.406804195115407,0.376,0.406,1
"PTGR1","PTGR1",0.000156880154657503,0.546923979186736,0.062,0.039,1
"NADK","NADK",0.000157182304581971,0.434259520148114,0.1,0.071,1
"CTBP1-AS","CTBP1-AS",0.000157331673533214,0.64871045491746,0.057,0.036,1
"AP3B2","AP3B2",0.000157337332362437,0.400350520462875,0.103,0.074,1
"LOC102724768","LOC102724768",0.000157386453159167,-0.223551208250179,0.355,0.399,1
"ARHGEF11","ARHGEF11",0.000157658776115709,0.208778171670108,0.264,0.217,1
"AGO4","AGO4",0.000157806557669699,-0.312845062807044,0.214,0.254,1
"FAM227B","FAM227B",0.000157990610269012,-0.399724495736644,0.195,0.233,1
"DOCK3","DOCK3",0.000159899641220036,0.112789393513947,0.937,0.918,1
"EFTUD2","EFTUD2",0.000161142318108639,-0.432971238994768,0.092,0.124,1
"BACH2","BACH2",0.000161980933512098,0.146354825966355,0.684,0.634,1
"UBR1","UBR1",0.000162001622844033,0.171605885804749,0.58,0.533,1
"ADRA2B","ADRA2B",0.000162037753602145,1.96011489459026,0.011,0.003,1
"KCNS3","KCNS3",0.000162706581385541,0.578849309191271,0.077,0.052,1
"FAM50A","FAM50A",0.000163235336543004,0.326292056400273,0.187,0.148,1
"SOAT1","SOAT1",0.000163779726131089,0.50207577031955,0.08,0.055,1
"NOL8","NOL8",0.000165928995681345,0.320760198892422,0.196,0.155,1
"STK39","STK39",0.000166446000341379,0.100687468918219,0.819,0.779,1
"PACS1","PACS1",0.000166927146420271,0.310577472705349,0.205,0.165,1
"ENSG00000232934","ENSG00000232934",0.000167980975758789,0.689080937860727,0.03,0.015,1
"COG5","COG5",0.000168704607449047,0.109115748394107,0.633,0.572,1
"LINC03146","LINC03146",0.000169571806883741,-0.867142150816561,0.012,0.026,1
"ENSG00000231770","ENSG00000231770",0.000170748346255903,-0.615822154187105,0.063,0.091,1
"DICER1-AS1","DICER1-AS1",0.000171164790558204,-0.420274328260178,0.178,0.214,1
"CLDN9","CLDN9",0.000171636432124346,0.95220929274349,0.032,0.017,1
"NEURL1B","NEURL1B",0.000171732070557184,-0.541547078549633,0.07,0.098,1
"XBP1","XBP1",0.000171986011872786,0.837545545393004,0.044,0.025,1
"PCM1","PCM1",0.000171992421032589,-0.144233050863214,0.704,0.731,1
"TRAK1","TRAK1",0.000172050677075081,0.196526095351207,0.373,0.323,1
"LINC02128","LINC02128",0.000173299071240835,1.30174438451174,0.022,0.01,1
"LIMK2","LIMK2",0.000173299869409513,0.491746522420414,0.126,0.095,1
"RARRES1","RARRES1",0.000174664668873083,0.564094880394266,0.037,0.021,1
"ENSG00000269814","ENSG00000269814",0.000175184429543232,1.1406291211424,0.023,0.01,1
"ACOX3","ACOX3",0.000175534258263545,0.354256904851663,0.151,0.116,1
"ENSG00000258386","ENSG00000258386",0.000177286268156878,1.51769710722252,0.015,0.005,1
"ENSG00000227598","ENSG00000227598",0.000177588755687787,-0.534214096634683,0.056,0.083,1
"DNAJC21","DNAJC21",0.000177885341899481,0.187573945842506,0.213,0.17,1
"ENSG00000283064","ENSG00000283064",0.000179647046028968,0.780676195058205,0.024,0.011,1
"PFDN2","PFDN2",0.000179690255950477,0.281614008718029,0.28,0.235,1
"SLIT2","SLIT2",0.000180446101569764,0.197136948019435,0.177,0.138,1
"TNRC18","TNRC18",0.000180687904569543,-0.352891352016953,0.16,0.199,1
"ZNG1A","ZNG1A",0.000183135719684603,0.572224282173462,0.089,0.063,1
"NBPF3","NBPF3",0.000183318294026131,0.456519263746073,0.074,0.05,1
"ENSG00000232748","ENSG00000232748",0.00018350755890526,1.81308951774633,0.018,0.007,1
"CEP43","CEP43",0.00018380227321779,-0.504313809414722,0.087,0.118,1
"CEP41","CEP41",0.000184006685666343,-0.556891336005048,0.074,0.102,1
"SNHG27","SNHG27",0.000184709576285672,-1.49048009271583,0.007,0.019,1
"NUDT8","NUDT8",0.000185134658669394,0.689904900618265,0.04,0.023,1
"ADORA1","ADORA1",0.000185522588893747,-0.309027578508696,0.293,0.329,1
"IFT81","IFT81",0.000185588894868552,-0.704352030820516,0.053,0.078,1
"SHANK3","SHANK3",0.000186016970019542,-0.299672605535632,0.236,0.276,1
"RSPO4","RSPO4",0.000186463994345562,-0.867155703826862,0.016,0.032,1
"ENSG00000263847","ENSG00000263847",0.000186821293433291,1.42196149826165,0.021,0.009,1
"FAM184A","FAM184A",0.000187316459677223,-0.566932645300868,0.077,0.106,1
"RHOBTB3","RHOBTB3",0.000188316962367239,0.284340497152912,0.414,0.377,1
"NMNAT2","NMNAT2",0.000188857695829504,0.973641524915633,0.044,0.026,1
"FAM133B","FAM133B",0.000188887514016649,0.32303824039039,0.332,0.287,1
"RFT1","RFT1",0.000188996216949685,-0.789313644724707,0.031,0.051,1
"STX3","STX3",0.000189490608294399,0.453878592089167,0.118,0.088,1
"ST8SIA6","ST8SIA6",0.000189584551558453,1.42320273666587,0.019,0.008,1
"MINDY1","MINDY1",0.0001897990124904,0.273621365193671,0.199,0.158,1
"USP9Y","USP9Y",0.000190272001845795,0.18767142617544,0.312,0.259,1
"PDE1A","PDE1A",0.000191316525780891,-0.281573364801696,0.609,0.625,1
"HS2ST1","HS2ST1",0.000191671051092169,0.482376242862134,0.139,0.107,1
"ENSG00000255389","ENSG00000255389",0.000191783347077007,0.98580398641236,0.027,0.014,1
"TUBA4A","TUBA4A",0.00019183236381311,1.03764008416828,0.021,0.009,1
"HSPA8","HSPA8",0.00019265103371779,0.330178377884712,0.279,0.235,1
"ATP6V1B2","ATP6V1B2",0.000193243167615775,0.20325257774299,0.15,0.114,1
"FILIP1","FILIP1",0.00019329253041062,-0.931511053046308,0.026,0.045,1
"PUM3","PUM3",0.000193717380499931,0.160393798290558,0.431,0.377,1
"FGF14","FGF14",0.000194325897731613,-0.84259081173972,0.063,0.09,1
"FAM177A1","FAM177A1",0.000194401648157937,-0.277402208957305,0.369,0.409,1
"VWA1","VWA1",0.000194459435273297,-0.307924673933912,0.344,0.382,1
"ZNRD2","ZNRD2",0.000195018512150582,-0.892045308789393,0.013,0.029,1
"KDM3B","KDM3B",0.000195055019761375,0.206594078279104,0.36,0.31,1
"TACR1","TACR1",0.000195596965104611,-1.44462602020605,0.006,0.018,1
"LAPTM5","LAPTM5",0.00019751260856724,1.15927802137944,0.017,0.006,1
"ENSG00000233396","ENSG00000233396",0.000197765100592572,1.11506202194249,0.017,0.007,1
"NAA20","NAA20",0.000198029444335271,0.332027045740607,0.147,0.113,1
"PRKD1","PRKD1",0.000198595926350891,0.181187705989442,0.264,0.217,1
"PDGFA-DT","PDGFA-DT",0.000198653579584893,1.15448967856972,0.018,0.007,1
"HSPA2-AS1","HSPA2-AS1",0.000199078306010445,0.55091411755573,0.048,0.029,1
"MTSS1","MTSS1",0.000199246231869451,-0.196508335513822,0.55,0.577,1
"HLA-B","HLA-B",0.000200487890305191,0.603490990511424,0.056,0.035,1
"DACT3-AS1","DACT3-AS1",0.000200836272425878,-1.17647818926668,0.015,0.03,1
"ENSG00000228392","ENSG00000228392",0.000201351979840756,-0.910577218365047,0.017,0.033,1
"SLC12A6","SLC12A6",0.000201786883278454,0.225353932184418,0.292,0.244,1
"AGAP9","AGAP9",0.000202772934389842,0.43575936381264,0.168,0.133,1
"STK35","STK35",0.000203435236437208,0.551259194029869,0.103,0.075,1
"NDEL1","NDEL1",0.000204216523673203,-0.413655412850872,0.14,0.175,1
"MKRN3","MKRN3",0.000204989383724693,-0.234387625204558,0.439,0.479,1
"SOX4","SOX4",0.000205041108958269,1.89762944979451,0.012,0.003,1
"COG8","COG8",0.000205663802581449,0.398906896528127,0.09,0.063,1
"CCT2","CCT2",0.000206494420091102,0.409285269775015,0.123,0.092,1
"CYP2E1","CYP2E1",0.000207557542703937,-1.0269242649516,0.014,0.03,1
"PTCH1","PTCH1",0.000208735355804667,0.367802208335207,0.199,0.161,1
"SELENOF","SELENOF",0.000209441108385684,-0.314484734827385,0.22,0.262,1
"MCM8","MCM8",0.000209854917587231,0.530234691001065,0.089,0.062,1
"FBXO21","FBXO21",0.000210131291653883,-0.283394772874331,0.327,0.366,1
"KCNMA1","KCNMA1",0.000210491507546018,0.731887121288017,0.065,0.043,1
"ATP9A","ATP9A",0.000210559317578777,-0.241627875967683,0.476,0.506,1
"ING2","ING2",0.000211388871144436,0.783207820502449,0.034,0.018,1
"LOC101927788","LOC101927788",0.00021295442158118,-0.439814307566475,0.074,0.103,1
"PART1","PART1",0.000213883317748633,-1.11166399900551,0.015,0.031,1
"SRGAP2B","SRGAP2B",0.000217209904431489,0.56037542411603,0.055,0.034,1
"CENPB","CENPB",0.00021738903983645,0.431918467562925,0.076,0.052,1
"TMEM161A","TMEM161A",0.00021762761080737,0.401309267622591,0.086,0.06,1
"PCMTD1-DT","PCMTD1-DT",0.000218045130683416,-0.767857721636962,0.05,0.075,1
"ZNF649","ZNF649",0.000218464037131437,-0.563307673432237,0.048,0.072,1
"SCG3","SCG3",0.000218580735420545,-1.09085321568969,0.009,0.022,1
"TBC1D12","TBC1D12",0.00021916321701931,0.142001811463679,0.759,0.698,1
"TRMT11","TRMT11",0.000219174381115752,0.307907409352329,0.273,0.231,1
"METTL25B","METTL25B",0.000219814852003508,0.376473515069235,0.129,0.097,1
"AGPAT5","AGPAT5",0.000219827477369356,0.247561990010229,0.276,0.23,1
"RBM26","RBM26",0.000220120610796773,-0.182466649828128,0.673,0.691,1
"LIN7B","LIN7B",0.000221604795299015,0.641866090191426,0.056,0.035,1
"BCAR1","BCAR1",0.000221683676317435,-0.257039001000981,0.265,0.306,1
"CCT6A","CCT6A",0.000222432639068207,0.359831442202458,0.135,0.103,1
"DAP3","DAP3",0.000224169889800282,0.252849533821334,0.336,0.285,1
"ADGRV1","ADGRV1",0.000225795121783711,0.435984014641692,0.059,0.038,1
"GLIPR2","GLIPR2",0.000226174920831301,-0.302074729065382,0.161,0.2,1
"SUDS3","SUDS3",0.000228867523094818,-0.437538203174605,0.112,0.145,1
"GRM3","GRM3",0.000228919659378908,-0.137772615887068,0.887,0.895,1
"CCZ1B","CCZ1B",0.000229961457602842,-0.516190550617339,0.092,0.123,1
"FGF2","FGF2",0.000231168944925257,0.503043784603798,0.061,0.04,1
"MZF1","MZF1",0.000231262824113468,0.289056125943606,0.196,0.157,1
"CDKN2C","CDKN2C",0.000231591546921278,0.603095586151951,0.031,0.016,1
"RRP15","RRP15",0.000231769983221322,0.335491100358015,0.099,0.071,1
"SLC41A2","SLC41A2",0.000232181543943034,0.799031629358778,0.036,0.02,1
"SSBP4","SSBP4",0.000233720467577746,0.619958579599186,0.044,0.026,1
"C11orf68","C11orf68",0.00023386367004709,0.41865252304375,0.08,0.055,1
"DESI2","DESI2",0.00023481327450269,0.293902590098985,0.169,0.132,1
"NPL","NPL",0.000236024714857279,-0.572393418075253,0.074,0.102,1
"POU3F2","POU3F2",0.000236094672551983,0.362766586651823,0.144,0.111,1
"TERF1","TERF1",0.000236996143455632,-0.290000807975245,0.24,0.281,1
"ZFP2","ZFP2",0.000237027857847447,0.385987869556616,0.129,0.098,1
"KLF9","KLF9",0.000237362552931963,-0.328497680851411,0.331,0.367,1
"STXBP1","STXBP1",0.000239189086895046,0.270765939676325,0.178,0.14,1
"ZNF81","ZNF81",0.000240061887173167,0.267644322788441,0.221,0.179,1
"GPD2","GPD2",0.000242174147705756,-0.432412542821429,0.15,0.185,1
"ZNF638","ZNF638",0.000242774631913866,-0.10196670718664,0.951,0.952,1
"NOP58","NOP58",0.000243378570210326,0.30088627919389,0.211,0.171,1
"PAQR4","PAQR4",0.000243393189991539,0.244707299572423,0.292,0.247,1
"ENSG00000284773","ENSG00000284773",0.000243558199507777,-1.57622672373846,0.007,0.019,1
"CRIP2","CRIP2",0.000244105760917601,-1.10188223134355,0.018,0.034,1
"MAST2","MAST2",0.00024423917054004,0.233607699491446,0.29,0.244,1
"LMNB1","LMNB1",0.00024425192975995,1.09599986170765,0.032,0.017,1
"SENP6","SENP6",0.000244318242495925,-0.136951887269897,0.687,0.701,1
"SLC35D2","SLC35D2",0.000244596123647978,-0.312971252322378,0.206,0.247,1
"ENSG00000245768","ENSG00000245768",0.000244647376165764,0.323979294802135,0.129,0.098,1
"EZH1","EZH1",0.000244648060389431,0.195259290535577,0.44,0.386,1
"TAF3","TAF3",0.000245791107857788,0.15302171973963,0.325,0.273,1
"RANBP3","RANBP3",0.00024701051036751,0.302392790604851,0.196,0.157,1
"PXDNL","PXDNL",0.000247609848063688,0.297338244179023,0.098,0.07,1
"CCDC13-AS1","CCDC13-AS1",0.000247861318254841,-1.12476400215665,0.019,0.036,1
"COMMD1","COMMD1",0.000248379775853166,-0.25483996188609,0.467,0.495,1
"RIGI","RIGI",0.000249052187212708,0.3365101257123,0.114,0.084,1
"SNHG12","SNHG12",0.000250296977072995,0.555375299868363,0.048,0.029,1
"ENSG00000259048","ENSG00000259048",0.000255997303893083,0.181471596620875,0.393,0.342,1
"PNPLA8","PNPLA8",0.000257408097629304,0.288133014817223,0.269,0.228,1
"ENSG00000246889","ENSG00000246889",0.000258476015233044,0.551431276472028,0.085,0.06,1
"CCDC149","CCDC149",0.000259863513086797,-0.511727860514784,0.133,0.166,1
"ENSG00000268584","ENSG00000268584",0.00026037275720232,-1.34228434542996,0.004,0.015,1
"WIPF2","WIPF2",0.00026145297246159,0.178692487416248,0.309,0.257,1
"SIPA1L1-AS1","SIPA1L1-AS1",0.000261764826565433,-1.38915123472131,0.013,0.028,1
"NDST3","NDST3",0.000263971476122709,-1.38941050080768,0.011,0.024,1
"TP53BP1","TP53BP1",0.000265895558169577,-0.357445778135207,0.222,0.259,1
"KLHL5","KLHL5",0.000266304188316363,-0.408924034288902,0.202,0.237,1
"MICAL2","MICAL2",0.000266327233755105,-0.488280625986793,0.071,0.1,1
"CDC26","CDC26",0.000266393260943261,0.529529883836245,0.055,0.035,1
"LLPH","LLPH",0.000267263473383258,0.412395141458104,0.083,0.057,1
"DYNC2I1","DYNC2I1",0.000267822810148551,-0.324061398201157,0.275,0.312,1
"WHAMM","WHAMM",0.000269357530546294,0.216006786311425,0.171,0.133,1
"LRGUK","LRGUK",0.000270319134216833,0.689848553951609,0.032,0.017,1
"TCERG1L","TCERG1L",0.000270974039613862,0.944475450408232,0.028,0.014,1
"VEGFA","VEGFA",0.000271826673253195,-0.784715083014138,0.015,0.031,1
"AASDH","AASDH",0.000272605872915334,0.2665598457575,0.201,0.163,1
"APH1B","APH1B",0.000272964093106721,-0.468913092652876,0.124,0.157,1
"ANKRD36B","ANKRD36B",0.000273023504274628,-0.229534731680937,0.314,0.357,1
"ENSG00000259001","ENSG00000259001",0.000273071190844812,1.57833949880624,0.01,0.003,1
"DYNC1H1","DYNC1H1",0.000273598665198522,-0.15463516787834,0.537,0.574,1
"REP15","REP15",0.000274145987666213,1.30201663388651,0.013,0.005,1
"USP40","USP40",0.000274234204143387,-0.198496557349186,0.568,0.598,1
"CASD1","CASD1",0.0002746350535181,-0.25021321538713,0.407,0.438,1
"ENSG00000256742","ENSG00000256742",0.000274691806230732,0.463936340553191,0.084,0.058,1
"CEP290","CEP290",0.000275746917181367,0.19714960538617,0.439,0.393,1
"ACIN1","ACIN1",0.000277439064276155,0.221244402761681,0.398,0.351,1
"IRAG1-AS1","IRAG1-AS1",0.000278956020832123,0.478108780105746,0.096,0.069,1
"FRMD8","FRMD8",0.000279115951927781,0.430206282594808,0.113,0.084,1
"TPTEP2-CSNK1E","TPTEP2-CSNK1E",0.000279392700823283,0.127604070884102,0.512,0.455,1
"FBXW11","FBXW11",0.000280197304791915,-0.220580822404959,0.385,0.425,1
"C1orf105","C1orf105",0.000280484933819628,1.09631943076872,0.027,0.014,1
"ENSG00000239445","ENSG00000239445",0.000281478342105304,-2.75768937993777,0.002,0.011,1
"TNRC6A","TNRC6A",0.000281583084962094,0.138463173056418,0.827,0.789,1
"RNF10","RNF10",0.000282188310964912,0.193273566543521,0.317,0.269,1
"NTAN1","NTAN1",0.000282903584638735,0.958223452514007,0.036,0.02,1
"JMY","JMY",0.000283559885951601,0.201098864139916,0.302,0.253,1
"DDX11-AS1","DDX11-AS1",0.00028380532631348,0.805903763818918,0.031,0.016,1
"DNAJC3","DNAJC3",0.000283972986048889,0.268879170049637,0.305,0.261,1
"MYORG","MYORG",0.00028428374745656,0.62934119156185,0.049,0.03,1
"TCEANC2","TCEANC2",0.000284390961524612,0.470972019601977,0.13,0.099,1
"SNX19","SNX19",0.000286411560941925,-0.315363822267053,0.354,0.383,1
"NOL9","NOL9",0.00028659707339942,-0.4047245481092,0.11,0.142,1
"ZNF337-AS1","ZNF337-AS1",0.000286682971919451,-0.473150915738342,0.096,0.127,1
"COX17","COX17",0.000286914498976287,0.416194389837247,0.096,0.069,1
"ZNF595","ZNF595",0.00028766834371448,0.296556274719131,0.201,0.163,1
"DCP1A","DCP1A",0.000288070565438302,0.271208073540856,0.294,0.252,1
"SEMA4D","SEMA4D",0.000289147762679527,-0.126939216706584,0.834,0.842,1
"SIPA1","SIPA1",0.000289578513577999,0.620132630292822,0.043,0.025,1
"ENPP5","ENPP5",0.000289964171575856,0.543264639354454,0.07,0.047,1
"ENSG00000259647","ENSG00000259647",0.000290199350872615,1.1107091041349,0.027,0.013,1
"SYNE1","SYNE1",0.000291201146856891,0.163982689230933,0.413,0.361,1
"TTPAL","TTPAL",0.000291462363457701,0.432118850011833,0.053,0.033,1
"MAPKAPK3","MAPKAPK3",0.000291486707680367,0.704426558402061,0.031,0.017,1
"OTUD1","OTUD1",0.000291988382236208,0.976037844231411,0.033,0.018,1
"NFE2L2","NFE2L2",0.000292162524794935,-0.169057220051551,0.713,0.719,1
"NR2C2","NR2C2",0.000292829385321842,0.173982231184435,0.469,0.416,1
"GNAO1","GNAO1",0.000292895563021624,0.142835141964909,0.888,0.874,1
"ETF1","ETF1",0.000293437816543734,0.34242127388418,0.133,0.101,1
"LINC00926","LINC00926",0.000293632825641606,0.88180507822325,0.034,0.018,1
"PTBP3","PTBP3",0.000303960634613038,0.317406322282112,0.166,0.13,1
"SLC6A1-AS1","SLC6A1-AS1",0.000304036184593418,-0.597385186925524,0.113,0.144,1
"C1QB","C1QB",0.000304204947618133,1.39136984355611,0.019,0.008,1
"PIGZ","PIGZ",0.000304523300265995,-1.17040097829285,0.009,0.022,1
"C5orf24","C5orf24",0.000304883156686965,0.214439908652637,0.2,0.159,1
"ENSG00000284747","ENSG00000284747",0.000304933692453384,1.24010909785338,0.015,0.005,1
"NAB1","NAB1",0.000304989675522147,-0.396404832289635,0.141,0.175,1
"ARL3","ARL3",0.000305124781749748,-0.497291046781833,0.129,0.16,1
"MINCR","MINCR",0.000305386657200861,0.646286132241592,0.048,0.029,1
"AGAP2-AS1","AGAP2-AS1",0.000307143594742141,1.78920464976094,0.01,0.003,1
"GPR37L1","GPR37L1",0.000307293137006139,-0.350417137766706,0.13,0.164,1
"A2M-AS1","A2M-AS1",0.000307652072741838,0.912321848137792,0.04,0.023,1
"OXNAD1","OXNAD1",0.000308233839505403,0.248869508029852,0.241,0.199,1
"SPDYA","SPDYA",0.000308770031155687,0.650016365951943,0.036,0.021,1
"SLC16A1","SLC16A1",0.000310015959561283,-0.629936682829527,0.08,0.108,1
"UBE2D4","UBE2D4",0.000310184839955203,-0.539884819143448,0.059,0.085,1
"MRNIP","MRNIP",0.000310638367703328,0.257978169788463,0.18,0.144,1
"ENSG00000261135","ENSG00000261135",0.000311797786134431,-1.231466167564,0.008,0.02,1
"NDUFC2-KCTD14","NDUFC2-KCTD14",0.000312602338301987,1.06011481502407,0.02,0.009,1
"ENSG00000258297","ENSG00000258297",0.000313117514934435,-0.93682704406636,0.02,0.036,1
"ELOB","ELOB",0.00031345114973231,-0.313960571857572,0.242,0.28,1
"AGK-DT","AGK-DT",0.0003141475525314,-0.853376046223436,0.033,0.053,1
"ZDHHC3","ZDHHC3",0.00031426497205705,0.439982742299785,0.096,0.069,1
"PTPN7","PTPN7",0.000314527629609719,-1.51308351761648,0.007,0.019,1
"BNIPL","BNIPL",0.000317272702676437,1.32891940255918,0.018,0.008,1
"TMEM134","TMEM134",0.00031784597963722,-0.592089741944269,0.077,0.104,1
"EFHD2","EFHD2",0.000318620115944119,1.19147179666944,0.018,0.007,1
"SLC39A6","SLC39A6",0.000319572561112236,0.235469318504426,0.195,0.155,1
"SMG5","SMG5",0.000319810579312729,0.230920168518598,0.241,0.196,1
"HSD17B12","HSD17B12",0.000320549606984807,-0.21058464541398,0.432,0.469,1
"ZSWIM9","ZSWIM9",0.000320933744125548,0.543481896892119,0.085,0.06,1
"DAP","DAP",0.000321317174678071,-0.832910585913821,0.04,0.061,1
"MOB3B","MOB3B",0.000321507564106783,-0.145147698744791,0.803,0.818,1
"ETFDH","ETFDH",0.000321700399180796,-0.338430514681868,0.261,0.3,1
"GOLGA8M","GOLGA8M",0.000323369867987561,-0.887504257605344,0.018,0.035,1
"PLEKHF2","PLEKHF2",0.000324387769046595,0.769810525422382,0.05,0.031,1
"IL12RB2","IL12RB2",0.000324619420933617,1.08235481337285,0.019,0.008,1
"HSPE1","HSPE1",0.000324739252895634,1.17892352449594,0.016,0.006,1
"SOCS7","SOCS7",0.000325133169357515,0.322228618354101,0.182,0.145,1
"ENSG00000266846","ENSG00000266846",0.000326322217329153,0.559509047174444,0.053,0.034,1
"CYP4F26P","CYP4F26P",0.00032699829803733,1.25623941790478,0.017,0.007,1
"VGLL4","VGLL4",0.000327202323646954,0.17456103182296,0.389,0.34,1
"ERICH2-DT","ERICH2-DT",0.000327885624515005,1.10562774951999,0.018,0.008,1
"KYAT1","KYAT1",0.000327994738099921,0.385396010740801,0.165,0.131,1
"VPS13C","VPS13C",0.000329031467174068,0.144723119433094,0.779,0.744,1
"ZNF737","ZNF737",0.000329037702991489,0.288267194552603,0.168,0.132,1
"ENSG00000249967","ENSG00000249967",0.000329518440299945,0.484859458842658,0.073,0.05,1
"NDUFB4","NDUFB4",0.000333298580768097,-0.393130621872277,0.146,0.178,1
"ENSG00000271553","ENSG00000271553",0.000333385985651975,0.642793859779314,0.038,0.022,1
"GATC","GATC",0.000334295080874144,0.493745755266926,0.103,0.076,1
"TCAP","TCAP",0.000334471427830545,1.01811043508347,0.025,0.012,1
"LSM8","LSM8",0.000337251165562488,0.397115232200249,0.127,0.097,1
"ZNF714","ZNF714",0.000337614350956804,-0.562429755050125,0.087,0.116,1
"ANKS1A","ANKS1A",0.000339126312919732,0.164415734717155,0.422,0.369,1
"INSIG1-DT","INSIG1-DT",0.000340375093919561,0.635955270669146,0.041,0.024,1
"WARS2","WARS2",0.000340561720879257,-0.633325258107031,0.073,0.1,1
"MR1","MR1",0.000342073288986048,1.6455043116396,0.011,0.003,1
"ENSG00000266111","ENSG00000266111",0.000344230412796517,-0.509407747143883,0.098,0.128,1
"AHDC1","AHDC1",0.000344967780597529,0.46543983016359,0.089,0.063,1
"TTC1","TTC1",0.000345039394324342,0.207814359691485,0.318,0.27,1
"RUSC2","RUSC2",0.000346211669854481,0.219816184117831,0.267,0.222,1
"SPAST","SPAST",0.000346548357520365,-0.305003412037838,0.284,0.322,1
"LINC03013","LINC03013",0.000346858123966753,-0.337764063415612,0.158,0.193,1
"WAPL","WAPL",0.000347892958439128,-0.25166856722425,0.32,0.358,1
"ZMYND10","ZMYND10",0.000347964932618326,1.05191449037133,0.025,0.012,1
"GALM","GALM",0.000349238807796825,0.858582823130321,0.032,0.017,1
"SLC4A7","SLC4A7",0.000350410080244934,-0.445172381246255,0.082,0.111,1
"ZRANB2","ZRANB2",0.000350478471461327,-0.200920086675536,0.529,0.557,1
"RHOG","RHOG",0.000350696550657804,-0.272490219273759,0.29,0.328,1
"ENSG00000225331","ENSG00000225331",0.000352571544987174,-1.35069144748685,0.008,0.019,1
"C1QTNF3-AMACR","C1QTNF3-AMACR",0.000353297956951037,-0.202401924119855,0.676,0.681,1
"ZNF524","ZNF524",0.000353755531880473,0.487029678176682,0.073,0.05,1
"CENPN","CENPN",0.00035399214736167,0.505971588335631,0.049,0.03,1
"AFF1","AFF1",0.000355766503961497,0.211897157822766,0.409,0.36,1
"RAB4A","RAB4A",0.000356036571710042,0.204231372445562,0.277,0.233,1
"IFI16","IFI16",0.000356719669642209,-0.49071076696684,0.119,0.15,1
"CAMTA2","CAMTA2",0.000357325246124394,0.401655878432363,0.119,0.09,1
"CNTNAP4","CNTNAP4",0.000357439434494254,-0.126092037806775,0.871,0.877,1
"ENSG00000236358","ENSG00000236358",0.000358472181421313,0.912516979433804,0.029,0.015,1
"NINL","NINL",0.000359001324896899,0.207608068722143,0.172,0.135,1
"RNF214","RNF214",0.000359246037071609,-0.389095608138143,0.129,0.162,1
"KIDINS220","KIDINS220",0.000361409585056743,-0.134962812704292,0.769,0.792,1
"OSGEP","OSGEP",0.000361896212499062,-0.506649252243032,0.086,0.115,1
"SOD1","SOD1",0.000362373022179379,0.27854933841777,0.343,0.301,1
"PICALM","PICALM",0.000364228752661653,-0.113952368851266,0.928,0.931,1
"CFAP54","CFAP54",0.000365875782919114,0.448199985084151,0.102,0.075,1
"ASB14","ASB14",0.000369149276793571,0.728709452922213,0.035,0.02,1
"STON2","STON2",0.000370636131515819,0.461428499153262,0.098,0.072,1
"ENSG00000283518","ENSG00000283518",0.000375712648515066,0.523486301409345,0.044,0.027,1
"LOC101930100","LOC101930100",0.000376757362891913,-0.394303442034593,0.172,0.207,1
"MAP4K3","MAP4K3",0.000378659921139972,0.138421175166908,0.55,0.503,1
"ZNF488","ZNF488",0.000383134517477739,0.197137916474355,0.215,0.174,1
"KRT10-AS1","KRT10-AS1",0.000386221978497021,0.778007728639125,0.028,0.014,1
"RAB23","RAB23",0.000389843930264249,0.66623155570241,0.041,0.025,1
"ENSG00000249513","ENSG00000249513",0.000390138939999352,-1.74561762282076,0.005,0.015,1
"JPH1","JPH1",0.000390995702439553,-0.830322122976746,0.036,0.056,1
"CHMP2A","CHMP2A",0.000391445397171713,-0.508448723728045,0.097,0.126,1
"LRRC8C-DT","LRRC8C-DT",0.000391631037156335,-0.31450849880924,0.289,0.325,1
"CCNC","CCNC",0.000393517058304829,-0.423807727955996,0.13,0.163,1
"HDHD3","HDHD3",0.000394842953594149,1.10030989784996,0.023,0.011,1
"ANO7","ANO7",0.000395513360053974,-0.735150685370566,0.018,0.033,1
"COXFA4","COXFA4",0.000397434840261479,-0.402988330829483,0.151,0.185,1
"CNOT6L","CNOT6L",0.000398805981349004,0.183901400057119,0.312,0.263,1
"ENSG00000260071","ENSG00000260071",0.00040027908494041,-0.667276629330733,0.058,0.083,1
"PCED1A","PCED1A",0.000401723369788044,0.351685124929173,0.119,0.09,1
"RBM26-AS1","RBM26-AS1",0.000402769098023305,-0.815951501520985,0.035,0.055,1
"RBM25","RBM25",0.000402958307402055,-0.192328716245892,0.544,0.566,1
"ENSG00000268133","ENSG00000268133",0.000403030714502759,1.77936531753497,0.012,0.004,1
"LZTFL1","LZTFL1",0.000403554076556335,0.414780391436264,0.09,0.065,1
"PPT1","PPT1",0.00040379660084,0.35776980816651,0.142,0.109,1
"TPGS2","TPGS2",0.000405412611248931,0.244754704948385,0.197,0.16,1
"LINC00251","LINC00251",0.000406534600184293,-1.88695646852832,0.002,0.01,1
"ITGB3BP","ITGB3BP",0.000408620615789817,0.275948921996025,0.226,0.187,1
"SAR1A","SAR1A",0.000410178221258019,-0.419069409504515,0.129,0.161,1
"PTPRA","PTPRA",0.000411023256221309,-0.186324710414891,0.566,0.6,1
"FAM53A","FAM53A",0.0004114776010233,-0.520344971095711,0.067,0.093,1
"TACR1-AS1","TACR1-AS1",0.000412191049657668,-0.547350666600368,0.04,0.062,1
"ANKRD23","ANKRD23",0.000412391843107535,0.25500717054306,0.317,0.273,1
"ROCK1","ROCK1",0.000413038664491946,0.126513104254836,0.556,0.505,1
"SSH3","SSH3",0.000414453368508339,0.465604673413034,0.101,0.074,1
"ARID1A","ARID1A",0.000414759469453763,0.116540688262132,0.599,0.542,1
"IMPACT","IMPACT",0.000417044952539807,-0.717883815421591,0.044,0.066,1
"HAUS5","HAUS5",0.000418581285475844,0.300723870834967,0.079,0.055,1
"ARHGAP28","ARHGAP28",0.000419082900876862,1.03079798462779,0.022,0.01,1
"MAP6","MAP6",0.000419683915700908,-0.579650850124385,0.068,0.094,1
"CALR","CALR",0.000420696481095311,0.275289746594731,0.24,0.198,1
"ZFHX3","ZFHX3",0.000422348759016107,-0.373266222194354,0.12,0.152,1
"LOC124904039","LOC124904039",0.000424674157160607,-0.57855748485705,0.057,0.081,1
"ACTR1A","ACTR1A",0.000424677744867756,0.236296203975765,0.218,0.178,1
"GHDC","GHDC",0.000424710931949586,0.431407654255769,0.066,0.044,1
"PGRMC2","PGRMC2",0.000425752024536816,0.231419744727995,0.169,0.133,1
"STIM1","STIM1",0.000426147921228655,0.736301233685748,0.043,0.026,1
"ANKRD26","ANKRD26",0.000427481391371854,0.212583217068544,0.342,0.298,1
"CLCN2","CLCN2",0.000428558671880119,0.287973115386325,0.142,0.109,1
"ZNF557","ZNF557",0.0004302420118899,0.506770023514981,0.077,0.054,1
"DLAT","DLAT",0.000430794121438776,0.333770542414239,0.117,0.087,1
"APOD","APOD",0.000434142171066549,-0.151581617254648,0.654,0.691,1
"SGPP1","SGPP1",0.000434220690040651,0.191754572104545,0.338,0.292,1
"P2RY12","P2RY12",0.000438000213745859,1.14561309060304,0.029,0.016,1
"AASDHPPT","AASDHPPT",0.000438987237009094,0.289680405312661,0.248,0.208,1
"FAM53B-AS1","FAM53B-AS1",0.000442766305804758,-0.885242836440677,0.038,0.059,1
"ATOSB","ATOSB",0.000442875349389662,-0.802569709523925,0.062,0.085,1
"ATPAF2","ATPAF2",0.00044524475071789,0.389097699177396,0.119,0.09,1
"ENSG00000215271","ENSG00000215271",0.00044580445189385,0.528379779470594,0.077,0.054,1
"BTG3","BTG3",0.000445990363709865,-0.608855050091476,0.064,0.089,1
"PPHLN1","PPHLN1",0.000448614894189315,0.200498337132948,0.378,0.332,1
"FAM169A","FAM169A",0.000455039087919104,0.175153838405856,0.403,0.351,1
"TPI1","TPI1",0.000455447151919399,-0.465109174746992,0.136,0.168,1
"BICRA-AS2","BICRA-AS2",0.000456098738291456,-1.21855874128821,0.011,0.024,1
"CHD7","CHD7",0.000456418520478571,0.142000647851615,0.71,0.667,1
"ENSG00000258301","ENSG00000258301",0.000456696665978462,0.641437527538645,0.055,0.036,1
"CKS2","CKS2",0.000456752285409904,1.55007866052585,0.013,0.004,1
"C1QTNF7-AS1","C1QTNF7-AS1",0.000457667723629644,-0.627997135981485,0.151,0.182,1
"BMERB1","BMERB1",0.00045801824801353,0.167976937736387,0.376,0.324,1
"MNS1","MNS1",0.000460015088146972,-0.636730951239348,0.023,0.04,1
"H2BC11","H2BC11",0.000460550246625298,0.930523759756056,0.022,0.01,1
"ATP1A1","ATP1A1",0.000460575029904031,0.262153572775288,0.363,0.316,1
"GNGT1","GNGT1",0.000462371984492974,0.873462653100728,0.037,0.021,1
"CCDC121","CCDC121",0.000464064274107996,0.809256398885458,0.03,0.016,1
"ZNF839","ZNF839",0.000465411574330755,-0.535067094085752,0.062,0.088,1
"RAB6C","RAB6C",0.000466204347212046,-1.28473195216465,0.015,0.029,1
"ENSG00000273291","ENSG00000273291",0.000466402257433572,-0.67182595179394,0.036,0.056,1
"ZNF254","ZNF254",0.000466656639134626,0.217341657128013,0.398,0.349,1
"ENSG00000225885","ENSG00000225885",0.000466832677950278,0.32181923747711,0.137,0.105,1
"LOC100129203","LOC100129203",0.000468385282051258,-0.860728281692502,0.035,0.055,1
"ZMYM3","ZMYM3",0.000469265037368858,0.465664751200366,0.091,0.065,1
"SNRNP40","SNRNP40",0.00047034065374099,0.301505831006532,0.275,0.237,1
"BTF3","BTF3",0.000472304800127605,-0.374696784971546,0.159,0.192,1
"HEY2-AS1","HEY2-AS1",0.000472711899534731,-1.12086041477197,0.038,0.058,1
"MANBA","MANBA",0.000474195887795148,0.224502623258488,0.351,0.305,1
"ATP11B","ATP11B",0.000476010746671034,-0.181738084725782,0.467,0.503,1
"LINC01554","LINC01554",0.00047670003009098,-1.65029295022763,0.003,0.012,1
"PRKAA2","PRKAA2",0.000477939422823264,-0.494694251370703,0.067,0.093,1
"E2F5","E2F5",0.000480991149488377,0.83414927146227,0.026,0.013,1
"GAPDH","GAPDH",0.000481536160378163,-0.136231388465018,0.664,0.697,1
"RAPGEF1","RAPGEF1",0.000481614310250089,0.352390569877227,0.236,0.196,1
"DDIT3","DDIT3",0.000484577849915205,0.393221965871887,0.091,0.065,1
"COPS9","COPS9",0.000484757401479012,0.285374045260594,0.223,0.184,1
"DPY19L3","DPY19L3",0.000485668821439063,-0.448302477105166,0.127,0.159,1
"CCDC81","CCDC81",0.000493090894048943,0.828437759878994,0.034,0.019,1
"FBXO5","FBXO5",0.000494252644005609,1.41335877261492,0.018,0.008,1
"SOWAHC","SOWAHC",0.0004968598871357,0.804157740189485,0.039,0.023,1
"SLC9D1","SLC9D1",0.000497603311190841,-0.372538280682105,0.19,0.225,1
"TTLL3","TTLL3",0.000497684559155242,-0.887688895628054,0.033,0.053,1
"CMSS1","CMSS1",0.000498429825051607,-0.241179687546014,0.364,0.396,1
"GPRASP3","GPRASP3",0.000498460122364649,0.33269105239566,0.123,0.093,1
"C1orf122","C1orf122",0.000499301296896407,-0.250646938804696,0.273,0.311,1
"ENSG00000284626","ENSG00000284626",0.000500919518118879,1.2451064992635,0.013,0.005,1
"ENSG00000283930","ENSG00000283930",0.000501131335362991,-0.459943316968581,0.141,0.173,1
"GLMN","GLMN",0.000502245082620574,-0.455008364428044,0.119,0.149,1
"CCNH","CCNH",0.00050424861080892,-0.160123072415492,0.707,0.729,1
"KICS2","KICS2",0.000507122824072156,0.489980597930775,0.092,0.067,1
"LEKR1","LEKR1",0.000509477520382854,-0.710616806380991,0.025,0.042,1
"NSF","NSF",0.000509584639384068,-0.257326933756405,0.297,0.336,1
"NVL","NVL",0.000510370487042932,-0.258093780656602,0.236,0.275,1
"SLC67A2","SLC67A2",0.000510801733194008,1.50162620483557,0.014,0.005,1
"DEXI","DEXI",0.000512098201659896,0.423310884335848,0.079,0.055,1
"CPEB1-AS1","CPEB1-AS1",0.000512479493586977,0.233873100127927,0.277,0.235,1
"FAM117B","FAM117B",0.000514421135256074,0.295582650598404,0.168,0.134,1
"UBE2F-SCLY","UBE2F-SCLY",0.000514972314996026,0.636888252696582,0.043,0.026,1
"RNF41","RNF41",0.000517205266992533,0.303915109073825,0.104,0.076,1
"IL1RAP","IL1RAP",0.000520693069518608,1.53557836710939,0.017,0.007,1
"PRNP","PRNP",0.000520945694988566,0.187072874731085,0.532,0.491,1
"ENSG00000249898","ENSG00000249898",0.000522676858323914,0.268501721218992,0.177,0.141,1
"DNAH1","DNAH1",0.000523400351527109,-0.510578700377756,0.077,0.104,1
"RFX1","RFX1",0.000524365191790288,0.283016449083318,0.094,0.068,1
"ZBTB44","ZBTB44",0.000525496483532226,0.113859153899177,0.474,0.416,1
"STK11","STK11",0.000527910415625923,0.57215900211518,0.074,0.051,1
"COX5B","COX5B",0.000530314094416728,-0.341222143910076,0.275,0.305,1
"PPP1R11","PPP1R11",0.000533470959583639,0.467385056735557,0.07,0.048,1
"ENSG00000269807","ENSG00000269807",0.000533950338639783,0.96511116086373,0.015,0.006,1
"SPIN1","SPIN1",0.000534559925486446,0.126584828324194,0.619,0.572,1
"PRKD3","PRKD3",0.000535048572064806,0.254760765509946,0.109,0.081,1
"NCOA5","NCOA5",0.000535342767608464,0.282369957185739,0.21,0.172,1
"SAXO1","SAXO1",0.000537883417468017,-1.06074560997428,0.016,0.031,1
"SOX30","SOX30",0.000540444609950995,0.888802099776248,0.017,0.007,1
"DYNLRB1","DYNLRB1",0.000542899520895601,0.173222883207043,0.396,0.35,1
"GPS2","GPS2",0.000543241955290961,0.424169786509124,0.096,0.07,1
"CERS2","CERS2",0.000548570394044702,0.240456381644067,0.272,0.228,1
"UBE2D1","UBE2D1",0.000550533436905079,0.341290162889316,0.156,0.122,1
"RSRC2","RSRC2",0.000552607261068694,0.237946134538329,0.317,0.272,1
"SSPOP","SSPOP",0.000555731377629486,-0.849834607529464,0.035,0.055,1
"ALMS1","ALMS1",0.000556360895723799,-0.204843413963194,0.375,0.413,1
"SFXN5","SFXN5",0.000556796370156535,0.238453648859346,0.238,0.199,1
"MUS81","MUS81",0.000560385728108362,0.382775394575074,0.091,0.066,1
"ENSG00000226471","ENSG00000226471",0.000562429481930144,-0.447913127496548,0.126,0.158,1
"ACVR2B","ACVR2B",0.000563390679874295,0.297613738952263,0.161,0.127,1
"RGL2","RGL2",0.000567669484062818,0.413533765423495,0.059,0.039,1
"TXNDC12","TXNDC12",0.000569956896279153,0.323615975504734,0.113,0.085,1
"CPB2-AS1","CPB2-AS1",0.000570013761326483,-0.217708835899269,0.609,0.626,1
"DPH3","DPH3",0.000571961014043212,0.66896919806887,0.044,0.027,1
"DCTD","DCTD",0.000573509511612017,0.835569716708438,0.03,0.016,1
"PMS1","PMS1",0.000574089248011522,0.115988708668957,0.293,0.247,1
"TMEM164","TMEM164",0.000576761386165035,0.566249464007924,0.053,0.034,1
"NAA50","NAA50",0.000580218306497899,0.198931795604852,0.191,0.152,1
"ME2","ME2",0.000580718657327595,0.245100241028234,0.213,0.175,1
"POLR2F-AS1","POLR2F-AS1",0.000581362160048558,-1.98782553219156,0.004,0.014,1
"ATP8A2","ATP8A2",0.000584532102146092,-0.779949971091468,0.041,0.062,1
"TBC1D8","TBC1D8",0.000588422710695124,0.296998602790515,0.141,0.109,1
"RAP2A","RAP2A",0.000590901052027686,0.220946556629514,0.185,0.149,1
"ILRUN","ILRUN",0.000591324265693449,0.214947745733764,0.222,0.183,1
"PIGF","PIGF",0.000591424408881564,-0.360364738106434,0.21,0.243,1
"TSNAX-DISC1","TSNAX-DISC1",0.000591705490204839,-0.73555477482265,0.055,0.078,1
"CSRP1-AS1","CSRP1-AS1",0.000593455977976336,0.254789124579374,0.293,0.252,1
"KAZN","KAZN",0.000593733254564474,-0.316633707725682,0.659,0.673,1
"ENSG00000205464","ENSG00000205464",0.000595043847560481,-0.340999929819481,0.272,0.304,1
"WDFY1","WDFY1",0.000596040676957041,0.185663058210863,0.272,0.229,1
"PRKAR2B","PRKAR2B",0.000596246133194632,-0.904884643082962,0.028,0.046,1
"N4BP2L1","N4BP2L1",0.00059779612716465,-0.332805143482295,0.174,0.208,1
"APTR","APTR",0.000597879668734516,0.325641891607636,0.135,0.105,1
"ARHGAP32","ARHGAP32",0.000598768177502554,0.200798080483905,0.42,0.378,1
"ATP6V1D","ATP6V1D",0.000599756825180079,-0.384525817550604,0.146,0.178,1
"GPAT2","GPAT2",0.000599940821767828,0.622960527271222,0.031,0.017,1
"CYP4F11","CYP4F11",0.000600175760713303,-1.23519606345523,0.008,0.019,1
"ITFG2-AS1","ITFG2-AS1",0.000600224322465153,0.525522637916252,0.062,0.042,1
"DIAPH2","DIAPH2",0.000604707552383718,0.36528258497682,0.162,0.129,1
"FOXN2","FOXN2",0.000608372026545052,0.127002134248056,0.721,0.68,1
"TCF20","TCF20",0.000609282992413767,0.173488392081993,0.472,0.423,1
"ART3","ART3",0.000611530631769336,-1.2061466918783,0.015,0.029,1
"GAK","GAK",0.000611618084727259,0.220133443277092,0.278,0.235,1
"ARAP2-AS1","ARAP2-AS1",0.000612048290592461,-1.23947005251314,0.012,0.025,1
"IRS1","IRS1",0.000612060848572921,0.840015908126725,0.023,0.011,1
"IPP","IPP",0.000615209561202331,-0.641297625260167,0.083,0.109,1
"TRIP6","TRIP6",0.000616140722746393,-0.937544674439258,0.025,0.042,1
"PSMD8","PSMD8",0.000619566785811274,-0.3993542018286,0.151,0.183,1
"ENSG00000253394","ENSG00000253394",0.000619818383356001,0.480307159808567,0.042,0.026,1
"MEIS1-AS2","MEIS1-AS2",0.000621404738324168,0.931904703596946,0.022,0.011,1
"MMP24OS","MMP24OS",0.000622936809914506,0.30004295055342,0.171,0.137,1
"SEPTIN10","SEPTIN10",0.000625169209022131,-0.270940864375594,0.309,0.345,1
"BLCAP","BLCAP",0.000625731221676067,-0.542343023575471,0.093,0.12,1
"ST3GAL2","ST3GAL2",0.000625833495282802,0.414781710869735,0.098,0.072,1
"SMG6","SMG6",0.000626313079340998,-0.189581950119547,0.362,0.403,1
"ETFB","ETFB",0.000626330570723867,-0.35884217363848,0.176,0.21,1
"TMEM120A","TMEM120A",0.00062730851842404,0.375068866226234,0.089,0.064,1
"RNF212","RNF212",0.000629933211162742,0.755873390786712,0.027,0.014,1
"IFNG-AS1","IFNG-AS1",0.000631814000969264,-2.38058203770284,0.006,0.016,1
"ENSG00000258938","ENSG00000258938",0.000638955723480732,0.680640460792993,0.035,0.02,1
"CAPN15","CAPN15",0.00064150854467613,0.660368058806741,0.066,0.045,1
"PRELID2","PRELID2",0.000641526706611894,0.26887942958332,0.203,0.167,1
"TFAP4","TFAP4",0.000641593620787108,0.750705103424405,0.041,0.025,1
"ZNF518B","ZNF518B",0.000642470799107762,0.903415758526887,0.032,0.018,1
"MBD5","MBD5",0.000645329689682657,-0.133018960056367,0.795,0.801,1
"SLC16A2","SLC16A2",0.000646046521630509,0.679065174367879,0.062,0.042,1
"DZANK1","DZANK1",0.000649588077791681,-0.476433904123107,0.076,0.103,1
"ENSG00000233073","ENSG00000233073",0.000650024408020249,0.586386761802718,0.047,0.03,1
"NTNG2","NTNG2",0.000652342151724269,-0.34076004717176,0.122,0.154,1
"ENSG00000276612","ENSG00000276612",0.000656740768435125,0.560067872211105,0.046,0.029,1
"APBB3","APBB3",0.000657430243015775,-0.705306720354163,0.06,0.083,1
"RAE1","RAE1",0.000658185629499171,0.372371128600367,0.097,0.071,1
"ENSG00000279983","ENSG00000279983",0.000659014657103015,-0.967716815905444,0.025,0.042,1
"LOC102723996","LOC102723996",0.000660164469228802,0.741071331805994,0.022,0.011,1
"MYO10","MYO10",0.000660956523251239,-0.407630099371696,0.135,0.167,1
"PRDM15","PRDM15",0.000661782218873815,0.364628759395637,0.094,0.069,1
"TPM1","TPM1",0.00066378603599351,0.719082243947306,0.049,0.031,1
"C21orf91-OT1","C21orf91-OT1",0.000665060595270335,0.48666856709451,0.089,0.064,1
"CAT","CAT",0.000665700397281394,-0.363121491392605,0.161,0.195,1
"CORO1C","CORO1C",0.00066636057399265,0.218296586067677,0.367,0.323,1
"SCG2","SCG2",0.00066853153519073,-1.14799643540843,0.01,0.023,1
"LRP5","LRP5",0.000669522006661563,0.626089085000114,0.076,0.053,1
"TATDN1","TATDN1",0.000672737379300612,0.167249476419368,0.373,0.321,1
"PTAR1","PTAR1",0.000676481149424094,0.180809072981972,0.295,0.25,1
"TBC1D30","TBC1D30",0.000677067311803318,-0.971982821984406,0.013,0.027,1
"VASP","VASP",0.000677253951900684,1.10033145355928,0.025,0.013,1
"IQUB","IQUB",0.000677341075308445,0.650835192395113,0.026,0.014,1
"DHX40","DHX40",0.000681006963324324,0.323687656751776,0.14,0.109,1
"ANGPT2","ANGPT2",0.000684317827972287,0.54205709357988,0.044,0.027,1
"BRINP2","BRINP2",0.000687002366425002,-0.860650441552085,0.023,0.039,1
"TNFAIP1","TNFAIP1",0.000687429072115221,0.366541097276584,0.081,0.058,1
"ENSG00000254427","ENSG00000254427",0.000688053949774702,-1.3534478522111,0.005,0.014,1
"RPUSD1","RPUSD1",0.000688114662208012,1.01832112672738,0.021,0.01,1
"TMEM179","TMEM179",0.000688115346330844,-1.06776480632985,0.009,0.02,1
"TAX1BP3","TAX1BP3",0.000688144691963475,-0.773850446136541,0.045,0.066,1
"ENSG00000254333","ENSG00000254333",0.000689453416998149,-1.48121602148797,0.005,0.014,1
"TMEM147","TMEM147",0.000693987018836734,0.34425596960332,0.11,0.082,1
"SPEN","SPEN",0.000695585036394427,0.176037398275174,0.495,0.448,1
"RBM41","RBM41",0.000695880964833952,0.225065040964459,0.25,0.21,1
"HIPK1-AS1","HIPK1-AS1",0.000697171097761514,-1.01125177033438,0.013,0.027,1
"TDRD3","TDRD3",0.000700181989484581,-0.160404620542404,0.462,0.505,1
"LINC02035","LINC02035",0.000700677146428587,-1.00801063149215,0.011,0.023,1
"MYO1E","MYO1E",0.000700714760139699,-0.134832222339238,0.819,0.828,1
"LEPR","LEPR",0.000701893985702438,0.4067588930286,0.105,0.079,1
"SERGEF","SERGEF",0.000702412904319313,0.283155241337837,0.223,0.188,1
"HBB","HBB",0.000703461683772629,-1.04814452432715,0.01,0.022,1
"MBNL3","MBNL3",0.000705909495624699,-0.593552940702899,0.071,0.097,1
"KMT2E","KMT2E",0.000707791431844154,0.114114970043169,0.757,0.721,1
"MAGT1","MAGT1",0.000709662740353214,-0.432948638918763,0.167,0.198,1
"GSK3B-DT","GSK3B-DT",0.000709903342206092,0.424637274472504,0.099,0.073,1
"FAM76A","FAM76A",0.000712833259250226,-0.447688683860674,0.071,0.097,1
"DARS2","DARS2",0.000714610515668764,0.702176045223487,0.041,0.025,1
"NHS","NHS",0.00072334512305882,0.988779492470564,0.04,0.024,1
"ENSG00000253636","ENSG00000253636",0.000723688628439591,0.63471181338699,0.065,0.044,1
"ATP6V1F","ATP6V1F",0.000724146002849051,-0.431391217599244,0.109,0.138,1
"IER2","IER2",0.000724406531294436,0.505293898326653,0.051,0.033,1
"ORC3","ORC3",0.0007280462844771,-0.406706289966857,0.197,0.231,1
"CST3","CST3",0.000728568058963139,-0.643535501829508,0.089,0.116,1
"CALCOCO1","CALCOCO1",0.000732698371131342,0.216975369151443,0.2,0.162,1
"METRN","METRN",0.000738112345889897,-0.211948899184771,0.306,0.341,1
"GSDME","GSDME",0.0007395582747086,1.50785011530912,0.011,0.004,1
"CCNL2","CCNL2",0.00073992350361154,-0.275307378664262,0.283,0.316,1
"DCTN6-DT","DCTN6-DT",0.00074249920796434,0.627692674063957,0.04,0.025,1
"LLGL1","LLGL1",0.000742942129297013,0.328855742806704,0.129,0.1,1
"MECP2","MECP2",0.000744556080313457,0.163621259485536,0.438,0.388,1
"SLC75A1","SLC75A1",0.000745442923526158,0.395013893723933,0.071,0.049,1
"MAFG","MAFG",0.000747004569790762,0.525600202301197,0.076,0.054,1
"TMEM121","TMEM121",0.000747677077402352,-0.815876417930291,0.041,0.062,1
"SIRT4","SIRT4",0.000748651055436916,1.01525153171267,0.025,0.013,1
"DHFR2","DHFR2",0.000749456442864518,-0.588232668020797,0.062,0.086,1
"SP140","SP140",0.000753515173932289,-1.23837786490178,0.012,0.024,1
"ARHGEF10L","ARHGEF10L",0.000756608148004518,-0.551226634665555,0.047,0.068,1
"DACH1","DACH1",0.000757873440211768,1.26004632527492,0.023,0.012,1
"GARIN2","GARIN2",0.000762512912030527,0.844057904584093,0.036,0.021,1
"ENSG00000265313","ENSG00000265313",0.000762851944488884,0.624447838966694,0.025,0.013,1
"CHEK2","CHEK2",0.000764276990628293,1.06728816107801,0.019,0.009,1
"ZBTB3","ZBTB3",0.00076675692756953,0.460746651483377,0.067,0.046,1
"CUEDC1","CUEDC1",0.000768650021704009,-0.150154459836531,0.584,0.619,1
"LAPTM4B","LAPTM4B",0.000769897256144994,-0.521071045768696,0.069,0.094,1
"NEK11","NEK11",0.000770141579450799,0.292518078991644,0.176,0.141,1
"SMIM13","SMIM13",0.000771319779683173,0.223607871701199,0.186,0.15,1
"PPP1R35","PPP1R35",0.000771835504957033,-0.833629531049561,0.026,0.043,1
"CPA4","CPA4",0.000772431763463955,1.31859234630271,0.012,0.004,1
"POMGNT1","POMGNT1",0.000774505486471524,0.271462023277645,0.218,0.18,1
"ZNF568","ZNF568",0.000776601343460702,0.207093225093843,0.183,0.148,1
"ENSG00000231731","ENSG00000231731",0.000778007692937854,0.669769296030377,0.045,0.029,1
"ENSG00000247765","ENSG00000247765",0.000779175084128994,1.14886023351466,0.012,0.004,1
"ENSG00000284686","ENSG00000284686",0.000783464748251038,0.662656488386186,0.046,0.029,1
"B4GALT7","B4GALT7",0.000783703762713315,-1.10653458406138,0.019,0.034,1
"WNT2B","WNT2B",0.000786697330244104,0.536620221852023,0.073,0.051,1
"GET1","GET1",0.000786759884997559,-0.367657657876212,0.181,0.214,1
"CYP20A1","CYP20A1",0.000799758611400083,0.181402439277054,0.297,0.255,1
"TMEM184C","TMEM184C",0.000805211147321479,0.365666416162,0.142,0.112,1
"CDC42BPA","CDC42BPA",0.000806977896378253,-0.111037297939516,0.926,0.925,1
"FSTL3","FSTL3",0.000807262466458003,0.650562609736704,0.033,0.019,1
"GFOD1","GFOD1",0.000808678603729674,0.217338263353808,0.236,0.196,1
"SLC35B3","SLC35B3",0.000812018066688987,-0.340925061066957,0.193,0.226,1
"ENSG00000267786","ENSG00000267786",0.000812873221619802,1.0287250245712,0.018,0.008,1
"DDI2","DDI2",0.000813833216373203,0.198433786539686,0.317,0.275,1
"PSMD14-DT","PSMD14-DT",0.000815648987985659,-1.02925361653282,0.017,0.031,1
"SP1","SP1",0.000819054227090227,0.275326101512859,0.178,0.144,1
"KC6","KC6",0.000819085631602542,1.88467655666858,0.013,0.005,1
"ENSG00000277228","ENSG00000277228",0.000819173056566544,0.439252790720031,0.058,0.039,1
"DNAAF9","DNAAF9",0.000820825695165153,-0.142103597239774,0.653,0.677,1
"LINC01250","LINC01250",0.000821813975875501,0.761275342619744,0.018,0.008,1
"CEL","CEL",0.000824372677487884,0.664520160592059,0.027,0.015,1
"OTUD6B-AS1","OTUD6B-AS1",0.000825834550773685,0.195431682338538,0.151,0.119,1
"ENSG00000204860","ENSG00000204860",0.000826512276631838,0.508801735459577,0.056,0.037,1
"GOLGA8A.1","GOLGA8A.1",0.000828418656949597,0.35209227596144,0.129,0.1,1
"BCAR3","BCAR3",0.000831825524426806,-0.897706936770705,0.022,0.038,1
"PIGL","PIGL",0.00083255687113656,-0.262755208892689,0.252,0.289,1
"ZNF264","ZNF264",0.000833126546495137,0.196043295289523,0.216,0.177,1
"TOX2","TOX2",0.000837307088490177,1.27957694517576,0.017,0.008,1
"ENSG00000271344","ENSG00000271344",0.000838589006460237,1.17586366023886,0.022,0.011,1
"RGL1","RGL1",0.00084115184602889,-0.211717814983164,0.567,0.595,1
"SVBP","SVBP",0.000841746058249568,-0.905470989817557,0.028,0.046,1
"VWA8","VWA8",0.000842616528357556,-0.200189169455141,0.485,0.525,1
"NEPRO-AS1","NEPRO-AS1",0.000843482212940404,-0.458566331741747,0.093,0.121,1
"UBA1","UBA1",0.000844585975817204,0.144720432113563,0.284,0.239,1
"ENSG00000277476","ENSG00000277476",0.000852182842331073,0.822008939350596,0.03,0.016,1
"GNA14","GNA14",0.000854982270135423,-0.633719531400702,0.055,0.077,1
"SYNE3","SYNE3",0.000857145179372433,-0.333527189619469,0.191,0.224,1
"ENSG00000167747","ENSG00000167747",0.00085784446853736,-0.900030248767587,0.02,0.036,1
"GTF2H1","GTF2H1",0.000858178306409113,-0.44071047608858,0.137,0.168,1
"POU2AF1","POU2AF1",0.000858652933160753,-0.559834426511461,0.088,0.114,1
"KLHDC9","KLHDC9",0.000862902183998727,-1.50594359601006,0.003,0.011,1
"CCDC82","CCDC82",0.000865457597989974,-0.190844415866595,0.387,0.421,1
"CLVS2","CLVS2",0.000867108006308868,1.44843966420947,0.015,0.006,1
"ULK3","ULK3",0.000867253589475034,0.317845592896411,0.054,0.036,1
"TTLL5","TTLL5",0.000871594099967569,0.130132165872796,0.592,0.538,1
"ENSG00000226200","ENSG00000226200",0.000872688531708023,-0.920941748439183,0.019,0.034,1
"PCNX4-DT","PCNX4-DT",0.000874755023231773,-0.79831908977851,0.035,0.053,1
"ATP6V1G2","ATP6V1G2",0.000875496423173596,1.21876912502407,0.014,0.005,1
"RNF6","RNF6",0.000875942638802927,0.411254572537796,0.097,0.072,1
"NAV1","NAV1",0.000880630522980868,-0.104724925015555,0.707,0.727,1
"RFX2","RFX2",0.000884356215019867,-0.48500149593688,0.057,0.08,1
"H3C6","H3C6",0.000885003514728082,1.16686012249094,0.015,0.006,1
"ENSG00000275119","ENSG00000275119",0.000888767065418827,0.298708220597565,0.119,0.092,1
"ACSL3","ACSL3",0.000889449691136769,-0.182671797248073,0.499,0.529,1
"ACKR2","ACKR2",0.000891147292922329,-1.37977457653486,0.007,0.018,1
"WDR41","WDR41",0.000891777101146133,0.154526786938347,0.375,0.325,1
"ZNF229","ZNF229",0.000892602231943551,0.692153650375261,0.034,0.02,1
"ZNF510","ZNF510",0.000894611493640367,0.382072357366287,0.113,0.086,1
"TMEM120B","TMEM120B",0.000895531490861315,0.371447529790757,0.099,0.074,1
"ENSG00000272162","ENSG00000272162",0.00089578695470112,0.483711344415197,0.087,0.064,1
"CISD2","CISD2",0.000896413010323699,0.386408957060329,0.145,0.114,1
"HLA-C","HLA-C",0.00089646537594301,0.481999559035073,0.083,0.059,1
"KLKB1","KLKB1",0.000904515546555409,0.567513177827936,0.05,0.033,1
"DPP7","DPP7",0.000906172575481325,0.321198820341067,0.182,0.149,1
"NABP2","NABP2",0.000908482952414887,0.358903174469271,0.065,0.044,1
"FAM20B","FAM20B",0.000909092302040586,0.316971238521632,0.197,0.161,1
"ITGA1","ITGA1",0.000912796320986193,1.11915324483628,0.025,0.013,1
"NOP56","NOP56",0.000914119403298387,0.298625092764087,0.163,0.13,1
"PCNX2","PCNX2",0.00092148946567878,-0.294276387146387,0.229,0.265,1
"LCNL1","LCNL1",0.000921844552517173,-0.513625619612675,0.075,0.101,1
"DYNC1I2","DYNC1I2",0.0009223433568927,-0.1784120754315,0.625,0.647,1
"LTC4S","LTC4S",0.000924505387224458,-1.81017109496752,0.006,0.016,1
"GGA3","GGA3",0.000924601846996619,0.384393540454732,0.14,0.11,1
"STARD6","STARD6",0.000927640614499319,-2.10435878896721,0.003,0.01,1
"CNOT9","CNOT9",0.000933932455748863,-0.297260070097469,0.163,0.195,1
"LLGL2","LLGL2",0.000937133035887464,0.192480350127726,0.311,0.265,1
"AHI1-DT","AHI1-DT",0.000938069937743328,-0.536658519332676,0.096,0.123,1
"ZNF578","ZNF578",0.000939222332444554,-1.1042913524608,0.017,0.031,1
"SNX30","SNX30",0.000941238885200058,0.143967172595362,0.604,0.558,1
"RBM33","RBM33",0.000944310602680277,0.165015872826237,0.587,0.544,1
"MTR","MTR",0.000945950329984855,-0.240830919257526,0.277,0.315,1
"MCRIP2","MCRIP2",0.000946597429451186,0.893813148750755,0.031,0.018,1
"GALNT1","GALNT1",0.000946659802450169,0.215856826207347,0.367,0.325,1
"ENSG00000264513","ENSG00000264513",0.000947100979393211,-1.41883660667097,0.013,0.025,1
"ADAM10","ADAM10",0.000947890348014836,0.116170917361578,0.804,0.756,1
"SRP14-DT","SRP14-DT",0.000948652974758622,0.355676163460871,0.11,0.083,1
"SDC4","SDC4",0.000950276886555845,-1.14775859151888,0.012,0.024,1
"PTPN13","PTPN13",0.000950937404583348,-0.267772035689609,0.526,0.547,1
"CLNS1A","CLNS1A",0.00095133980522152,-0.308332033814731,0.297,0.328,1
"SRFBP1","SRFBP1",0.000952258839707501,0.275785047280062,0.209,0.173,1
"ENSG00000267552","ENSG00000267552",0.00095426464695567,0.894390302730649,0.022,0.011,1
"ISCA1","ISCA1",0.000955016215391679,0.228015162441258,0.133,0.103,1
"ENSG00000282022","ENSG00000282022",0.00095534205050086,0.600157575955329,0.026,0.014,1
"ABCC10","ABCC10",0.00095718628937037,0.371203083071924,0.102,0.077,1
"ANO2","ANO2",0.00095944016376336,-1.0903575510601,0.029,0.046,1
"ENSG00000227486","ENSG00000227486",0.000959678459459814,-0.502491495657784,0.101,0.129,1
"CTSO","CTSO",0.000960679242408711,-0.96989815719056,0.031,0.049,1
"CEBPG","CEBPG",0.000962471510213652,0.495839148274571,0.027,0.014,1
"EXTL3","EXTL3",0.000962792547580531,0.254036510627191,0.245,0.206,1
"PRCD","PRCD",0.000964814708130807,-0.350491424810929,0.135,0.165,1
"MAPKAPK5-AS1","MAPKAPK5-AS1",0.000964942868725228,0.371621999748385,0.071,0.049,1
"FAAH","FAAH",0.000969203381070035,-0.29551276763862,0.242,0.275,1
"ZNF606","ZNF606",0.000971512778944438,-0.53415209891959,0.084,0.11,1
"DHX34","DHX34",0.000976644588051641,0.326014509499432,0.118,0.09,1
"GTPBP8","GTPBP8",0.000980483018248824,0.450120617629463,0.102,0.077,1
"FRS3","FRS3",0.000984610307838179,-0.875818973082602,0.018,0.032,1
"NMRAL1","NMRAL1",0.000986788365682021,-0.31236075082286,0.152,0.185,1
"FAM135A","FAM135A",0.000987426126097146,-0.197468334223301,0.429,0.465,1
"PIGC","PIGC",0.000992385188338485,0.251893270653309,0.195,0.159,1
"MINAR1","MINAR1",0.000994542394530285,0.755255283958286,0.031,0.018,1
"UBE2H","UBE2H",0.000994741061795305,-0.150085103436014,0.478,0.516,1
"TAFA5","TAFA5",0.000996637156982184,-0.198878601395158,0.341,0.383,1
"C16orf95-DT","C16orf95-DT",0.00100211824406498,-2.05013968211068,0.002,0.01,1
"KHDC1-AS1","KHDC1-AS1",0.00100603537904892,-0.515180016320276,0.077,0.103,1
"KIFC2","KIFC2",0.00101101336886747,0.592212537961424,0.034,0.02,1
"WASHC2C.1","WASHC2C.1",0.00101711663526981,0.216416434269662,0.127,0.097,1
"AP3D1","AP3D1",0.0010191284552602,0.183789165796199,0.265,0.222,1
"ABCA6","ABCA6",0.00101987512062165,0.13636748917137,0.312,0.271,1
"PHC2","PHC2",0.00102048284692214,0.178831165851816,0.548,0.502,1
"LOC102546299","LOC102546299",0.00102129154338888,-2.36403985281812,0.01,0.022,1
"ENSG00000270638","ENSG00000270638",0.00103187464965558,-1.695839277865,0.004,0.013,1
"MTFMT","MTFMT",0.00103848350905912,-0.521660294726193,0.065,0.088,1
"FRS2","FRS2",0.00104059671432786,-0.235294010419176,0.347,0.381,1
"KRI1","KRI1",0.00104293416025236,0.40948982341646,0.107,0.081,1
"DPY19L3-DT","DPY19L3-DT",0.00104577323440721,0.824691073516151,0.022,0.011,1
"UBXN7","UBXN7",0.00104615228419565,0.246493182910115,0.318,0.276,1
"C9orf40","C9orf40",0.00104697911906323,0.745115232192519,0.036,0.021,1
"SDR39U1","SDR39U1",0.0010604881077324,0.390926666541599,0.112,0.085,1
"LARGE1","LARGE1",0.0010619071098714,0.13891366771712,0.435,0.38,1
"RNF216","RNF216",0.00106519293579077,0.19563338948376,0.5,0.453,1
"PUSL1","PUSL1",0.00106850696987687,1.10794348257371,0.02,0.01,1
"PTGR3","PTGR3",0.00107124881284525,0.313178525785031,0.154,0.122,1
"RIMBP2","RIMBP2",0.00108091165403475,1.06941243993436,0.02,0.01,1
"HPS1","HPS1",0.00108123056714097,0.276268143432214,0.127,0.098,1
"WDFY2","WDFY2",0.00108145114453396,-0.136947377046086,0.728,0.742,1
"RIMKLA","RIMKLA",0.00108260805162973,0.917655778084863,0.027,0.015,1
"TMEM216","TMEM216",0.00108732055731458,0.912926390940461,0.02,0.01,1
"KBTBD11","KBTBD11",0.0010896888575207,0.282203588019763,0.181,0.145,1
"ASPDH","ASPDH",0.00109115101526631,0.62716396939797,0.04,0.024,1
"C3orf62","C3orf62",0.00109242159019673,0.411488491008529,0.073,0.052,1
"CAPN2","CAPN2",0.00109294725517381,0.262618205647358,0.198,0.163,1
"ZNF232","ZNF232",0.00109985958807068,-0.692129987283804,0.036,0.055,1
"MIGA1","MIGA1",0.0011023542902993,-0.195630403706311,0.527,0.558,1
"MORC4","MORC4",0.00111656030904185,0.270040391132853,0.102,0.076,1
"ZNF420","ZNF420",0.00111744944087896,0.29726973276802,0.153,0.122,1
"EEF1A1","EEF1A1",0.00112472994821841,-0.155359443929633,0.393,0.434,1
"ENSG00000283977","ENSG00000283977",0.00112516324090901,0.167056310790191,0.258,0.217,1
"CALCOCO2","CALCOCO2",0.00112957534557519,0.257240955027622,0.255,0.217,1
"DRC4","DRC4",0.00113021260699937,-0.522149955129592,0.043,0.064,1
"UNC13A","UNC13A",0.00113571104636169,-2.02427408302642,0.003,0.011,1
"UBE2Q1","UBE2Q1",0.00113589777621476,0.270667770368302,0.094,0.069,1
"CD74","CD74",0.00114142147791849,0.61723982460855,0.044,0.028,1
"NUAK2","NUAK2",0.00114523823266537,0.911005194032832,0.027,0.015,1
"RGPD8","RGPD8",0.00114526832768951,-0.541321621239466,0.039,0.058,1
"SUCLG2-DT","SUCLG2-DT",0.00114655790455439,-0.403672641390426,0.089,0.116,1
"FAIM2","FAIM2",0.00114763569683137,0.178508219282822,0.464,0.426,1
"ZNF213-AS1","ZNF213-AS1",0.0011490500465387,-0.562085381380883,0.051,0.073,1
"SRRM1","SRRM1",0.00115040544590141,-0.15310000898887,0.516,0.55,1
"TSSK3","TSSK3",0.00115235571564898,-0.653014711247091,0.03,0.047,1
"GFPT1","GFPT1",0.00115349907951662,0.195368810266608,0.222,0.185,1
"WDR46","WDR46",0.00115441624697256,-1.00515689089027,0.017,0.031,1
"AKAP3","AKAP3",0.00115688922245235,0.605755089917477,0.046,0.03,1
"UBA2","UBA2",0.0011602034971059,0.177205811138981,0.324,0.279,1
"KCTD16","KCTD16",0.00116046952329249,0.290053904935101,0.118,0.09,1
"ALDH5A1","ALDH5A1",0.00116056908994424,-1.13974785698177,0.006,0.015,1
"IARS1","IARS1",0.00116325735361669,0.208239010422173,0.297,0.256,1
"ZNF155","ZNF155",0.00117036949713146,0.33263428411887,0.177,0.145,1
"HSD11B1-AS1","HSD11B1-AS1",0.00117445284625378,-0.589671516046266,0.047,0.068,1
"MLLT1","MLLT1",0.00117933046606833,0.321390041859007,0.169,0.138,1
"VWF","VWF",0.00118323810062124,-0.909060918276903,0.022,0.038,1
"ENSG00000251034","ENSG00000251034",0.00118704213275186,-1.08022374728638,0.006,0.015,1
"TASOR","TASOR",0.00118994684459219,0.157629452823172,0.448,0.402,1
"EXTL3-AS1","EXTL3-AS1",0.00119039020929851,-1.00934490557929,0.006,0.015,1
"LRRFIP2","LRRFIP2",0.00119062981033323,-0.135086282585375,0.704,0.713,1
"CA14","CA14",0.00119145358363657,-0.383604739588212,0.067,0.091,1
"WBP11","WBP11",0.00119336012842372,-0.34306705121502,0.109,0.138,1
"MYOM2","MYOM2",0.00119594030502177,-0.901400272329222,0.015,0.028,1
"DDX39A","DDX39A",0.00119625376002378,0.279054446222396,0.092,0.068,1
"INTS2","INTS2",0.00119695900578365,-0.363177950328881,0.178,0.21,1
"PPP1R13L","PPP1R13L",0.00119866781620137,0.718943742785053,0.027,0.015,1
"LOC105370947","LOC105370947",0.00119945388538942,-0.563159936176703,0.054,0.076,1
"CFAP36","CFAP36",0.00120391977014025,-0.504256709859884,0.062,0.086,1
"THAP10","THAP10",0.00120579326478692,-0.868373636367429,0.011,0.023,1
"NAPG","NAPG",0.00120733193816776,0.151966816517884,0.302,0.259,1
"TFEB","TFEB",0.00121542539332362,0.131993776608698,0.663,0.612,1
"ENSG00000232598","ENSG00000232598",0.00122043013473955,1.03261972349067,0.018,0.009,1
"PDZD7","PDZD7",0.00122114828726939,0.507981434727561,0.049,0.032,1
"TTC19","TTC19",0.00122134159367537,0.19541617764651,0.385,0.341,1
"NUDT2","NUDT2",0.00122286126749639,-0.481476482920243,0.087,0.112,1
"SAMD8","SAMD8",0.00122666568456436,-0.325348646500745,0.236,0.268,1
"FAM13B","FAM13B",0.0012294713169793,0.179112270434214,0.715,0.692,1
"ENSG00000223935","ENSG00000223935",0.00123141522256462,-1.67657021078684,0.006,0.016,1
"VARS2","VARS2",0.00124120723748991,0.406164000800838,0.071,0.05,1
"UGGT1","UGGT1",0.0012426322668764,0.212752854187121,0.285,0.244,1
"AKIRIN2","AKIRIN2",0.00124275959479779,0.416009903114835,0.081,0.059,1
"CNOT8","CNOT8",0.00124279351465716,0.327930858773315,0.133,0.105,1
"FSD1L","FSD1L",0.00124326766537279,-0.32996141570105,0.213,0.245,1
"ATP5MG","ATP5MG",0.00124569072044048,0.23021537134718,0.242,0.206,1
"ENSG00000251556","ENSG00000251556",0.00124937160125186,0.530147267377698,0.037,0.022,1
"LTBP3","LTBP3",0.00125305030289236,-0.303102038785869,0.196,0.228,1
"SLC27A4","SLC27A4",0.00125868507392616,0.22441963033261,0.22,0.183,1
"FARSB","FARSB",0.00126123305573882,-0.345649145928242,0.178,0.21,1
"SP4","SP4",0.00126271698381327,0.164424003462677,0.301,0.262,1
"HPR","HPR",0.00126513252969304,1.16870418548929,0.018,0.008,1
"RXYLT1","RXYLT1",0.00126558095676704,-0.526561097133388,0.073,0.097,1
"LNPEP","LNPEP",0.00126650943911884,0.125621716264519,0.427,0.379,1
"ALDH3B1","ALDH3B1",0.00126651056130948,-0.878797422011164,0.028,0.044,1
"DCTN1-AS1","DCTN1-AS1",0.00126732707712362,-0.648237129019219,0.024,0.04,1
"FARS2","FARS2",0.00126770376136638,-0.188041429671025,0.428,0.458,1
"MSANTD1","MSANTD1",0.00126855119003341,0.875246637521061,0.026,0.014,1
"RBMS2","RBMS2",0.00127085639814109,-0.543687393343255,0.053,0.075,1
"SEMA6A-AS2","SEMA6A-AS2",0.00127540811381153,-1.4998508150843,0.008,0.018,1
"H2AZ1","H2AZ1",0.00127640505571713,0.408333222489229,0.092,0.068,1
"PIK3CA","PIK3CA",0.00127916988151975,0.204151134191872,0.337,0.292,1
"GJC3","GJC3",0.00127999596735639,-1.03481147873259,0.009,0.021,1
"THUMPD2","THUMPD2",0.00128560509586467,0.352468141734566,0.155,0.124,1
"RCN2","RCN2",0.00128822334546683,-0.274630037591199,0.209,0.243,1
"OTOP1","OTOP1",0.00129378435884235,1.17583736125701,0.018,0.008,1
"ENSG00000269102","ENSG00000269102",0.00129434404158472,1.55158553050317,0.011,0.004,1
"EIF1AD","EIF1AD",0.00129494752263017,0.665703720579112,0.031,0.018,1
"HACL1","HACL1",0.00129830712506244,0.162430691876418,0.25,0.209,1
"SERP1","SERP1",0.00130166859925206,0.156785742276024,0.307,0.264,1
"ANKMY2","ANKMY2",0.00130169113033987,0.28464736526204,0.103,0.078,1
"MFSD8","MFSD8",0.00130199710769113,-0.435763933956046,0.102,0.129,1
"SLC5A6","SLC5A6",0.00130436494107649,0.491333620985593,0.044,0.028,1
"NEK1","NEK1",0.0013118846851884,0.118076116896237,0.617,0.566,1
"NFRKB","NFRKB",0.00131406286082435,0.494304616838853,0.07,0.05,1
"KALRN","KALRN",0.00131630231465486,0.361631905031596,0.218,0.185,1
"JHY","JHY",0.00131914156320809,1.44146795966423,0.016,0.007,1
"CAMK4","CAMK4",0.00131998015984262,1.15845768264317,0.018,0.008,1
"ENSG00000238035","ENSG00000238035",0.00132377621545636,-0.735673522868379,0.027,0.043,1
"SDF2L1","SDF2L1",0.00132488804680752,0.641319306208563,0.055,0.037,1
"SPECC1L","SPECC1L",0.00132610458718878,1.09052031014727,0.017,0.008,1
"EPS15-AS1","EPS15-AS1",0.00132793834400986,-0.677835243286781,0.041,0.06,1
"ESR2","ESR2",0.00133106868599909,0.673471646692095,0.047,0.031,1
"LONRF3","LONRF3",0.00133418958291191,1.40893368980618,0.011,0.004,1
"ENSG00000231595","ENSG00000231595",0.0013379541431775,1.43841976505318,0.011,0.004,1
"ZNF202","ZNF202",0.00133797405513062,0.411723611554542,0.069,0.049,1
"NDUFA5","NDUFA5",0.00133944458499477,-0.479427722250489,0.102,0.129,1
"TGFBR2","TGFBR2",0.00134009087905126,-1.50557920235198,0.009,0.019,1
"CNIH3","CNIH3",0.00134095035537166,-0.455382641096248,0.113,0.141,1
"SHOC1","SHOC1",0.00135678414548407,0.488075698896567,0.049,0.032,1
"ZNF791","ZNF791",0.00135930826865749,0.218401674208585,0.214,0.177,1
"CLTB","CLTB",0.00136110373643979,-0.404838482124875,0.101,0.127,1
"LETM2","LETM2",0.00136185308360826,-1.26594401808503,0.011,0.022,1
"NSRP1","NSRP1",0.00136338901478401,-0.279169791070051,0.344,0.38,1
"CDCA7L","CDCA7L",0.00136508543889644,0.532870296632739,0.057,0.038,1
"ORMDL1","ORMDL1",0.00136751521891539,-0.396465192157801,0.133,0.162,1
"ASXL3","ASXL3",0.00136943209861949,-0.274924476008416,0.199,0.235,1
"APTX","APTX",0.0013723687055475,0.19940416628667,0.274,0.235,1
"ID3","ID3",0.00137307239235748,-1.72624571506778,0.004,0.013,1
"GNPDA2","GNPDA2",0.00137556913098576,0.35804583771815,0.11,0.084,1
"ZDHHC11","ZDHHC11",0.0013793557303439,0.191148734844908,0.174,0.139,1
"GNB1L","GNB1L",0.00138116582338307,0.638058058894693,0.047,0.03,1
"LMBR1L","LMBR1L",0.00138175652673519,0.356508669543415,0.1,0.075,1
"NBPF12","NBPF12",0.00138960468359746,0.237832146712427,0.303,0.267,1
"YEATS4","YEATS4",0.00139181504256306,0.308050481961882,0.082,0.059,1
"FAM228B","FAM228B",0.00139322819921095,-0.316696428712954,0.237,0.273,1
"BTN3A3","BTN3A3",0.00139554615546673,1.3560980830141,0.012,0.005,1
"DCAF4L1","DCAF4L1",0.00139696848912974,1.15681963272103,0.012,0.004,1
"RNASEH1","RNASEH1",0.00139994333451774,0.86500065812541,0.022,0.011,1
"PAQR3","PAQR3",0.00140190525377859,0.400607062435821,0.133,0.105,1
"GPN2","GPN2",0.00140616645993495,0.513829293339901,0.08,0.059,1
"DCUN1D1","DCUN1D1",0.00140957673406908,0.162055957117774,0.461,0.41,1
"MAP7-AS1","MAP7-AS1",0.00141539142470224,1.23462193305128,0.012,0.004,1
"PNMA8A","PNMA8A",0.00142374145424786,0.753836446387687,0.051,0.034,1
"KIF3A","KIF3A",0.00142631676641821,0.228640473149804,0.405,0.365,1
"RAB10","RAB10",0.00142988543364981,0.12910671143872,0.6,0.55,1
"P4HA2","P4HA2",0.0014306108799086,0.963435227685813,0.022,0.011,1
"PSMB8","PSMB8",0.00143218144447918,1.05868840011069,0.015,0.007,1
"MINK1","MINK1",0.00143558771904955,0.141334282297429,0.405,0.357,1
"MAP4K3-DT","MAP4K3-DT",0.00143933947891207,0.401454850719938,0.11,0.085,1
"USP27X","USP27X",0.00144398392115804,1.2618175999662,0.014,0.006,1
"DGAT1","DGAT1",0.00144656207505748,0.612027371620385,0.049,0.033,1
"RAB11FIP2","RAB11FIP2",0.00145506410196445,0.15016662928066,0.373,0.329,1
"TMC5","TMC5",0.00145574038128413,1.09648553451921,0.015,0.006,1
"SYNJ2BP-COX16","SYNJ2BP-COX16",0.00145595789041212,1.30721165717127,0.013,0.005,1
"RAB3IP","RAB3IP",0.00145709711113884,0.23236814286885,0.275,0.237,1
"CAV3","CAV3",0.00145796218841506,0.790979203393081,0.022,0.011,1
"GNPNAT1","GNPNAT1",0.00146306304121524,0.370666742870548,0.053,0.035,1
"LARP4B","LARP4B",0.00146937519223714,-0.261978700496677,0.342,0.372,1
"DUSP12","DUSP12",0.00147171640597731,0.434702202563091,0.075,0.054,1
"ZNF350-AS1","ZNF350-AS1",0.0014728743946157,0.64297247898241,0.039,0.024,1
"FMN1","FMN1",0.00147716220831006,-0.561314619007963,0.06,0.082,1
"ZNF697","ZNF697",0.00147745339191216,1.086318944637,0.013,0.005,1
"MRPL13","MRPL13",0.00148925296008816,-0.70990580953139,0.041,0.06,1
"ENSG00000273269","ENSG00000273269",0.00148996827040768,1.01731058844195,0.013,0.005,1
"DDB2","DDB2",0.00149096759230907,0.315768383331943,0.132,0.104,1
"GMNN","GMNN",0.00149287550041438,0.627991011184864,0.031,0.018,1
"PRKCH","PRKCH",0.00149329143791084,-1.01164457688311,0.012,0.024,1
"TERF2IP","TERF2IP",0.00149391946848246,-0.195708353782818,0.492,0.517,1
"DZIP3","DZIP3",0.00149454920659181,-0.268545349803701,0.296,0.328,1
"CNTN3","CNTN3",0.001495544094731,-0.884092396968093,0.021,0.035,1
"MEI1","MEI1",0.00149676973359171,-1.40078446987858,0.006,0.015,1
"IFT70A","IFT70A",0.00150287168919479,-1.10045827261544,0.007,0.017,1
"GATM","GATM",0.00150667593598921,-0.193665111672647,0.537,0.554,1
"GCA","GCA",0.00150910032190733,0.179698499136671,0.389,0.343,1
"ENSG00000233410","ENSG00000233410",0.00151080806216889,-0.710016419233149,0.032,0.05,1
"RABIF","RABIF",0.00151128874339593,0.571604069809693,0.044,0.028,1
"GRK2","GRK2",0.00151223470189212,0.331121570507622,0.102,0.077,1
"TMEM209","TMEM209",0.00151396715562226,-0.4173406303054,0.105,0.132,1
"ENSG00000243944","ENSG00000243944",0.00152063829203731,-0.838736698451028,0.02,0.034,1
"OSBPL7","OSBPL7",0.00152145328094351,0.456530756174794,0.076,0.055,1
"ENSG00000246225","ENSG00000246225",0.00152362911099938,-0.615426566931712,0.062,0.085,1
"ENSG00000268750","ENSG00000268750",0.00152602599802799,0.935734982583217,0.021,0.01,1
"ZNF549","ZNF549",0.00152734058965156,0.306116451435355,0.124,0.096,1
"SNAP25-AS1","SNAP25-AS1",0.00153106339160725,0.643581952342867,0.03,0.017,1
"LINC00536","LINC00536",0.00153918998646613,0.54738416942709,0.044,0.029,1
"DHRS4L2","DHRS4L2",0.00154041602494145,0.408189024296533,0.076,0.054,1
"PLPP1","PLPP1",0.00154273439481902,0.119401626042248,0.618,0.566,1
"ENSG00000235513","ENSG00000235513",0.00154598201862015,-0.400326773784238,0.12,0.148,1
"FBXO31","FBXO31",0.0015474715836078,0.348267314792753,0.096,0.072,1
"SCML1","SCML1",0.00155312246654804,-0.523427143832963,0.066,0.089,1
"RBAK-RBAKDN","RBAK-RBAKDN",0.00155720318406556,0.192484978233958,0.301,0.259,1
"C17orf100","C17orf100",0.00156515899231289,-0.769750270911346,0.027,0.042,1
"ENSG00000285441","ENSG00000285441",0.00156806948600676,0.257375164853444,0.085,0.062,1
"TMEM231","TMEM231",0.00156899518572566,-1.63230288050402,0.008,0.018,1
"CECR2","CECR2",0.00156940163343668,-0.175318951136741,0.564,0.585,1
"SUSD6","SUSD6",0.00157648510170536,-0.336126845385621,0.145,0.176,1
"ADNP","ADNP",0.00157892217497768,0.147946125272844,0.531,0.484,1
"FBRSL1","FBRSL1",0.00158340215822327,0.238509839447906,0.208,0.172,1
"CCND3","CCND3",0.00158576192459436,0.311136688386325,0.077,0.055,1
"TOP1","TOP1",0.00159206168701232,0.12322892568527,0.462,0.409,1
"CTNNBL1","CTNNBL1",0.00159465458585709,0.170592040766264,0.281,0.243,1
"CARD19","CARD19",0.00159871372965214,0.402978862279936,0.096,0.072,1
"GNB1","GNB1",0.00160215381590052,0.14322866442118,0.658,0.62,1
"PTDSS2","PTDSS2",0.0016054361760111,0.20676436420117,0.227,0.19,1
"CHD6","CHD6",0.00160766106003416,-0.208332884372969,0.545,0.571,1
"ENSG00000269038","ENSG00000269038",0.00160942751976941,-1.15858812613257,0.015,0.027,1
"NCAPD2","NCAPD2",0.0016096325061536,0.172837756928315,0.188,0.154,1
"ZGRF1","ZGRF1",0.00161123653064459,-0.478686057238259,0.119,0.146,1
"PSMD1","PSMD1",0.0016198744494669,0.163284693972838,0.453,0.406,1
"ZCCHC10","ZCCHC10",0.00162316675606455,-0.478433865276815,0.068,0.092,1
"SNX18","SNX18",0.0016268254701489,0.241681231715283,0.176,0.143,1
"JAKMIP2-AS1","JAKMIP2-AS1",0.00162853546045024,0.466150671183225,0.068,0.048,1
"NLGN4X","NLGN4X",0.00163141263538672,0.204934253060065,0.276,0.24,1
"CCDC112","CCDC112",0.0016322956984258,-0.340204392465023,0.192,0.223,1
"YIF1A","YIF1A",0.00163414172731731,-0.639426355680799,0.059,0.081,1
"ZNF318","ZNF318",0.00164743477325596,0.222809813518835,0.199,0.164,1
"NUTM2B-AS1","NUTM2B-AS1",0.0016479764495892,-0.249183944400923,0.418,0.445,1
"DNAAF10","DNAAF10",0.00164947130267813,-0.664063985181961,0.039,0.057,1
"DNER","DNER",0.00164998134398947,-0.168317735981123,0.625,0.647,1
"CBX3","CBX3",0.00165393345645295,0.209512862939134,0.185,0.152,1
"TMEM53","TMEM53",0.00165569236922295,0.356084439976694,0.097,0.073,1
"CFLAR","CFLAR",0.00165883445393846,0.196770691940385,0.371,0.327,1
"MCRS1","MCRS1",0.00166178659833864,0.443813555006186,0.095,0.072,1
"MEPCE","MEPCE",0.00167251786750944,0.534908909153703,0.048,0.031,1
"C3orf20","C3orf20",0.00167635045627822,0.346323021260639,0.063,0.044,1
"ATRX","ATRX",0.00167732790297727,0.137062879367962,0.738,0.711,1
"UHRF1","UHRF1",0.00168664177236752,0.429254066245886,0.066,0.046,1
"ANKUB1","ANKUB1",0.00168723335725167,0.160738583018682,0.24,0.202,1
"PRIM1","PRIM1",0.00169451210702416,0.386054375808483,0.082,0.06,1
"PGAP2","PGAP2",0.00169609037276384,-0.349968463670469,0.116,0.143,1
"POGLUT2","POGLUT2",0.00169779170716019,0.645623574546401,0.04,0.025,1
"NAT14","NAT14",0.0017048257171485,0.844052882386421,0.027,0.015,1
"AFMID","AFMID",0.00171716085244431,-0.25076183591715,0.43,0.453,1
"XKR6","XKR6",0.00173003079922009,-0.416997048211613,0.132,0.161,1
"ZKSCAN8","ZKSCAN8",0.00173180046926986,-0.333130989940173,0.106,0.133,1
"LRP11","LRP11",0.00173639251070212,0.285595732514912,0.183,0.15,1
"ENTPD5","ENTPD5",0.00173727949675686,-0.498751445545625,0.053,0.074,1
"PDCD7","PDCD7",0.00174679439055999,-0.337633127831938,0.234,0.265,1
"ARHGAP23","ARHGAP23",0.00174785444216511,-0.120071005708298,0.713,0.751,1
"AADAT","AADAT",0.00174843116265491,-0.560883843462701,0.062,0.084,1
"ENSG00000266248","ENSG00000266248",0.00175289098108187,-0.846212400617497,0.022,0.037,1
"ITGB4","ITGB4",0.00175320119231806,-0.806614459914228,0.04,0.058,1
"MARK1","MARK1",0.00175496731421457,0.272769313742913,0.25,0.215,1
"TMTC4","TMTC4",0.00176530269898614,0.143204620050632,0.637,0.607,1
"ENSG00000282246","ENSG00000282246",0.00176598438619552,0.305280009110427,0.158,0.128,1
"METTL23","METTL23",0.00177044783432838,0.561024608673812,0.058,0.04,1
"GGT7","GGT7",0.00177136336511183,0.208815799243666,0.25,0.212,1
"ARFGAP3","ARFGAP3",0.00177244064555772,0.204699032701169,0.22,0.184,1
"MITF","MITF",0.00180452580226564,0.137341351920063,0.535,0.491,1
"SLC46A3","SLC46A3",0.0018078614728376,-0.465219748498756,0.078,0.102,1
"VLDLR","VLDLR",0.0018145682271957,0.220104159968442,0.178,0.145,1
"ZNF277-AS1","ZNF277-AS1",0.00181480142268384,-0.946424246201851,0.018,0.031,1
"CREB1","CREB1",0.00181561566794837,-0.305924784062457,0.294,0.325,1
"LOC107985216","LOC107985216",0.00181820538084839,-1.63958116092271,0.004,0.011,1
"ACTR3B","ACTR3B",0.00182336966632348,-0.409739617191738,0.117,0.144,1
"ENSG00000283633","ENSG00000283633",0.0018311361490362,-0.565192610446844,0.053,0.074,1
"EPB41L4A","EPB41L4A",0.00183253560727857,0.234404227511203,0.215,0.182,1
"RUNX2","RUNX2",0.00184009051151981,-0.858473160081309,0.042,0.06,1
"RBKS","RBKS",0.00184140210971788,-0.647333113660792,0.036,0.054,1
"GALNT11","GALNT11",0.00184910165639859,0.288411974641787,0.192,0.16,1
"CELF4","CELF4",0.00185178584574863,-0.808354414196098,0.018,0.031,1
"FOS","FOS",0.00185233775610862,0.534173861437534,0.031,0.018,1
"SLC25A26","SLC25A26",0.00186052434453095,0.174029618943239,0.341,0.299,1
"PDE11A","PDE11A",0.00186671435878702,0.399565535857178,0.05,0.033,1
"TLE1-DT","TLE1-DT",0.00186798167494162,-0.693883408746143,0.062,0.083,1
"ARV1","ARV1",0.00186886949749651,0.391926992018693,0.105,0.081,1
"TMEM60","TMEM60",0.00186897282286093,0.716860803157693,0.035,0.021,1
"DDX6","DDX6",0.00187563510252214,0.150233328707323,0.436,0.387,1
"VDAC1","VDAC1",0.0018840689955085,0.269554018236815,0.124,0.096,1
"NSUN3","NSUN3",0.00189048489846983,-0.365957313713894,0.134,0.164,1
"NPIPB5","NPIPB5",0.00189463011606861,0.197093195193156,0.257,0.218,1
"ELP4","ELP4",0.00189549288707087,-0.353093902359046,0.321,0.351,1
"LOC124906013","LOC124906013",0.00189806999034774,-0.743206647622567,0.02,0.034,1
"SMARCD2","SMARCD2",0.00191167011600136,-0.401367075976965,0.138,0.166,1
"ENSG00000223944","ENSG00000223944",0.00191973092853952,0.932068228936392,0.032,0.019,1
"GNL1","GNL1",0.00193479760888014,-0.411829237760869,0.067,0.09,1
"PRDM16","PRDM16",0.00194714297755046,0.974606314528211,0.018,0.008,1
"CD226","CD226",0.00195130414955541,-0.275230955623907,0.107,0.135,1
"GOPC","GOPC",0.00195473352165726,-0.347597550236003,0.152,0.183,1
"ENSG00000229999","ENSG00000229999",0.00195709460097613,0.687217594320151,0.028,0.016,1
"TRMT2B","TRMT2B",0.00195733958778423,0.518364703999426,0.058,0.04,1
"NUBPL","NUBPL",0.00196211344479719,0.145556278050193,0.475,0.431,1
"HERC2","HERC2",0.00196316017823647,-0.117145924264555,0.666,0.68,1
"PCMTD2","PCMTD2",0.00197059439390597,0.170082680074458,0.31,0.268,1
"RB1","RB1",0.0019788447953708,0.169635261552044,0.388,0.341,1
"ZNF614","ZNF614",0.00198156355594153,0.32483753739915,0.077,0.056,1
"TLE2","TLE2",0.00198466199326627,0.229745203118341,0.138,0.109,1
"TMBIM1","TMBIM1",0.00198506121361105,-0.350024824740968,0.161,0.19,1
"H1-2","H1-2",0.0019986033661875,-1.19541235554005,0.018,0.031,1
"C10orf67","C10orf67",0.0020082106377942,-1.7674714046718,0.005,0.013,1
"FAM131C","FAM131C",0.00201582584518753,0.658410725681834,0.063,0.045,1
"ENSG00000244260","ENSG00000244260",0.00201664314887999,-0.788595707550682,0.027,0.043,1
"ENSG00000274712","ENSG00000274712",0.00201785721643066,0.505658677068346,0.048,0.031,1
"LSM3","LSM3",0.00201887112842661,-0.547797293636264,0.062,0.083,1
"GTF3C4","GTF3C4",0.00202228093620039,0.573969320456762,0.058,0.04,1
"ZC2HC1C","ZC2HC1C",0.00202385429083368,0.647661841694035,0.032,0.019,1
"LOC105375635","LOC105375635",0.00203334274203198,-0.91816980583449,0.02,0.033,1
"ATP13A2","ATP13A2",0.00204149652102377,0.211728073358063,0.149,0.119,1
"LYG1","LYG1",0.00204158275795997,0.680225587201738,0.049,0.033,1
"APH1A","APH1A",0.00205401336351709,-0.447955788046254,0.061,0.082,1
"ZNF211","ZNF211",0.00205566045990637,-0.767832993145146,0.023,0.038,1
"MYLK4","MYLK4",0.00205823309610424,0.949532373804639,0.024,0.013,1
"KCTD3","KCTD3",0.00206635111210395,0.159900607295897,0.48,0.437,1
"IFT22","IFT22",0.00208025607943267,-1.45548156759981,0.006,0.015,1
"S100A13","S100A13",0.00208299451739763,-0.453787652907337,0.102,0.129,1
"PPP6R2","PPP6R2",0.00209144460868755,-0.237111172621325,0.448,0.467,1
"TPGS1","TPGS1",0.00209280983414874,0.390231210589984,0.138,0.109,1
"PACC1","PACC1",0.00209614641703597,-0.328891896889182,0.254,0.286,1
"NPC1","NPC1",0.00210000089496566,0.111379337242072,0.74,0.698,1
"ZC3H6","ZC3H6",0.00210939343865804,-0.173174774462209,0.484,0.515,1
"MXD4","MXD4",0.00211807067245889,0.28330474353027,0.166,0.135,1
"ZSCAN1","ZSCAN1",0.00212109010618209,-1.57270482014375,0.004,0.012,1
"TFDP1","TFDP1",0.00212149184697271,-0.603581177381724,0.058,0.079,1
"KLHL17","KLHL17",0.00212152951922312,1.21977944809919,0.016,0.008,1
"DUSP3","DUSP3",0.00212376794686043,0.207126921789576,0.131,0.103,1
"TRNT1","TRNT1",0.00212469227182307,-0.614657328491431,0.098,0.122,1
"WDR45","WDR45",0.00212471714068491,0.292530029387702,0.099,0.075,1
"ST3GAL3-AS1","ST3GAL3-AS1",0.0021303065645701,1.08001528111634,0.016,0.007,1
"SZT2","SZT2",0.00214076287030322,-0.304110882130466,0.176,0.207,1
"PIK3R4","PIK3R4",0.00214188022688456,0.273151098004413,0.17,0.139,1
"TEX264","TEX264",0.00214242118057073,0.236776003358061,0.115,0.088,1
"SHKBP1","SHKBP1",0.00216034787445221,0.437539617268341,0.074,0.053,1
"LOC105377134","LOC105377134",0.00216290824692155,0.226830138357853,0.067,0.047,1
"ENSG00000285446","ENSG00000285446",0.00217500278823397,1.47726688215447,0.01,0.003,1
"ARRDC1-AS1","ARRDC1-AS1",0.00217691491087514,-0.511360889135501,0.048,0.068,1
"ZNF233","ZNF233",0.00218046397060541,0.735074349201005,0.027,0.015,1
"PLEKHA8","PLEKHA8",0.00219169585729,0.1742972404329,0.16,0.129,1
"FAM53C","FAM53C",0.00219641673832289,0.262089843517607,0.158,0.128,1
"WSCD1","WSCD1",0.00219929686881594,0.296420256220117,0.187,0.155,1
"MAN1C1","MAN1C1",0.00220509708661943,0.1871049968916,0.158,0.128,1
"FBXO25","FBXO25",0.00220875283701737,-0.294500000955727,0.237,0.266,1
"ARFIP1","ARFIP1",0.00221058372266435,-0.216505961210936,0.339,0.369,1
"SNX10","SNX10",0.00221175281078133,-0.879030401989968,0.02,0.033,1
"MAN1A2","MAN1A2",0.00221328983097874,0.115753468205817,0.472,0.421,1
"LIX1L","LIX1L",0.0022181978598277,0.377965212133346,0.069,0.049,1
"ZNF540","ZNF540",0.00221875253862577,0.218513785584779,0.175,0.142,1
"DDX5","DDX5",0.00222054234348438,0.134392557921907,0.667,0.636,1
"VPS8","VPS8",0.00222102641790824,0.147128197630417,0.558,0.518,1
"ABCC8","ABCC8",0.00223068851427801,-0.66258475600594,0.014,0.027,1
"FAM210B","FAM210B",0.00223076618231986,0.481053070535764,0.085,0.064,1
"S1PR5","S1PR5",0.00223198628093652,0.242400009023594,0.181,0.15,1
"TMEM63B","TMEM63B",0.00223328828342074,0.252781371880749,0.129,0.101,1
"DRD4","DRD4",0.00224033831688652,-1.06886096847108,0.021,0.035,1
"PPP1R10","PPP1R10",0.00224045742057613,0.245755223002346,0.236,0.2,1
"RSBN1","RSBN1",0.00224082613918103,0.185995245483115,0.21,0.176,1
"BAZ2A","BAZ2A",0.00224327120278742,0.188106650509896,0.269,0.232,1
"NXF1","NXF1",0.00224762128685048,0.310168729384233,0.078,0.057,1
"RIPK2","RIPK2",0.00224974352794416,0.368270251295185,0.092,0.069,1
"H1-4","H1-4",0.00225578747686685,-1.1685734395002,0.007,0.016,1
"FAM89A","FAM89A",0.00225610076307558,1.55455228751691,0.014,0.006,1
"ITGA11","ITGA11",0.00225889172899349,1.67787585556836,0.01,0.004,1
"TTC21A","TTC21A",0.00226077712165924,-0.724273924042775,0.018,0.032,1
"CBS","CBS",0.00226218604094258,0.762887352459894,0.01,0.003,1
"LINC01978","LINC01978",0.0022652194344806,-0.61665640213517,0.026,0.041,1
"ENSG00000250592","ENSG00000250592",0.00226524861146007,1.64065295328904,0.01,0.004,1
"NCAPD3","NCAPD3",0.00226598206995955,0.270479709723187,0.111,0.085,1
"TMEM79","TMEM79",0.0022663639934376,0.444014807966587,0.056,0.039,1
"ENSG00000274400","ENSG00000274400",0.00226979927156515,1.54393198774665,0.01,0.004,1
"GRK3","GRK3",0.00228343334250005,-0.270195175063965,0.148,0.179,1
"COL7A1","COL7A1",0.00228942123171876,-0.729270437568653,0.019,0.032,1
"ENSG00000223774","ENSG00000223774",0.00228963499345174,-0.721561229970443,0.017,0.029,1
"COPS6","COPS6",0.00230073856933686,0.187986190713394,0.205,0.17,1
"SCAF4","SCAF4",0.00231802661832535,0.18564688499149,0.244,0.206,1
"NSUN6","NSUN6",0.00232789079390228,0.203236891124994,0.373,0.334,1
"DIAPH2-AS1","DIAPH2-AS1",0.00232913022667306,0.741303467973521,0.035,0.022,1
"NPIPB12","NPIPB12",0.00233112973752543,1.32121515153842,0.011,0.004,1
"TRIP10","TRIP10",0.00233305653317124,1.74282068594074,0.013,0.005,1
"ING5","ING5",0.00233997278169949,0.214974156489089,0.236,0.201,1
"ACCS","ACCS",0.0023421171048567,-1.21352844969555,0.013,0.025,1
"ENSG00000230534","ENSG00000230534",0.0023438857141574,1.21878381503482,0.014,0.006,1
"MTHFD2","MTHFD2",0.00234389122613415,1.4422957215399,0.013,0.006,1
"LY96","LY96",0.00234469314269406,1.42848359946105,0.011,0.004,1
"ENSG00000264187","ENSG00000264187",0.00234485340599596,0.498046593041324,0.031,0.019,1
"ERCC6","ERCC6",0.00234519687938489,0.297829178759425,0.147,0.119,1
"CTSH","CTSH",0.00234673461804089,-1.58522953691121,0.007,0.016,1
"HMGXB3","HMGXB3",0.00235041371234258,-0.421875283326323,0.116,0.142,1
"PHF1","PHF1",0.0023523486116115,0.333880701636741,0.126,0.1,1
"MRTFA","MRTFA",0.00235492317127824,0.151611243159592,0.506,0.456,1
"ENSG00000254733","ENSG00000254733",0.00236272247257759,0.67038861509488,0.035,0.022,1
"CLHC1","CLHC1",0.00236550455326037,-0.410000797185628,0.078,0.102,1
"CTSS","CTSS",0.00237354385565021,1.41853014974408,0.012,0.005,1
"GLTP","GLTP",0.00237444463235111,0.121888135279386,0.594,0.548,1
"RNF152","RNF152",0.00238188230298768,0.210860112651188,0.199,0.166,1
"LINC00907","LINC00907",0.00238485494034874,-0.483771772827096,0.072,0.095,1
"PUM1","PUM1",0.00238564084487739,0.102906280323248,0.537,0.485,1
"ECHDC1","ECHDC1",0.00238575091460853,-0.206566994893083,0.279,0.315,1
"BCL2L14","BCL2L14",0.00238900650950305,-0.521764645961597,0.107,0.132,1
"LGALS1","LGALS1",0.00239172268859231,0.358620418530636,0.14,0.113,1
"RAPGEF3","RAPGEF3",0.00239688711690368,0.165345714904446,0.308,0.268,1
"ENSG00000273141","ENSG00000273141",0.00239742144112804,-1.52060903154707,0.004,0.012,1
"NUDT17","NUDT17",0.00239785375272529,1.14520417821352,0.013,0.006,1
"ENSG00000265073","ENSG00000265073",0.00240851240409304,-1.26866815162851,0.004,0.012,1
"SERPINI2","SERPINI2",0.00241697915369632,1.11498812693667,0.012,0.005,1
"ASPHD2","ASPHD2",0.00241966194665646,1.14030822230636,0.012,0.005,1
"NARS2","NARS2",0.0024197465337718,0.192553270620529,0.245,0.21,1
"DDX59-AS1","DDX59-AS1",0.0024316941193519,-1.45295202131967,0.004,0.011,1
"ZNF133","ZNF133",0.00243308465334561,-0.309416357478537,0.16,0.19,1
"FBXO30","FBXO30",0.00243920902289196,0.258358939525488,0.105,0.081,1
"ERLIN1","ERLIN1",0.00244052435887771,0.363176085636619,0.118,0.093,1
"SRP9","SRP9",0.00244199904569617,-0.417701194298287,0.164,0.193,1
"NME5","NME5",0.00245073940705941,-1.00850307521981,0.027,0.042,1
"NR1H2","NR1H2",0.00245767020974427,0.281644038218206,0.166,0.136,1
"FAM88E","FAM88E",0.00246377516062487,0.804920461527379,0.013,0.006,1
"ERO1B","ERO1B",0.00247280405850897,0.205452933704926,0.183,0.151,1
"SNRK","SNRK",0.00247363680305895,-0.504278360709835,0.069,0.091,1
"DTNBP1","DTNBP1",0.0024829818672821,0.192440081776639,0.184,0.152,1
"FAM200B","FAM200B",0.00248324014368402,0.198484813782537,0.181,0.149,1
"MPHOSPH9","MPHOSPH9",0.0024850121521224,-0.289917123395307,0.249,0.279,1
"SLC49A4","SLC49A4",0.00249037669237116,-0.438154837950236,0.101,0.126,1
"GLRA2","GLRA2",0.00249177269603964,0.677920033120132,0.05,0.034,1
"KRT10","KRT10",0.00249475425260762,0.376947160438846,0.116,0.09,1
"OXTR","OXTR",0.00250111139862231,0.787221802681511,0.023,0.012,1
"ENSG00000261717","ENSG00000261717",0.00250457733243389,0.435002745673099,0.073,0.053,1
"GTPBP10","GTPBP10",0.00251435814802181,0.20191229597315,0.199,0.165,1
"TMEM267","TMEM267",0.00251598781032376,0.307256758232466,0.13,0.103,1
"TJAP1","TJAP1",0.00252054300036393,-0.215581164162609,0.419,0.443,1
"SEMA6A-AS1","SEMA6A-AS1",0.00252239961405725,0.285046363584618,0.136,0.109,1
"REV1","REV1",0.00252628096213325,0.118786096680636,0.44,0.391,1
"PWWP3B","PWWP3B",0.00254101848106526,0.66631806515165,0.042,0.027,1
"ENSG00000261386","ENSG00000261386",0.00254499654397842,0.522026773399313,0.044,0.029,1
"PIGB","PIGB",0.00254545250319959,-0.534010874122051,0.056,0.077,1
"RIPPLY2","RIPPLY2",0.00255146135002358,0.541368983338562,0.026,0.015,1
"CEBPZ","CEBPZ",0.00256173848013235,0.242595387107438,0.161,0.131,1
"AKAP19","AKAP19",0.00256599641549792,0.175148483719606,0.201,0.167,1
"ARHGAP33","ARHGAP33",0.00256764503044668,-0.411430963239587,0.133,0.159,1
"TRA2B","TRA2B",0.00256769253848032,0.14736644633206,0.346,0.302,1
"PGCKA1","PGCKA1",0.00258029912134413,0.383995952500935,0.049,0.033,1
"GOLPH3L","GOLPH3L",0.00258213825125358,0.395283142630011,0.097,0.074,1
"REEP1","REEP1",0.00258395211995462,-1.47610908534096,0.01,0.021,1
"NUDT12","NUDT12",0.00258729936315541,-0.35627713160613,0.067,0.089,1
"TFAM","TFAM",0.00259593182220515,0.301759904671834,0.084,0.063,1
"NPIPA1","NPIPA1",0.00259913094859682,0.281449819186862,0.083,0.062,1
"C8orf34","C8orf34",0.00260866155608723,0.486175705060454,0.045,0.03,1
"GAA","GAA",0.0026087229634379,-0.343540395030393,0.076,0.099,1
"KCND3","KCND3",0.00261409620946192,-0.421743042694642,0.038,0.055,1
"PARD6B","PARD6B",0.00261537610080725,0.525682161315951,0.047,0.031,1
"LOC105373418","LOC105373418",0.00261986851006798,0.4381400033685,0.068,0.049,1
"SYT9","SYT9",0.00262029104025449,0.130934160744497,0.551,0.505,1
"DIPK1C","DIPK1C",0.00262083866652252,-0.314863511564953,0.146,0.174,1
"HMOX2","HMOX2",0.0026238424433363,0.225986342265655,0.268,0.232,1
"GSDMB","GSDMB",0.00262673390664182,0.505908281380567,0.049,0.033,1
"LOC101926907","LOC101926907",0.00263030360448687,-0.235931182393053,0.382,0.41,1
"CALM3","CALM3",0.002640467887069,-0.378534746276982,0.144,0.173,1
"ENTPD1","ENTPD1",0.00264101130920986,0.641712839911576,0.022,0.012,1
"ANKAR","ANKAR",0.00264295820617575,-0.222956201119292,0.282,0.314,1
"DIP2A","DIP2A",0.0026497766798913,-0.108995920438174,0.553,0.582,1
"PSMD5","PSMD5",0.00265292418044633,-0.4122326234845,0.138,0.164,1
"IFIT2","IFIT2",0.0026640799122462,0.392116995026214,0.1,0.077,1
"SBNO1","SBNO1",0.00267191755094246,0.167390748830148,0.295,0.255,1
"ENSG00000230724","ENSG00000230724",0.0026733664779439,-0.617682367580497,0.024,0.038,1
"ERBB3","ERBB3",0.00267558027428471,-0.197863984831489,0.413,0.437,1
"TMEM8B","TMEM8B",0.0026800131016029,-0.462295492774082,0.063,0.085,1
"KIF24","KIF24",0.00268266802065437,-1.41571301964345,0.005,0.013,1
"METAP1D","METAP1D",0.00268307311396945,-0.397286815815131,0.145,0.173,1
"HABP4","HABP4",0.00268820774604844,-0.259861080215182,0.24,0.27,1
"TCN2","TCN2",0.00268843241210489,-1.3447039287695,0.012,0.023,1
"AKAP13","AKAP13",0.00268915774161558,0.537519281413421,0.073,0.053,1
"MAK","MAK",0.0027024869597624,0.303663980311874,0.092,0.07,1
"RIOK1","RIOK1",0.0027101378394454,0.308097598673564,0.062,0.043,1
"ENSG00000274605","ENSG00000274605",0.0027115024497444,0.82157020681024,0.025,0.014,1
"PCBP2","PCBP2",0.00274201666412993,0.153339296114577,0.483,0.442,1
"VCP","VCP",0.0027425708048269,0.136552230798147,0.262,0.221,1
"ERCC1","ERCC1",0.00275611215750923,0.377565066488147,0.102,0.079,1
"MESD","MESD",0.00276450769502657,0.186417022836918,0.225,0.19,1
"LOC124900637","LOC124900637",0.00277577307661389,-1.70996603594628,0.003,0.01,1
"CALY","CALY",0.00279201604134813,-1.05143120417885,0.011,0.022,1
"EIF2S2","EIF2S2",0.00280459662597734,0.203337650191208,0.249,0.213,1
"ABCC2","ABCC2",0.00280703035000631,0.75842421181054,0.033,0.021,1
"MIR210HG","MIR210HG",0.00280820412383304,-1.26306220395554,0.004,0.012,1
"TAOK1","TAOK1",0.00282144195738162,-0.130713131434689,0.729,0.733,1
"MED9","MED9",0.00282149596757598,0.439099049099816,0.058,0.041,1
"PPP2R3B","PPP2R3B",0.0028234676337674,0.316303616208504,0.101,0.078,1
"ZNF345","ZNF345",0.00284527020004928,0.198033695496749,0.25,0.215,1
"SREK1IP1","SREK1IP1",0.00286257740298907,0.295998605910734,0.167,0.138,1
"ENSG00000258695","ENSG00000258695",0.00287767976100307,0.369885624942362,0.095,0.073,1
"PCF11","PCF11",0.00288999433009417,0.181524501175135,0.339,0.298,1
"HDAC5","HDAC5",0.00289469533888428,0.162683530827986,0.294,0.255,1
"GSTK1","GSTK1",0.00290976059256929,0.190603964743414,0.172,0.14,1
"UBR2","UBR2",0.00291241407277584,-0.164882198964136,0.519,0.54,1
"U2AF2","U2AF2",0.00291471475419676,0.310345096965888,0.132,0.105,1
"MINDY2","MINDY2",0.00293915634051034,-0.244662046985332,0.487,0.496,1
"ACER2","ACER2",0.00294367613213081,0.812916733352835,0.031,0.018,1
"CEP295","CEP295",0.00294756961221224,0.241600238973464,0.219,0.187,1
"MYO16","MYO16",0.00294846541869492,0.662837066624423,0.039,0.025,1
"ENSG00000249673","ENSG00000249673",0.00295223810627717,-0.652754725334737,0.034,0.05,1
"BOLA3-DT","BOLA3-DT",0.00295317509639805,0.660349710975662,0.022,0.012,1
"ASPHD1","ASPHD1",0.00296658946142608,-0.247535213150765,0.282,0.314,1
"MRPL50","MRPL50",0.00297163457448513,0.33491731916302,0.068,0.049,1
"DUSP16","DUSP16",0.00297179720853346,-0.257490927846243,0.498,0.515,1
"LHFPL3-AS2","LHFPL3-AS2",0.00297445686512215,0.262355218614268,0.054,0.037,1
"KDM4B","KDM4B",0.00298132204252024,-0.216862865572677,0.335,0.365,1
"COPG2","COPG2",0.00298459183327057,-0.249531679211542,0.183,0.216,1
"ARSK","ARSK",0.00298730475225987,0.618787239424615,0.061,0.044,1
"NUCKS1","NUCKS1",0.00299205603720993,-0.129828502669712,0.649,0.668,1
"CROCC","CROCC",0.00299457888788238,0.221532860580065,0.239,0.205,1
"KTN1","KTN1",0.0029959100010776,0.119631802229228,0.646,0.602,1
"GAB2","GAB2",0.00299634130397866,-0.121670161906467,0.828,0.828,1
"PPFIA3","PPFIA3",0.00299916173527837,0.49995543403185,0.027,0.016,1
"FANCF","FANCF",0.00299942758897644,0.556389608058067,0.037,0.024,1
"PABPC4","PABPC4",0.00300114278576171,-0.43653582402475,0.095,0.119,1
"ZNF316","ZNF316",0.00301187808127423,0.423868073360418,0.079,0.059,1
"TRHDE","TRHDE",0.00301626911828655,-1.52502815971392,0.01,0.02,1
"PLAAT5","PLAAT5",0.00302535332706992,-1.15500854575598,0.014,0.026,1
"DUSP8","DUSP8",0.00302726758427079,-0.534650651039841,0.061,0.081,1
"CPXM2","CPXM2",0.0030349401366882,0.18108955247024,0.117,0.092,1
"CAPN9-AS1","CAPN9-AS1",0.00303681311535159,-0.67973120864564,0.027,0.042,1
"MTMR4","MTMR4",0.00305864472695641,0.226016002587703,0.235,0.2,1
"ZSWIM7","ZSWIM7",0.00306366056275662,0.141307504724713,0.21,0.175,1
"FAM174A-DT","FAM174A-DT",0.00307580695387951,-0.678607954310267,0.029,0.044,1
"CTPS2","CTPS2",0.00308103614815397,-0.417052391288488,0.171,0.198,1
"YES1","YES1",0.00308849214933884,-0.307432529337112,0.108,0.135,1
"SSPN","SSPN",0.00309293049944386,-0.372887026398302,0.084,0.109,1
"CCDC186","CCDC186",0.00309477660356004,0.186988441761968,0.165,0.135,1
"USO1","USO1",0.00310597907287892,-0.183661494225933,0.364,0.395,1
"MTCH2","MTCH2",0.00311258317700185,-0.281157098873013,0.236,0.266,1
"MUSK","MUSK",0.00311781176639086,-0.866379382241192,0.033,0.049,1
"ZFTRAF1","ZFTRAF1",0.00312171290485937,0.214092883392062,0.184,0.152,1
"GVQW3","GVQW3",0.00313083691008372,-0.398859910501457,0.058,0.079,1
"DVL1","DVL1",0.00313336934548305,0.197090292246214,0.124,0.098,1
"AHCTF1","AHCTF1",0.00313732858692922,0.161702235848139,0.316,0.277,1
"LINC01483","LINC01483",0.00314336080446938,1.34089632257142,0.02,0.011,1
"ENSG00000223727","ENSG00000223727",0.00314627735444135,-0.243242852942472,0.191,0.223,1
"CEP162","CEP162",0.00314892657511919,-0.327754622017876,0.2,0.229,1
"ATP6V1E1","ATP6V1E1",0.00315518665066194,-0.228374792170025,0.249,0.281,1
"PNMA1","PNMA1",0.00315649132083349,0.471594368898988,0.059,0.042,1
"CGN","CGN",0.00315777206253412,0.318548274275012,0.086,0.065,1
"PIAS1","PIAS1",0.00315869657824413,0.140782626307446,0.518,0.479,1
"ENSG00000280029","ENSG00000280029",0.0031627546817648,-2.28862443202506,0.004,0.011,1
"ZFP28","ZFP28",0.00316755476640541,-0.453338582818532,0.037,0.055,1
"NORAD","NORAD",0.0031691359330175,0.196780442663687,0.33,0.287,1
"ZNF766","ZNF766",0.0031702476227697,0.283322363018593,0.1,0.077,1
"SLC10A7","SLC10A7",0.00317862374178943,0.169997546737357,0.303,0.264,1
"PYGO2","PYGO2",0.00318038578420179,0.351044249637506,0.071,0.051,1
"CFAP20","CFAP20",0.00319182537644209,0.300319455624292,0.137,0.11,1
"COMMD4","COMMD4",0.00321269804009848,-0.400603803008031,0.094,0.119,1
"RAB21","RAB21",0.00321931825044422,0.16959570683213,0.362,0.32,1
"ENSG00000281641","ENSG00000281641",0.00322212416327115,-0.53522307563125,0.024,0.038,1
"UBE2D2","UBE2D2",0.0032333225303875,-0.251001932072651,0.36,0.387,1
"EHMT2","EHMT2",0.00323499509384782,-0.297722336750641,0.142,0.17,1
"CCDC167","CCDC167",0.00324106379685712,0.370920758242223,0.075,0.055,1
"GPATCH8","GPATCH8",0.00324719196535301,-0.138672777774592,0.668,0.679,1
"LOC101929227","LOC101929227",0.00325523488498725,-1.30010647282961,0.011,0.022,1
"NFYB","NFYB",0.00325650952305709,-0.363588561659167,0.092,0.117,1
"CSRP1","CSRP1",0.00326019166876176,0.149813141083691,0.676,0.663,1
"ENSG00000227014","ENSG00000227014",0.00326179518427762,-0.734698004595419,0.054,0.074,1
"HERPUD2-AS1","HERPUD2-AS1",0.00327047367797905,0.457584866622678,0.039,0.025,1
"PSRC1","PSRC1",0.00329338939200241,-0.318848218360557,0.264,0.291,1
"RSAD1","RSAD1",0.0032967035585072,0.244726451946888,0.084,0.063,1
"TEX29","TEX29",0.00331510654167668,1.1441557434262,0.016,0.008,1
"AP5M1","AP5M1",0.00331547895555033,0.168801223814043,0.199,0.165,1
"CERT1","CERT1",0.00332350686092884,0.105529555428826,0.531,0.485,1
"TMC7","TMC7",0.00332439456832298,-0.133841076780701,0.471,0.508,1
"PARD3","PARD3",0.00332974861821837,-0.594879429223941,0.042,0.06,1
"FAM162A","FAM162A",0.00333315600673329,-0.264833892743793,0.107,0.134,1
"RCE1","RCE1",0.00334979756557551,1.12772584514114,0.02,0.01,1
"ZBED3","ZBED3",0.00335352614289045,-0.376900701047571,0.161,0.189,1
"ENSG00000228222","ENSG00000228222",0.00335421323418493,0.7719813333986,0.049,0.033,1
"PALM","PALM",0.00336452281763444,0.232237702893729,0.126,0.1,1
"REC8","REC8",0.00336861406620214,0.641704233510445,0.04,0.026,1
"ENSG00000126952","ENSG00000126952",0.00336968622627597,-1.22038972393069,0.008,0.017,1
"LOC102724594","LOC102724594",0.00337088158389397,0.769312494690692,0.02,0.011,1
"LRATD2","LRATD2",0.00337545321073192,-0.646760344586246,0.028,0.043,1
"RAD54L2","RAD54L2",0.00337763878996466,-0.29611802473867,0.149,0.178,1
"HEMK2","HEMK2",0.00338748384809246,0.220968794451067,0.098,0.075,1
"LINC02226","LINC02226",0.00339320677904771,-0.285377761102608,0.129,0.157,1
"ROCK2","ROCK2",0.00339860885821134,0.156986628353165,0.315,0.276,1
"NFIL3","NFIL3",0.00339974707629346,1.26211417905539,0.015,0.007,1
"STK4","STK4",0.00340776186100415,0.175513862234232,0.218,0.184,1
"TBC1D10A","TBC1D10A",0.00341628354561504,1.04692071764384,0.015,0.007,1
"TLE1","TLE1",0.0034176760783699,0.352715602942874,0.116,0.092,1
"CCDC171","CCDC171",0.00342117755705323,0.210435968730945,0.277,0.239,1
"TRIAP1","TRIAP1",0.00342774586489565,0.39602343502441,0.031,0.019,1
"ENSG00000230555","ENSG00000230555",0.00342784745789498,0.710373414460739,0.016,0.008,1
"TIMM9","TIMM9",0.00343397155309937,0.182290598114487,0.111,0.086,1
"SOX13","SOX13",0.00343856927857323,0.307198231042416,0.124,0.099,1
"ENSG00000271978","ENSG00000271978",0.00344116017278313,0.504578217601014,0.023,0.013,1
"SPRYD7","SPRYD7",0.00345333415778176,0.229778310666073,0.145,0.116,1
"ENGASE","ENGASE",0.00345905792004975,0.321246929537659,0.105,0.081,1
"ECT2","ECT2",0.00346806852107852,0.639009561122382,0.032,0.02,1
"TMX3","TMX3",0.00347556547544935,-0.302510485700757,0.156,0.184,1
"HEATR4","HEATR4",0.00348173803600307,0.475854432580515,0.049,0.034,1
"ENSG00000229491","ENSG00000229491",0.003488899386758,-0.959937437219042,0.022,0.035,1
"TCAF1","TCAF1",0.00349131208163704,0.130926670965662,0.267,0.226,1
"HDAC3","HDAC3",0.00349435675496153,0.234498141577,0.157,0.129,1
"HCG27","HCG27",0.00349604260747724,0.282439964266202,0.04,0.026,1
"ENSG00000259076","ENSG00000259076",0.00351887117936217,1.14092947606328,0.015,0.007,1
"NCK2","NCK2",0.00351941482758432,0.347054416436956,0.116,0.092,1
"AKAP1-DT","AKAP1-DT",0.00351947199567395,-0.834685833507245,0.011,0.021,1
"LUC7L3","LUC7L3",0.00353093347258753,-0.10622045196249,0.75,0.757,1
"PHF12","PHF12",0.00353678666086262,-0.32026618475047,0.196,0.224,1
"SRRM5","SRRM5",0.00353954128825648,0.958941259591415,0.022,0.012,1
"MRPS11","MRPS11",0.00354831216595026,0.239994411612242,0.142,0.114,1
"RLIG1","RLIG1",0.00355780607724544,0.330038193802599,0.071,0.052,1
"SPESP1","SPESP1",0.00356033498844833,-0.291302353140673,0.11,0.135,1
"NR6A1","NR6A1",0.0035845338765904,0.156292413522237,0.283,0.247,1
"ENSG00000228839","ENSG00000228839",0.00358576294915284,-0.471208729193885,0.073,0.095,1
"ENSG00000233635","ENSG00000233635",0.00360203030012193,0.440273542429146,0.067,0.049,1
"ARHGEF26","ARHGEF26",0.00360555341612001,0.687177552652249,0.027,0.016,1
"CLCN6","CLCN6",0.00360980121305982,0.355360149920393,0.1,0.078,1
"ENSG00000232855","ENSG00000232855",0.00362134561535148,-0.18054580602875,0.444,0.469,1
"IDH2","IDH2",0.00363192096708457,-0.284044576269364,0.229,0.258,1
"AAR2","AAR2",0.00365151548462548,0.213579866377096,0.107,0.083,1
"NABP1","NABP1",0.00366139313979896,1.27197765666236,0.014,0.006,1
"BTBD2","BTBD2",0.00366527557866642,0.22804205457051,0.185,0.153,1
"ENSG00000241231","ENSG00000241231",0.00367740453980045,-0.577833079313567,0.031,0.047,1
"MRPL23","MRPL23",0.00368646323981307,-0.655113221741525,0.062,0.081,1
"MZT2B","MZT2B",0.00369067352080923,-0.38261726894608,0.128,0.153,1
"ERICH6","ERICH6",0.00370965223140628,-1.36870511641399,0.003,0.01,1
"MGAM","MGAM",0.00371623211100588,0.959207321802718,0.024,0.014,1
"SRSF10","SRSF10",0.00371720778995545,0.210274432402449,0.294,0.257,1
"CREB3L4","CREB3L4",0.00373430459138419,-1.13044903023193,0.009,0.018,1
"ACP2","ACP2",0.00374262986053546,-0.785325047678484,0.019,0.031,1
"NUP210","NUP210",0.00374536076986471,-0.325802260691233,0.131,0.157,1
"FAHD2A","FAHD2A",0.00375105874214557,-0.315307545993292,0.124,0.15,1
"ENSG00000237531","ENSG00000237531",0.00375588578821196,-1.17703633791498,0.004,0.011,1
"FKBP2","FKBP2",0.00376202070132892,0.28260742696609,0.196,0.166,1
"LNCOC1","LNCOC1",0.0037633959672667,-1.02906787827038,0.004,0.011,1
"MPLKIP","MPLKIP",0.00377491834405014,0.307447519273669,0.125,0.1,1
"G6PD","G6PD",0.00378439772918122,0.362899437628436,0.064,0.046,1
"BMPR1A","BMPR1A",0.00378879993896138,0.165979285075298,0.362,0.323,1
"RALBP1","RALBP1",0.00379142443716245,0.205337918156874,0.205,0.173,1
"EML6","EML6",0.00379409706614214,0.343401639091275,0.093,0.072,1
"NFXL1","NFXL1",0.00379418949426124,0.195843894020577,0.165,0.136,1
"ENSG00000254539","ENSG00000254539",0.00380165931844742,1.1040418409548,0.013,0.006,1
"TMEM98","TMEM98",0.00380491372278042,0.231232320222086,0.61,0.592,1
"RTKN","RTKN",0.00382586044728468,-0.185349335117023,0.383,0.414,1
"LOC105371745","LOC105371745",0.00383244642249797,1.10145403981332,0.013,0.006,1
"SLC35D4","SLC35D4",0.00384004506410203,-0.438578392982218,0.058,0.077,1
"FBXL2","FBXL2",0.0038570959834266,-0.332000160303985,0.142,0.17,1
"FAM91A1","FAM91A1",0.00386698957907832,0.194431850078385,0.258,0.221,1
"ETV1","ETV1",0.00386870166582047,1.67527129769309,0.01,0.004,1
"ENSG00000259564","ENSG00000259564",0.003888780210375,0.203573268432287,0.086,0.065,1
"TOP1MT","TOP1MT",0.00389684249798975,0.383084735677557,0.048,0.032,1
"MTRF1","MTRF1",0.00390565580568403,0.332949823130721,0.08,0.06,1
"CHAC2","CHAC2",0.0039127349094567,1.27650699479603,0.013,0.005,1
"ELOVL6","ELOVL6",0.00393067913202151,-0.276524538803076,0.309,0.335,1
"HOXB-AS1","HOXB-AS1",0.00394091632475285,1.66318077244289,0.01,0.004,1
"ENSG00000272677","ENSG00000272677",0.0039431386013384,-0.493156783947309,0.027,0.042,1
"ACP6","ACP6",0.0039586163587446,0.345001243721132,0.088,0.067,1
"KIF5A","KIF5A",0.003973821775577,0.220159220604895,0.057,0.04,1
"VSTM2B","VSTM2B",0.00398292417172511,-0.241582305114985,0.282,0.312,1
"DACT1","DACT1",0.00398724464783534,1.47483434216877,0.01,0.004,1
"LGALS8","LGALS8",0.00398732321072621,0.301459581192631,0.102,0.079,1
"CAV2-DT","CAV2-DT",0.00398747049629602,0.676630812340069,0.033,0.021,1
"NCOR2","NCOR2",0.0039952083410504,-0.152812914845575,0.523,0.541,1
"ZFYVE19","ZFYVE19",0.00399685220246589,0.273144907057892,0.104,0.081,1
"SMCO4","SMCO4",0.00399822401758342,0.462757445067766,0.046,0.031,1
"ENSG00000257767","ENSG00000257767",0.00399931368975348,0.704604550518942,0.035,0.022,1
"ZNF331","ZNF331",0.00399970689525374,0.156103906193755,0.21,0.176,1
"ENSG00000256116","ENSG00000256116",0.00399983018718564,1.22210926422761,0.012,0.005,1
"MLH1","MLH1",0.00399984420830022,0.259355078223775,0.203,0.172,1
"FAM149B1","FAM149B1",0.00400223267405529,-0.283184860418333,0.164,0.193,1
"RAPGEF4-AS1","RAPGEF4-AS1",0.0040134688201435,1.23640872859306,0.011,0.004,1
"TBCA","TBCA",0.00403099854188407,-0.183487863811411,0.456,0.483,1
"STMP1","STMP1",0.0040329237190385,0.229065170064854,0.158,0.129,1
"TPBG","TPBG",0.00403321571239798,1.15063230202935,0.012,0.005,1
"ENSG00000261507","ENSG00000261507",0.00403336905077006,1.18916725740341,0.011,0.005,1
"EDARADD","EDARADD",0.00403767642927045,0.661789460799914,0.024,0.014,1
"ZCCHC4","ZCCHC4",0.00404594499572787,-0.36485294934797,0.082,0.105,1
"GTF3C5","GTF3C5",0.0040507599067779,0.249749341666768,0.154,0.125,1
"KLHL8","KLHL8",0.0040661014240315,0.201837085017729,0.158,0.129,1
"KLHDC3","KLHDC3",0.00406963439129253,0.405753540891054,0.096,0.075,1
"DHRSX","DHRSX",0.00407269840237927,0.231852640299573,0.245,0.213,1
"RALGAPA1","RALGAPA1",0.00407883246177367,-0.107679799447739,0.811,0.821,1
"TMEM242","TMEM242",0.00409409848414921,0.247175760583171,0.122,0.097,1
"CCDC15","CCDC15",0.00411652390242823,-0.797282985968009,0.028,0.043,1
"NBPF14","NBPF14",0.00412519602395037,0.668831402798638,0.011,0.005,1
"ASPSCR1","ASPSCR1",0.00414002524937348,0.188572274350081,0.156,0.128,1
"HIVEP2","HIVEP2",0.00414644508785345,-0.28754820035609,0.311,0.34,1
"RPTOR","RPTOR",0.00415331627502727,0.164545061518949,0.521,0.476,1
"SENP2","SENP2",0.00416038285257437,-0.262475550414125,0.253,0.282,1
"ARHGAP29","ARHGAP29",0.00416443087476194,1.09893301627165,0.018,0.009,1
"LINC01416","LINC01416",0.00416952712892087,-0.954785153070998,0.01,0.02,1
"INTS1","INTS1",0.00417470570163195,0.245167356267853,0.163,0.134,1
"MTNAP1","MTNAP1",0.00418468616378713,-0.656860053897792,0.036,0.053,1
"BRMS1L","BRMS1L",0.0041950271993513,0.107989355934891,0.581,0.537,1
"RNFT1","RNFT1",0.00420200477707406,0.550294081946937,0.031,0.019,1
"SLC43A2","SLC43A2",0.00420303058534615,-0.683862289145582,0.027,0.041,1
"ENSG00000184208","ENSG00000184208",0.00420421461317312,-0.992971668338859,0.011,0.021,1
"ENSG00000234614","ENSG00000234614",0.0042199603289341,-1.14812151746492,0.008,0.016,1
"REEP3","REEP3",0.00422054025339846,-0.165522421929848,0.489,0.509,1
"RABEP1","RABEP1",0.00423006411163611,0.129207958361435,0.564,0.525,1
"QPCTL","QPCTL",0.00423618367019321,0.611829344669854,0.024,0.014,1
"CASC3","CASC3",0.00424257709043681,-0.201320113390842,0.249,0.282,1
"RGCC","RGCC",0.00424275305971587,0.117790875271999,0.551,0.511,1
"SERF2","SERF2",0.00424491150600084,0.20701625787196,0.423,0.388,1
"RASAL2","RASAL2",0.00424948363011236,0.132548787417556,0.322,0.283,1
"ENSG00000237352","ENSG00000237352",0.00425280161792724,-0.47085240425048,0.068,0.089,1
"RFC3","RFC3",0.00427636209356422,0.531408239241742,0.089,0.069,1
"RIC8B","RIC8B",0.00428345956516983,0.142567319328521,0.265,0.23,1
"DDX49","DDX49",0.00429499525893617,0.303370243072593,0.098,0.076,1
"NHLRC1","NHLRC1",0.00430271099206913,-1.4460921317635,0.004,0.01,1
"TUBA1C","TUBA1C",0.00430487409633236,0.551750382472763,0.028,0.017,1
"EPHX1","EPHX1",0.00430779155978002,0.240097221196633,0.198,0.167,1
"ANKS6","ANKS6",0.00431008417676597,0.177624517842349,0.291,0.256,1
"VPS28","VPS28",0.00431027390240544,-0.253753893707868,0.17,0.198,1
"ENSG00000281849","ENSG00000281849",0.00431263333305744,-1.02607302273995,0.011,0.021,1
"LPAR6","LPAR6",0.00431263508390673,0.872204030907935,0.018,0.009,1
"PYGB","PYGB",0.00432729552616561,0.241925721433867,0.227,0.195,1
"POLR2M","POLR2M",0.00432875171145358,0.27150242931986,0.097,0.074,1
"TRIM9","TRIM9",0.00433324380967302,-0.214085536586159,0.44,0.466,1
"ENSG00000257831","ENSG00000257831",0.00433776668323167,-1.07023747857557,0.012,0.022,1
"MALSU1","MALSU1",0.00434615824414634,0.209324553517808,0.16,0.131,1
"ENSG00000230910","ENSG00000230910",0.00435339608478696,-0.29376901769372,0.187,0.214,1
"RPS27AP5","RPS27AP5",0.00435372833504152,-0.574259742533748,0.035,0.05,1
"DCUN1D4","DCUN1D4",0.00435998291935389,0.118810188534762,0.516,0.478,1
"ENSG00000259066","ENSG00000259066",0.00436980470362324,0.63892972355458,0.037,0.024,1
"MATCAP1","MATCAP1",0.00437082790159465,-0.513439684721436,0.061,0.081,1
"IGF2R","IGF2R",0.00437467305878605,0.174330026903499,0.302,0.266,1
"METTL25","METTL25",0.00437720478536984,-0.309189224867504,0.281,0.31,1
"CENPX","CENPX",0.00438671978948116,0.289272508662153,0.059,0.042,1
"CXXC4-AS1","CXXC4-AS1",0.00439880437578317,-0.366351646777799,0.089,0.111,1
"WDR31","WDR31",0.00440336013246389,-0.840939529450296,0.02,0.033,1
"COPRS","COPRS",0.00440689114310593,0.465199334218127,0.065,0.047,1
"ZNF335","ZNF335",0.00441149768250648,0.295544416635233,0.115,0.091,1
"RPF1","RPF1",0.00441247755256601,0.425518161305891,0.066,0.048,1
"OTULIN","OTULIN",0.00441809883540067,0.192119517453208,0.161,0.132,1
"CFLAR-AS1","CFLAR-AS1",0.00445953932686316,-1.30804829755266,0.006,0.014,1
"RTL6","RTL6",0.00446992293275083,0.295954983803797,0.033,0.021,1
"COX18","COX18",0.00448503275260074,-0.513055399159027,0.058,0.077,1
"ENSG00000266578","ENSG00000266578",0.00450146607291472,0.848685779157558,0.017,0.009,1
"LINC00662","LINC00662",0.00450394056003157,0.219210605802044,0.276,0.241,1
"ENSG00000261584","ENSG00000261584",0.00451670758093767,0.306898432944738,0.066,0.048,1
"NADK2","NADK2",0.00452228842362945,-0.386036738461907,0.112,0.136,1
"MED30","MED30",0.00454066498282055,0.352485103629921,0.076,0.057,1
"QRICH2","QRICH2",0.00454206474398079,0.425250397623868,0.063,0.046,1
"UPP2","UPP2",0.0045437607082408,-0.621584113181831,0.053,0.072,1
"ZBTB8OS","ZBTB8OS",0.00454400712702547,0.132389632560227,0.404,0.36,1
"HLTF","HLTF",0.00454690829630007,-0.251031619863922,0.252,0.281,1
"EXOSC1","EXOSC1",0.00454802434868061,0.257867936541762,0.176,0.147,1
"NOP14","NOP14",0.00454995134925029,0.430246259389337,0.071,0.053,1
"ENSG00000257139","ENSG00000257139",0.0045513645627265,-0.244373883922432,0.368,0.395,1
"ZNF143","ZNF143",0.00456225495853007,0.301696854372067,0.094,0.073,1
"CAV2","CAV2",0.00459043219168517,0.678109069819762,0.046,0.031,1
"CRLF3","CRLF3",0.00460097597071507,0.138944933103787,0.243,0.207,1
"HPSE2","HPSE2",0.00460428092438706,0.420354103829764,0.043,0.029,1
"EP300","EP300",0.00463048873506673,0.143503425298013,0.464,0.424,1
"KAT8","KAT8",0.00463334358236629,0.267663238249982,0.143,0.116,1
"STXBP4","STXBP4",0.00463390990233797,-0.393156586619529,0.133,0.159,1
"SLC4A10","SLC4A10",0.0046376922860992,-1.11495717959965,0.009,0.018,1
"ZNF891","ZNF891",0.00465398913974143,0.207290169001367,0.191,0.161,1
"GDPD5","GDPD5",0.00466283019528923,0.684174252676536,0.037,0.024,1
"DTHD1","DTHD1",0.00467157882916555,-1.09950882320522,0.021,0.034,1
"CASP8AP2","CASP8AP2",0.00467983189401856,0.217593820456959,0.225,0.193,1
"SLC3A2","SLC3A2",0.00468137657180398,0.277588288980897,0.082,0.062,1
"POLR2A","POLR2A",0.00469204282318998,-0.319139226414262,0.166,0.192,1
"ZNF330","ZNF330",0.00469440655553257,0.292076808093479,0.081,0.061,1
"MARK4","MARK4",0.00469934605551862,0.211658262973847,0.198,0.168,1
"RSF1","RSF1",0.00472256613686301,0.115096201086216,0.579,0.529,1
"CACNA1B","CACNA1B",0.00475806654463351,-0.761862733754606,0.013,0.024,1
"KLHL35","KLHL35",0.00477341579426282,-0.964772350482199,0.009,0.018,1
"LOC101928988","LOC101928988",0.00477804662363148,-0.947698044491402,0.009,0.019,1
"PPM1G","PPM1G",0.00477834311381297,-0.372682367141403,0.169,0.193,1
"ENSG00000281883","ENSG00000281883",0.00478614066130846,-0.391058692412523,0.099,0.123,1
"TMEM150A","TMEM150A",0.00480350661870418,0.674207050605874,0.025,0.015,1
"PRRC1","PRRC1",0.00480606388498823,0.193334898655491,0.139,0.113,1
"TATDN3","TATDN3",0.00481522358985886,-0.222023522375487,0.227,0.259,1
"PI4KB","PI4KB",0.00481976722871675,-0.311329305479926,0.202,0.229,1
"SKP2","SKP2",0.00482178274375334,-0.325632879661841,0.128,0.154,1
"ACBD6","ACBD6",0.00482290233793214,-0.143738808608828,0.445,0.48,1
"RPN1","RPN1",0.00482741635603349,0.340285731171125,0.17,0.143,1
"DGKE","DGKE",0.00483445395688336,0.414451228937358,0.083,0.064,1
"FBXL12","FBXL12",0.00483601403194709,-0.544940872300058,0.053,0.072,1
"FNDC7","FNDC7",0.00486583771895473,-1.41032416355301,0.004,0.011,1
"COMMD2","COMMD2",0.00486711263692023,0.242613831572221,0.138,0.112,1
"KIF22","KIF22",0.00487120922303858,-0.624359858882403,0.029,0.044,1
"ST7","ST7",0.00487436548496955,-0.286703820359335,0.204,0.235,1
"DDX3X","DDX3X",0.00489029129179367,0.177410369413806,0.271,0.238,1
"PJVK","PJVK",0.00489111155531853,0.482782356026134,0.081,0.062,1
"ENSG00000144785","ENSG00000144785",0.00489271727930138,-0.575557374136586,0.041,0.058,1
"EHHADH","EHHADH",0.00491179001450139,-0.787256715369794,0.027,0.04,1
"RAP2B","RAP2B",0.00492755179567137,1.06784089884394,0.019,0.01,1
"PSMD6-AS2","PSMD6-AS2",0.00493000632152275,0.486927286116934,0.045,0.031,1
"ENSG00000269028","ENSG00000269028",0.0049326566119098,-0.21668687135352,0.226,0.254,1
"LRRCC1","LRRCC1",0.00494017249766002,-0.366989967839998,0.059,0.079,1
"RASD2","RASD2",0.00494033515022031,1.02048592275243,0.016,0.008,1
"ZNF214","ZNF214",0.0049434157532167,-1.43030166531344,0.005,0.013,1
"MSX1","MSX1",0.0049526155456002,0.859257058591071,0.019,0.01,1
"IVNS1ABP","IVNS1ABP",0.00497132725274548,0.148231463974309,0.321,0.283,1
"BAG6","BAG6",0.00497622751563893,0.131186589525726,0.121,0.096,1
"PFDN6","PFDN6",0.00497887933111719,0.364832711322765,0.089,0.069,1
"ZNF138","ZNF138",0.00499341878382866,0.186118798922278,0.296,0.261,1
"EIF4A1","EIF4A1",0.00499742153178808,-0.476369285048837,0.092,0.114,1
"ZDHHC12","ZDHHC12",0.00501143487699825,-1.04197359553405,0.01,0.02,1
"H4C8","H4C8",0.00501807894028599,0.72073300181744,0.04,0.026,1
"ZBTB4","ZBTB4",0.00503279233782706,0.172522469850819,0.277,0.243,1
"CLTCL1","CLTCL1",0.00503605145300438,-0.251494441199659,0.079,0.102,1
"LINC00222","LINC00222",0.00504924583908206,0.625421610558959,0.035,0.022,1
"NKPD1","NKPD1",0.00505074449221301,-0.865671108152054,0.003,0.01,1
"ZSCAN16-AS1","ZSCAN16-AS1",0.00505238831468562,0.213948588031426,0.147,0.12,1
"CNTLN","CNTLN",0.00506209295192496,0.282675677461361,0.126,0.102,1
"NDUFB2","NDUFB2",0.00507109741608507,-0.206806335402283,0.247,0.275,1
"USP46","USP46",0.00509334244675957,-0.60059159611215,0.058,0.077,1
"NTM-AS3","NTM-AS3",0.00511244734712867,0.425430322492706,0.026,0.015,1
"TNIP2","TNIP2",0.00511390327182787,0.492752853278048,0.037,0.024,1
"SET","SET",0.00511942053555471,0.197030217379334,0.253,0.22,1
"ENSG00000249249","ENSG00000249249",0.00512300381501612,-0.867425578113605,0.019,0.031,1
"XPO6","XPO6",0.00512406205678465,-0.169313451551632,0.407,0.434,1
"ENSG00000277675","ENSG00000277675",0.00513862170345853,0.217329186803623,0.043,0.029,1
"LINC02803","LINC02803",0.00514131062603303,0.741598162131965,0.022,0.012,1
"ENSG00000228108","ENSG00000228108",0.00514312771911934,0.686809960097032,0.031,0.019,1
"ADGRL1","ADGRL1",0.00514449143107948,0.162722153840912,0.262,0.226,1
"HMGCLL1","HMGCLL1",0.00514859621254362,0.481317025365434,0.084,0.065,1
"ZNF483","ZNF483",0.00515644668985787,0.135283388898165,0.476,0.434,1
"NKTR","NKTR",0.00515733492546342,-0.116603908506592,0.776,0.774,1
"ZC3H3","ZC3H3",0.00515995108204291,0.311489552765817,0.128,0.103,1
"PALS2","PALS2",0.0051618312459623,1.05114936096981,0.019,0.01,1
"PLEKHA6","PLEKHA6",0.00516411806291756,0.219123539587177,0.257,0.225,1
"ENSG00000236723","ENSG00000236723",0.00517231545758419,0.368947627031023,0.042,0.028,1
"CRK","CRK",0.00517768470997722,0.172495004779891,0.213,0.182,1
"ZNF28","ZNF28",0.00518957227222811,0.470127805988136,0.063,0.046,1
"MMP24","MMP24",0.00519144031198459,0.518504798977085,0.048,0.033,1
"DET1","DET1",0.00520065089595269,-0.492129847532035,0.076,0.097,1
"KLF16","KLF16",0.00521623026451946,0.937580537477762,0.019,0.01,1
"AP1B1","AP1B1",0.00522660528825863,0.261202550528209,0.147,0.12,1
"SPATA2L","SPATA2L",0.0052291347104071,0.785871733211783,0.015,0.008,1
"EMC2","EMC2",0.00523801884321369,0.115713041012368,0.42,0.379,1
"ZNF436","ZNF436",0.0052380475507816,0.561234959904033,0.029,0.018,1
"WASHC1","WASHC1",0.00525950019733879,0.191625976809876,0.424,0.39,1
"TMPO","TMPO",0.00527328204514453,0.127480467536004,0.12,0.095,1
"RAB11FIP3","RAB11FIP3",0.00527832666424136,-0.170293122826101,0.316,0.349,1
"CEP44","CEP44",0.00528628838499894,-0.295014745475044,0.208,0.235,1
"HTR3E-AS1","HTR3E-AS1",0.00528990323626001,0.811764581379753,0.015,0.008,1
"DUT","DUT",0.00529320981162936,0.154603661745754,0.215,0.183,1
"ZNF423","ZNF423",0.0053054127455279,-1.65339772265661,0.004,0.012,1
"MFF-DT","MFF-DT",0.00530748567141688,0.224021489208625,0.076,0.057,1
"MRPL16","MRPL16",0.00530792854829571,-0.691734001064118,0.036,0.051,1
"SLC39A14","SLC39A14",0.0053151876181671,0.427798098865394,0.046,0.032,1
"DYNC2LI1","DYNC2LI1",0.00531567076370047,-0.296884568699601,0.156,0.182,1
"RADX","RADX",0.00532396942916063,0.326875997679909,0.087,0.067,1
"INPP4B","INPP4B",0.00533425318237283,0.186354015260036,0.199,0.168,1
"ENSG00000285447","ENSG00000285447",0.00533471167103493,-0.452299974181137,0.076,0.097,1
"MOK","MOK",0.00534552827783572,-0.74199077423625,0.028,0.042,1
"ZNF497","ZNF497",0.00534799051714738,-1.05644602298343,0.014,0.025,1
"PAK1IP1","PAK1IP1",0.00535237021923551,0.362500395465692,0.071,0.053,1
"ENSG00000264630","ENSG00000264630",0.0053572179663498,0.487516341414737,0.059,0.043,1
"C2orf76","C2orf76",0.00536025437660029,-0.442596433315693,0.104,0.127,1
"ENSG00000285053","ENSG00000285053",0.00536108503546612,0.303490045995086,0.098,0.077,1
"THOC6","THOC6",0.00536504871263643,0.841661794457641,0.022,0.012,1
"ENSG00000229195","ENSG00000229195",0.00539467519492936,0.920261924108347,0.018,0.01,1
"ENSG00000285382","ENSG00000285382",0.00540534023064565,-0.602126504510871,0.025,0.038,1
"ULK4","ULK4",0.00541438136430789,-0.259643476224726,0.161,0.19,1
"TBC1D4","TBC1D4",0.00542102572634457,0.722572829175989,0.022,0.012,1
"CDNF","CDNF",0.00542753986922995,-0.959653560987705,0.016,0.027,1
"GYG1","GYG1",0.00543097424554084,0.427771847645088,0.063,0.046,1
"PCGF2","PCGF2",0.00543466169959178,1.44324661840897,0.014,0.007,1
"STK3","STK3",0.00543696101703309,-0.183138489261999,0.568,0.581,1
"AHCYL2","AHCYL2",0.00543842922931417,0.169951734686977,0.342,0.302,1
"MFAP3L","MFAP3L",0.00544124359927681,0.148074136385237,0.537,0.494,1
"COCH","COCH",0.00544372580965913,0.327146961106717,0.031,0.02,1
"UTP14A","UTP14A",0.00545123686449298,0.471651273827091,0.059,0.042,1
"SPMIP6","SPMIP6",0.00545892025902067,0.45018964676559,0.04,0.026,1
"ZNF512","ZNF512",0.00547060937498068,-0.402550766520684,0.129,0.153,1
"BANF1","BANF1",0.00548020104041797,0.206345847074096,0.141,0.114,1
"ENSG00000254031","ENSG00000254031",0.00548020403949018,0.821132018471219,0.018,0.01,1
"ENSG00000266202","ENSG00000266202",0.00549287898335342,0.438568378347454,0.08,0.061,1
"PPM1H","PPM1H",0.00550959256022001,0.101041640037475,0.791,0.754,1
"ENSG00000276663","ENSG00000276663",0.00553122980786555,-1.22012943003789,0.009,0.017,1
"RO60","RO60",0.0055493173219666,-0.21288302487436,0.308,0.334,1
"ENSG00000276449","ENSG00000276449",0.00555193467347454,0.830918739811828,0.018,0.01,1
"LRRC57","LRRC57",0.00556949821868338,0.687345208408168,0.062,0.045,1
"ENSG00000258214","ENSG00000258214",0.00557296095672882,-0.758120091331593,0.013,0.023,1
"RPP25","RPP25",0.00557313393960501,0.614474848389803,0.034,0.022,1
"AQP11","AQP11",0.00558118254074378,-0.898019363670824,0.031,0.045,1
"PIBF1","PIBF1",0.0055826941932279,-0.168707862263115,0.466,0.491,1
"RBBP6","RBBP6",0.005583000258776,0.12554745622073,0.375,0.334,1
"ENSG00000223528","ENSG00000223528",0.00558309918909268,0.488330021146393,0.036,0.024,1
"BCAN","BCAN",0.00558500938154477,-0.830653720236846,0.013,0.023,1
"SLITRK2","SLITRK2",0.00559449713524698,0.226013817406655,0.165,0.137,1
"MEX3D","MEX3D",0.00560767104234122,-0.707933402187041,0.023,0.036,1
"ZNF771","ZNF771",0.0056091985613697,0.37809186974022,0.082,0.063,1
"SNAP47","SNAP47",0.00561727745443427,0.43988982985176,0.062,0.045,1
"CYP2U1","CYP2U1",0.00563297873037995,-0.832366336041114,0.036,0.051,1
"ENSG00000239920","ENSG00000239920",0.00563585782636667,1.82475028408147,0.013,0.006,1
"APC","APC",0.00564255124576592,-0.21859278978453,0.404,0.427,1
"FRMD6","FRMD6",0.00564273078763852,0.695157550024094,0.03,0.019,1
"TAF11","TAF11",0.00565603399671711,-0.293438413795927,0.158,0.184,1
"SRGAP2","SRGAP2",0.00565788913258969,0.174307697703804,0.345,0.306,1
"BRSK2","BRSK2",0.00567056080360529,0.196878329041763,0.204,0.173,1
"MCOLN1","MCOLN1",0.00567451626709307,0.228566264968134,0.082,0.062,1
"FBXO16","FBXO16",0.00567672619589497,-0.732690085960263,0.017,0.029,1
"TIMELESS","TIMELESS",0.00567928141211382,0.53264703302428,0.04,0.027,1
"RANBP1","RANBP1",0.00569665780372054,-0.668914187965336,0.063,0.082,1
"SYT16","SYT16",0.00569939655463415,-0.593819993195148,0.018,0.03,1
"TPP1","TPP1",0.00571133262817465,0.101192867157258,0.237,0.2,1
"TAPBP","TAPBP",0.00571155323557788,0.19365745309593,0.082,0.062,1
"ATIC","ATIC",0.00571955870820322,0.137345940587515,0.209,0.175,1
"SRPK1","SRPK1",0.0057451992903748,0.219598540804748,0.198,0.169,1
"POLA1","POLA1",0.00575249593712417,-0.265105099880044,0.394,0.419,1
"ENSG00000257507","ENSG00000257507",0.00576138323889256,0.952307325072433,0.014,0.007,1
"LINC01266","LINC01266",0.00577589401569629,-0.417892721853799,0.1,0.124,1
"SIPA1L1","SIPA1L1",0.00579229495360742,-0.193901853106589,0.589,0.603,1
"TMEM123-DT","TMEM123-DT",0.00579925602944093,-1.26947781638801,0.009,0.018,1
"IRX2","IRX2",0.00580294625070029,1.2265527559918,0.013,0.006,1
"RGS11","RGS11",0.00582294990552533,-0.332894129831989,0.119,0.144,1
"TSPYL4","TSPYL4",0.0058235829942246,0.325552163811398,0.08,0.06,1
"LOC105274304","LOC105274304",0.00582432119857455,-1.56947511952722,0.005,0.012,1
"ARRB2","ARRB2",0.00582590020395305,0.253508575910656,0.067,0.05,1
"ZFAND2A-DT","ZFAND2A-DT",0.00583560706430517,0.313997901936925,0.038,0.025,1
"ERI2","ERI2",0.00587025597002772,-0.382992995785984,0.075,0.096,1
"CTDSP1","CTDSP1",0.00588408032156838,-0.321867133691763,0.083,0.105,1
"GPATCH11","GPATCH11",0.00588889163252081,0.304102537448658,0.102,0.08,1
"NCAPH2","NCAPH2",0.00590254281705182,-0.612391116398481,0.046,0.063,1
"ERP44","ERP44",0.00590818847517026,0.184847504055527,0.332,0.294,1
"RBM11","RBM11",0.00593827572844532,0.569438754406251,0.04,0.027,1
"IQCK-AS1","IQCK-AS1",0.00594347634860107,0.261125593773777,0.05,0.035,1
"SP2-AS1","SP2-AS1",0.0059556820842363,-0.367801488295013,0.05,0.068,1
"SLC35E2B","SLC35E2B",0.0059587884344482,0.193033477382379,0.14,0.114,1
"APRT","APRT",0.00596048266355962,-0.668429620400879,0.047,0.064,1
"TMOD1","TMOD1",0.00596854928475111,-0.649694910992731,0.022,0.035,1
"STX16-NPEPL1","STX16-NPEPL1",0.00596987008442517,0.547355134970781,0.034,0.022,1
"UBE3C","UBE3C",0.00598902489749219,0.10991736032093,0.495,0.452,1
"SCPEP1","SCPEP1",0.00599741236981503,-0.377182647957097,0.101,0.123,1
"SEMA4G","SEMA4G",0.00600299278018555,-0.94647883625123,0.032,0.046,1
"DNAH10","DNAH10",0.00601252415375312,0.510343016007639,0.052,0.037,1
"FAM178B","FAM178B",0.00601843516938022,-0.300484306166198,0.204,0.232,1
"MIEN1","MIEN1",0.00603397279743563,0.237712185907238,0.131,0.106,1
"P4HB","P4HB",0.00604440431488383,0.273524367796007,0.19,0.161,1
"ZNF717","ZNF717",0.00604547627771468,0.162140617192601,0.276,0.241,1
"BHLHE41","BHLHE41",0.00604674272816781,0.169053670093127,0.278,0.242,1
"CYB561A3","CYB561A3",0.00605427186295152,0.420556541633347,0.061,0.044,1
"KAT2B","KAT2B",0.00605595209935762,-0.160671780848596,0.658,0.665,1
"KIAA1671","KIAA1671",0.00607213353121023,-1.10989807597855,0.01,0.019,1
"LINC01992","LINC01992",0.0060806181562678,0.421426110287116,0.07,0.052,1
"CRHR1","CRHR1",0.00608831234798515,0.219874764129231,0.165,0.138,1
"UROS","UROS",0.00609675074620618,0.218850030325254,0.211,0.18,1
"KCTD11","KCTD11",0.006099001719802,0.786951397163752,0.021,0.012,1
"MDM4","MDM4",0.00610190771654011,-0.133669122509148,0.579,0.604,1
"IFT140","IFT140",0.00610794978141067,0.334527577771728,0.062,0.045,1
"NLK","NLK",0.00613650466445034,-0.125222682930834,0.777,0.78,1
"CASP7","CASP7",0.0061412021897783,0.512255799318975,0.013,0.006,1
"TLN1","TLN1",0.00614320104703558,-0.354791015959221,0.124,0.148,1
"PCDH1","PCDH1",0.00614815603302254,0.406203203823405,0.078,0.059,1
"ZNF408","ZNF408",0.00615293655744529,0.611116712968001,0.023,0.014,1
"INTS13","INTS13",0.00615328238053677,-0.235232635935972,0.146,0.172,1
"TMEM170B","TMEM170B",0.0061606597712559,0.138871790022005,0.119,0.095,1
"CMTM6","CMTM6",0.00616593397049033,0.624772129788859,0.044,0.03,1
"LINC00624","LINC00624",0.0061740942399628,0.451201372517729,0.042,0.029,1
"TRIM65","TRIM65",0.00618111867279462,0.345205120668026,0.088,0.068,1
"CTU2","CTU2",0.00618379142015213,0.751656624172818,0.027,0.017,1
"STK33","STK33",0.0061862187945484,-0.441583815138288,0.064,0.083,1
"RUVBL2","RUVBL2",0.00619506999356902,0.252214572457555,0.07,0.052,1
"PSMD4","PSMD4",0.00620111395553422,0.172051875647711,0.194,0.163,1
"JARID2","JARID2",0.00620141011148397,0.11537012940631,0.53,0.479,1
"ZNF710","ZNF710",0.0062132807599346,0.147226743444944,0.2,0.169,1
"PAK4","PAK4",0.00622176155007418,0.236576316662039,0.134,0.109,1
"OCLN","OCLN",0.00622290622195503,-0.375306919020562,0.106,0.128,1
"TMEM50B","TMEM50B",0.00622715526566305,-0.242997904004896,0.237,0.265,1
"TIMM21","TIMM21",0.00622887718704356,0.217835826038695,0.07,0.052,1
"ENDOG","ENDOG",0.00623507464605485,-0.639936214555806,0.052,0.07,1
"RBM15-AS1","RBM15-AS1",0.00624310865017019,0.79627476400246,0.036,0.024,1
"ZNF10","ZNF10",0.00625116605064652,-1.73602679017351,0.004,0.011,1
"NDRG3","NDRG3",0.00625309686476352,0.106355688158065,0.216,0.183,1
"ARHGAP31","ARHGAP31",0.00625514168241947,0.558304378997317,0.031,0.02,1
"ENSG00000249602","ENSG00000249602",0.00627273098808338,1.40532098649056,0.012,0.005,1
"KCNIP2-AS1","KCNIP2-AS1",0.00629382223714322,1.17345204028459,0.012,0.005,1
"KLRD1","KLRD1",0.00631238159036907,0.298036322265284,0.077,0.058,1
"RAB6A","RAB6A",0.00632285296358857,-0.180395345522716,0.469,0.493,1
"STT3B","STT3B",0.00632724332116162,0.120485089981426,0.321,0.284,1
"XPOT","XPOT",0.00633367528098214,0.239520038619595,0.16,0.134,1
"KHDRBS2","KHDRBS2",0.00633661694116342,0.151187859004487,0.171,0.143,1
"IQCH-AS1","IQCH-AS1",0.0063409053991559,0.526390357643869,0.073,0.055,1
"ARMC5","ARMC5",0.00634304645986312,0.359560471821656,0.05,0.035,1
"MRPS2","MRPS2",0.00635411327499783,0.219195829486968,0.034,0.022,1
"SPATA6L","SPATA6L",0.00636412416545441,-0.395160089153954,0.046,0.063,1
"UBXN2A","UBXN2A",0.00636779441916748,0.142124746589704,0.384,0.348,1
"CFAP96","CFAP96",0.00637875585427617,0.479010497246894,0.063,0.046,1
"SMIM27","SMIM27",0.00639958307554733,-0.599375887512511,0.034,0.049,1
"YIPF1","YIPF1",0.00641776230220952,0.287032994683806,0.099,0.078,1
"MRPL1","MRPL1",0.00642746183898853,-0.290938289065098,0.156,0.182,1
"CMTM7","CMTM7",0.00642959547400561,0.942706568290009,0.012,0.005,1
"ZCRB1","ZCRB1",0.00646029952036194,-0.442136542613952,0.114,0.137,1
"ELAVL1","ELAVL1",0.00647716015498143,0.17353843552489,0.261,0.226,1
"KATNBL1","KATNBL1",0.00648852242329607,-0.172410305937693,0.407,0.431,1
"ENSG00000272335","ENSG00000272335",0.00649448390460511,0.286085832178806,0.058,0.042,1
"G2E3","G2E3",0.006520730038256,0.165023943854354,0.213,0.181,1
"PGBD4","PGBD4",0.0065477521150072,0.40725637543298,0.049,0.034,1
"RB1-DT","RB1-DT",0.00655108071412838,-0.773092030081091,0.004,0.011,1
"PRPF3","PRPF3",0.0065623465407401,-0.306936061799627,0.163,0.189,1
"LINC01567","LINC01567",0.00657031587979388,1.31216249077039,0.011,0.005,1
"SH3BP5L","SH3BP5L",0.00658125258175417,0.34118536339434,0.069,0.052,1
"B4GALNT3","B4GALNT3",0.00660328052329607,0.357714552044054,0.027,0.017,1
"LINC02133","LINC02133",0.00662776196379043,1.27894364422862,0.01,0.004,1
"ENSG00000239467","ENSG00000239467",0.00664138423855025,0.86772566911027,0.012,0.005,1
"ARFGEF2","ARFGEF2",0.00664151275527919,-0.210553837690971,0.289,0.321,1
"SH3PXD2B","SH3PXD2B",0.00666157666056361,0.1342213254365,0.476,0.434,1
"APP-DT","APP-DT",0.00667778414624293,1.085815454463,0.011,0.005,1
"LMF1-AS1","LMF1-AS1",0.00667865712072523,0.371720440347977,0.087,0.067,1
"TRRAP","TRRAP",0.0066858755898161,0.115991807635289,0.415,0.376,1
"ENSG00000274341","ENSG00000274341",0.00669744663769806,-0.918692118081544,0.008,0.016,1
"ASIC1","ASIC1",0.00669810752234043,-0.67347382496701,0.053,0.07,1
"PPM1M","PPM1M",0.00670750233686952,0.782225993690728,0.011,0.005,1
"CFAP263","CFAP263",0.00671732357509614,-0.547509159087125,0.022,0.034,1
"ENSG00000231079","ENSG00000231079",0.00672882034117082,0.140345508997851,0.595,0.553,1
"LYRM9","LYRM9",0.00673054677492216,0.791912513971681,0.022,0.013,1
"DMAC1","DMAC1",0.00674046770624103,-0.288219379907184,0.09,0.112,1
"CNIH4","CNIH4",0.00674773553690904,0.347656655563788,0.111,0.089,1
"ENSG00000236556","ENSG00000236556",0.00674952967292144,0.96503525791297,0.011,0.005,1
"ABHD4","ABHD4",0.0067556661991758,0.43405713541038,0.041,0.028,1
"PAK1","PAK1",0.00676155671553057,-0.264677215626872,0.24,0.269,1
"UCHL1-DT","UCHL1-DT",0.00676513812237325,0.805198112563473,0.01,0.004,1
"NR1H3","NR1H3",0.00676688332857719,0.431914683931796,0.064,0.047,1
"DDX11","DDX11",0.00677870605603816,0.380489005630401,0.074,0.056,1
"PRDX1","PRDX1",0.00678872214672036,0.152331430376357,0.482,0.444,1
"APBA1","APBA1",0.00679181373261374,0.140130163512256,0.362,0.323,1
"APOC1","APOC1",0.00679752715760551,0.916476808225977,0.022,0.013,1
"ENSG00000280683","ENSG00000280683",0.00683023441075437,-1.47826742192533,0.008,0.016,1
"ZFP36L2","ZFP36L2",0.00683384214185833,0.229298441348825,0.138,0.113,1
"KBTBD7","KBTBD7",0.00684025399832281,0.258144968488405,0.073,0.055,1
"RALY-AS1","RALY-AS1",0.00684673436609279,-0.695512213872286,0.023,0.036,1
"PPP1R15B","PPP1R15B",0.00685516677979657,0.295652814207997,0.107,0.085,1
"CA5B","CA5B",0.0068611829828166,-0.301208185511726,0.164,0.19,1
"ENSG00000245482","ENSG00000245482",0.00686136578088347,0.774553386605549,0.01,0.004,1
"FBXW5","FBXW5",0.00687014323195178,0.237773953538802,0.142,0.117,1
"TMC8","TMC8",0.00687073684345056,0.563855377811281,0.048,0.034,1
"CDC14B","CDC14B",0.00688149554508362,-0.118531182113348,0.809,0.806,1
"MORF4L1","MORF4L1",0.00689936413327655,0.126987297370293,0.448,0.403,1
"GLOD4","GLOD4",0.00691198044075481,-0.550217565246752,0.053,0.07,1
"INTS12","INTS12",0.00693153856141208,0.276881032513593,0.099,0.078,1
"GRAMD1B","GRAMD1B",0.00694119422766249,0.870187514998662,0.031,0.02,1
"FBXL15","FBXL15",0.00697706592614996,0.454704679913934,0.051,0.036,1
"ENSG00000228043","ENSG00000228043",0.00698763986070062,0.182917863043335,0.116,0.094,1
"ANKZF1","ANKZF1",0.00698879945148362,0.180751029720393,0.192,0.163,1
"SYCE2","SYCE2",0.00699598351117693,0.278891374635002,0.042,0.028,1
"DEF8","DEF8",0.00699615261581983,0.288137422005204,0.166,0.14,1
"UBALD1","UBALD1",0.00700070258948263,0.28698457291189,0.092,0.071,1
"CDC27","CDC27",0.00700713846756445,0.108226698200708,0.463,0.42,1
"ENSG00000235475","ENSG00000235475",0.00701782741063201,0.443791942598956,0.038,0.025,1
"ENSG00000259442","ENSG00000259442",0.00701835954028492,-0.602340603122943,0.015,0.025,1
"SNAPIN","SNAPIN",0.00702654877352177,0.315960324610115,0.071,0.053,1
"ZMAT5","ZMAT5",0.00703912993420056,0.369384929377911,0.059,0.043,1
"SLC30A5","SLC30A5",0.00704851732866528,-0.445055488957771,0.128,0.151,1
"PEX39","PEX39",0.00705858568121717,-0.729574976773202,0.033,0.047,1
"C14orf93","C14orf93",0.00708767726586528,0.359546976884492,0.061,0.045,1
"DVL2","DVL2",0.00710163308810954,0.199373815498364,0.086,0.066,1
"KDM1A","KDM1A",0.00710792023453974,-0.375064365227497,0.141,0.165,1
"LRRIQ1","LRRIQ1",0.00711077574561567,-0.609651046710251,0.008,0.016,1
"MYH10","MYH10",0.00711129967823474,0.487319425198189,0.044,0.03,1
"RELT","RELT",0.00711166496201581,-0.539233985844648,0.035,0.049,1
"PHLDA1","PHLDA1",0.00712195746735227,0.454954072952274,0.019,0.011,1
"ENSG00000266049","ENSG00000266049",0.00715180325949081,-0.657321378442147,0.035,0.05,1
"LRIG1","LRIG1",0.00716451778509115,-0.265431198514956,0.294,0.321,1
"PASK","PASK",0.00716514466998199,0.953956749341425,0.016,0.008,1
"CHRNA5","CHRNA5",0.00717645705387861,1.01614142503595,0.019,0.01,1
"AP5S1","AP5S1",0.00719121580370751,-0.544769254541094,0.017,0.028,1
"TTLL1","TTLL1",0.00722125283584707,-0.456191984927753,0.033,0.048,1
"C1orf226","C1orf226",0.00723662883052399,0.774606389097898,0.024,0.014,1
"MAN2C1","MAN2C1",0.00725605602648342,0.203857578491737,0.174,0.146,1
"ENSG00000258881","ENSG00000258881",0.00726524852128104,-0.80473207662333,0.027,0.04,1
"CHURC1-FNTB","CHURC1-FNTB",0.00727805469596074,0.199248736397806,0.161,0.134,1
"RHOC","RHOC",0.00728013838279152,-1.29629771022184,0.006,0.014,1
"NUMB","NUMB",0.00728358120692051,-0.23328117913496,0.289,0.318,1
"AMFR","AMFR",0.00729316086416992,0.255747169315783,0.233,0.202,1
"EED","EED",0.00734687378789424,0.346543485154701,0.15,0.126,1
"RLIM","RLIM",0.00736049578648408,0.224985986669385,0.116,0.093,1
"TAF2","TAF2",0.00737746632237834,-0.263380047664738,0.22,0.249,1
"EIF4H","EIF4H",0.00739952358049341,-0.283132124285511,0.233,0.259,1
"HEATR5A-DT","HEATR5A-DT",0.00742616437772607,0.596147760398864,0.027,0.016,1
"FAM89B","FAM89B",0.00743589644250772,0.358254162708551,0.067,0.049,1
"SLC22A5","SLC22A5",0.0074400744974212,0.472153301437009,0.039,0.026,1
"MRPS33","MRPS33",0.00746693430969097,0.213301520342275,0.094,0.074,1
"SYCP2L","SYCP2L",0.00747303418789483,0.311414478159531,0.072,0.054,1
"RMDN3","RMDN3",0.00748889496776293,-0.321902243571139,0.122,0.145,1
"ENSG00000273487","ENSG00000273487",0.00749980503350954,0.985202908530092,0.015,0.008,1
"METTL16","METTL16",0.00751249171539274,-0.22227664410896,0.296,0.323,1
"TNKS1BP1","TNKS1BP1",0.00752283892222772,-1.11402358758174,0.01,0.019,1
"POLR3C","POLR3C",0.00753172216681903,0.250207856487351,0.08,0.062,1
"OAT","OAT",0.00753926390736706,0.120914659906421,0.195,0.165,1
"C5","C5",0.00754257692043261,-0.382877944784517,0.09,0.111,1
"CYSTM1","CYSTM1",0.00754389186100664,0.229119198339913,0.129,0.105,1
"ENSG00000234826","ENSG00000234826",0.00756837555695269,-1.36210126372307,0.005,0.012,1
"BCLAF3","BCLAF3",0.00757598913694543,-0.333508253527624,0.189,0.213,1
"GPBP1","GPBP1",0.00757792927334635,-0.148289831265061,0.597,0.615,1
"SNAI3","SNAI3",0.00757815335634971,0.617108000196281,0.019,0.01,1
"ENSG00000271855","ENSG00000271855",0.00758281467301016,-1.70057579711451,0.007,0.015,1
"PARG","PARG",0.00758557471912996,-0.159013996144644,0.364,0.391,1
"EWSR1","EWSR1",0.00759412380979641,0.133503513553784,0.352,0.31,1
"TCEAL7","TCEAL7",0.00759594008571602,-0.416041758214378,0.14,0.163,1
"SPG7","SPG7",0.0076011320692012,-0.169425594950292,0.327,0.357,1
"ENSG00000268401","ENSG00000268401",0.00761467862629464,-1.24706145204735,0.007,0.014,1
"ENSG00000268061","ENSG00000268061",0.00764623568052681,0.430131058097953,0.032,0.021,1
"AKIRIN1","AKIRIN1",0.00765618704946495,-0.213518619200228,0.314,0.341,1
"BSN","BSN",0.00768296611389461,-0.55061732856393,0.036,0.051,1
"ELP5","ELP5",0.00769450291964236,0.356694140468775,0.059,0.043,1
"DPP9","DPP9",0.00770340225101001,0.201836417831823,0.185,0.157,1
"TP53INP1","TP53INP1",0.00771198393501395,0.367235243995532,0.065,0.049,1
"CACUL1","CACUL1",0.0077281834015767,-0.269915255612282,0.235,0.259,1
"C11orf58","C11orf58",0.00774589299961886,-0.297991627359904,0.286,0.308,1
"UBN2","UBN2",0.00774958412461108,0.114025099726123,0.463,0.425,1
"HECTD2","HECTD2",0.0077622310032798,0.312570703289631,0.083,0.064,1
"ARSB","ARSB",0.00777612624738392,0.115884626364125,0.253,0.218,1
"RGMB","RGMB",0.00777995487500354,0.399014160472942,0.042,0.029,1
"ZEB2-AS1","ZEB2-AS1",0.00779658908488134,-1.06493883345625,0.011,0.021,1
"MPP3","MPP3",0.00781605654725483,-0.539534901070139,0.046,0.062,1
"MEGF11","MEGF11",0.00783358229729678,-1.24387054827797,0.011,0.021,1
"PIAS4","PIAS4",0.00784394322693776,0.199397347143542,0.247,0.215,1
"PRADC1","PRADC1",0.00787102602605919,0.463448478171821,0.046,0.032,1
"ZFP62","ZFP62",0.00787333434667368,0.370316752560444,0.062,0.046,1
"UBE3B","UBE3B",0.00787397574275113,-0.248413098971694,0.246,0.273,1
"MCM3AP","MCM3AP",0.00788030903711028,-0.261871466114772,0.216,0.241,1
"SLC2A6","SLC2A6",0.0078812292142944,0.662893439009357,0.038,0.026,1
"SAT1","SAT1",0.00789864916574689,0.234072453407196,0.051,0.036,1
"DCAF13","DCAF13",0.0079008790824399,-0.502424491635367,0.058,0.075,1
"LINC00276","LINC00276",0.00791874689234461,0.846047844959132,0.036,0.024,1
"HEATR6","HEATR6",0.007919406023925,-0.220808735835166,0.134,0.159,1
"MIR193BHG","MIR193BHG",0.00794235698233887,-0.766996582414631,0.022,0.035,1
"NBPF11","NBPF11",0.00798438957650973,-0.226776112962014,0.14,0.166,1
"USH1C","USH1C",0.00798616917450736,-0.279442527978465,0.137,0.163,1
"ARHGEF3","ARHGEF3",0.0079952015605178,0.17390760580391,0.342,0.311,1
"ATP6V0A2","ATP6V0A2",0.00799616502108027,0.277152251028208,0.15,0.125,1
"CTPS1","CTPS1",0.00802201159282586,0.305896800010158,0.084,0.065,1
"SLC25A6","SLC25A6",0.0080224173407886,0.292910646211546,0.13,0.106,1
"ATG2B","ATG2B",0.00802263166071152,-0.219205721469538,0.342,0.366,1
"GSG1L","GSG1L",0.00803200201352592,-1.57229473802578,0.005,0.012,1
"BLVRB","BLVRB",0.00803859157432042,-0.601387435396399,0.038,0.053,1
"ZBTB7A","ZBTB7A",0.00804776425638227,0.165975979443473,0.329,0.293,1
"ABCC4","ABCC4",0.00804795725925911,-0.882019557911132,0.014,0.025,1
"TXNL4A","TXNL4A",0.00805113432385107,-0.277114377378419,0.219,0.246,1
"ENSG00000215159","ENSG00000215159",0.0080690976744769,-1.0353543591268,0.012,0.021,1
"HSF5","HSF5",0.00809285653787674,0.948139482672157,0.018,0.01,1
"TUBGCP2","TUBGCP2",0.00810787169867415,-0.305160431523227,0.16,0.184,1
"ENSG00000276791","ENSG00000276791",0.0081270380554922,-0.919566743824116,0.013,0.023,1
"DERA","DERA",0.00812716740743908,-0.34113418514235,0.078,0.099,1
"MTMR1","MTMR1",0.00815201887147536,-0.289149851536971,0.13,0.154,1
"CSTF2T","CSTF2T",0.00816247472968762,0.307593377974402,0.076,0.057,1
"ENSG00000254692","ENSG00000254692",0.00817380877635817,0.404675513919169,0.086,0.067,1
"FAM167A","FAM167A",0.00819242154639455,-1.23049794013512,0.005,0.012,1
"DNPEP","DNPEP",0.00819402349233747,0.322876733892506,0.056,0.041,1
"PTPRG","PTPRG",0.00820680853767079,-0.601817802896214,0.023,0.035,1
"WRNIP1","WRNIP1",0.00822832483994006,0.17201776821052,0.179,0.15,1
"NPHS1","NPHS1",0.00824118945801239,0.654883140317025,0.031,0.02,1
"CAPS2","CAPS2",0.00826426973013431,0.110204696493404,0.444,0.401,1
"AVIL","AVIL",0.00827914803870558,0.331879346458521,0.061,0.045,1
"GRAMD1C","GRAMD1C",0.00833686993097022,0.489623260349074,0.023,0.014,1
"LINC02112","LINC02112",0.00834228023933408,0.646196658437673,0.029,0.018,1
"PLAA","PLAA",0.00836358355111023,0.272711520972377,0.188,0.162,1
"ENSG00000275367","ENSG00000275367",0.0083664786162075,-0.692686264313517,0.022,0.034,1
"ANKRD65","ANKRD65",0.00836917143054697,-0.376160254773233,0.107,0.129,1
"FLVCR1-DT","FLVCR1-DT",0.00840210900740652,0.635252290940058,0.029,0.018,1
"DNAJC30","DNAJC30",0.00842233972598809,-0.346374622793627,0.037,0.052,1
"SLC35F1","SLC35F1",0.00842942650242851,-1.18395376322668,0.019,0.031,1
"ZNF260","ZNF260",0.00843048269120281,0.337527033766865,0.119,0.097,1
"TXLNA","TXLNA",0.00843958866892678,0.249123462802983,0.12,0.097,1
"TSN","TSN",0.0084660431441509,-0.364351414306643,0.124,0.147,1
"CPT2","CPT2",0.00847552703061478,-0.251101110751053,0.031,0.045,1
"ENSG00000233005","ENSG00000233005",0.00847644079141903,0.773421808264534,0.028,0.018,1
"MDGA2","MDGA2",0.00847759476471639,0.41400584066623,0.15,0.126,1
"SLC16A8","SLC16A8",0.00848452634405074,-0.721639018812628,0.019,0.031,1
"GPAM","GPAM",0.00849293423841153,0.597147256333575,0.054,0.039,1
"MAGED2","MAGED2",0.00851752210861961,0.189492468764831,0.094,0.073,1
"ENSG00000231769","ENSG00000231769",0.00853018641724207,0.354961148825929,0.086,0.067,1
"AIP","AIP",0.00857853792982707,0.207624136863764,0.127,0.103,1
"TTYH1","TTYH1",0.00858607184861752,-0.16910050715905,0.458,0.479,1
"GLRX","GLRX",0.00861437567761109,0.678011096124849,0.031,0.02,1
"ENSG00000260510","ENSG00000260510",0.00861595558741213,-1.02341977433222,0.008,0.016,1
"POU2F1","POU2F1",0.00863273790390895,-0.147660843148554,0.564,0.579,1
"TEX10","TEX10",0.00863459910978722,0.301739039357725,0.111,0.09,1
"ZBTB34","ZBTB34",0.00865315798757998,0.224991784481461,0.102,0.081,1
"ENSG00000258225","ENSG00000258225",0.00865423497750879,0.82591242748032,0.022,0.013,1
"XRCC5","XRCC5",0.00866056248546039,-0.133926783598959,0.54,0.557,1
"KLHDC1","KLHDC1",0.00866560906575573,-0.18841553315469,0.355,0.382,1
"LPCAT2","LPCAT2",0.00866846294296798,0.145931246793219,0.236,0.204,1
"CEP152","CEP152",0.00870509577605049,0.286499123260481,0.055,0.04,1
"GPR173","GPR173",0.00870661111772891,-0.200354474698473,0.204,0.233,1
"SLC6A8","SLC6A8",0.00871830420804699,-0.247493806233787,0.428,0.448,1
"ADAM11","ADAM11",0.00872218510049455,-1.15502267238441,0.009,0.017,1
"TMEM109","TMEM109",0.00873238045438644,0.270578383006074,0.044,0.031,1
"EN2-DT","EN2-DT",0.008733972999731,1.0525454968736,0.013,0.007,1
"KCNJ14","KCNJ14",0.00873628445969574,0.796395575300335,0.02,0.012,1
"PHF10","PHF10",0.00873681381741164,0.185035706628856,0.185,0.157,1
"SCRIB","SCRIB",0.00873868372460222,0.220252188539507,0.131,0.107,1
"BRPF3","BRPF3",0.00874272743983992,0.326923373227168,0.083,0.064,1
"IRAK4","IRAK4",0.00874743191631753,0.27264973942733,0.108,0.087,1
"SNED1","SNED1",0.00875006109839421,-0.770214033176048,0.02,0.031,1
"STX10","STX10",0.00875181817883955,0.219932896644455,0.08,0.061,1
"NUDT9","NUDT9",0.00876170060955686,0.278651964923333,0.133,0.11,1
"CACNA1D","CACNA1D",0.00878397127968888,-0.365651845642321,0.117,0.141,1
"GUCD1","GUCD1",0.00880872793338424,0.35253181875852,0.08,0.061,1
"BCAS3","BCAS3",0.0088629718385895,-0.114650092344099,0.877,0.871,1
"EIF5A","EIF5A",0.00889176178773287,0.204460118709532,0.1,0.079,1
"FERRY3","FERRY3",0.0089023084999446,0.205253510384811,0.191,0.162,1
"IQCE","IQCE",0.00890634638708979,-0.639152073519155,0.045,0.061,1
"CHCHD2","CHCHD2",0.00890831146343152,-0.308651652670288,0.213,0.235,1
"NPRL2","NPRL2",0.00890957116994593,0.354746218760989,0.06,0.044,1
"LMTK2","LMTK2",0.00892918079054071,0.180966403527884,0.184,0.156,1
"POP1","POP1",0.00893105720352777,-0.525498865098152,0.032,0.046,1
"IDH1","IDH1",0.00894668926887266,0.233361722077851,0.103,0.082,1
"AFG3L2","AFG3L2",0.00895422175653746,-0.325368579405251,0.135,0.159,1
"OTUD3","OTUD3",0.00896929781414604,-0.42919350712709,0.081,0.101,1
"ENSG00000275799","ENSG00000275799",0.00901164859915355,0.729091299557648,0.017,0.009,1
"STN1","STN1",0.00901182439063335,0.152757320150567,0.111,0.089,1
"NRBP1","NRBP1",0.00905054873518183,0.178504465446209,0.157,0.131,1
"ASAH1","ASAH1",0.00909531275384621,0.224104582625186,0.234,0.205,1
"PENK-AS1","PENK-AS1",0.00910208944294492,0.938646777065383,0.013,0.006,1
"CCDC148","CCDC148",0.00912410027194159,0.219962838100703,0.135,0.111,1
"CD44","CD44",0.00916152735803576,-1.04848311612777,0.018,0.028,1
"SNRPA","SNRPA",0.00916246601510477,0.259162233736398,0.082,0.064,1
"DYRK1A","DYRK1A",0.00916339865264193,0.103312150922837,0.588,0.548,1
"ERCC6L2","ERCC6L2",0.00916780636229327,-0.150407376870586,0.504,0.525,1
"SEC61G-DT","SEC61G-DT",0.00917631563621136,-1.04508654428285,0.004,0.011,1
"FAM242A","FAM242A",0.00918026191147316,0.818238189659231,0.022,0.013,1
"PHLPP2","PHLPP2",0.00918047224431908,-0.268634498818503,0.146,0.171,1
"SEC61A2","SEC61A2",0.00918184000296447,-0.317455379064989,0.199,0.222,1
"ADISSP","ADISSP",0.00918577225563267,0.483583405074821,0.025,0.015,1
"RTF2","RTF2",0.00924391329394609,0.136335777516341,0.15,0.124,1
"IDH3A","IDH3A",0.00924794412132213,0.192347763430629,0.121,0.098,1
"RAD1","RAD1",0.00926393491829344,0.362627825035393,0.067,0.051,1
"PLPP2","PLPP2",0.00926418795775425,0.113849920764538,0.418,0.378,1
"ZNF441","ZNF441",0.00926553543357701,-0.802266871099959,0.018,0.029,1
"CAAP1","CAAP1",0.00928995505090181,0.226754294974289,0.156,0.131,1
"TMEM68","TMEM68",0.00931112174687967,0.288955958714007,0.107,0.086,1
"AQP4-AS1","AQP4-AS1",0.00931776795028635,-1.3219822890956,0.014,0.024,1
"SMIM8","SMIM8",0.00931786085096444,-0.390079394946825,0.107,0.129,1
"TUT7","TUT7",0.00933697687637268,0.163354551465891,0.299,0.267,1
"EXD1","EXD1",0.00936520406453692,0.975813002732221,0.017,0.009,1
"CLIP1","CLIP1",0.00937313665912909,0.142116625719556,0.2,0.172,1
"OCEL1","OCEL1",0.00937693442540402,0.569683499487726,0.033,0.022,1
"ANGEL1","ANGEL1",0.00937936186332136,0.29715588163011,0.21,0.185,1
"SLC25A40","SLC25A40",0.00938521483389664,0.269807819902405,0.157,0.132,1
"RNF8","RNF8",0.0093961774998294,-0.28863894597986,0.144,0.168,1
"CHST6","CHST6",0.00939618100282242,0.348165528904117,0.131,0.108,1
"ZMYND11","ZMYND11",0.00941865054575299,0.123123428740753,0.525,0.485,1
"USP21","USP21",0.00942910860082232,0.425488097902159,0.037,0.025,1
"TMEM208","TMEM208",0.00943001519245833,0.200550678100033,0.087,0.068,1
"GNAI3","GNAI3",0.00943055493015228,0.147860313348531,0.178,0.149,1
"LOC112267968","LOC112267968",0.0094307375147501,1.55690264868398,0.012,0.006,1
"OXSR1","OXSR1",0.00943583509776421,0.176331405572492,0.237,0.206,1
"AP1S3","AP1S3",0.00943766438052233,0.375044760949145,0.04,0.028,1
"GNB5","GNB5",0.00944961670626076,0.30231724253509,0.053,0.039,1
"RANBP3-DT","RANBP3-DT",0.00945670312356228,0.876146295081738,0.017,0.009,1
"ERBB2","ERBB2",0.00946157093012055,-0.860082211640269,0.009,0.018,1
"DPAGT1","DPAGT1",0.00951419418342708,0.52717905132334,0.034,0.022,1
"VWC2L","VWC2L",0.00953066151325821,0.979666302519746,0.013,0.006,1
"XPC","XPC",0.00954337941004711,0.145058215226785,0.242,0.21,1
"GAREM2","GAREM2",0.00956589070720668,0.39345395957243,0.028,0.018,1
"YRDC","YRDC",0.009603083070574,0.554255873074879,0.028,0.018,1
"TMA16","TMA16",0.00961001865716339,-0.371467256732602,0.064,0.082,1
"ENSG00000275807","ENSG00000275807",0.00962430350012958,-1.64406395012008,0.005,0.012,1
"ENSG00000285444","ENSG00000285444",0.00962887814037832,-1.06416849480509,0.007,0.014,1
"PCYOX1L","PCYOX1L",0.00964805929779097,-0.795563595585224,0.014,0.024,1
"BRD9","BRD9",0.00966733810102023,0.148231875024949,0.255,0.222,1
"UBQLN4","UBQLN4",0.00967279070944126,0.291367909250668,0.092,0.073,1
"UTP3","UTP3",0.00967766162779583,0.29373210172786,0.059,0.043,1
"CCNF","CCNF",0.00970131185188172,0.730059827267931,0.019,0.011,1
"C15orf40","C15orf40",0.00971155983524378,-0.365897129508207,0.134,0.157,1
"SLC8B1","SLC8B1",0.00977046190864753,-0.562086354488557,0.043,0.058,1
"TMEM64","TMEM64",0.0097735130810731,-0.246010599166319,0.366,0.39,1
"SDHA","SDHA",0.0097752608076896,0.181844272964658,0.278,0.247,1
"ANKRD46","ANKRD46",0.00977553397804145,0.200976322437592,0.133,0.109,1
"MMP16","MMP16",0.00977601711168458,0.75451210249116,0.016,0.009,1
"THAP2","THAP2",0.00980284818040684,0.256756597423986,0.077,0.059,1
"BCOR","BCOR",0.00980293434348819,-0.488832607940578,0.096,0.116,1
"MAN1B1-DT","MAN1B1-DT",0.00980665407402238,-0.692030855941442,0.018,0.029,1
"RFNG","RFNG",0.00981139088940314,0.243104051413981,0.089,0.07,1
"THAP4","THAP4",0.0098139694017307,0.212712005145704,0.124,0.101,1
"TRPV5","TRPV5",0.00982258413242422,-0.318546753222247,0.083,0.104,1
"ABHD17B","ABHD17B",0.00982983068092179,-0.152782860431971,0.517,0.53,1
"SLX4","SLX4",0.00983689188834425,-0.41772245283136,0.038,0.053,1
"CTU1","CTU1",0.00984957281749737,0.354141785082817,0.05,0.036,1
"TIGD2","TIGD2",0.00986352973165015,0.974212946744867,0.019,0.011,1
"LINC01221","LINC01221",0.00986696442492311,-0.858790408388762,0.007,0.014,1
"ENSG00000248092","ENSG00000248092",0.00987262857857862,0.235852366153885,0.225,0.196,1
"RHOXF1-AS1","RHOXF1-AS1",0.00988316312048878,0.324428575222048,0.059,0.043,1
"CIMIP6","CIMIP6",0.00990609923211748,-1.32670545834077,0.007,0.015,1
"HERPUD2","HERPUD2",0.00991748381379797,0.130778724647663,0.21,0.18,1
"ADAMTS18","ADAMTS18",0.00992464954375609,-0.131884877391202,0.366,0.396,1
"ARL9","ARL9",0.00994169484898682,1.09169447462968,0.012,0.005,1
"ENSG00000231856","ENSG00000231856",0.00996688939255918,-0.795559632671397,0.014,0.024,1
"CHSY1","CHSY1",0.00998001104944689,0.189704800406082,0.18,0.152,1
"NBPF9","NBPF9",0.00998570711546739,0.621930218381636,0.044,0.031,1
"CCNE1","CCNE1",0.00999455374567198,1.14930688448123,0.012,0.005,1
"PLAG1","PLAG1",0.0100097958850523,-0.426835809588351,0.102,0.124,1
"ENSG00000269806","ENSG00000269806",0.0100208646609808,0.870501898805041,0.019,0.011,1
"ENSG00000250390","ENSG00000250390",0.010039939170733,-1.03257640162686,0.005,0.012,1
"P3H4","P3H4",0.0100848975428737,0.880894170220595,0.019,0.011,1
"ZNF613","ZNF613",0.0101268989025489,0.432365768903248,0.041,0.028,1
"SHFL","SHFL",0.0101454936590058,0.561720369967498,0.053,0.038,1
"UBE2I","UBE2I",0.0101496504236957,0.201717192367126,0.226,0.195,1
"ENSG00000272906","ENSG00000272906",0.0101662183308617,0.412174686347827,0.026,0.016,1
"TRIT1","TRIT1",0.0101734000947513,-0.298853498835253,0.141,0.165,1
"SLC10A1","SLC10A1",0.0101885717287258,1.16719841482602,0.016,0.008,1
"ZNF140","ZNF140",0.0101958029284811,-0.40790291903782,0.081,0.1,1
"NAA35","NAA35",0.0102015877822586,0.198129364498934,0.339,0.305,1
"DGCR2","DGCR2",0.0102021209588282,0.179200273726307,0.308,0.275,1
"ATP8B2","ATP8B2",0.0102112985858739,0.406013575520956,0.045,0.032,1
"KCNV2","KCNV2",0.0102339376673866,0.797557981917241,0.012,0.005,1
"BOP1","BOP1",0.0102752593858411,0.602609131820177,0.029,0.019,1
"MIS18BP1","MIS18BP1",0.0102786792079566,0.496930332804046,0.061,0.045,1
"EEF1AKMT4-ECE2","EEF1AKMT4-ECE2",0.0102889820922907,1.24542733545796,0.011,0.005,1
"STMN1","STMN1",0.0102968963044638,0.179162001773486,0.617,0.604,1
"MTLN","MTLN",0.0102973246996835,0.241839504347081,0.066,0.049,1
"MEMO1","MEMO1",0.0103095747408949,0.231187840935167,0.1,0.08,1
"ANKFY1","ANKFY1",0.0103341852417934,-0.257984231856837,0.262,0.283,1
"AP1M1","AP1M1",0.0103452514072677,0.275887860160008,0.135,0.112,1
"PER1","PER1",0.0103615839591496,0.242522244766891,0.157,0.131,1
"ENSG00000225279","ENSG00000225279",0.0103658438045086,0.516853820078468,0.039,0.027,1
"ZNF793","ZNF793",0.010386441248894,-0.36508311606242,0.108,0.13,1
"COPS4","COPS4",0.0103950398093028,-0.368882122440513,0.123,0.145,1
"RABL6","RABL6",0.0104014416008086,0.164927656810946,0.303,0.269,1
"CFAP44","CFAP44",0.0104298838407369,0.171021160754234,0.12,0.098,1
"HYI","HYI",0.0104569906919231,0.285788830889827,0.061,0.045,1
"ENSG00000175170","ENSG00000175170",0.0104716411119224,0.115915721704286,0.253,0.221,1
"SPSB3","SPSB3",0.0104815644996871,0.213243812711648,0.154,0.129,1
"LINC02693","LINC02693",0.0104894352026449,0.282887510373081,0.066,0.049,1
"LSM10","LSM10",0.0104993628418226,0.331511522992657,0.049,0.035,1
"OGFR","OGFR",0.0105037779314003,0.228388482716125,0.117,0.095,1
"DUSP6","DUSP6",0.0105057870391396,0.735124275027536,0.016,0.008,1
"PDCD6","PDCD6",0.0105425689347344,0.164765336299456,0.201,0.173,1
"TPD52","TPD52",0.0105783214608073,0.105554247913061,0.547,0.511,1
"PPARA","PPARA",0.0105979924945042,0.141324894572599,0.255,0.223,1
"CHMP1A","CHMP1A",0.0106010942404254,0.262330567103496,0.116,0.095,1
"ENSG00000269145","ENSG00000269145",0.0106192115113259,0.346017295052619,0.057,0.042,1
"STPG2-AS1","STPG2-AS1",0.0106304434360315,1.14888892499796,0.011,0.005,1
"ZMIZ2","ZMIZ2",0.0106352689117979,-0.28784042981365,0.158,0.183,1
"TMEM9","TMEM9",0.0106466893735213,0.286359424898434,0.076,0.059,1
"PDGFC","PDGFC",0.0106586688908161,0.748802612445159,0.021,0.012,1
"NIP7","NIP7",0.0106614588745059,0.597667982508415,0.031,0.02,1
"SARM1","SARM1",0.0106667664942566,-0.488099784105305,0.108,0.128,1
"ENSG00000240093","ENSG00000240093",0.0106804792370403,0.673802613360228,0.034,0.023,1
"RNF138","RNF138",0.0106975581695675,0.120439512207402,0.204,0.173,1
"ACTR2","ACTR2",0.0107222501666253,-0.217909405601216,0.276,0.303,1
"CEP57","CEP57",0.0107345191098535,0.127915103291963,0.268,0.232,1
"DBF4B","DBF4B",0.0107398799461051,-0.252374746485015,0.156,0.182,1
"ZNF570","ZNF570",0.0107406697360034,0.402982276452308,0.063,0.047,1
"CORO6","CORO6",0.0107827609034521,-1.06288234877233,0.008,0.016,1
"PRR14L","PRR14L",0.0108169930593216,0.149020360775289,0.342,0.309,1
"AKT1","AKT1",0.0108419235819887,0.275674189102865,0.075,0.057,1
"LINC02511","LINC02511",0.0108685360565436,0.260195223211379,0.142,0.119,1
"ZNF146","ZNF146",0.0108769382394667,-0.139795341398519,0.534,0.545,1
"UFL1","UFL1",0.0108887883721483,-0.168582421786026,0.341,0.367,1
"SHISA7","SHISA7",0.0109100763164082,0.189353957340098,0.137,0.113,1
"MAMDC4","MAMDC4",0.010911373347974,0.904113789341024,0.015,0.008,1
"MRM3","MRM3",0.0109226090609649,1.03950235553555,0.022,0.014,1
"ITGA7","ITGA7",0.0109237914554195,-0.905545655519971,0.009,0.016,1
"LGR4-AS1","LGR4-AS1",0.010928227778055,0.968054982377564,0.01,0.005,1
"PHETA1","PHETA1",0.0109459242785339,0.738450926706645,0.015,0.008,1
"ZNF500","ZNF500",0.0109703999070871,-0.357338785160255,0.056,0.073,1
"THOP1","THOP1",0.0109707323266232,0.104844538613252,0.109,0.087,1
"NIPAL2","NIPAL2",0.0109771781884741,1.23230955876907,0.01,0.004,1
"PDHX","PDHX",0.0110144464473477,-0.291852147118423,0.222,0.248,1
"ENSG00000272597","ENSG00000272597",0.0110270061489415,0.345277869553996,0.051,0.037,1
"KBTBD8","KBTBD8",0.0110426891135341,1.00006716488892,0.01,0.004,1
"A2M","A2M",0.0110477229212467,0.754402512347638,0.033,0.022,1
"ENSG00000273088","ENSG00000273088",0.011050198141752,0.954987653998389,0.01,0.004,1
"MPPED1","MPPED1",0.0110557898485245,0.459504799326991,0.07,0.053,1
"ZNF382","ZNF382",0.0110750980086319,0.237639475817148,0.111,0.09,1
"EPAS1","EPAS1",0.0110759075506535,-0.733594655040318,0.004,0.01,1
"CTR9","CTR9",0.0110923988410189,0.141181045616847,0.106,0.084,1
"LOC101929609","LOC101929609",0.0110946599494255,-0.685237117549057,0.019,0.03,1
"ENSG00000228300","ENSG00000228300",0.0111088636794122,0.219158823001472,0.082,0.064,1
"WDR43","WDR43",0.0111202608663955,-0.246243898429842,0.142,0.167,1
"MED16","MED16",0.0111720938521894,0.346756477239578,0.079,0.061,1
"LINC02901","LINC02901",0.0111899358012446,0.621117515436469,0.01,0.004,1
"ZKSCAN7-AS1","ZKSCAN7-AS1",0.0111908888295139,-0.271929529702812,0.14,0.164,1
"UCK1","UCK1",0.0112091236352982,0.379664948506378,0.066,0.05,1
"CDC37","CDC37",0.0112105785079102,0.228862929390292,0.161,0.136,1
"RNF121","RNF121",0.0112359413654778,-0.311709253467216,0.111,0.132,1
"ENTREP3","ENTREP3",0.0112393826241868,0.326323730059241,0.061,0.045,1
"UBE2L3","UBE2L3",0.0112432915862049,0.156758883115707,0.309,0.275,1
"LRP4-AS1","LRP4-AS1",0.0112465520087433,-1.20715388137407,0.013,0.022,1
"AK4","AK4",0.0112561686797521,0.541851581068365,0.029,0.018,1
"PRR12","PRR12",0.0112847147247063,0.233286511269043,0.124,0.102,1
"RBM42","RBM42",0.0112887822181053,-0.334228623025431,0.08,0.099,1
"ZC3H7A","ZC3H7A",0.0113186192928514,0.17446672969065,0.192,0.165,1
"RSL1D1","RSL1D1",0.0113335860477004,0.266592769241297,0.089,0.07,1
"UBOX5-AS1","UBOX5-AS1",0.0113552403738681,0.427850528534643,0.044,0.031,1
"IKBIP","IKBIP",0.0113630694518383,0.758891117432609,0.018,0.01,1
"TMTC1","TMTC1",0.0113666369464662,0.531789009520237,0.035,0.024,1
"ENSG00000256947","ENSG00000256947",0.011384948447818,0.436405396594775,0.039,0.027,1
"MEI4","MEI4",0.0113965442026463,-1.37471282893871,0.012,0.021,1
"LACTB2","LACTB2",0.011400195964919,0.269105861072866,0.084,0.066,1
"LINC02018","LINC02018",0.011406404184613,0.335689798662005,0.053,0.039,1
"ATP6V0E2","ATP6V0E2",0.0114167879911549,-0.382330046412383,0.167,0.189,1
"RUSF1-DT","RUSF1-DT",0.0114315009439681,-1.02852294223389,0.01,0.018,1
"ENSG00000260836","ENSG00000260836",0.0114431418350692,0.678793209945511,0.02,0.012,1
"GAPVD1","GAPVD1",0.0114487008335505,-0.189308719989396,0.31,0.336,1
"ASNSD1","ASNSD1",0.0114568668962562,0.381626405728197,0.097,0.077,1
"ZBED5-AS1","ZBED5-AS1",0.0114789086757993,-0.432700910790982,0.064,0.082,1
"TRIM32","TRIM32",0.0115101731265858,0.536655358441738,0.032,0.021,1
"ERMARD","ERMARD",0.0115574299157883,-0.294718436317538,0.12,0.144,1
"PRDM8","PRDM8",0.0115580093029969,0.284058819446634,0.091,0.072,1
"ENSG00000264207","ENSG00000264207",0.0115710895870656,-1.63419075264822,0.004,0.011,1
"RABGGTA","RABGGTA",0.0115917684638944,0.503110435178033,0.025,0.015,1
"RNF145","RNF145",0.0116019293259051,0.155304060752829,0.201,0.172,1
"ENSG00000235100","ENSG00000235100",0.0116041030545306,-0.487289952774545,0.049,0.065,1
"SKI","SKI",0.0116104437343608,0.159643683302537,0.178,0.152,1
"TTC36-AS1","TTC36-AS1",0.0116116236397614,-0.795670092890688,0.021,0.032,1
"MADD","MADD",0.0116178414349886,0.180647058414759,0.215,0.185,1
"SEPTIN4-AS1","SEPTIN4-AS1",0.0116529786398484,0.4370835049348,0.039,0.027,1
"NEK10","NEK10",0.0116673990258538,-0.515221985145873,0.023,0.035,1
"YWHAZ","YWHAZ",0.0116679160854647,-0.218265312975263,0.371,0.392,1
"SCYL3","SCYL3",0.0117265605958625,-0.466685745649858,0.074,0.092,1
"C11orf71","C11orf71",0.0117361903799991,0.338991234081453,0.077,0.06,1
"EMD","EMD",0.0117486921819896,-0.418406393580098,0.055,0.072,1
"PIGK","PIGK",0.011772559682895,0.106133786030627,0.285,0.251,1
"FAM229B","FAM229B",0.011780529275882,-0.339378374905848,0.151,0.174,1
"TSPAN17","TSPAN17",0.0117848384494491,0.647212853604153,0.03,0.019,1
"THBS4","THBS4",0.0117972266789695,-0.371823734817188,0.073,0.092,1
"PBDC1","PBDC1",0.0117998297955746,0.946117940917963,0.02,0.012,1
"BTAF1","BTAF1",0.011855242161512,-0.17681445334895,0.36,0.383,1
"ENSG00000272374","ENSG00000272374",0.0118622718742905,-0.923820735520148,0.011,0.019,1
"POM121","POM121",0.01186730444045,-0.204232972694349,0.247,0.274,1
"PXYLP1","PXYLP1",0.0118825856434552,-0.345009050211983,0.042,0.057,1
"ITSN1","ITSN1",0.0119040941070552,0.129689447341344,0.342,0.308,1
"OR2M4","OR2M4",0.0119192096866815,0.675198007440186,0.014,0.008,1
"FAM32A","FAM32A",0.0119415266572581,0.514075108529674,0.04,0.027,1
"ENSG00000271727","ENSG00000271727",0.0119481933940818,-1.14247158525796,0.004,0.011,1
"IPO5","IPO5",0.0119573953289491,0.118963276623929,0.228,0.198,1
"CLEC2D","CLEC2D",0.0119798187052294,0.86017876751944,0.022,0.013,1
"YDJC","YDJC",0.0119838899896816,0.371259188370049,0.029,0.018,1
"ENSG00000229388","ENSG00000229388",0.0120045011208524,-0.596867302266886,0.017,0.027,1
"SOX5","SOX5",0.0120232121858654,0.409701832682408,0.069,0.053,1
"ELMO2","ELMO2",0.0120357570635119,-0.320569311119696,0.191,0.214,1
"ENSG00000253392","ENSG00000253392",0.0120434488922835,-0.873817873506844,0.014,0.023,1
"FRAT1","FRAT1",0.012045144490217,0.84315863105719,0.014,0.008,1
"HSD3B7","HSD3B7",0.0120594184990344,0.939093899022128,0.017,0.01,1
"METTL4","METTL4",0.0121069922473599,0.217111699520351,0.144,0.12,1
"HCCS-DT","HCCS-DT",0.0121113063259876,-0.450104421859055,0.098,0.119,1
"ZSCAN5A","ZSCAN5A",0.012115172368806,-0.268246404114004,0.138,0.161,1
"SERPINB8","SERPINB8",0.0121178921472194,-0.712357794895481,0.014,0.024,1
"SUOX","SUOX",0.0121666746589252,0.414931387923156,0.045,0.032,1
"ENSG00000271218","ENSG00000271218",0.0121879015494959,0.20097668032601,0.088,0.069,1
"GPC4","GPC4",0.0121887698532501,0.742259023548097,0.024,0.015,1
"ENSG00000273888","ENSG00000273888",0.0121903934551143,-0.784175424406081,0.013,0.022,1
"SELENOS","SELENOS",0.0122033994926587,0.216175173301787,0.152,0.127,1
"SYT2","SYT2",0.0122459144308667,0.46645227509813,0.03,0.02,1
"ENSG00000203546","ENSG00000203546",0.012253331452256,0.154976568008782,0.227,0.195,1
"HDAC4-AS1","HDAC4-AS1",0.012273786165306,-0.707175422528575,0.023,0.035,1
"THG1L","THG1L",0.0122961716953787,0.774826474427138,0.027,0.018,1
"ZSWIM4","ZSWIM4",0.0122966105173136,0.435684704890131,0.033,0.022,1
"SLC25A3","SLC25A3",0.0123298677464732,-0.278386698843635,0.154,0.177,1
"GON7","GON7",0.0123538643299789,0.805709648049926,0.026,0.016,1
"HDAC7","HDAC7",0.0124211846141722,0.197552252406101,0.1,0.08,1
"GNPAT","GNPAT",0.0124253719827172,-0.307994103153276,0.156,0.18,1
"ENSG00000257657","ENSG00000257657",0.0124347068515291,0.359535198702051,0.055,0.04,1
"ASMTL","ASMTL",0.0124801006855104,-0.526112450659855,0.056,0.072,1
"ZNF579","ZNF579",0.0125001029252467,0.352444263039201,0.06,0.044,1
"H4C5","H4C5",0.012527147193493,0.53937078801656,0.022,0.013,1
"GPR19","GPR19",0.0125278648047118,-0.605538629097623,0.011,0.019,1
"MAN2A2","MAN2A2",0.0125286972683491,-0.178966455220039,0.373,0.396,1
"TSPAN19","TSPAN19",0.0125379004188482,0.350887011853105,0.03,0.02,1
"ENSG00000274422","ENSG00000274422",0.0125573789817547,0.224341226088563,0.18,0.154,1
"RSU1","RSU1",0.0125610857242538,0.126013178243064,0.261,0.228,1
"L3MBTL1","L3MBTL1",0.0125742197551455,0.227202775159245,0.181,0.156,1
"TUBGCP6","TUBGCP6",0.0125757550248399,0.254195680824859,0.09,0.072,1
"PSMC1","PSMC1",0.012612881722402,-0.308556108192671,0.119,0.141,1
"CASQ2","CASQ2",0.0126340629298457,-1.30737712248399,0.005,0.011,1
"CREB3","CREB3",0.012635164967967,0.38856655056502,0.055,0.04,1
"MRPS30","MRPS30",0.0126352454517791,0.287440089483556,0.09,0.071,1
"RPP14","RPP14",0.0126511803246278,0.234017887289181,0.057,0.042,1
"GNS","GNS",0.0126620077961674,0.141140250109665,0.141,0.117,1
"SPCS3-AS1","SPCS3-AS1",0.0126727333927049,0.738010017279801,0.026,0.016,1
"ESRRG","ESRRG",0.0126780360574562,0.187664486269335,0.361,0.332,1
"CRKL","CRKL",0.012678802828531,0.211347501857085,0.138,0.114,1
"EOLA2-DT","EOLA2-DT",0.0126799567784539,-0.109846787751767,0.449,0.482,1
"KHDC4","KHDC4",0.0127112635384989,-0.196508266546092,0.136,0.161,1
"ENSG00000255621","ENSG00000255621",0.0127328617530975,-1.15336545891757,0.007,0.014,1
"GSS","GSS",0.0127500313758621,-0.580483481004279,0.053,0.069,1
"PRPF40A","PRPF40A",0.0127527437492633,-0.208464606697788,0.303,0.326,1
"HNRNPL","HNRNPL",0.012754719967319,-0.251489346031127,0.243,0.267,1
"CRLF1","CRLF1",0.0128170828645605,0.346208840710724,0.045,0.032,1
"UTP18","UTP18",0.0128172002180468,0.230101477179359,0.149,0.126,1
"FBL","FBL",0.0128707835826016,0.203124344426129,0.051,0.037,1
"CDHR1","CDHR1",0.0128838121618561,0.920842347383057,0.013,0.007,1
"WDR48","WDR48",0.0128992965236242,0.121202950684313,0.236,0.206,1
"BUD23","BUD23",0.0129010066244459,0.298303276877091,0.144,0.121,1
"MAGEE1","MAGEE1",0.0129152311061195,0.489179783440139,0.024,0.015,1
"FAM135B","FAM135B",0.0129483839932958,-0.166159900574614,0.119,0.143,1
"SLC8A1","SLC8A1",0.0129857420799486,-0.452500740355366,0.023,0.034,1
"TDP2","TDP2",0.0129880706621222,0.137988436782573,0.113,0.092,1
"ZBTB7B","ZBTB7B",0.0129923491604692,0.356812380440322,0.085,0.067,1
"KLHL9","KLHL9",0.0130177524743516,0.276783310647738,0.139,0.115,1
"NDP","NDP",0.0130567238096534,-0.538387634715252,0.05,0.066,1
"CYB561D1","CYB561D1",0.0130763884083496,0.320285232869852,0.067,0.051,1
"MAPK8IP3","MAPK8IP3",0.0130776680548465,0.103784290602595,0.513,0.473,1
"NFKBIB","NFKBIB",0.0131317065771729,0.278433177728124,0.087,0.069,1
"PSMD3","PSMD3",0.0131342602670451,0.262711621444877,0.164,0.14,1
"ACVR2A","ACVR2A",0.0131393388388813,0.110246376103396,0.129,0.106,1
"FGFR3","FGFR3",0.0131665313346519,-1.01109691796726,0.008,0.015,1
"NKX2-2","NKX2-2",0.0131698597146315,-0.239550238903354,0.195,0.22,1
"NES","NES",0.0131711409221201,0.422292651774135,0.046,0.033,1
"CD59","CD59",0.0131779650456047,0.886711051561691,0.019,0.011,1
"METTL5","METTL5",0.0131971736496408,0.19528198003227,0.091,0.072,1
"SLC61A1","SLC61A1",0.0132122059650153,0.432870936625749,0.039,0.027,1
"GALNT12","GALNT12",0.0132287079872049,-0.704613830196932,0.028,0.041,1
"SIL1","SIL1",0.0132394468336773,-0.109372304211342,0.387,0.414,1
"TOR1AIP1","TOR1AIP1",0.0132732010146984,0.229594770305893,0.195,0.169,1
"NUP88","NUP88",0.0132872209151148,0.181149450936282,0.2,0.172,1
"CCDC34","CCDC34",0.0133225634626616,1.15318800151953,0.013,0.007,1
"ZNF823","ZNF823",0.0133239375127453,0.367168224487848,0.059,0.044,1
"LXN","LXN",0.0133450441260095,1.11766185026312,0.013,0.007,1
"TNK2","TNK2",0.013349124793633,0.179105376109326,0.212,0.184,1
"DBT","DBT",0.0134003766925305,-0.327560914825223,0.169,0.193,1
"LINC02884","LINC02884",0.0134674404877608,1.05311528681882,0.016,0.009,1
"DZIP1","DZIP1",0.01349788741111,-0.910863542002011,0.008,0.016,1
"USP45","USP45",0.0135319473811564,0.206684908406985,0.212,0.185,1
"SCAPER","SCAPER",0.013533722778494,0.102325676621707,0.754,0.72,1
"ARL6IP6","ARL6IP6",0.0135438767173531,-0.297268312760467,0.195,0.217,1
"MARCHF10-AS1","MARCHF10-AS1",0.013552632651683,0.243411470435075,0.166,0.142,1
"ATAD3C","ATAD3C",0.0135655012344251,0.298738987928295,0.098,0.078,1
"YJU2B","YJU2B",0.0135691166195753,-0.197777785259419,0.187,0.212,1
"PPA2","PPA2",0.0135747281286898,0.154167351637968,0.479,0.446,1
"ELAVL2","ELAVL2",0.0135836398633848,-0.921063773393652,0.005,0.012,1
"ZNF460","ZNF460",0.0135886464654126,0.312870392273856,0.092,0.074,1
"MTERF2","MTERF2",0.0135964969290308,-0.538606891165881,0.053,0.069,1
"GNAI2","GNAI2",0.0136104401157843,-0.154246223766164,0.335,0.36,1
"ALYREF","ALYREF",0.0136116374276461,-0.897972102760852,0.009,0.016,1
"BTD","BTD",0.0136142800593431,0.241802615742137,0.164,0.139,1
"ENSG00000272541","ENSG00000272541",0.0136250750114515,0.721125669158535,0.013,0.007,1
"GREB1L-AS1","GREB1L-AS1",0.0136363476963321,-0.754872682335914,0.027,0.038,1
"SCD","SCD",0.0136662653721349,0.179222214206141,0.831,0.85,1
"HECTD3","HECTD3",0.0136765961673953,0.233903083492599,0.045,0.032,1
"ZNF121","ZNF121",0.013677800295942,0.130383945628199,0.109,0.088,1
"SLC35B1","SLC35B1",0.0136833578739062,0.246982055573446,0.073,0.056,1
"ZNF562","ZNF562",0.0136859198381225,0.210582898177818,0.186,0.159,1
"RASSF8-AS1","RASSF8-AS1",0.013685939178424,-0.433467317643967,0.122,0.143,1
"ZNF768","ZNF768",0.01373349039608,0.33403915495279,0.046,0.033,1
"TXNRD2","TXNRD2",0.0137387225439116,-0.393128018564236,0.056,0.073,1
"STX6","STX6",0.0137846864516961,-0.35950897568035,0.114,0.134,1
"SMAP1","SMAP1",0.0137884538807074,0.147839178016878,0.322,0.29,1
"DHTKD1","DHTKD1",0.0138176846935191,-0.28628528982211,0.193,0.218,1
"STX2","STX2",0.0138893923762172,0.22558013602853,0.169,0.143,1
"GGH","GGH",0.0139215818337188,1.07563762610202,0.013,0.006,1
"NELFCD","NELFCD",0.0139442009746538,0.161351556266575,0.189,0.162,1
"ASB16","ASB16",0.0139454119844026,1.08263321938872,0.013,0.006,1
"DYNC1LI2","DYNC1LI2",0.013988821898227,0.147587480523093,0.575,0.544,1
"LOC124902769","LOC124902769",0.0139922434465951,-0.934357351485193,0.009,0.017,1
"ENSG00000230415","ENSG00000230415",0.0140247119131251,-0.934005396595397,0.009,0.017,1
"PHKG2","PHKG2",0.0140388083216227,0.289729500270548,0.063,0.048,1
"MED20","MED20",0.0140751244118663,0.634662046261851,0.027,0.017,1
"LACTB","LACTB",0.0140987690276053,0.364546164962417,0.067,0.052,1
"EML3","EML3",0.0141011131707075,0.406193033926703,0.071,0.055,1
"GART","GART",0.0141016066227642,-0.394736396174898,0.12,0.14,1
"PAXIP1-DT","PAXIP1-DT",0.0141288699395651,-0.490370809704227,0.056,0.072,1
"MDS2","MDS2",0.0141448822519732,-1.11237629007503,0.006,0.012,1
"ENSG00000214106","ENSG00000214106",0.014157480411717,0.750672764234008,0.013,0.006,1
"ELOVL4","ELOVL4",0.0141717365677154,0.369208806466902,0.04,0.028,1
"C14orf119","C14orf119",0.0142514808713394,0.295166807474844,0.062,0.046,1
"ZSCAN29","ZSCAN29",0.014262518150775,0.382662427110868,0.064,0.049,1
"CHIC1","CHIC1",0.014273310468608,0.129512742519385,0.368,0.329,1
"CT69","CT69",0.0142933894474425,-0.462273341225724,0.121,0.141,1
"RNF114","RNF114",0.0142939598060016,0.169912449197655,0.203,0.174,1
"LRFN3","LRFN3",0.0143284806194658,0.74713914688601,0.025,0.016,1
"ENSG00000231329","ENSG00000231329",0.0143637136708116,0.683249013103826,0.034,0.023,1
"NME9","NME9",0.0143820263508112,-0.273631463159955,0.212,0.236,1
"DIO2","DIO2",0.0143857644441933,0.424953091548141,0.041,0.029,1
"PRR22","PRR22",0.0143979958480542,-0.955087900830803,0.006,0.012,1
"LRFN4","LRFN4",0.0144233111042426,0.40464241084074,0.032,0.022,1
"ANKRD13D","ANKRD13D",0.0144445622882881,0.157920734333089,0.161,0.136,1
"LTO1","LTO1",0.0144714871304208,0.166182268088484,0.204,0.176,1
"LITATS1","LITATS1",0.0145310546127335,-0.584832827596246,0.057,0.072,1
"CCT7","CCT7",0.0145444245421982,0.173561453835953,0.161,0.135,1
"ENSG00000259692","ENSG00000259692",0.0145715049800697,-1.345026620699,0.018,0.027,1
"BMP8B","BMP8B",0.0145852577405618,-0.801643508021725,0.01,0.018,1
"ABHD18","ABHD18",0.0146006108575615,-0.195843442387951,0.228,0.256,1
"DENND2A","DENND2A",0.0146216689435038,-0.190220877654624,0.324,0.352,1
"FAM81A","FAM81A",0.0146265833527227,-0.393867218894061,0.065,0.082,1
"TTLL4","TTLL4",0.0146325524216757,-0.308010640733202,0.119,0.14,1
"SGMS1","SGMS1",0.0146339921290227,-0.108614411894802,0.867,0.846,1
"BIN3","BIN3",0.0146456240805428,0.286718028934664,0.114,0.093,1
"HYCC2","HYCC2",0.0146499274524147,0.182553095563511,0.294,0.265,1
"UTP4","UTP4",0.014650021570076,0.303053300765773,0.063,0.048,1
"NEURL1","NEURL1",0.0146825267849163,-0.836938632209322,0.011,0.02,1
"FAAP20","FAAP20",0.0147060634353602,0.263456769171917,0.084,0.066,1
"TAP1","TAP1",0.0147269085345637,0.567631424445301,0.035,0.024,1
"ENSG00000132832","ENSG00000132832",0.0147431407932719,0.26217339412964,0.119,0.098,1
"GATAD2B","GATAD2B",0.0147578488866055,-0.168131822991868,0.6,0.605,1
"ASB3","ASB3",0.0147712896737698,0.26320329468497,0.059,0.044,1
"KAT7","KAT7",0.0147978623199503,0.179941018957904,0.176,0.151,1
"ARMC3","ARMC3",0.0148102200122095,-0.607595956254355,0.043,0.057,1
"NDUFB10","NDUFB10",0.014826330309126,-0.321487073451615,0.122,0.143,1
"SCOC-AS1","SCOC-AS1",0.0148400381817885,-0.549852976183391,0.058,0.075,1
"USP9X","USP9X",0.0148420231590128,-0.162383240209077,0.443,0.461,1
"GGA1","GGA1",0.0148574624404119,0.111887263235318,0.265,0.232,1
"ZNF696","ZNF696",0.0148692327180464,0.765611071933002,0.024,0.015,1
"MEF2D","MEF2D",0.0149105880137061,0.187171938324209,0.2,0.174,1
"PRKAA1","PRKAA1",0.0149288350317462,-0.292205148539845,0.175,0.199,1
"POLR1D","POLR1D",0.014948712339147,0.193547357951071,0.107,0.087,1
"ZFPM1-AS1","ZFPM1-AS1",0.0149556931875803,-0.627046050703365,0.023,0.034,1
"LVRN","LVRN",0.0149673655882965,1.28130869850886,0.012,0.006,1
"NCS1","NCS1",0.0149821244512179,0.529534287009639,0.061,0.046,1
"ZIC4","ZIC4",0.0150061951718487,-1.34945402533503,0.007,0.014,1
"MED8","MED8",0.0150240411951951,-0.565349664945759,0.049,0.064,1
"REEP5","REEP5",0.0150371147673025,0.171649153546924,0.278,0.248,1
"PSMA4","PSMA4",0.0150876767595555,0.271829767383302,0.122,0.101,1
"TUBGCP3","TUBGCP3",0.0150975692969806,0.172832458137482,0.298,0.266,1
"CDYL","CDYL",0.0151443732137314,-0.180024551871824,0.284,0.311,1
"ENSG00000255663","ENSG00000255663",0.0151921990959434,0.706628209524133,0.022,0.014,1
"STYXL1","STYXL1",0.0152147584984498,-0.206058843682705,0.196,0.221,1
"ENSG00000267022","ENSG00000267022",0.0152289259170727,0.438786435097473,0.021,0.012,1
"SPACDR","SPACDR",0.0152332552301155,0.23923520086853,0.14,0.117,1
"NOL3","NOL3",0.0152462264546463,-0.524455035820075,0.061,0.077,1
"CCNA2","CCNA2",0.0152527715123307,0.369165727940747,0.03,0.02,1
"GPLD1","GPLD1",0.0152608649077477,-1.35340486465582,0.004,0.01,1
"DERL1","DERL1",0.0152704757281596,0.258405448986645,0.124,0.103,1
"NDUFB9","NDUFB9",0.0153071533339501,-0.26305494100927,0.157,0.18,1
"CRYM","CRYM",0.0153507988905837,0.238555335846898,0.012,0.006,1
"ACTR8","ACTR8",0.0153550804297748,0.428206142289367,0.045,0.032,1
"NRXN2","NRXN2",0.0153629974529808,-0.199900061658174,0.251,0.276,1
"AUP1","AUP1",0.0153918693544835,0.241615569351793,0.146,0.123,1
"LRPPRC","LRPPRC",0.0153989444959545,-0.170258569002887,0.383,0.407,1
"MRFAP1L1","MRFAP1L1",0.0154172884413807,0.187891127818081,0.08,0.063,1
"SLC12A9","SLC12A9",0.0154349897626196,-0.267604882781798,0.169,0.191,1
"ABITRAM","ABITRAM",0.0154465698440374,-0.403811521466685,0.044,0.058,1
"ENSG00000261710","ENSG00000261710",0.0154599061781158,0.205735210216003,0.062,0.046,1
"RXRB","RXRB",0.0154679059715878,-0.530362583253516,0.058,0.074,1
"PROCR","PROCR",0.0154781050002449,0.581144905541131,0.024,0.015,1
"PAF1","PAF1",0.0155470297189506,0.336874418160343,0.089,0.072,1
"SEPTIN3","SEPTIN3",0.0156042882814881,0.538014775884088,0.024,0.015,1
"PIGX","PIGX",0.0156336200914604,0.156413238077009,0.118,0.097,1
"UBE2A","UBE2A",0.0156538361848031,-0.391670948891299,0.079,0.097,1
"DLG5","DLG5",0.0156655179382726,0.137870020155977,0.18,0.154,1
"VMA21","VMA21",0.0156959396810719,0.19919243785751,0.098,0.079,1
"COPB1","COPB1",0.0157115811879167,0.179850588539508,0.218,0.19,1
"ESRRB","ESRRB",0.0157509951603942,1.09266854866705,0.011,0.005,1
"ENSG00000273486","ENSG00000273486",0.0157731301211901,1.10850744676514,0.015,0.008,1
"NRBF2","NRBF2",0.0157733785833986,0.427371779616774,0.071,0.056,1
"ENSG00000254635","ENSG00000254635",0.0157740497470163,-0.30981186336256,0.156,0.178,1
"CLEC11A","CLEC11A",0.0157778165015477,-0.457762864525044,0.05,0.065,1
"USP28","USP28",0.0158115317568684,0.236036104441031,0.144,0.122,1
"PIGP","PIGP",0.0158460957394638,0.130227456585456,0.124,0.102,1
"ATP13A1","ATP13A1",0.0158666226063205,0.211281749466043,0.091,0.073,1
"FOXO4","FOXO4",0.0158860232365152,0.462387839466138,0.04,0.029,1
"MON1B","MON1B",0.0159063845515308,0.156393104529849,0.038,0.027,1
"ENSG00000231187","ENSG00000231187",0.0159170694420085,0.544785249961611,0.034,0.023,1
"ZNF79","ZNF79",0.0159811724337173,-0.831400026859851,0.021,0.031,1
"CDC14A","CDC14A",0.0160161544560071,0.436708115704401,0.028,0.018,1
"SLC60A1","SLC60A1",0.016034239598871,0.441075765932026,0.048,0.035,1
"SBK1","SBK1",0.0160383451508644,0.275874696448466,0.015,0.008,1
"ENSG00000276302","ENSG00000276302",0.0160633856396279,-0.774978353345636,0.016,0.026,1
"COQ6","COQ6",0.0160640313479138,-0.471556447920676,0.045,0.059,1
"UBAP2","UBAP2",0.0160658791674016,0.130778294046848,0.298,0.266,1
"GABBR1","GABBR1",0.0161189940164244,0.290431934863669,0.079,0.062,1
"KHSRP","KHSRP",0.0161653483573539,0.174992286480652,0.208,0.179,1
"RRAGC","RRAGC",0.0161725476053253,0.332291894657149,0.118,0.098,1
"PPL","PPL",0.0161817673359137,-1.29526953526816,0.008,0.015,1
"GNPDA1","GNPDA1",0.0162208846970576,0.261584550517895,0.08,0.064,1
"TSNAX-DT","TSNAX-DT",0.0162246299397162,0.345113099618612,0.033,0.022,1
"ATP6V0E2-AS1","ATP6V0E2-AS1",0.0162249827806366,0.601301514754057,0.027,0.018,1
"EFR3A","EFR3A",0.016252119188439,-0.180008960184028,0.22,0.247,1
"ENSG00000267940","ENSG00000267940",0.0162722981692183,0.562499890683266,0.011,0.005,1
"RESF1","RESF1",0.0162825368875178,0.132261878525343,0.262,0.23,1
"CDO1","CDO1",0.0162946092166436,-1.02903063821908,0.015,0.024,1
"DGKH","DGKH",0.0163006526980305,0.287423157406836,0.066,0.05,1
"XRCC4","XRCC4",0.0163272142054861,-0.104473196959903,0.24,0.272,1
"ING1","ING1",0.0163401127154533,0.265032383153613,0.036,0.025,1
"USP38","USP38",0.0163708709424012,0.200917461092186,0.15,0.127,1
"ENSG00000224919","ENSG00000224919",0.0163999774130556,0.991606814717287,0.011,0.005,1
"ENSG00000263146","ENSG00000263146",0.0164045091818709,0.466848411395028,0.046,0.033,1
"SOCS6","SOCS6",0.0164212814091569,0.142141400214107,0.231,0.203,1
"PDIK1L","PDIK1L",0.0164410331416295,0.329297087419125,0.073,0.057,1
"POLR3E","POLR3E",0.0165167832633735,-0.431566279437416,0.103,0.122,1
"TSR1","TSR1",0.0165168373297346,-0.548732259947626,0.038,0.052,1
"CLDN5","CLDN5",0.0165231285820152,-0.758312111631394,0.005,0.011,1
"RNPC3","RNPC3",0.016533796058702,0.120956947794541,0.417,0.379,1
"GPRC5D-AS1","GPRC5D-AS1",0.0165897581553371,0.88409390580568,0.025,0.016,1
"ENSG00000232386","ENSG00000232386",0.01660616771229,0.535228169574316,0.062,0.048,1
"ENSG00000260947","ENSG00000260947",0.0166153500777122,-0.985214957870006,0.008,0.015,1
"ADCY9","ADCY9",0.016622658665842,0.392127989885599,0.093,0.075,1
"LOXL2","LOXL2",0.0166281250073039,-0.464400044485085,0.052,0.068,1
"NOL10","NOL10",0.0166427244825364,0.135603199998164,0.256,0.225,1
"FRMPD4","FRMPD4",0.016666403593175,-1.28603435931593,0.011,0.019,1
"TOP6BL","TOP6BL",0.0166846354129999,0.431747314400552,0.04,0.028,1
"MED6","MED6",0.0166858823968047,-0.44143911317984,0.086,0.104,1
"ARRDC1","ARRDC1",0.016692512117984,0.460601761749398,0.024,0.015,1
"CRTC3-AS1","CRTC3-AS1",0.0167083302460261,-0.615183155972123,0.043,0.057,1
"TDO2","TDO2",0.0167130759038917,-1.05033423954789,0.008,0.015,1
"ENSG00000234584","ENSG00000234584",0.0167328290834307,0.59813609777743,0.011,0.005,1
"IGFL2-AS1","IGFL2-AS1",0.0167506925018576,1.09292526805804,0.01,0.005,1
"LGALS9","LGALS9",0.0167507108891478,0.906673157533014,0.014,0.008,1
"ENSG00000148362","ENSG00000148362",0.0167509119688096,0.12451855784932,0.128,0.105,1
"UBASH3B","UBASH3B",0.0167894785712902,1.05313788643357,0.014,0.008,1
"ENSG00000125122","ENSG00000125122",0.0168078695243555,-0.399903902877802,0.06,0.077,1
"BNIP1","BNIP1",0.0168175224744989,-0.717458139626436,0.033,0.045,1
"ENSG00000272582","ENSG00000272582",0.01683959510203,1.14820089095126,0.01,0.005,1
"SEMA7A","SEMA7A",0.0168816662479205,0.17854395982804,0.205,0.178,1
"HCCS","HCCS",0.0168821011892315,-1.49536131253531,0.005,0.012,1
"NDUFB5","NDUFB5",0.0169094595087875,-0.388299617366319,0.09,0.109,1
"RAET1E-AS1","RAET1E-AS1",0.016936556798555,-0.678022423470947,0.016,0.025,1
"CYTH3","CYTH3",0.0169451764582699,0.35801845709502,0.061,0.046,1
"PRDX3","PRDX3",0.0170353445497713,0.174655232068627,0.102,0.082,1
"KDM5A","KDM5A",0.0170394058816536,0.131541310720338,0.485,0.451,1
"LOC112268208","LOC112268208",0.0170850555424322,-0.796955663968785,0.008,0.015,1
"GTF3C1","GTF3C1",0.0170899985479506,-0.210205341242623,0.179,0.204,1
"TMEM145","TMEM145",0.0171296262986745,0.501655552475131,0.041,0.029,1
"GRIK2","GRIK2",0.0171478217530166,0.382077870154538,0.137,0.116,1
"ZNF594-DT","ZNF594-DT",0.0171489454749049,-0.253736782345346,0.121,0.142,1
"PTPRF","PTPRF",0.0171948873070571,-0.185620475349557,0.458,0.471,1
"GFM1","GFM1",0.0172263124472168,-0.329806393245452,0.144,0.165,1
"RNASEL","RNASEL",0.0172350755705521,0.550710509044488,0.03,0.02,1
"ADCK5","ADCK5",0.0172355410472312,0.481364675758067,0.029,0.019,1
"ENSG00000272647","ENSG00000272647",0.0172536145988934,-0.71471207108596,0.016,0.025,1
"NOP10","NOP10",0.0172885421462393,0.273814931170109,0.054,0.04,1
"TMEM128","TMEM128",0.0172941289677204,-0.412426190919724,0.079,0.097,1
"SLC26A5","SLC26A5",0.0172969558745303,0.436658791874012,0.029,0.019,1
"HINFP","HINFP",0.0172995005377282,0.20995002274569,0.065,0.05,1
"OSGIN2","OSGIN2",0.0173396170718871,0.336511364825512,0.042,0.03,1
"HEXIM2","HEXIM2",0.0173412701705165,0.634267833437264,0.019,0.012,1
"OAF","OAF",0.0173581297894623,0.305830622157937,0.073,0.057,1
"PCLAF","PCLAF",0.0173609207459722,1.22148124292452,0.01,0.005,1
"TNIP1","TNIP1",0.0173634175568944,0.207248907476471,0.102,0.082,1
"MAP7D2","MAP7D2",0.0173836244926845,-0.882379613857125,0.009,0.016,1
"ATG5","ATG5",0.0174325529011825,0.124424302128166,0.235,0.206,1
"PPIL4","PPIL4",0.0174352567107229,0.122243782068509,0.216,0.187,1
"DNAH17","DNAH17",0.0174353614296745,-0.161226472258743,0.333,0.361,1
"ARNT2-DT","ARNT2-DT",0.0174474605985581,-0.257094291369135,0.143,0.166,1
"PARPBP","PARPBP",0.0174541544632996,-0.995382011782882,0.009,0.017,1
"ENSG00000236540","ENSG00000236540",0.0174747832181716,0.501147136568036,0.029,0.019,1
"MMACHC","MMACHC",0.0174925622124547,-0.598632083542988,0.038,0.051,1
"USP50","USP50",0.0174940908743644,-0.630351560436607,0.029,0.041,1
"LAYN","LAYN",0.0175044295229962,-0.295643684913868,0.162,0.184,1
"FOXN3","FOXN3",0.0175242817349125,-0.188701455095269,0.455,0.471,1
"WSB2","WSB2",0.0175471898003141,0.189698072242238,0.145,0.122,1
"TTC38","TTC38",0.0175508988513352,0.373811834002956,0.068,0.053,1
"ATP2C2","ATP2C2",0.0175750886390172,-0.662288322752761,0.013,0.022,1
"BRWD3","BRWD3",0.0175991978680505,-0.177487190143246,0.228,0.254,1
"DHX32","DHX32",0.0176070427324195,-0.245732853942903,0.218,0.241,1
"ASRGL1","ASRGL1",0.0176263101657233,-0.23066316135852,0.167,0.191,1
"FZD6","FZD6",0.0176491008248245,0.513261650902609,0.019,0.012,1
"BICRAL","BICRAL",0.0176725511879993,-0.172988910304997,0.532,0.548,1
"YY1","YY1",0.0177491660688897,0.167930055469301,0.389,0.359,1
"KCNH1","KCNH1",0.0177525187155625,-0.292226337775012,0.1,0.12,1
"SLC14A1","SLC14A1",0.0177654408490916,-0.812270780238666,0.011,0.019,1
"PIK3IP1","PIK3IP1",0.017776913233016,-0.278874005090847,0.156,0.177,1
"STX1A","STX1A",0.0178197854742039,0.783195095078896,0.014,0.008,1
"THEM4","THEM4",0.0178815958061134,-0.273528743827914,0.193,0.215,1
"ACTL6A","ACTL6A",0.0178860138097399,0.225131052154382,0.082,0.065,1
"MAVS","MAVS",0.0179015631378053,0.129309531820945,0.262,0.23,1
"LINC00506","LINC00506",0.0179346535031324,0.250413039104472,0.089,0.071,1
"C17orf114","C17orf114",0.0179359699490377,-0.782228238608053,0.013,0.021,1
"PLXNA3","PLXNA3",0.0179559427185878,-0.616927328373364,0.031,0.043,1
"ENSG00000131152","ENSG00000131152",0.0179573647513109,0.42243738825591,0.029,0.019,1
"PRKAB2","PRKAB2",0.0179863977015958,0.161880527431679,0.142,0.118,1
"ZNF257","ZNF257",0.0179977339414734,-0.686073064358009,0.03,0.042,1
"APPBP2","APPBP2",0.0180130926386503,-0.165017004732229,0.567,0.575,1
"PEX16","PEX16",0.0180135376153596,-0.360518658116677,0.087,0.105,1
"DRC3","DRC3",0.0180463545326586,0.804171770740406,0.019,0.011,1
"EIF4A2","EIF4A2",0.0180481535772776,0.188110254030885,0.299,0.268,1
"LOC124907725","LOC124907725",0.0181132413439784,0.74827190982515,0.019,0.011,1
"PATL1","PATL1",0.0181589390498948,0.160994229299841,0.102,0.083,1
"JAK2","JAK2",0.0182187683095184,-0.261071094179127,0.174,0.197,1
"CNTN6","CNTN6",0.0182406788286307,-0.633716674512264,0.011,0.019,1
"TRIM37","TRIM37",0.0182734229672806,0.183404193965599,0.21,0.185,1
"CLPP","CLPP",0.0182772059332413,-0.455892568813631,0.056,0.072,1
"C16orf87","C16orf87",0.0182922636179266,0.265728026829975,0.064,0.049,1
"ENSG00000275674","ENSG00000275674",0.0183021746223233,0.266416373219926,0.088,0.07,1
"CERS4","CERS4",0.0184232471061765,0.130582441292592,0.426,0.394,1
"NANP","NANP",0.0184356473373224,0.998809755476655,0.013,0.007,1
"ENSG00000255330","ENSG00000255330",0.0184722201652588,0.322042002323017,0.067,0.052,1
"SFT2D3","SFT2D3",0.0184726729934338,0.460393325359764,0.04,0.029,1
"HNRNPF","HNRNPF",0.0185135928734847,0.133178282942666,0.186,0.16,1
"PHC3","PHC3",0.0185171449241054,0.112087248454147,0.634,0.602,1
"RAD52","RAD52",0.0185405405818373,0.117324894033648,0.214,0.186,1
"GLIS1","GLIS1",0.0185572365431339,1.02257607756277,0.016,0.009,1
"MIER3","MIER3",0.0185828604462516,0.137075917302004,0.114,0.093,1
"UBE2J1","UBE2J1",0.0185864906355004,-0.322298935702005,0.136,0.157,1
"PDE5A","PDE5A",0.0186015848603194,-0.485799189853467,0.141,0.159,1
"SFMBT1","SFMBT1",0.0186042679705256,0.271615460035284,0.112,0.093,1
"SPAG16","SPAG16",0.0186085175630068,0.30004934496078,0.256,0.23,1
"C9orf85","C9orf85",0.0186218989018605,-0.149903283913112,0.409,0.432,1
"ZNF71","ZNF71",0.0186257275372713,0.329279311638994,0.05,0.037,1
"ASB5","ASB5",0.018629643401774,-0.888249540128654,0.004,0.01,1
"ENSG00000259103","ENSG00000259103",0.0186518035168795,0.491703541132412,0.028,0.019,1
"ENSG00000255730","ENSG00000255730",0.0186646360629977,0.772594171188494,0.013,0.007,1
"DMAP1","DMAP1",0.0187292736637571,-0.330371046067937,0.073,0.09,1
"NHERF1","NHERF1",0.0187301024219366,0.179964428939856,0.131,0.109,1
"SNX32","SNX32",0.0187843944046339,-0.321977730073399,0.046,0.061,1
"BCDIN3D-AS1","BCDIN3D-AS1",0.0187957363743286,-1.06862986538646,0.006,0.013,1
"MRPL51","MRPL51",0.0187957976824715,-0.402181132430598,0.116,0.135,1
"ZC3H11B","ZC3H11B",0.0188335682546018,0.316698073096198,0.078,0.062,1
"ESD","ESD",0.0188546602727846,0.13539791372267,0.186,0.16,1
"HHIPL1","HHIPL1",0.0188954782694359,-0.512793206514246,0.018,0.028,1
"DROSHA","DROSHA",0.0189001778207615,0.163957619391552,0.252,0.224,1
"KMT5B","KMT5B",0.0189463096385699,-0.135146941293679,0.415,0.44,1
"SLC35A4","SLC35A4",0.0189525045368114,0.323655275584416,0.059,0.045,1
"SMIM14-DT","SMIM14-DT",0.0189759495025418,-0.378468715897737,0.031,0.044,1
"TOR1AIP2","TOR1AIP2",0.019012088368128,0.115033062213999,0.229,0.199,1
"MATN2","MATN2",0.0190279496028749,-0.337939120674139,0.147,0.168,1
"PGBD1","PGBD1",0.0190374032654518,-0.334349716353838,0.087,0.106,1
"GNAO1-DT","GNAO1-DT",0.0190429406990807,-0.428562251574794,0.097,0.116,1
"GATD3","GATD3",0.0191013682741564,-0.513974232365165,0.037,0.05,1
"GOLT1B","GOLT1B",0.0191652411463917,-0.380045783524254,0.092,0.111,1
"ANKRD24","ANKRD24",0.0191892046609734,-0.532379501794782,0.035,0.048,1
"UNC13D","UNC13D",0.0191907729257947,-0.406163444600487,0.062,0.077,1
"HPS3","HPS3",0.01919915263223,0.169985312701282,0.14,0.118,1
"COQ5","COQ5",0.0192363538974193,-0.259102490239139,0.116,0.137,1
"ARFGAP1","ARFGAP1",0.0192474272713954,-0.195033411167557,0.159,0.182,1
"MICOS13","MICOS13",0.0192771926857427,-0.286361448826469,0.119,0.139,1
"CMYA5","CMYA5",0.0192810165759574,0.44278990823669,0.028,0.019,1
"NUP54","NUP54",0.0192908387034521,-0.280714544997353,0.186,0.209,1
"SPTBN4","SPTBN4",0.0193606705271127,-0.346356010148351,0.092,0.111,1
"CNOT6","CNOT6",0.0193926189447945,-0.268362848610522,0.159,0.181,1
"TPK1","TPK1",0.0194588805413974,-0.277774930785803,0.137,0.158,1
"ETV3","ETV3",0.0194781670160536,0.558149897372721,0.032,0.022,1
"HSPA13","HSPA13",0.0195120112550051,0.317816741223785,0.078,0.062,1
"SNCB","SNCB",0.0195192547307624,-1.3627979866184,0.004,0.01,1
"ALKBH7","ALKBH7",0.0195368284175099,-0.374786498154169,0.074,0.091,1
"PRPF4","PRPF4",0.0195415788448618,-0.689046287264643,0.035,0.048,1
"CLDN14","CLDN14",0.0195474056751829,-1.2250695824211,0.004,0.01,1
"MYO5C","MYO5C",0.0195956388482363,0.682176027280879,0.02,0.012,1
"RAI1","RAI1",0.0196005060946415,-0.296677335862999,0.144,0.165,1
"PLPP6","PLPP6",0.0196193093032183,0.609407298698287,0.022,0.014,1
"CMTR2","CMTR2",0.0196238271882651,0.275667033997447,0.099,0.081,1
"CARMIL1","CARMIL1",0.0197010577390777,-1.10764768586533,0.007,0.014,1
"ENSG00000267179","ENSG00000267179",0.0197316610892107,0.587314999573296,0.024,0.016,1
"APOL2","APOL2",0.0197562786355875,0.559226392760443,0.039,0.027,1
"PKN2","PKN2",0.019770476197415,-0.137285798619956,0.532,0.55,1
"UPRT","UPRT",0.0197785982702137,0.179628161500561,0.068,0.053,1
"PUS7L","PUS7L",0.0197847123636156,0.179903669214465,0.269,0.24,1
"KDELR1","KDELR1",0.0197976590010413,-0.459384746019738,0.08,0.098,1
"LINC02987","LINC02987",0.0198115239211079,-0.575791245753565,0.069,0.085,1
"SNHG32","SNHG32",0.0198194883306116,-0.3532684640807,0.076,0.093,1
"AOX1","AOX1",0.0198506536738435,-0.83744884105456,0.014,0.023,1
"ENSG00000274029","ENSG00000274029",0.0198635984514992,0.494484155983912,0.026,0.017,1
"ABCA7","ABCA7",0.0198702114207784,0.502864894426932,0.044,0.032,1
"TPCN2","TPCN2",0.019918531528456,-0.362417211003375,0.033,0.046,1
"ENHO","ENHO",0.0199319594122513,0.314777785604463,0.053,0.04,1
"RTL5","RTL5",0.0200686517127634,1.09502355838209,0.013,0.007,1
"MLH3","MLH3",0.0201028584404663,-0.135624705532151,0.405,0.428,1
"PRAG1","PRAG1",0.0201250502477516,0.375684569442057,0.055,0.042,1
"AGL","AGL",0.0202186038997869,-0.197542039472335,0.152,0.176,1
"AP4M1","AP4M1",0.0202742193102404,0.311547600732213,0.06,0.046,1
"RGS9","RGS9",0.0203092908950617,-1.02408749000809,0.014,0.023,1
"NEK4","NEK4",0.0203286831184402,0.139572855160237,0.151,0.129,1
"MLF2","MLF2",0.0203310317332594,0.135351602253853,0.174,0.149,1
"ALKBH8","ALKBH8",0.0203458821322963,0.318070636628818,0.088,0.071,1
"FAM181B","FAM181B",0.0203643753691988,-0.559037164465557,0.067,0.082,1
"TIPARP","TIPARP",0.0203816759309629,0.26916027745491,0.138,0.117,1
"NSMCE1","NSMCE1",0.0204094127198794,-0.363817096154305,0.095,0.114,1
"MIER1","MIER1",0.0204138213406711,-0.143505009402453,0.336,0.359,1
"ENSG00000259959","ENSG00000259959",0.020421462478157,0.647728243675012,0.016,0.009,1
"SBF2","SBF2",0.0204271031480838,-0.143272634267515,0.604,0.615,1
"FDX1","FDX1",0.0204372551730468,0.34204781207402,0.11,0.092,1
"CEP126","CEP126",0.0204436071257928,0.150171433444173,0.19,0.164,1
"ENSG00000241073","ENSG00000241073",0.0204747842306528,0.560834790771753,0.016,0.009,1
"ESRRA","ESRRA",0.0204788503711939,0.25412818175438,0.064,0.05,1
"MCU","MCU",0.02049897054146,0.193113345243319,0.19,0.166,1
"DDX1","DDX1",0.0205101973725735,-0.304003139241731,0.202,0.221,1
"PIPOX","PIPOX",0.0205143811193881,0.613159341400685,0.038,0.027,1
"TM7SF3","TM7SF3",0.0205445350117526,-0.354911446146162,0.115,0.134,1
"LOC105372266","LOC105372266",0.0205452587664861,-1.09496374564202,0.009,0.016,1
"CD36","CD36",0.0205547787367818,0.289494205377916,0.036,0.025,1
"ENSG00000281508","ENSG00000281508",0.0205654861896062,-0.38321653123117,0.125,0.144,1
"TEX22","TEX22",0.0205721853169573,0.363165915235969,0.062,0.048,1
"RHOQ","RHOQ",0.0205789542556987,0.157995951589865,0.264,0.235,1
"KIF2A","KIF2A",0.0205969670873184,-0.135239829500175,0.561,0.579,1
"USP34-DT","USP34-DT",0.0206003718280758,-0.413718120871818,0.066,0.082,1
"NAA40","NAA40",0.0206117575924733,-0.493665714663898,0.044,0.058,1
"AP1S2","AP1S2",0.0206346316654193,0.14579240078812,0.4,0.366,1
"DGKI","DGKI",0.0206564514823568,0.121599781874403,0.383,0.346,1
"HSF2BP","HSF2BP",0.0206963051756167,-0.541988789474224,0.026,0.037,1
"LINC00463","LINC00463",0.0206991618430824,-1.20402698023312,0.01,0.017,1
"ENSG00000230286","ENSG00000230286",0.0207214396670229,0.671327922326253,0.022,0.014,1
"SNHG10","SNHG10",0.020738150861915,0.444131160262036,0.037,0.026,1
"GLUD2","GLUD2",0.0207503562927703,0.751059955562549,0.013,0.007,1
"EXOC5","EXOC5",0.0207582587098908,0.100964759699269,0.38,0.34,1
"AMZ2","AMZ2",0.0207648216275745,0.186263671179309,0.074,0.058,1
"PSEN2","PSEN2",0.0207705283762584,-1.01800357241873,0.005,0.011,1
"TRANK1","TRANK1",0.0207727295478724,-0.95959251464997,0.008,0.015,1
"ENSG00000254536","ENSG00000254536",0.0207843481211033,0.545966867043337,0.026,0.017,1
"USHBP1","USHBP1",0.0208108429886247,0.6280909078658,0.022,0.014,1
"ABHD14B","ABHD14B",0.0208159945496717,-0.979293686558584,0.009,0.016,1
"ENSG00000284772","ENSG00000284772",0.0208247691368743,0.649603731912968,0.037,0.027,1
"MISFA","MISFA",0.0208618124301073,0.331621585000972,0.06,0.046,1
"LRRTM3","LRRTM3",0.02086187624376,-0.190437305983299,0.413,0.433,1
"ITGA9","ITGA9",0.020869179375723,0.688565288420959,0.029,0.019,1
"ENSG00000249526","ENSG00000249526",0.0208743255212582,-0.357168245463544,0.04,0.054,1
"TPST1","TPST1",0.0209452895843297,0.124531017430434,0.246,0.219,1
"TNFAIP8","TNFAIP8",0.020945643431605,1.06205486057573,0.023,0.015,1
"ENSG00000265818","ENSG00000265818",0.0209576400868147,0.321992559546154,0.013,0.007,1
"ENSG00000255219","ENSG00000255219",0.020991971356706,-0.688885425732018,0.018,0.028,1
"ENSG00000228863","ENSG00000228863",0.0210050361346131,-0.898843182339392,0.013,0.022,1
"TYRO3","TYRO3",0.0210245667735712,0.101078598740589,0.454,0.419,1
"NACA","NACA",0.0210713398508362,0.139187800649028,0.239,0.209,1
"FAM3A","FAM3A",0.0210935951649215,-0.226181335446323,0.122,0.144,1
"ENSG00000260983","ENSG00000260983",0.0210948157359721,-0.745014953074117,0.033,0.045,1
"MISP3","MISP3",0.0210960068149548,-0.503785730515307,0.036,0.048,1
"TRPM3","TRPM3",0.0211028086764064,-0.392634411696592,0.041,0.055,1
"TBC1D16","TBC1D16",0.0211496625171425,0.297035101955132,0.067,0.052,1
"FAT3","FAT3",0.0211650595461601,-1.01923642112718,0.011,0.019,1
"LSM7","LSM7",0.0212012063505139,0.221225665720833,0.129,0.108,1
"USP51","USP51",0.0212068799514426,-0.68189124017886,0.014,0.023,1
"AEN","AEN",0.0212476711916855,0.932508954446607,0.018,0.01,1
"SDSL","SDSL",0.0212526839156339,0.605036568826869,0.015,0.009,1
"PAPOLG","PAPOLG",0.0212962215567813,0.147196084662552,0.152,0.13,1
"ENSG00000273424","ENSG00000273424",0.0213088051463606,1.02332072857793,0.012,0.006,1
"FBXO45","FBXO45",0.0213134084074498,0.366413924753989,0.075,0.059,1
"ZNF14","ZNF14",0.0213714674986211,-0.319015333667191,0.087,0.105,1
"KDM1B","KDM1B",0.0213770317803911,0.161678350144407,0.19,0.163,1
"GTF3C3","GTF3C3",0.0213785971656527,0.125862610747463,0.197,0.17,1
"SLC15A2","SLC15A2",0.0213936874759676,0.624068411711788,0.025,0.016,1
"LINC00940","LINC00940",0.0213987638369915,-0.702690856662443,0.029,0.04,1
"DBI","DBI",0.0214300977138393,0.136761615287547,0.191,0.165,1
"TBK1","TBK1",0.0214568129371065,0.138987317302142,0.249,0.219,1
"ZNF701","ZNF701",0.0214601891982731,0.241782874134067,0.102,0.083,1
"GBE1","GBE1",0.0214826603426381,-0.137968576024098,0.208,0.234,1
"MAP3K4","MAP3K4",0.0214892824018502,0.130212374412533,0.336,0.305,1
"ZZEF1","ZZEF1",0.0214968864389757,-0.16399388989189,0.356,0.379,1
"PDK3","PDK3",0.0215503945760105,0.355567672235114,0.066,0.051,1
"CCDC137","CCDC137",0.0215703479573185,0.404771647329701,0.055,0.042,1
"LINC01310","LINC01310",0.0215974389751426,-0.678954807056321,0.013,0.021,1
"ACACB","ACACB",0.0216338774672921,-0.171469002598126,0.231,0.257,1
"ENSG00000231616","ENSG00000231616",0.0216425888716408,0.631382841060865,0.025,0.016,1
"TMEM217","TMEM217",0.0216810570893274,0.390911623268351,0.027,0.018,1
"CNPPD1","CNPPD1",0.0216819199361902,0.358422817611353,0.08,0.064,1
"EXOSC8","EXOSC8",0.0216866672274976,-0.406145297895017,0.08,0.097,1
"RWDD2B","RWDD2B",0.0217150693823646,-0.77404576394814,0.01,0.018,1
"HIC2","HIC2",0.0217332321262306,0.237584487672044,0.101,0.083,1
"TUBG2","TUBG2",0.0217369808203762,0.175940755496375,0.183,0.158,1
"ACTR3","ACTR3",0.0217862947627838,0.122231885701855,0.304,0.274,1
"PKIA","PKIA",0.0217907919398612,-0.585108325499219,0.041,0.055,1
"SLC24A1","SLC24A1",0.0217932784413566,-1.0436647116697,0.005,0.011,1
"RELB","RELB",0.0217932784413566,-1.14542913726921,0.005,0.011,1
"ATP5F1E","ATP5F1E",0.0218417176777066,0.135895439535211,0.323,0.289,1
"PSMD2","PSMD2",0.0219012820698808,0.149930361808658,0.125,0.105,1
"ABCB9","ABCB9",0.0219140398513437,0.186859198690822,0.174,0.152,1
"ZNF439","ZNF439",0.0219293648092337,0.122033994920788,0.284,0.253,1
"ARMH1","ARMH1",0.0219347934717117,-0.403935517435814,0.026,0.037,1
"GGA2","GGA2",0.0219383149447623,0.157386730323088,0.153,0.131,1
"SKIL","SKIL",0.022018357157528,-0.272992644576531,0.117,0.137,1
"UTP11","UTP11",0.0220656345502709,-0.653124325620662,0.031,0.043,1
"PEX11G","PEX11G",0.0220758775081009,-0.526814556787503,0.047,0.061,1
"KIFC3","KIFC3",0.0220815306173253,0.152684720034251,0.203,0.177,1
"EFCAB5","EFCAB5",0.022085967187775,-0.55884917414987,0.047,0.061,1
"ENSG00000248510","ENSG00000248510",0.0221117634456135,-0.806150874750642,0.017,0.026,1
"SHANK2","SHANK2",0.0221231902782919,-0.51259699902633,0.022,0.032,1
"ENSG00000230510","ENSG00000230510",0.0221251206631615,-0.442237490475409,0.085,0.103,1
"ENSG00000237152","ENSG00000237152",0.0221350672623312,-0.527657477900758,0.009,0.017,1
"ENSG00000228629","ENSG00000228629",0.0221710010756948,0.764784958634416,0.015,0.008,1
"OPHN1","OPHN1",0.0221769635573773,0.114232963698232,0.177,0.152,1
"ENSG00000284041","ENSG00000284041",0.0222032086948971,0.824421148657417,0.015,0.008,1
"TFE3","TFE3",0.0222302005806975,0.233848730994437,0.08,0.064,1
"AXIN1","AXIN1",0.0223038347433816,0.210095008931279,0.101,0.083,1
"ENSG00000228886","ENSG00000228886",0.0223112850742655,-0.539801064840871,0.013,0.021,1
"ADAT2","ADAT2",0.0223289729695709,0.430784880796319,0.03,0.021,1
"MAGI1-AS1","MAGI1-AS1",0.0223684751786329,1.0425166396072,0.012,0.006,1
"ZNF566","ZNF566",0.022446559914925,0.275590686737488,0.174,0.152,1
"C9orf78","C9orf78",0.0224711109169374,0.317265714312753,0.116,0.096,1
"OLFML2B","OLFML2B",0.0225222750004498,0.458782205804611,0.023,0.015,1
"FBXL6","FBXL6",0.0225547409134906,0.635752187676018,0.015,0.008,1
"ZNF44","ZNF44",0.0225656580609589,-0.29033860406102,0.203,0.224,1
"SLC71A2","SLC71A2",0.0225830392935677,-0.289449540280662,0.15,0.171,1
"CLCA4-AS1","CLCA4-AS1",0.0225999301601072,0.447922589742906,0.03,0.021,1
"UFM1","UFM1",0.0226094480248383,0.165774521992409,0.207,0.18,1
"KCTD21","KCTD21",0.0226131254554524,0.58784843718385,0.033,0.023,1
"REXO4","REXO4",0.0226274729209276,0.202414150146362,0.107,0.089,1
"COQ7","COQ7",0.0226447981897953,-0.436012843569778,0.068,0.084,1
"P2RX4","P2RX4",0.0226598483266327,-0.546115756272118,0.07,0.086,1
"TRIM14","TRIM14",0.0226615730432818,0.683582915058404,0.012,0.006,1
"SMARCAD1","SMARCAD1",0.022665015416897,0.13273326390473,0.388,0.355,1
"NUDT21","NUDT21",0.0226777551619822,-0.291047337216596,0.151,0.172,1
"LOC105371956","LOC105371956",0.022686096546481,0.481021985040951,0.037,0.027,1
"PXMP4","PXMP4",0.0227365804291236,-0.321516446271388,0.072,0.089,1
"CNOT7","CNOT7",0.0227570485836197,0.152615595431233,0.151,0.128,1
"DBP","DBP",0.0227592250127022,0.466798305637111,0.04,0.029,1
"MED28-DT","MED28-DT",0.0227792054058593,-0.521873854929189,0.043,0.056,1
"EVL","EVL",0.0227808828113299,0.149019793591673,0.425,0.395,1
"DDB1","DDB1",0.0228664339879637,-0.262518159454872,0.178,0.199,1
"SURF2","SURF2",0.0228974741738528,0.384026565177239,0.027,0.018,1
"ZFP36L1","ZFP36L1",0.0229617721479717,0.624836554015848,0.023,0.015,1
"ENSG00000254988","ENSG00000254988",0.0230184291610669,0.586434953774276,0.021,0.013,1
"MAP3K11","MAP3K11",0.0230272680373059,0.107056079016892,0.279,0.248,1
"CREBZF","CREBZF",0.0230344079368891,-0.22133417437517,0.289,0.31,1
"HSD17B6","HSD17B6",0.023095926607682,0.354260621626997,0.049,0.036,1
"ZNF84","ZNF84",0.023111063823367,-0.199509025683248,0.236,0.258,1
"TMEM38B","TMEM38B",0.0231148434237323,0.192875454894526,0.17,0.147,1
"ENSG00000272619","ENSG00000272619",0.0231210038213258,0.641930559901132,0.017,0.01,1
"MAP3K2-DT","MAP3K2-DT",0.023158891824594,0.868105434528435,0.024,0.016,1
"FAM114A1","FAM114A1",0.0231743106203048,-0.300537611205991,0.16,0.18,1
"CD163L1","CD163L1",0.0232094773312602,0.391249125353484,0.037,0.027,1
"ENSG00000273025","ENSG00000273025",0.023226036582478,-1.19118202634041,0.006,0.012,1
"MAFB","MAFB",0.0232460249010133,1.08462285097707,0.011,0.006,1
"ENSG00000251675","ENSG00000251675",0.0232531625505759,0.12051589281516,0.083,0.066,1
"SLC25A28","SLC25A28",0.0232738876860317,0.158492378951372,0.18,0.155,1
"PARP2","PARP2",0.023274548149964,-0.411643407854768,0.038,0.051,1
"SAP25","SAP25",0.023307536858151,0.194625236409661,0.084,0.067,1
"PRMT6","PRMT6",0.0233248821924296,-1.55053184410118,0.007,0.013,1
"ENSG00000234998","ENSG00000234998",0.0233388713900808,0.800388253446459,0.033,0.023,1
"ENSG00000228548","ENSG00000228548",0.023438662102585,0.49482308488304,0.019,0.012,1
"POLN","POLN",0.0234438616683908,0.187446661379529,0.129,0.109,1
"MTBP","MTBP",0.0235067693302688,-0.414068842915512,0.056,0.071,1
"FAR2-AS1","FAR2-AS1",0.0235152889939588,-0.329972105809214,0.045,0.059,1
"ARHGEF25","ARHGEF25",0.0235623494228146,0.724089560519565,0.011,0.006,1
"DDX4","DDX4",0.0235674515943858,-0.923581791360245,0.015,0.024,1
"INTS3","INTS3",0.0235688892767348,0.179782093015007,0.185,0.16,1
"ENSG00000284341","ENSG00000284341",0.0235922910532983,-0.730178289069959,0.015,0.024,1
"DARS1","DARS1",0.0236131122694416,0.142287419299162,0.285,0.258,1
"CEP250","CEP250",0.0236134780173849,0.359661007990546,0.076,0.061,1
"ENSG00000231441","ENSG00000231441",0.0236167023894828,0.526983004042006,0.034,0.024,1
"VPS13D","VPS13D",0.0236244791408893,-0.154720881285233,0.51,0.53,1
"TFAP2E","TFAP2E",0.0236387931980537,-0.343432749034813,0.102,0.121,1
"ACLY","ACLY",0.0236495148304489,0.244418550970261,0.116,0.096,1
"STK32A","STK32A",0.0236619638401313,0.766741131031769,0.011,0.006,1
"CNPY3","CNPY3",0.0236927945193527,0.120878438589302,0.067,0.052,1
"PILRB","PILRB",0.0237022157058606,-0.30524775264883,0.174,0.194,1
"SDK1","SDK1",0.0237071053379215,0.480494535252361,0.06,0.047,1
"C3","C3",0.0237339759297002,0.708509016241162,0.017,0.01,1
"POLL","POLL",0.0237376504543355,-0.440490130676583,0.064,0.08,1
"MSTO1","MSTO1",0.0237582182357026,-0.616060635379111,0.032,0.044,1
"ZNF689","ZNF689",0.0237760909980477,0.639311347425703,0.028,0.019,1
"ZDHHC5","ZDHHC5",0.0238182965062738,0.174452040152763,0.123,0.102,1
"PDXK","PDXK",0.0238591817213727,0.192840084745576,0.12,0.1,1
"TFIP11","TFIP11",0.0238708749402334,0.367276791148397,0.062,0.049,1
"THAP7-AS1","THAP7-AS1",0.0239539570228353,-0.723041416312915,0.014,0.023,1
"SEPTIN9","SEPTIN9",0.0239635456182379,-0.370302202114679,0.054,0.069,1
"DDX24","DDX24",0.0239671705751469,-0.150563207223658,0.335,0.358,1
"NUDT1","NUDT1",0.0239676881250209,-0.551713489232708,0.033,0.045,1
"SCML2","SCML2",0.0239890177725605,0.392072949488904,0.058,0.045,1
"SPARCL1","SPARCL1",0.0240202714261221,0.220575633027035,0.075,0.059,1
"CENPO","CENPO",0.0242094393422313,0.655706012139938,0.026,0.017,1
"IDI2-AS1","IDI2-AS1",0.0242207749603897,-0.36117500329435,0.113,0.132,1
"RTL8C","RTL8C",0.0242369329194727,-0.235160943793232,0.173,0.192,1
"ZNF462","ZNF462",0.0243068532535946,-0.130039512606514,0.54,0.565,1
"SEC24B-AS1","SEC24B-AS1",0.0243234598745808,-0.447880130807708,0.044,0.058,1
"AGPAT1","AGPAT1",0.0244394197859698,-0.327657123692424,0.114,0.133,1
"CRAT37","CRAT37",0.0244511374256485,0.702881570868233,0.017,0.01,1
"THNSL2","THNSL2",0.0244836661238711,-0.441955959277971,0.076,0.092,1
"ABCD3","ABCD3",0.0245407462497705,-0.176812112352709,0.309,0.333,1
"C15orf61","C15orf61",0.0245595630558202,0.310751597147824,0.036,0.025,1
"KATNIP","KATNIP",0.0245739921105243,-0.186800138001073,0.29,0.312,1
"SRBD1","SRBD1",0.0245778266620925,-0.244377439392721,0.172,0.194,1
"NPAS2","NPAS2",0.0245968729075772,1.16305677878792,0.014,0.008,1
"KIAA0513","KIAA0513",0.0246263247040217,0.238333734995832,0.08,0.064,1
"NCL","NCL",0.0246402518610137,-0.168702682053768,0.19,0.213,1
"TJP2","TJP2",0.0246415329409831,-1.19789540984712,0.008,0.014,1
"NHLRC2","NHLRC2",0.0246756314648599,-0.183884906897608,0.255,0.277,1
"SF3A1","SF3A1",0.0246876086937815,0.190188691326334,0.086,0.069,1
"TRPV1","TRPV1",0.0246924090584394,-0.364294777911616,0.053,0.068,1
"ENTREP2","ENTREP2",0.024720937386335,-1.05450712927879,0.017,0.026,1
"KLRK1-AS1","KLRK1-AS1",0.0247358564767426,0.142174939828496,0.042,0.031,1
"ATP5ME","ATP5ME",0.0247454530357097,0.136831309941481,0.369,0.336,1
"MCEE","MCEE",0.0247605512151452,-0.363925000310629,0.109,0.126,1
"TSPYL1","TSPYL1",0.0247613837637815,0.249558589541668,0.062,0.048,1
"NCAM2","NCAM2",0.0247631746602772,-0.103594565899296,0.984,0.975,1
"SNX16","SNX16",0.0247849067427212,0.15256199974584,0.088,0.071,1
"ZNF93","ZNF93",0.0247874550070675,0.459464278646843,0.029,0.02,1
"CEP192","CEP192",0.0247919493789942,-0.143235060451673,0.435,0.456,1
"DDX18","DDX18",0.0248391144449388,0.17879100371594,0.26,0.232,1
"OSTC","OSTC",0.0248808493681881,0.268562051633743,0.087,0.071,1
"ENSG00000235298","ENSG00000235298",0.0248868842055007,0.744437219637399,0.018,0.011,1
"BRME1","BRME1",0.0248946873048802,0.516644197955345,0.026,0.017,1
"ALG5","ALG5",0.0249128665282725,-0.297640895488475,0.142,0.163,1
"RCHY1","RCHY1",0.0249249609644455,0.21702587138335,0.158,0.137,1
"TYW3","TYW3",0.0249258168170146,0.211726738303123,0.109,0.09,1
"NTN4","NTN4",0.0249631327432531,-1.21551013729227,0.008,0.015,1
"LOC105373974","LOC105373974",0.0250396410524059,0.205996627990576,0.04,0.029,1
"MPP2","MPP2",0.025081575473489,-0.167580537121729,0.345,0.366,1
"IL12A-AS1","IL12A-AS1",0.0250941780225354,0.733747364721963,0.018,0.011,1
"NAMPT","NAMPT",0.0251347175572472,-0.315115233762615,0.087,0.105,1
"TEKT4","TEKT4",0.025167644701705,-1.1738724583214,0.004,0.01,1
"LRAT","LRAT",0.025237034828668,-0.978597290858076,0.013,0.021,1
"CUEDC2","CUEDC2",0.0252438906005144,-0.32751381945965,0.097,0.115,1
"C20orf96","C20orf96",0.0253306120376795,0.374606168794656,0.029,0.02,1
"CLSTN1","CLSTN1",0.0253498151139605,0.150994729324341,0.358,0.328,1
"ENSG00000244879","ENSG00000244879",0.0253593516741721,-0.109524693978026,0.542,0.563,1
"SLC16A7","SLC16A7",0.02541591449923,-0.257047277997945,0.271,0.292,1
"GYS2","GYS2",0.0254436876670141,0.91740722779706,0.01,0.005,1
"RELL2","RELL2",0.0254808112317822,0.8852627109788,0.01,0.005,1
"LINC01856","LINC01856",0.0254809612513379,-0.942729710417137,0.008,0.015,1
"LINC00910","LINC00910",0.0254815510652797,-0.723561663145555,0.014,0.022,1
"ACSL6-AS1","ACSL6-AS1",0.0255103115612782,-0.847550707267346,0.004,0.01,1
"TMEM11-DT","TMEM11-DT",0.0255215895772338,-0.445331789123288,0.046,0.059,1
"ASIC2","ASIC2",0.0255630363602878,0.587335972780303,0.029,0.02,1
"DCAF11","DCAF11",0.0255834589640787,0.480267153156642,0.022,0.014,1
"SZRD1","SZRD1",0.0255989541618579,0.14476225482096,0.122,0.102,1
"EHD3","EHD3",0.0256099037789673,0.438645412861947,0.038,0.027,1
"LOC101928516","LOC101928516",0.0256317641700641,-0.929357872571984,0.011,0.019,1
"TBC1D2","TBC1D2",0.0256343985625765,-0.138632767192288,0.256,0.28,1
"ZBTB7C","ZBTB7C",0.0256746100320533,0.92701314238566,0.01,0.005,1
"MED19","MED19",0.0256762721738986,0.251695757107714,0.049,0.037,1
"EPHA10","EPHA10",0.0256766615699607,0.549700895633881,0.018,0.011,1
"CHRNA6","CHRNA6",0.0257200039053494,-1.04164455424856,0.01,0.018,1
"TMEM234","TMEM234",0.0257506769445558,-0.901960202556044,0.011,0.018,1
"SMARCD1","SMARCD1",0.0257671939703745,-0.367695283792125,0.097,0.114,1
"PPP1CB","PPP1CB",0.0258056401084832,0.187779053039775,0.162,0.14,1
"TMEM214","TMEM214",0.0258481696393622,0.375490853694182,0.053,0.041,1
"AKTIP","AKTIP",0.0259104189456113,0.183584848290983,0.117,0.097,1
"COQ10B","COQ10B",0.0259474843235284,-0.211583096945166,0.078,0.096,1
"ENSG00000253642","ENSG00000253642",0.0259839581368505,-0.830952935096126,0.009,0.015,1
"FKBP3","FKBP3",0.026010049533777,0.181668146092403,0.208,0.183,1
"PGGT1B","PGGT1B",0.0260163261181676,-0.324663023291231,0.14,0.159,1
"CEBPZOS","CEBPZOS",0.0260339859533744,0.223940900984393,0.232,0.206,1
"WDFY3-AS1","WDFY3-AS1",0.0260557684240195,0.815968593145779,0.013,0.008,1
"NONO","NONO",0.026056668161601,0.238839304155866,0.151,0.129,1
"FN1","FN1",0.0261346709630753,-0.486717771846361,0.049,0.063,1
"CCDC88B","CCDC88B",0.0261370530068749,0.708677115410483,0.022,0.014,1
"RAPGEF6","RAPGEF6",0.0261372307117017,-0.475648060114052,0.066,0.081,1
"BCL7C","BCL7C",0.0261402671430105,-0.276985342379327,0.16,0.179,1
"ENSG00000234160","ENSG00000234160",0.0262041734529459,1.24852483257679,0.01,0.005,1
"IL21R-AS1","IL21R-AS1",0.0262545037694004,-1.22226320497185,0.005,0.01,1
"ENSG00000281332","ENSG00000281332",0.0262551571812766,0.912251951189686,0.018,0.011,1
"NQO1-DT","NQO1-DT",0.0263264208460145,0.286359674356754,0.067,0.052,1
"MPZ","MPZ",0.026360631299258,0.85858573231704,0.01,0.005,1
"DNAJC2","DNAJC2",0.0263706732848969,0.145202713709875,0.129,0.109,1
"CPNE9","CPNE9",0.026395945227482,1.19288338244009,0.01,0.005,1
"ENSG00000274104","ENSG00000274104",0.0264136908162258,0.596424324641238,0.02,0.013,1
"LINC02503","LINC02503",0.0264313002645818,0.987077662111004,0.01,0.005,1
"ITPK1","ITPK1",0.0264432150861682,0.109859613146948,0.493,0.456,1
"DPP10","DPP10",0.0265021786382201,-0.544977885905258,0.074,0.09,1
"FBXW12","FBXW12",0.0265840073427672,-0.979944752583874,0.005,0.01,1
"TTTY14","TTTY14",0.0266184063744469,-0.187797434650571,0.208,0.23,1
"ENSG00000283696","ENSG00000283696",0.0266502519110862,-0.577552579062768,0.011,0.018,1
"ENSG00000223379","ENSG00000223379",0.0266789417340361,0.918403282098393,0.023,0.015,1
"ADAMTS13","ADAMTS13",0.0266978461059382,-0.520137603085598,0.046,0.059,1
"ASB4","ASB4",0.0267473684084266,0.840874902793513,0.01,0.005,1
"COQ8A","COQ8A",0.0267690617779973,0.152051301316143,0.144,0.123,1
"B4GALT3","B4GALT3",0.0267935691765727,0.266816727160224,0.046,0.034,1
"SRRT","SRRT",0.0268390946060681,0.221005090614285,0.121,0.102,1
"TRAPPC2L","TRAPPC2L",0.0268412111932937,-0.519416254114717,0.076,0.092,1
"SLC25A45","SLC25A45",0.0268419927027184,-0.532235690564944,0.018,0.027,1
"ENSG00000203279","ENSG00000203279",0.0268633326110591,-0.456870370129481,0.01,0.017,1
"ISG20L2","ISG20L2",0.0269135834602711,0.368306146163086,0.059,0.046,1
"MOSPD1","MOSPD1",0.0269220393521748,0.648082598455152,0.031,0.022,1
"TDRD7","TDRD7",0.0269595674971486,0.216357713561846,0.169,0.147,1
"GRM8","GRM8",0.0269755084728241,0.613449964172895,0.036,0.026,1
"MSH6","MSH6",0.027043545506216,0.138692111952536,0.219,0.192,1
"KIN","KIN",0.0270973338502105,0.182794390903829,0.138,0.117,1
"MARCHF10","MARCHF10",0.027118008851091,0.501053356632936,0.051,0.039,1
"PARVB","PARVB",0.0271559943457801,-0.60462520068781,0.032,0.044,1
"IFI27L1","IFI27L1",0.0271589020425496,-0.640653810284381,0.027,0.038,1
"CEP104","CEP104",0.0272025131090039,-0.242207598542174,0.222,0.243,1
"LINC01772","LINC01772",0.0272113158495748,0.707170440397132,0.016,0.009,1
"LOC124900476","LOC124900476",0.027282581066767,-0.298217644971674,0.044,0.057,1
"ENSG00000267416","ENSG00000267416",0.02730115307412,-0.4777965673238,0.031,0.042,1
"ADAMTS2","ADAMTS2",0.0273365040886187,0.726304465879394,0.02,0.012,1
"C6orf89","C6orf89",0.0273569011555734,0.129679389869424,0.373,0.343,1
"KCTD9","KCTD9",0.0273632582125167,0.155238137243239,0.08,0.064,1
"CHAF1A","CHAF1A",0.0273644289733031,-0.613334128142353,0.02,0.029,1
"GFAP","GFAP",0.0273756764813241,-0.299555630609543,0.17,0.192,1
"EEPD1","EEPD1",0.0274088094391813,-0.123576184947151,0.56,0.563,1
"NAXE","NAXE",0.027427690083007,0.244816747513864,0.081,0.066,1
"MIATNB","MIATNB",0.0274340432592169,-0.28628665437721,0.082,0.099,1
"CD63-AS1","CD63-AS1",0.0274480713825154,0.399165636638889,0.018,0.011,1
"CCT6B","CCT6B",0.0274628719044438,-0.481030925669059,0.048,0.062,1
"SEC63","SEC63",0.0274914810517294,-0.193656699901239,0.308,0.332,1
"NDUFA3","NDUFA3",0.0274975449680811,-0.525600669306077,0.091,0.106,1
"PHLDA3","PHLDA3",0.0275134993103541,0.155247842770623,0.341,0.31,1
"SNAP91","SNAP91",0.0275237526161052,-0.333452811505557,0.133,0.153,1
"CPNE2","CPNE2",0.0275563711990579,0.114387478118992,0.57,0.541,1
"ENSG00000268081","ENSG00000268081",0.0275734996290903,-0.158754667292469,0.043,0.057,1
"TOM1L1","TOM1L1",0.0275863203987722,0.137720896869908,0.081,0.065,1
"LOC102724159","LOC102724159",0.0276225969814106,0.398059492711486,0.027,0.018,1
"SWT1","SWT1",0.0276520993024195,0.142516793447984,0.242,0.217,1
"SNAI3-AS1","SNAI3-AS1",0.0276594203841831,0.256519133576399,0.048,0.036,1
"MIEF1","MIEF1",0.027660583242779,0.246766117026084,0.072,0.057,1
"BCAS2","BCAS2",0.0277273520698437,0.229701652906355,0.099,0.081,1
"SH3BP5-AS1","SH3BP5-AS1",0.0277305777861555,-0.488512935740787,0.041,0.054,1
"TPR","TPR",0.0277480747417685,0.127071800536943,0.336,0.306,1
"ENSG00000257526","ENSG00000257526",0.02778407949735,-0.583550515280653,0.046,0.059,1
"PARD6A","PARD6A",0.0278374330209719,0.60997704731152,0.013,0.007,1
"UNKL","UNKL",0.027862604852382,-0.278849848441094,0.111,0.129,1
"NOL11","NOL11",0.0278738660389324,0.254054881814541,0.11,0.091,1
"WDR26","WDR26",0.0278926806720379,0.11884602215901,0.355,0.323,1
"TSC1","TSC1",0.0279229387168018,0.122197200629226,0.297,0.269,1
"SEC24C","SEC24C",0.0279297391857056,0.138051214414354,0.156,0.133,1
"XPO4","XPO4",0.027971418904979,-0.144687937566548,0.342,0.367,1
"ZNF273","ZNF273",0.0280633614272645,-0.55026038946059,0.035,0.047,1
"TOM1","TOM1",0.0280637877639958,0.164944953902551,0.147,0.125,1
"C12orf57","C12orf57",0.0281418313781202,0.114436941142934,0.082,0.066,1
"WLS","WLS",0.0281820069838827,-0.55627756047612,0.016,0.024,1
"NDN","NDN",0.0281848722406231,-0.398993960334845,0.062,0.077,1
"NDUFS7","NDUFS7",0.0282016441019245,-0.204448099986021,0.353,0.366,1
"NOLC1","NOLC1",0.0282615522298635,0.158610662847741,0.071,0.056,1
"PIP5K1C","PIP5K1C",0.0282693830826216,0.178390427019791,0.089,0.073,1
"RMC1","RMC1",0.0283585189579666,0.142256305568682,0.16,0.136,1
"CGAS","CGAS",0.0283613083229553,0.742997663091035,0.018,0.011,1
"ENSG00000279064","ENSG00000279064",0.0284063689294124,0.758825934199462,0.018,0.011,1
"FTCD","FTCD",0.0284121512998636,0.258369041657295,0.182,0.161,1
"PALLD","PALLD",0.0284955112393679,0.39879563377725,0.03,0.021,1
"ENSG00000255580","ENSG00000255580",0.0285292252606972,0.13224754288491,0.097,0.079,1
"ENSG00000268439","ENSG00000268439",0.0285410349691268,0.460937485798393,0.038,0.028,1
"C3orf70","C3orf70",0.0285418962719662,-0.189406580287713,0.077,0.095,1
"TMEM260","TMEM260",0.0285618216749881,-0.184423131970952,0.369,0.387,1
"SEC31B","SEC31B",0.0286401312298573,0.170143880195802,0.092,0.075,1
"APBB1","APBB1",0.028645750394391,-0.129225583437677,0.526,0.545,1
"SIRT5","SIRT5",0.0286973419687402,0.214184990172163,0.16,0.138,1
"ADAMTS16","ADAMTS16",0.0287751581284875,0.650802671263137,0.018,0.011,1
"PSMB1","PSMB1",0.0287798004256686,0.121181630090048,0.294,0.264,1
"MAPKAP1","MAPKAP1",0.0288100455559251,-0.14839070698711,0.449,0.465,1
"HLA-DRA","HLA-DRA",0.0288432291845739,0.692964283416134,0.013,0.007,1
"NDUFAF2","NDUFAF2",0.028936142185576,0.139806823520501,0.316,0.289,1
"PPP2R1A","PPP2R1A",0.0290232775450841,-0.266325345299847,0.197,0.217,1
"ATG13","ATG13",0.0290744655488199,-0.136604086451654,0.478,0.496,1
"SLC44A3","SLC44A3",0.0290747717556943,-1.26332569906203,0.006,0.012,1
"LMAN2","LMAN2",0.0291280849202447,0.159094995034504,0.096,0.079,1
"MCL1","MCL1",0.0291386077021115,0.205151191328168,0.068,0.054,1
"METAP1","METAP1",0.0292012574746695,0.190788760791336,0.106,0.088,1
"UBXN2B","UBXN2B",0.0292307514789628,0.124516109709365,0.205,0.18,1
"GBF1","GBF1",0.0292755393771748,-0.190325347817148,0.359,0.373,1
"LRRC34","LRRC34",0.029276669214863,-0.527674307175069,0.019,0.029,1
"ENSG00000272077","ENSG00000272077",0.0292796338570605,0.597987180758838,0.013,0.007,1
"HMGA1","HMGA1",0.0292837995590199,0.404621106478523,0.03,0.021,1
"TMEM19","TMEM19",0.0293935136641661,0.190544155582768,0.071,0.057,1
"TIGD5","TIGD5",0.0293958069731926,0.485596042356059,0.023,0.015,1
"SLC25A17","SLC25A17",0.0294175977681119,0.181784725244905,0.186,0.163,1
"SNX22","SNX22",0.0295000745210504,-0.393876138406151,0.093,0.109,1
"LINC02115","LINC02115",0.0295183034753995,-0.857790457935262,0.013,0.021,1
"CACNA2D1","CACNA2D1",0.029557925211163,-0.106653000522194,0.844,0.841,1
"SMAD9","SMAD9",0.029564178768051,0.17706307358512,0.135,0.115,1
"DTX4","DTX4",0.0295815165293949,-0.365158718156281,0.148,0.167,1
"ASH2L","ASH2L",0.0295917568074913,-0.321190049767204,0.099,0.117,1
"PLGLB1","PLGLB1",0.029698499055504,0.215546317873352,0.12,0.101,1
"ANKLE2","ANKLE2",0.0297854738148148,-0.282840909004914,0.13,0.149,1
"PLOD1","PLOD1",0.0298105014106183,0.257102698484982,0.118,0.099,1
"NUDT6","NUDT6",0.0298978443353166,0.203308839964482,0.08,0.065,1
"GIT1","GIT1",0.0299090012451634,0.138642234834536,0.296,0.269,1
"ENSG00000275966","ENSG00000275966",0.0299232852165789,-0.6338651595706,0.018,0.026,1
"PTEN","PTEN",0.0299928123716205,0.110676697607992,0.38,0.351,1
"ENSG00000257156","ENSG00000257156",0.0300425800135961,0.63495614074748,0.017,0.01,1
"ENSG00000272009","ENSG00000272009",0.0301023415857811,-0.500991035873426,0.024,0.034,1
"ENSG00000269982","ENSG00000269982",0.0301052611310661,-1.13646219694223,0.007,0.013,1
"SMIM30","SMIM30",0.0301141083876497,0.34377052887565,0.045,0.033,1
"SMCR8","SMCR8",0.0301173809770037,0.259944294981579,0.04,0.029,1
"ENSG00000258696","ENSG00000258696",0.0301530289958591,0.441752163966353,0.025,0.016,1
"ADGRG1","ADGRG1",0.0301926731517245,-0.98930926077156,0.007,0.013,1
"RAB3D","RAB3D",0.0302126282639951,0.399195307297618,0.015,0.009,1
"LCLAT1","LCLAT1",0.0302225183650488,-0.335775665202409,0.111,0.13,1
"HDGF","HDGF",0.0302618869511773,0.137335176693913,0.133,0.113,1
"SERPINF2","SERPINF2",0.0303680097024368,0.739072405349418,0.015,0.009,1
"TCEAL8","TCEAL8",0.0303795570317189,0.23297545317243,0.07,0.055,1
"BOD1","BOD1",0.0303945652904977,0.298705943286753,0.075,0.06,1
"ENSG00000261845","ENSG00000261845",0.0304414373640433,0.728315958936751,0.015,0.009,1
"ZSCAN32","ZSCAN32",0.0304471044162398,0.229367825849804,0.059,0.046,1
"ENSG00000267152","ENSG00000267152",0.0304663091935207,0.547082992294528,0.04,0.029,1
"MCM7","MCM7",0.0304730557634766,0.25486654406618,0.07,0.056,1
"GMFB","GMFB",0.0304878167819408,0.321778914226229,0.094,0.078,1
"LINC02606","LINC02606",0.0305044066974927,-0.70395051277106,0.013,0.021,1
"HERC5","HERC5",0.0305097535297827,-1.07271301705213,0.012,0.019,1
"GABPA","GABPA",0.0305316591043663,0.167793924328565,0.216,0.191,1
"ENSG00000249996","ENSG00000249996",0.0305512552085326,0.526551781745351,0.017,0.01,1
"TFG","TFG",0.0305905888766761,-0.248183699507126,0.21,0.229,1
"DSTYK","DSTYK",0.0305996485048373,0.156967940773649,0.32,0.292,1
"LINC02482","LINC02482",0.0306169345826042,0.254652135606016,0.078,0.063,1
"ZBTB22","ZBTB22",0.030627380481912,0.826195973677461,0.019,0.012,1
"FYB1","FYB1",0.030635666138565,0.469288162933974,0.017,0.01,1
"ADNP2","ADNP2",0.0306383227173182,-0.195822307324829,0.239,0.261,1
"ENSG00000256632","ENSG00000256632",0.0306619546015549,0.717219146239459,0.012,0.007,1
"C19orf47","C19orf47",0.0306652463645624,0.34600507164003,0.049,0.038,1
"ATG3","ATG3",0.0306827526148515,-0.262805039401651,0.139,0.157,1
"ENSG00000250132","ENSG00000250132",0.030685655580711,0.761016438462942,0.012,0.007,1
"VTI1B","VTI1B",0.0307138108327465,0.23986943103984,0.074,0.059,1
"REEP6","REEP6",0.0307257150732963,-0.837118945215416,0.007,0.013,1
"MIRLET7IHG","MIRLET7IHG",0.0307579201624115,-0.478716666086776,0.077,0.093,1
"CKAP2","CKAP2",0.0307579223070357,0.592195143961497,0.021,0.013,1
"ZNF785","ZNF785",0.0307858409077755,0.165536677290933,0.129,0.109,1
"COL24A1","COL24A1",0.0308182830987147,0.678767127610826,0.019,0.012,1
"ADCY2","ADCY2",0.0308915038713686,-0.412702753820007,0.033,0.045,1
"BLID","BLID",0.0309112878713982,-0.566063400444,0.013,0.02,1
"ENSG00000277726","ENSG00000277726",0.0309117391451232,-0.509770186474436,0.021,0.03,1
"ZNF585B","ZNF585B",0.0309315759818193,-1.05224659687458,0.009,0.016,1
"ENSG00000249459","ENSG00000249459",0.0309317834302002,0.15087317550815,0.083,0.067,1
"MAMDC2","MAMDC2",0.0309682274298652,-0.409898949481456,0.089,0.105,1
"PDPK1","PDPK1",0.0309950337290001,0.131369108753639,0.326,0.295,1
"PEX7","PEX7",0.0309958669050329,-0.336452805925057,0.092,0.109,1
"ENSG00000278610","ENSG00000278610",0.0310201104560284,0.433712876843626,0.027,0.019,1
"SLC4A9","SLC4A9",0.0310810755708864,0.362151289691211,0.035,0.025,1
"AP4S1","AP4S1",0.0310885900954863,-0.318258829648291,0.099,0.117,1
"ENSG00000237975","ENSG00000237975",0.031105036919256,-0.70367597311232,0.023,0.033,1
"TMEM74","TMEM74",0.0311265732609918,0.344726066040198,0.017,0.01,1
"RABGAP1L-AS1","RABGAP1L-AS1",0.031146748926216,-0.827354716792591,0.012,0.019,1
"CACNB4","CACNB4",0.0311498400080635,0.337526871629335,0.062,0.049,1
"RRH","RRH",0.0312357044099511,0.511884084870364,0.021,0.013,1
"MTTP","MTTP",0.0312652311737907,-0.98478636770144,0.009,0.016,1
"ZNF619","ZNF619",0.0312863625232108,-0.723479152017959,0.017,0.025,1
"LOC124901151","LOC124901151",0.0313146234227145,0.628874716237106,0.031,0.022,1
"RABL2B.1","RABL2B.1",0.0313424922986689,-0.254681859627882,0.082,0.098,1
"TCF24","TCF24",0.0313703765286839,-0.802988253154424,0.011,0.018,1
"CYB5D2","CYB5D2",0.0313779503597621,0.170311474795037,0.171,0.148,1
"ENTPD3","ENTPD3",0.0314780011090453,-0.603879989883553,0.011,0.018,1
"NUP214","NUP214",0.0314814067526665,-0.173091195386268,0.402,0.419,1
"ALKBH2","ALKBH2",0.0314934848552216,-0.478259850490387,0.026,0.036,1
"TEX2","TEX2",0.0315036069063634,-0.187250397768782,0.253,0.272,1
"RRAGD","RRAGD",0.0315362273517058,0.295844578625093,0.102,0.085,1
"G3BP2","G3BP2",0.0316450724434668,0.145198177167719,0.293,0.266,1
"PLEC","PLEC",0.0317198413279873,0.67070253132249,0.021,0.013,1
"GPC5","GPC5",0.0317295080302874,0.636068968104413,0.104,0.087,1
"TRAF7","TRAF7",0.0317492362113189,0.370712170778522,0.035,0.025,1
"ELP3","ELP3",0.0317607391135831,0.15557182015368,0.263,0.236,1
"HMSD","HMSD",0.0317696145203743,0.186927252908458,0.084,0.068,1
"FLT1","FLT1",0.0317744385176626,-0.709291067457405,0.009,0.015,1
"IREB2","IREB2",0.0318727297739408,-0.215606007859557,0.241,0.262,1
"EZH2","EZH2",0.0318834362614904,-0.441586141254031,0.023,0.033,1
"PDE10A","PDE10A",0.031902204380686,0.24592408095549,0.273,0.248,1
"TEX46","TEX46",0.0319365300189822,-0.723718669740636,0.01,0.017,1
"ENSG00000273064","ENSG00000273064",0.0319396174903979,0.430961503378934,0.046,0.034,1
"UBAP2L","UBAP2L",0.031947073494969,-0.279624721516498,0.176,0.195,1
"SCMH1-DT","SCMH1-DT",0.0319473995617999,0.575007521059734,0.024,0.016,1
"CEP63","CEP63",0.0319809262733799,-0.101955913901049,0.307,0.331,1
"ARMCX4","ARMCX4",0.0320060600850337,-0.313595773331441,0.289,0.304,1
"ADK","ADK",0.0320124809449834,-0.174323361074352,0.472,0.489,1
"PPP1R13B","PPP1R13B",0.0320853692123969,0.162738394983814,0.192,0.17,1
"GPR155","GPR155",0.0321205554955681,-0.28709156003242,0.131,0.15,1
"IL4R","IL4R",0.0321730265981313,-1.1956195522404,0.004,0.01,1
"LOC101927468","LOC101927468",0.0322167132130474,-0.163784925152065,0.438,0.456,1
"ENSG00000245904","ENSG00000245904",0.0322402143804018,-0.781200091661451,0.009,0.016,1
"PANK2","PANK2",0.0322597322699164,0.233728292220168,0.137,0.118,1
"ENSG00000283597","ENSG00000283597",0.0323063071428962,-1.11518588167712,0.004,0.01,1
"PARP12","PARP12",0.0323299263723569,-0.730896285552596,0.016,0.025,1
"PCDHB12","PCDHB12",0.0323775835293882,-0.980781900986176,0.004,0.01,1
"AURKAIP1","AURKAIP1",0.0324238302582096,-0.36517496591712,0.132,0.148,1
"ACTR10","ACTR10",0.032424780089606,-0.256697066922572,0.216,0.235,1
"DAGLB","DAGLB",0.0324526827571145,0.274297893056328,0.063,0.05,1
"NUDT16L1","NUDT16L1",0.0324832329548279,0.176154619547497,0.09,0.073,1
"SMAD4","SMAD4",0.0325211440200987,0.195436331958174,0.182,0.159,1
"CLUAP1","CLUAP1",0.0325439736979316,-0.339941901191613,0.071,0.087,1
"MRPS22","MRPS22",0.0325524646798713,-0.405786991965504,0.126,0.144,1
"HDHD5-AS1","HDHD5-AS1",0.0325611439745546,-0.50849311733027,0.055,0.068,1
"ENSG00000269604","ENSG00000269604",0.0326273326455065,0.494538451996352,0.012,0.006,1
"ZNF35","ZNF35",0.0326323925955852,0.282182228796829,0.074,0.059,1
"HIVEP1","HIVEP1",0.0326702993362647,-0.367009099207728,0.094,0.111,1
"FGF12","FGF12",0.0327289702141064,-0.3472940733257,0.034,0.046,1
"ENSG00000224363","ENSG00000224363",0.0327714687870453,0.193519456432692,0.178,0.154,1
"HUNK","HUNK",0.0327810277293648,-0.82825859172323,0.004,0.01,1
"RAB40C","RAB40C",0.032831765090175,0.144706446877778,0.187,0.165,1
"FAM86B2-DT","FAM86B2-DT",0.0328492987007784,0.43985318803683,0.042,0.031,1
"SAMHD1","SAMHD1",0.0328654419869583,-0.267651108633135,0.098,0.115,1
"PCBP1","PCBP1",0.0329134329077342,0.176605484340047,0.239,0.213,1
"CDC34","CDC34",0.0329266216099548,-0.311278840537922,0.068,0.083,1
"SENP5","SENP5",0.0329602713566722,-0.177975073050822,0.342,0.361,1
"ZNF90","ZNF90",0.0330430840955953,-0.155264704829574,0.108,0.127,1
"ECI1","ECI1",0.033061800673125,0.238415076908107,0.122,0.103,1
"TRAPPC8","TRAPPC8",0.0330983585919571,0.120233047153746,0.375,0.348,1
"NBPF20","NBPF20",0.0331242094027417,0.761175285815719,0.016,0.01,1
"ENSG00000227407","ENSG00000227407",0.0332153213609457,0.405857877660313,0.017,0.01,1
"ENSG00000275383","ENSG00000275383",0.0332315230911875,0.859465894377825,0.016,0.01,1
"RILPL1","RILPL1",0.0332645766006763,0.10946212096601,0.505,0.472,1
"H2BC8","H2BC8",0.0333479829049894,1.12484758185023,0.011,0.006,1
"CLPX","CLPX",0.0333721062745085,-0.20679903580952,0.16,0.179,1
"KDM3A","KDM3A",0.0333869323332795,-0.256094067965598,0.179,0.199,1
"MAP2K7","MAP2K7",0.0334020089746934,0.135794820566724,0.21,0.185,1
"IL6R","IL6R",0.0334364448433907,-0.556403537132439,0.016,0.025,1
"SYP","SYP",0.0335594711316112,0.177297366203494,0.146,0.125,1
"LCMT2","LCMT2",0.0336089556172229,0.591836102212338,0.018,0.012,1
"CHTOP","CHTOP",0.0336399358074886,0.159122740197114,0.228,0.202,1
"CERS5","CERS5",0.0336608520182784,-0.198286376536537,0.187,0.208,1
"TRAM1","TRAM1",0.033697758165478,0.143057449760078,0.219,0.194,1
"USP14","USP14",0.0337123297998582,-0.123152732086458,0.407,0.427,1
"CCHCR1","CCHCR1",0.0337131031665453,0.538707183475808,0.027,0.018,1
"PLCH1","PLCH1",0.0337135557761438,-0.553774416537112,0.015,0.023,1
"ENSG00000205236","ENSG00000205236",0.033768341284583,0.234747990720568,0.08,0.064,1
"TARS2","TARS2",0.0338063746629774,-0.418113372410984,0.066,0.081,1
"ZNF597","ZNF597",0.0338667147730819,0.525841932029843,0.027,0.018,1
"LDAH","LDAH",0.033902811068977,-0.217705826281264,0.172,0.194,1
"FGF7","FGF7",0.0339179795441248,0.386146418459101,0.03,0.021,1
"FAHD1","FAHD1",0.0339233668403523,0.391732090810642,0.049,0.037,1
"UBE2M","UBE2M",0.0339500092932609,0.19371347733611,0.116,0.096,1
"SNAPC2","SNAPC2",0.0339889970696301,0.366361269827664,0.028,0.02,1
"HCG25","HCG25",0.0340265936114246,-0.541258305595317,0.031,0.041,1
"LMO4","LMO4",0.034159850704204,0.188729912004167,0.107,0.09,1
"RBM38","RBM38",0.0342064493029685,0.22420716615651,0.037,0.027,1
"ENSG00000233058","ENSG00000233058",0.0342519834476479,0.561560132645156,0.035,0.025,1
"TVP23B","TVP23B",0.0342998272516302,0.133748422378409,0.083,0.067,1
"FLYWCH1","FLYWCH1",0.034310867997121,-0.246712296625887,0.153,0.173,1
"SBNO1-AS1","SBNO1-AS1",0.0343331965384673,-0.802374496658557,0.005,0.01,1
"PRTG","PRTG",0.0343419017049928,0.595917804743796,0.036,0.026,1
"ARRDC4","ARRDC4",0.0343496523932416,-0.658253467688867,0.021,0.03,1
"SEZ6L2","SEZ6L2",0.0343812230032426,0.174644101393808,0.258,0.233,1
"CEP72","CEP72",0.0344092745081462,-0.564095271932834,0.018,0.027,1
"HECTD1","HECTD1",0.0344248359582586,-0.174491358995336,0.462,0.471,1
"TRAPPC6A","TRAPPC6A",0.0344424130208814,-0.35606578701082,0.098,0.114,1
"CFAP91","CFAP91",0.0344750803925091,-0.438072582013073,0.019,0.028,1
"POMGNT2","POMGNT2",0.0345303645306855,0.427278701968886,0.049,0.037,1
"ALAS1","ALAS1",0.0345314527926341,-0.599018083059434,0.028,0.038,1
"NQO2","NQO2",0.0346007943904069,-0.44552348982491,0.073,0.088,1
"OPCML","OPCML",0.0346499374040421,-0.268011156550504,0.039,0.051,1
"POC5","POC5",0.0346821058208365,-0.167222902344667,0.138,0.158,1
"ENSG00000261669","ENSG00000261669",0.0347319136184553,0.511264967265289,0.031,0.022,1
"DENND6A","DENND6A",0.0348194261785675,-0.183377893365432,0.325,0.347,1
"ZCCHC17","ZCCHC17",0.03481970292675,-0.314343272014749,0.156,0.175,1
"ENSG00000253133","ENSG00000253133",0.0348434462710636,-0.690824442771752,0.014,0.022,1
"KANK3","KANK3",0.0348996798000671,0.434703745333676,0.016,0.01,1
"FAN1","FAN1",0.0349101143348615,0.156445427079722,0.329,0.299,1
"PKN1","PKN1",0.0349609652628094,0.187308621060285,0.156,0.135,1
"DNAJC3-DT","DNAJC3-DT",0.0349740972516732,0.247436042762957,0.088,0.072,1
"SLC25A33","SLC25A33",0.0350529665383056,0.189246799688707,0.098,0.081,1
"SEC14L2","SEC14L2",0.0350603311052802,0.288533119255292,0.051,0.039,1
"ERCC8","ERCC8",0.0351150926978272,-0.282117117573683,0.197,0.217,1
"SP140L","SP140L",0.0352451375074486,0.935405091133296,0.016,0.01,1
"GABRB1","GABRB1",0.035282186258507,-0.65045439807253,0.021,0.03,1
"CYKILR","CYKILR",0.0353289156868656,-0.733094710856488,0.013,0.021,1
"C1QTNF4","C1QTNF4",0.0354267577185735,-0.544733841726088,0.021,0.03,1
"USF1","USF1",0.0354552150626312,-0.484867646185981,0.021,0.03,1
"CC2D2B","CC2D2B",0.0354611253760011,-0.368186707801249,0.031,0.042,1
"FOXP4","FOXP4",0.0354875329247352,0.23643359922066,0.066,0.052,1
"CDC42SE2","CDC42SE2",0.0355087836464968,-0.142502563842467,0.496,0.504,1
"PKM","PKM",0.0355563532043685,0.131472082178646,0.23,0.204,1
"ENSG00000284418","ENSG00000284418",0.0355913139660602,-1.20482714544352,0.006,0.011,1
"ENSG00000246331","ENSG00000246331",0.0356529589516341,-1.18084749855084,0.006,0.011,1
"PPM1K-DT","PPM1K-DT",0.0356537567076973,0.20522010534536,0.064,0.051,1
"USP11","USP11",0.0356763109207871,-0.232662298143142,0.173,0.192,1
"LRRC27","LRRC27",0.0357347464002019,-0.467711105279298,0.038,0.05,1
"LRRC14","LRRC14",0.035749853451874,0.445771640660861,0.041,0.031,1
"ENSG00000268518","ENSG00000268518",0.0357811768083166,-0.510048406067448,0.089,0.104,1
"SMIM29","SMIM29",0.0358233268707383,0.198027742446961,0.104,0.087,1
"SERPINB1","SERPINB1",0.0358477470286798,0.25996458159506,0.092,0.075,1
"AQP6","AQP6",0.0358827240558536,-1.01042756876276,0.006,0.011,1
"ENSG00000266368","ENSG00000266368",0.0360463583776872,-0.539044294972063,0.027,0.038,1
"KANSL1-AS1","KANSL1-AS1",0.0360578060523176,0.634016314531567,0.026,0.018,1
"ENSG00000257759","ENSG00000257759",0.0361650414299273,0.100407208225835,0.155,0.133,1
"DNAJC15","DNAJC15",0.0361696345068409,-0.246668441712441,0.117,0.136,1
"ENSG00000281039","ENSG00000281039",0.0362656585346496,0.132573560948839,0.291,0.263,1
"MEIOC","MEIOC",0.0362966591680688,0.476751302912297,0.011,0.006,1
"ENSG00000247679","ENSG00000247679",0.0363457347271148,0.56454299443567,0.013,0.008,1
"ENSG00000265399","ENSG00000265399",0.0363996332574497,0.656625647172876,0.016,0.01,1
"CYCS","CYCS",0.0364304415260575,0.268211693922899,0.096,0.08,1
"SAP30L-AS1","SAP30L-AS1",0.0365079898370299,-0.438581959474456,0.08,0.095,1
"ENSG00000224220","ENSG00000224220",0.036557025687377,0.585083279720354,0.016,0.01,1
"NALF1","NALF1",0.0365767332242338,-0.41995423253634,0.043,0.055,1
"POLD1","POLD1",0.0366043563422374,0.492901592036801,0.016,0.01,1
"RAB33B","RAB33B",0.0366910321738078,0.35001900036919,0.067,0.054,1
"LDOC1","LDOC1",0.0367117904882733,0.250961305701272,0.127,0.108,1
"PLA2G12A","PLA2G12A",0.0367780882113024,0.217567651417833,0.098,0.081,1
"KIF15","KIF15",0.0368106313118875,0.453314069870996,0.031,0.022,1
"ENSG00000267327","ENSG00000267327",0.0368411605031402,-0.951401911218408,0.012,0.019,1
"CWC27","CWC27",0.0368444915202177,-0.164388632250072,0.331,0.351,1
"HMGN4","HMGN4",0.0368642844035521,-0.492375527679485,0.028,0.038,1
"FURIN","FURIN",0.0368837535562632,0.377547329197512,0.039,0.029,1
"C16orf89","C16orf89",0.0368910252883258,0.877404498686542,0.01,0.005,1
"TTC29","TTC29",0.0370213902716725,0.634351850730248,0.027,0.019,1
"TAF10","TAF10",0.037048322666331,0.207939514820734,0.096,0.079,1
"CHAMP1","CHAMP1",0.0370680444555484,-0.480882697270779,0.057,0.07,1
"ZNF454","ZNF454",0.0370852889299918,0.546941139890899,0.036,0.026,1
"CAMK2G","CAMK2G",0.0371609376083601,-0.25787383113062,0.072,0.087,1
"PEX26","PEX26",0.0372831452713049,0.170698212321218,0.124,0.106,1
"ZNF32","ZNF32",0.0374223643389639,-0.190441316476355,0.119,0.137,1
"ENSG00000231901","ENSG00000231901",0.0374643474564798,0.815092421355322,0.015,0.009,1
"BCDIN3D","BCDIN3D",0.0374671800644495,0.251446754318013,0.065,0.052,1
"BAHD1","BAHD1",0.0375110491342074,0.346334540854234,0.066,0.052,1
"PPP1R36","PPP1R36",0.0375169008010913,0.443225473434109,0.051,0.04,1
"SRSF12","SRSF12",0.0375209339495432,0.88833254314046,0.01,0.005,1
"PRKACA","PRKACA",0.0375217962629837,-0.294477604342799,0.108,0.126,1
"LNX2","LNX2",0.0375349411851922,0.196682621090545,0.035,0.025,1
"ENSG00000279726","ENSG00000279726",0.0375482769441286,0.935734404601094,0.027,0.019,1
"ASH1L-AS1","ASH1L-AS1",0.037759485884486,-0.906820090426345,0.01,0.016,1
"PBLD","PBLD",0.0377952492650262,-0.468077472226864,0.037,0.048,1
"PAOX","PAOX",0.037844053377309,0.22428706502515,0.068,0.054,1
"SLC11A1","SLC11A1",0.0378518277512544,-0.924515116369246,0.007,0.013,1
"PGAP3","PGAP3",0.0378551924317666,-0.620369206526469,0.038,0.049,1
"OOEP","OOEP",0.0379182511921953,0.197879660825199,0.119,0.1,1
"TOLLIP-DT","TOLLIP-DT",0.0380494168580551,-0.948899540693095,0.009,0.016,1
"OVOL2","OVOL2",0.0381779074913547,-0.588708549149842,0.011,0.018,1
"ENSG00000263708","ENSG00000263708",0.0381867767399311,0.456140004963935,0.036,0.026,1
"WDR82","WDR82",0.0382056533544691,0.20519130514612,0.19,0.169,1
"DOCK11","DOCK11",0.0382374703182999,0.284235172266613,0.09,0.074,1
"YIPF4","YIPF4",0.0382558163360113,-0.177192605033587,0.356,0.372,1
"NUDT19","NUDT19",0.0383028154939701,-0.537120649748778,0.031,0.042,1
"ENSG00000271949","ENSG00000271949",0.0383032779680863,-0.855749169929816,0.008,0.014,1
"ELMOD3","ELMOD3",0.0383466825543996,0.139233387416663,0.314,0.288,1
"SNORC","SNORC",0.0383861310899488,0.175729065416483,0.184,0.161,1
"NUMA1","NUMA1",0.0384171973579388,-0.156400995412596,0.478,0.494,1
"XRCC3","XRCC3",0.0385169661097677,-0.722076012695478,0.008,0.014,1
"BEX3","BEX3",0.038576907814691,-0.171674323806119,0.217,0.238,1
"ENSG00000260093","ENSG00000260093",0.0386028611146363,0.229720285737845,0.031,0.022,1
"SPIN4","SPIN4",0.0386268257216154,-0.850239740197736,0.015,0.023,1
"EZR","EZR",0.0386295212280424,0.959111001787217,0.01,0.005,1
"CNNM4","CNNM4",0.0386542105688209,-0.325270922285068,0.079,0.095,1
"UBFD1","UBFD1",0.0386710558652709,-0.383803270727481,0.048,0.061,1
"HPN-AS1","HPN-AS1",0.038735734710043,-0.173053260346198,0.443,0.449,1
"ATP1A2","ATP1A2",0.0387398472580867,-0.783312767105209,0.022,0.031,1
"RBL2","RBL2",0.0387549718925341,-0.107755118656257,0.41,0.43,1
"MAPK10-AS1","MAPK10-AS1",0.0388222633946191,0.483418876796401,0.036,0.026,1
"PCNX3","PCNX3",0.038896268053726,0.305415895987538,0.057,0.044,1
"DFFA","DFFA",0.0389813187066959,0.178352995666193,0.163,0.142,1
"RRAS2","RRAS2",0.0389895640133018,0.47737808946778,0.031,0.023,1
"PLEKHH3","PLEKHH3",0.0390343615324216,0.51071434934082,0.024,0.016,1
"PCGF6","PCGF6",0.0390743969363643,-0.419856186187228,0.081,0.097,1
"NFYC","NFYC",0.0391306919637163,-0.148645870256725,0.186,0.208,1
"ZNF559-ZNF177","ZNF559-ZNF177",0.0391991276500356,0.152046001324826,0.127,0.108,1
"RAB18","RAB18",0.0392297908096594,0.122848415013143,0.283,0.253,1
"PKIB","PKIB",0.0392553550896962,-0.758598935830776,0.024,0.034,1
"CHCHD7","CHCHD7",0.0393324296805049,0.305774759319349,0.043,0.032,1
"EIF4G1","EIF4G1",0.0393517365705317,0.18714896468664,0.146,0.126,1
"IDE","IDE",0.0393624166611181,0.116431620986654,0.182,0.16,1
"CTNNA1","CTNNA1",0.0393695934354323,0.121665637540549,0.653,0.645,1
"CD320","CD320",0.0393888324898068,0.283957353457395,0.055,0.043,1
"HDAC6","HDAC6",0.0394203459113811,0.102678273089225,0.164,0.142,1
"LRRC4","LRRC4",0.0394312883247325,0.841197187235363,0.013,0.007,1
"ENSG00000273381","ENSG00000273381",0.039475542514358,0.567509575471497,0.01,0.005,1
"PLIN5","PLIN5",0.0395395266316368,0.552631143569093,0.017,0.011,1
"ATP13A3","ATP13A3",0.0395580631515431,-0.257287628879198,0.234,0.253,1
"ABI1","ABI1",0.0395654432155138,0.172169926790479,0.181,0.159,1
"VHL","VHL",0.0395865548912341,0.223325503088767,0.109,0.092,1
"SLC25A19","SLC25A19",0.0396672798448259,0.451109976938519,0.026,0.018,1
"ENSG00000268744","ENSG00000268744",0.0396866152029357,0.510683338095647,0.026,0.018,1
"RNF213-AS1","RNF213-AS1",0.0396895269001538,0.205484625375318,0.058,0.045,1
"COMMD9","COMMD9",0.0397222087910254,-0.423378369199592,0.051,0.064,1
"ENSG00000277602","ENSG00000277602",0.0397434184982797,0.227318742308343,0.015,0.009,1
"PPARD","PPARD",0.0397543290117511,-0.234881063135678,0.235,0.253,1
"ZFYVE27","ZFYVE27",0.0397902004339331,0.261395407245503,0.125,0.107,1
"DNAJA2","DNAJA2",0.0398234258620384,-0.356898653964771,0.062,0.077,1
"MAP3K13","MAP3K13",0.0399365043349025,0.136884063642236,0.364,0.333,1
"PPP2R5A","PPP2R5A",0.039954676023031,0.124892007092921,0.457,0.429,1
"ZHX2","ZHX2",0.0400077301857323,0.105907183337511,0.73,0.714,1
"ANKRD30BL","ANKRD30BL",0.0400961767109294,-0.54632277940396,0.028,0.038,1
"GTF2H2","GTF2H2",0.0401311620715246,0.136963254975307,0.21,0.186,1
"MAP9","MAP9",0.0401879985521474,-0.250106885007332,0.086,0.103,1
"RIC8A","RIC8A",0.0402290084218894,0.258804817633484,0.055,0.043,1
"ENSG00000272990","ENSG00000272990",0.0402311619487435,0.419332310403489,0.017,0.011,1
"ENSG00000230091","ENSG00000230091",0.0402346771883053,-0.441779817897769,0.058,0.071,1
"YTHDF3","YTHDF3",0.0403592152076618,0.137185106587442,0.279,0.252,1
"ZNF677","ZNF677",0.0404143798352976,0.20259848156461,0.062,0.049,1
"MED29","MED29",0.0404537262520743,-0.269678334348956,0.134,0.152,1
"PCMTD1","PCMTD1",0.0404780710396492,0.119237509937572,0.436,0.405,1
"TIMM17B","TIMM17B",0.0406127227451432,-0.407097549030871,0.06,0.074,1
"EPG5","EPG5",0.0406468958548637,-0.134788030436328,0.262,0.287,1
"ZNF821","ZNF821",0.0407463051397532,0.347539575660524,0.096,0.081,1
"ENSG00000246250","ENSG00000246250",0.0407567103891224,0.4022224772825,0.021,0.014,1
"PTRHD1","PTRHD1",0.0407836122333464,0.31524450482414,0.03,0.021,1
"EEF1B2","EEF1B2",0.0407885702660297,-0.263719811268523,0.078,0.093,1
"RNF32","RNF32",0.0409846144604087,-0.512459007703501,0.024,0.034,1
"SLC38A3","SLC38A3",0.0410738806219177,0.265718617780829,0.049,0.037,1
"METTL14-DT","METTL14-DT",0.0411225746391418,0.617885849735779,0.017,0.01,1
"DNAJC27","DNAJC27",0.041142403966837,-0.304878068483203,0.142,0.16,1
"SPEN-AS1","SPEN-AS1",0.0411524331830369,-0.400681331491693,0.082,0.097,1
"DAB2IP","DAB2IP",0.0412514634027808,-0.409058169868844,0.052,0.065,1
"BAG5","BAG5",0.0412741863334156,0.134684949307647,0.116,0.098,1
"LINC01535","LINC01535",0.0413350848164902,-0.465056930373458,0.077,0.091,1
"AURKC","AURKC",0.0413840848161948,0.724229778119471,0.017,0.01,1
"INTS11","INTS11",0.0413934217678076,0.106641763830338,0.26,0.233,1
"ENSG00000267318","ENSG00000267318",0.041450861625322,0.332065280813119,0.021,0.014,1
"SIN3B","SIN3B",0.0414632013511706,-0.239527188043203,0.182,0.201,1
"ENSG00000275964","ENSG00000275964",0.0415040780447936,-0.723006931150248,0.014,0.021,1
"CLK4","CLK4",0.0415264586165782,0.105709444478606,0.232,0.205,1
"ENSG00000261775","ENSG00000261775",0.0415853467277586,0.252009950183242,0.049,0.037,1
"SLC19A2","SLC19A2",0.041608511395631,0.606677408557158,0.027,0.018,1
"UHMK1","UHMK1",0.0416330173156078,0.118445846242975,0.192,0.17,1
"SV2A","SV2A",0.0416539531906083,0.242534607183686,0.108,0.091,1
"ZNF224","ZNF224",0.0417187453597251,0.165633426513478,0.153,0.133,1
"REV3L","REV3L",0.0417236178250388,-0.112630981935749,0.507,0.53,1
"INTS4","INTS4",0.0417325033627204,0.162669280035668,0.226,0.202,1
"RIDA","RIDA",0.0417844271359838,0.170208913031552,0.069,0.055,1
"SUMF2","SUMF2",0.0417858640187734,-0.290599125797533,0.166,0.184,1
"ENSG00000285404","ENSG00000285404",0.041799030502957,0.459646057276351,0.028,0.02,1
"MRE11","MRE11",0.0418008991948555,-0.22731418359063,0.142,0.161,1
"CIZ1","CIZ1",0.0419228328263232,0.108657324318044,0.144,0.124,1
"OR2L13","OR2L13",0.0419241830313053,0.440811985308799,0.022,0.015,1
"CCDC141","CCDC141",0.0419287668203929,0.99289412893054,0.012,0.007,1
"NCKAP5-AS2","NCKAP5-AS2",0.0419427165197584,0.413668767285595,0.028,0.02,1
"LSM1","LSM1",0.0419954196719965,0.376487254788479,0.063,0.05,1
"KDM8","KDM8",0.0420243947861769,-0.552182248800255,0.014,0.021,1
"C11orf24","C11orf24",0.042042371755374,-0.365277029380414,0.057,0.07,1
"SMURF2","SMURF2",0.0420448789274307,-0.19142053605416,0.243,0.265,1
"ENSG00000284729","ENSG00000284729",0.0420581644743069,0.151825052346717,0.128,0.11,1
"SMC4","SMC4",0.0420997578477706,-0.328620203274864,0.078,0.093,1
"PSME1","PSME1",0.0421510092110474,0.268611676887206,0.063,0.051,1
"GMFG","GMFG",0.0422078352427932,0.266610840751216,0.046,0.035,1
"MYADM","MYADM",0.0422414639264512,-0.444700192216122,0.039,0.05,1
"ENSG00000228506","ENSG00000228506",0.0422825344508983,-0.442778520864176,0.064,0.078,1
"MORN4","MORN4",0.042307804892115,-0.314822791724359,0.047,0.059,1
"EVI5L","EVI5L",0.0423719158914956,-0.121327383648549,0.387,0.409,1
"SLC35A2","SLC35A2",0.04248472670787,0.196905938919843,0.039,0.029,1
"CCDC12","CCDC12",0.0424926501656675,0.145272838938005,0.161,0.14,1
"PIM1","PIM1",0.042493649283004,0.702602691796667,0.012,0.007,1
"EEF2","EEF2",0.0425126176993921,0.152010970291409,0.375,0.351,1
"RANBP10","RANBP10",0.0425609868895724,-0.302567351435585,0.099,0.116,1
"AGBL1","AGBL1",0.042564942243681,0.271717490774664,0.056,0.044,1
"PLD2","PLD2",0.0425706609475483,-0.530002183524598,0.036,0.047,1
"FBXL5","FBXL5",0.0425839834148117,-0.159134983572072,0.495,0.5,1
"ENSG00000240401","ENSG00000240401",0.0425926415437775,-0.379645153334438,0.087,0.102,1
"ABHD13","ABHD13",0.0426252578012419,0.26120081999525,0.081,0.067,1
"SMS","SMS",0.0427019050186765,0.207045029781066,0.036,0.027,1
"MS4A5","MS4A5",0.042835257996131,0.412665192324264,0.032,0.023,1
"LINC02848","LINC02848",0.0428539036504312,0.370749771058075,0.035,0.026,1
"PIP4K2C","PIP4K2C",0.0428690066748076,0.278742343864796,0.063,0.051,1
"TGFBR1","TGFBR1",0.0429142223001202,-0.28977386998677,0.058,0.072,1
"ERCC4","ERCC4",0.043000093348416,0.129653132330448,0.139,0.119,1
"REXO1","REXO1",0.0430992931075338,0.115099270269341,0.095,0.079,1
"ELOVL1","ELOVL1",0.0431139859138014,-0.122864292463838,0.421,0.438,1
"POLR1F","POLR1F",0.0431164186898196,-0.485088134263262,0.042,0.054,1
"ENSG00000230325","ENSG00000230325",0.0431471521435979,0.217507927967553,0.053,0.041,1
"ENSG00000230955","ENSG00000230955",0.0432352281629636,0.198183106268042,0.049,0.038,1
"SAYSD1","SAYSD1",0.0432859597121626,-0.57773710010186,0.034,0.044,1
"RNF139","RNF139",0.0432903707445631,0.254894502738944,0.076,0.063,1
"ZNF207","ZNF207",0.0433310015548415,-0.110917794782336,0.533,0.55,1
"YPEL1","YPEL1",0.0433402257177658,-0.245674310020599,0.073,0.088,1
"SRSF1","SRSF1",0.0433468643492502,-0.531905970470842,0.02,0.028,1
"FGFR1","FGFR1",0.043422737715883,0.182392611015643,0.083,0.068,1
"ZNF852","ZNF852",0.0435629457131912,0.178235496749226,0.045,0.034,1
"SHLD1","SHLD1",0.0436010628119991,0.247975164676907,0.142,0.124,1
"SLC1A4","SLC1A4",0.0436505484141855,0.266145764740752,0.048,0.037,1
"ARLN","ARLN",0.0437193544973993,0.130436685783446,0.108,0.092,1
"ENSG00000270876","ENSG00000270876",0.0437209203789056,-1.10612312004991,0.005,0.01,1
"DNAAF4","DNAAF4",0.0437303020522315,0.474811251062659,0.029,0.021,1
"ENSG00000255910","ENSG00000255910",0.0437592623773645,0.540976801597007,0.023,0.016,1
"DARS1-AS1","DARS1-AS1",0.043797592086093,0.67112102956166,0.022,0.014,1
"SCAF1","SCAF1",0.0438381940461025,0.18085590012039,0.127,0.109,1
"RINT1","RINT1",0.0439230599163037,-0.251413981961994,0.067,0.081,1
"CELF1","CELF1",0.0439452071580642,-0.166599890468971,0.347,0.367,1
"LTN1","LTN1",0.0439853852029035,-0.188209233401787,0.307,0.324,1
"MBD6","MBD6",0.0440451760080936,-0.359739091387001,0.069,0.083,1
"PGM3","PGM3",0.0440540310174463,-0.247047439914508,0.14,0.159,1
"EIF1","EIF1",0.044057857910449,0.14322989713964,0.561,0.532,1
"CD58","CD58",0.044076510895683,0.737402302941092,0.016,0.01,1
"MYCBPAP","MYCBPAP",0.0441416565243862,-1.20199740197901,0.006,0.011,1
"PRRT3","PRRT3",0.0441778861352082,-0.602263577850776,0.03,0.04,1
"ZNF117","ZNF117",0.0443674949121178,-0.530483191306255,0.035,0.046,1
"TRAPPC11","TRAPPC11",0.0443693279473524,-0.21202950205101,0.184,0.204,1
"ENSG00000249069","ENSG00000249069",0.0444206333958725,1.04231981340129,0.014,0.008,1
"GPKOW","GPKOW",0.0444914208697821,0.287108004589324,0.046,0.036,1
"RBSN","RBSN",0.0445199205960026,-0.261148150933374,0.15,0.168,1
"AKAP1","AKAP1",0.0446480818973503,0.159553209353334,0.085,0.07,1
"EPN2","EPN2",0.0446782473281391,-0.101478365170851,0.816,0.805,1
"SAXO4","SAXO4",0.0447222694534912,0.542333839608862,0.02,0.013,1
"UBQLN2","UBQLN2",0.0448310381993646,0.220055315527542,0.135,0.117,1
"ABI3BP","ABI3BP",0.044929575781971,-0.805591894134419,0.011,0.017,1
"ZNF829","ZNF829",0.0449595542285422,0.53648463936483,0.027,0.019,1
"ENSG00000279073","ENSG00000279073",0.0449985475319461,-0.558157804061838,0.013,0.02,1
"CASTOR2","CASTOR2",0.0450426273557799,0.149758358371202,0.232,0.207,1
"RPH3A","RPH3A",0.0450452184522795,0.923711906459331,0.019,0.013,1
"ENSG00000234771","ENSG00000234771",0.0450950096659107,-0.598853863529186,0.032,0.042,1
"MMD2","MMD2",0.0451329319801148,-0.7832724950044,0.023,0.032,1
"ENSG00000237074","ENSG00000237074",0.0451494300890992,-0.573064068976167,0.016,0.023,1
"P2RX6","P2RX6",0.0451499103310433,-0.671194837703088,0.012,0.018,1
"AIFM1","AIFM1",0.0451974470354599,-0.288735162111606,0.113,0.13,1
"TRO","TRO",0.0452015314239645,0.277584963300832,0.052,0.041,1
"ZNF746","ZNF746",0.0452248786605853,0.244278857952089,0.062,0.049,1
"CCDC85B","CCDC85B",0.0452458405039013,0.223347007513192,0.103,0.087,1
"MLYCD","MLYCD",0.0452943961058396,-0.404350564299452,0.036,0.047,1
"MTRFR","MTRFR",0.0453308047141054,0.251773776955856,0.102,0.086,1
"ZFP69B","ZFP69B",0.0454294667377395,0.804677550263484,0.014,0.008,1
"FARP1","FARP1",0.0455560036555195,-0.54216905723835,0.011,0.018,1
"PARN","PARN",0.0456102423944454,-0.181818346867589,0.401,0.416,1
"NIPSNAP2","NIPSNAP2",0.0456960708966547,-0.183839972083069,0.304,0.325,1
"NME6","NME6",0.0457185682649375,0.304026923995472,0.036,0.027,1
"WDR55","WDR55",0.0457241475308985,0.296995427917514,0.053,0.042,1
"RANBP3L","RANBP3L",0.0458339596617121,0.357470861499972,0.012,0.007,1
"TXNDC9","TXNDC9",0.0458706811967844,0.149562870949872,0.089,0.074,1
"ZNF311","ZNF311",0.0459334415238035,-0.6472303041115,0.006,0.012,1
"ENSG00000259349","ENSG00000259349",0.0459589381048213,-0.346449756524069,0.058,0.072,1
"SHMT2","SHMT2",0.0459700121897002,0.432245269225776,0.023,0.016,1
"DNAI4","DNAI4",0.0459718111915985,-0.226030112149223,0.083,0.1,1
"SLC25A4","SLC25A4",0.0460401364983501,-0.31050674627203,0.083,0.098,1
"ENSG00000247373","ENSG00000247373",0.0461421224036037,-0.703332273469768,0.015,0.023,1
"ENSG00000282840","ENSG00000282840",0.0462012607095704,-1.06588108465198,0.007,0.013,1
"SDHAF1","SDHAF1",0.046204515256821,-0.474408564855804,0.04,0.052,1
"SLC30A10","SLC30A10",0.0462506538375459,-0.939703023936048,0.014,0.022,1
"ENSG00000258455","ENSG00000258455",0.0462789347314183,0.502055047331848,0.021,0.014,1
"MIS18A-AS1","MIS18A-AS1",0.0463550536571955,-0.678967169288144,0.007,0.012,1
"ZDHHC21","ZDHHC21",0.0463687182691192,-0.127132993070561,0.45,0.471,1
"ENSG00000254998","ENSG00000254998",0.0464743312732856,-1.0271056805703,0.014,0.022,1
"ENSG00000275055","ENSG00000275055",0.0464789263846521,-0.997869015586982,0.008,0.013,1
"PTCH2","PTCH2",0.0465652592648567,0.693734546572201,0.03,0.021,1
"CANT1","CANT1",0.0466159004660824,0.284678008677122,0.086,0.071,1
"BCL2L2","BCL2L2",0.0466475234520763,0.219810767291175,0.028,0.02,1
"LAMTOR4","LAMTOR4",0.0466705544806879,-0.244206406882892,0.217,0.234,1
"ACAP1","ACAP1",0.0467534992034226,-0.897669845793295,0.008,0.014,1
"MYG1","MYG1",0.0468920683242928,-0.606158663468989,0.034,0.044,1
"CRIPT","CRIPT",0.0469498644139145,0.184519483169723,0.117,0.1,1
"PTCD2","PTCD2",0.0470750047343909,0.233569349029263,0.123,0.105,1
"COQ9","COQ9",0.0471174222225498,0.194586831255637,0.11,0.094,1
"NIPSNAP1","NIPSNAP1",0.0472080943029624,-0.184113378305576,0.037,0.048,1
"PPP1R7","PPP1R7",0.0472893534625177,0.226990701541826,0.156,0.137,1
"ENSG00000273437","ENSG00000273437",0.047291425229042,0.367382625284119,0.03,0.022,1
"UBL5","UBL5",0.047323191074769,-0.235986744262372,0.112,0.129,1
"CNPY4","CNPY4",0.0473392497353651,0.356217132367108,0.03,0.022,1
"PHF20L1","PHF20L1",0.0473579584587278,-0.168548632374046,0.396,0.411,1
"ENSG00000258655","ENSG00000258655",0.0473680996410971,1.07797250531982,0.011,0.006,1
"HSPA2","HSPA2",0.0474024537578944,0.197526072460557,0.542,0.533,1
"ARMC2","ARMC2",0.0474148884265127,-0.187947986173996,0.099,0.116,1
"ENSG00000228065","ENSG00000228065",0.0475156019974854,-0.74365918387996,0.007,0.013,1
"HAGHL","HAGHL",0.047563396696511,0.192095574186625,0.128,0.11,1
"PGAP6","PGAP6",0.0475708414516794,0.250353155610064,0.053,0.042,1
"RTN2","RTN2",0.047592500670586,0.676420754157617,0.011,0.006,1
"GPATCH4","GPATCH4",0.0476061329284434,0.428756930882918,0.033,0.024,1
"VAV2","VAV2",0.0477205381354738,-0.516348183239737,0.015,0.022,1
"ABLIM2","ABLIM2",0.0479758371772647,0.148320470238914,0.151,0.131,1
"ENSG00000261200","ENSG00000261200",0.0480320574010693,0.497943611753002,0.011,0.006,1
"FAM3C","FAM3C",0.0480977010989106,0.239748788493099,0.11,0.094,1
"NARS2-AS1","NARS2-AS1",0.0481873038724237,0.590755197155007,0.011,0.006,1
"MAP3K19","MAP3K19",0.0483603768535399,0.524085154820634,0.019,0.013,1
"NADSYN1","NADSYN1",0.0483920714012813,-0.157701552102371,0.268,0.287,1
"SLC25A41","SLC25A41",0.0484593310838717,1.02152681805303,0.015,0.01,1
"TMED9","TMED9",0.0485869721781714,0.133922595616524,0.073,0.059,1
"NOMO2","NOMO2",0.0486186104369597,0.202176524385367,0.069,0.056,1
"LINC03143","LINC03143",0.0486345225560366,-0.503453398279408,0.018,0.026,1
"UGCG","UGCG",0.0486361099771888,0.278082696395403,0.077,0.063,1
"MAGOHB","MAGOHB",0.0486556451463805,-0.389596564329362,0.048,0.06,1
"EDRF1","EDRF1",0.0486657369827558,0.140077902892079,0.19,0.168,1
"HNRNPD","HNRNPD",0.0488228729348234,-0.1209613682654,0.419,0.438,1
"HTR3E","HTR3E",0.0488487880889273,0.40222022209347,0.011,0.006,1
"FBXW8","FBXW8",0.0488581010133839,-0.179242127762185,0.131,0.149,1
"PCDH7","PCDH7",0.0489158120981674,-0.770043503934942,0.02,0.029,1
"CHMP6","CHMP6",0.0489183314746348,0.206838429921041,0.076,0.062,1
"ADGRE3","ADGRE3",0.0489288622771933,0.276096366426349,0.024,0.017,1
"TIMM23B-AGAP6","TIMM23B-AGAP6",0.0489468393798435,0.158292231130347,0.14,0.122,1
"SUB1","SUB1",0.049018193880795,-0.278709589722501,0.184,0.2,1
"ARFRP1","ARFRP1",0.0490334756216438,-0.377812911982656,0.074,0.087,1
"MTREX","MTREX",0.0491746259884593,-0.162426560642656,0.426,0.436,1
"PEX1","PEX1",0.0491914070954578,-0.178117640898377,0.219,0.241,1
"SNAP29","SNAP29",0.049249335937081,0.279878872647901,0.107,0.091,1
"PKN2-AS1","PKN2-AS1",0.0493049754965874,-0.577561688683637,0.065,0.078,1
"ACSS2","ACSS2",0.0493119172978326,0.11950203702529,0.428,0.399,1
"SLC26A2","SLC26A2",0.0493410366904853,0.267816871703122,0.058,0.046,1
"RASIP1","RASIP1",0.0494643231515953,0.82249275499577,0.019,0.012,1
"SYT3","SYT3",0.0494664506653007,0.943319697996358,0.011,0.006,1
"COL25A1","COL25A1",0.0494885550741251,-0.499607657719493,0.025,0.034,1
"THAP3","THAP3",0.0495412488643277,0.13617974070682,0.071,0.058,1
"HINT2","HINT2",0.0495861748322405,-0.542718477297471,0.028,0.037,1
"ENSG00000266086","ENSG00000266086",0.0496235909110606,-0.310196374950435,0.098,0.114,1
"ENSG00000259891","ENSG00000259891",0.0497383541030838,0.210558490548195,0.201,0.181,1
"ENSG00000263923","ENSG00000263923",0.0498037089092484,-0.546736478370956,0.036,0.047,1
"PAFAH1B3","PAFAH1B3",0.0498131125400888,0.60040877943644,0.027,0.019,1
"NLE1","NLE1",0.049836392160865,0.698396180467226,0.015,0.01,1
"SLITRK1","SLITRK1",0.0498959432912118,-0.372021007850022,0.08,0.094,1
"SLA2","SLA2",0.0499038185995523,0.497358315279566,0.021,0.014,1
"KRABD5","KRABD5",0.0499193623310832,0.166705890540652,0.147,0.127,1
"RGS2-AS1","RGS2-AS1",0.0499748321678646,0.478453998185676,0.044,0.034,1
"CFAP43","CFAP43",0.0499860166462014,-0.300686615830065,0.031,0.042,1
"GM2A","GM2A",0.0499996232949648,-0.44238688021807,0.079,0.092,1
"ADAMTS17","ADAMTS17",0.0500303919821103,-0.6695106454953,0.026,0.035,1
"ENSG00000270344","ENSG00000270344",0.0500834551615448,-0.210109410791054,0.17,0.189,1
"PDZD2","PDZD2",0.0501119409627894,-0.253823430546382,0.323,0.341,1
"TSPO","TSPO",0.0501503906851603,-0.210087978418337,0.098,0.114,1
"SNHG25","SNHG25",0.0501650473293842,0.1080691092512,0.115,0.097,1
"MKS1","MKS1",0.0501781694438649,0.103900096940921,0.068,0.055,1
"ENSG00000276445","ENSG00000276445",0.050182728448829,0.838199639706795,0.011,0.006,1
"RAC3","RAC3",0.050292242431907,0.488100402706653,0.015,0.01,1
"CACNB2","CACNB2",0.0503665637451125,-0.625197329865466,0.039,0.05,1
"GON4L","GON4L",0.0503868979976797,0.12320431823578,0.28,0.255,1
"CPB2","CPB2",0.0504671752350929,-0.469101545405582,0.078,0.092,1
"TBCCD1","TBCCD1",0.0505390071272462,0.371551957778059,0.062,0.05,1
"OXR1","OXR1",0.0505653461576741,-0.166719317660976,0.259,0.278,1
"EEF2K","EEF2K",0.0506003935825006,-0.430159969589629,0.047,0.059,1
"MRPL2","MRPL2",0.0506190107812426,-0.538516720653691,0.038,0.048,1
"IFT20","IFT20",0.0506439299999736,-0.334978794022738,0.124,0.141,1
"GRM7","GRM7",0.0507095359667247,0.13549051951008,0.072,0.058,1
"MYO9A","MYO9A",0.050813066514139,-0.120997879651227,0.559,0.573,1
"TEF","TEF",0.0508248140793482,-0.214310652739682,0.185,0.204,1
"TAF5L","TAF5L",0.0508359337275749,0.122644059483914,0.137,0.118,1
"ACAP2","ACAP2",0.0509807230918859,-0.16513988549729,0.413,0.429,1
"DHX57","DHX57",0.0510824237057171,-0.197568334607024,0.105,0.122,1
"MTCL1","MTCL1",0.0511477998815518,-0.155059161391746,0.127,0.146,1
"LOC102723831","LOC102723831",0.0511666605579097,0.818574940616736,0.013,0.008,1
"ZBTB24","ZBTB24",0.0511779267850555,-0.154732405354471,0.042,0.053,1
"VIPR1","VIPR1",0.0512936191757248,0.678297284459818,0.013,0.008,1
"SURF6","SURF6",0.0514934242839942,0.140129184604222,0.062,0.05,1
"FBXW2","FBXW2",0.0515529298517845,-0.212729703280704,0.159,0.178,1
"NUP37","NUP37",0.05155887629307,-0.37669656562072,0.057,0.07,1
"ENSG00000233895","ENSG00000233895",0.0516288201091716,-0.181207610519239,0.196,0.216,1
"WWP2","WWP2",0.0516424061982308,-0.196669219548218,0.391,0.408,1
"MT1M","MT1M",0.0518584404923014,0.491494249844637,0.023,0.016,1
"ENSG00000268713","ENSG00000268713",0.0518904415870698,0.412377855777565,0.032,0.023,1
"WRAP53","WRAP53",0.0519069368997105,0.337065698579885,0.027,0.019,1
"VRK2","VRK2",0.0519189591121524,-0.110447445029301,0.737,0.742,1
"COX7B","COX7B",0.0519705352253484,-0.33135813491582,0.113,0.129,1
"DLD","DLD",0.0520140551218964,0.194389077705997,0.12,0.103,1
"AAMDC","AAMDC",0.0520192050299519,0.182183223858845,0.274,0.25,1
"COL21A1","COL21A1",0.0520634616466376,0.857439451181023,0.015,0.009,1
"ZFAS1","ZFAS1",0.0521364196754628,0.134191239549797,0.136,0.118,1
"NDRG4","NDRG4",0.0522341706719642,0.367105209569137,0.039,0.029,1
"PWP1","PWP1",0.0522341962872617,-0.302933301320931,0.11,0.127,1
"TOR3A","TOR3A",0.0523053914942909,-0.544981219834024,0.019,0.027,1
"MYSM1","MYSM1",0.0523278728630231,-0.113916697482604,0.397,0.415,1
"HPGDS","HPGDS",0.0523468492300885,1.05011988548625,0.01,0.006,1
"ENSG00000214189","ENSG00000214189",0.0523859586888299,0.333824075004272,0.045,0.035,1
"CNTN1","CNTN1",0.0524014128318962,-0.789553248647813,0.031,0.041,1
"ZNF322","ZNF322",0.0524456806098552,0.156625058349349,0.102,0.085,1
"ENSG00000267383","ENSG00000267383",0.0524901637147484,0.186145357808267,0.101,0.085,1
"DCLK2","DCLK2",0.0526203482093216,-0.240786563513809,0.122,0.139,1
"PCDH11X","PCDH11X",0.0526304042271552,-0.278037184799059,0.025,0.034,1
"WASF3","WASF3",0.0526898990958805,0.148099585005007,0.185,0.165,1
"ENSG00000233672","ENSG00000233672",0.052690230232806,-0.631646222003596,0.012,0.019,1
"RAB22A","RAB22A",0.0527204565730017,0.110516356096677,0.215,0.191,1
"ENSG00000273204","ENSG00000273204",0.0527564738824308,0.76302674083647,0.017,0.011,1
"WDR70","WDR70",0.0527947265076205,-0.113169436016249,0.622,0.624,1
"INIP","INIP",0.0528726478209818,-0.237043006113148,0.202,0.219,1
"LINC02473","LINC02473",0.0528901357493037,-0.309068871947973,0.139,0.154,1
"DNAI2","DNAI2",0.0529728581577677,0.79941369795785,0.01,0.006,1
"JOSD2","JOSD2",0.0530147263395927,-0.183120420369874,0.171,0.189,1
"TAF1C","TAF1C",0.0530331608607708,0.120075625899754,0.079,0.065,1
"CHCHD4","CHCHD4",0.0530981095833542,0.221150078645741,0.025,0.018,1
"TTC31","TTC31",0.0531093108553083,0.218488557844594,0.053,0.042,1
"SV2B","SV2B",0.0531358697621022,-0.415607049082328,0.029,0.038,1
"CNTNAP3B","CNTNAP3B",0.0531432806476823,0.185385133560006,0.028,0.02,1
"CCDC17","CCDC17",0.0531652322778917,0.60803454591627,0.015,0.009,1
"ZNF446","ZNF446",0.0532017294520938,0.38822599884127,0.038,0.029,1
"GFPT2","GFPT2",0.0532493097077004,-0.460412287928843,0.019,0.027,1
"SULF2","SULF2",0.0532852612278382,-1.18363329006535,0.005,0.01,1
"DYNC1LI1","DYNC1LI1",0.0532882863597637,0.134341545339161,0.191,0.17,1
"ENSG00000266599","ENSG00000266599",0.0533290303512878,0.272189028706618,0.045,0.035,1
"CHMP2B","CHMP2B",0.0533895124136959,0.145932237801554,0.209,0.187,1
"DUT-AS1","DUT-AS1",0.0534083972386037,-0.737998436989558,0.015,0.023,1
"ENSG00000225446","ENSG00000225446",0.0534407348374822,-0.508806036279815,0.023,0.032,1
"C1QTNF6","C1QTNF6",0.0534599413333549,0.104892630004515,0.066,0.053,1
"ENSG00000259519","ENSG00000259519",0.0534757962270974,-0.555345968344634,0.012,0.018,1
"ENSG00000273011","ENSG00000273011",0.0535027098844444,0.365315949438426,0.01,0.006,1
"EXOSC6","EXOSC6",0.0535662463045532,0.190725642159203,0.141,0.122,1
"SAP130","SAP130",0.0535808631841537,-0.188735550343741,0.209,0.229,1
"ZCWPW1","ZCWPW1",0.0535812428721986,-0.242223139219326,0.137,0.154,1
"ENSG00000256982","ENSG00000256982",0.0536035667228795,0.557083805096251,0.015,0.009,1
"ENSG00000258017","ENSG00000258017",0.0536280469146349,-0.32996311041366,0.045,0.057,1
"NFIC","NFIC",0.0537608299338091,-0.125040893970339,0.481,0.487,1
"DCBLD2","DCBLD2",0.0538082944922939,0.190428010562211,0.158,0.138,1
"OBSCN","OBSCN",0.0538490079772605,0.540712704125749,0.015,0.009,1
"EIF2S1","EIF2S1",0.0538819207770968,-0.286949027763342,0.127,0.143,1
"LZTR1","LZTR1",0.0539269141353313,0.191349073152234,0.115,0.098,1
"HNRNPLL","HNRNPLL",0.053937184960712,0.149891832325605,0.157,0.138,1
"SH3BGRL3","SH3BGRL3",0.0539802212206973,0.122842029596523,0.196,0.174,1
"CBX1","CBX1",0.0540344066836249,-0.305608119135562,0.096,0.111,1
"TRMT10C","TRMT10C",0.0540683046862584,0.306432673084127,0.052,0.041,1
"EIF2AK1","EIF2AK1",0.0541027747688014,-0.332242100189645,0.174,0.189,1
"TUFT1","TUFT1",0.0541916004217747,0.248941359804302,0.022,0.015,1
"PRMT1","PRMT1",0.0541926893706507,0.198321023232185,0.152,0.133,1
"GMEB1","GMEB1",0.0542312749123373,0.328830262481891,0.103,0.088,1
"TMED3","TMED3",0.0542940379438521,0.231058769454421,0.124,0.107,1
"NBPF15","NBPF15",0.054310575981143,0.242953196973065,0.029,0.021,1
"CFAP20DC","CFAP20DC",0.0543320257048528,0.592827220638928,0.017,0.011,1
"PIGV","PIGV",0.0544859483030213,0.248966615304549,0.042,0.032,1
"TECR","TECR",0.0544902206363109,-0.205339210575976,0.45,0.462,1
"ENSG00000271904","ENSG00000271904",0.0544944835955786,-0.408507712516841,0.019,0.027,1
"SLC35F2","SLC35F2",0.0545012484039929,0.528289744242833,0.017,0.011,1
"ENSG00000253693","ENSG00000253693",0.0546323187403538,-1.53547271399717,0.01,0.016,1
"MHENCR","MHENCR",0.0546933405109442,0.369315321649538,0.072,0.06,1
"FADS2","FADS2",0.054762827137522,-0.396859156557588,0.073,0.086,1
"ENSG00000196741","ENSG00000196741",0.0548032918456839,0.435390011745366,0.018,0.012,1
"ACTR3C","ACTR3C",0.0548293371792395,1.16121945119361,0.01,0.005,1
"MRPL45P2","MRPL45P2",0.0548383538255379,0.602185643910793,0.023,0.016,1
"SEC16B","SEC16B",0.0549336136666533,0.526095314644019,0.022,0.015,1
"SEH1L","SEH1L",0.0549595405328155,-0.258654005174408,0.076,0.09,1
"CEP68","CEP68",0.054967082767419,-0.2924260222219,0.116,0.132,1
"SPAG1","SPAG1",0.0550247231958519,0.466987239994564,0.034,0.025,1
"TMEM185A","TMEM185A",0.0551262324066038,0.120441123209264,0.053,0.041,1
"PDCD4","PDCD4",0.0551999802195398,-0.170534354089977,0.26,0.279,1
"RCAN2-DT","RCAN2-DT",0.0552833194213632,0.139562198442324,0.074,0.061,1
"FCHO2","FCHO2",0.0554244856859172,-0.210004258841501,0.267,0.285,1
"SFR1","SFR1",0.055616854804944,-0.427029123898674,0.042,0.053,1
"SCRG1","SCRG1",0.0556240537979472,0.17577134526062,0.186,0.165,1
"GATD1-DT","GATD1-DT",0.0557376507006992,0.195015997460825,0.102,0.086,1
"RPUSD3","RPUSD3",0.0557550257764711,0.154583933600979,0.046,0.036,1
"LYPLA2","LYPLA2",0.055782067391826,0.367956428340962,0.037,0.028,1
"ENSG00000235010","ENSG00000235010",0.0557844866262712,-0.61789775931326,0.005,0.01,1
"BBIP1","BBIP1",0.0558712844639222,0.118906564837729,0.28,0.254,1
"FAM185A","FAM185A",0.0559489984031968,0.128322359165572,0.296,0.275,1
"LUZP1","LUZP1",0.0559672834907269,-1.21473738588078,0.009,0.014,1
"TRIM5","TRIM5",0.0560669443359792,0.55255227216727,0.01,0.005,1
"EMSY-DT","EMSY-DT",0.0560935303753792,-0.407082569666071,0.044,0.055,1
"PMFBP1","PMFBP1",0.056095085351804,0.372161413282941,0.031,0.023,1
"KCNB1","KCNB1",0.0561021013357847,0.685215536072591,0.014,0.009,1
"ICOSLG","ICOSLG",0.0561037282201333,-0.764537117726271,0.027,0.036,1
"LINC01036","LINC01036",0.056105581488412,-0.549040531556173,0.022,0.031,1
"BAD","BAD",0.0561865212085696,0.220172743190188,0.077,0.064,1
"NEK6","NEK6",0.0562612655457203,-0.774913987787582,0.009,0.015,1
"ENSG00000272455","ENSG00000272455",0.05626675167276,0.66862247028254,0.014,0.009,1
"SETD6","SETD6",0.0562811557634038,0.589793118574637,0.03,0.022,1
"DRAP1","DRAP1",0.0562956423785902,-0.163016329457895,0.126,0.143,1
"POLE2","POLE2",0.0563738536120737,-0.427019947236512,0.044,0.055,1
"ZNF442","ZNF442",0.0564571803477782,-0.926707588806536,0.006,0.011,1
"SMPD2","SMPD2",0.0564589946326137,-0.952799137671843,0.008,0.013,1
"ENSG00000260729","ENSG00000260729",0.0565709338223137,-0.185669412255836,0.296,0.313,1
"ENSG00000255672","ENSG00000255672",0.0565772391799823,0.552046696339247,0.01,0.005,1
"CTCF","CTCF",0.0565856592760301,0.123049246210276,0.23,0.205,1
"FAM186A","FAM186A",0.0566071611073407,-0.674241553092927,0.009,0.015,1
"PSTPIP2","PSTPIP2",0.0566211580490056,0.453482655386676,0.01,0.005,1
"ARMC6","ARMC6",0.0566976300261207,0.242460081823132,0.06,0.048,1
"ERICH6-AS1","ERICH6-AS1",0.056756185103255,-0.67445280867588,0.006,0.011,1
"MTA2","MTA2",0.0567812517499805,0.428427121677135,0.041,0.031,1
"MCTS1","MCTS1",0.0568034819115371,-0.288109883570074,0.122,0.138,1
"TRAM2-AS1","TRAM2-AS1",0.0569256110675746,-0.950054312850225,0.007,0.012,1
"RIOK3","RIOK3",0.056939031226036,-0.22786308512842,0.258,0.271,1
"CLASRP","CLASRP",0.0569588525230717,0.141553554075902,0.459,0.432,1
"TMEM126B","TMEM126B",0.0569701001892337,-0.313291861627222,0.085,0.1,1
"L2HGDH","L2HGDH",0.0569961915237067,-0.250449111939751,0.121,0.137,1
"NTN1","NTN1",0.0570807481500669,-0.943112393872217,0.008,0.013,1
"NBEAL2","NBEAL2",0.0571079698117182,0.448342182096098,0.014,0.009,1
"ZNF575","ZNF575",0.0571338799891683,-0.696614577172008,0.007,0.012,1
"LSM5","LSM5",0.0571349396790766,-0.600461493039159,0.046,0.057,1
"LINC01909","LINC01909",0.0571593006016477,0.505216401368793,0.024,0.017,1
"B3GAT3","B3GAT3",0.057192648042463,0.15945018259682,0.179,0.159,1
"SLC25A24","SLC25A24",0.0572031367445457,-0.364941593833691,0.051,0.063,1
"PPP6C","PPP6C",0.0572031439548453,-0.185651151294347,0.204,0.223,1
"ENSG00000234336","ENSG00000234336",0.0572808427912136,-0.876841337716485,0.019,0.027,1
"HEATR3","HEATR3",0.057331526190868,0.260612864251498,0.11,0.095,1
"EXO5","EXO5",0.0573491223253633,-0.70016178511331,0.007,0.012,1
"ATAD3B","ATAD3B",0.0573517537701131,0.229437565258818,0.086,0.072,1
"HNRNPA1L2","HNRNPA1L2",0.0573586808100956,-0.77461606374935,0.009,0.014,1
"TCAF2","TCAF2",0.0574356610277276,0.730110519389859,0.012,0.007,1
"ENSG00000277007","ENSG00000277007",0.0574994862169333,0.641123356765926,0.016,0.01,1
"LINC01239","LINC01239",0.0575263865372338,-0.635167904816065,0.008,0.014,1
"SLC10A3","SLC10A3",0.0575595973675406,-0.806150343803541,0.007,0.012,1
"SLC35F5","SLC35F5",0.057613423058084,-0.189327828586225,0.372,0.385,1
"PARP3","PARP3",0.0576268453407221,-0.75264611007878,0.008,0.014,1
"ENSG00000255775","ENSG00000255775",0.057628672007829,-0.77865242991459,0.007,0.012,1
"DRG1","DRG1",0.0576434676354497,-0.218042256926833,0.15,0.167,1
"MSANTD4","MSANTD4",0.0576466600193196,0.119894798407711,0.184,0.163,1
"DISP3","DISP3",0.0576533362799903,0.984469250170306,0.012,0.007,1
"POPDC1-AS1","POPDC1-AS1",0.0577052974364947,0.185861925102173,0.137,0.12,1
"USP24","USP24",0.0577948157646215,-0.126305268232189,0.44,0.461,1
"ALG12","ALG12",0.0578276308992731,0.20603270343383,0.063,0.051,1
"FKBP14","FKBP14",0.0578433457521771,-0.338618009897008,0.067,0.08,1
"XRCC6","XRCC6",0.0579002287748924,-0.184141586955722,0.221,0.24,1
"DCAF4","DCAF4",0.0579020880288072,0.317843691376434,0.045,0.035,1
"ILDR2","ILDR2",0.0579338316619124,-0.25313725079631,0.065,0.078,1
"FAM110B","FAM110B",0.0580387277911073,0.658313126169338,0.028,0.02,1
"ARF4","ARF4",0.0580955482846973,0.223670931260947,0.135,0.117,1
"SACM1L","SACM1L",0.0581032649239216,-0.222701778171832,0.198,0.216,1
"CHUK","CHUK",0.0583197558024055,0.196340534967949,0.123,0.106,1
"ENSG00000243155","ENSG00000243155",0.0586119595938745,0.448805698457407,0.035,0.026,1
"APIP","APIP",0.0586343027990028,-0.245236672768399,0.245,0.259,1
"ENSG00000271780","ENSG00000271780",0.0586842148600179,-0.441776034414492,0.007,0.012,1
"TRMT10B","TRMT10B",0.0587229127595945,-0.270323550291494,0.154,0.17,1
"UQCRC2","UQCRC2",0.0587362973937878,-0.217012806103395,0.233,0.25,1
"ATP6V1E2","ATP6V1E2",0.0587415290075816,-0.413458854187456,0.05,0.062,1
"ZMYND12","ZMYND12",0.0587669672553384,-0.379557866853807,0.009,0.014,1
"TTC13","TTC13",0.0587750610591596,-0.12820920586017,0.229,0.25,1
"YIPF2","YIPF2",0.0587789667138183,0.235893755832004,0.065,0.053,1
"SFI1","SFI1",0.0587854335058816,0.12150416269904,0.137,0.119,1
"KNTC1","KNTC1",0.0589647656719705,-0.567806568281656,0.029,0.038,1
"COPS7A","COPS7A",0.0589928406094972,-0.371318318376919,0.08,0.093,1
"AGBL3","AGBL3",0.0589981218327017,-0.337906508340321,0.12,0.136,1
"HSBP1L1","HSBP1L1",0.0589982106142272,-0.754933506757808,0.013,0.02,1
"NDC1","NDC1",0.058999583260463,0.159203209724728,0.12,0.103,1
"CSNK1G2","CSNK1G2",0.0590812645342353,0.200258218832651,0.119,0.102,1
"SRPK3","SRPK3",0.0591580603166414,0.3565409194225,0.07,0.058,1
"ENSG00000277199","ENSG00000277199",0.0591667225081742,-0.64777801981941,0.013,0.02,1
"CBFB","CBFB",0.0591836624964666,-0.138748742510728,0.525,0.532,1
"RNF150","RNF150",0.0592261466894103,-0.288275301374439,0.014,0.021,1
"GSKIP","GSKIP",0.0593186180192263,-0.433496879438394,0.074,0.087,1
"ENSG00000267058","ENSG00000267058",0.0595798906076148,-0.991193576526972,0.022,0.029,1
"CDH3","CDH3",0.0596636797222408,0.415099149741283,0.047,0.037,1
"ZNF480","ZNF480",0.0597507104687137,0.327455450216075,0.092,0.078,1
"SLC1A2","SLC1A2",0.0597957908110733,-0.574020470413036,0.024,0.032,1
"SLIT1","SLIT1",0.0599043968207112,0.448151447673449,0.019,0.013,1
"PFKM","PFKM",0.0600911238011614,0.636687352218605,0.014,0.009,1
"ARHGAP26","ARHGAP26",0.0603013923345682,0.282454468398207,0.088,0.075,1
"VAT1L","VAT1L",0.0603817641298447,0.532369686377675,0.025,0.018,1
"REXO2","REXO2",0.0606608737943159,0.279378900553048,0.098,0.084,1
"ENSG00000250619","ENSG00000250619",0.0607019906698638,1.01420925913796,0.012,0.007,1
"DDX50","DDX50",0.0607340777726033,-0.194333746218135,0.165,0.183,1
"SUCLG1","SUCLG1",0.0608390357330281,-0.230848760546713,0.22,0.236,1
"MSL3","MSL3",0.0608715941881915,0.221673482612232,0.051,0.04,1
"BRD8","BRD8",0.0609412825964399,0.136310189898497,0.206,0.184,1
"ST8SIA5","ST8SIA5",0.0609887254708036,0.136195574701931,0.11,0.094,1
"MIR924HG","MIR924HG",0.0610039412817358,-0.447570181210338,0.027,0.036,1
"RFFL","RFFL",0.0610417202983297,-0.200311701589124,0.282,0.301,1
"COMMD10","COMMD10",0.0610778610541069,-0.115918044158484,0.546,0.555,1
"CCNK","CCNK",0.0611365645393143,0.250283378180904,0.135,0.118,1
"TFB1M","TFB1M",0.0612275000074304,0.118751182644704,0.252,0.23,1
"STX5","STX5",0.0612918709302537,0.179145567797233,0.156,0.137,1
"ENSG00000225450","ENSG00000225450",0.0613391926128418,0.227554407890286,0.059,0.047,1
"C5orf22","C5orf22",0.0613686370551607,0.160994255144979,0.097,0.082,1
"NXT1","NXT1",0.0615073956611607,0.341554663052515,0.014,0.009,1
"CLCA4","CLCA4",0.0615726161697228,0.110755086492989,0.187,0.166,1
"ZNF577","ZNF577",0.0616780613598301,-0.224156603473339,0.311,0.325,1
"ENSG00000236498","ENSG00000236498",0.0618212758982288,0.582012682141534,0.012,0.007,1
"POFUT3","POFUT3",0.0619504983223187,-0.208630019408615,0.06,0.073,1
"HTR2C","HTR2C",0.0619912188675567,-0.546720197831352,0.012,0.018,1
"ATP10D","ATP10D",0.0620160996636789,0.168656742647383,0.144,0.126,1
"NME4","NME4",0.0620865660563539,0.477659701993347,0.021,0.014,1
"SLC2A1-DT","SLC2A1-DT",0.0622198612379794,-0.527675746278642,0.019,0.027,1
"BMAL1","BMAL1",0.0623026867068971,-0.308126703142667,0.056,0.068,1
"IFTAP","IFTAP",0.0623196548883046,0.175958478452086,0.084,0.07,1
"RUSF1","RUSF1",0.0624132788645803,0.200028367728898,0.09,0.076,1
"NR4A2","NR4A2",0.0624422890625662,-0.377163715474646,0.048,0.059,1
"RAB33A","RAB33A",0.0625719469340931,-0.359661274946973,0.09,0.103,1
"KIFBP","KIFBP",0.0626083641712219,-0.324306349752074,0.118,0.133,1
"TAF13","TAF13",0.0626250791132814,0.226101629707482,0.084,0.07,1
"THOC2","THOC2",0.0626424575459127,-0.129880170153929,0.493,0.505,1
"LTAP1","LTAP1",0.0627316407662068,0.159686140929208,0.252,0.227,1
"UBXN1","UBXN1",0.0627610483302635,-0.31468781079253,0.113,0.127,1
"ASIC3","ASIC3",0.0628224176237721,0.254378293805634,0.053,0.042,1
"THYN1","THYN1",0.0628464759994534,0.251676884415466,0.053,0.042,1
"ENSG00000222042","ENSG00000222042",0.0628982759074907,0.897318320366531,0.013,0.008,1
"FRRS1L","FRRS1L",0.0629060565967534,-0.254432656168073,0.087,0.102,1
"TFB2M","TFB2M",0.0629103136036981,0.363947429773068,0.04,0.031,1
"TTC9C","TTC9C",0.0629457273242054,0.266173655922791,0.1,0.085,1
"DMRT2","DMRT2",0.0629849705578132,-0.403006567362685,0.037,0.047,1
"NECAB3","NECAB3",0.0630407249492769,-0.612801376626957,0.018,0.025,1
"RGN","RGN",0.0631001885187182,0.151731580505229,0.092,0.078,1
"MAGOH","MAGOH",0.0631782899871913,0.143708297230468,0.09,0.076,1
"ENSG00000255639","ENSG00000255639",0.0632076566239166,0.270330631908807,0.102,0.087,1
"MIB2","MIB2",0.0632336933261289,0.150855657850351,0.113,0.097,1
"SCN3A","SCN3A",0.0633532373479059,0.652470366864742,0.013,0.008,1
"ENSG00000234418","ENSG00000234418",0.0635760652122486,-0.395548706943704,0.013,0.019,1
"NEU1","NEU1",0.0636883956080119,0.325587916364563,0.027,0.019,1
"ETHE1","ETHE1",0.0639574926045999,0.18151258057521,0.04,0.031,1
"ENSG00000261833","ENSG00000261833",0.0639799013545201,0.1214404935243,0.196,0.176,1
"GRIA3","GRIA3",0.0640029502960585,-0.201237117178147,0.307,0.327,1
"CACTIN","CACTIN",0.0640969361470439,0.311104249052819,0.044,0.035,1
"ZBTB2","ZBTB2",0.0641310742849186,0.284120408878128,0.064,0.053,1
"ATOX1","ATOX1",0.06414025014948,-0.175980571668123,0.269,0.288,1
"ENSG00000272918","ENSG00000272918",0.0642424652712576,0.182310274093122,0.048,0.037,1
"TTC23L","TTC23L",0.0642532661603088,-0.31228427185649,0.061,0.073,1
"NUDT14","NUDT14",0.064271791618239,0.417475500210327,0.04,0.031,1
"ENSG00000255339","ENSG00000255339",0.0642835937123709,-0.630852062504199,0.015,0.022,1
"POFUT4","POFUT4",0.0643106403300688,0.212444508515959,0.105,0.09,1
"NDUFS8","NDUFS8",0.0643127301835475,0.122368698300517,0.148,0.129,1
"ATOH8","ATOH8",0.0643542103785377,-0.762737571371192,0.015,0.022,1
"ARMH3","ARMH3",0.0644548591463778,-0.125794964355688,0.393,0.415,1
"CYP51A1-AS1","CYP51A1-AS1",0.0644616934001613,0.435519043720482,0.013,0.008,1
"ENSG00000242628","ENSG00000242628",0.0645497958106392,0.310846821817972,0.029,0.021,1
"NIM1K","NIM1K",0.0645941847098724,-0.195206344303839,0.111,0.127,1
"PSMB7","PSMB7",0.0646046010182371,0.132887268595436,0.269,0.245,1
"GNA11","GNA11",0.0646227387809611,-0.205426670307488,0.147,0.164,1
"TIMM22","TIMM22",0.0646482320680253,0.2750715561883,0.029,0.021,1
"ENSG00000259434","ENSG00000259434",0.0646522927301592,0.427549803971279,0.044,0.035,1
"ENSG00000259546","ENSG00000259546",0.0646855789866324,-0.138468985989447,0.167,0.186,1
"ERI1","ERI1",0.064770463180662,0.208344008729354,0.101,0.086,1
"SCAMP3","SCAMP3",0.0648062821060743,0.123374715461298,0.15,0.132,1
"TMEM259","TMEM259",0.0648118822167443,-0.150451217031513,0.322,0.339,1
"CSK","CSK",0.0648485764086745,0.223007552609973,0.056,0.045,1
"C1orf56","C1orf56",0.0648546463940212,0.165637634051045,0.092,0.077,1
"GEMIN6","GEMIN6",0.0650629783456148,0.504022184916987,0.023,0.016,1
"ZNF776","ZNF776",0.0650838971012596,0.167989876878269,0.04,0.031,1
"SLC26A9","SLC26A9",0.0651327673209664,0.194995006159957,0.033,0.025,1
"MICU2","MICU2",0.0651535754281526,-0.134937743716482,0.446,0.461,1
"SKP1","SKP1",0.0652817604551373,-0.172535332942764,0.328,0.344,1
"ENSG00000267426","ENSG00000267426",0.065370451388523,0.369567439700611,0.019,0.013,1
"EFCAB11","EFCAB11",0.0654542341342518,-0.272101135263225,0.188,0.205,1
"TK1","TK1",0.065460295693459,0.606789442176102,0.011,0.007,1
"MTMR8","MTMR8",0.0654634464149598,0.313039257871122,0.063,0.051,1
"EID1","EID1",0.0654741324535901,0.101310389328212,0.404,0.381,1
"AP1S1","AP1S1",0.0655315524037843,0.257189773593495,0.058,0.046,1
"STK11IP","STK11IP",0.0655789833701803,0.560307757622861,0.044,0.035,1
"FNDC3B","FNDC3B",0.065589435619299,0.146315990401568,0.181,0.162,1
"NT5DC2","NT5DC2",0.0656173064857024,0.365609362944493,0.017,0.011,1
"SEPTIN6","SEPTIN6",0.0656582533609735,-0.925810822914031,0.01,0.016,1
"ZNF354A","ZNF354A",0.0657083469174368,0.277458840647682,0.085,0.072,1
"RASA1","RASA1",0.0657223963206633,-0.100997174716716,0.582,0.584,1
"TCF7L2","TCF7L2",0.0657672729639222,0.150485197422923,0.273,0.251,1
"OR3A2","OR3A2",0.0657907795948391,0.60319270809052,0.022,0.015,1
"FBXO36","FBXO36",0.0659773952920778,-0.433565952737996,0.066,0.078,1
"RNASEH2C","RNASEH2C",0.0660977835706244,0.175199703735636,0.123,0.106,1
"COQ7-DT","COQ7-DT",0.0661662882494465,0.567354897233166,0.023,0.016,1
"SP110","SP110",0.0661721583404124,0.162912107315462,0.177,0.158,1
"MRPS10","MRPS10",0.0661793264236389,-0.420765430626292,0.062,0.074,1
"ATG4A","ATG4A",0.0662958493225328,-0.269011637600582,0.061,0.073,1
"TTC5","TTC5",0.0663008471193127,-0.38686823963749,0.046,0.057,1
"RBFOX2","RBFOX2",0.0663354347597298,-0.118861499977818,0.416,0.434,1
"MED1","MED1",0.0664192321536095,0.136549546926912,0.127,0.11,1
"ADPRM","ADPRM",0.0665755359815753,0.485416397080225,0.037,0.029,1
"SLC7A2","SLC7A2",0.0666614812016973,0.195263447647382,0.036,0.027,1
"PRPF6","PRPF6",0.0667059225563166,-0.17812594797991,0.207,0.225,1
"MYLIP","MYLIP",0.0667437364555576,-0.198540123448972,0.275,0.29,1
"KLHL15","KLHL15",0.0667965057608635,0.337745516015219,0.034,0.026,1
"CLINT1","CLINT1",0.0668076775829127,-0.263317750375888,0.138,0.153,1
"CNGA4","CNGA4",0.0669739742235605,-0.514017946671174,0.017,0.024,1
"NDUFAF3","NDUFAF3",0.0670602423097471,-0.228788734552563,0.146,0.163,1
"IFT70B","IFT70B",0.0671832289233852,-1.19775989118474,0.008,0.013,1
"ENSG00000248664","ENSG00000248664",0.0671927681702898,-0.780010767429148,0.009,0.015,1
"RBM15B","RBM15B",0.0671929870336041,0.342069466071615,0.047,0.037,1
"ENSG00000268163","ENSG00000268163",0.067263923290918,-0.308771820272836,0.088,0.102,1
"VESTAR","VESTAR",0.067311820749069,0.877644482046076,0.013,0.008,1
"ZNF543","ZNF543",0.0673385187789272,0.308965358671359,0.026,0.019,1
"ZC3H18","ZC3H18",0.0673736351651293,0.102933185627952,0.179,0.159,1
"TRIM27","TRIM27",0.0673960570297456,0.174430818273622,0.137,0.119,1
"LINC01572","LINC01572",0.0675424611223296,-0.265897699659381,0.221,0.237,1
"GFOD2","GFOD2",0.0675590784160935,0.440318169365211,0.049,0.039,1
"PITPNA-AS1","PITPNA-AS1",0.0675601813746372,0.354524700810462,0.033,0.025,1
"DYNLT3","DYNLT3",0.0676836111735956,0.50074117404901,0.036,0.027,1
"TOGARAM1","TOGARAM1",0.067704323239542,-0.145151380554383,0.513,0.517,1
"SDK2","SDK2",0.0677261484045347,-0.488389217608242,0.024,0.033,1
"ABHD1","ABHD1",0.0677343169302278,0.600112079774422,0.02,0.014,1
"COG2","COG2",0.0677446978425618,0.110427063498956,0.191,0.17,1
"REEP4","REEP4",0.0677899972264428,0.377761551233038,0.022,0.015,1
"FAM24B","FAM24B",0.0678375630468094,0.373937395471954,0.045,0.036,1
"PLCB4","PLCB4",0.0678676488680825,-0.658764587293535,0.009,0.015,1
"REL-DT","REL-DT",0.0679815492315741,-1.16799176444641,0.005,0.01,1
"CHADL","CHADL",0.0680368843967815,-0.118185849052015,0.434,0.451,1
"UBR4","UBR4",0.0681319352695743,0.127971931854509,0.345,0.318,1
"MTHFD1","MTHFD1",0.0681558864238913,-0.316928340387373,0.068,0.081,1
"VDAC3","VDAC3",0.0681627041538421,-0.343702036523465,0.15,0.163,1
"NAPRT","NAPRT",0.0682071297626119,-1.08101190134693,0.005,0.01,1
"NCLN","NCLN",0.0682657043916208,-0.389778633818513,0.079,0.092,1
"MYBBP1A","MYBBP1A",0.0683262707225102,-0.430033171241153,0.04,0.05,1
"TRPV3","TRPV3",0.0683382809434253,-0.205438523418725,0.038,0.049,1
"ZNF790","ZNF790",0.0683751832904853,0.159240703148531,0.134,0.117,1
"ELL","ELL",0.0684139220591204,0.250043818779504,0.069,0.057,1
"WDR53","WDR53",0.0684248849628833,0.276889590643318,0.058,0.046,1
"KLC1","KLC1",0.0684551775227242,0.100448121859931,0.378,0.349,1
"RASSF3","RASSF3",0.0685049866592967,-0.627163153942951,0.013,0.02,1
"ENSG00000267001","ENSG00000267001",0.0685481388175303,0.463824921357702,0.013,0.008,1
"ZNF571","ZNF571",0.0685827907332747,0.266216273919876,0.142,0.125,1
"NOL6","NOL6",0.0685850221510265,0.161348925130167,0.037,0.028,1
"PDK2","PDK2",0.0685939632308962,0.254323521636658,0.073,0.06,1
"GPR108","GPR108",0.0686688726689628,0.255266485647737,0.025,0.018,1
"PNKD","PNKD",0.0686721872213475,-0.204407415265019,0.173,0.189,1
"MICALL1","MICALL1",0.0687125204748634,-0.175605697795697,0.138,0.155,1
"LOC105371401","LOC105371401",0.0687737746754028,0.65126804609231,0.011,0.006,1
"LINC01852","LINC01852",0.0688307463375673,-0.713683047208238,0.009,0.014,1
"HMCN1","HMCN1",0.0688646273595223,-0.916424418628113,0.008,0.013,1
"ENSG00000272368","ENSG00000272368",0.0689264214445461,-0.225498548011878,0.242,0.259,1
"ACOT2","ACOT2",0.0689526599627971,-0.834035853371756,0.005,0.01,1
"SLC12A9-AS1","SLC12A9-AS1",0.068992867389938,-0.642043787113165,0.009,0.014,1
"UFC1","UFC1",0.0690843983609134,0.255608802857826,0.091,0.077,1
"DCAF12","DCAF12",0.0692736822549885,0.168193184671395,0.072,0.059,1
"GUCA1B","GUCA1B",0.0693349669768933,-0.321531737173897,0.047,0.058,1
"CLDN20","CLDN20",0.069381417754464,0.378812142108288,0.018,0.012,1
"HIF1AN","HIF1AN",0.0693923206074598,0.114671897046862,0.139,0.121,1
"ATP2B1-AS1","ATP2B1-AS1",0.069421857263545,-0.847775686970588,0.007,0.012,1
"WDR5B","WDR5B",0.069474239284771,0.420914614556072,0.03,0.022,1
"COQ2","COQ2",0.0695118497159464,0.425488949578398,0.027,0.02,1
"MRFAP1","MRFAP1",0.0695679569320387,-0.206895388210911,0.21,0.226,1
"MRPL34","MRPL34",0.0695790674595785,0.224499476118018,0.058,0.047,1
"NPIPA6","NPIPA6",0.0696199137902065,-0.568883027228409,0.006,0.01,1
"ZNF83","ZNF83",0.0696469665997714,-0.17509049930962,0.333,0.347,1
"SERP2","SERP2",0.0696769474416843,-0.302965774236546,0.127,0.143,1
"GLYR1","GLYR1",0.0697851420551188,0.110630083089776,0.289,0.267,1
"DPM2","DPM2",0.0697984584235685,-0.34777850559426,0.051,0.062,1
"CANX","CANX",0.0698062764568836,0.122000776739298,0.407,0.383,1
"SETD1B","SETD1B",0.0698087576053135,0.382614383556434,0.05,0.04,1
"ENSG00000266904","ENSG00000266904",0.0698168276967022,-0.79176665018942,0.007,0.012,1
"XRCC2","XRCC2",0.0699277063993461,-0.658147459013742,0.008,0.013,1
"GID4","GID4",0.0699766768270741,0.123695388223948,0.073,0.06,1
"ZNF324","ZNF324",0.0700344940672839,0.321918416001066,0.064,0.053,1
"NRG3","NRG3",0.0700850015946253,-0.369026911296324,0.067,0.08,1
"ENSG00000284946","ENSG00000284946",0.0701510640334765,0.357657223654596,0.015,0.01,1
"ADGRF3","ADGRF3",0.0701524217298759,0.146319462321859,0.04,0.031,1
"WFDC2","WFDC2",0.0702408698941964,0.436722801599766,0.015,0.01,1
"ARHGEF9","ARHGEF9",0.0703160532612516,-0.153933175014505,0.182,0.2,1
"NARS1","NARS1",0.0703204741972095,0.157059121631538,0.173,0.153,1
"DNAJC24","DNAJC24",0.0703590343127877,-0.267293850571739,0.102,0.117,1
"ST3GAL3","ST3GAL3",0.0703610779087978,-0.752691591655134,0.007,0.012,1
"ZNF48","ZNF48",0.0703947014940781,0.2835731440096,0.038,0.029,1
"PRKCSH","PRKCSH",0.0704164029848152,-0.141001146446878,0.341,0.357,1
"ENSG00000235910","ENSG00000235910",0.0704583480172334,-0.596291455888083,0.023,0.031,1
"AIMP2","AIMP2",0.0705172832974844,-0.234206984362381,0.06,0.072,1
"GABRB2","GABRB2",0.0705945405716151,-0.668721664952957,0.008,0.013,1
"CCDC85A","CCDC85A",0.0706438240421343,-0.699953291988881,0.006,0.01,1
"MAP1S","MAP1S",0.070664573158217,0.164900951688342,0.076,0.064,1
"HSPBAP1","HSPBAP1",0.0708124927182253,0.169159921667287,0.156,0.138,1
"DCAF8","DCAF8",0.0708264851839246,-0.218878166513069,0.13,0.146,1
"ENSG00000253875","ENSG00000253875",0.070856527203862,-0.740312151692042,0.008,0.013,1
"SLC25A16","SLC25A16",0.0709913387109733,0.109600707034751,0.298,0.271,1
"AFAP1","AFAP1",0.0711279527166011,-0.431133438418669,0.037,0.047,1
"DLG3","DLG3",0.0712192702515681,0.413045780634431,0.042,0.033,1
"BZW1","BZW1",0.0712489531614171,0.138319663442067,0.1,0.085,1
"MBIP","MBIP",0.0714466676570908,0.205736875260279,0.133,0.116,1
"STX1B","STX1B",0.0716395566022813,0.173523040009338,0.043,0.033,1
"GDF11","GDF11",0.0717689284641724,0.256565143587886,0.02,0.014,1
"CAMK1D","CAMK1D",0.0717953020734049,-0.545001550741556,0.025,0.033,1
"IL17RA","IL17RA",0.0718574315601407,0.304554687827016,0.11,0.096,1
"BEND7","BEND7",0.0718844555118889,-0.464526690060744,0.007,0.012,1
"TMEM263-DT","TMEM263-DT",0.0719379857568229,0.439893013161228,0.018,0.012,1
"ZFHX3-AS1","ZFHX3-AS1",0.071939143837032,-0.402151519518559,0.066,0.078,1
"EMC1","EMC1",0.0720358941802936,-0.298690987031584,0.065,0.078,1
"CLPTM1","CLPTM1",0.0720456758687971,0.149242446750639,0.222,0.199,1
"SYCE1L","SYCE1L",0.0720542155779229,0.571082378061296,0.013,0.008,1
"ZNF880","ZNF880",0.0720647432298708,-0.510646672826042,0.034,0.044,1
"KDM5B","KDM5B",0.0721427270353551,0.111822147605793,0.215,0.193,1
"GALNT18","GALNT18",0.0722178100027056,0.126085973522988,0.093,0.079,1
"TCERG1","TCERG1",0.0722420499656729,-0.101584066234168,0.326,0.343,1
"CDC7","CDC7",0.0722580052619102,0.3465914460363,0.021,0.015,1
"USP36","USP36",0.0722588518488092,-0.239541861394012,0.205,0.22,1
"SWAP70","SWAP70",0.0722735336577552,-0.279595585182698,0.132,0.148,1
"ASCC2","ASCC2",0.0723695498630581,-0.267977689007023,0.117,0.132,1
"MRPL39","MRPL39",0.0724122351224139,0.180285843134474,0.102,0.088,1
"ZNF236-DT","ZNF236-DT",0.0724159557670278,-0.356713160045371,0.046,0.057,1
"ENSG00000254235","ENSG00000254235",0.0724450386995267,0.826765378493948,0.01,0.006,1
"MATCAP2","MATCAP2",0.0725197665463306,-0.325854438257477,0.068,0.08,1
"ENSG00000278730","ENSG00000278730",0.0725497619667545,0.254725835469461,0.084,0.071,1
"SERPINE3","SERPINE3",0.0726397675815386,-0.704183823947551,0.012,0.018,1
"ENSG00000268533","ENSG00000268533",0.0728220410605346,0.155508245025351,0.067,0.055,1
"EHD1","EHD1",0.0728672471489651,-0.221334425322886,0.099,0.114,1
"METTL14","METTL14",0.0729037564789526,0.102066403991377,0.175,0.155,1
"FSIP1","FSIP1",0.0729387861496475,0.528460642347865,0.022,0.016,1
"ENSG00000260007","ENSG00000260007",0.0729664937092153,0.824774773382235,0.01,0.006,1
"DDX21","DDX21",0.0731124353417244,-0.260954076974953,0.109,0.124,1
"CWF19L1","CWF19L1",0.0731607998760112,-0.183997864529138,0.13,0.147,1
"VPS54","VPS54",0.0731805558137256,-0.14339479444769,0.421,0.435,1
"ENSG00000260618","ENSG00000260618",0.0731836431484223,0.47038827110782,0.016,0.011,1
"HMGCL","HMGCL",0.0731947169044243,0.193729989968448,0.123,0.107,1
"RAB15","RAB15",0.0733164704918765,0.340607465353463,0.018,0.012,1
"ZFP36","ZFP36",0.0733614198058969,0.324519079509141,0.013,0.008,1
"ECE1","ECE1",0.0734076785828005,0.109874116878529,0.278,0.252,1
"PIAS2","PIAS2",0.0734629298596581,-0.176768325262122,0.361,0.377,1
"ZFP14","ZFP14",0.0734696970999364,0.114470375560689,0.307,0.282,1
"ENSG00000276259","ENSG00000276259",0.0735034009563164,0.491179955272036,0.014,0.009,1
"SEC24D","SEC24D",0.0735793990547378,0.44889553344571,0.024,0.017,1
"ENSG00000274184","ENSG00000274184",0.0736812146097223,0.290470121696009,0.042,0.033,1
"ACVR1C","ACVR1C",0.073688306611957,-0.195632203879495,0.202,0.219,1
"ICE1","ICE1",0.0737178787268246,-0.138711112051226,0.295,0.314,1
"NDUFAF7","NDUFAF7",0.0739086813591098,0.189276476302019,0.106,0.092,1
"LOC105375421","LOC105375421",0.0740735983935751,-0.625426518309665,0.027,0.036,1
"SLC35D2-HSD17B3","SLC35D2-HSD17B3",0.074254140794688,0.11895329876912,0.147,0.13,1
"HAGLR","HAGLR",0.0742546629755638,0.18420550571334,0.151,0.135,1
"CS","CS",0.0743077136960398,0.120117969846771,0.093,0.079,1
"ANO8","ANO8",0.0744774316117167,0.238360030864225,0.056,0.045,1
"SYAP1","SYAP1",0.0746241364449591,-0.179081886748491,0.164,0.181,1
"CD247","CD247",0.0748097582692705,0.336989794070999,0.027,0.019,1
"EIF3J","EIF3J",0.0748239910605103,-0.275497141528739,0.229,0.243,1
"ANKRD16","ANKRD16",0.0748934270198622,0.266408340364106,0.136,0.121,1
"FAM88B","FAM88B",0.0748935727224489,-0.476630894318084,0.024,0.032,1
"CNN3","CNN3",0.0749222518591952,-0.263404537857542,0.12,0.135,1
"SNX8","SNX8",0.0749556672814522,-0.252578596894663,0.08,0.094,1
"ADAT1","ADAT1",0.0751212290683875,0.106042307230894,0.125,0.109,1
"ENSG00000224848","ENSG00000224848",0.0751770311367937,0.30091125476858,0.079,0.067,1
"ADAM23","ADAM23",0.0752879143351459,-0.46114568327956,0.059,0.07,1
"PTPRD-AS1","PTPRD-AS1",0.075306294484065,-0.299123477485841,0.042,0.052,1
"DENND2C","DENND2C",0.0754045897083248,-0.904283087038555,0.011,0.017,1
"RAB7A","RAB7A",0.0754285706470304,-0.134849889748529,0.446,0.461,1
"EXD2","EXD2",0.0755381988711611,-0.301573691247472,0.099,0.112,1
"ZNF567","ZNF567",0.0755594471996032,-0.359524044258718,0.055,0.067,1
"ZNF830","ZNF830",0.0755712366528134,0.169303949900782,0.062,0.051,1
"SYPL1","SYPL1",0.0756484218115627,0.123682539262955,0.338,0.311,1
"VANGL2","VANGL2",0.075677545682769,0.650475172997219,0.022,0.016,1
"TBXAS1","TBXAS1",0.0757139649381416,-0.305267774638385,0.036,0.046,1
"GRSF1","GRSF1",0.075801788896249,-0.246321472256076,0.122,0.137,1
"ENSG00000251450","ENSG00000251450",0.0758465766960381,-0.785865392557045,0.014,0.021,1
"DYNC2I2","DYNC2I2",0.075890646422521,0.371593574311026,0.019,0.013,1
"ENSG00000274068","ENSG00000274068",0.0759931130554515,0.138789812978413,0.171,0.152,1
"NUP188","NUP188",0.0760914292709068,0.184517354159885,0.116,0.1,1
"P4HTM","P4HTM",0.0761292481211666,-0.257032999731388,0.146,0.161,1
"FITM2","FITM2",0.0761515176746343,0.348459398739294,0.041,0.032,1
"PPP1R9A-AS1","PPP1R9A-AS1",0.0762145274133913,0.477524168646434,0.049,0.04,1
"RIPOR3","RIPOR3",0.0762254637543702,0.872902499046297,0.012,0.008,1
"CYTH2","CYTH2",0.0762780865957112,0.134149888611638,0.09,0.077,1
"ENSG00000259515","ENSG00000259515",0.0763038871065704,0.240418692580289,0.025,0.018,1
"LIMK1","LIMK1",0.0763212111880279,-0.418577335710743,0.02,0.028,1
"ENSG00000259865","ENSG00000259865",0.0763506684124539,0.386299019526999,0.018,0.012,1
"ETNK1","ETNK1",0.0763513024276531,-0.143112356101697,0.462,0.469,1
"LINC02316","LINC02316",0.076351358760998,1.2447495546621,0.01,0.006,1
"TMEM25","TMEM25",0.0763531407815268,0.335909076814333,0.043,0.033,1
"COL4A3","COL4A3",0.0763641284330451,0.493051621777055,0.018,0.012,1
"HESX1","HESX1",0.0763918002478895,-0.852627913991541,0.011,0.017,1
"UMPS","UMPS",0.0764036796635413,-0.212178362720055,0.074,0.087,1
"LOC339260","LOC339260",0.0766747604239221,-0.5378864419628,0.047,0.057,1
"ZNF589","ZNF589",0.0767345809515605,-0.19048080740009,0.121,0.137,1
"DSCAM","DSCAM",0.0769328109399348,-0.368340757738268,0.042,0.052,1
"ZNF341","ZNF341",0.076956271528025,0.317183916991357,0.079,0.067,1
"ZNF300","ZNF300",0.0770249846120699,0.444231818039774,0.033,0.025,1
"VWA5A","VWA5A",0.0771226748057261,-0.398924922966161,0.02,0.027,1
"SLC35C1","SLC35C1",0.0771643779421444,0.53609684377503,0.016,0.01,1
"TUBB4B","TUBB4B",0.0772367979835015,-0.440331170764336,0.075,0.087,1
"XYLB","XYLB",0.0772708691380215,0.30599689304898,0.095,0.081,1
"NKAPD1","NKAPD1",0.077405660588097,-0.287529512473332,0.034,0.043,1
"COG1","COG1",0.077423053980801,-0.388148782335883,0.048,0.059,1
"QRSL1","QRSL1",0.0774300396041384,0.12818641253004,0.202,0.183,1
"ATAD5","ATAD5",0.0774498550480726,-0.394988703517449,0.049,0.06,1
"ENSG00000141979","ENSG00000141979",0.0775322700016438,0.420292230121006,0.016,0.01,1
"ALG1L2","ALG1L2",0.0775573982786602,-0.927701898624052,0.01,0.016,1
"ATP13A4","ATP13A4",0.0775834177779165,-0.291628418265867,0.115,0.13,1
"STRIP1","STRIP1",0.077609603095594,0.145773536092264,0.103,0.089,1
"GTF3C2","GTF3C2",0.0776234726632875,-0.271443616375212,0.134,0.148,1
"GOLGA8N","GOLGA8N",0.0776371251828752,-0.345204334564579,0.072,0.084,1
"CLUL1","CLUL1",0.0778684817573617,-0.812352400320012,0.01,0.016,1
"NPEPL1","NPEPL1",0.0778784302668094,0.19763600272034,0.042,0.033,1
"DHRS13","DHRS13",0.0780801392478059,0.620873152258093,0.014,0.009,1
"HSPB8","HSPB8",0.0780904210593048,0.518644553764607,0.016,0.01,1
"ENSG00000243501","ENSG00000243501",0.078107844572222,0.494137168876819,0.01,0.006,1
"PGBD2","PGBD2",0.078176215980927,0.201755520427953,0.025,0.018,1
"ZGLP1","ZGLP1",0.0781897380333305,0.27231556952242,0.012,0.008,1
"SMC1A","SMC1A",0.0782148080866827,0.161880873900417,0.189,0.17,1
"ANKRD13C-DT","ANKRD13C-DT",0.0782782686199451,-0.477342223090978,0.064,0.076,1
"HYDIN","HYDIN",0.0782842427800215,-0.190250929569041,0.5,0.501,1
"PFKFB1","PFKFB1",0.0783600681029662,-0.661884793151417,0.017,0.023,1
"CRY2","CRY2",0.0784643398915247,-0.309033515314702,0.088,0.101,1
"HCFC1R1","HCFC1R1",0.0786836968640766,0.196121235027591,0.131,0.114,1
"RXRG","RXRG",0.0787132506039226,0.528309987044877,0.01,0.006,1
"VPS4B","VPS4B",0.0787990001804745,-0.188487314418709,0.257,0.273,1
"TYW2","TYW2",0.0789782124163231,0.167110649760557,0.053,0.043,1
"SP2","SP2",0.0791408476106732,-0.366502521206609,0.06,0.071,1
"ZNF470-DT","ZNF470-DT",0.0791472082543889,-0.219701093330729,0.088,0.102,1
"MAP3K2","MAP3K2",0.079251285424104,-0.136393232177429,0.515,0.52,1
"RNF157","RNF157",0.0792578553192305,0.125665381188969,0.302,0.278,1
"UNC80","UNC80",0.0793266366095721,-0.57568929658213,0.01,0.016,1
"MTF1","MTF1",0.0793742805029054,0.107499015213204,0.149,0.131,1
"TRMT10A","TRMT10A",0.0793833127337807,-0.313879142421335,0.103,0.117,1
"SNW1","SNW1",0.0794470381084942,-0.181793892603602,0.174,0.19,1
"AFG2B","AFG2B",0.07965004028035,0.13795604759632,0.083,0.07,1
"DCUN1D5","DCUN1D5",0.0798718469800241,0.132040403801444,0.101,0.086,1
"TSPAN15","TSPAN15",0.0799236182063477,-0.119163302713517,0.462,0.473,1
"CLEC14A","CLEC14A",0.0800927385145398,0.374443520824441,0.036,0.028,1
"MPHOSPH10","MPHOSPH10",0.0800956580920642,-0.243266602745178,0.111,0.125,1
"FUZ","FUZ",0.0802466168033853,0.152184165761075,0.072,0.06,1
"YWHAB","YWHAB",0.08028467890708,-0.139375954670908,0.349,0.365,1
"TAF6","TAF6",0.0803587909555632,0.246234658826868,0.041,0.032,1
"CCDC85C","CCDC85C",0.0803844181660871,0.139489525480482,0.126,0.11,1
"LOC122513141","LOC122513141",0.0804001003489001,0.300489662646589,0.054,0.044,1
"ZBTB6","ZBTB6",0.0804868895778887,0.105029598053686,0.043,0.033,1
"EFCAB6-DT","EFCAB6-DT",0.0805194634544482,-0.608667387522444,0.01,0.015,1
"CD96","CD96",0.080542698128708,0.858129160038322,0.012,0.007,1
"USP42","USP42",0.0806123207239448,-0.266576681409637,0.163,0.179,1
"WDR13","WDR13",0.0806471258951443,0.126135351007358,0.165,0.147,1
"ENSG00000258539","ENSG00000258539",0.0806785528229712,-0.407492839118821,0.01,0.016,1
"PBX2","PBX2",0.0808215279350857,-0.258998880276195,0.053,0.064,1
"ZNF749","ZNF749",0.0808421469053685,-0.622965124145036,0.013,0.019,1
"ZNF665","ZNF665",0.0809736264860389,-0.387135261406371,0.039,0.049,1
"ENSG00000231102","ENSG00000231102",0.0810356341091798,0.829918060972977,0.012,0.007,1
"SFXN2","SFXN2",0.0810474392065006,-0.370111221526847,0.026,0.034,1
"TGFBRAP1","TGFBRAP1",0.0810745666717812,0.174725011032961,0.111,0.096,1
"TINF2","TINF2",0.0812519991330753,-0.437614303723318,0.032,0.041,1
"OGFOD1","OGFOD1",0.0814079797580031,0.149992644359628,0.1,0.086,1
"ELMOD1","ELMOD1",0.0816907672906027,0.469089178662301,0.012,0.007,1
"HARS1","HARS1",0.0817035362815849,0.162604124642612,0.18,0.162,1
"ZNF879","ZNF879",0.0817606807032269,0.350312029717161,0.032,0.025,1
"OARD1","OARD1",0.0817778931123249,-0.234661562943659,0.205,0.222,1
"SDHAF4","SDHAF4",0.08180280718467,-0.478075315564911,0.042,0.052,1
"GP6","GP6",0.0819041634064157,0.60010226268057,0.012,0.007,1
"TCP10L","TCP10L",0.0819704850969552,0.909322827034046,0.013,0.009,1
"ZNF672","ZNF672",0.081971203852705,0.298658462911957,0.054,0.044,1
"BTBD9","BTBD9",0.0825498311597398,-0.105071209164492,0.53,0.545,1
"LINC00845","LINC00845",0.0826251797250359,-0.319065596421954,0.017,0.023,1
"FARSA","FARSA",0.0827133563830899,0.154979284704354,0.083,0.07,1
"ENSG00000268112","ENSG00000268112",0.082749148262593,-0.976957816991538,0.008,0.013,1
"ENSG00000260806","ENSG00000260806",0.0828785325541353,0.49603121900015,0.013,0.009,1
"NSDHL","NSDHL",0.083003803957201,0.170811808482537,0.049,0.04,1
"UBE2E1","UBE2E1",0.0830433716611201,-0.167950922229641,0.364,0.379,1
"SMUG1","SMUG1",0.0831382647790763,0.246104725905987,0.053,0.043,1
"THAP1","THAP1",0.083161196989681,0.442081362095487,0.032,0.025,1
"ALDH1A2","ALDH1A2",0.0835521925229131,-0.37893672935219,0.037,0.047,1
"ITPKC","ITPKC",0.0836189980280591,0.562851281340087,0.038,0.029,1
"TBC1D22A-DT","TBC1D22A-DT",0.0837168788613672,-0.447959080244355,0.033,0.042,1
"ENSG00000228351","ENSG00000228351",0.0837601324459554,-0.654684892959439,0.009,0.014,1
"WDR44","WDR44",0.0837633085831665,-0.100000547890287,0.332,0.351,1
"LINC01844","LINC01844",0.0838053357713535,0.222283029329721,0.069,0.057,1
"WDR76","WDR76",0.0839862523606485,0.413540221689606,0.015,0.01,1
"ENSG00000255104","ENSG00000255104",0.0842815217375239,-1.26914332586942,0.005,0.01,1
"CAP1","CAP1",0.0843064120027655,0.103137308615467,0.217,0.195,1
"KDM4D","KDM4D",0.0844417192938569,-0.655367426545702,0.015,0.022,1
"LOC130932201","LOC130932201",0.0844953888365732,-0.561592542559557,0.016,0.022,1
"ENSG00000285258","ENSG00000285258",0.0845723342148338,-0.444575031128025,0.035,0.044,1
"ENSG00000276116","ENSG00000276116",0.0846611303628751,-0.409341392184746,0.009,0.014,1
"FEM1C","FEM1C",0.0847151645791304,0.143205829823856,0.125,0.11,1
"WDR3","WDR3",0.0848251071870878,0.284510045825996,0.049,0.039,1
"BAIAP2","BAIAP2",0.0849093417499981,-0.392870308382044,0.021,0.028,1
"SCAMP4","SCAMP4",0.084914601497025,-0.21252493548701,0.181,0.197,1
"ZNF142","ZNF142",0.0849359955031522,0.124283689788665,0.056,0.046,1
"MMADHC","MMADHC",0.0849514191567747,0.120874641880683,0.088,0.074,1
"USP13","USP13",0.0851363248443128,-0.14478746357118,0.229,0.247,1
"CPTP","CPTP",0.085191122890221,0.221481289178847,0.03,0.022,1
"SLC51A","SLC51A",0.0851966435840465,-1.12080790620539,0.005,0.01,1
"MIDEAS","MIDEAS",0.0852249380351335,-0.209217450107196,0.161,0.178,1
"ZNF98","ZNF98",0.0853374398270315,0.412262204325007,0.033,0.025,1
"BICC1","BICC1",0.085424090302714,0.642245412329794,0.04,0.031,1
"MEGF8","MEGF8",0.0856169846707395,0.216732645760731,0.098,0.084,1
"TOX","TOX",0.085712322720127,-0.812690668397404,0.006,0.011,1
"ZNF833P","ZNF833P",0.0857528096573177,-0.827203877314548,0.007,0.012,1
"MARK2","MARK2",0.085755939042724,0.113430991083468,0.382,0.357,1
"ANO6","ANO6",0.0858439576112766,0.473522180243136,0.02,0.014,1
"CHPT1","CHPT1",0.0860333214677465,-0.357726410812623,0.049,0.06,1
"TCF7","TCF7",0.0860733967309366,0.19941131558895,0.024,0.018,1
"CEACAM1","CEACAM1",0.0860904268558739,-0.788206047035563,0.007,0.011,1
"LDHC","LDHC",0.0860941940683351,-0.777621067879632,0.006,0.01,1
"ENSG00000248265","ENSG00000248265",0.086129403011145,0.863461793262218,0.011,0.007,1
"WDR24","WDR24",0.0861693553839833,0.262715000622526,0.03,0.022,1
"ENSG00000229337","ENSG00000229337",0.0861779231186099,0.19611927371822,0.053,0.043,1
"NPIPB6","NPIPB6",0.0862361790032668,-0.413606776840089,0.028,0.036,1
"RANGRF","RANGRF",0.0863177553973786,0.490313890560638,0.035,0.027,1
"KRCC1","KRCC1",0.086339094196423,-0.215509933508853,0.267,0.28,1
"HAUS2","HAUS2",0.0865502399396113,0.187352698081224,0.079,0.066,1
"CSE1L","CSE1L",0.0866795212369936,-0.171288382763439,0.236,0.252,1
"GABPB2","GABPB2",0.0868543702869568,-0.186848736963274,0.274,0.29,1
"SLC30A9","SLC30A9",0.0868680984174276,-0.124265211820184,0.387,0.401,1
"LINC02981","LINC02981",0.0870486968525103,-0.369589630032019,0.037,0.047,1
"CCS","CCS",0.0870618776034279,-0.285395804936048,0.093,0.106,1
"MIEF2","MIEF2",0.0870904722718,-0.548423311021119,0.015,0.022,1
"ZNF160","ZNF160",0.0872008893486465,-0.225707198147468,0.263,0.277,1
"GRID2IP","GRID2IP",0.0872271219492586,-0.627338855022031,0.006,0.01,1
"SLC24A3","SLC24A3",0.0872734076799104,-0.232320559971668,0.008,0.012,1
"CHRNA7","CHRNA7",0.0873299991731075,0.514100668671643,0.018,0.012,1
"BMPR1B","BMPR1B",0.0873462209235653,0.713745715182355,0.015,0.01,1
"EXOC1","EXOC1",0.0873786059791818,-0.104369538844173,0.423,0.44,1
"ARHGEF1","ARHGEF1",0.0875019670937239,-0.151198761486752,0.191,0.209,1
"NOVA1-DT","NOVA1-DT",0.0877035392608807,-0.57353626356914,0.014,0.021,1
"TMEM161B","TMEM161B",0.0877287379720889,-0.21416040408149,0.212,0.228,1
"TDRP","TDRP",0.0877683645034549,0.36308465987968,0.011,0.007,1
"OBI1-AS1","OBI1-AS1",0.0880899303356572,-0.874415927958322,0.014,0.021,1
"QTGAL","QTGAL",0.0881977782734118,-0.341860976372529,0.032,0.041,1
"IL20RB","IL20RB",0.0882180787615022,0.595461421111384,0.015,0.01,1
"ENSG00000270175","ENSG00000270175",0.0884811957863324,0.310604938623418,0.011,0.007,1
"RPUSD4","RPUSD4",0.0886121414692838,-0.301672623772456,0.042,0.052,1
"SLC25A21-AS1","SLC25A21-AS1",0.0886505874948788,-0.612151779486237,0.019,0.026,1
"CDK5R1","CDK5R1",0.0887293369189985,-0.409976103504398,0.036,0.045,1
"FBRS","FBRS",0.0887362998885152,0.154925400139614,0.116,0.1,1
"TYW5","TYW5",0.0887535202319351,-0.379079010029701,0.09,0.102,1
"DDX60L","DDX60L",0.088847492931387,0.319329073435073,0.015,0.01,1
"KCND2","KCND2",0.088887367496163,-0.870941040964615,0.021,0.028,1
"KCNK12","KCNK12",0.0889149020532058,-0.27383925995593,0.076,0.088,1
"MBTPS2","MBTPS2",0.0891295246306874,-0.216110358722519,0.11,0.124,1
"ZBTB11","ZBTB11",0.0891560855247353,0.139100788153323,0.173,0.156,1
"DPF3","DPF3",0.0891932607276254,-0.156378560889658,0.453,0.46,1
"PLXNA1","PLXNA1",0.0892418925556926,0.260059600686718,0.028,0.021,1
"ENSG00000254671","ENSG00000254671",0.0894431817482554,0.34345114131051,0.027,0.02,1
"ENSG00000279762","ENSG00000279762",0.0895059034846507,-0.552696631256069,0.031,0.04,1
"ZNF445","ZNF445",0.0895255577072777,0.124800505859296,0.166,0.148,1
"ANKRD40","ANKRD40",0.0895348448283925,0.121692615917889,0.19,0.171,1
"MSANTD3-TMEFF1","MSANTD3-TMEFF1",0.0895769967402997,0.229447811852598,0.044,0.035,1
"IFNAR1","IFNAR1",0.0896648130372548,-0.214737623627975,0.173,0.19,1
"UBLCP1","UBLCP1",0.0896976115240234,0.149354609353525,0.137,0.121,1
"THEM6","THEM6",0.0897298385874672,-0.424182874005238,0.036,0.044,1
"DENR","DENR",0.0897718166626686,-0.211033093732126,0.146,0.162,1
"ZNF501","ZNF501",0.0901641881477043,0.545882016604788,0.022,0.016,1
"LOC105372424","LOC105372424",0.0901715880935981,0.955585353627784,0.011,0.007,1
"NOC4L","NOC4L",0.0902457258513327,-0.439077221359406,0.022,0.029,1
"QRICH1","QRICH1",0.0902550354376209,-0.175975511900611,0.179,0.195,1
"CBY1","CBY1",0.0903363933499698,-0.371340600102574,0.06,0.071,1
"LYRM7","LYRM7",0.0903544899205773,-0.198981207051614,0.153,0.169,1
"CDK7","CDK7",0.0904631375862876,-0.354817727484982,0.061,0.072,1
"POLR3H","POLR3H",0.0905084943507956,-0.435518190887056,0.049,0.059,1
"CCDC88C","CCDC88C",0.0905219697411996,0.280474089481626,0.03,0.023,1
"ENSG00000236255","ENSG00000236255",0.0906022685647578,0.158085016966188,0.039,0.031,1
"L3MBTL2","L3MBTL2",0.0909605946703289,0.22340300894517,0.08,0.068,1
"ENSG00000223576","ENSG00000223576",0.0909865636761989,0.134185992770484,0.018,0.012,1
"POFUT1","POFUT1",0.0911596415784263,0.248344339508509,0.075,0.064,1
"ITGA2B","ITGA2B",0.0912178456778817,-0.365863693388535,0.027,0.036,1
"PSMG3","PSMG3",0.0912213525121962,0.267688607353879,0.042,0.033,1
"MARCHF5","MARCHF5",0.0912358274643946,-0.204590056238178,0.137,0.152,1
"SPAG8","SPAG8",0.091251784734956,-0.430885883716791,0.017,0.024,1
"SUMO1","SUMO1",0.0912782864366143,0.165662593331442,0.121,0.106,1
"ENSG00000271474","ENSG00000271474",0.0913196135568218,-0.407386039711101,0.052,0.062,1
"ATP11C","ATP11C",0.0913917333997852,0.114738995058036,0.161,0.144,1
"SMIM19","SMIM19",0.0914697834501398,-0.170205170113809,0.081,0.094,1
"ENSG00000262633","ENSG00000262633",0.0917659477938832,0.115591058319045,0.099,0.085,1
"ZNF514","ZNF514",0.0918122196734748,0.261725170021372,0.063,0.053,1
"NOCT","NOCT",0.0918502692788737,0.331455626434135,0.053,0.044,1
"HSDL2","HSDL2",0.0918903187517011,-0.150348861535891,0.167,0.183,1
"KCNN3","KCNN3",0.0918953768882599,0.244471281579816,0.05,0.04,1
"UBAC2","UBAC2",0.091913933601071,-0.19593500270571,0.282,0.298,1
"ENSG00000280987","ENSG00000280987",0.0919444238599245,0.167206334538332,0.052,0.042,1
"ZNF471","ZNF471",0.0919667093296347,-0.146419718813441,0.195,0.211,1
"ZNF843","ZNF843",0.0919794198484934,-0.862207038602471,0.01,0.016,1
"ENAH","ENAH",0.0924497945966401,-0.159796777719766,0.488,0.492,1
"ENSG00000254314","ENSG00000254314",0.0925620988279473,0.494121502010922,0.016,0.011,1
"MRPL48","MRPL48",0.0925926494119581,-0.16161495739906,0.252,0.267,1
"HIRIP3","HIRIP3",0.0927122754238044,-0.347550660929838,0.041,0.051,1
"TTLL9","TTLL9",0.0927550573928127,-0.177341530401228,0.155,0.171,1
"PTCD1","PTCD1",0.092778718854463,0.421720445066348,0.023,0.017,1
"LINC00880","LINC00880",0.0928066661094943,-0.161569299087791,0.014,0.021,1
"ZNF844","ZNF844",0.092879634333104,-0.28426248833268,0.039,0.049,1
"MBD2","MBD2",0.0929165666506058,0.122472225964325,0.255,0.234,1
"TMEM132D","TMEM132D",0.092919859784786,-0.703999609092471,0.02,0.027,1
"CLYBL","CLYBL",0.0929557033212638,0.161950082076771,0.067,0.056,1
"ENSG00000263335","ENSG00000263335",0.0930352109007088,-0.375214781067371,0.063,0.075,1
"EOGT","EOGT",0.0935130977396985,0.252850469046104,0.08,0.068,1
"GRAMD4","GRAMD4",0.0935660721785022,0.44228270376577,0.046,0.037,1
"SLC8A2","SLC8A2",0.0935890376974081,-0.518936454433171,0.023,0.03,1
"ENSG00000272163","ENSG00000272163",0.0936930713634905,0.598642052272737,0.013,0.008,1
"B3GNT5","B3GNT5",0.0937329631783554,0.299212601087805,0.011,0.007,1
"EIF3F","EIF3F",0.0938484105052959,0.11361257602155,0.162,0.144,1
"PITRM1","PITRM1",0.0938699700790254,-0.123336451654946,0.124,0.139,1
"ENSG00000226803","ENSG00000226803",0.0939852958589698,-0.505743552528946,0.044,0.053,1
"ENSG00000231154","ENSG00000231154",0.093994034828125,-0.69690955968318,0.018,0.025,1
"RFX5","RFX5",0.0940725548762089,0.660509790485857,0.013,0.008,1
"ENSG00000255145","ENSG00000255145",0.0941485994871914,0.46628772749319,0.013,0.008,1
"TRMT5","TRMT5",0.0942181440334809,-0.582696687151018,0.018,0.025,1
"FLRT3","FLRT3",0.0942192958804136,0.252664516684142,0.021,0.015,1
"PPP2CB","PPP2CB",0.0943937784631128,0.132717494601618,0.297,0.274,1
"GRINA","GRINA",0.0944303651334085,0.235400693875421,0.112,0.098,1
"PLXNB3","PLXNB3",0.0948870684032015,-0.797597612322858,0.015,0.021,1
"MRPL9","MRPL9",0.0949521595953635,-0.332399071960015,0.034,0.042,1
"DHX38","DHX38",0.0950325858332849,0.170711714432003,0.097,0.083,1
"SLBP","SLBP",0.0952080268446165,0.246140165476423,0.087,0.074,1
"LYG2","LYG2",0.0952188736270788,0.410935846719118,0.018,0.012,1
"GPD1L","GPD1L",0.0952207448813296,0.360418979174112,0.078,0.066,1
"FBXW7","FBXW7",0.0952551231866582,0.111900077097916,0.288,0.27,1
"COPZ1","COPZ1",0.0954240302174341,-0.239555400206435,0.112,0.126,1
"CD63","CD63",0.0954633642929835,0.175192878408129,0.207,0.188,1
"ZNF282","ZNF282",0.0955106734315083,0.266191572992423,0.093,0.08,1
"ZNG1B","ZNG1B",0.0955677593497962,0.162131603857629,0.119,0.104,1
"EIF5A2","EIF5A2",0.0957934400311372,-0.393108365195512,0.053,0.063,1
"NUDT3","NUDT3",0.0960147941864552,0.263798986651662,0.111,0.097,1
"LINC01549","LINC01549",0.0961064067491684,-0.448170698821787,0.035,0.043,1
"IVD","IVD",0.0961754931812628,-0.217742700953737,0.237,0.252,1
"ENSG00000267219","ENSG00000267219",0.0962074309137167,-0.689250788260256,0.018,0.024,1
"POP4","POP4",0.0962251601114406,0.247688826313425,0.052,0.042,1
"RPN2","RPN2",0.0962621339081617,0.240740262980187,0.151,0.135,1
"ATAD1","ATAD1",0.0962943805153364,-0.216871205225745,0.177,0.192,1
"RC3H1","RC3H1",0.0964419572200324,-0.161869817775987,0.422,0.429,1
"NAIF1","NAIF1",0.0964639376193736,-0.715799766941696,0.009,0.014,1
"LINC03015","LINC03015",0.0964847238214807,0.314842257454627,0.027,0.02,1
"SCAMP1-AS1","SCAMP1-AS1",0.0964949519248576,-0.260578639556492,0.028,0.036,1
"HBEGF","HBEGF",0.0964986055550396,-0.491275696264773,0.044,0.053,1
"NDUFAF4","NDUFAF4",0.0965712231308058,0.183106926889605,0.053,0.043,1
"SPRYD4","SPRYD4",0.0966139779077037,-0.310992327313965,0.027,0.034,1
"NLRX1","NLRX1",0.096654710516996,-0.455341040246608,0.022,0.03,1
"NCOA6","NCOA6",0.0968282273022501,-0.123494236168286,0.564,0.563,1
"LINC00937","LINC00937",0.0968524280720511,0.488444739632067,0.034,0.027,1
"ENSG00000263307","ENSG00000263307",0.0968567814584212,0.118229138257033,0.164,0.147,1
"MYO5B","MYO5B",0.096897558843683,-0.397546694818982,0.045,0.055,1
"ZNF667","ZNF667",0.0970103450398551,-0.212539966354563,0.169,0.183,1
"ENSG00000254180","ENSG00000254180",0.0970474202032617,-0.235361311521559,0.069,0.081,1
"CTNS","CTNS",0.0972061179029628,0.167083949568371,0.082,0.07,1
"TMEM240","TMEM240",0.0973036464090152,0.521218699505521,0.016,0.011,1
"BICD1","BICD1",0.0973189959789306,-0.121953037311739,0.526,0.53,1
"ZNF736","ZNF736",0.0974718020585669,-0.214006954463544,0.178,0.192,1
"LOC100129540","LOC100129540",0.0974852935260246,0.227641010587587,0.026,0.019,1
"SAAL1","SAAL1",0.0975045305396037,-0.402208659299694,0.048,0.057,1
"PAK3","PAK3",0.0976316199664877,-0.81681150562012,0.015,0.021,1
"DLGAP1","DLGAP1",0.097642738439085,-0.41311693293247,0.037,0.046,1
"UFSP2","UFSP2",0.097741808897476,0.125532008013542,0.192,0.174,1
"RABL3","RABL3",0.0977535172992731,-0.233304072687539,0.098,0.111,1
"GHITM","GHITM",0.0977650826417493,-0.219739527639827,0.086,0.099,1
"AGA-DT","AGA-DT",0.097920812810654,-0.268307200999589,0.324,0.334,1
"LINC02204","LINC02204",0.0980082045984544,0.68392336601992,0.014,0.009,1
"PHB1","PHB1",0.0981593267858596,0.172199622050176,0.166,0.149,1
"TMEM246-AS1","TMEM246-AS1",0.0981676751846006,-0.197760242946307,0.101,0.114,1
"NAPB","NAPB",0.0981938510610757,0.11635291982962,0.188,0.169,1
"ENSG00000274460","ENSG00000274460",0.0982181991891027,-0.555221013826907,0.009,0.014,1
"ASB8","ASB8",0.0982553766609064,-0.337520171212111,0.094,0.106,1
"ZNF354B","ZNF354B",0.0984810364277275,0.247186078065162,0.092,0.079,1
"EIF3G","EIF3G",0.0986260019744561,0.17331113852379,0.107,0.093,1
"FAM168A","FAM168A",0.0988005835511073,-0.102375488041753,0.516,0.526,1
"SEZ6L","SEZ6L",0.0989542478525365,-0.414569734668895,0.009,0.014,1
"LOC100506235","LOC100506235",0.0989707072093062,0.162903733865984,0.018,0.012,1
"ENSG00000263494","ENSG00000263494",0.098994849234447,0.405401970057192,0.031,0.023,1
"FSAF1","FSAF1",0.0989955123601987,-0.29046492180692,0.068,0.08,1
"SNX7","SNX7",0.0993693536716394,0.438926892447429,0.043,0.035,1
"GTF2H5","GTF2H5",0.0994129784532129,-0.267000703154901,0.131,0.145,1
"BCHE","BCHE",0.0994430990354125,-0.475607203263999,0.05,0.06,1
"PNPO","PNPO",0.0994746468393986,-0.386140509603048,0.02,0.027,1
"EAF1","EAF1",0.099495713799254,-0.332011714171696,0.04,0.049,1
"PATZ1","PATZ1",0.0995848897290906,0.110004276682569,0.092,0.079,1
"CNST","CNST",0.0997634939650296,-0.295402023725867,0.164,0.177,1
"SLC45A1","SLC45A1",0.0999307444795731,0.2523434153539,0.046,0.037,1
"ENSG00000282943","ENSG00000282943",0.0999909547415211,0.153985148126853,0.068,0.057,1
"LINC00578","LINC00578",0.100295889155452,-0.668689579337108,0.009,0.013,1
"RPF2","RPF2",0.100321651907945,-0.306122038959255,0.081,0.093,1
"LGMN","LGMN",0.100465447292238,0.148357771201182,0.101,0.087,1
"ALK","ALK",0.10052358423596,0.105936317223663,0.107,0.093,1
"ARHGAP39","ARHGAP39",0.100570945038809,0.169061954096874,0.136,0.122,1
"ENSG00000272807","ENSG00000272807",0.100769385863391,-0.419036635587986,0.022,0.029,1
"LTV1","LTV1",0.100996964739687,-0.833864836371622,0.012,0.017,1
"MRPS18B","MRPS18B",0.101045231051683,-0.285894232996634,0.104,0.117,1
"TIGD1","TIGD1",0.101066703671116,-0.271390681151293,0.02,0.027,1
"ENSG00000248559","ENSG00000248559",0.101138578362324,0.447621510719985,0.012,0.008,1
"MBD1","MBD1",0.101146536627695,0.140626687497984,0.101,0.088,1
"ENSG00000259370","ENSG00000259370",0.101251264147196,-0.822671030823446,0.008,0.012,1
"TMEM30A-DT","TMEM30A-DT",0.10127147025598,-0.336177303366678,0.067,0.079,1
"ISOC2","ISOC2",0.101299467578241,0.14204358952989,0.105,0.09,1
"ENSG00000267747","ENSG00000267747",0.101417804406917,-0.224946225780275,0.08,0.092,1
"USP35","USP35",0.101573192717187,0.465745351537811,0.018,0.013,1
"ZNF91","ZNF91",0.101659232755302,-0.166308109903598,0.43,0.437,1
"LINC03152","LINC03152",0.101727987942585,-0.352938114045195,0.033,0.042,1
"LENG8-AS1","LENG8-AS1",0.101734412603381,-0.339019669859121,0.051,0.061,1
"RPIA","RPIA",0.101773899224699,0.107342041436422,0.065,0.054,1
"ENSG00000268458","ENSG00000268458",0.101843434965707,0.208536316610669,0.023,0.017,1
"BRMS1","BRMS1",0.102137924431936,0.34717418890645,0.049,0.04,1
"CCDC150","CCDC150",0.10232015687246,-0.337691527786666,0.069,0.08,1
"ZNF326","ZNF326",0.102384934636021,-0.170619083555122,0.275,0.289,1
"TCEAL5","TCEAL5",0.102395582530789,-0.580783073788038,0.008,0.012,1
"ENSG00000248296","ENSG00000248296",0.102428316793282,0.749897814809005,0.025,0.018,1
"CEP95","CEP95",0.102518970717024,-0.190659202653164,0.258,0.273,1
"ANAPC11","ANAPC11",0.102569551870048,0.158613635203664,0.118,0.104,1
"TMEM147-AS1","TMEM147-AS1",0.102573378436598,-0.453537463396305,0.018,0.024,1
"ENSG00000276148","ENSG00000276148",0.102580799695452,0.692812421758966,0.015,0.01,1
"BOD1L1","BOD1L1",0.102590049003442,-0.112387378518004,0.467,0.476,1
"TMEM143","TMEM143",0.102712197798097,0.175366779558144,0.099,0.086,1
"FN3K","FN3K",0.102820215309418,-0.11899837868967,0.182,0.198,1
"PRDX6","PRDX6",0.102824725420983,0.164288433703276,0.11,0.096,1
"ENSG00000271993","ENSG00000271993",0.103072770888414,0.38252693235401,0.036,0.029,1
"GRB14","GRB14",0.103130938821202,-0.461623075006748,0.008,0.012,1
"ENSG00000272720","ENSG00000272720",0.103186757717603,-0.195936786556044,0.057,0.068,1
"HMGN5","HMGN5",0.103202481732998,-0.442717134314575,0.036,0.044,1
"MID2","MID2",0.103391223766534,0.319646529501154,0.058,0.049,1
"FBXO28","FBXO28",0.103391842547007,0.146249035032293,0.271,0.252,1
"LOH12CR2","LOH12CR2",0.103398056611658,0.393393264606305,0.025,0.019,1
"EOLA1-DT","EOLA1-DT",0.103432419158134,-0.701748101306411,0.007,0.012,1
"NEK9","NEK9",0.103441735670335,0.111976476746655,0.322,0.301,1
"CGRRF1","CGRRF1",0.103560470180757,0.123883484481668,0.116,0.102,1
"AKT2","AKT2",0.103619629592247,-0.158164984640614,0.295,0.308,1
"RPA3","RPA3",0.103823825269948,0.269455734999313,0.042,0.034,1
"VASN","VASN",0.103882227517118,0.368894632873286,0.015,0.01,1
"ENSG00000285190","ENSG00000285190",0.103990249248642,-0.783039031907558,0.02,0.027,1
"SHMT1","SHMT1",0.104087284764223,0.137557461739611,0.14,0.125,1
"CKS1B","CKS1B",0.104237610332875,0.335252849301316,0.02,0.014,1
"ENSG00000254615","ENSG00000254615",0.104313611522814,0.601259806462983,0.017,0.012,1
"HEPHL1","HEPHL1",0.104342031693562,0.363237999836676,0.02,0.014,1
"ZBTB25","ZBTB25",0.104396417125368,-0.225387877713947,0.184,0.198,1
"NDUFAF5","NDUFAF5",0.104564151602851,-0.197134211679685,0.111,0.126,1
"PTRH1","PTRH1",0.104719630634561,-0.41773687083903,0.019,0.026,1
"SGSM3","SGSM3",0.10472688836421,0.390970539225306,0.024,0.018,1
"GLYATL2","GLYATL2",0.104777708466576,0.726978950848448,0.023,0.017,1
"SMIM10L1","SMIM10L1",0.104787413785224,0.135933548630963,0.084,0.071,1
"CRYGS","CRYGS",0.104925333755674,0.182712114127978,0.053,0.044,1
"ENSG00000266527","ENSG00000266527",0.104982172545642,0.62727623718023,0.01,0.006,1
"SBNO2","SBNO2",0.105334089688863,0.154606620787607,0.075,0.063,1
"LASP1","LASP1",0.105469574950343,0.429997078264137,0.038,0.03,1
"USP1","USP1",0.105513529758405,-0.186159945895072,0.083,0.095,1
"CYP2D6","CYP2D6",0.105598385981708,0.199238755810813,0.01,0.006,1
"WWC2","WWC2",0.105608224280624,0.116626586670924,0.289,0.269,1
"DAD1","DAD1",0.105614788850607,-0.179720511088251,0.164,0.177,1
"ENSG00000283208","ENSG00000283208",0.105817018879604,-0.453501131242058,0.1,0.111,1
"LINC00327","LINC00327",0.105865845145089,-0.616917338194329,0.006,0.01,1
"MGC4859","MGC4859",0.105980533343035,0.189650263674534,0.015,0.01,1
"AFTPH","AFTPH",0.106174595719295,0.115261473243865,0.3,0.28,1
"GALNS","GALNS",0.106200087974008,0.215835124568878,0.088,0.076,1
"DNAJC7","DNAJC7",0.106201906267597,-0.191415638796421,0.285,0.297,1
"TNFSF4","TNFSF4",0.106268468779097,0.183822104454298,0.02,0.014,1
"H2AZ2","H2AZ2",0.106284097534545,0.108380673194176,0.227,0.207,1
"FLYWCH2","FLYWCH2",0.106316899476448,-0.496644486682126,0.036,0.044,1
"H1-0","H1-0",0.106334266725673,0.214457765599771,0.044,0.035,1
"PPP1R12C","PPP1R12C",0.106352559039303,0.101656320124089,0.138,0.122,1
"EID2","EID2",0.106411271377426,-0.831953371666593,0.02,0.026,1
"URGCP","URGCP",0.106456144689879,0.134596036489752,0.13,0.115,1
"CLEC4A","CLEC4A",0.10649683575346,-0.687018719384624,0.006,0.01,1
"SDF2","SDF2",0.106522340894875,0.128504249837107,0.093,0.08,1
"POMP","POMP",0.106540075124156,0.180598805055005,0.147,0.132,1
"SHISA5","SHISA5",0.106674185833051,-0.34110804888441,0.068,0.079,1
"GRID1-AS1","GRID1-AS1",0.106737489246157,0.396468481343664,0.013,0.009,1
"BTF3L4","BTF3L4",0.106820431032846,-0.18819491384754,0.187,0.203,1
"MGLL","MGLL",0.106866621409463,0.206654801132436,0.052,0.043,1
"IFI27","IFI27",0.106955353850331,0.561013015996483,0.012,0.008,1
"DDX59","DDX59",0.107219577239951,-0.34074437017466,0.061,0.072,1
"IRF7","IRF7",0.107262341197891,0.424337413016717,0.013,0.009,1
"SUV39H2","SUV39H2",0.107313337134782,-0.349379493749206,0.014,0.02,1
"SLC25A14","SLC25A14",0.10753416057233,-0.319219173637388,0.027,0.035,1
"PCSK4","PCSK4",0.107612125374226,0.436094833063103,0.012,0.008,1
"CCNG2","CCNG2",0.107621575056116,0.297008231047101,0.052,0.042,1
"ATF3","ATF3",0.107672339031172,-0.476125954324319,0.038,0.047,1
"NUP35","NUP35",0.107687175531785,-0.39260211397578,0.06,0.07,1
"SPRED3","SPRED3",0.107796548513289,0.229456600367206,0.025,0.019,1
"DHX29","DHX29",0.10783706040391,-0.154671439765566,0.266,0.28,1
"RWDD2A","RWDD2A",0.107942050309923,-0.983256276451498,0.013,0.018,1
"INTS6-AS1","INTS6-AS1",0.107970177703197,0.176524213066712,0.102,0.089,1
"ENSG00000269939","ENSG00000269939",0.108352166482939,0.305433528711958,0.043,0.034,1
"TLNRD1","TLNRD1",0.108449958796396,0.256208097297139,0.062,0.051,1
"SLC27A5","SLC27A5",0.108453623287684,0.186882540513905,0.087,0.075,1
"TCEAL9","TCEAL9",0.108486536856072,0.118464042596987,0.065,0.054,1
"INTS14","INTS14",0.108521736225711,-0.216064942486624,0.085,0.098,1
"PKP4-AS1","PKP4-AS1",0.108536539053672,0.192246482549769,0.039,0.031,1
"SATB2","SATB2",0.108552299361063,-0.106470644977273,0.117,0.131,1
"PPIF","PPIF",0.108621831839832,-0.455638306158034,0.066,0.076,1
"THAP12","THAP12",0.108693667767593,-0.190294022251234,0.075,0.087,1
"TBC1D19","TBC1D19",0.108747990241559,-0.138840490210683,0.343,0.354,1
"PDE7B","PDE7B",0.108882123150234,-0.256667152974029,0.027,0.035,1
"ENSG00000227033","ENSG00000227033",0.10895536003605,0.533110403367707,0.019,0.014,1
"AP4E1","AP4E1",0.10908975000338,0.16100851256115,0.213,0.195,1
"JMJD8","JMJD8",0.109115281589418,0.231913635538048,0.041,0.033,1
"C18orf32","C18orf32",0.109126636082119,0.317740243509566,0.041,0.033,1
"HYAL2","HYAL2",0.109136464298642,-0.534269421796775,0.011,0.016,1
"UBE2L6","UBE2L6",0.109174535914072,0.620947174728604,0.018,0.013,1
"ENSG00000255366","ENSG00000255366",0.10925285773339,0.584214836696646,0.015,0.01,1
"LOC105372480","LOC105372480",0.10929148892062,0.244086831977667,0.055,0.046,1
"LOC349160","LOC349160",0.109291761955351,0.89569463587228,0.015,0.01,1
"EDC3","EDC3",0.109394298596791,0.178909762768164,0.13,0.116,1
"OPLAH","OPLAH",0.109535719063094,-0.481126482456673,0.016,0.022,1
"CADM4","CADM4",0.109554675284633,-0.146510618917199,0.309,0.323,1
"MEAK7","MEAK7",0.109589569313513,-0.307284388875587,0.045,0.054,1
"IDNK","IDNK",0.109590016513875,-0.36002043856563,0.058,0.068,1
"MRPS25","MRPS25",0.109632728939656,-0.246890409213704,0.142,0.155,1
"SIRT6","SIRT6",0.109660184368629,-0.241879606183923,0.035,0.043,1
"TMEM177","TMEM177",0.109694898623621,-0.297819894813207,0.019,0.025,1
"PAQR7","PAQR7",0.109709424630943,0.481516914548074,0.023,0.017,1
"HEXIM1","HEXIM1",0.109753340790055,0.262936286141711,0.035,0.027,1
"B3GALNT2","B3GALNT2",0.109868696817012,-0.12292530759751,0.096,0.11,1
"IFFO2","IFFO2",0.109941725118184,0.383718904196743,0.062,0.052,1
"ENSG00000259038","ENSG00000259038",0.110017775113359,0.371511550042981,0.018,0.013,1
"UBE2Q2","UBE2Q2",0.110184466506192,-0.204568486020696,0.113,0.127,1
"RBBP9","RBBP9",0.11018870736848,0.180792589844129,0.036,0.029,1
"NPHP1","NPHP1",0.110386236287032,-0.259014099708922,0.068,0.079,1
"MKKS","MKKS",0.110410720111694,0.152515398025999,0.062,0.051,1
"PAXBP1","PAXBP1",0.110447021324427,-0.124058199983886,0.51,0.512,1
"IFT43","IFT43",0.11045477407317,-0.144237138524349,0.208,0.225,1
"ENSG00000246451","ENSG00000246451",0.110543106643572,0.133759821469001,0.045,0.036,1
"AKAP8L","AKAP8L",0.110591969043749,0.107025429901628,0.353,0.327,1
"IL7","IL7",0.11069449676714,-0.325079230767483,0.017,0.023,1
"RMND5A","RMND5A",0.110695624349027,0.100819830493701,0.34,0.315,1
"CHMP7","CHMP7",0.110963475899343,-0.294931305826843,0.062,0.073,1
"TBC1D2B","TBC1D2B",0.111001031163711,-0.131510672355781,0.092,0.104,1
"NOA1","NOA1",0.111177050959472,0.303344520063368,0.048,0.039,1
"PSD3-AS1","PSD3-AS1",0.111478720481719,-0.6456692158588,0.013,0.018,1
"ARCN1","ARCN1",0.111494510706928,-0.190109965500151,0.129,0.142,1
"ANKFN1","ANKFN1",0.111646126769584,0.288880318094042,0.015,0.01,1
"ANKRD9","ANKRD9",0.111731435582795,0.364840312331339,0.019,0.014,1
"ENTPD6","ENTPD6",0.11190262561902,0.260532057380831,0.094,0.081,1
"KNSTRN","KNSTRN",0.111985675955906,-0.217303151509973,0.016,0.022,1
"ZNF624","ZNF624",0.112009954736511,0.115627592764254,0.093,0.081,1
"PLEKHF1","PLEKHF1",0.112080876584313,0.177517992860982,0.056,0.046,1
"TRMT1","TRMT1",0.112141925482611,0.159870010547479,0.082,0.07,1
"DAG1","DAG1",0.112228566409139,0.199203897334442,0.094,0.081,1
"FEM1A","FEM1A",0.112230729145196,0.198152863158171,0.079,0.067,1
"TIPIN","TIPIN",0.112248751066052,-0.383900592129893,0.07,0.081,1
"GPR180","GPR180",0.112275075684965,0.112064056761015,0.138,0.123,1
"ENSG00000283897","ENSG00000283897",0.112393135026738,0.543413415735761,0.013,0.009,1
"PPIL3","PPIL3",0.11244491819947,-0.317917839315974,0.071,0.082,1
"ELP6","ELP6",0.11257392996215,-0.330275361345327,0.083,0.094,1
"ENSG00000236200","ENSG00000236200",0.11260665165745,0.498134529796911,0.013,0.009,1
"KEL","KEL",0.1127211369775,-0.192845231936122,0.183,0.198,1
"TBCK","TBCK",0.112839997358656,-0.101267328819933,0.522,0.53,1
"PHRF1","PHRF1",0.112912677781096,-0.18288868445274,0.119,0.133,1
"ENSG00000260780","ENSG00000260780",0.112919606842606,0.481032505973938,0.019,0.014,1
"ENSG00000260572","ENSG00000260572",0.113018119190665,-0.813737520948624,0.009,0.014,1
"ENSG00000261235","ENSG00000261235",0.113022099769277,0.306893381992329,0.021,0.015,1
"ENSG00000227704","ENSG00000227704",0.113083679953986,0.381848523141604,0.056,0.046,1
"AGA","AGA",0.113164264569057,-0.295455038146135,0.075,0.086,1
"MAPK3","MAPK3",0.113257973401599,-0.198162509878363,0.131,0.145,1
"SNRPF","SNRPF",0.113274439147928,0.177945238923384,0.082,0.07,1
"P4HA3","P4HA3",0.113335251731645,0.312437325177673,0.023,0.017,1
"TSNAXIP1","TSNAXIP1",0.113578334119313,0.254632922428254,0.015,0.01,1
"DNAJB9","DNAJB9",0.113714148737169,0.245016452725889,0.044,0.036,1
"RIPOR1","RIPOR1",0.11381894915755,0.141467864371702,0.048,0.039,1
"ASL","ASL",0.113819671838033,0.411618439059403,0.024,0.018,1
"SNRPD3","SNRPD3",0.113993172916342,-0.129506125583434,0.196,0.212,1
"ENSG00000269476","ENSG00000269476",0.114025835369481,-0.438358436051185,0.015,0.021,1
"ENSG00000238045","ENSG00000238045",0.114068949134823,0.478913079064571,0.011,0.007,1
"SEC13","SEC13",0.114149461690965,-0.268000451805088,0.106,0.118,1
"PARD3B","PARD3B",0.114265017904315,-0.172834870898805,0.455,0.463,1
"PRXL2C","PRXL2C",0.11426712803067,0.29915354525402,0.038,0.03,1
"KPNA2","KPNA2",0.114288593770689,0.166122692677821,0.04,0.032,1
"KCNIP2","KCNIP2",0.114413387732732,-0.336259761711334,0.016,0.022,1
"SERINC3","SERINC3",0.114425350681858,0.127848528699674,0.363,0.343,1
"MPZL1","MPZL1",0.114561591366945,0.530086685842517,0.02,0.015,1
"SH3BP4","SH3BP4",0.114570974780021,-0.110134389997994,0.397,0.405,1
"VCF2","VCF2",0.114579491095861,0.406671061112551,0.058,0.049,1
"FANCG","FANCG",0.114637947620305,0.344593329590686,0.016,0.011,1
"LGALSL","LGALSL",0.114684474625989,-0.587691910298166,0.01,0.015,1
"RBM17","RBM17",0.114836236702101,-0.176651497237134,0.209,0.223,1
"PI4K2B","PI4K2B",0.114941058301532,-0.680404401758568,0.009,0.014,1
"ZNF658","ZNF658",0.115024485315122,-0.303453588724517,0.053,0.063,1
"YARS2","YARS2",0.115108551514134,-0.204210845253358,0.154,0.168,1
"TDG","TDG",0.115267496052857,0.186734359127256,0.13,0.116,1
"TTI1","TTI1",0.115484467669185,0.143385796021003,0.195,0.177,1
"ENSG00000259862","ENSG00000259862",0.115605390328315,0.765984828269585,0.014,0.01,1
"PDHA1","PDHA1",0.115731190488159,0.249962366064604,0.091,0.079,1
"FAM98B","FAM98B",0.115776085080954,0.21865796069111,0.13,0.115,1
"NT5C3A","NT5C3A",0.115793930737859,0.130661272326597,0.206,0.189,1
"CASP2","CASP2",0.115811579151228,0.139623064988341,0.11,0.097,1
"ENSG00000225408","ENSG00000225408",0.115959337020531,0.361824651056322,0.018,0.012,1
"MORN1","MORN1",0.115973742141477,-0.482802763181473,0.018,0.024,1
"DIP2C-AS2","DIP2C-AS2",0.116149802714269,-0.298432999569574,0.129,0.141,1
"ENSG00000270316","ENSG00000270316",0.116414584303122,0.364402267719865,0.086,0.075,1
"CAVIN1","CAVIN1",0.116418918150365,-0.28525588207121,0.114,0.126,1
"ZNF727","ZNF727",0.116470559361365,0.253134704386723,0.116,0.103,1
"C21orf91","C21orf91",0.116566367113976,-0.139086962818364,0.344,0.357,1
"GSN-AS1","GSN-AS1",0.116581455335141,-0.571752895637844,0.017,0.023,1
"ARRDC3-AS1","ARRDC3-AS1",0.116753144123496,-0.579242550848999,0.013,0.018,1
"CERS3","CERS3",0.11677911456431,-0.817144348273652,0.009,0.014,1
"CNDP2","CNDP2",0.11691706971501,-0.128190878464583,0.27,0.283,1
"DDO","DDO",0.116920506983681,-0.142477264802709,0.053,0.064,1
"DNALI1","DNALI1",0.11692372310067,-0.547877148789072,0.009,0.014,1
"FSIP2-AS2","FSIP2-AS2",0.116966571981183,-0.284605416392063,0.065,0.076,1
"POLR3F","POLR3F",0.117393228586162,-0.100587964445696,0.049,0.059,1
"SORBS2","SORBS2",0.117427208180648,-0.547305472751543,0.015,0.021,1
"LENG9","LENG9",0.117428488767168,0.170064971443868,0.032,0.025,1
"CHMP3","CHMP3",0.117445164116696,0.274321229894184,0.044,0.036,1
"HLF","HLF",0.117524489442126,0.204913949952556,0.026,0.019,1
"PDC-AS1","PDC-AS1",0.117532580798864,-0.183108838694791,0.17,0.183,1
"ENSG00000234509","ENSG00000234509",0.117547625994216,0.346138817279984,0.018,0.012,1
"CRNKL1","CRNKL1",0.117862731391486,0.115485893182265,0.079,0.067,1
"PKD1L3","PKD1L3",0.117891046607437,0.367909026834208,0.022,0.016,1
"RMI1","RMI1",0.118093789056913,-0.264896660810631,0.063,0.074,1
"RAP1GAP","RAP1GAP",0.118173378000001,-0.340835105483768,0.07,0.08,1
"ENSG00000281538","ENSG00000281538",0.118265728684339,-0.427883353841746,0.012,0.017,1
"ZNF180","ZNF180",0.118490912028479,0.107696134659263,0.058,0.049,1
"FAM131A","FAM131A",0.118534295441237,0.133023753207341,0.096,0.083,1
"ZNF76","ZNF76",0.118534373005766,0.159473287591521,0.167,0.152,1
"GCC1","GCC1",0.118608077708649,0.314685285722683,0.022,0.016,1
"EPB41L3","EPB41L3",0.118737005091896,-0.107469500344161,0.471,0.478,1
"TMEM101","TMEM101",0.119017854098194,-0.285465346711227,0.037,0.045,1
"BAG4","BAG4",0.119037367328946,0.149711411342913,0.111,0.097,1
"INSIG2","INSIG2",0.119130642794053,0.210291265222274,0.104,0.092,1
"CAMK2N2","CAMK2N2",0.119214692321224,0.692847702963857,0.013,0.008,1
"TADA2B","TADA2B",0.119257622774754,-0.45920601543965,0.024,0.031,1
"IL13RA1","IL13RA1",0.119266540691505,-0.313831719921204,0.025,0.032,1
"PSG8-AS1","PSG8-AS1",0.119518643968237,0.163154398130544,0.046,0.037,1
"NUDCD1","NUDCD1",0.119596332869924,0.220830493259176,0.087,0.075,1
"ENSG00000223910","ENSG00000223910",0.119684015122413,-0.562492469938629,0.012,0.017,1
"ENSG00000225313","ENSG00000225313",0.11971898561355,0.101456291772052,0.038,0.03,1
"ENSG00000254561","ENSG00000254561",0.119951290660573,0.923441093746202,0.011,0.007,1
"ENSG00000259595","ENSG00000259595",0.120007268721414,-0.2390209763522,0.036,0.045,1
"DHRS1","DHRS1",0.120232116087462,-0.289543311200966,0.048,0.057,1
"GTPBP3","GTPBP3",0.120253954224692,-0.701143198096831,0.028,0.036,1
"TMSB10","TMSB10",0.120303882608956,-0.215915692629992,0.072,0.084,1
"NCBP2AS2","NCBP2AS2",0.120305900612459,0.131801320392556,0.052,0.043,1
"INTS15","INTS15",0.120337079419014,-0.262920581604243,0.091,0.103,1
"ZNF230","ZNF230",0.120357899894324,0.386027438801713,0.028,0.021,1
"MRPL42","MRPL42",0.120368262572328,0.159734225340755,0.185,0.169,1
"AK7","AK7",0.120378464905378,-0.325557532223416,0.031,0.039,1
"ENSG00000276250","ENSG00000276250",0.12045377252155,0.489253905007855,0.016,0.011,1
"LOC105369911","LOC105369911",0.120471828411605,0.23073454132145,0.014,0.01,1
"ERICH3","ERICH3",0.120524404730329,0.740586696136551,0.011,0.007,1
"TRAPPC3","TRAPPC3",0.120552010321331,-0.399065445465503,0.079,0.089,1
"DRC11","DRC11",0.120606358770546,-0.584549354043053,0.014,0.02,1
"ADGRA3","ADGRA3",0.120610400043453,-0.679891556803468,0.02,0.027,1
"LINC02199","LINC02199",0.120634377049752,-0.185294452618507,0.114,0.128,1
"YTHDF1","YTHDF1",0.120659250238534,0.103358172925951,0.143,0.128,1
"TMEM44","TMEM44",0.120674264453889,0.445705645035974,0.011,0.007,1
"SPRING1","SPRING1",0.120774774839124,-0.381098135312299,0.044,0.053,1
"SSU72","SSU72",0.120854116294581,0.164990104857532,0.149,0.134,1
"FBXL13","FBXL13",0.121052833267829,-0.37095742565869,0.103,0.115,1
"ENSG00000257322","ENSG00000257322",0.121056596062581,-0.297607519528408,0.028,0.035,1
"SLC22A4","SLC22A4",0.121091520858492,-0.510753514792819,0.014,0.02,1
"PDPR","PDPR",0.121103609260393,0.11422155162366,0.25,0.229,1
"ENSG00000267811","ENSG00000267811",0.121174851335484,0.703923140924642,0.011,0.007,1
"YIPF6","YIPF6",0.121226285072495,0.130896296522844,0.177,0.161,1
"AP1G2-AS1","AP1G2-AS1",0.121270364374131,-1.2053256048382,0.007,0.011,1
"PITHD1","PITHD1",0.121463607767645,0.123866427654964,0.157,0.139,1
"VCPKMT","VCPKMT",0.12158183543022,0.126941361542722,0.104,0.091,1
"ENSG00000260981","ENSG00000260981",0.121601625947299,0.510512451866346,0.011,0.007,1
"GINS4","GINS4",0.121625818741318,-0.451961101203595,0.012,0.017,1
"HSPBP1","HSPBP1",0.121684330620997,0.103265742564316,0.071,0.06,1
"TUBG1","TUBG1",0.121715276823225,0.407466166883865,0.022,0.017,1
"ENOPH1","ENOPH1",0.121802358116421,-0.198684547493567,0.16,0.174,1
"NRG4","NRG4",0.121814358321312,0.508771547486176,0.017,0.012,1
"LHFPL3","LHFPL3",0.121881834547799,-0.525155468580769,0.059,0.069,1
"ENSG00000230612","ENSG00000230612",0.121895674525936,0.165238973889918,0.029,0.023,1
"AGT","AGT",0.121955979272572,-0.193579795793501,0.063,0.074,1
"STT3A","STT3A",0.122003150373522,0.212982073743382,0.08,0.068,1
"FNBP1L","FNBP1L",0.122064753638863,-0.205312636476314,0.015,0.021,1
"ENSG00000230648","ENSG00000230648",0.122097758447395,-0.356052367461376,0.009,0.013,1
"NFATC2IP","NFATC2IP",0.122103261811318,-0.211473809998601,0.178,0.193,1
"LYSMD4","LYSMD4",0.122140852808586,-0.34703681812784,0.068,0.078,1
"BLTP2","BLTP2",0.122166076531577,0.120012640443451,0.151,0.135,1
"C2orf72","C2orf72",0.122185764941393,-0.321848832745502,0.093,0.104,1
"MRPL24","MRPL24",0.122197659274022,-0.205521256310707,0.07,0.081,1
"MYO19","MYO19",0.122274029460672,0.163755005156148,0.178,0.162,1
"SEMA6C","SEMA6C",0.122352547755041,-0.686657376143968,0.011,0.016,1
"ENSG00000234185","ENSG00000234185",0.12238313268107,0.328624904140957,0.025,0.019,1
"MTMR12","MTMR12",0.122417209940359,0.130365849152502,0.188,0.172,1
"PROX1","PROX1",0.122455072072457,-0.121741660433808,0.412,0.422,1
"RGS22","RGS22",0.122483979912744,0.424453812556721,0.011,0.007,1
"PTOV1-AS1","PTOV1-AS1",0.122682689981203,0.421316676411719,0.041,0.033,1
"LAMTOR1","LAMTOR1",0.122789405879893,-0.166410345404532,0.166,0.179,1
"NPIPB3","NPIPB3",0.123154173586294,-0.561089098927254,0.011,0.016,1
"SLC12A8","SLC12A8",0.123289693774536,-0.210812706681092,0.014,0.01,1
"ENSG00000284057","ENSG00000284057",0.123301130434621,0.336800285234653,0.033,0.026,1
"RHOF","RHOF",0.123393497333199,0.890385899475266,0.014,0.01,1
"ATCAY","ATCAY",0.123490298160841,-1.0516498703414,0.007,0.011,1
"FBXO38","FBXO38",0.123548977650565,-0.133604378465488,0.184,0.199,1
"CAPN7","CAPN7",0.123671981797059,-0.12231552515066,0.387,0.394,1
"RFWD3","RFWD3",0.12380612402959,-0.241008474603829,0.116,0.129,1
"ENSG00000254885","ENSG00000254885",0.123959895245891,-0.578134838379513,0.011,0.016,1
"POLI","POLI",0.12415299241975,-0.180849288205396,0.14,0.154,1
"NFATC2IP-AS1","NFATC2IP-AS1",0.12420045788125,0.571401985023545,0.014,0.01,1
"TESK2","TESK2",0.124202186842498,-0.104011905393773,0.53,0.544,1
"TP53BP2","TP53BP2",0.124211201411092,-0.179099580073513,0.155,0.169,1
"RGS2","RGS2",0.12443335840586,0.507931936264825,0.014,0.01,1
"PLCB1","PLCB1",0.12445080909839,-0.57124856123886,0.029,0.036,1
"BLVRA","BLVRA",0.1246575959424,0.470478435206558,0.018,0.013,1
"ENSG00000284721","ENSG00000284721",0.124725960224672,-0.330269633710919,0.012,0.017,1
"GNL3","GNL3",0.124742193049301,0.218995444267548,0.081,0.07,1
"ZNF534","ZNF534",0.124813554016083,-0.590848031242962,0.013,0.019,1
"URB1","URB1",0.124858149653643,0.161158107189444,0.197,0.18,1
"STK25","STK25",0.125019088054511,-0.182149207699308,0.16,0.174,1
"TMEM222","TMEM222",0.12517764582136,-0.210312994586551,0.123,0.135,1
"CA3","CA3",0.125293122954174,0.353761468781778,0.027,0.021,1
"ZNF845","ZNF845",0.125379626215452,0.366959152483476,0.032,0.025,1
"ENSG00000281016","ENSG00000281016",0.125457863160928,-0.519742203991045,0.016,0.022,1
"GUSB","GUSB",0.125472233186793,0.140649090406768,0.117,0.104,1
"BRICD5","BRICD5",0.125492639465918,0.294569205247292,0.052,0.043,1
"TIMM29","TIMM29",0.125574117640084,0.119468570672574,0.066,0.056,1
"FKBP7","FKBP7",0.125615833460143,0.298209695820633,0.022,0.017,1
"MLEC","MLEC",0.125658962415548,0.14384326692901,0.193,0.175,1
"ENSG00000232406","ENSG00000232406",0.125682740012563,-0.335099141260107,0.037,0.045,1
"DPH2","DPH2",0.125788901134472,-0.469312109620573,0.016,0.022,1
"PIK3CA-DT","PIK3CA-DT",0.125953438977585,-0.480109283318301,0.029,0.036,1
"ZNF205","ZNF205",0.126202745587486,-0.457837564479187,0.04,0.048,1
"ADGRL2","ADGRL2",0.126283044286216,-0.96167856158356,0.013,0.018,1
"ENSG00000279833","ENSG00000279833",0.126442139794782,0.189301005531085,0.044,0.036,1
"C17orf58","C17orf58",0.126602048905776,-0.997586174564279,0.006,0.01,1
"APCDD1","APCDD1",0.126666902803649,-0.394426350599097,0.079,0.089,1
"CRTAP","CRTAP",0.126776226116686,-0.170087321114519,0.076,0.087,1
"PRMT9","PRMT9",0.126830160594581,0.121228629469021,0.094,0.081,1
"LINC02932","LINC02932",0.126979344104215,-1.13886078919272,0.006,0.01,1
"CEMIP","CEMIP",0.127076750494172,-0.338831545037799,0.027,0.035,1
"B3GALT9","B3GALT9",0.127367785827726,0.333912107513775,0.014,0.01,1
"PPIL6","PPIL6",0.127400127187726,-0.466621991158634,0.039,0.047,1
"C1S","C1S",0.127404112096197,0.291976566788914,0.073,0.063,1
"CATSPERT","CATSPERT",0.127647604801823,-0.149570003639277,0.156,0.171,1
"CYP2J2","CYP2J2",0.127700964943755,-0.142362540274485,0.328,0.341,1
"ZNF593","ZNF593",0.127820894553616,0.373750746819385,0.03,0.023,1
"FILIP1L","FILIP1L",0.127834250789973,-0.276054636124093,0.053,0.062,1
"STPG1","STPG1",0.127975424404785,0.115497651593893,0.148,0.133,1
"ENSG00000260018","ENSG00000260018",0.128272881491016,-0.443295446845311,0.007,0.011,1
"ENSG00000267314","ENSG00000267314",0.1282945164172,0.556632023742026,0.012,0.008,1
"SAMD13","SAMD13",0.128342422413204,-0.164520687286366,0.09,0.103,1
"GULP1","GULP1",0.128348464846152,-0.287839115860857,0.007,0.011,1
"NDUFA13","NDUFA13",0.128409471961517,-0.622459133336245,0.006,0.01,1
"BASP1","BASP1",0.128568213554243,-0.675182578092955,0.015,0.021,1
"C1D","C1D",0.128568875122958,-0.242786672265412,0.121,0.134,1
"VPS26A","VPS26A",0.128580168147362,-0.197634021868991,0.175,0.189,1
"ODAPH","ODAPH",0.128797970646382,-0.543499630735523,0.018,0.024,1
"CHTF18","CHTF18",0.12882168925726,0.583789080680131,0.021,0.015,1
"EEA1","EEA1",0.128905332509018,-0.112011173024241,0.362,0.375,1
"HBS1L","HBS1L",0.129103000139826,-0.121956639412114,0.621,0.63,1
"FREM3","FREM3",0.129190194930958,-0.672503234381808,0.006,0.01,1
"CACNG8","CACNG8",0.129279243929541,-0.716375172632059,0.006,0.01,1
"SMIM5","SMIM5",0.129341573391136,-0.220450520720165,0.112,0.124,1
"ATP2A1","ATP2A1",0.12955665848622,0.142933810215176,0.021,0.016,1
"CACNA2D4","CACNA2D4",0.12968948255782,-0.345772482517596,0.007,0.011,1
"ENSG00000274441","ENSG00000274441",0.129697760395988,-0.575229194876925,0.013,0.018,1
"ENSG00000271918","ENSG00000271918",0.129717007802871,-0.210869957509663,0.011,0.016,1
"FAF1-AS1","FAF1-AS1",0.129818713442763,-0.585706733751143,0.006,0.01,1
"MANEA","MANEA",0.1298543025754,0.155006720986028,0.076,0.065,1
"FBXO17","FBXO17",0.129980894617754,0.512785469882308,0.01,0.007,1
"F8","F8",0.130194307605726,-0.348194571547563,0.033,0.041,1
"WASHC2C","WASHC2C",0.130220080429708,0.138308479670032,0.134,0.12,1
"PCOLCE2","PCOLCE2",0.130224460941863,0.425891658428959,0.01,0.007,1
"ETV4","ETV4",0.130239415564638,-0.464074699688846,0.018,0.023,1
"PDZD8","PDZD8",0.130265483340379,-0.166813774430284,0.249,0.263,1
"VSIG10L","VSIG10L",0.130278635179626,0.384091034715062,0.01,0.007,1
"TWNK","TWNK",0.130305728725725,0.458323351865849,0.01,0.007,1
"C12orf75","C12orf75",0.130373481459381,0.577132493469237,0.01,0.007,1
"MRPL37","MRPL37",0.1305754579563,-0.151030605685519,0.048,0.057,1
"WDR77","WDR77",0.130584484069617,-0.457946839586624,0.02,0.026,1
"CNGB3","CNGB3",0.130801350529692,0.43707394955254,0.021,0.015,1
"TECTA","TECTA",0.130993470932514,-0.670556142308754,0.013,0.018,1
"FAM50B","FAM50B",0.131249485848963,-0.334950735722777,0.022,0.028,1
"MFHAS1","MFHAS1",0.131339543820125,0.151391404107978,0.044,0.036,1
"MFF","MFF",0.131341430406745,-0.120347876840329,0.417,0.42,1
"ARHGEF40","ARHGEF40",0.131350332317685,-0.254916202434181,0.038,0.046,1
"CAND1","CAND1",0.131379519234419,-0.131429970813679,0.259,0.274,1
"ODC1","ODC1",0.13170313426157,-0.484483596209305,0.013,0.018,1
"HILPDA","HILPDA",0.131746124737254,0.530340327705054,0.026,0.02,1
"KLHL18","KLHL18",0.131766539651551,-0.359072684913806,0.126,0.138,1
"TIPRL","TIPRL",0.132000954627047,-0.231529963114876,0.113,0.125,1
"FOXO6","FOXO6",0.132178183082519,0.327364193706793,0.017,0.012,1
"HDDC3","HDDC3",0.132184293553581,-0.347875676111386,0.028,0.035,1
"ZNF804B","ZNF804B",0.132299651659232,0.310468311039108,0.018,0.013,1
"CCDC92","CCDC92",0.13237273780157,0.134020231832502,0.409,0.391,1
"ZNF41","ZNF41",0.132405302312366,-0.319131681469555,0.084,0.095,1
"FANCA","FANCA",0.132452637457537,-0.744137667252464,0.013,0.018,1
"TAMM41","TAMM41",0.132621008765296,-0.173210625551129,0.189,0.201,1
"EXOC8","EXOC8",0.132675749049568,0.240134016846422,0.044,0.036,1
"ENSG00000257999","ENSG00000257999",0.13270647522964,0.331733977916615,0.017,0.012,1
"CBLL1-AS1","CBLL1-AS1",0.132836745639362,0.567648470392441,0.013,0.009,1
"MANBAL","MANBAL",0.133090625700125,-0.326410514289893,0.057,0.066,1
"SSU72-AS1","SSU72-AS1",0.13311850895842,0.275860540361179,0.023,0.018,1
"MAGEF1","MAGEF1",0.133121992920804,0.144126891168941,0.048,0.04,1
"GYS1","GYS1",0.133205465567855,0.147452950933959,0.106,0.093,1
"GNE","GNE",0.133220005404278,0.185420726988115,0.176,0.161,1
"CCNG1","CCNG1",0.133268381065838,0.178627935633551,0.067,0.057,1
"INCENP","INCENP",0.133277519072485,0.261712406180085,0.022,0.016,1
"TMEM223","TMEM223",0.133292853657793,0.160517781029879,0.058,0.049,1
"PEX5L-AS2","PEX5L-AS2",0.133483356215815,0.127536986041605,0.031,0.024,1
"CCZ1","CCZ1",0.133554814106449,-0.17989203210093,0.111,0.123,1
"CCNB1IP1","CCNB1IP1",0.133882335289026,-0.178618344159642,0.102,0.114,1
"TXNDC17","TXNDC17",0.133970324271108,-0.490791453024594,0.021,0.027,1
"NSMAF","NSMAF",0.134237097188908,-0.193361940173601,0.215,0.23,1
"DEGS1","DEGS1",0.134378978527773,0.135547909016388,0.149,0.135,1
"TRIQK","TRIQK",0.134466561482288,0.109281461812043,0.242,0.224,1
"RFC1","RFC1",0.134510460884843,-0.101065828450125,0.402,0.414,1
"ITPA","ITPA",0.134592869620054,-0.170354235453871,0.097,0.109,1
"RCBTB1","RCBTB1",0.134605410171963,-0.220848103163174,0.284,0.292,1
"ENSG00000268364","ENSG00000268364",0.134645803368681,0.127913191470827,0.056,0.046,1
"FAM228A","FAM228A",0.134748156989624,-0.782606027386184,0.009,0.014,1
"TMEM86B","TMEM86B",0.134805417972186,-0.55977399921732,0.013,0.018,1
"OXA1L","OXA1L",0.135715337975673,-0.308811416521946,0.07,0.08,1
"SGO2","SGO2",0.135753313234823,0.221443751352039,0.041,0.033,1
"LEPROTL1","LEPROTL1",0.136002330844675,0.167089897289836,0.112,0.099,1
"ENSG00000272821","ENSG00000272821",0.136033057024029,0.109354032465369,0.033,0.026,1
"ZNF334","ZNF334",0.136054566363411,0.129660200605201,0.064,0.054,1
"ARMCX2","ARMCX2",0.13645309138227,0.225524867167513,0.04,0.032,1
"MGAT3","MGAT3",0.136484343397121,0.130028145122618,0.276,0.259,1
"BBOF1","BBOF1",0.136531562940895,-0.418716428751243,0.09,0.101,1
"ZNF793-AS1","ZNF793-AS1",0.13670487220757,0.23816993552051,0.035,0.028,1
"FBXO22","FBXO22",0.136732904608017,-0.163301497891166,0.173,0.187,1
"ENSG00000233143","ENSG00000233143",0.136853898751978,-0.579339655114476,0.009,0.014,1
"ENSG00000272146","ENSG00000272146",0.137157250485803,-0.660482221484163,0.027,0.033,1
"FAM218A","FAM218A",0.13723479385275,-0.350062429746847,0.026,0.033,1
"MRPL57","MRPL57",0.137275739855784,-0.313004307894196,0.091,0.102,1
"ZNF681","ZNF681",0.137298359100647,-0.392981902694936,0.015,0.02,1
"MYO15A","MYO15A",0.137407738476154,0.758940601270067,0.01,0.006,1
"MORC2","MORC2",0.137411038452388,0.106068401069393,0.075,0.064,1
"POLR3D","POLR3D",0.137437164348859,0.311541706848073,0.044,0.036,1
"SYN2","SYN2",0.13778491516946,-0.973571756350652,0.009,0.013,1
"IQCH","IQCH",0.137876589635453,-0.264062446895946,0.038,0.046,1
"NUS1","NUS1",0.137915402950721,-0.208340954993027,0.146,0.159,1
"ATG9A","ATG9A",0.137960424135582,0.55836428759346,0.019,0.014,1
"GSTZ1","GSTZ1",0.137993482693899,-0.26466112656957,0.051,0.06,1
"HECA","HECA",0.138043947161702,0.293563765329941,0.064,0.055,1
"ZFR2","ZFR2",0.13805030886592,0.491262492983404,0.016,0.012,1
"SLC2A12","SLC2A12",0.138122162877237,-0.384089510776486,0.056,0.065,1
"CCDC183","CCDC183",0.13815336262457,0.267915759853757,0.012,0.008,1
"TERF2","TERF2",0.138489217957463,0.201827258964806,0.155,0.141,1
"LINC00504","LINC00504",0.13850719448476,-0.760677311956869,0.017,0.022,1
"ANKRD6","ANKRD6",0.138699199831012,0.178692630795913,0.035,0.028,1
"CHL1","CHL1",0.138758021132167,-0.603387881464222,0.014,0.02,1
"CROT","CROT",0.138768286906134,-0.224004837218309,0.059,0.069,1
"NPB","NPB",0.138773309564201,-0.261653691202347,0.023,0.029,1
"TXN2","TXN2",0.138807937578009,-0.309789647068621,0.102,0.114,1
"ENSG00000276529","ENSG00000276529",0.13881086048729,0.46887057050389,0.018,0.013,1
"BMPR2","BMPR2",0.138837775417314,-0.172286803253777,0.261,0.275,1
"SVOPL","SVOPL",0.138856623042618,0.316761808510495,0.01,0.006,1
"SRP72","SRP72",0.139094267324431,-0.255941126664277,0.171,0.183,1
"PDE6A","PDE6A",0.139351915121015,0.349957992856448,0.01,0.006,1
"RMDN2","RMDN2",0.139580439854061,-0.383557489362929,0.026,0.033,1
"ZNF517","ZNF517",0.139798271555368,-0.31208006260795,0.017,0.023,1
"PDZRN4","PDZRN4",0.139834647143549,-0.361518626815606,0.026,0.033,1
"ENSG00000267168","ENSG00000267168",0.140055826905072,0.416428554605107,0.019,0.014,1
"LIN7C","LIN7C",0.140102817749301,0.148612910138236,0.086,0.075,1
"BCL9L","BCL9L",0.140111866249678,-0.56053721219877,0.012,0.016,1
"USP6","USP6",0.140155079021416,0.16693837496494,0.049,0.041,1
"MBLAC2","MBLAC2",0.14019409563743,0.224795628173373,0.071,0.061,1
"SMAP2","SMAP2",0.140379427743367,-0.222868189084988,0.147,0.16,1
"CR1","CR1",0.140486702081288,-0.41363418052677,0.03,0.037,1
"LOC105376070","LOC105376070",0.140573480586808,0.124033515169087,0.124,0.111,1
"COL26A1","COL26A1",0.140707035147066,-0.283775101544872,0.012,0.017,1
"LENG1","LENG1",0.140830707738186,0.260410656913676,0.04,0.032,1
"ASB6","ASB6",0.141036212407022,0.336247216042032,0.048,0.04,1
"OR2L2","OR2L2",0.141128627885539,0.190017494461088,0.046,0.038,1
"LAT2","LAT2",0.141134083452955,0.351832978218033,0.02,0.015,1
"SCP2","SCP2",0.14119278619735,-0.174883037761281,0.211,0.224,1
"DAZAP1","DAZAP1",0.141323848554885,-0.132990971162019,0.297,0.309,1
"DNAJC16","DNAJC16",0.141353761545869,-0.262023456087779,0.179,0.191,1
"CES2","CES2",0.141546501151496,-0.310237223639263,0.067,0.077,1
"ENSG00000257271","ENSG00000257271",0.141699445040222,-0.850724161719275,0.011,0.016,1
"CENPT","CENPT",0.141850079413336,0.223718693899282,0.049,0.041,1
"CCDC142","CCDC142",0.141859875782801,0.273156264825134,0.051,0.042,1
"YPEL3-DT","YPEL3-DT",0.141967050137023,0.540080115338489,0.032,0.025,1
"TMEM220","TMEM220",0.142110515635815,-0.987897494988307,0.008,0.012,1
"FAM210A","FAM210A",0.142226761046601,0.103781546500765,0.145,0.129,1
"AGBL5","AGBL5",0.142274131595041,0.128609198228235,0.065,0.055,1
"MVB12A","MVB12A",0.142403681032109,0.109534023328112,0.07,0.059,1
"RIMKLB","RIMKLB",0.142557497019857,0.244076833227562,0.029,0.023,1
"SERPINE2","SERPINE2",0.142667349379259,-0.242706265927771,0.044,0.053,1
"GGACT","GGACT",0.142769441481005,-0.122441435311245,0.088,0.099,1
"GRK4","GRK4",0.142929902087885,0.119336735853339,0.179,0.163,1
"EGLN3","EGLN3",0.143098868105319,0.106618818321774,0.249,0.23,1
"NUFIP1","NUFIP1",0.143187451091937,0.254567706994324,0.067,0.057,1
"TMEM232","TMEM232",0.143195600263988,-0.195908738814887,0.197,0.211,1
"CIBAR1-DT","CIBAR1-DT",0.143612651533296,-0.53045880034739,0.014,0.019,1
"ARHGEF4","ARHGEF4",0.144123346422689,-0.14638701844193,0.102,0.114,1
"CNEP1R1","CNEP1R1",0.144197012916786,0.148191008276848,0.057,0.048,1
"ZNF668","ZNF668",0.144448852064215,0.200814982633453,0.037,0.03,1
"STMN3","STMN3",0.144659605047094,0.240846254505029,0.045,0.038,1
"THAP7","THAP7",0.145007180971541,0.243045492578951,0.059,0.05,1
"ENSG00000267317","ENSG00000267317",0.145100526669586,0.518269377619468,0.014,0.01,1
"NBPF26","NBPF26",0.145280296901216,0.687738195644632,0.011,0.008,1
"LOC102723566","LOC102723566",0.145356036442929,-0.655222712464889,0.018,0.023,1
"NUP43","NUP43",0.145501845813196,-0.216806938378252,0.101,0.113,1
"DMGDH","DMGDH",0.145539833212841,-0.35077026800638,0.073,0.083,1
"KCTD4","KCTD4",0.145595208939196,-0.589470639059112,0.021,0.027,1
"LCDR","LCDR",0.145614457247428,-0.662949312602051,0.018,0.023,1
"SIRT3","SIRT3",0.145693240858899,-0.289261046507758,0.058,0.068,1
"ENSG00000273702","ENSG00000273702",0.145830006458228,-0.293518950178426,0.048,0.057,1
"ABCA10","ABCA10",0.145926041731381,-0.330121209105636,0.058,0.067,1
"PWP2","PWP2",0.146038666803401,-0.296396304303009,0.017,0.022,1
"ENSG00000238009","ENSG00000238009",0.146091811378459,0.247985969677211,0.031,0.025,1
"ORMDL3","ORMDL3",0.146119164333291,0.430903295644827,0.03,0.023,1
"MRPS15","MRPS15",0.146147044188558,0.175774787520392,0.062,0.052,1
"CRACD","CRACD",0.146323890695116,-0.47883549378652,0.028,0.035,1
"ZNF219","ZNF219",0.146337778359403,0.501169348301731,0.02,0.015,1
"UGDH","UGDH",0.146447479311697,0.156293261414196,0.078,0.067,1
"LRRC20","LRRC20",0.146627192335298,0.194336839910866,0.029,0.023,1
"LOC105379109","LOC105379109",0.146628914704027,0.470814620682326,0.011,0.008,1
"ENSG00000232352","ENSG00000232352",0.146667130484219,-0.664510256989522,0.013,0.018,1
"ATG101","ATG101",0.146882992604391,0.165426927892406,0.041,0.034,1
"NPAS1","NPAS1",0.147193656987652,0.458698408696901,0.011,0.008,1
"WDR35-DT","WDR35-DT",0.147366961508657,-1.21574821949657,0.007,0.011,1
"ZNF786","ZNF786",0.147411059934137,0.23181919050662,0.047,0.039,1
"PITPNC1","PITPNC1",0.147433856248832,0.417447226594989,0.065,0.056,1
"ST3GAL6","ST3GAL6",0.147450728872905,-0.570229038734877,0.053,0.061,1
"EMC10","EMC10",0.147552057341915,-0.196009184517466,0.338,0.346,1
"ZNF850","ZNF850",0.147631107572923,0.3194714374818,0.034,0.027,1
"ZNF394","ZNF394",0.147696035121772,-0.326390623974232,0.071,0.08,1
"MACROH2A2","MACROH2A2",0.147750969686778,0.224147140537957,0.043,0.036,1
"KCNK13","KCNK13",0.147807686769539,-1.15438328564461,0.007,0.011,1
"PTPRH","PTPRH",0.147958954269648,-0.380747866871953,0.046,0.054,1
"ENSG00000237436","ENSG00000237436",0.14802276513839,0.628495496985742,0.013,0.009,1
"PTPN20","PTPN20",0.148129385819637,1.08978889372165,0.013,0.009,1
"PLPBP","PLPBP",0.148178527070506,0.178393281666728,0.089,0.077,1
"FOXK2","FOXK2",0.148265863563378,-0.123783879405003,0.409,0.418,1
"ZNF667-AS1","ZNF667-AS1",0.148519546196758,-0.203629692003358,0.129,0.141,1
"TACO1","TACO1",0.148639136010874,0.171625282024659,0.029,0.023,1
"AURKA","AURKA",0.148685897327726,0.254224417092772,0.016,0.011,1
"STAM-DT","STAM-DT",0.148696892035873,0.157129699212574,0.035,0.028,1
"CNN2","CNN2",0.148821683658637,-0.578261292918271,0.023,0.029,1
"GCC2","GCC2",0.148867337004354,-0.191654929766481,0.302,0.311,1
"LRMDA","LRMDA",0.148935088209118,-0.257672550794739,0.048,0.057,1
"MYCN","MYCN",0.149077069434512,-0.605086082641883,0.022,0.029,1
"ENSG00000267528","ENSG00000267528",0.149132025263037,0.222370456065542,0.021,0.016,1
"GPC6","GPC6",0.149548900529707,0.487976545272567,0.048,0.04,1
"IPPK","IPPK",0.149635078679158,-0.236120600553279,0.129,0.14,1
"ASB1","ASB1",0.149749280477393,0.200944448033076,0.058,0.049,1
"PRUNE1","PRUNE1",0.149866537612184,0.213341030298867,0.058,0.05,1
"EIF3J-DT","EIF3J-DT",0.14989067621025,0.114304703085186,0.175,0.16,1
"PHF11","PHF11",0.149980947086429,-0.165978144386766,0.13,0.143,1
"ARHGAP6","ARHGAP6",0.150003609289446,-0.379315002880578,0.011,0.016,1
"RFX8","RFX8",0.150013648753309,-1.20680355185563,0.007,0.01,1
"SLC18B1","SLC18B1",0.15005432880387,-0.671085600826891,0.007,0.011,1
"NEMP2","NEMP2",0.150074504856473,-0.372898679851659,0.025,0.031,1
"MYH3","MYH3",0.150081573348088,0.276626145943617,0.028,0.022,1
"TRAF5","TRAF5",0.150417313627167,-0.680579906624273,0.007,0.011,1
"SGMS2","SGMS2",0.150597081988415,0.110711396648028,0.053,0.044,1
"ATP1B2","ATP1B2",0.150642030343692,-0.442717257609734,0.015,0.021,1
"PSAT1","PSAT1",0.15066492033567,0.105948250144969,0.403,0.381,1
"ANAPC1","ANAPC1",0.150680142314604,-0.201756355558198,0.306,0.319,1
"ENSG00000258077","ENSG00000258077",0.15073293642347,0.679065415446834,0.013,0.009,1
"LINC00106","LINC00106",0.150972603650191,-0.321372073094117,0.06,0.07,1
"COX6C","COX6C",0.150990432780839,-0.183049181609856,0.169,0.183,1
"ENSG00000261671","ENSG00000261671",0.151005087380141,-0.587478916469871,0.007,0.011,1
"MORC2-AS1","MORC2-AS1",0.151040641230694,-0.403919879271719,0.011,0.015,1
"DCTN4","DCTN4",0.151083828694109,-0.189850132977644,0.284,0.293,1
"VIRMA-DT","VIRMA-DT",0.15131675977746,0.199425275495491,0.078,0.068,1
"RADIL","RADIL",0.151517077814338,0.443410515986136,0.038,0.031,1
"ZNF674","ZNF674",0.151707902068809,-0.364952538773752,0.058,0.066,1
"ENSG00000236017","ENSG00000236017",0.15181204676377,-0.358003728688884,0.019,0.025,1
"NIBAN3","NIBAN3",0.151886360545528,0.274827018709789,0.018,0.014,1
"SCNM1","SCNM1",0.151890495901173,-0.474020570017609,0.05,0.058,1
"SKAP1","SKAP1",0.152005185502126,-1.18285726468435,0.006,0.01,1
"ENSG00000261312","ENSG00000261312",0.152197371312101,0.494749721903751,0.013,0.009,1
"DUSP28","DUSP28",0.152251704167619,0.203897858184044,0.018,0.014,1
"ENSG00000272010","ENSG00000272010",0.152322382028357,-0.902358460429387,0.007,0.01,1
"TACR3","TACR3",0.152752878253211,0.261746843519954,0.079,0.069,1
"MC1R","MC1R",0.152816453909751,-0.744389723728695,0.007,0.01,1
"HS6ST3","HS6ST3",0.152819977484218,0.269180183448011,0.023,0.018,1
"GATAD1","GATAD1",0.152977129336479,-0.112347831577505,0.398,0.405,1
"ZPR1","ZPR1",0.153068607554445,0.29391049306217,0.047,0.039,1
"FXYD7","FXYD7",0.153252802354721,-0.886767713378902,0.01,0.014,1
"SLAIN2","SLAIN2",0.153386805621672,-0.135078528856623,0.192,0.207,1
"ZNF112","ZNF112",0.153391473018211,0.242781789036708,0.028,0.022,1
"IL18BP","IL18BP",0.153501616533364,0.905736347134799,0.011,0.007,1
"ZNF789","ZNF789",0.153690276477264,-0.203022348531242,0.116,0.127,1
"MAPK13","MAPK13",0.153779013964597,-0.504381219969346,0.007,0.01,1
"DDAH2","DDAH2",0.153884157399719,0.64141694485279,0.017,0.012,1
"GOT1-DT","GOT1-DT",0.154032922167699,-0.32158585011407,0.058,0.068,1
"RIMS1","RIMS1",0.154050824935264,-0.240112548464778,0.142,0.154,1
"WASHC4","WASHC4",0.154080935399162,-0.103251746575856,0.375,0.386,1
"GALNT16","GALNT16",0.15424755844166,0.644479385548692,0.011,0.007,1
"CADPS","CADPS",0.154469677888692,-0.511097314578753,0.024,0.031,1
"ZNF266","ZNF266",0.154488515468989,-0.254748533801813,0.1,0.111,1
"ENSG00000242154","ENSG00000242154",0.154569328421833,-0.732339990539043,0.01,0.014,1
"LOC124909376","LOC124909376",0.154590155061698,-0.833878814440246,0.006,0.01,1
"TMEM169","TMEM169",0.154605777724915,0.122142103044938,0.061,0.052,1
"VPS16","VPS16",0.154700773093618,0.187055495134859,0.033,0.027,1
"SMYD5","SMYD5",0.154723806818251,-0.512779004114545,0.031,0.038,1
"CYB5D1","CYB5D1",0.154868599417864,-0.817797231015384,0.01,0.014,1
"NAA60","NAA60",0.154892613363461,0.171490150176876,0.078,0.068,1
"OSER1-DT","OSER1-DT",0.154926010237612,0.153643835149683,0.1,0.088,1
"CYBC1","CYBC1",0.155032360154917,-0.171813848428131,0.114,0.126,1
"CEACAM19","CEACAM19",0.155199724024404,0.322716000185765,0.026,0.02,1
"SLC25A43","SLC25A43",0.155216708654181,0.346700369953587,0.014,0.01,1
"RBFOX3","RBFOX3",0.155446790359792,0.456480001420336,0.011,0.007,1
"ENSG00000274259","ENSG00000274259",0.155471578351149,-0.536697436737347,0.022,0.028,1
"CCDC180","CCDC180",0.155584751341702,-0.128068281407391,0.117,0.13,1
"TTC32","TTC32",0.155615288478602,-0.278011938118083,0.092,0.102,1
"MEX3C","MEX3C",0.155633442656763,0.26841509040961,0.075,0.065,1
"PHYHD1","PHYHD1",0.155777816718629,0.366559548914955,0.011,0.007,1
"SLC6A13","SLC6A13",0.155913753655208,0.457588101485826,0.015,0.011,1
"ZNF280B","ZNF280B",0.156152291818372,0.425970259879771,0.043,0.036,1
"SLC26A6","SLC26A6",0.156179180695733,0.132111848764452,0.027,0.021,1
"ENSG00000231212","ENSG00000231212",0.156260756195347,-0.443612957177447,0.006,0.01,1
"RRM2B","RRM2B",0.156532945987301,-0.131239183463313,0.074,0.085,1
"ENSG00000257342","ENSG00000257342",0.156608887382848,-0.527460629225808,0.013,0.017,1
"STIM2","STIM2",0.156836982947326,-0.13878802011485,0.332,0.342,1
"EPOR","EPOR",0.156895195434195,0.521510940334686,0.011,0.007,1
"PRR11","PRR11",0.157041990611473,0.215043266298571,0.021,0.016,1
"LMNB2","LMNB2",0.157118067035361,0.31215339633836,0.039,0.032,1
"EMC9","EMC9",0.157197891553509,0.430637568934112,0.014,0.01,1
"ALG1","ALG1",0.157801787224752,0.167575404581958,0.082,0.072,1
"SEC31A","SEC31A",0.157808974393244,-0.132587713058225,0.366,0.376,1
"ENSG00000260657","ENSG00000260657",0.15781407610766,-0.868873069031856,0.009,0.014,1
"STRBP","STRBP",0.157960233784441,0.149702405924616,0.218,0.2,1
"VPS37A","VPS37A",0.158016379022379,0.106725927702707,0.191,0.176,1
"ENSG00000260371","ENSG00000260371",0.15816816642196,0.434574626888593,0.023,0.018,1
"MRPL33","MRPL33",0.158366240963861,-0.334640081437596,0.123,0.134,1
"ENSG00000267360","ENSG00000267360",0.158584428633573,-0.346784021976119,0.017,0.022,1
"IPMK","IPMK",0.159078537447386,0.116671913400664,0.133,0.12,1
"PARP8","PARP8",0.159098200677911,-0.992483776867097,0.009,0.014,1
"CEP78","CEP78",0.159216424218789,0.148001273042442,0.209,0.193,1
"ENSG00000248515","ENSG00000248515",0.159476875790723,-0.310680259190137,0.039,0.046,1
"CNPY1","CNPY1",0.15957748458372,-0.408475167561791,0.037,0.044,1
"EIF2D","EIF2D",0.160025137457951,0.111987950370868,0.128,0.115,1
"IL12B-AS1","IL12B-AS1",0.160238062201403,-0.596708962002688,0.014,0.019,1
"TSSC4","TSSC4",0.16028943293429,-0.389546695779488,0.056,0.065,1
"DRICH1","DRICH1",0.16051281214346,0.679258262543725,0.012,0.008,1
"ENSG00000230606","ENSG00000230606",0.160556186629162,0.100459686404003,0.235,0.219,1
"PUS1","PUS1",0.160600277575945,0.195663898534185,0.06,0.051,1
"ENSG00000271554","ENSG00000271554",0.160771268801263,0.238224982280148,0.039,0.032,1
"TTC33","TTC33",0.160980321614582,0.147408133181004,0.182,0.168,1
"JRKL","JRKL",0.161149369510451,0.334207628058335,0.049,0.041,1
"APOE","APOE",0.161215065435258,-0.153668352749198,0.139,0.125,1
"ERGIC2","ERGIC2",0.161520198334166,-0.149888916297623,0.267,0.279,1
"CIC","CIC",0.161611944472434,0.149552844063889,0.106,0.094,1
"LINC02951","LINC02951",0.161678078329749,-0.596877581840032,0.027,0.034,1
"CTNND1","CTNND1",0.161679620926319,-0.110550286007711,0.15,0.163,1
"CAVIN4","CAVIN4",0.161850525677942,-0.189919991051233,0.13,0.143,1
"NAP1L2","NAP1L2",0.16186854466502,0.348864808187765,0.025,0.02,1
"THNSL1","THNSL1",0.161995429049462,-0.498053906252277,0.023,0.029,1
"PIP4P1","PIP4P1",0.162085411138714,0.155939931327933,0.072,0.062,1
"CORO1B","CORO1B",0.162331768864097,0.1819114045374,0.056,0.048,1
"TSPAN5-DT","TSPAN5-DT",0.162393067085228,0.31272589272144,0.045,0.038,1
"GRIK1","GRIK1",0.162650429920621,-0.596317844021828,0.023,0.029,1
"DKK2","DKK2",0.162791083364408,0.32573626734696,0.018,0.013,1
"HEBP1","HEBP1",0.162829514380701,-0.213597774340404,0.096,0.107,1
"DNAAF5","DNAAF5",0.162854413659784,0.308966374009261,0.077,0.068,1
"ENSG00000282951","ENSG00000282951",0.162914308530801,0.142949221576805,0.017,0.012,1
"SMPDL3A","SMPDL3A",0.163033217049716,-0.519916512607742,0.034,0.041,1
"FADD","FADD",0.163387796872814,0.374630677982623,0.022,0.016,1
"TCTA","TCTA",0.163469814192204,-0.104461678544675,0.098,0.109,1
"ENSG00000174680","ENSG00000174680",0.163512512243211,0.259438166126453,0.019,0.014,1
"THAP9","THAP9",0.16351506363067,0.139671714544026,0.103,0.091,1
"ENSG00000250602","ENSG00000250602",0.163568557555299,-0.329592353949947,0.009,0.014,1
"LOC105374338","LOC105374338",0.163781742902147,0.252367908334798,0.012,0.008,1
"ZNF485","ZNF485",0.163906146592415,-0.562305228697748,0.023,0.029,1
"ETAA1","ETAA1",0.164020456588194,-0.263166810603561,0.082,0.092,1
"DTX2","DTX2",0.164099283127684,0.190060233472014,0.111,0.099,1
"ENSG00000227028","ENSG00000227028",0.164190930738744,0.554137878054244,0.01,0.007,1
"FAM227A","FAM227A",0.164236974085009,0.373562037077734,0.027,0.022,1
"FAXC","FAXC",0.164315728066477,0.354614114057866,0.02,0.015,1
"ZNF780A","ZNF780A",0.16433161778012,0.406444690654013,0.052,0.044,1
"PSMD6","PSMD6",0.164367247225409,0.102973303004261,0.076,0.065,1
"MDM2","MDM2",0.164520798414891,-0.143903587992736,0.325,0.338,1
"ENSG00000231113","ENSG00000231113",0.164569456199526,0.351128139197483,0.032,0.026,1
"ENSG00000259560","ENSG00000259560",0.164698710587753,0.516732931192704,0.013,0.01,1
"SLC71A1","SLC71A1",0.16483582255102,-0.477733267805245,0.009,0.013,1
"ARNT","ARNT",0.164871881063183,-0.139481858196137,0.251,0.263,1
"ARHGEF6","ARHGEF6",0.164887747466996,0.28015387563004,0.037,0.03,1
"COQ10A","COQ10A",0.164892959204242,0.33037536333189,0.013,0.01,1
"MAP3K7CL","MAP3K7CL",0.164904822256265,0.147379665574275,0.035,0.028,1
"RRAGA","RRAGA",0.165125874250975,0.164266428972629,0.11,0.098,1
"TMEM54","TMEM54",0.165226358051764,0.377986204916834,0.013,0.01,1
"ENSG00000255139","ENSG00000255139",0.165285265944807,-0.586695947770672,0.014,0.019,1
"GLS2","GLS2",0.165525309930519,-0.410334895716825,0.012,0.016,1
"ATL3","ATL3",0.165582817072641,-0.110945532866424,0.182,0.195,1
"SS18L1","SS18L1",0.165597503541611,-0.241495852592188,0.164,0.176,1
"EDRF1-DT","EDRF1-DT",0.165625068994932,-0.655395545106845,0.011,0.016,1
"ZNF143-AS1","ZNF143-AS1",0.165763944013452,-0.259295740286317,0.038,0.045,1
"TMEM70","TMEM70",0.1659775936811,0.474310558562779,0.033,0.027,1
"NDUFAF1","NDUFAF1",0.166039489645846,0.102711408127378,0.062,0.053,1
"PLK3","PLK3",0.166454199844403,-0.397638494177863,0.009,0.013,1
"KLHL13","KLHL13",0.166636250389319,-0.401736188123073,0.043,0.051,1
"ICMT","ICMT",0.166689317675079,0.212199455817327,0.056,0.047,1
"RIMS2","RIMS2",0.166695730083162,-0.194695610194204,0.036,0.044,1
"SF3A2","SF3A2",0.166812249319821,-0.359321151052843,0.082,0.091,1
"TMEM50A","TMEM50A",0.167015216660619,-0.132658268682118,0.18,0.194,1
"ACOXL","ACOXL",0.16702460641487,0.406664863623869,0.01,0.007,1
"SUCO","SUCO",0.167209470831204,-0.199434570319348,0.257,0.268,1
"ENSG00000284726","ENSG00000284726",0.167284024868533,0.494498762499232,0.01,0.007,1
"ENSG00000257303","ENSG00000257303",0.167444114691342,-0.352400205253408,0.016,0.021,1
"KGD4","KGD4",0.167461238658192,0.206063645184086,0.094,0.084,1
"NXT2","NXT2",0.167476304665259,0.485738830724661,0.016,0.012,1
"TMEM244","TMEM244",0.167478576414771,-0.366234419833683,0.056,0.065,1
"RSPH3","RSPH3",0.167928733823276,0.155805525234293,0.044,0.037,1
"KANSL3","KANSL3",0.167943005307311,-0.190105469495956,0.21,0.223,1
"TMEM97","TMEM97",0.16798565528831,0.308742353528231,0.016,0.012,1
"DNAJC22","DNAJC22",0.168047989356642,-0.152435293086143,0.058,0.067,1
"ENSG00000237978","ENSG00000237978",0.168066194689048,0.271287860409417,0.033,0.027,1
"CHM","CHM",0.168080856939919,-0.138899050877841,0.28,0.294,1
"SPAG6","SPAG6",0.168115306918033,-0.229813856066149,0.042,0.05,1
"LYPLAL1-DT","LYPLAL1-DT",0.168241869010985,-0.454205633386442,0.021,0.027,1
"ARL2BP","ARL2BP",0.168569751914992,-0.21549252389074,0.157,0.169,1
"FANK1","FANK1",0.168659995174053,0.431558128042857,0.032,0.026,1
"ZBTB33","ZBTB33",0.168697044238877,0.244218520840397,0.036,0.029,1
"PHEX-AS1","PHEX-AS1",0.168744946408572,-0.542785084177796,0.019,0.025,1
"HMBS","HMBS",0.168746102955325,0.107441368087164,0.067,0.057,1
"KRTAP5-AS1","KRTAP5-AS1",0.168969703506928,-0.553457786084171,0.013,0.018,1
"DCN","DCN",0.16906593440414,0.643031540187449,0.012,0.008,1
"PLPP5","PLPP5",0.169087936790564,0.472272732542391,0.027,0.021,1
"RNASEH1-DT","RNASEH1-DT",0.169140048792525,0.190123473529358,0.056,0.048,1
"C5AR1","C5AR1",0.169175963408228,-0.629075803670743,0.009,0.012,1
"ENSG00000230074","ENSG00000230074",0.169486972831634,0.478998318751884,0.021,0.016,1
"ENPP1","ENPP1",0.169993375471678,-0.210637148428434,0.01,0.007,1
"E4F1","E4F1",0.17000085512844,-0.388149235057068,0.036,0.043,1
"ENSG00000260267","ENSG00000260267",0.170797179292404,-0.496178143398712,0.013,0.018,1
"LIN9","LIN9",0.171046753570848,0.191842270539417,0.03,0.024,1
"ANKRD31","ANKRD31",0.171079957064345,0.123025864892494,0.044,0.037,1
"ATP8B1","ATP8B1",0.171125734231917,0.159418480394618,0.025,0.02,1
"RAB11FIP5","RAB11FIP5",0.17152165668656,0.662374060815248,0.012,0.008,1
"KIF20B","KIF20B",0.171676383221035,-0.237817432032251,0.027,0.033,1
"CHST2","CHST2",0.171775079994551,0.224799061498593,0.031,0.025,1
"ENSG00000268870","ENSG00000268870",0.171958196986274,0.131571660658163,0.033,0.027,1
"CNIH1","CNIH1",0.172086272233904,-0.368807392801877,0.101,0.11,1
"RCAN3","RCAN3",0.172429164212871,-0.183465372509651,0.138,0.15,1
"EFCAB13","EFCAB13",0.172786406050407,0.299722603464105,0.061,0.052,1
"MALT1","MALT1",0.173055098878094,0.120571428497243,0.081,0.071,1
"ENSG00000272732","ENSG00000272732",0.173327382891766,-0.230841430124235,0.016,0.021,1
"LINC02177","LINC02177",0.173441769955003,-0.152028040680183,0.12,0.131,1
"THRAP3","THRAP3",0.173508110171391,-0.16490123606693,0.302,0.31,1
"SAMMSON","SAMMSON",0.17352214730109,-0.606658258899371,0.143,0.152,1
"ENSG00000271971","ENSG00000271971",0.173600157395507,0.100309353504675,0.016,0.012,1
"ENSG00000249417","ENSG00000249417",0.17376255992376,-0.409355188935675,0.008,0.012,1
"HLCS","HLCS",0.173794556380278,-0.177381969001428,0.319,0.332,1
"RPH3AL","RPH3AL",0.174158465193664,-0.442999745768978,0.011,0.015,1
"MORN2","MORN2",0.174257565069203,-0.172305435120067,0.013,0.018,1
"ENSG00000280195","ENSG00000280195",0.174687412374198,0.460083731771282,0.02,0.015,1
"MRNIP-DT","MRNIP-DT",0.174933056805136,-0.685914504278091,0.008,0.011,1
"MARCKS","MARCKS",0.175093215078733,-0.347242419984555,0.045,0.053,1
"FCHSD2","FCHSD2",0.175102918537672,-0.335791882593343,0.247,0.256,1
"ENSG00000230303","ENSG00000230303",0.175171798445626,0.226872550950718,0.038,0.031,1
"ENSG00000245322","ENSG00000245322",0.175222045934562,-0.595641284202253,0.03,0.037,1
"ANKHD1-DT","ANKHD1-DT",0.175459911316103,-0.186620689579779,0.135,0.146,1
"ARHGEF28","ARHGEF28",0.175854352495248,0.233838510889045,0.052,0.044,1
"ENSG00000250407","ENSG00000250407",0.176165251539938,-1.03107587391299,0.007,0.011,1
"TOR1A","TOR1A",0.176449088856769,-0.315306086083491,0.029,0.036,1
"LINC02694","LINC02694",0.176507136063086,-0.598569981743233,0.008,0.011,1
"VCF1","VCF1",0.177084746411256,0.330991640941081,0.056,0.048,1
"PLEKHG4","PLEKHG4",0.177213951466045,-0.584601101121455,0.017,0.022,1
"KTN1-AS1","KTN1-AS1",0.177384462936903,-0.186358029892327,0.048,0.056,1
"ARHGAP44","ARHGAP44",0.177396839320617,-0.268363141123931,0.055,0.064,1
"RHPN1","RHPN1",0.177428547855354,-0.286333120683599,0.019,0.024,1
"KATNA1","KATNA1",0.177508147274007,-0.227879693439511,0.116,0.128,1
"NPSR1","NPSR1",0.177966593305857,0.514761639225789,0.01,0.007,1
"NTRK3","NTRK3",0.178127870577925,-0.258000555528155,0.027,0.034,1
"SYBU","SYBU",0.178244550653425,0.416379602446566,0.01,0.007,1
"LRIG2-DT","LRIG2-DT",0.178261641957296,-0.396527348631371,0.079,0.088,1
"ENSG00000267059","ENSG00000267059",0.178261988626007,0.313173386860076,0.013,0.009,1
"RNF5","RNF5",0.178400755013269,-0.344322848439005,0.068,0.076,1
"TPP2","TPP2",0.17840212895821,-0.159213495393307,0.307,0.317,1
"SF3B6","SF3B6",0.178547335490912,-0.28297823754805,0.084,0.093,1
"ERH","ERH",0.178628905690835,-0.225147249999671,0.123,0.133,1
"ENSG00000247970","ENSG00000247970",0.178718856274,-0.257841762482886,0.024,0.03,1
"DDA1","DDA1",0.17879602157479,-0.37247756021376,0.061,0.07,1
"VTA1","VTA1",0.178906243065595,0.106900089987488,0.195,0.179,1
"GPALPP1","GPALPP1",0.178975148052006,-0.157570272420416,0.238,0.25,1
"GANAB","GANAB",0.178992639948479,-0.153325273851325,0.133,0.145,1
"PCDH15","PCDH15",0.17901760292855,-0.369072106619385,0.037,0.044,1
"ZNF213","ZNF213",0.17922251653937,-0.299200135915735,0.069,0.078,1
"COPS8","COPS8",0.179287396869881,-0.261539537562939,0.08,0.09,1
"ARF6","ARF6",0.17948197875227,0.110802276302745,0.052,0.044,1
"ATP2B4","ATP2B4",0.179707464877777,0.146875479301834,0.29,0.274,1
"DMPK","DMPK",0.17974982655474,0.198020753860952,0.088,0.077,1
"NEXMIF","NEXMIF",0.179832979874713,0.255888336709354,0.014,0.01,1
"ACTN1","ACTN1",0.179919082596592,0.102668159027815,0.01,0.007,1
"ENSG00000253288","ENSG00000253288",0.180041684511784,-0.811724521985552,0.007,0.011,1
"COA6-AS1","COA6-AS1",0.180063693927521,-0.296024992114353,0.039,0.046,1
"NT5C","NT5C",0.180214892295,-0.384791938679032,0.062,0.071,1
"TTC7A","TTC7A",0.180329985394566,-0.112788717964323,0.524,0.525,1
"SPG21","SPG21",0.180339107474023,-0.200367028671771,0.133,0.144,1
"SLC6A15","SLC6A15",0.180426727720361,0.137212330479739,0.231,0.217,1
"SEPSECS","SEPSECS",0.180562228779303,-0.378099525357821,0.078,0.087,1
"FBXO48","FBXO48",0.180764423913399,-0.722001538002877,0.01,0.014,1
"VSTM4","VSTM4",0.180839015170786,-0.225948988920455,0.12,0.131,1
"CCDC28A-AS1","CCDC28A-AS1",0.180983371618999,-0.765680423854273,0.012,0.016,1
"ENSG00000274322","ENSG00000274322",0.181107037504036,0.336767062084431,0.07,0.062,1
"APLN","APLN",0.181833227044265,-0.216818116195728,0.027,0.034,1
"GHR","GHR",0.181924823372686,-0.21897127928512,0.01,0.014,1
"IP6K1","IP6K1",0.181959024018266,-0.152653657755917,0.267,0.278,1
"ENSG00000232682","ENSG00000232682",0.181986917138584,-0.840650372041199,0.007,0.01,1
"SLC41A1","SLC41A1",0.18204238089494,0.171755343018672,0.065,0.056,1
"DMWD","DMWD",0.182052348352918,-0.387191716858092,0.007,0.011,1
"NUP98","NUP98",0.182160046598903,-0.121065505480809,0.281,0.289,1
"POMZP3","POMZP3",0.182234053437565,-0.286505288290267,0.056,0.064,1
"RAD54B","RAD54B",0.182274583796378,0.231903427643659,0.023,0.018,1
"RFXAP","RFXAP",0.182314424976239,0.172680272946502,0.139,0.127,1
"BCORL1","BCORL1",0.18239070221995,-0.198787577749612,0.05,0.058,1
"SLC60A2","SLC60A2",0.1824671723495,0.242548680243247,0.039,0.032,1
"GRIN2B","GRIN2B",0.18275882873422,-0.725956889231634,0.007,0.01,1
"TMEM69","TMEM69",0.182768951639385,0.11887768737686,0.073,0.064,1
"GABARAPL2","GABARAPL2",0.182828096372062,-0.164546325125546,0.235,0.247,1
"ENSG00000278041","ENSG00000278041",0.182832481619437,-0.279075396807887,0.115,0.125,1
"RBMS3","RBMS3",0.182994239415634,-0.728352063028817,0.007,0.01,1
"HIF3A","HIF3A",0.183014246631511,0.571265172348038,0.037,0.031,1
"RPUSD2","RPUSD2",0.183200300546756,-0.450578563381261,0.013,0.017,1
"DGKQ","DGKQ",0.183269908084454,0.29727301700679,0.031,0.025,1
"SEPHS2","SEPHS2",0.183630546694323,0.247200711667944,0.041,0.034,1
"ARSG","ARSG",0.183860900678261,-0.345561413346565,0.031,0.038,1
"LINC01558","LINC01558",0.183995543581058,-0.316171034126073,0.013,0.017,1
"LINC01322","LINC01322",0.184055511937329,0.163491855598688,0.044,0.037,1
"ZNG1F","ZNG1F",0.184112354239173,0.144155032197522,0.038,0.031,1
"ALDH7A1","ALDH7A1",0.184251437571239,-0.115677513820319,0.195,0.209,1
"GCH1","GCH1",0.184343755963888,-0.5654035083125,0.007,0.01,1
"ENSG00000271976","ENSG00000271976",0.184507428646947,0.288240638257954,0.021,0.016,1
"LRRC47","LRRC47",0.184569389215246,-0.37592264277563,0.071,0.079,1
"DSCC1","DSCC1",0.18463360554749,-0.631675842269835,0.021,0.027,1
"ZNF502","ZNF502",0.184733102683591,-0.449647831359538,0.016,0.021,1
"LOC101927164","LOC101927164",0.184744345112065,-0.853081159683602,0.009,0.013,1
"PPP1R2","PPP1R2",0.184780385840257,-0.260827687888618,0.072,0.082,1
"CASP3","CASP3",0.184876213153888,-0.141669576274467,0.08,0.091,1
"CP","CP",0.184948047209178,0.423850316107619,0.018,0.014,1
"NEDD1","NEDD1",0.184989490721522,-0.35799138923797,0.082,0.091,1
"CDKN2AIPNL","CDKN2AIPNL",0.185042192834269,0.310853392073182,0.046,0.039,1
"ZNF256","ZNF256",0.185117525190317,-1.01865805476058,0.006,0.01,1
"CSTF2","CSTF2",0.185201983437112,-0.117573667941105,0.022,0.028,1
"CUL9","CUL9",0.185347001642839,0.169278627525896,0.099,0.088,1
"ZNF320","ZNF320",0.185459846826962,0.271661917749854,0.011,0.008,1
"ITGA6","ITGA6",0.185805633817007,-0.513850940649455,0.035,0.041,1
"GBA1","GBA1",0.185868126166783,0.201852580758838,0.098,0.088,1
"ENSG00000227330","ENSG00000227330",0.185923631693218,-0.986075289668548,0.006,0.01,1
"MGAT2","MGAT2",0.186099258551196,0.615171581852477,0.015,0.011,1
"ENSG00000256538","ENSG00000256538",0.186127512088728,0.58945545607212,0.015,0.011,1
"LRRC8D","LRRC8D",0.186263650119072,-0.200568105859963,0.149,0.159,1
"BMP2","BMP2",0.186310076803523,-0.97580140529852,0.006,0.01,1
"ABCF1","ABCF1",0.186772655146438,-0.196327137972182,0.111,0.121,1
"SHC3","SHC3",0.186852495546983,-0.412765224275071,0.043,0.05,1
"C6orf62","C6orf62",0.187005894134684,-0.205414184282143,0.252,0.259,1
"TMEM126A","TMEM126A",0.187041165250354,-0.46530114390628,0.041,0.048,1
"PDGFRB","PDGFRB",0.187064658008704,0.135386926836275,0.011,0.008,1
"SIMC1","SIMC1",0.187071942117804,-0.175124628107343,0.074,0.083,1
"ZSCAN16","ZSCAN16",0.187107258766464,-0.25186164608148,0.02,0.026,1
"BTN2A1","BTN2A1",0.187174802913487,0.287694843672712,0.05,0.042,1
"PLEKHO1","PLEKHO1",0.187410365958089,0.447484267005697,0.018,0.014,1
"TOMM22","TOMM22",0.187497188250792,-0.329502277042497,0.041,0.048,1
"LINC00636","LINC00636",0.187510132596942,-0.618693559390796,0.012,0.016,1
"ATP6AP2","ATP6AP2",0.187533519249923,-0.146827103731138,0.163,0.174,1
"SNRNP25","SNRNP25",0.187702882744268,-0.46758704886853,0.021,0.027,1
"USP19","USP19",0.187798135913679,0.14888768378993,0.042,0.035,1
"ENSG00000253496","ENSG00000253496",0.187826421652907,-0.663152605296829,0.006,0.01,1
"LINC00471","LINC00471",0.18783725454937,0.10765798843,0.011,0.008,1
"ZNF526","ZNF526",0.18791755891582,0.33533094374612,0.029,0.023,1
"LRRFIP1","LRRFIP1",0.187946336558668,0.162595970956111,0.047,0.04,1
"JAG1","JAG1",0.188074128445655,-0.499408594217866,0.006,0.01,1
"CRISPLD2","CRISPLD2",0.188112627818997,0.553796042471614,0.013,0.009,1
"ENSG00000256618","ENSG00000256618",0.188125606382648,-0.49248761166079,0.027,0.033,1
"FAM136A","FAM136A",0.188228737723013,-0.313982882495749,0.012,0.016,1
"GNG8","GNG8",0.188329378420429,-0.407490976543567,0.016,0.021,1
"DCPH1","DCPH1",0.18834875270512,0.198825180520803,0.038,0.031,1
"EIF1AY","EIF1AY",0.188452656897458,0.103361780123771,0.077,0.067,1
"HARBI1","HARBI1",0.188529107313927,0.119354556973456,0.054,0.046,1
"TMEM183A","TMEM183A",0.188757938634784,0.263355733318887,0.047,0.04,1
"LOC124909496","LOC124909496",0.189094613804509,-0.152614932824019,0.217,0.229,1
"ENSG00000271870","ENSG00000271870",0.189133133190302,-0.461798572977569,0.018,0.023,1
"RAB5IF","RAB5IF",0.189250262797193,0.281390697762562,0.031,0.025,1
"TMEM132A","TMEM132A",0.189349467849252,0.401069635211523,0.013,0.009,1
"AMMECR1","AMMECR1",0.189405184210255,-0.124539084160708,0.074,0.083,1
"CITED4","CITED4",0.189457508675768,-0.199501408132905,0.053,0.062,1
"ZNF101","ZNF101",0.189479271040065,-0.336559480219991,0.025,0.031,1
"POP7","POP7",0.189482891013767,-0.40700059353923,0.036,0.043,1
"EID2B","EID2B",0.189491194741213,-0.40062763742312,0.029,0.035,1
"LRRC17","LRRC17",0.189699638281819,-0.287236573666742,0.026,0.032,1
"HSD17B10","HSD17B10",0.189845925686837,-0.461928095812704,0.054,0.062,1
"REX1BD","REX1BD",0.189856681890371,-0.225732635103439,0.087,0.097,1
"LOC100271832","LOC100271832",0.189936864813602,-0.307720958757489,0.018,0.023,1
"ENSG00000269110","ENSG00000269110",0.190042947203494,-0.113165787281223,0.012,0.016,1
"PSME3","PSME3",0.190073731726913,0.101590462636465,0.053,0.045,1
"ENSG00000229017","ENSG00000229017",0.190272761822715,-0.402408163096786,0.023,0.029,1
"CNTNAP5","CNTNAP5",0.190655994284554,0.298234355382711,0.039,0.033,1
"RSPH14","RSPH14",0.190656187476344,0.278964347374933,0.013,0.009,1
"DNTTIP2","DNTTIP2",0.190745449213646,0.145226476849542,0.053,0.046,1
"MOB4","MOB4",0.190988556756458,0.212593677648745,0.045,0.038,1
"FLYWCH1-AS1","FLYWCH1-AS1",0.191064755268192,-0.783700461468866,0.009,0.013,1
"LOC105372295","LOC105372295",0.191064885392649,0.255608311441826,0.033,0.027,1
"FGFR1OP2","FGFR1OP2",0.191228928515086,-0.113848266335558,0.426,0.429,1
"TAF5","TAF5",0.191280329914602,0.138118486806774,0.034,0.028,1
"RHCE","RHCE",0.191395448614038,-0.189173752605197,0.027,0.033,1
"SMTN","SMTN",0.191455540196342,0.494100001373067,0.02,0.016,1
"DGCR8","DGCR8",0.191784068969716,-0.177695255786364,0.098,0.108,1
"POLD2","POLD2",0.192040854261836,-0.263690730710412,0.078,0.087,1
"FAM151B-DT","FAM151B-DT",0.192318593124061,-0.405033426391883,0.012,0.016,1
"ENSG00000227627","ENSG00000227627",0.192535024991722,-0.294192312299025,0.06,0.068,1
"ENSG00000280850","ENSG00000280850",0.192568501182588,-0.625290185322815,0.011,0.015,1
"BCKDHB","BCKDHB",0.192631311784057,-0.140806411216071,0.44,0.44,1
"RPP30","RPP30",0.192635034770992,0.13412635401436,0.098,0.087,1
"PM20D2","PM20D2",0.192726367449097,-0.384986656875709,0.041,0.048,1
"ADGRL1-AS1","ADGRL1-AS1",0.192771322225355,-0.355577329020376,0.033,0.039,1
"ZNG1B.1","ZNG1B.1",0.192965641089478,0.223898557819814,0.036,0.03,1
"FASTK","FASTK",0.193084526186617,-0.304465742553486,0.079,0.088,1
"MSANTD2-AS1","MSANTD2-AS1",0.193150198203576,-0.226123221837468,0.058,0.067,1
"MPPED2","MPPED2",0.193196004772002,0.424296335727603,0.018,0.013,1
"WDR97","WDR97",0.193380534996392,-0.508098016205079,0.009,0.013,1
"RAB28","RAB28",0.193518075793308,-0.15218057780393,0.307,0.319,1
"IPO7","IPO7",0.193529074918653,0.131652460067713,0.258,0.243,1
"RPRD1A","RPRD1A",0.193602247977689,-0.110727638759673,0.423,0.431,1
"LRRC40","LRRC40",0.193637294586846,-0.217050115167937,0.133,0.144,1
"EIF5B","EIF5B",0.193688525616815,-0.122016635558617,0.272,0.282,1
"CLUH","CLUH",0.19369800385785,0.17698236991728,0.067,0.058,1
"ZNF484","ZNF484",0.193763526178563,0.205201512686823,0.095,0.085,1
"ANGPTL4","ANGPTL4",0.193850908063372,-0.543118686632505,0.021,0.026,1
"ZWILCH","ZWILCH",0.193939377315679,-0.346367229553752,0.009,0.013,1
"CEBPD","CEBPD",0.194000545242849,0.422876514397296,0.02,0.016,1
"IAH1","IAH1",0.194000658238931,-0.145632137941882,0.128,0.139,1
"SF3B5","SF3B5",0.194160397393181,-0.259887276449744,0.093,0.102,1
"NANS","NANS",0.194191191584469,0.183119834932628,0.027,0.022,1
"METTL22","METTL22",0.194235844853822,0.116667525362935,0.092,0.082,1
"IPO8","IPO8",0.194813344348159,-0.213067631638724,0.162,0.173,1
"PPP4R3B-DT","PPP4R3B-DT",0.194992106426616,0.109412290605112,0.014,0.01,1
"ENSG00000213888","ENSG00000213888",0.195091829771618,-0.427860257886858,0.009,0.013,1
"RNFT2","RNFT2",0.195175601242181,-0.190073147940037,0.068,0.077,1
"CACFD1","CACFD1",0.195619229415133,0.195911766814298,0.05,0.042,1
"MGST1","MGST1",0.195777085107977,0.478240589538534,0.011,0.008,1
"SPCS1","SPCS1",0.195799661587399,-0.13149501223902,0.193,0.205,1
"CHRM3","CHRM3",0.195801241950236,-0.912906658424168,0.013,0.017,1
"NUMBL","NUMBL",0.195921073601184,0.165670596626553,0.049,0.042,1
"ZNF302","ZNF302",0.196249529448057,-0.16008796694952,0.295,0.302,1
"LIPC","LIPC",0.196705115574703,0.206750762403745,0.064,0.056,1
"GSPT1","GSPT1",0.196840833192111,-0.14907215529391,0.266,0.277,1
"ERCC3","ERCC3",0.197097143089928,-0.137343227252583,0.147,0.159,1
"DHX8","DHX8",0.197190109455528,0.154529400117834,0.142,0.13,1
"MRPS27","MRPS27",0.197199244770167,-0.173938803512087,0.21,0.222,1
"GTF2F1","GTF2F1",0.197288484686711,0.155018528171214,0.05,0.042,1
"ZNF629","ZNF629",0.197302800519621,-0.314912827147801,0.027,0.033,1
"TMEM14A","TMEM14A",0.198001392861246,0.235847697649608,0.054,0.047,1
"BAX","BAX",0.198119744184322,-0.204555066909363,0.05,0.058,1
"EDEM2","EDEM2",0.198427885122897,-0.192074243674233,0.065,0.074,1
"SLC25A22","SLC25A22",0.198442498442882,0.324944720699947,0.011,0.008,1
"GAD2","GAD2",0.19862686707209,-0.608250223906458,0.009,0.012,1
"VPS13A","VPS13A",0.198647266982117,0.137846067141928,0.119,0.108,1
"ENSG00000260465","ENSG00000260465",0.198798214599969,0.335865486559965,0.019,0.014,1
"LOC105374974","LOC105374974",0.199048238613838,-0.496018641196069,0.009,0.012,1
"ENSG00000260805","ENSG00000260805",0.199111621856744,-0.640002344353634,0.022,0.027,1
"GRIP1","GRIP1",0.19920323333244,0.28451364066405,0.072,0.063,1
"NINJ2-AS1","NINJ2-AS1",0.199445645563632,0.259490467308704,0.06,0.052,1
"LOC100507053","LOC100507053",0.199990520697032,-0.493094561353523,0.038,0.044,1
"ENSG00000225689","ENSG00000225689",0.200228429927375,0.638642863421084,0.02,0.015,1
"TSHZ2","TSHZ2",0.200255573058403,-0.602358750007337,0.018,0.023,1
"CNTN4","CNTN4",0.200660006537238,-0.296916529634093,0.022,0.027,1
"SNHG7","SNHG7",0.200757894727701,-0.322227705732399,0.097,0.106,1
"B9D1","B9D1",0.200905216770702,-0.195399712876725,0.053,0.062,1
"LLPH-DT","LLPH-DT",0.200933042721113,0.331989436402742,0.012,0.009,1
"CLCN5","CLCN5",0.20096807146193,0.156995041562273,0.051,0.043,1
"SAMTOR","SAMTOR",0.201384485204968,0.207911341253332,0.086,0.077,1
"ENSG00000183308","ENSG00000183308",0.201506168021585,-0.175017259092515,0.07,0.079,1
"SH3GLB1","SH3GLB1",0.20152625518829,-0.125518369427921,0.312,0.32,1
"ENSG00000259408","ENSG00000259408",0.201674340791654,0.444748422101851,0.015,0.011,1
"ENSG00000267765","ENSG00000267765",0.201751355952641,0.115332470443941,0.019,0.014,1
"COQ3","COQ3",0.201933450152399,-0.414074664420803,0.027,0.033,1
"ENSG00000238266","ENSG00000238266",0.201982121851576,0.315922553538552,0.012,0.009,1
"NELFA","NELFA",0.202021112074001,0.109387657127049,0.208,0.194,1
"CCDC9B","CCDC9B",0.202048011386728,0.134528734629308,0.048,0.04,1
"PPP1R14B","PPP1R14B",0.202151701415656,0.201080732019619,0.012,0.009,1
"NEBL","NEBL",0.202168983905,-0.435568377639146,0.025,0.031,1
"PCYT2","PCYT2",0.20222293863902,-0.141982768846961,0.123,0.134,1
"TMC1","TMC1",0.20237707537533,-0.196484804967486,0.009,0.012,1
"ENSG00000255557","ENSG00000255557",0.202389287107975,0.107869583030247,0.012,0.009,1
"CEP76","CEP76",0.202615266005036,-0.39734007613148,0.052,0.059,1
"ECM1","ECM1",0.202785913703385,0.336081119085049,0.016,0.012,1
"REEP2","REEP2",0.2028219157258,-0.653632990614162,0.013,0.017,1
"DMC1","DMC1",0.20320541131872,0.26529263584969,0.012,0.009,1
"PUDP","PUDP",0.203336112966954,0.101260555306219,0.095,0.084,1
"ENSG00000257869","ENSG00000257869",0.203482390155773,-0.656390903178289,0.008,0.012,1
"LMAN2L","LMAN2L",0.203646663980658,-0.317193101747584,0.079,0.087,1
"OGFOD3","OGFOD3",0.203689557237107,-0.155016294392347,0.063,0.072,1
"TLCD4-RWDD3","TLCD4-RWDD3",0.203791176188604,-0.290976908580328,0.013,0.017,1
"ENSG00000261485","ENSG00000261485",0.204260794472002,-0.454631910657213,0.008,0.012,1
"SHC2","SHC2",0.204392692756768,0.100805184595105,0.098,0.087,1
"DPP3","DPP3",0.204551474113601,0.331127168850931,0.026,0.021,1
"SPICE1","SPICE1",0.204736105997671,0.306118217446302,0.059,0.051,1
"ABRAXAS1","ABRAXAS1",0.20476712934992,-0.333922650620273,0.039,0.046,1
"CPNE4","CPNE4",0.20499385017674,-0.261625826226179,0.022,0.027,1
"ZNF181","ZNF181",0.205129395343333,0.125932170553551,0.067,0.058,1
"TGFB1","TGFB1",0.205506414462771,0.192735083517592,0.039,0.033,1
"ENSG00000100068","ENSG00000100068",0.205601178695177,0.275037774945672,0.042,0.035,1
"ALG8","ALG8",0.20568514008968,-0.280378918799977,0.111,0.12,1
"COMMD5","COMMD5",0.205869210380117,0.275553440546072,0.049,0.042,1
"IBA57","IBA57",0.205997167225652,0.261944430859841,0.052,0.045,1
"ENSG00000269242","ENSG00000269242",0.206201451297838,-0.568633815209458,0.01,0.014,1
"RECQL","RECQL",0.206372593238591,-0.263858115896681,0.082,0.091,1
"DENND2B","DENND2B",0.206419435382216,-0.342297987880099,0.054,0.062,1
"BMX","BMX",0.206549569945607,0.322875109326,0.032,0.027,1
"NAPSA","NAPSA",0.207058106879267,0.12793708738296,0.015,0.011,1
"TCTN3","TCTN3",0.207305293956525,-0.201478988193494,0.076,0.085,1
"ENSG00000258871","ENSG00000258871",0.207338342689824,-0.558673932096325,0.01,0.014,1
"IKBKG","IKBKG",0.207502573909535,-0.357911114280665,0.04,0.047,1
"SAP30BP","SAP30BP",0.207678838744744,-0.106721834650612,0.232,0.244,1
"ARHGEF33","ARHGEF33",0.207887812352589,0.150567186520612,0.02,0.015,1
"HTRA2","HTRA2",0.20808071337371,0.160524271067526,0.042,0.036,1
"ZNF12","ZNF12",0.208154164355232,0.11555655950116,0.107,0.096,1
"TMEM278","TMEM278",0.208359946096165,-0.61798997841113,0.016,0.02,1
"COA3","COA3",0.208425950339392,-0.237223120751266,0.075,0.083,1
"SETDB2","SETDB2",0.208731946652659,-0.144001116822731,0.124,0.134,1
"ALDH1A3","ALDH1A3",0.20884421195228,-0.429449483695201,0.033,0.04,1
"ZMYM1","ZMYM1",0.208938193714122,-0.191347616551965,0.102,0.112,1
"SGCE","SGCE",0.20899658606421,-0.181525857182933,0.396,0.397,1
"STRN3","STRN3",0.209333049321613,-0.114875163001713,0.519,0.522,1
"SPAG7","SPAG7",0.209701961073931,-0.130308750125939,0.078,0.087,1
"RECQL5","RECQL5",0.209793326690998,-0.205068687165568,0.118,0.128,1
"TOR2A","TOR2A",0.210145935614796,0.50633045516807,0.017,0.013,1
"LARS1","LARS1",0.210743773864477,-0.113939784129339,0.313,0.32,1
"CCNE2","CCNE2",0.210940905531157,-0.164436852157195,0.118,0.129,1
"ATF7IP2","ATF7IP2",0.210968516100881,0.387067294536032,0.045,0.038,1
"PRDM11","PRDM11",0.211029584816154,-0.162847779159375,0.073,0.082,1
"MAP1LC3B2","MAP1LC3B2",0.211209635180813,-0.357867273783885,0.014,0.019,1
"RNF19A","RNF19A",0.211227213718903,0.125488536954613,0.206,0.192,1
"MCM4","MCM4",0.211309546818109,-0.352363665245495,0.018,0.023,1
"SNRPC","SNRPC",0.211414256784108,-0.30280745534332,0.095,0.104,1
"HMG20A","HMG20A",0.211644576719453,-0.114280002839197,0.284,0.295,1
"ZIM2","ZIM2",0.212075917901643,-0.271448870651099,0.023,0.029,1
"NKAIN1","NKAIN1",0.212077576000245,-0.163232009679035,0.176,0.188,1
"PSMB3","PSMB3",0.212084514050756,-0.280853290561143,0.091,0.1,1
"ENSG00000274776","ENSG00000274776",0.212344063937535,0.564815680653478,0.012,0.008,1
"YIPF5","YIPF5",0.212478448306972,0.149486131039082,0.092,0.082,1
"COL11A2","COL11A2",0.212489313367271,0.323879814265075,0.042,0.035,1
"EVA1A","EVA1A",0.212517789018578,0.301533543522134,0.017,0.013,1
"GDI1","GDI1",0.212588186047836,-0.110622443249228,0.36,0.37,1
"ZNF200","ZNF200",0.212727057173031,-0.34746316004133,0.018,0.023,1
"RNF40","RNF40",0.212913861713776,-0.262099060102513,0.065,0.074,1
"FH","FH",0.212932487588194,-0.228720932521959,0.06,0.068,1
"NMNAT1","NMNAT1",0.213003719258634,0.118647098094864,0.111,0.1,1
"CEP120","CEP120",0.213663992100118,-0.15128731721388,0.121,0.131,1
"NCOA7-AS1","NCOA7-AS1",0.213746212867474,0.342066392403496,0.021,0.016,1
"MEIG1","MEIG1",0.213828466589517,0.588416787376667,0.014,0.011,1
"ENSG00000272004","ENSG00000272004",0.213922883711237,0.524601859394688,0.012,0.008,1
"PCIF1","PCIF1",0.213969474053554,-0.150538613602772,0.04,0.047,1
"CCDC160","CCDC160",0.214193964780117,-0.191417173782348,0.016,0.021,1
"GMEB2","GMEB2",0.214461127685687,0.164101495305154,0.048,0.041,1
"C4orf46","C4orf46",0.214613356960546,-0.281802474231263,0.019,0.024,1
"ENSG00000249786","ENSG00000249786",0.2146793894394,0.429639905145101,0.012,0.008,1
"ENSG00000247853","ENSG00000247853",0.214854735196457,0.18179730645505,0.03,0.025,1
"G6PC3","G6PC3",0.21507463944384,-0.259815936504754,0.073,0.081,1
"CPSF3","CPSF3",0.215087837097582,-0.20979902752357,0.09,0.099,1
"TSPAN9","TSPAN9",0.215119511218651,0.300353330089918,0.027,0.022,1
"MYO3B","MYO3B",0.215440379845141,-0.368855187307293,0.01,0.014,1
"HMGB2","HMGB2",0.215486692243903,-0.326294780769797,0.038,0.045,1
"LOC105377797","LOC105377797",0.21550503796197,0.286259382790847,0.014,0.011,1
"ZMAT2","ZMAT2",0.215537161049915,-0.248384294125971,0.064,0.072,1
"OPA1-AS1","OPA1-AS1",0.215691536825294,-0.390763001592647,0.007,0.01,1
"RNF4","RNF4",0.215713154822638,-0.237586442863991,0.116,0.125,1
"CETN2","CETN2",0.215867822974525,-0.332329027125224,0.012,0.016,1
"ITPRID1","ITPRID1",0.215917033792872,0.387772774321061,0.013,0.01,1
"ZNF287","ZNF287",0.215921400187235,-0.26259668416816,0.042,0.049,1
"MRPL40","MRPL40",0.216048321605058,-0.259223419418893,0.084,0.092,1
"SERTAD1","SERTAD1",0.216087756564539,0.451056670314781,0.013,0.01,1
"CC2D2A","CC2D2A",0.21634713912628,-0.271822149622214,0.079,0.088,1
"TFPT","TFPT",0.216794324024728,0.1980274109644,0.029,0.023,1
"ZNF622","ZNF622",0.217040896339979,0.195456513353867,0.038,0.032,1
"GRM7-AS1","GRM7-AS1",0.217246540164584,0.174897692492546,0.034,0.028,1
"SERTAD3","SERTAD3",0.217922670270303,-0.726573082489795,0.013,0.018,1
"TMCC3","TMCC3",0.218028421078983,-0.121376135100653,0.481,0.485,1
"ZNF275","ZNF275",0.218061978077491,0.102902987610815,0.05,0.043,1
"SNUPN","SNUPN",0.218145055492469,-0.263051660960019,0.055,0.063,1
"ENSG00000258657","ENSG00000258657",0.218252872463239,-0.827097510267156,0.007,0.01,1
"PAG1","PAG1",0.218428998097551,-0.239567829938927,0.213,0.221,1
"GET3","GET3",0.21851772045514,0.18798146524658,0.071,0.062,1
"ZNF132","ZNF132",0.218584728720697,0.153450016932064,0.016,0.012,1
"SNTA1","SNTA1",0.218802626017641,-0.313593338433339,0.058,0.066,1
"PPP2R5D","PPP2R5D",0.219240144839589,-0.193685069035176,0.04,0.047,1
"EMC4","EMC4",0.21957485829949,-0.244569468391392,0.077,0.085,1
"ENSG00000233848","ENSG00000233848",0.219749106022166,0.280018103317384,0.022,0.017,1
"CTDP1-DT","CTDP1-DT",0.219834755663186,-0.455847833663406,0.031,0.037,1
"ZNF267","ZNF267",0.219863436207145,-0.229209810104571,0.035,0.041,1
"SLC47A1","SLC47A1",0.219909758026956,0.204798211430029,0.03,0.024,1
"NUDT7","NUDT7",0.220077882311862,-0.320473452047833,0.014,0.018,1
"PDZK1","PDZK1",0.220123706559141,-0.550830946944572,0.009,0.013,1
"ZNF787","ZNF787",0.220160064366718,0.138368644151512,0.081,0.072,1
"LOC102723323","LOC102723323",0.220279582701831,-0.469876905703867,0.024,0.029,1
"FYCO1","FYCO1",0.220591048685121,0.132889028453052,0.184,0.171,1
"LRIG3","LRIG3",0.220606262839529,-0.348985568888685,0.088,0.096,1
"GPM6A","GPM6A",0.220782693996,-0.446198466176857,0.041,0.047,1
"ZNF491","ZNF491",0.221174707985405,-0.616028958293199,0.023,0.028,1
"NTMT1","NTMT1",0.221269481063734,0.153294046709775,0.074,0.066,1
"ENSG00000260409","ENSG00000260409",0.221330471975367,0.337138256803531,0.018,0.014,1
"TAGLN2","TAGLN2",0.221358864036396,-0.465934986631384,0.022,0.027,1
"RAD17","RAD17",0.221418258884068,-0.202231744245485,0.133,0.143,1
"SLC11A2","SLC11A2",0.221423500894464,-0.12324990932662,0.461,0.459,1
"JPT1","JPT1",0.221449067403659,-0.304992745883467,0.025,0.031,1
"GPN1","GPN1",0.221615670200834,-0.490529267989987,0.023,0.029,1
"ZMIZ1","ZMIZ1",0.221744186263328,0.126068055446712,0.424,0.409,1
"ZC3H12C","ZC3H12C",0.221856639000699,-0.118932890972772,0.24,0.252,1
"ENSG00000275741","ENSG00000275741",0.221983451529886,-0.422264826256438,0.012,0.016,1
"ZNF784","ZNF784",0.222000555038636,-0.858972486518615,0.009,0.012,1
"IMPA1","IMPA1",0.222131201017459,0.168059947500985,0.075,0.066,1
"ZSCAN23","ZSCAN23",0.222203488285662,-0.330445972329873,0.026,0.031,1
"E2F1","E2F1",0.222203761874723,-0.504836407118606,0.013,0.018,1
"TLCD5","TLCD5",0.22227821856517,-0.257593358740915,0.109,0.118,1
"GGCT","GGCT",0.222502011314475,0.219880622252178,0.018,0.014,1
"EPHA7","EPHA7",0.222510118562333,0.286372905112742,0.036,0.03,1
"PPM1L","PPM1L",0.222678470504449,-0.197413379374473,0.21,0.22,1
"APEX1","APEX1",0.223154487157198,-0.277228781816098,0.059,0.067,1
"SLC31A1","SLC31A1",0.223157440081707,-0.112548195367107,0.059,0.067,1
"ENSG00000284906","ENSG00000284906",0.223454261015856,0.292138470126636,0.02,0.016,1
"DNAJB5","DNAJB5",0.223468081741768,0.378560486658477,0.02,0.016,1
"LOC105371090","LOC105371090",0.223714080990618,0.513141955009131,0.015,0.012,1
"ZNF3","ZNF3",0.223907571635971,-0.209958423898019,0.138,0.148,1
"KIAA0753","KIAA0753",0.224082876526634,-0.447640931696505,0.058,0.066,1
"H3-3A","H3-3A",0.224562966722181,0.13069444909223,0.077,0.068,1
"RNF103-CHMP3","RNF103-CHMP3",0.224614852512728,-0.492936413289359,0.017,0.022,1
"ZNF384","ZNF384",0.224730043068699,0.124049747234222,0.062,0.055,1
"DNAJA2-DT","DNAJA2-DT",0.224809871529648,-0.457469730242172,0.013,0.018,1
"BNC2","BNC2",0.22483905190044,0.464971158236001,0.015,0.012,1
"TAF9B","TAF9B",0.225044344859357,-0.221813856219347,0.042,0.049,1
"PLAGL1","PLAGL1",0.22507467424245,0.322017269732106,0.01,0.007,1
"TRAF4","TRAF4",0.2251739859867,-0.28029592750843,0.097,0.105,1
"DNAAF2","DNAAF2",0.225474564614871,0.27964547044214,0.036,0.03,1
"C11orf96","C11orf96",0.225642862931768,-1.27895851401353,0.013,0.017,1
"PPEF1","PPEF1",0.225649394176646,-0.687367528032972,0.009,0.012,1
"CRLS1","CRLS1",0.22565524104049,-0.230025060120972,0.144,0.153,1
"ZMAT4","ZMAT4",0.225727669254899,0.449512035702556,0.01,0.007,1
"TMTC3","TMTC3",0.22577724951502,0.109765757765734,0.192,0.18,1
"ENSG00000268056","ENSG00000268056",0.225782724749163,-0.600661907923376,0.015,0.019,1
"LOC102724023","LOC102724023",0.225822674206769,0.530062616452656,0.015,0.012,1
"MECOM","MECOM",0.225958730349761,-0.257462510181233,0.088,0.097,1
"MROH7-TTC4","MROH7-TTC4",0.226013779448927,0.327240399202095,0.01,0.007,1
"HACL2","HACL2",0.226085523096722,0.126325431499409,0.099,0.09,1
"ENSG00000184068","ENSG00000184068",0.22609557273662,0.383542030374901,0.01,0.007,1
"GFUS","GFUS",0.226244499232679,0.356174738469206,0.02,0.016,1
"RAB11B","RAB11B",0.226293750937404,-0.171379278537118,0.277,0.282,1
"ENSG00000273156","ENSG00000273156",0.226304032781054,0.549301239175299,0.011,0.008,1
"ENSG00000265987","ENSG00000265987",0.22634852758238,0.220339918610457,0.031,0.025,1
"ABHD10","ABHD10",0.226478716335118,-0.168489830090548,0.079,0.088,1
"CCDC40","CCDC40",0.226640073580688,0.352655580034383,0.017,0.013,1
"FADS3","FADS3",0.226710613455787,-0.17379366205028,0.092,0.101,1
"ENSG00000267838","ENSG00000267838",0.226840049273071,-0.564515180038744,0.009,0.012,1
"ENSG00000255015","ENSG00000255015",0.226899161751701,-0.188870192227883,0.031,0.038,1
"SLC2A4RG","SLC2A4RG",0.227231507423932,0.13935692646569,0.047,0.04,1
"TTN-AS1","TTN-AS1",0.22727436474032,-0.128724728964724,0.282,0.295,1
"NUDT13","NUDT13",0.227277677782163,-0.308351042814621,0.032,0.038,1
"MAP2K3","MAP2K3",0.22728252848371,0.543456860997036,0.028,0.023,1
"POLG2","POLG2",0.227364930275513,-0.284592927735176,0.069,0.077,1
"ERLN","ERLN",0.227474838108484,-0.101502028748012,0.026,0.031,1
"PXN-AS1","PXN-AS1",0.227483337765991,-0.246090202564235,0.056,0.063,1
"UTP25","UTP25",0.227765792923271,0.197162689919063,0.067,0.058,1
"DDX55","DDX55",0.227842763559221,-0.203090627885753,0.106,0.115,1
"USP48","USP48",0.227856530249192,-0.118713560438294,0.533,0.528,1
"LINC02145","LINC02145",0.227875646680059,-0.447650184403006,0.027,0.033,1
"TNFSF9","TNFSF9",0.228140574522407,0.264539500645759,0.015,0.012,1
"LINC01748","LINC01748",0.228270746020069,0.27763435732995,0.015,0.012,1
"PXDC1","PXDC1",0.228352285911659,-0.368946139883684,0.009,0.012,1
"TNFAIP8L1","TNFAIP8L1",0.228428645308962,0.503870870756607,0.011,0.008,1
"A1BG","A1BG",0.228523619149349,-0.273115000128979,0.078,0.085,1
"ZNF582-DT","ZNF582-DT",0.228527062733607,0.54574129092406,0.013,0.009,1
"GRM1","GRM1",0.228680557485365,-0.676427521791787,0.013,0.017,1
"RAD9B","RAD9B",0.228988843439686,-0.317675521565156,0.011,0.015,1
"CTBP1-DT","CTBP1-DT",0.228995744316155,-0.307729448381206,0.087,0.096,1
"ZNF157","ZNF157",0.229099500672518,-0.4781007764354,0.018,0.023,1
"ABHD6","ABHD6",0.229443136159413,-0.114450129871086,0.454,0.456,1
"YPEL4","YPEL4",0.229672129785475,-0.271704013574866,0.055,0.062,1
"CPT1A","CPT1A",0.229674090542865,-0.528241191376112,0.017,0.021,1
"PPP1R26","PPP1R26",0.229721642679378,0.454884929942272,0.013,0.009,1
"CNTNAP3.1","CNTNAP3.1",0.229954334073364,0.391253807214276,0.014,0.01,1
"TMLHE-AS1","TMLHE-AS1",0.230271180591702,-0.485938887744295,0.05,0.057,1
"ENSG00000229694","ENSG00000229694",0.230818840457257,0.226417514068334,0.011,0.008,1
"PITX1-AS1","PITX1-AS1",0.231029879427735,0.493036664504592,0.013,0.009,1
"CD38","CD38",0.231038667337201,0.236736126736535,0.014,0.01,1
"SIKE1","SIKE1",0.231129990540012,0.188143295969535,0.088,0.079,1
"SRSF9","SRSF9",0.231295886255484,-0.194649565453412,0.076,0.085,1
"ENSG00000266385","ENSG00000266385",0.231395872626341,-0.436499404422732,0.023,0.028,1
"R3HDM4","R3HDM4",0.231560819186756,0.318173927401156,0.049,0.042,1
"ATRIP","ATRIP",0.231651769802789,-0.389200854874785,0.027,0.033,1
"ENSG00000236266","ENSG00000236266",0.231685979230745,0.500270157209531,0.013,0.009,1
"ZNF530","ZNF530",0.231704223093084,-0.611113865759608,0.009,0.012,1
"RPS21-DT","RPS21-DT",0.231969968841313,-0.659466823131772,0.011,0.014,1
"MOV10","MOV10",0.232019244316115,-0.326774313882318,0.013,0.017,1
"RRP12","RRP12",0.232297395095717,0.14187830437122,0.061,0.053,1
"AGAP5","AGAP5",0.232680394647182,0.146644691256897,0.089,0.08,1
"MADCAM1","MADCAM1",0.232779198028327,-0.325868292569557,0.078,0.086,1
"NOX4","NOX4",0.233059969682919,-0.288974110352493,0.032,0.038,1
"ENSG00000268170","ENSG00000268170",0.233170130093227,-0.146070312414115,0.013,0.017,1
"IL3RA","IL3RA",0.233172037487166,-0.142140439854761,0.104,0.115,1
"DCTN1","DCTN1",0.233218475483878,-0.224218266335335,0.056,0.063,1
"FUNDC2","FUNDC2",0.233220729294516,-0.280804148331088,0.094,0.103,1
"AK2","AK2",0.233772455117174,-0.17882633739753,0.159,0.169,1
"ENSG00000267265","ENSG00000267265",0.233885127134122,-0.711125322742924,0.011,0.014,1
"KIAA1217","KIAA1217",0.234021279962828,-0.480288031780852,0.021,0.026,1
"ENTREP1","ENTREP1",0.234158134280909,-0.368321161793741,0.009,0.012,1
"ZNF669","ZNF669",0.23433732004572,-0.662840608203039,0.014,0.018,1
"ANKRD42","ANKRD42",0.234378782273211,-0.330174254262221,0.009,0.012,1
"ENSG00000260517","ENSG00000260517",0.234462491734928,-0.10468527141021,0.173,0.185,1
"ENSG00000255046","ENSG00000255046",0.234573563716529,0.310626102813344,0.018,0.014,1
"IFT52","IFT52",0.235165824995038,-0.110424715572441,0.146,0.157,1
"FAAP100","FAAP100",0.235248389525621,-0.352157571723742,0.024,0.029,1
"CDC16","CDC16",0.235395087942009,-0.110841862729899,0.306,0.312,1
"SHF","SHF",0.235476969710608,-0.626220796011648,0.014,0.018,1
"MIR137HG","MIR137HG",0.236002568827138,0.390495781592572,0.022,0.018,1
"RNMT","RNMT",0.236042194841395,-0.110268642795134,0.307,0.316,1
"ENSG00000270127","ENSG00000270127",0.236170735717926,0.334231232223267,0.023,0.019,1
"ENSG00000283580","ENSG00000283580",0.236401875303461,-0.140996281593002,0.013,0.017,1
"ENSG00000263264","ENSG00000263264",0.236736122899174,-0.783603397924108,0.008,0.011,1
"SNN","SNN",0.236799735408911,0.262061224119037,0.018,0.014,1
"SLC66A3","SLC66A3",0.236943095068897,0.231983303671769,0.045,0.039,1
"API5","API5",0.237100450707301,-0.140658217234348,0.201,0.211,1
"LINC02763","LINC02763",0.237490317772696,0.516996358767404,0.015,0.011,1
"ZNF600","ZNF600",0.237824469587032,-0.395416480526336,0.025,0.03,1
"NDUFB11","NDUFB11",0.23807123986884,-0.159304986069376,0.139,0.149,1
"CD72","CD72",0.238205796758551,-0.392474915783677,0.031,0.037,1
"GALT","GALT",0.238477360914958,-0.40495878790914,0.023,0.028,1
"CHCHD10","CHCHD10",0.238759217046241,-0.296543655470296,0.049,0.055,1
"GIGYF1","GIGYF1",0.238908395115253,-0.188215364472708,0.155,0.163,1
"ENSG00000225643","ENSG00000225643",0.239061213880977,-0.60176497337183,0.01,0.014,1
"ENSG00000237753","ENSG00000237753",0.239321064975968,0.507782461675733,0.025,0.021,1
"MARCHF3","MARCHF3",0.239367564737215,0.20913589581704,0.031,0.026,1
"EEIG2","EEIG2",0.239371244971802,-0.240789419155423,0.025,0.03,1
"WDR73","WDR73",0.239866228772841,0.102370020734167,0.116,0.105,1
"TMEM250","TMEM250",0.240287163435653,0.106355008293426,0.03,0.025,1
"TULP3","TULP3",0.240442653306903,0.108878210216449,0.252,0.237,1
"KLHL4","KLHL4",0.240593035591949,-0.135184965681559,0.555,0.545,1
"PDE3A","PDE3A",0.240625576813999,0.590294252935283,0.011,0.008,1
"ENSG00000260141","ENSG00000260141",0.24067798577168,0.291649987139887,0.015,0.011,1
"NDUFC1","NDUFC1",0.24072875703593,0.141197041067135,0.101,0.091,1
"OSBPL10","OSBPL10",0.240826924233388,-0.438158653910192,0.008,0.011,1
"FAM133A","FAM133A",0.240967821247228,-0.176287033643987,0.05,0.057,1
"GPRASP2","GPRASP2",0.241100671926322,-0.612458035580943,0.012,0.016,1
"MACROH2A1","MACROH2A1",0.241296966118729,-0.11308069180394,0.257,0.267,1
"LINC01609","LINC01609",0.241583482370706,-0.53127954612583,0.012,0.016,1
"KATNB1","KATNB1",0.241620899372916,-0.623693721142159,0.023,0.028,1
"DEGS2","DEGS2",0.241783901256064,-0.531425656876038,0.01,0.014,1
"TMEM198","TMEM198",0.241866647568572,0.439100219956942,0.011,0.008,1
"RNF215","RNF215",0.241904309379465,-0.143434205449477,0.071,0.079,1
"WBP1L","WBP1L",0.242167640100189,-0.1000280977802,0.165,0.178,1
"MTA1","MTA1",0.242190902685552,0.134621753665294,0.146,0.135,1
"DSEL-AS1","DSEL-AS1",0.242357393808438,-0.688157829745617,0.012,0.016,1
"CYB5R3","CYB5R3",0.242415746331966,-0.109858768699235,0.209,0.219,1
"ENSG00000239407","ENSG00000239407",0.242710376486236,0.173140890628861,0.034,0.029,1
"SSR4","SSR4",0.243343359366721,-0.174056828919017,0.087,0.096,1
"LNX1","LNX1",0.24346324760735,0.208102986419011,0.013,0.01,1
"LINC00601","LINC00601",0.24351555347254,0.111937403140415,0.182,0.169,1
"EMP3","EMP3",0.243517132810508,0.316060960609833,0.022,0.018,1
"TMEM45A","TMEM45A",0.24352448745024,0.215665300566867,0.038,0.032,1
"GXYLT1","GXYLT1",0.243729863866614,0.14141578003637,0.103,0.094,1
"RARS2","RARS2",0.24381129920764,-0.171058256423594,0.264,0.271,1
"SNRPD1","SNRPD1",0.243899945184072,-0.287307437104162,0.058,0.066,1
"OSBPL8","OSBPL8",0.24403678233087,-0.159490787177243,0.347,0.355,1
"ENSG00000235381","ENSG00000235381",0.244202417325675,-0.558296042916249,0.012,0.016,1
"ENSG00000264668","ENSG00000264668",0.244213519976912,0.19156471266999,0.031,0.025,1
"DBNDD1","DBNDD1",0.244216241015977,-0.337362721998158,0.021,0.025,1
"ZSCAN22","ZSCAN22",0.244250580636052,0.334584335662346,0.018,0.014,1
"PEX11B","PEX11B",0.244446051950213,-0.313681087623469,0.057,0.064,1
"ZNF639","ZNF639",0.244646398540839,-0.446704096830938,0.05,0.057,1
"ENSG00000226438","ENSG00000226438",0.245278625334773,-0.589968676755007,0.008,0.011,1
"STPG4","STPG4",0.245398701331495,-0.596591285303666,0.008,0.011,1
"PLCB3","PLCB3",0.245719899152459,0.238538920615322,0.011,0.008,1
"KIFAP3","KIFAP3",0.246075522589853,-0.169877078587268,0.26,0.268,1
"ZNHIT1","ZNHIT1",0.246086181074147,-0.246347617035485,0.159,0.168,1
"DDX20","DDX20",0.246292875509159,0.309558767241084,0.023,0.018,1
"UTP15","UTP15",0.246413909339705,0.108474717893279,0.031,0.026,1
"HEBP2","HEBP2",0.246637710792179,0.276413761357555,0.021,0.016,1
"ENSG00000255495","ENSG00000255495",0.246754588841229,0.31264521067202,0.021,0.016,1
"PCDH9-AS2","PCDH9-AS2",0.24682326218075,-0.272179251712402,0.377,0.37,1
"PIP4P2","PIP4P2",0.247001957200782,-0.257368805727338,0.175,0.182,1
"ATP5MC2","ATP5MC2",0.247014162741568,-0.150006345082798,0.329,0.337,1
"TCFL5","TCFL5",0.247256968893941,-0.230994156931574,0.198,0.205,1
"RAB11B-AS1","RAB11B-AS1",0.247404457987897,-0.196761282145115,0.124,0.134,1
"C2orf42","C2orf42",0.247682247991889,-0.178233038313236,0.094,0.103,1
"GPR39","GPR39",0.247755514183344,-0.589874080392293,0.01,0.013,1
"ZNF25","ZNF25",0.247996556026206,-0.1568251351715,0.183,0.191,1
"DNAJA3","DNAJA3",0.248029208191834,0.154045069712745,0.111,0.102,1
"IL10RB","IL10RB",0.248131488817653,-0.436669533180903,0.008,0.011,1
"BNIP3","BNIP3",0.24815634097581,-0.208116199829708,0.181,0.191,1
"POLR1G","POLR1G",0.248500099125918,-0.294372979522728,0.016,0.02,1
"CDC123","CDC123",0.249079082791771,-0.259227647988347,0.156,0.163,1
"NDOR1","NDOR1",0.249119990392743,-0.466573213675777,0.06,0.067,1
"FNTA","FNTA",0.249143027235058,-0.10387618203453,0.189,0.201,1
"FADS1","FADS1",0.249259752836485,-0.284056015472582,0.203,0.209,1
"RBPMS","RBPMS",0.249425937314469,0.191117073169639,0.012,0.009,1
"PPP3CC","PPP3CC",0.249499416526401,-0.155676629702409,0.272,0.282,1
"ENSG00000255872","ENSG00000255872",0.249512869020696,-0.145281885351257,0.187,0.197,1
"ENSG00000259685","ENSG00000259685",0.249577862307212,-0.394498584468168,0.028,0.033,1
"PRDM4","PRDM4",0.249732153351998,0.172122389876457,0.104,0.095,1
"POLM","POLM",0.249855627134467,-0.324254772605796,0.044,0.051,1
"ENSG00000272754","ENSG00000272754",0.249971893670441,-0.191400548245096,0.008,0.011,1
"ENSG00000237877","ENSG00000237877",0.250001201883298,-0.13729116412309,0.139,0.15,1
"NACA2","NACA2",0.250206988753081,0.42249295656129,0.019,0.015,1
"CREM","CREM",0.250237108696618,-0.184483175368426,0.166,0.175,1
"DHX33","DHX33",0.250463750594097,-0.221397227942023,0.047,0.054,1
"RMND5B","RMND5B",0.250720143296246,-0.227745694493211,0.111,0.12,1
"CLIC2","CLIC2",0.250792142683822,-0.353068712357161,0.014,0.018,1
"ELFN1","ELFN1",0.251607379643953,-0.161138060657168,0.022,0.027,1
"TMEM163","TMEM163",0.251806446003342,0.199692395941958,0.026,0.021,1
"LINC00158","LINC00158",0.251870021276729,0.339633515749389,0.029,0.024,1
"GTPBP4","GTPBP4",0.252096246219648,-0.176834353803744,0.097,0.106,1
"RHOT2","RHOT2",0.25225897724566,-0.277691707901139,0.122,0.13,1
"ENSG00000248458","ENSG00000248458",0.252306874735859,0.344992781280598,0.024,0.019,1
"FZD5","FZD5",0.252766918459104,-0.269354478982708,0.049,0.055,1
"RGS6","RGS6",0.252776449580624,-0.113236941980858,0.019,0.024,1
"NHERF2","NHERF2",0.252797429970026,-0.628195285435534,0.007,0.01,1
"ENSG00000233478","ENSG00000233478",0.253150118318508,0.564810041714205,0.013,0.01,1
"ELAVL4","ELAVL4",0.253176041727825,-0.753496361417585,0.007,0.01,1
"MREG","MREG",0.253291560164326,0.214988596108318,0.069,0.062,1
"LOC642361","LOC642361",0.25347382256378,-0.241304833376182,0.045,0.052,1
"STEEP1","STEEP1",0.253551677417695,-0.287223523734509,0.036,0.042,1
"SNHG18","SNHG18",0.253563474641426,0.196853588891539,0.049,0.043,1
"SLC2A3","SLC2A3",0.253710937497387,0.234371909887442,0.023,0.018,1
"TINCR","TINCR",0.253916580320754,0.277240306199527,0.035,0.029,1
"OFD1","OFD1",0.254113147939333,-0.154837793125731,0.242,0.251,1
"ENSG00000246334","ENSG00000246334",0.25426459483389,-0.391261665209831,0.03,0.036,1
"NOB1","NOB1",0.254832201229213,0.119158325342122,0.039,0.033,1
"MKRN2OS","MKRN2OS",0.25495664794283,-0.36620800351344,0.02,0.025,1
"ENSG00000253618","ENSG00000253618",0.254994557062125,0.109768625224091,0.028,0.023,1
"RNF166","RNF166",0.255067008685896,0.280743682578023,0.03,0.025,1
"PUF60","PUF60",0.255112000574801,-0.16308503258371,0.185,0.194,1
"ABR","ABR",0.255128170218371,-0.271242298070317,0.023,0.028,1
"SP100","SP100",0.255240196335017,-0.186935419992383,0.023,0.028,1
"CAP2","CAP2",0.255371309082604,-0.385518655867095,0.007,0.01,1
"TMEM266","TMEM266",0.255456005874087,-0.410747762218225,0.007,0.01,1
"ZNF512B","ZNF512B",0.255684877156342,-0.193935268956501,0.034,0.04,1
"GRIK3","GRIK3",0.255752598395114,-0.390195382088518,0.007,0.01,1
"SPDYE3","SPDYE3",0.255765277741591,-0.192709486516734,0.076,0.084,1
"MFSD1","MFSD1",0.256105818390311,0.111660103338524,0.16,0.148,1
"B3GLCT","B3GLCT",0.256128676649607,-0.152712292183248,0.033,0.039,1
"HEMK1","HEMK1",0.256188798668135,-0.38936105375924,0.047,0.053,1
"ENSG00000282890","ENSG00000282890",0.256310041450968,0.654002714144362,0.013,0.01,1
"NPRL3","NPRL3",0.256314130889697,-0.140472857064194,0.314,0.322,1
"ASTN2-AS1","ASTN2-AS1",0.256450246559575,0.697353643081345,0.012,0.009,1
"AQP1","AQP1",0.256619396909869,-0.202282601915332,0.014,0.018,1
"SMIM12","SMIM12",0.256714317197257,0.158165291640526,0.116,0.107,1
"CCDC107","CCDC107",0.256845437835485,0.153718782574533,0.058,0.051,1
"SV2C","SV2C",0.256933763917732,-0.688058193174306,0.011,0.015,1
"MSN","MSN",0.257106817833515,0.126676588839288,0.117,0.107,1
"DCPS","DCPS",0.257334447599045,0.220340856340461,0.044,0.038,1
"PPIH","PPIH",0.258150885728859,-0.260122298203851,0.058,0.064,1
"SLC26A11","SLC26A11",0.258794642487045,0.105148031379646,0.084,0.076,1
"AAMP","AAMP",0.258997277879171,0.159060496799916,0.075,0.067,1
"ENSG00000246982","ENSG00000246982",0.259158099360526,-0.106750089741153,0.111,0.12,1
"SCN1A-AS1","SCN1A-AS1",0.259264303649342,0.64478457047065,0.01,0.008,1
"RNF212B","RNF212B",0.259340196929982,0.489120816130812,0.012,0.009,1
"ENSG00000248015","ENSG00000248015",0.259380226374804,-0.573473828338809,0.013,0.017,1
"WWC3","WWC3",0.259392082104731,-0.151894776242264,0.248,0.254,1
"POFUT2","POFUT2",0.259408070904001,0.22366803902193,0.04,0.035,1
"PCGF1","PCGF1",0.259421929326103,0.387145984056273,0.012,0.009,1
"ENSG00000228274","ENSG00000228274",0.259700428071661,-0.226176088646677,0.009,0.013,1
"MTHFSD","MTHFSD",0.260022274988631,-0.193201313427974,0.067,0.075,1
"S100A16","S100A16",0.260167135905469,-0.278882140080495,0.013,0.017,1
"TERB1","TERB1",0.260363134165181,0.27897664295849,0.012,0.009,1
"LINC01409","LINC01409",0.260442661033645,-0.231104195066685,0.157,0.165,1
"COX11","COX11",0.260560597576504,-0.198155465214811,0.129,0.138,1
"ENSG00000234177","ENSG00000234177",0.261121386451107,-0.649638333232606,0.007,0.01,1
"ENSG00000249319","ENSG00000249319",0.261128195101475,0.446345827681856,0.041,0.036,1
"AKIP1","AKIP1",0.261167098738323,0.15259434920945,0.058,0.051,1
"P3H1","P3H1",0.261186952193965,-0.415093528727418,0.049,0.055,1
"ENSG00000250012","ENSG00000250012",0.261210024880255,-0.49301037122739,0.007,0.01,1
"EXT2","EXT2",0.261565412692907,0.135874981930742,0.22,0.209,1
"UBOX5","UBOX5",0.261801466000683,-0.141999530618211,0.08,0.088,1
"ENSG00000242798","ENSG00000242798",0.262105419595388,0.298524083358328,0.018,0.014,1
"SYS1-DBNDD2","SYS1-DBNDD2",0.262236987360492,-0.296881378347199,0.054,0.061,1
"CTSK","CTSK",0.262376273441848,0.435950514752006,0.017,0.013,1
"ENSG00000270050","ENSG00000270050",0.262595145773782,0.165271712863561,0.013,0.01,1
"SPMIP2","SPMIP2",0.262625673315391,0.654789662368446,0.015,0.012,1
"ENSG00000261766","ENSG00000261766",0.262945939555752,-0.119944987104134,0.032,0.038,1
"CAMLG","CAMLG",0.262988477375158,0.170481200456726,0.107,0.098,1
"CREG1","CREG1",0.263065230124391,-0.204062924467263,0.077,0.085,1
"ENSG00000276087","ENSG00000276087",0.263163522237621,-0.649825005752565,0.013,0.017,1
"SEPHS1","SEPHS1",0.26319881751382,0.100611088001903,0.091,0.081,1
"RUSC1","RUSC1",0.263577431730966,0.21215298802497,0.02,0.016,1
"AIRIM","AIRIM",0.263780923184717,-0.172476691938068,0.027,0.023,1
"CSKMT","CSKMT",0.263851844176843,-0.42680612183529,0.015,0.019,1
"CPAMD8","CPAMD8",0.263875344170934,0.225038721486165,0.01,0.008,1
"ENSG00000258378","ENSG00000258378",0.264022034230141,0.239421031139453,0.032,0.027,1
"IFRD2","IFRD2",0.264174887579706,0.133884485685299,0.047,0.04,1
"UQCRH","UQCRH",0.264282862948275,0.121763599345181,0.111,0.101,1
"DYNLRB2","DYNLRB2",0.264356604142497,-0.826961049872624,0.011,0.014,1
"FSCN1","FSCN1",0.26492469835517,-0.120431508195091,0.279,0.288,1
"BNIP2","BNIP2",0.265087152491034,-0.177875519809232,0.149,0.158,1
"SNAPC4","SNAPC4",0.265168813368011,0.13629603375516,0.055,0.049,1
"NUF2","NUF2",0.265198821765715,-0.472286036427746,0.027,0.031,1
"COA5","COA5",0.265418413163988,-0.197689676906831,0.082,0.09,1
"ENSG00000255292","ENSG00000255292",0.265578050143802,0.149666758978873,0.032,0.027,1
"NAPA","NAPA",0.265629152488833,-0.26500644961994,0.195,0.201,1
"CHRNB1","CHRNB1",0.265815041017661,0.105471638107825,0.028,0.023,1
"ERLIN2","ERLIN2",0.26624117606463,-0.253586676852547,0.086,0.094,1
"ATRN","ATRN",0.26635928274953,-0.166272726174652,0.36,0.362,1
"RGPD2","RGPD2",0.266565065573703,-0.34572287708147,0.009,0.012,1
"GTF2B","GTF2B",0.266595521712639,-0.28819503414248,0.127,0.135,1
"ZMYND19","ZMYND19",0.266847525088176,0.254952388189121,0.026,0.021,1
"SLFNL1","SLFNL1",0.266872181346602,0.209921297391675,0.017,0.013,1
"ENSG00000267042","ENSG00000267042",0.267168836049254,-0.234589853758079,0.062,0.069,1
"BBS10","BBS10",0.267394511165314,0.238333337125364,0.046,0.04,1
"VPS29","VPS29",0.26746285167321,-0.183297744219991,0.15,0.159,1
"ENSG00000248693","ENSG00000248693",0.268103023917377,-0.733591526278697,0.009,0.012,1
"LAGE3","LAGE3",0.268134579808174,-0.429292770688774,0.054,0.06,1
"LHFPL4","LHFPL4",0.268140211367339,0.269620253190715,0.047,0.041,1
"NUDT16","NUDT16",0.268249555798152,0.316452202528555,0.039,0.033,1
"LRIG2","LRIG2",0.268316260669441,-0.131138038345843,0.294,0.301,1
"ENSG00000268751","ENSG00000268751",0.268388250044841,-0.459870888214605,0.016,0.02,1
"CNRIP1","CNRIP1",0.26874644461464,-0.151829767775931,0.072,0.08,1
"COX7A2L","COX7A2L",0.268925943859474,-0.24778350171676,0.116,0.125,1
"CYB5R1","CYB5R1",0.269028780883607,0.136132652347171,0.058,0.051,1
"RPP25L","RPP25L",0.269053487186168,-0.510455193238194,0.018,0.022,1
"LRRC59","LRRC59",0.269147200526833,0.332145148778404,0.044,0.038,1
"PMM1","PMM1",0.269605425259353,-0.328315589170654,0.031,0.036,1
"ANAPC4","ANAPC4",0.269922115553192,-0.117500851527173,0.234,0.244,1
"TRAFD1","TRAFD1",0.27027973393413,-0.152700437561226,0.199,0.207,1
"HDX","HDX",0.270434996628875,0.119058803039647,0.112,0.102,1
"SPDL1","SPDL1",0.270458399540085,0.101132873957599,0.028,0.023,1
"ZNF529-AS1","ZNF529-AS1",0.270611728997305,-0.13063810951963,0.073,0.081,1
"ENSG00000255229","ENSG00000255229",0.270660201637519,-0.3771177294067,0.019,0.024,1
"FHOD3","FHOD3",0.270924439520439,-0.611239204876882,0.009,0.012,1
"MIR9-3HG","MIR9-3HG",0.271214018861568,0.62697567708496,0.013,0.01,1
"TTC14-DT","TTC14-DT",0.271483342284063,-0.390322558104676,0.029,0.034,1
"GSPT2","GSPT2",0.27175925463603,0.112337829099071,0.015,0.012,1
"TGFB3","TGFB3",0.271850105422248,-0.216971838601957,0.072,0.08,1
"MIER2","MIER2",0.271966229289232,0.126804442866145,0.087,0.079,1
"HK2","HK2",0.272282169290374,-0.387646204409978,0.011,0.014,1
"ZNF317","ZNF317",0.272613330638259,-0.123713303577582,0.054,0.062,1
"ARPC5L","ARPC5L",0.272627128958227,0.208251958563559,0.058,0.051,1
"RIT2","RIT2",0.272651750377106,-0.549187363645537,0.009,0.012,1
"SNRPB","SNRPB",0.272677400028574,-0.309374621915559,0.057,0.064,1
"PPIP5K2","PPIP5K2",0.272745514230579,-0.105525558133719,0.271,0.281,1
"CRAT","CRAT",0.27322730176457,-0.385760457492079,0.025,0.03,1
"DLGAP2","DLGAP2",0.273259330553504,-0.118964819059095,0.016,0.02,1
"CEP89","CEP89",0.273399698984696,-0.109479054852808,0.115,0.125,1
"PABPC3","PABPC3",0.273470015629831,-0.321610910590227,0.011,0.014,1
"ZNF16","ZNF16",0.273673092944788,-0.154434287525851,0.038,0.044,1
"ZNF862","ZNF862",0.273680785911263,-0.176536794067853,0.232,0.239,1
"RB1CC1","RB1CC1",0.2737818291053,-0.116088006140525,0.439,0.439,1
"CDH18","CDH18",0.27387566327143,0.21304865957711,0.039,0.033,1
"ENSG00000283003","ENSG00000283003",0.274009405963494,0.116934569276729,0.107,0.097,1
"FAM76B","FAM76B",0.274025274751078,-0.146469269811654,0.132,0.141,1
"RCOR2","RCOR2",0.274055556891889,-0.218860694903649,0.009,0.012,1
"INTS6L","INTS6L",0.274445171107058,-0.214440648187314,0.116,0.125,1
"INPP5D","INPP5D",0.274800744543894,-0.302761689626157,0.009,0.012,1
"CDC42SE1","CDC42SE1",0.274851494957805,-0.152906632128176,0.213,0.223,1
"PPP1R3D","PPP1R3D",0.275041700420196,0.27067086693597,0.014,0.011,1
"LINC03011","LINC03011",0.275087153824471,0.215490606049145,0.036,0.031,1
"B3GNT2","B3GNT2",0.27514002046041,0.225742815550086,0.042,0.036,1
"ENSG00000260808","ENSG00000260808",0.275233065130731,-0.832221153097564,0.008,0.011,1
"SH3YL1","SH3YL1",0.275655667398434,-0.136950722031232,0.399,0.4,1
"ENSG00000273237","ENSG00000273237",0.275845886231427,0.374269823426907,0.013,0.01,1
"ILF3-DT","ILF3-DT",0.276423119943288,-0.253100045810273,0.163,0.169,1
"PLS3-AS1","PLS3-AS1",0.276635380799873,-0.200042542074517,0.097,0.105,1
"ENSG00000247228","ENSG00000247228",0.276685448106674,0.342630038146424,0.035,0.029,1
"LOC158434","LOC158434",0.276725530636694,-0.207697303511942,0.056,0.062,1
"MROH8","MROH8",0.277044127395278,-0.184479625919671,0.064,0.071,1
"AGER","AGER",0.27732919627229,0.574994612850483,0.011,0.008,1
"SATB2-AS1","SATB2-AS1",0.27772147775438,0.303594863798024,0.011,0.008,1
"LUZP2","LUZP2",0.277996364098834,-0.412129595543443,0.022,0.027,1
"FGFRL1","FGFRL1",0.278227228084682,0.22906266252759,0.02,0.016,1
"C2orf92","C2orf92",0.278718947555868,-0.113138015293306,0.143,0.152,1
"ZDHHC15","ZDHHC15",0.27873079139673,0.387519292439091,0.048,0.042,1
"RFXANK","RFXANK",0.278793625694534,-0.251944355651982,0.033,0.039,1
"MGAT4C","MGAT4C",0.278796222611634,-0.344844926072839,0.02,0.025,1
"PNPLA4","PNPLA4",0.278814766640877,0.522079158822281,0.01,0.007,1
"C22orf23","C22orf23",0.278955904430522,0.266505324105934,0.036,0.031,1
"GLIPR1L1","GLIPR1L1",0.27899766716851,-0.493001937752893,0.024,0.029,1
"ENSG00000188185","ENSG00000188185",0.279054918126052,0.139356966190685,0.078,0.07,1
"SLC7A9","SLC7A9",0.279075560779277,0.411396061392233,0.011,0.008,1
"KRABD4","KRABD4",0.279091385540826,-0.121955081553457,0.215,0.226,1
"BEX1","BEX1",0.279428904713219,-0.298015152318679,0.053,0.059,1
"MYO1C","MYO1C",0.279951541773595,0.298352827019388,0.011,0.008,1
"PFDN5","PFDN5",0.280002308733533,-0.145719973964788,0.157,0.166,1
"ENSG00000273151","ENSG00000273151",0.280102050155708,-0.347171638116019,0.049,0.056,1
"LRRC75B","LRRC75B",0.280221678396269,-0.406148773974575,0.01,0.014,1
"ZNF221","ZNF221",0.280429889678142,0.255887416529931,0.028,0.024,1
"BUD13","BUD13",0.280481027059166,-0.247808975853987,0.05,0.056,1
"TEDC1","TEDC1",0.280711735418457,-0.377374770991802,0.03,0.035,1
"RECQL4","RECQL4",0.280895302922425,0.118871236797413,0.011,0.008,1
"ZNF404","ZNF404",0.280984569372747,0.122710717567972,0.089,0.081,1
"TICAM1","TICAM1",0.281210507603487,0.236327578868115,0.01,0.007,1
"BTBD8","BTBD8",0.281263032703839,-0.115893259197721,0.45,0.455,1
"ENSG00000272040","ENSG00000272040",0.281466846839647,0.365930139087585,0.015,0.012,1
"TARID","TARID",0.281736482853691,-0.43856762968147,0.015,0.019,1
"NOX5","NOX5",0.281785212351021,-0.375212349142068,0.016,0.02,1
"SLC10A6","SLC10A6",0.281823471763252,0.122971774683778,0.016,0.013,1
"ENSG00000283374","ENSG00000283374",0.282422586075316,-0.177276329168512,0.023,0.028,1
"SPDYE2","SPDYE2",0.282474666373859,-0.3478266687048,0.036,0.042,1
"SETD4","SETD4",0.282955870972569,-0.293542585242863,0.164,0.172,1
"WDR36","WDR36",0.283315650924599,-0.258166768787894,0.102,0.11,1
"SLC39A7","SLC39A7",0.283433327772038,-0.312480007147166,0.052,0.058,1
"RHBDL3","RHBDL3",0.283585661659331,-0.253182362818454,0.05,0.056,1
"DNM1","DNM1",0.283598411326192,0.140721446639054,0.049,0.043,1
"GPR107","GPR107",0.283723116025795,-0.118588082688671,0.291,0.299,1
"SLC9A1","SLC9A1",0.284077548500907,0.251732565743988,0.038,0.033,1
"TRIM11","TRIM11",0.284438130389815,0.240181961488555,0.032,0.027,1
"PGS1","PGS1",0.284594448384905,-0.107632326379615,0.151,0.16,1
"ZBTB26","ZBTB26",0.284699862169472,0.147313195334638,0.089,0.081,1
"ZNF436-AS1","ZNF436-AS1",0.284725261708022,-0.289874577171755,0.026,0.031,1
"LIMS1","LIMS1",0.284733874794684,-0.14613629181818,0.293,0.3,1
"ATP5PD","ATP5PD",0.284774566686232,-0.353099722089862,0.062,0.069,1
"AOC2","AOC2",0.284891545716658,-0.146107800558241,0.011,0.008,1
"PSMB2","PSMB2",0.28502666731781,-0.218688650095289,0.149,0.157,1
"CENPE","CENPE",0.285237132309276,-0.565389534239496,0.013,0.017,1
"SPATA21","SPATA21",0.286079641524906,0.272583373595944,0.015,0.012,1
"COX6B1","COX6B1",0.286162427743534,-0.16978688702629,0.194,0.201,1
"POLR2E","POLR2E",0.286402224397732,-0.198194410879843,0.087,0.095,1
"NUDT4","NUDT4",0.286430413292406,0.190869032813342,0.021,0.017,1
"ZNF195","ZNF195",0.286473882370237,-0.154253280849113,0.169,0.177,1
"AP5Z1","AP5Z1",0.286570714533405,0.144900321609402,0.088,0.08,1
"ENSG00000226526","ENSG00000226526",0.286594888645476,-0.739830262738803,0.008,0.01,1
"DACH2","DACH2",0.286622299153807,-0.487498799317658,0.015,0.019,1
"C3orf33","C3orf33",0.286639853265822,-0.799343576717553,0.008,0.01,1
"LOC101929270","LOC101929270",0.286670670309985,0.317314176513735,0.024,0.02,1
"LINGO2","LINGO2",0.286816670346062,-0.310978281897774,0.02,0.025,1
"DCTN6","DCTN6",0.286852029082543,-0.330349161344781,0.077,0.084,1
"PRICKLE1","PRICKLE1",0.28699974172723,-0.749151704027832,0.008,0.01,1
"LINC01508","LINC01508",0.287198387273591,-0.529685050634246,0.012,0.015,1
"POGK","POGK",0.287268111927165,0.111977581826563,0.193,0.182,1
"RAB7B","RAB7B",0.287419031484859,-0.34599792634228,0.024,0.029,1
"FAM107A","FAM107A",0.287598312590276,-0.371330066698787,0.031,0.037,1
"IMMT","IMMT",0.287603433192847,-0.190821588722529,0.22,0.228,1
"NHSL2","NHSL2",0.287773168701243,-0.684978641878894,0.022,0.026,1
"COPS3","COPS3",0.287927278608549,-0.205990893265457,0.093,0.1,1
"IRF3","IRF3",0.288031581311788,0.172616859153435,0.088,0.08,1
"CAPNS1","CAPNS1",0.28843397782743,-0.185018171665358,0.185,0.193,1
"POLH","POLH",0.288534624457308,-0.329185388589244,0.065,0.072,1
"VAMP3","VAMP3",0.288835248329028,-0.194750826763562,0.168,0.175,1
"ENSG00000279851","ENSG00000279851",0.288986298863024,-0.317180723502378,0.044,0.05,1
"SF3A3","SF3A3",0.289113880844364,-0.332641158883258,0.092,0.099,1
"SLC38A7","SLC38A7",0.289847924706968,0.329918573357479,0.078,0.071,1
"ENSG00000267131","ENSG00000267131",0.289879572302107,0.200279112913879,0.019,0.016,1
"FBLN2","FBLN2",0.289935141130091,-0.556396606444461,0.008,0.01,1
"HOMER2","HOMER2",0.290067547666417,-0.223825180910223,0.067,0.074,1
"PRRT3-AS1","PRRT3-AS1",0.290179451831656,-0.329814150962695,0.046,0.052,1
"ZNF763","ZNF763",0.290472062345906,0.17046321567326,0.015,0.012,1
"AP2S1","AP2S1",0.290693178051046,-0.185667745598582,0.101,0.109,1
"SH3GL2","SH3GL2",0.291024072182838,-0.541089902903919,0.008,0.01,1
"ENSG00000274561","ENSG00000274561",0.291250554935088,0.448921421070623,0.018,0.014,1
"PID1","PID1",0.291366125579763,0.555682440071411,0.016,0.012,1
"ENSG00000257359","ENSG00000257359",0.291569567796351,-0.381393629426908,0.008,0.01,1
"MCUB","MCUB",0.291703682480671,-0.270153108099506,0.052,0.059,1
"TMEM116","TMEM116",0.291741785871503,-0.136319098453743,0.123,0.132,1
"PCDHB15","PCDHB15",0.29176277684318,-0.711984012665849,0.009,0.012,1
"TM7SF2","TM7SF2",0.292082768532746,-0.106928482556283,0.176,0.186,1
"TPMT","TPMT",0.292508961872104,-0.219335845699424,0.048,0.054,1
"MRAP","MRAP",0.292518310298368,0.28517140987337,0.022,0.018,1
"ZNF558","ZNF558",0.292525845357935,0.125792669551608,0.066,0.059,1
"LINC02449","LINC02449",0.292758082362455,-0.26847604650772,0.012,0.015,1
"LATS2","LATS2",0.29327906233105,-0.299454999232122,0.055,0.062,1
"SPDYE16","SPDYE16",0.293443919137463,0.12195916140056,0.033,0.028,1
"ENSG00000232912","ENSG00000232912",0.293517979574664,0.198880785228634,0.013,0.01,1
"CATSPERB","CATSPERB",0.293550095121047,0.547675164560152,0.016,0.012,1
"CDK3","CDK3",0.293720029824763,-0.313287843766889,0.026,0.03,1
"ZSCAN25","ZSCAN25",0.293794935507759,-0.129079946656611,0.053,0.059,1
"PLBD2","PLBD2",0.293914581369537,-0.168291328909053,0.139,0.148,1
"ENSG00000263635","ENSG00000263635",0.293982635054806,-0.368618815791025,0.013,0.017,1
"ANGEL2","ANGEL2",0.29400884228931,-0.118750469385015,0.243,0.252,1
"GLMP","GLMP",0.294074435233058,-0.377823048955419,0.03,0.035,1
"TRERF1","TRERF1",0.294152952447402,0.754916576194341,0.014,0.011,1
"TRABD-AS1","TRABD-AS1",0.294362452669457,-0.151046573447086,0.012,0.015,1
"DPY30","DPY30",0.29453059991145,0.139552140850056,0.171,0.16,1
"NIPA2","NIPA2",0.294692994722175,-0.136015516526927,0.092,0.082,1
"DUOXA1","DUOXA1",0.294879165053483,0.23038241345157,0.012,0.009,1
"ZFYVE21","ZFYVE21",0.295008603851578,-0.226323189138624,0.093,0.1,1
"CCDC154","CCDC154",0.295463088852543,-0.269398174697447,0.023,0.027,1
"LYSMD1","LYSMD1",0.295484472644708,-0.248632579423664,0.027,0.032,1
"LINC02754","LINC02754",0.295540919925677,0.293089767353979,0.018,0.014,1
"RILPL2","RILPL2",0.296233296389404,0.275577831077925,0.033,0.028,1
"ZNF747-DT","ZNF747-DT",0.296283501162022,0.331680894478454,0.026,0.021,1
"PPFIA4","PPFIA4",0.296401032575191,-0.831949929478343,0.007,0.01,1
"ENSG00000231217","ENSG00000231217",0.296460222474805,0.254124356603494,0.026,0.021,1
"AGTRAP","AGTRAP",0.296470985546452,-0.221070587055577,0.054,0.061,1
"UQCR10","UQCR10",0.296518089113327,-0.26188407966345,0.156,0.163,1
"BYSL","BYSL",0.296577467407933,0.268687166253824,0.012,0.009,1
"COQ8B","COQ8B",0.296731689262803,0.125998213960483,0.072,0.065,1
"ENSG00000274031","ENSG00000274031",0.297098597091261,0.239977158878916,0.018,0.014,1
"RXFP1","RXFP1",0.297212457830503,0.446685549680316,0.014,0.011,1
"KHK","KHK",0.297219730345114,-0.564497334263794,0.014,0.018,1
"ENSG00000250057","ENSG00000250057",0.297394883715864,-0.381833554054505,0.009,0.012,1
"SURF4","SURF4",0.297701266882095,-0.11648462055655,0.143,0.152,1
"RAP2C","RAP2C",0.297969527757598,-0.221207563888585,0.032,0.037,1
"KCNN2","KCNN2",0.29802588679707,0.335597471891529,0.023,0.019,1
"ENSG00000256287","ENSG00000256287",0.298133077476817,0.268670049576285,0.011,0.008,1
"SLC30A6-DT","SLC30A6-DT",0.29815599356202,-0.509323720609442,0.007,0.01,1
"ENSG00000253720","ENSG00000253720",0.298393681701721,-0.589393314298132,0.007,0.01,1
"SPACA9","SPACA9",0.298802734684261,-0.305977969202409,0.032,0.037,1
"ZNF74","ZNF74",0.298868669441592,0.149752396893878,0.032,0.027,1
"ARHGAP10","ARHGAP10",0.299019506126841,0.488272412494582,0.011,0.008,1
"CDK20","CDK20",0.29906620894177,0.188175820054709,0.011,0.008,1
"THAP11","THAP11",0.299182165755003,0.261656889056676,0.035,0.03,1
"KIAA1614","KIAA1614",0.29992121732908,-0.131933152379628,0.009,0.012,1
"PILRA","PILRA",0.30013939519714,0.112583546194774,0.109,0.1,1
"ENSG00000266957","ENSG00000266957",0.300538568242315,-0.345410430302222,0.007,0.01,1
"CHRNA4","CHRNA4",0.300605070656272,-0.183028171861333,0.018,0.023,1
"NEXN","NEXN",0.300865398084887,0.302258691837917,0.036,0.031,1
"NIF3L1","NIF3L1",0.301090577190925,0.19158078328329,0.042,0.037,1
"PHF7","PHF7",0.301167473692935,-0.219109111290288,0.097,0.105,1
"TEX36","TEX36",0.301303664594987,-0.501629752264783,0.007,0.01,1
"KLHL11","KLHL11",0.301314243155268,0.184604297552601,0.02,0.016,1
"AP4B1","AP4B1",0.30145028775155,-0.205250851178811,0.049,0.055,1
"RNF34","RNF34",0.301645340563702,-0.13811361554381,0.188,0.198,1
"SMDT1","SMDT1",0.30185917622347,-0.295812885427126,0.084,0.091,1
"FBXL19","FBXL19",0.301956962623257,0.160092096933865,0.048,0.042,1
"SMAD1","SMAD1",0.302091484282096,-0.313528780584535,0.086,0.094,1
"LRRC41","LRRC41",0.302411291165011,0.106034362124691,0.178,0.167,1
"FAM222A-AS1","FAM222A-AS1",0.30246407548038,0.181251084353258,0.093,0.085,1
"ENSG00000260693","ENSG00000260693",0.302891648211549,-0.732020802228803,0.009,0.012,1
"TIMM13","TIMM13",0.303207794791293,-0.196687742618189,0.094,0.101,1
"RBM45","RBM45",0.303586993289025,-0.103380166124086,0.156,0.165,1
"HYAL1","HYAL1",0.303818041631458,-0.237704060937477,0.024,0.028,1
"CHP1","CHP1",0.3040805330734,-0.171952431196142,0.153,0.161,1
"ENSG00000285385","ENSG00000285385",0.304223234514397,-0.259551096198875,0.022,0.026,1
"DLL1","DLL1",0.304325751409232,-0.2470318419401,0.105,0.112,1
"TMEM41A","TMEM41A",0.30454000557087,-0.136396344269379,0.057,0.063,1
"METTL18","METTL18",0.304933723096447,0.103323853911765,0.014,0.011,1
"CACHD1","CACHD1",0.304941848496861,-0.654251285533352,0.009,0.012,1
"POC1A","POC1A",0.304993223325521,0.263914007926817,0.024,0.02,1
"THY1","THY1",0.305068670861901,-0.419549655270587,0.018,0.021,1
"ABHD12B","ABHD12B",0.305081213227795,-0.358681283256685,0.031,0.036,1
"CDCA8","CDCA8",0.305177138464049,0.225179074395268,0.014,0.011,1
"ENSG00000228434","ENSG00000228434",0.305182898514584,-0.241547148252081,0.041,0.046,1
"RWDD1","RWDD1",0.30527192058854,-0.107638805307884,0.126,0.135,1
"IFT56","IFT56",0.305397669330241,0.157569318667089,0.033,0.039,1
"HAUS6","HAUS6",0.305492728203581,-0.167223509633702,0.092,0.1,1
"ZNF333","ZNF333",0.305667504637816,-0.137121292201812,0.164,0.173,1
"CAMK2B","CAMK2B",0.306020669539854,-0.403865856046353,0.014,0.018,1
"DHX15","DHX15",0.306619847919379,-0.152303448544533,0.373,0.375,1
"ENSG00000272871","ENSG00000272871",0.306754655977554,-0.541756832805256,0.011,0.014,1
"SYF2","SYF2",0.306761711593399,-0.316401875422421,0.066,0.072,1
"PHLDB3","PHLDB3",0.306800521835847,-0.458081741859536,0.016,0.019,1
"TWSG1","TWSG1",0.307042657251001,-0.227973798517703,0.134,0.142,1
"TMEM18","TMEM18",0.307043092817326,-0.133978617526266,0.05,0.056,1
"MYH9-DT","MYH9-DT",0.307142892672208,0.180845252730934,0.017,0.013,1
"ATF5","ATF5",0.308014075387468,-0.828502691178894,0.014,0.017,1
"SYT1","SYT1",0.308186140902053,0.376150684475739,0.047,0.053,1
"ARL14EP","ARL14EP",0.30818737918054,0.103363309044113,0.086,0.078,1
"MALRD1","MALRD1",0.30823883147345,-0.426198956217664,0.022,0.026,1
"C6orf120","C6orf120",0.30924797149707,0.142935389398657,0.04,0.035,1
"PDCD1LG2","PDCD1LG2",0.309309304396404,-0.415164967491678,0.011,0.014,1
"PDHB","PDHB",0.309613594860049,-0.162602616243192,0.084,0.092,1
"ENSG00000226266","ENSG00000226266",0.309753102285152,-0.256722758270402,0.037,0.042,1
"CDKN2AIP","CDKN2AIP",0.309787863423634,0.107763674465856,0.043,0.038,1
"SUV39H1","SUV39H1",0.309788766871895,-0.191355657626968,0.014,0.018,1
"TENM1","TENM1",0.310133303342776,0.383782164535627,0.013,0.016,1
"ENSG00000203601","ENSG00000203601",0.310261459003841,0.132704863753347,0.051,0.045,1
"SNX11","SNX11",0.310402955423811,0.101795189104855,0.064,0.057,1
"ENSG00000177337","ENSG00000177337",0.310592226889672,0.128199170103204,0.023,0.019,1
"RAB9B","RAB9B",0.310723760088509,0.299523471038287,0.022,0.018,1
"ENSG00000227227","ENSG00000227227",0.310994021361305,0.20220541796333,0.039,0.033,1
"DCTN2","DCTN2",0.311059976490019,-0.149279646587761,0.212,0.219,1
"DHRS7","DHRS7",0.311462626531338,-0.252722209539286,0.093,0.1,1
"RGS3","RGS3",0.311587096883287,-0.183892215634897,0.184,0.192,1
"DIS3","DIS3",0.311606946020361,-0.18006306740208,0.142,0.15,1
"HDAC8","HDAC8",0.311857497396163,-0.139677479429252,0.48,0.472,1
"ENSG00000264589","ENSG00000264589",0.312176763572351,-0.257546860237897,0.064,0.07,1
"PTPRZ1","PTPRZ1",0.312319376409686,-0.342862357915287,0.026,0.03,1
"MCUR1","MCUR1",0.312442461176152,-0.190124488277496,0.059,0.066,1
"PACSIN3","PACSIN3",0.31252941713487,-0.278566460608603,0.063,0.07,1
"ENSG00000249494","ENSG00000249494",0.312537575684518,-0.129675690924633,0.17,0.181,1
"FAM114A2","FAM114A2",0.312539030922244,0.206801312240048,0.056,0.05,1
"EFCAB10","EFCAB10",0.312602197897951,0.356503508426392,0.02,0.016,1
"PLEKHA5","PLEKHA5",0.312814093398356,0.147520854066814,0.16,0.15,1
"PPIA","PPIA",0.312938747932812,0.103527159976863,0.405,0.394,1
"TGFB2","TGFB2",0.313287030182269,0.319928405868717,0.012,0.009,1
"CTSV","CTSV",0.313601605378397,-0.619417560532604,0.009,0.011,1
"ATG2A","ATG2A",0.313690806144634,-0.176622927161939,0.07,0.076,1
"ATP5PB","ATP5PB",0.313763454144145,-0.208375918432518,0.152,0.158,1
"PROM2","PROM2",0.314119728404807,0.220831095247751,0.02,0.016,1
"EIF4ENIF1","EIF4ENIF1",0.314388958167955,-0.196698490784687,0.134,0.142,1
"SAMM50","SAMM50",0.314602420646285,-0.243719790121121,0.064,0.07,1
"FASTKD2","FASTKD2",0.314622107457634,-0.23378739107943,0.072,0.079,1
"KHDC1","KHDC1",0.314854004534814,-0.10445707188479,0.032,0.037,1
"ENSG00000250049","ENSG00000250049",0.315156600456414,-0.513669928957239,0.009,0.011,1
"MLF1-DT","MLF1-DT",0.315316442769196,0.220150015175547,0.012,0.009,1
"MTHFD2L","MTHFD2L",0.315950273470378,-0.22446499828191,0.247,0.252,1
"ZFPL1","ZFPL1",0.316722323469395,0.154987407261877,0.114,0.105,1
"DNAJC17","DNAJC17",0.316732010827113,-0.185120394933114,0.147,0.155,1
"ASPRV1","ASPRV1",0.316916339631262,0.128029369443847,0.027,0.022,1
"LINC01003","LINC01003",0.316940651604522,0.269895444867664,0.025,0.021,1
"ORMDL2","ORMDL2",0.317565286346164,0.109491344044955,0.037,0.032,1
"POLD4","POLD4",0.317760345214217,-0.295738998462554,0.014,0.017,1
"SLC25A21","SLC25A21",0.317825669031512,-0.199859194600291,0.02,0.024,1
"MOB1A","MOB1A",0.317833883925705,-0.23539465861281,0.08,0.086,1
"SCAT2","SCAT2",0.31784371827443,0.191052039698427,0.01,0.008,1
"MZT1","MZT1",0.317897894345767,-0.668087870002709,0.029,0.033,1
"ATG4D","ATG4D",0.318020362270356,0.158801885414798,0.079,0.072,1
"DUSP22","DUSP22",0.318236559726664,-0.145774070423262,0.19,0.197,1
"IFT46","IFT46",0.318337930983891,-0.192283922859981,0.055,0.062,1
"FIGNL1","FIGNL1",0.318407498505353,-0.371793651705179,0.042,0.047,1
"ENSG00000263990","ENSG00000263990",0.318409198703703,0.158133893924378,0.018,0.014,1
"CIAO2A","CIAO2A",0.318708152504646,0.116681748401424,0.128,0.119,1
"HYCC1","HYCC1",0.318815672634457,-0.163307150820662,0.278,0.282,1
"INKA2","INKA2",0.319556839512099,0.112874165096942,0.024,0.02,1
"ABCB1","ABCB1",0.319574475939329,-0.418604747597025,0.009,0.011,1
"CDKN2D","CDKN2D",0.319593642987003,0.259216193613493,0.036,0.031,1
"MFN2","MFN2",0.319722183188236,-0.287255169710955,0.107,0.113,1
"ENSG00000228786","ENSG00000228786",0.319723384600901,-0.392088573236753,0.01,0.013,1
"ABCB8","ABCB8",0.319752552708404,-0.130859089839548,0.12,0.128,1
"PZP","PZP",0.319762547617948,0.15596680219393,0.018,0.014,1
"ENSG00000272501","ENSG00000272501",0.320020546368962,0.232136575598402,0.014,0.011,1
"JUP","JUP",0.320393186293373,-0.173434670130156,0.138,0.145,1
"NUDT22","NUDT22",0.320458251332203,0.15057067238931,0.032,0.028,1
"RNF7","RNF7",0.320525997314116,-0.206579564701544,0.078,0.085,1
"NEK8","NEK8",0.32066794136408,-0.237984128328675,0.012,0.015,1
"CPA2","CPA2",0.320891534791539,0.366993047709558,0.016,0.013,1
"CDK12","CDK12",0.320945610362844,-0.113180990581959,0.312,0.314,1
"CWC25","CWC25",0.321105006281732,0.147500579952079,0.08,0.072,1
"ENSG00000224541","ENSG00000224541",0.321324072872616,0.405633219726903,0.016,0.013,1
"ELP1","ELP1",0.32145380191224,-0.146630085661615,0.223,0.232,1
"KCNB2","KCNB2",0.321566391189117,-0.945651399119691,0.009,0.011,1
"NDUFV1","NDUFV1",0.321634455966041,-0.120244277169232,0.248,0.255,1
"HARS2","HARS2",0.322276363246866,-0.189646148796556,0.03,0.035,1
"TMEM230","TMEM230",0.322343990613019,-0.139803500099058,0.358,0.361,1
"RYR3","RYR3",0.322729393134242,-0.297595925301152,0.024,0.029,1
"GPATCH1","GPATCH1",0.323411438168174,-0.310540416139242,0.053,0.059,1
"SLC38A4-AS1","SLC38A4-AS1",0.323421483382066,-0.218146635052516,0.057,0.064,1
"ENSG00000256073","ENSG00000256073",0.323716141103186,-0.679087843662888,0.012,0.015,1
"FAM220A","FAM220A",0.323776133307211,0.260036854873251,0.035,0.03,1
"FSIP2","FSIP2",0.323819266334423,-0.273242462084765,0.044,0.049,1
"RN7SL832P","RN7SL832P",0.323860240956255,-0.136706072986698,0.012,0.015,1
"STARD3","STARD3",0.32416026486143,-0.106891746723507,0.174,0.183,1
"KSR2","KSR2",0.324186876826687,-0.374739166879809,0.013,0.017,1
"CHPF","CHPF",0.324216731589728,0.252569726820064,0.039,0.034,1
"EPB41","EPB41",0.32437023382203,0.274186961128291,0.036,0.031,1
"CHLSN","CHLSN",0.324465887889362,-0.207837182881659,0.137,0.144,1
"DCK","DCK",0.324743484617083,-0.200666335427894,0.02,0.024,1
"MCF2","MCF2",0.324799358606429,-0.214362130931345,0.027,0.032,1
"ANKDD1A","ANKDD1A",0.324809755070264,-0.273806936246634,0.06,0.066,1
"ANKRD50","ANKRD50",0.324847489700574,0.256797450671765,0.059,0.053,1
"COIL","COIL",0.324956805494649,0.14449922670725,0.071,0.064,1
"REL","REL",0.325574782450607,0.25574424817309,0.067,0.06,1
"HAUS1","HAUS1",0.326081888610808,0.115847194527735,0.048,0.042,1
"AMOT","AMOT",0.326113768702387,0.300200859358514,0.028,0.024,1
"BORA","BORA",0.326143725928913,0.301147390348988,0.028,0.024,1
"ADIRF","ADIRF",0.326222453456737,0.490516167985269,0.013,0.01,1
"RRM1","RRM1",0.326305289222946,-0.276056151820703,0.067,0.074,1
"PNMA2","PNMA2",0.326474702546222,0.100008297792512,0.014,0.011,1
"PES1","PES1",0.326522566924192,-0.305434261081372,0.054,0.06,1
"SLC7A6","SLC7A6",0.326526078863077,0.138930177735769,0.063,0.057,1
"ZBTB48","ZBTB48",0.326697047711499,-0.265381241493204,0.041,0.046,1
"ZBTB45","ZBTB45",0.326796100069552,0.185297611410805,0.026,0.022,1
"SNHG15","SNHG15",0.326954163677855,-0.450896282110511,0.03,0.035,1
"TMX4","TMX4",0.327302807802542,-0.135006773938789,0.132,0.141,1
"ENSG00000255252","ENSG00000255252",0.327524851212278,0.178868329401556,0.038,0.033,1
"COX5A","COX5A",0.327719451493367,-0.268181157345873,0.093,0.1,1
"ENSG00000203325","ENSG00000203325",0.327903212905853,0.282336967734476,0.031,0.027,1
"GPC1","GPC1",0.327946947496646,-0.215051986545999,0.048,0.053,1
"MAPK7","MAPK7",0.328039079664165,0.377318091680093,0.013,0.01,1
"ATP2B2","ATP2B2",0.328247378355509,-0.842009358365795,0.01,0.013,1
"STIL","STIL",0.328430326766528,0.472663090163953,0.022,0.019,1
"SALL2","SALL2",0.328456032049634,0.136394253718062,0.016,0.013,1
"ITPRIP","ITPRIP",0.329032106257217,-0.312406718858725,0.008,0.011,1
"DNAAF11","DNAAF11",0.329219191875637,-0.628553034658485,0.01,0.013,1
"ENSG00000267731","ENSG00000267731",0.329661318953997,-0.346010043876347,0.008,0.011,1
"ATRNL1","ATRNL1",0.32972517579173,-0.372752716096969,0.018,0.022,1
"ZNF197","ZNF197",0.329822724788522,-0.195270362006668,0.183,0.191,1
"KIAA0319","KIAA0319",0.330090613361595,0.176798163751674,0.013,0.01,1
"ADAMTS1","ADAMTS1",0.330129156932602,0.109974853593951,0.071,0.064,1
"OGFOD2","OGFOD2",0.330517161082443,0.300926662770357,0.022,0.019,1
"CDC37L1-DT","CDC37L1-DT",0.330636063473177,-0.55883369432865,0.01,0.013,1
"LOC124903478","LOC124903478",0.330738574324358,-0.31465601923007,0.092,0.098,1
"ZNF346","ZNF346",0.331092686300187,-0.157251954648689,0.146,0.154,1
"DCLRE1A","DCLRE1A",0.3320033353322,-0.339962347486237,0.018,0.022,1
"ENSG00000253194","ENSG00000253194",0.332166380993813,0.127523463685281,0.035,0.03,1
"PROSER1","PROSER1",0.33260161146819,-0.247229221549206,0.099,0.106,1
"ENSG00000272840","ENSG00000272840",0.332624180586312,0.411079319473727,0.011,0.009,1
"ENSG00000167945","ENSG00000167945",0.332707322088583,-0.237200394699243,0.052,0.057,1
"ZNF569","ZNF569",0.33302916993196,-0.128664307473874,0.138,0.146,1
"NANOG","NANOG",0.333311111008276,-0.264656687716558,0.012,0.015,1
"RARB","RARB",0.333399746221942,0.136145394345881,0.019,0.016,1
"CENPA","CENPA",0.33350679306323,0.162039999535106,0.028,0.024,1
"SPATC1L","SPATC1L",0.333553402597357,-0.218651147748596,0.045,0.051,1
"TSPYL5","TSPYL5",0.33363284340893,0.142122461839933,0.037,0.032,1
"NFATC1","NFATC1",0.333684431468408,0.271116179496062,0.026,0.022,1
"WAPL-DT","WAPL-DT",0.333898156821589,-0.196903654962473,0.021,0.025,1
"NIPAL4","NIPAL4",0.334121727121496,-0.122699821470447,0.108,0.116,1
"SNX21","SNX21",0.334179983948539,-0.338728635794486,0.027,0.032,1
"CARD8","CARD8",0.334286691213284,-0.16411637098385,0.111,0.119,1
"ENSG00000272182","ENSG00000272182",0.335036676309837,-0.219176948091134,0.057,0.062,1
"DORIP1","DORIP1",0.335076880944578,-0.342991408385991,0.035,0.04,1
"LOC100287944","LOC100287944",0.335173144995721,-0.579764457351845,0.016,0.02,1
"ENSG00000272086","ENSG00000272086",0.335347997919995,-0.127260253669912,0.013,0.01,1
"SRM","SRM",0.33560950991843,-0.160890942926267,0.075,0.082,1
"ENSG00000259138","ENSG00000259138",0.335941356278175,-0.267152599062642,0.019,0.023,1
"ENSG00000277527","ENSG00000277527",0.336817630150126,0.571369972575228,0.01,0.008,1
"PTDSS1","PTDSS1",0.337232521534644,-0.245665203361581,0.053,0.059,1
"ENSG00000258982","ENSG00000258982",0.337351548132335,0.182508834605521,0.052,0.046,1
"TBC1D7","TBC1D7",0.337608727541278,0.244298028935115,0.063,0.057,1
"PDCD2","PDCD2",0.337842606268514,-0.187692957331504,0.058,0.064,1
"ALG10","ALG10",0.337888493898214,0.135044013220146,0.022,0.019,1
"AQP4","AQP4",0.338131296585325,-0.332943189885445,0.038,0.043,1
"RMP24","RMP24",0.338395920358925,-0.254824159934144,0.022,0.026,1
"C4orf36","C4orf36",0.338700721956055,-0.321530373488754,0.013,0.016,1
"DPH1","DPH1",0.338835098550229,-0.208852092818193,0.019,0.023,1
"UBL7-DT","UBL7-DT",0.338963382990454,-0.427418997393119,0.037,0.042,1
"ENSG00000232220","ENSG00000232220",0.338975926699309,0.518350630775919,0.01,0.008,1
"SDHAF3","SDHAF3",0.339066865699003,0.142924392935178,0.079,0.072,1
"CYP3A43","CYP3A43",0.339124445496517,-0.644412342744753,0.009,0.012,1
"ENSG00000264340","ENSG00000264340",0.339587720152736,0.122219537796854,0.011,0.009,1
"MINPP1","MINPP1",0.339897085184358,-0.248894217447343,0.082,0.088,1
"SLC9A2","SLC9A2",0.339909021433169,-0.51664595303413,0.009,0.012,1
"ASTN1","ASTN1",0.339963675399947,-0.219711695802169,0.057,0.063,1
"FBXO8","FBXO8",0.339976897617915,0.130121235186409,0.102,0.094,1
"HSD17B13","HSD17B13",0.339985323630629,0.263700867105379,0.027,0.023,1
"ARHGDIA","ARHGDIA",0.340007743116513,-0.175494644922229,0.214,0.22,1
"PCDH9-AS1","PCDH9-AS1",0.340254866895215,-0.181849953869493,0.126,0.133,1
"ZNF135","ZNF135",0.340440894079952,-0.147542508540159,0.244,0.251,1
"MRPL55","MRPL55",0.340513170464253,-0.178268626874571,0.072,0.079,1
"ENSG00000250938","ENSG00000250938",0.340651283528093,-0.277742445745223,0.137,0.144,1
"MOCS2-DT","MOCS2-DT",0.340827155632366,0.223346985175404,0.02,0.017,1
"MTUS2","MTUS2",0.340836216658297,-0.290299948957788,0.022,0.026,1
"SHISA9","SHISA9",0.340851739954703,0.281480586968099,0.013,0.011,1
"NDUFA2","NDUFA2",0.340981038310456,-0.195752349035771,0.083,0.09,1
"SIDT2","SIDT2",0.341088330447046,0.124336545990205,0.193,0.183,1
"ENSG00000272305","ENSG00000272305",0.341335518709918,-0.3600992723086,0.035,0.039,1
"APEH","APEH",0.341594268554141,-0.348762332351122,0.016,0.02,1
"RAB12","RAB12",0.341608985487523,-0.132626233199658,0.237,0.245,1
"UQCRHL","UQCRHL",0.341708907280064,-0.331254107614678,0.011,0.014,1
"ATP5F1B","ATP5F1B",0.341814484780432,-0.165553601791839,0.168,0.174,1
"PPP3CB","PPP3CB",0.341889607714892,-0.170857276766627,0.267,0.271,1
"RBBP8","RBBP8",0.3420967377229,-0.487990718756384,0.014,0.018,1
"KBTBD4","KBTBD4",0.342129416176911,0.24526649452315,0.018,0.015,1
"STK24","STK24",0.342517156581654,0.140674132431618,0.083,0.076,1
"MTIF2","MTIF2",0.342914518414247,0.142588684187422,0.098,0.091,1
"TMEM39B","TMEM39B",0.343185567780944,0.138562003450027,0.101,0.093,1
"ENSG00000263709","ENSG00000263709",0.343292483856194,-0.302509123088801,0.027,0.031,1
"ENSG00000261474","ENSG00000261474",0.343393122993167,-0.120030369607349,0.106,0.113,1
"ENSG00000237844","ENSG00000237844",0.3443255611,-1.0170818455033,0.014,0.017,1
"C9orf43","C9orf43",0.344645911024825,0.199506215065935,0.016,0.013,1
"FUBP3","FUBP3",0.345035200165245,-0.10546765466349,0.305,0.309,1
"TMEM47","TMEM47",0.345747342525379,-0.326378901119804,0.011,0.014,1
"TRIM41","TRIM41",0.345767638157416,0.122652069645072,0.047,0.042,1
"MPP1","MPP1",0.34613411872153,-0.294873766489163,0.042,0.047,1
"ENSG00000261526","ENSG00000261526",0.346196530866661,-0.308079025029429,0.023,0.027,1
"KLHL26","KLHL26",0.346471433925088,-0.171125309762592,0.025,0.029,1
"LOC105375366","LOC105375366",0.346708575996067,-0.320955159902951,0.059,0.064,1
"SEC11C","SEC11C",0.346787812059018,-0.136480210750968,0.166,0.173,1
"RFTN1","RFTN1",0.346895941330366,0.460241007368727,0.012,0.01,1
"ENSG00000233885","ENSG00000233885",0.347184702211963,0.527701558280515,0.028,0.024,1
"MAP2K1","MAP2K1",0.347266892037367,-0.187810378651708,0.143,0.15,1
"MAP3K14","MAP3K14",0.347281844726542,0.100417720909475,0.057,0.051,1
"NRCAM","NRCAM",0.347408603626868,-0.360273484608846,0.02,0.024,1
"SPDYE5","SPDYE5",0.347468918348143,-0.292305576513785,0.062,0.067,1
"NKIRAS2","NKIRAS2",0.347713402078086,0.143682589638255,0.047,0.042,1
"CATSPERG","CATSPERG",0.348329215481754,-0.148744317335212,0.151,0.16,1
"ZHX1-C8orf76","ZHX1-C8orf76",0.348621042109676,0.185144245873825,0.033,0.029,1
"FIBP","FIBP",0.348993620796197,-0.461248913918567,0.042,0.046,1
"WARS1","WARS1",0.349431995757541,-0.102846379831266,0.066,0.073,1
"GSR","GSR",0.34945298963406,0.129333201368764,0.081,0.074,1
"PRR7","PRR7",0.349669870807599,-0.344693336276639,0.034,0.039,1
"KCNA2","KCNA2",0.349723022959569,-0.230781421282844,0.019,0.023,1
"ZNF319","ZNF319",0.349728771148917,-0.517891611830602,0.013,0.016,1
"TEKTIP1","TEKTIP1",0.349873319675022,-0.334231143136246,0.013,0.016,1
"ARL17A.1","ARL17A.1",0.350237991571074,-0.17127391765753,0.157,0.164,1
"ARFGAP2","ARFGAP2",0.350280480069324,-0.131581167848799,0.165,0.172,1
"ENSG00000274220","ENSG00000274220",0.350289999868662,-0.312052282877115,0.023,0.027,1
"ENSG00000259380","ENSG00000259380",0.350709893897587,-0.207848578302451,0.137,0.144,1
"KCNC1","KCNC1",0.350853078875981,0.461335117609067,0.014,0.012,1
"BAIAP2L1","BAIAP2L1",0.350944214241558,-0.351470638683811,0.106,0.112,1
"TMCO1","TMCO1",0.35100027997616,-0.17326497381776,0.194,0.2,1
"URB2","URB2",0.351826528177875,0.154325362176331,0.055,0.049,1
"ENSG00000258580","ENSG00000258580",0.35190302792767,-0.475732822458643,0.027,0.031,1
"CFAP97","CFAP97",0.351927625328653,-0.177240461629023,0.126,0.133,1
"TAB3","TAB3",0.35193816744995,-0.159180712276049,0.099,0.107,1
"TAGLN3","TAGLN3",0.35244867543263,-0.294459949610577,0.016,0.019,1
"PSMB4","PSMB4",0.353075689906338,-0.256513496211212,0.104,0.11,1
"RAVER1","RAVER1",0.353196350893921,0.232125039968548,0.014,0.012,1
"UROD","UROD",0.353704360299493,-0.339774800486778,0.042,0.047,1
"PET100","PET100",0.354535968954198,-0.405929280402086,0.026,0.03,1
"CASP9","CASP9",0.354980465544642,-0.253143000155363,0.065,0.071,1
"KLF8","KLF8",0.355016556274137,-0.366526049811075,0.011,0.014,1
"CPSF1","CPSF1",0.355023415097398,0.160475667598246,0.053,0.048,1
"LOC105375344","LOC105375344",0.355227014998219,-0.420426985708502,0.009,0.012,1
"ENSG00000249209","ENSG00000249209",0.355481021263738,0.113375547834171,0.047,0.042,1
"GPR63","GPR63",0.355908655332168,-0.38186298218888,0.009,0.012,1
"CSNK1E","CSNK1E",0.355947026122112,0.112337964156945,0.187,0.178,1
"GRIN2A","GRIN2A",0.355998823221087,-0.336708201285796,0.072,0.079,1
"MAPK8IP2","MAPK8IP2",0.356285345846023,0.141998377259324,0.022,0.018,1
"OTUD6B","OTUD6B",0.356411001335463,-0.240249152339231,0.103,0.11,1
"PHPT1","PHPT1",0.356443377928422,0.220728384210494,0.172,0.163,1
"METTL6","METTL6",0.35663088506548,-0.150714126042254,0.178,0.187,1
"SLC25A10","SLC25A10",0.356688682125239,-0.380990825917999,0.009,0.012,1
"GRB2","GRB2",0.357834740816322,-0.138914442245586,0.261,0.267,1
"SNAP25","SNAP25",0.357958455498974,0.126176438717874,0.075,0.068,1
"RMP64","RMP64",0.358071363009659,-0.14706038023597,0.109,0.116,1
"NSG2","NSG2",0.358203344489747,-0.445524020614757,0.011,0.014,1
"POLE","POLE",0.359081675145488,-0.396633307622865,0.021,0.025,1
"CENPP","CENPP",0.359157672402443,-0.159021348641345,0.239,0.246,1
"PLPPR2","PLPPR2",0.359632332312406,-0.16030849349628,0.051,0.057,1
"RTN4R","RTN4R",0.359672738459943,0.11526888549036,0.011,0.008,1
"DNAH3","DNAH3",0.359673511983396,0.442094002731489,0.013,0.01,1
"HRAS","HRAS",0.360181734258106,-0.193228720591399,0.062,0.068,1
"MRGBP","MRGBP",0.361110545216541,0.18162879575865,0.035,0.031,1
"AKR1A1","AKR1A1",0.36126442675417,-0.187565441107151,0.093,0.099,1
"PPP2R1B","PPP2R1B",0.361583361048014,-0.124546995614003,0.266,0.271,1
"ENSG00000259523","ENSG00000259523",0.361710108520552,0.107271225380145,0.011,0.008,1
"THSD4-AS1","THSD4-AS1",0.362092050778144,-0.193186227327402,0.224,0.228,1
"IQSEC2","IQSEC2",0.362177305253314,0.297063671914509,0.013,0.01,1
"SCAND1","SCAND1",0.362245834368712,-0.177483956541478,0.147,0.154,1
"ENSG00000268352","ENSG00000268352",0.362692584244984,-0.268478758428263,0.018,0.022,1
"SEMA3E","SEMA3E",0.363205122351144,-0.327713730792149,0.012,0.015,1
"MRPL21","MRPL21",0.36333683989083,-0.376700058082784,0.041,0.046,1
"SCARA3","SCARA3",0.363572248635493,0.189471819859381,0.077,0.07,1
"ATP6V0D1-DT","ATP6V0D1-DT",0.363974129863237,-0.140894883150414,0.171,0.178,1
"ARMC1","ARMC1",0.364053641805273,-0.14304980192252,0.218,0.221,1
"STAT5A","STAT5A",0.36407141447103,-0.329310226290797,0.033,0.037,1
"ZNF775","ZNF775",0.364145317992063,-0.398223401807752,0.038,0.043,1
"OXSM","OXSM",0.364403177971874,0.121503757780817,0.011,0.014,1
"PVR","PVR",0.364501822373084,0.155080139392252,0.013,0.01,1
"STKLD1","STKLD1",0.364820094032749,0.145917392827614,0.028,0.024,1
"RNF115","RNF115",0.365361344896978,-0.124981651090435,0.404,0.408,1
"RRP9","RRP9",0.365801819299093,-0.59215119371264,0.015,0.018,1
"CA10","CA10",0.365967405851098,-0.587768868814522,0.01,0.013,1
"CHD4","CHD4",0.368034978013386,-0.106946631567673,0.131,0.138,1
"NFIB-AS1","NFIB-AS1",0.368439451731287,-0.378627112312078,0.009,0.011,1
"DPY19L2","DPY19L2",0.368795297836594,0.165485605118262,0.025,0.021,1
"HIPK1","HIPK1",0.369002446623114,-0.155323644738997,0.143,0.15,1
"PGM2L1","PGM2L1",0.369531608630554,-0.367565668145127,0.013,0.016,1
"SETD3","SETD3",0.369838390623625,-0.108625629388583,0.225,0.23,1
"CCDC127","CCDC127",0.370470920002907,-0.320291325247388,0.048,0.053,1
"PLET1","PLET1",0.370612103814186,-0.414029146298504,0.013,0.016,1
"EML4","EML4",0.370721941406785,-0.256998625699465,0.121,0.128,1
"PGAM5","PGAM5",0.370990293479341,0.278220221877764,0.019,0.016,1
"TMEM258","TMEM258",0.371064595014172,-0.146714063149198,0.235,0.238,1
"SHROOM2","SHROOM2",0.371851033035566,-0.13875973638216,0.017,0.02,1
"LRP1","LRP1",0.371941046602618,0.217067674481541,0.016,0.013,1
"IL11RA","IL11RA",0.372010227582867,0.173698048311668,0.061,0.055,1
"ESCO1","ESCO1",0.372384863685536,-0.121077314898587,0.197,0.205,1
"EVA1A-AS","EVA1A-AS",0.372499277453129,0.206494737152815,0.016,0.013,1
"ENSG00000254267","ENSG00000254267",0.372685591807556,0.368974593652195,0.012,0.009,1
"PRPS2","PRPS2",0.373172344774346,-0.484127983585799,0.02,0.024,1
"STMN2","STMN2",0.373176857013031,-0.309354034657854,0.015,0.018,1
"CCDC28B","CCDC28B",0.373195701750791,0.165292700685197,0.012,0.009,1
"MIR4435-2HG","MIR4435-2HG",0.373383116440114,0.119663199604215,0.034,0.029,1
"ACSM3","ACSM3",0.37359897187749,-0.449875490108945,0.024,0.028,1
"FXYD4","FXYD4",0.373696666966892,-0.693625336462778,0.008,0.01,1
"NECTIN1","NECTIN1",0.373750046431974,-0.115495607901147,0.312,0.319,1
"DAPK1","DAPK1",0.374746427626254,-0.305941851508817,0.022,0.026,1
"TNXB","TNXB",0.374808887478281,-0.941236751295704,0.008,0.01,1
"VPS25","VPS25",0.375402435430933,-0.257135230647441,0.032,0.036,1
"MYH7B","MYH7B",0.375410162972624,-0.20485935711492,0.109,0.115,1
"PRKAG1","PRKAG1",0.37573031826849,-0.160643658052106,0.12,0.128,1
"YKT6","YKT6",0.375827897857487,0.103080484911739,0.083,0.077,1
"ENSG00000261613","ENSG00000261613",0.376724169408212,0.124227210536795,0.016,0.013,1
"UAP1","UAP1",0.376852842489375,-0.264657508755584,0.026,0.03,1
"OSBPL6","OSBPL6",0.377101923619277,-0.19920239183772,0.012,0.014,1
"ENSG00000260017","ENSG00000260017",0.377102357968749,0.525813440431268,0.01,0.008,1
"PDZD11","PDZD11",0.377230709874154,-0.377949072304586,0.016,0.019,1
"ENSG00000236234","ENSG00000236234",0.377299048120367,0.116013589504432,0.014,0.011,1
"NUCB2","NUCB2",0.377303868169908,0.104675243386481,0.086,0.079,1
"FLT3","FLT3",0.377320752889948,-0.222774631733571,0.045,0.05,1
"PARP11","PARP11",0.377623529311933,-0.140123223570629,0.093,0.099,1
"LINC01492","LINC01492",0.377678265584878,-0.583525669886343,0.008,0.01,1
"MIGA2","MIGA2",0.378192054623807,-0.183411351728475,0.064,0.07,1
"STAT1","STAT1",0.378210511415141,-0.230992951876122,0.098,0.105,1
"TOE1","TOE1",0.3785286641617,-0.290360089762939,0.016,0.019,1
"ENSG00000260526","ENSG00000260526",0.378546620414598,-0.405771535407382,0.01,0.012,1
"RHD","RHD",0.378732402403727,-0.135721514076713,0.012,0.009,1
"SLC38A6","SLC38A6",0.379145416802165,-0.118686407071531,0.141,0.15,1
"CNTD1","CNTD1",0.379625569542157,0.527643505658787,0.01,0.008,1
"PREB","PREB",0.380270348761794,-0.106444325659047,0.057,0.051,1
"PIK3CB","PIK3CB",0.380386259044731,-0.101213971971771,0.429,0.434,1
"DOLK","DOLK",0.380395559418539,0.437336508188938,0.01,0.008,1
"ZNF699","ZNF699",0.380402673820516,-0.238594217783335,0.03,0.034,1
"RNF128","RNF128",0.38067831123329,0.165091093875981,0.017,0.014,1
"UQCC1","UQCC1",0.38103657379315,-0.116418580103851,0.272,0.276,1
"B3GAT2","B3GAT2",0.381270644778976,0.198228543765155,0.017,0.014,1
"IL34","IL34",0.381471502419209,-0.346464436660558,0.008,0.01,1
"PLA2G15","PLA2G15",0.381875705479763,-0.209313587795577,0.026,0.029,1
"CLN8-AS1","CLN8-AS1",0.3819333983927,-0.201383913799424,0.044,0.049,1
"TSFM","TSFM",0.382103771182556,-0.254232718959439,0.043,0.048,1
"MRPL28","MRPL28",0.382525734970669,-0.107917088609358,0.062,0.068,1
"KLHL12","KLHL12",0.382657499681862,-0.134278078446061,0.095,0.102,1
"COPS7B","COPS7B",0.382787139469761,-0.14709123307262,0.11,0.117,1
"ENSG00000283118","ENSG00000283118",0.383519327855495,-0.251647677243014,0.018,0.021,1
"FRY","FRY",0.383618422921623,-0.235496179446415,0.069,0.075,1
"POLR2I","POLR2I",0.383709570470773,-0.169095560593331,0.098,0.105,1
"WDR27","WDR27",0.383916332127876,-0.210733254254009,0.223,0.228,1
"ORAI2","ORAI2",0.384040975720787,-0.290473532015837,0.014,0.017,1
"TCTN1","TCTN1",0.384091263139857,-0.33664172483321,0.049,0.054,1
"ENSG00000228204","ENSG00000228204",0.384367436783425,0.207750166741423,0.027,0.024,1
"TRPT1","TRPT1",0.384570369926048,0.242931267532907,0.028,0.025,1
"GLRX2","GLRX2",0.384662502710046,-0.236460893965885,0.05,0.055,1
"ESR1","ESR1",0.385498024998553,0.258444732079536,0.015,0.012,1
"LIPE-AS1","LIPE-AS1",0.385842169615913,-0.306719035342532,0.163,0.168,1
"MGME1","MGME1",0.385903249699302,-0.135501861627504,0.065,0.071,1
"IQCB1","IQCB1",0.385929349360753,-0.135670635851415,0.217,0.222,1
"ZNF415","ZNF415",0.385998718121059,-0.214672055529229,0.098,0.104,1
"TBC1D9B","TBC1D9B",0.386006740857053,0.104268337968458,0.191,0.182,1
"CDIPT","CDIPT",0.386433053621872,-0.205261318592928,0.087,0.093,1
"TPM3","TPM3",0.386595141267771,-0.128331049424085,0.133,0.141,1
"TDRKH-AS1","TDRKH-AS1",0.38682909913434,0.162499921501895,0.015,0.012,1
"DSN1","DSN1",0.386860078214579,0.304466127653655,0.018,0.015,1
"GALE","GALE",0.38694449043461,0.377768910291828,0.013,0.01,1
"GTF3C6","GTF3C6",0.387330758834501,-0.277154592330519,0.054,0.059,1
"ENSG00000231829","ENSG00000231829",0.387345326910378,0.162964790462862,0.013,0.01,1
"ENSG00000263033","ENSG00000263033",0.388267487116562,0.24470742151673,0.041,0.036,1
"ZFHX2","ZFHX2",0.388491391972886,-0.162871243236273,0.141,0.147,1
"PDGFRL","PDGFRL",0.388566189135942,0.180429818669871,0.02,0.017,1
"ENSG00000177946","ENSG00000177946",0.38896199001015,0.388060086993036,0.021,0.018,1
"CRTC2","CRTC2",0.389198961285053,-0.211698902913695,0.057,0.062,1
"BLOC1S4","BLOC1S4",0.3895553066936,-0.327260306308004,0.027,0.03,1
"ENSG00000270605","ENSG00000270605",0.389965171026478,-0.432058230009815,0.013,0.015,1
"LRRC28","LRRC28",0.390160033539761,-0.129532764017097,0.26,0.266,1
"PTTG1IP","PTTG1IP",0.390912211074233,0.105777959896688,0.193,0.183,1
"POGLUT3","POGLUT3",0.390960634975774,-0.50962386878073,0.009,0.012,1
"MIR9-1HG","MIR9-1HG",0.390983840956107,-0.208999897920643,0.217,0.221,1
"SLC35G1","SLC35G1",0.391112216508169,0.482100715845028,0.013,0.011,1
"VPS72","VPS72",0.391265917397917,0.155762776721341,0.072,0.066,1
"SUPT7L","SUPT7L",0.391460468649938,-0.269621331567775,0.101,0.107,1
"ENSG00000260658","ENSG00000260658",0.391816233354441,0.499389396629426,0.011,0.009,1
"ENG","ENG",0.391849960449213,0.128115602521637,0.02,0.017,1
"PHF23","PHF23",0.39199130451893,0.114222145291783,0.018,0.015,1
"ZNF407-AS1","ZNF407-AS1",0.39284255716497,0.168366737595389,0.067,0.061,1
"NDUFA1","NDUFA1",0.393187658513545,-0.208888791427086,0.107,0.113,1
"NTNG1","NTNG1",0.393505892184779,-0.383841848080144,0.009,0.012,1
"ACBD5","ACBD5",0.393583404052756,-0.199749140331382,0.147,0.153,1
"SHISA6","SHISA6",0.393832080745536,0.733056718436014,0.025,0.021,1
"MSRB2","MSRB2",0.39385719713814,-0.148341625695635,0.12,0.127,1
"LINC02307","LINC02307",0.393885446689087,0.340791013289748,0.013,0.011,1
"SYN3","SYN3",0.394056657741754,-0.222145801191826,0.033,0.038,1
"MRPL35","MRPL35",0.394114396120891,-0.261583880849923,0.062,0.067,1
"SCYL2","SCYL2",0.394615363555853,-0.180986653911686,0.206,0.211,1
"EPHA6","EPHA6",0.394917013370495,0.351570746035196,0.023,0.02,1
"CFAP298-TCP10L","CFAP298-TCP10L",0.395195528233062,0.2831777155202,0.011,0.009,1
"ARF5","ARF5",0.39611575942894,-0.285111708228088,0.064,0.069,1
"TMEM203","TMEM203",0.396334543784751,-0.204938374001415,0.029,0.033,1
"ENSG00000221990","ENSG00000221990",0.396662203377034,0.22461280365279,0.023,0.02,1
"TRIR","TRIR",0.396997323246891,0.110247104119719,0.176,0.167,1
"CENPL","CENPL",0.397012147000096,-0.221569533039003,0.008,0.01,1
"PTPRO","PTPRO",0.397250346899132,-0.254832116867008,0.017,0.02,1
"ENSG00000235079","ENSG00000235079",0.397611859900061,-0.276112449672693,0.013,0.015,1
"ENSG00000227945","ENSG00000227945",0.397720488667505,0.205676873152342,0.025,0.022,1
"BRI3","BRI3",0.397981757314309,-0.116968321675387,0.249,0.254,1
"PLOD2","PLOD2",0.398078794324525,-0.232594664391855,0.049,0.054,1
"IL1RAPL2","IL1RAPL2",0.398382564383783,0.298426326308985,0.028,0.024,1
"TWF1","TWF1",0.39883560880153,-0.248260743994481,0.109,0.115,1
"SARS1","SARS1",0.398941685758265,-0.146740024943391,0.199,0.205,1
"SELENOM","SELENOM",0.399078893538252,-0.221759136669229,0.114,0.119,1
"HADH","HADH",0.399383944280781,-0.301193114889686,0.069,0.074,1
"ACTR6","ACTR6",0.399519641302507,0.1463161590962,0.087,0.08,1
"ENSG00000267750","ENSG00000267750",0.399977040056921,0.12039505177731,0.019,0.016,1
"KLF12","KLF12",0.400519405944229,-0.29743960619547,0.022,0.026,1
"ARIH2OS","ARIH2OS",0.400601945432353,-0.403833448956375,0.017,0.02,1
"ENSG00000267348","ENSG00000267348",0.400718023178027,0.13151687146321,0.038,0.033,1
"DERL2","DERL2",0.400864016831877,-0.174546003769023,0.081,0.087,1
"CIAPIN1","CIAPIN1",0.401504479322923,-0.341908007533074,0.065,0.07,1
"ENSG00000254035","ENSG00000254035",0.402087706671615,0.284803193855534,0.03,0.026,1
"SPATA2","SPATA2",0.402106532382398,-0.31438004801452,0.071,0.077,1
"LRRC39","LRRC39",0.402138902215843,-0.260103730622412,0.057,0.062,1
"LOC105377858","LOC105377858",0.402688844787013,0.365681333250261,0.017,0.014,1
"FICD","FICD",0.402723523776874,-0.125920632768441,0.034,0.038,1
"H2BC21","H2BC21",0.402832628894664,0.113423381997639,0.079,0.072,1
"NDUFA6","NDUFA6",0.402921150649852,-0.408066576693264,0.046,0.05,1
"DNAH14","DNAH14",0.403080550440101,-0.230153734342676,0.022,0.026,1
"CCDC134","CCDC134",0.403254301002634,-0.352482285390515,0.022,0.025,1
"ILF3","ILF3",0.403353315291447,-0.109341010803921,0.207,0.213,1
"NDUFAF8","NDUFAF8",0.403458608806363,-0.259130638709536,0.078,0.083,1
"COTL1","COTL1",0.403495469766732,-0.597205617598481,0.018,0.021,1
"MRPL22","MRPL22",0.403799944116598,-0.176187127790707,0.103,0.109,1
"EMC6","EMC6",0.404180909763245,-0.174520718700826,0.071,0.077,1
"METTL13","METTL13",0.404291772784575,-0.230027404239839,0.046,0.051,1
"FAM86C1P","FAM86C1P",0.404482060155314,0.263605440098496,0.01,0.008,1
"ENSG00000255418","ENSG00000255418",0.404650740704519,-0.373328313795486,0.017,0.02,1
"SPSB2","SPSB2",0.404664845844859,-0.421747266985713,0.012,0.015,1
"LRRC42","LRRC42",0.404769407611396,0.23104449590755,0.031,0.028,1
"ENSG00000277511","ENSG00000277511",0.405298261069316,0.303028658217958,0.01,0.008,1
"ENSG00000259579","ENSG00000259579",0.40535659875458,0.267020452954764,0.01,0.008,1
"ENSG00000269535","ENSG00000269535",0.405881863701012,0.480161431097469,0.01,0.008,1
"DHX30","DHX30",0.406599843877907,-0.122730877324991,0.232,0.239,1
"ZNF460-AS1","ZNF460-AS1",0.406983910213181,-0.317475013708835,0.075,0.08,1
"ZNF846","ZNF846",0.407185134086118,-0.109162963195657,0.098,0.105,1
"MRPL4","MRPL4",0.407192974804138,-0.309606353490776,0.066,0.07,1
"ZNF813","ZNF813",0.407345408232407,0.150412650948113,0.035,0.031,1
"ABHD15","ABHD15",0.407967238873789,-0.197843060974189,0.011,0.013,1
"ENSG00000223813","ENSG00000223813",0.408109906171658,-0.15594639114097,0.022,0.026,1
"ATP6V0B","ATP6V0B",0.408644617006389,-0.101534178701415,0.322,0.323,1
"DBNL","DBNL",0.409108821298828,-0.155722692264176,0.108,0.115,1
"GARIN1A","GARIN1A",0.409732904759583,0.15358096751979,0.055,0.05,1
"ALDH6A1","ALDH6A1",0.409737690688519,0.109857983623096,0.245,0.237,1
"ENSG00000177822","ENSG00000177822",0.410019910592809,0.21206658200004,0.012,0.01,1
"SETD1A","SETD1A",0.411073631558492,0.106983888472001,0.056,0.051,1
"AAAS","AAAS",0.411392858226752,-0.254801451481037,0.07,0.075,1
"ORAI3","ORAI3",0.411523533109658,0.230342497708679,0.012,0.01,1
"RCL1","RCL1",0.411888948073701,-0.137838694657,0.242,0.247,1
"CTSZ","CTSZ",0.4128197139618,-0.449780244508835,0.016,0.019,1
"TEX30","TEX30",0.412920061401878,-0.103961702258596,0.023,0.02,1
"ABLIM1","ABLIM1",0.413366607081831,0.26992424648764,0.022,0.019,1
"CDK9","CDK9",0.413420056094337,-0.190810279435868,0.074,0.079,1
"MRPS23","MRPS23",0.413521285722855,-0.251224337538452,0.077,0.082,1
"SNTG1","SNTG1",0.413522529914661,-0.101096249655133,0.029,0.025,1
"DPH7","DPH7",0.413716294936109,-0.12742591491708,0.154,0.159,1
"CCDC24","CCDC24",0.413916122740508,-0.732864276925661,0.012,0.014,1
"ARMCX5","ARMCX5",0.414157869301303,-0.196945157675453,0.026,0.03,1
"ZNF8-DT","ZNF8-DT",0.414403667629903,-0.206284914440703,0.047,0.051,1
"ZP3","ZP3",0.414463115778529,-0.113583351980817,0.017,0.02,1
"GLA","GLA",0.414834994736417,-0.405983432986933,0.016,0.019,1
"CFAP299","CFAP299",0.415353037003902,0.281564902715788,0.015,0.013,1
"ZNF217","ZNF217",0.415838718184362,-0.67634133331168,0.009,0.011,1
"FN3KRP","FN3KRP",0.416337773972837,-0.306874002798815,0.097,0.101,1
"TRMT44","TRMT44",0.416409766280647,-0.193813925064087,0.09,0.095,1
"CCDC22","CCDC22",0.416513976412933,-0.358080314404553,0.031,0.034,1
"ZNF783","ZNF783",0.417005205048161,-0.100067490434064,0.116,0.122,1
"RNF181","RNF181",0.417280240790511,-0.224722430330512,0.05,0.055,1
"PDE12","PDE12",0.41728950437122,-0.148048570849454,0.072,0.078,1
"SLC35F4","SLC35F4",0.417314161539665,-0.265740233147045,0.01,0.013,1
"BCAS3-AS1","BCAS3-AS1",0.417586449952111,-0.668399505914361,0.013,0.016,1
"AKNA","AKNA",0.418156788465983,-0.269674127752108,0.026,0.029,1
"ENSG00000251170","ENSG00000251170",0.418329914333023,-0.153298851101352,0.023,0.02,1
"AVEN","AVEN",0.418415462478763,-0.231795443921766,0.186,0.19,1
"SELENON","SELENON",0.418535391319144,-0.238354797673485,0.01,0.013,1
"SGPL1","SGPL1",0.418619841477587,-0.146662806733334,0.163,0.169,1
"SCIMP","SCIMP",0.41864571845471,-0.454801149127446,0.012,0.014,1
"PODXL","PODXL",0.418757752131529,-0.150925338905817,0.013,0.016,1
"HTR4","HTR4",0.418830039671176,0.262162585121657,0.053,0.048,1
"ENSG00000229487","ENSG00000229487",0.4196744878712,-0.567700476567056,0.009,0.011,1
"ENSG00000267199","ENSG00000267199",0.419827616278849,0.116998313751554,0.04,0.036,1
"PSME2","PSME2",0.420300391725646,0.221462779301413,0.013,0.011,1
"MRM1","MRM1",0.420338647179056,-0.259729520315418,0.015,0.018,1
"ZMPSTE24","ZMPSTE24",0.420793529610995,0.129706545192915,0.131,0.123,1
"CYP3A5","CYP3A5",0.420917881722987,0.367135168226918,0.013,0.011,1
"CLK3","CLK3",0.420924049006083,0.155854092641988,0.102,0.095,1
"DPYD-AS1","DPYD-AS1",0.421183246481194,-0.170765741855846,0.146,0.135,1
"TM2D2","TM2D2",0.421298724027871,-0.384586256196572,0.022,0.026,1
"GTF2E2","GTF2E2",0.421488764368485,-0.119844402206841,0.128,0.134,1
"MIA2","MIA2",0.421587405415519,-0.118299276712227,0.202,0.209,1
"TPTE","TPTE",0.42179504459043,-0.297445307145803,0.024,0.028,1
"D2HGDH","D2HGDH",0.422053908912362,-0.121310684277973,0.124,0.13,1
"ADSS1","ADSS1",0.422130435189148,-0.191222952882566,0.04,0.044,1
"ENSG00000275645","ENSG00000275645",0.422412345803189,0.257036318126439,0.013,0.011,1
"SLC35A1","SLC35A1",0.422480319106635,-0.174232411950658,0.03,0.026,1
"BRIP1","BRIP1",0.422497548467804,0.107292140971937,0.011,0.009,1
"COG7","COG7",0.423060927641029,-0.117515737891622,0.225,0.231,1
"DUSP10","DUSP10",0.423356469660187,-0.121526250763865,0.204,0.21,1
"BBS7","BBS7",0.42336285562995,-0.221694134671652,0.126,0.131,1
"ENSG00000261459","ENSG00000261459",0.423418903972612,-0.405166008420407,0.009,0.011,1
"LSM12","LSM12",0.423636398686862,-0.257562156375112,0.091,0.096,1
"DHFR","DHFR",0.423762103000861,-0.15330117536641,0.431,0.427,1
"MRPS12","MRPS12",0.424013145768302,-0.23581432073062,0.04,0.044,1
"TRAPPC5","TRAPPC5",0.424266020496084,0.153783138832913,0.011,0.009,1
"LSAMP-AS1","LSAMP-AS1",0.424839073404181,-0.281396443073842,0.012,0.014,1
"FUNDC1","FUNDC1",0.424988034866028,0.229069529363009,0.028,0.025,1
"CDC20-DT","CDC20-DT",0.425020172839369,-0.317589547687724,0.041,0.045,1
"CYB5R2","CYB5R2",0.42538525499589,-0.124961655020207,0.039,0.043,1
"STAM","STAM",0.425587924619937,-0.102809106420909,0.259,0.265,1
"UCP3","UCP3",0.426321371709947,0.332398704913794,0.014,0.012,1
"SNAPC1","SNAPC1",0.42666549068606,-0.19960921576922,0.053,0.058,1
"CMPK1","CMPK1",0.427438552701136,0.115184180020355,0.143,0.136,1
"SKA2","SKA2",0.42771500678263,-0.195616098385954,0.145,0.149,1
"POLE3","POLE3",0.428387801008319,-0.562356977059209,0.026,0.029,1
"LINC02021","LINC02021",0.428639256111718,-0.122136320375891,0.012,0.014,1
"CYP4V2","CYP4V2",0.428826960120746,-0.231700961065354,0.093,0.098,1
"MARCHF9","MARCHF9",0.429035862799069,0.164253961395188,0.037,0.033,1
"ENSG00000100101","ENSG00000100101",0.429959852544616,-0.165662214953071,0.023,0.026,1
"NOL7","NOL7",0.430853405076939,-0.139638081813481,0.144,0.15,1
"ENSG00000259071","ENSG00000259071",0.431543603886415,0.257561119420331,0.017,0.014,1
"PACSIN2","PACSIN2",0.431561789570604,-0.101470369542906,0.107,0.113,1
"PER3","PER3",0.431710015041698,-0.139942389078105,0.418,0.414,1
"ENSG00000279278","ENSG00000279278",0.431750351401127,0.144083602481485,0.016,0.014,1
"SERINC1","SERINC1",0.431811610936204,0.104055101395542,0.449,0.441,1
"LMO7-AS1","LMO7-AS1",0.432578173030336,-0.380657163843834,0.01,0.012,1
"MAP10","MAP10",0.432684396442752,-0.363504040645164,0.01,0.012,1
"ZNF185","ZNF185",0.432950177856412,-0.707844650096523,0.008,0.01,1
"ZNF396","ZNF396",0.433714623824551,-0.548517979280322,0.011,0.014,1
"ENSG00000272630","ENSG00000272630",0.433965576154887,-0.550718670279288,0.011,0.014,1
"NGDN","NGDN",0.434004692769324,-0.20728328722091,0.067,0.072,1
"MED15","MED15",0.434398980036559,-0.103997090299569,0.274,0.281,1
"UBL4A","UBL4A",0.434674899045798,0.224975080121276,0.034,0.03,1
"LOC102723324","LOC102723324",0.434915050520839,-0.117194303659885,0.034,0.03,1
"PPFIA2-AS2","PPFIA2-AS2",0.435156116461947,-0.106793095397735,0.203,0.211,1
"LOC124902013","LOC124902013",0.435306820375868,0.195277227351991,0.018,0.015,1
"ALG9","ALG9",0.435582268350706,-0.608901867166157,0.018,0.021,1
"CFAP418","CFAP418",0.435747898559222,-0.242973808198448,0.025,0.029,1
"ENSG00000197585","ENSG00000197585",0.435835731088883,0.700784570805165,0.012,0.01,1
"ANXA13","ANXA13",0.435966468734803,0.122674245149847,0.02,0.017,1
"SLC4A1AP","SLC4A1AP",0.436164042768947,0.116290295830661,0.11,0.103,1
"UBAP1","UBAP1",0.436241273269402,-0.15291242141128,0.263,0.266,1
"ENSG00000262001","ENSG00000262001",0.436590035095565,0.438247552823817,0.015,0.012,1
"TP53RK","TP53RK",0.436692021960052,0.222152998245571,0.037,0.033,1
"ENO1","ENO1",0.437224410488954,-0.194138439901668,0.214,0.217,1
"ZNF552","ZNF552",0.437454647531329,0.168128655915411,0.048,0.044,1
"KCNC3","KCNC3",0.437698217008234,0.174409970571405,0.012,0.01,1
"ENSG00000159239","ENSG00000159239",0.437907810741716,-0.105537888026809,0.01,0.012,1
"PFAS","PFAS",0.43796095099254,0.305439448449413,0.026,0.023,1
"DCTPP1","DCTPP1",0.43850115543216,-0.292919530663887,0.017,0.02,1
"ENSG00000260855","ENSG00000260855",0.439095589340267,0.308448785024107,0.015,0.012,1
"AP3M2","AP3M2",0.439150857629543,-0.153135904701642,0.072,0.077,1
"ENSG00000260276","ENSG00000260276",0.439234067581355,-0.227406585918438,0.022,0.018,1
"RALGPS2","RALGPS2",0.439511821588123,-0.378260116681905,0.008,0.01,1
"APBA3","APBA3",0.440179807638361,0.159751236884937,0.051,0.047,1
"ENSG00000267127","ENSG00000267127",0.440228242177789,0.210047481170887,0.015,0.012,1
"POLR3A","POLR3A",0.440701166754105,0.111773567278812,0.145,0.137,1
"HENMT1","HENMT1",0.440889645298523,-0.227623857107719,0.02,0.023,1
"NR2C2AP","NR2C2AP",0.441293920250641,-0.151345419076462,0.016,0.018,1
"ZNF26","ZNF26",0.441352281085846,-0.11233303803321,0.115,0.121,1
"CFAP77","CFAP77",0.441397010271553,-0.23658746944152,0.008,0.01,1
"BRINP3","BRINP3",0.441781608590177,-0.825950679742366,0.009,0.012,1
"PCDHB5","PCDHB5",0.441928052877714,-0.197490971099286,0.008,0.01,1
"ENSG00000245468","ENSG00000245468",0.442145798200305,-0.217643785331202,0.017,0.02,1
"CARM1","CARM1",0.442825347714544,-0.207456868517793,0.09,0.095,1
"SCAI","SCAI",0.442911734397134,-0.121603224634165,0.193,0.199,1
"PTENP1-AS","PTENP1-AS",0.443116691858139,0.102834737884014,0.033,0.029,1
"ENSG00000233912","ENSG00000233912",0.443411726667001,-0.144994452072678,0.048,0.043,1
"PAXIP1","PAXIP1",0.44361490638152,-0.215350143903369,0.123,0.128,1
"C1orf162","C1orf162",0.444194639363228,0.208870440144412,0.022,0.019,1
"ENSG00000276500","ENSG00000276500",0.444246142165457,-0.149696486106622,0.022,0.026,1
"ABHD11","ABHD11",0.444450984817518,-0.447095130356314,0.013,0.015,1
"EBAG9","EBAG9",0.444781403787349,-0.228106998894512,0.083,0.088,1
"ABCA9-AS1","ABCA9-AS1",0.444882916610793,-0.485029860495299,0.019,0.022,1
"EQTN","EQTN",0.444930233413023,-0.297657940443751,0.023,0.027,1
"PLAC8L1","PLAC8L1",0.446219912117484,-0.169641214798918,0.05,0.055,1
"POLR2L","POLR2L",0.446444294837624,-0.195261426112422,0.098,0.104,1
"ENSG00000265118","ENSG00000265118",0.446640593398509,0.212414744451221,0.043,0.039,1
"CCSER1","CCSER1",0.446743545259658,0.348710468063774,0.059,0.055,1
"PLD6","PLD6",0.447029675281032,-0.259419170708042,0.03,0.033,1
"BAK1","BAK1",0.447139803402931,0.246768898887496,0.016,0.013,1
"MRPL19","MRPL19",0.447180082087615,-0.113206818213938,0.265,0.269,1
"DGUOK-AS1","DGUOK-AS1",0.447331211084918,0.402333614895345,0.01,0.008,1
"AHRR","AHRR",0.447332566245911,0.31011927776624,0.016,0.013,1
"ZNF347","ZNF347",0.447332627145149,-0.199712798985125,0.176,0.179,1
"MAGED1","MAGED1",0.448055207768797,-0.129022274234718,0.197,0.202,1
"MYL6","MYL6",0.448447844331018,-0.144652191584393,0.19,0.195,1
"KLHL1","KLHL1",0.448637558535929,-0.233590963841367,0.009,0.012,1
"PRDX4","PRDX4",0.449212930844514,-0.247292755819164,0.052,0.056,1
"ENSG00000225806","ENSG00000225806",0.449304228102156,-0.390669215945012,0.009,0.012,1
"ENSG00000224764","ENSG00000224764",0.449304871181909,-0.393125746703671,0.018,0.021,1
"RPP40","RPP40",0.450145263096472,0.345492723230593,0.013,0.01,1
"CSPG5","CSPG5",0.450779281771444,-0.373923027509661,0.026,0.029,1
"MCC","MCC",0.451520590904306,0.125114696632819,0.062,0.057,1
"SLC12A4","SLC12A4",0.451704286656047,-0.599236195909407,0.008,0.01,1
"RASGRP1","RASGRP1",0.453148463366806,-0.210509917923004,0.009,0.012,1
"HSF4","HSF4",0.453213783118729,-0.181779312799484,0.062,0.066,1
"ENSG00000231521","ENSG00000231521",0.45341586859436,-0.101686520445014,0.013,0.015,1
"ZBTB5","ZBTB5",0.453624156236096,0.111790581288061,0.103,0.097,1
"SLC2A8","SLC2A8",0.453758162988701,-0.168285807880089,0.044,0.048,1
"ZNF574","ZNF574",0.454043271279998,-0.460276566950712,0.011,0.013,1
"COA7","COA7",0.454366965399704,0.13287493046206,0.023,0.02,1
"TSC22D1-AS1","TSC22D1-AS1",0.455201437176678,-0.275543080093752,0.011,0.013,1
"BLTP3B","BLTP3B",0.455244561067986,-0.137890474197958,0.169,0.175,1
"PANX1","PANX1",0.455341908741528,-0.308268859264996,0.008,0.01,1
"AGPAT3","AGPAT3",0.455655855256289,-0.118865946692371,0.22,0.227,1
"DNAJC13","DNAJC13",0.45571055626117,-0.141550723514638,0.268,0.271,1
"NIT1","NIT1",0.455718666652454,0.103113619897025,0.084,0.078,1
"FMO4","FMO4",0.455812232851569,-0.167920009830967,0.08,0.085,1
"CFAP68","CFAP68",0.456036214612957,0.160736168924965,0.027,0.023,1
"RITA1","RITA1",0.456116999135473,0.213010755678141,0.02,0.017,1
"CHMP3-AS1","CHMP3-AS1",0.45615125302358,0.126123872340039,0.021,0.018,1
"DCAF15","DCAF15",0.456181129342518,-0.3278550517001,0.028,0.031,1
"PTPRR","PTPRR",0.456331217881422,-0.420305918360068,0.008,0.01,1
"OIP5","OIP5",0.456941800489185,-0.17890919116341,0.011,0.013,1
"H2BC4","H2BC4",0.457008112751747,0.116505763852496,0.048,0.044,1
"MPND","MPND",0.457179697799922,-0.38107180206326,0.015,0.017,1
"MRPS18C","MRPS18C",0.457254425976397,-0.159236593109527,0.078,0.083,1
"VAMP7","VAMP7",0.457362955563366,-0.197149544226722,0.11,0.115,1
"CDKN2B-AS1","CDKN2B-AS1",0.457945521212213,0.23833922773411,0.013,0.011,1
"XKR4","XKR4",0.458227887157855,-0.317625074783895,0.02,0.023,1
"ENSG00000267345","ENSG00000267345",0.458331363610675,-0.450038076550795,0.025,0.028,1
"GUCY1B1","GUCY1B1",0.458373891093945,-0.336347020785068,0.034,0.037,1
"RIOK2","RIOK2",0.458594491050508,-0.224704815216236,0.052,0.056,1
"ENSG00000225746","ENSG00000225746",0.458656683758648,0.578362130858232,0.011,0.009,1
"NKAIN3","NKAIN3",0.459190442977934,0.180943442793786,0.027,0.023,1
"ILK","ILK",0.459532300792587,-0.219260622832361,0.117,0.121,1
"NUP85","NUP85",0.459691003855032,-0.218071870943557,0.093,0.098,1
"RBM47","RBM47",0.459956669171625,-0.266173970743874,0.011,0.013,1
"EPC1-AS1","EPC1-AS1",0.460163695239527,-0.157030782891499,0.012,0.014,1
"SETDB1","SETDB1",0.460993303656855,-0.111693922586508,0.166,0.172,1
"SLX9","SLX9",0.461234005529042,-0.327377993378567,0.02,0.023,1
"DCAKD","DCAKD",0.46132551353413,-0.150597300014228,0.113,0.118,1
"RAD51AP1","RAD51AP1",0.461472111017321,0.389621384894437,0.014,0.012,1
"INTS5","INTS5",0.461707195396607,0.184666541043661,0.013,0.011,1
"PAM","PAM",0.461958730232732,0.416974243895347,0.014,0.016,1
"RDH10","RDH10",0.462386584577138,0.245439139898021,0.011,0.009,1
"SPATA9","SPATA9",0.462800885391434,-0.398945425548388,0.013,0.016,1
"EPB41L5","EPB41L5",0.462869534546058,-0.122498420347168,0.138,0.144,1
"IQCK","IQCK",0.46321158614408,-0.134475601232551,0.295,0.299,1
"ENSG00000244513","ENSG00000244513",0.46339754408583,0.234550251956985,0.014,0.012,1
"SMIM10L2A","SMIM10L2A",0.463448950362,0.357851815375383,0.014,0.012,1
"CPLANE1","CPLANE1",0.463552377707907,-0.105412507879136,0.417,0.414,1
"NXPH1","NXPH1",0.463635459473684,-0.285853125816974,0.012,0.014,1
"TANK","TANK",0.463866622589656,-0.100070951141745,0.348,0.349,1
"ENSG00000249096","ENSG00000249096",0.463961411412702,-0.295107995123762,0.031,0.034,1
"EI24","EI24",0.464043551264402,-0.104441089027294,0.163,0.168,1
"ENSG00000226862","ENSG00000226862",0.464271879746998,0.377335663634015,0.014,0.012,1
"ATP6AP1-DT","ATP6AP1-DT",0.464721477346124,-0.206957218571732,0.043,0.047,1
"GOLIM4","GOLIM4",0.4648242561786,-0.113500305608534,0.161,0.167,1
"RABGGTB","RABGGTB",0.465049180408521,-0.109809389525326,0.058,0.063,1
"RFPL3S","RFPL3S",0.465050489085767,0.185514148724238,0.018,0.015,1
"NKRF","NKRF",0.465520589270748,0.125410168003697,0.053,0.049,1
"ENSG00000255835","ENSG00000255835",0.465660592562775,0.120023852935316,0.029,0.026,1
"P2RY11","P2RY11",0.465888209247272,0.169045461784002,0.018,0.015,1
"EIPR1","EIPR1",0.466870929709342,-0.134159950151418,0.139,0.145,1
"B3GALT4","B3GALT4",0.466875630806464,-0.112105225060925,0.032,0.036,1
"TRMT2A","TRMT2A",0.467104053309772,-0.290348012543856,0.046,0.05,1
"N4BP2","N4BP2",0.46712579579793,0.167833473250155,0.018,0.016,1
"ZNF134","ZNF134",0.467902924577698,-0.210417899524588,0.049,0.053,1
"ENSG00000260578","ENSG00000260578",0.468586358083877,0.158057899582999,0.027,0.024,1
"CAPRIN1","CAPRIN1",0.468693536851987,-0.122357798662109,0.271,0.273,1
"DONSON","DONSON",0.469152965721626,-0.205298143598609,0.076,0.08,1
"TRIOBP","TRIOBP",0.469798597473424,-0.11101931214271,0.116,0.122,1
"ENSG00000064489","ENSG00000064489",0.47023503007431,0.22842142580259,0.023,0.021,1
"TMEM127","TMEM127",0.471001542184508,0.136253452945275,0.049,0.044,1
"ACOT7","ACOT7",0.471182493296237,-0.116706603770571,0.171,0.175,1
"ADARB1","ADARB1",0.472019583979792,0.187477220584061,0.034,0.031,1
"ERC2","ERC2",0.473183669430924,-0.131020068567,0.21,0.217,1
"MAD2L1BP","MAD2L1BP",0.473580949032625,-0.509055839564284,0.014,0.017,1
"XKR8","XKR8",0.474550915928818,-0.252770128188357,0.021,0.024,1
"RAB24","RAB24",0.47469181422904,0.286044356215588,0.01,0.008,1
"FHIP1B","FHIP1B",0.47535294140628,-0.213573645317215,0.067,0.072,1
"SCN1B","SCN1B",0.475913087714851,-0.114188407035691,0.088,0.093,1
"RETSAT","RETSAT",0.476140939332693,-0.170101121782647,0.075,0.08,1
"TMED1","TMED1",0.476795988147617,0.192838428470557,0.036,0.033,1
"ENSG00000269946","ENSG00000269946",0.476819554272865,-0.154946029561783,0.131,0.136,1
"ENSG00000264808","ENSG00000264808",0.476948057452973,-0.174168062823256,0.053,0.057,1
"TMEM160","TMEM160",0.477621698902119,-0.122706071228329,0.096,0.101,1
"ENSG00000278376","ENSG00000278376",0.478029631893344,-0.5937862788475,0.009,0.01,1
"ENSG00000250421","ENSG00000250421",0.478320595254762,0.312003758614036,0.013,0.011,1
"STAMBP","STAMBP",0.479220037252801,-0.11068135253153,0.319,0.322,1
"COG3","COG3",0.479768860359274,-0.171683589460229,0.165,0.17,1
"HNRNPUL1","HNRNPUL1",0.479917233877478,-0.134493455826066,0.227,0.231,1
"MRM2","MRM2",0.479941953891294,-0.260445358190977,0.023,0.026,1
"LTBR","LTBR",0.480025468619475,0.515394549931219,0.013,0.011,1
"ENSG00000273295","ENSG00000273295",0.480218396289242,-0.1798427280604,0.012,0.014,1
"RAD9A","RAD9A",0.480302162045437,-0.268215320711529,0.106,0.111,1
"TTF1","TTF1",0.480356589534502,-0.15364660575406,0.119,0.124,1
"AKAP12","AKAP12",0.48037902851096,-0.451924178653831,0.017,0.02,1
"CNBD2","CNBD2",0.480442235498841,-0.295132973190424,0.016,0.018,1
"ELOC","ELOC",0.480456017933094,0.102004599114995,0.116,0.11,1
"PPCS","PPCS",0.481068932903829,0.115087221208511,0.054,0.05,1
"LINC02817","LINC02817",0.481218859604931,-0.292022576116482,0.016,0.018,1
"ZNF425","ZNF425",0.481490282034813,-0.122165059593972,0.061,0.065,1
"TSR2","TSR2",0.481937890006557,0.16818535263451,0.054,0.05,1
"ENSG00000269937","ENSG00000269937",0.482035476236277,-0.418713383866745,0.009,0.01,1
"ENSG00000272140","ENSG00000272140",0.482106064642185,0.295611029832975,0.04,0.037,1
"NPIPA5","NPIPA5",0.482117759815398,0.266673410502606,0.032,0.029,1
"NEFL","NEFL",0.482738377696636,-0.152648747982218,0.012,0.014,1
"AHNAK","AHNAK",0.483162701193088,0.22978930374516,0.019,0.022,1
"SNHG8","SNHG8",0.48328227447301,0.112830258227682,0.055,0.051,1
"GALNTL6","GALNTL6",0.48430612814739,-0.220075071397917,0.036,0.039,1
"IKZF4","IKZF4",0.484580530595403,-0.172304505157203,0.109,0.114,1
"ENSG00000255455","ENSG00000255455",0.485253662558193,-0.113661388055262,0.032,0.036,1
"EHD4","EHD4",0.485347299153237,0.215030974341837,0.032,0.029,1
"ACAD9","ACAD9",0.485923768677948,-0.153982087689448,0.116,0.121,1
"OLFM1","OLFM1",0.486101669392376,0.243440434201652,0.013,0.011,1
"GRK6","GRK6",0.486569974003169,-0.114097161083254,0.036,0.04,1
"ENO4","ENO4",0.486741924931643,-0.194521624026717,0.127,0.131,1
"ENSG00000225421","ENSG00000225421",0.486832960017252,0.272931087560571,0.018,0.016,1
"DIS3L-AS1","DIS3L-AS1",0.48705617982707,-0.26610226481433,0.043,0.047,1
"LDHD","LDHD",0.48730490696667,-0.316704562048788,0.022,0.025,1
"SNHG21","SNHG21",0.487720932891234,-0.44466712524105,0.038,0.041,1
"TEP1","TEP1",0.487847521638152,0.106524034962922,0.038,0.034,1
"C5orf15","C5orf15",0.488508826304923,-0.116499058966701,0.117,0.123,1
"CHID1","CHID1",0.488710458636988,0.165863941576339,0.07,0.066,1
"CCDC146","CCDC146",0.488933343745131,-0.142298280042524,0.252,0.255,1
"ME3","ME3",0.489622625386154,-0.244072188341199,0.021,0.023,1
"PRKAR1B","PRKAR1B",0.489624175383132,0.148053592917794,0.039,0.036,1
"GPRASP1","GPRASP1",0.489669525011567,-0.258543711200928,0.062,0.066,1
"NCBP1","NCBP1",0.489678744414733,-0.106073489142436,0.121,0.127,1
"MMUT","MMUT",0.490002729862753,-0.102908680291455,0.151,0.155,1
"MRPS34","MRPS34",0.49000424971695,-0.147819050580461,0.129,0.133,1
"RABEPK","RABEPK",0.491322124573255,0.115933748433469,0.126,0.12,1
"KDM5D","KDM5D",0.491503577283632,-0.135580306480421,0.287,0.286,1
"GDPD3","GDPD3",0.491760430472866,0.168205499822161,0.011,0.009,1
"ENSG00000197099","ENSG00000197099",0.492104722454723,-0.36274605732969,0.014,0.016,1
"CCDC57","CCDC57",0.492172525274314,-0.251143865454407,0.092,0.096,1
"LINC02899","LINC02899",0.492525427988889,0.167935061434729,0.014,0.012,1
"TMF1","TMF1",0.493340131870719,-0.192280073285678,0.198,0.2,1
"PRPH2","PRPH2",0.493343954127372,-0.312999546169296,0.01,0.012,1
"ENSG00000235450","ENSG00000235450",0.493879627022714,-0.104037657842674,0.087,0.093,1
"MDH2","MDH2",0.494244341905544,-0.190396063484222,0.08,0.084,1
"ATP6V1C2","ATP6V1C2",0.494655135902684,0.224089098247496,0.011,0.009,1
"RNF208","RNF208",0.495262756184976,-0.426114414614232,0.025,0.028,1
"MMAA","MMAA",0.495382187298494,0.279603419626268,0.033,0.03,1
"CIAO3","CIAO3",0.496946410254253,0.155878685186118,0.074,0.069,1
"NTM-AS2","NTM-AS2",0.497123043484551,-0.235059214466038,0.041,0.044,1
"PRKAB1-AS1","PRKAB1-AS1",0.497902756680001,-0.34697994679772,0.013,0.015,1
"ANAPC2","ANAPC2",0.498200570558132,0.104824609561808,0.062,0.058,1
"MYT1L","MYT1L",0.498552649267313,-0.192320460463034,0.014,0.016,1
"ENSG00000238058","ENSG00000238058",0.498997279837716,-0.291543933543957,0.014,0.016,1
"ENSG00000227398","ENSG00000227398",0.499267956541498,-0.119328272860857,0.222,0.227,1
"NCMAP","NCMAP",0.49964414761059,-0.114128472396578,0.018,0.016,1
"RPGRIP1L","RPGRIP1L",0.499996210269867,-0.14549887800819,0.046,0.05,1
"SMIM22","SMIM22",0.500178232615276,-0.485098964585289,0.008,0.01,1
"G2E3-AS1","G2E3-AS1",0.500782495943784,0.31911028987215,0.012,0.01,1
"CCBE1","CCBE1",0.5011357189979,-0.626913303140222,0.008,0.01,1
"CELF5","CELF5",0.501273177665533,-0.161028035986494,0.013,0.015,1
"EXOC3","EXOC3",0.501485597245922,-0.14107002997569,0.147,0.151,1
"MIR762HG","MIR762HG",0.50166871779955,-0.345244868749356,0.045,0.049,1
"SNCG","SNCG",0.503231758251149,-0.177422559196272,0.014,0.016,1
"KCNAB1","KCNAB1",0.503758142036449,-0.173780594304904,0.131,0.136,1
"PYM1","PYM1",0.503759866348055,-0.202447826952924,0.035,0.038,1
"TRMT1L","TRMT1L",0.50509015634749,-0.162353155807349,0.208,0.208,1
"POT1","POT1",0.505287464414573,-0.130517590937432,0.243,0.247,1
"LINC01340","LINC01340",0.505808228848025,-0.747840217942839,0.015,0.017,1
"DUS1L","DUS1L",0.506042866384673,-0.12168264387822,0.101,0.094,1
"SDF4","SDF4",0.506143707956133,-0.141008991868385,0.137,0.141,1
"TRUB2","TRUB2",0.506205152986053,-0.142464473312319,0.086,0.091,1
"ACBD4","ACBD4",0.506710311467643,-0.358062681333058,0.019,0.021,1
"KIAA2012","KIAA2012",0.507167653028536,0.10629977318119,0.012,0.01,1
"PABPC1L","PABPC1L",0.50721902712582,0.380628051666414,0.013,0.011,1
"ENSG00000233766","ENSG00000233766",0.507462562467047,-0.255066016633641,0.044,0.047,1
"ENSG00000258658","ENSG00000258658",0.507916362648857,-0.425614007750625,0.009,0.011,1
"MEIOB","MEIOB",0.507916362648857,-0.30738070074125,0.009,0.011,1
"SBF1","SBF1",0.508239492493425,-0.104352380586108,0.247,0.25,1
"TMEM268","TMEM268",0.508275113664878,-0.32632396376926,0.037,0.04,1
"ATP2B1","ATP2B1",0.508345951364355,-0.127070340194272,0.222,0.225,1
"SDE2","SDE2",0.508465638240209,-0.351816438107469,0.037,0.04,1
"EYA1","EYA1",0.508725620023407,-0.255372233335338,0.012,0.01,1
"THSD1","THSD1",0.50874552187604,0.221083701056171,0.022,0.02,1
"CYB5B","CYB5B",0.509330260950999,-0.159217649190236,0.207,0.209,1
"PYCR3","PYCR3",0.509535552713018,-0.379914970093727,0.009,0.011,1
"IFI27L2","IFI27L2",0.510859369518947,-0.138760033349962,0.126,0.13,1
"ENSG00000268568","ENSG00000268568",0.510939075590127,-0.404394833059348,0.016,0.018,1
"FIGN","FIGN",0.511590539150616,-0.152407882506075,0.366,0.346,1
"ADAP2","ADAP2",0.51171482082775,-0.130245574381785,0.044,0.048,1
"HUS1","HUS1",0.511761713963879,-0.10677629912351,0.134,0.139,1
"FAM98C","FAM98C",0.512042944285077,-0.251130165084704,0.052,0.055,1
"FUCA1","FUCA1",0.512368582438105,0.197491373291891,0.035,0.031,1
"MED10","MED10",0.512541109069468,-0.162016567088544,0.099,0.103,1
"LCA5","LCA5",0.51273680596726,-0.208980314166857,0.084,0.089,1
"NAGPA","NAGPA",0.512931670483838,0.195926460726755,0.022,0.019,1
"TDRKH","TDRKH",0.513349537986788,-0.389063005716076,0.044,0.048,1
"STRADB","STRADB",0.513916629727889,-0.200407786668454,0.133,0.136,1
"ENSG00000227603","ENSG00000227603",0.513932406850872,-0.290469547133116,0.011,0.013,1
"CADPS2","CADPS2",0.514129597149441,0.361563968908876,0.018,0.016,1
"MEF2C-AS1","MEF2C-AS1",0.514758773126806,-0.328599866064937,0.015,0.017,1
"DCAF10","DCAF10",0.515136128174642,-0.105079802481452,0.319,0.319,1
"ENSG00000283692","ENSG00000283692",0.515251929666351,0.179349672453494,0.013,0.011,1
"NKAP","NKAP",0.515352671242734,0.132419431841517,0.122,0.116,1
"OTX2-AS1","OTX2-AS1",0.515406986242701,-0.246603228453129,0.011,0.013,1
"SEZ6","SEZ6",0.517330830581976,-0.330534766091231,0.013,0.016,1
"OPA3","OPA3",0.518126512014069,0.204332773217809,0.067,0.063,1
"ADCY3","ADCY3",0.518136224103598,-0.125184718157559,0.265,0.268,1
"MIS12","MIS12",0.518138977543297,-0.195555752748914,0.073,0.077,1
"ENSG00000272316","ENSG00000272316",0.518460451568611,-0.17455185567235,0.12,0.125,1
"ENSG00000236986","ENSG00000236986",0.518595782052336,-0.152059164915771,0.042,0.038,1
"ENSG00000255670","ENSG00000255670",0.518610433166871,-0.106424960232284,0.04,0.037,1
"ZNF263","ZNF263",0.518967330748647,-0.115055699073106,0.067,0.062,1
"ZNF487","ZNF487",0.51920018245561,-0.223541225166514,0.046,0.049,1
"MRPL32","MRPL32",0.519263475494721,-0.178504565062306,0.059,0.063,1
"ARMCX3","ARMCX3",0.519333609258995,-0.141831993414575,0.121,0.125,1
"DNTTIP1","DNTTIP1",0.519403366480566,-0.319944888145737,0.062,0.065,1
"VIPAS39","VIPAS39",0.51961057627434,-0.135206763182043,0.11,0.114,1
"PLEKHA3","PLEKHA3",0.519794844857616,-0.198560558339347,0.133,0.137,1
"ARLNC1","ARLNC1",0.519903691876566,0.224941510343532,0.018,0.016,1
"MRPL46","MRPL46",0.519932586446151,-0.327124950978241,0.036,0.04,1
"ENSG00000226647","ENSG00000226647",0.520231303709453,0.244372417737178,0.024,0.022,1
"TDRD9","TDRD9",0.520281498481414,-0.186227937636854,0.018,0.02,1
"TBC1D31","TBC1D31",0.520692886843287,-0.18630256473915,0.07,0.074,1
"ZNF528","ZNF528",0.520737510154413,-0.187350149930273,0.102,0.106,1
"ZNF395","ZNF395",0.520748497771971,-0.171182047969593,0.032,0.035,1
"STUB1","STUB1",0.52085561514267,-0.132711982062118,0.151,0.154,1
"SLC9A3","SLC9A3",0.521081382657722,0.31794460458854,0.01,0.009,1
"LOC105373347","LOC105373347",0.521582678061344,-0.153774662402618,0.139,0.144,1
"WFIKKN1","WFIKKN1",0.521733468934556,0.240917170874719,0.013,0.012,1
"STAM2","STAM2",0.521787281336491,-0.14072745707767,0.268,0.268,1
"CPE","CPE",0.521795455370017,0.290536883790711,0.075,0.07,1
"MAP7D3","MAP7D3",0.522251439994125,0.142354805386845,0.018,0.016,1
"SNRNP35","SNRNP35",0.522981816105848,-0.144811509512029,0.158,0.162,1
"PLS1","PLS1",0.523537942702268,0.206085553613765,0.01,0.009,1
"LMAN1","LMAN1",0.52367697685826,-0.111602805940734,0.174,0.178,1
"ENSG00000272145","ENSG00000272145",0.523840235400248,0.113397327049396,0.018,0.015,1
"FASTKD3","FASTKD3",0.523863146788577,-0.268039282360369,0.023,0.026,1
"CA13","CA13",0.523906562543825,-0.319765455429181,0.029,0.032,1
"ADA2","ADA2",0.5244244182809,-0.155526534632232,0.018,0.021,1
"MIR3681HG","MIR3681HG",0.524777548102495,-0.424399536022317,0.017,0.019,1
"FHIP2B","FHIP2B",0.525050684002722,-0.205970601032143,0.097,0.1,1
"SLC30A4","SLC30A4",0.5255931475522,-0.117768835295711,0.181,0.185,1
"DPM1","DPM1",0.52560826719232,-0.115785155126569,0.181,0.186,1
"CIAO2B","CIAO2B",0.526860671311509,-0.114374734211561,0.155,0.16,1
"MRPL43","MRPL43",0.527056397751629,-0.16124555801522,0.125,0.129,1
"SCARF2","SCARF2",0.527753683186789,-0.109412512940394,0.01,0.009,1
"LOC105378289","LOC105378289",0.528663385512892,-0.344843673602653,0.035,0.038,1
"LACC1","LACC1",0.528726046393615,-0.209077823962017,0.03,0.033,1
"ELP4-AS1","ELP4-AS1",0.528734936784197,-0.195210987668742,0.02,0.022,1
"ENSG00000251867","ENSG00000251867",0.528759844786325,-0.149007845006724,0.018,0.021,1
"ENSG00000225811","ENSG00000225811",0.529132450701863,-0.42582378956366,0.009,0.011,1
"FAM234B","FAM234B",0.529518392883852,-0.297942259328924,0.034,0.037,1
"RRP7A","RRP7A",0.530158094384904,-0.140892822909457,0.108,0.101,1
"SLC44A5","SLC44A5",0.530238931897722,-0.241046517993734,0.018,0.021,1
"ENSG00000242880","ENSG00000242880",0.530508062263495,-0.396346288047469,0.027,0.029,1
"ENSG00000272953","ENSG00000272953",0.530697382623472,-0.296262257390405,0.027,0.029,1
"QSER1","QSER1",0.531899537630955,-0.120643420173416,0.241,0.244,1
"LRCH1","LRCH1",0.532294302362685,0.164691090818346,0.011,0.01,1
"ENSG00000259177","ENSG00000259177",0.532401815350918,-0.11565182532854,0.009,0.011,1
"DALRD3","DALRD3",0.532483969948631,-0.206275574834453,0.018,0.021,1
"NOL4","NOL4",0.532575496640486,-0.303218504059889,0.01,0.012,1
"CCDC170","CCDC170",0.532731364678671,0.21850429778763,0.011,0.01,1
"NOC3L","NOC3L",0.532778293720044,-0.12282462274188,0.092,0.096,1
"ENSG00000262528","ENSG00000262528",0.53287250691082,-0.228822708581701,0.023,0.026,1
"LOC105376713","LOC105376713",0.533042296784103,0.223649632703156,0.021,0.019,1
"PSMC3","PSMC3",0.533725769925006,-0.16194343454125,0.065,0.068,1
"TMEM186","TMEM186",0.533765248613977,0.21005932567676,0.021,0.019,1
"ZNRF2","ZNRF2",0.534779409654042,-0.147460510228,0.149,0.153,1
"THBS3","THBS3",0.535625747110634,-0.25390346325185,0.014,0.016,1
"DMAC2","DMAC2",0.536144562235041,-0.106050986694898,0.039,0.042,1
"TRAPPC1","TRAPPC1",0.537443720761145,-0.293158954913837,0.057,0.061,1
"TUSC1","TUSC1",0.537545805202686,-0.167860606824432,0.028,0.025,1
"ZSWIM3","ZSWIM3",0.537591196723641,0.213450912813314,0.037,0.034,1
"GLIS3","GLIS3",0.538024648421541,0.147956537332526,0.023,0.021,1
"ENSG00000253553","ENSG00000253553",0.538046479665911,0.354621963421443,0.012,0.01,1
"IRAK1","IRAK1",0.538342457682211,0.247361268264405,0.022,0.02,1
"ENSG00000269930","ENSG00000269930",0.538876904938896,-0.170330030710306,0.012,0.014,1
"ERAP1","ERAP1",0.538945964116178,-0.28053552900742,0.088,0.092,1
"GLT8D1","GLT8D1",0.539010917647619,-0.258375107226452,0.051,0.055,1
"NELL2","NELL2",0.539040335194571,-0.163944382761382,0.013,0.015,1
"PPP1R15A","PPP1R15A",0.539260439545882,0.123871175381886,0.02,0.018,1
"ZNRF3","ZNRF3",0.539923612146768,-0.183128780074132,0.093,0.098,1
"ZNF250","ZNF250",0.539975796451683,0.175383336735373,0.042,0.039,1
"NRAS","NRAS",0.540483209845458,-0.23999283574539,0.053,0.056,1
"ENSG00000259521","ENSG00000259521",0.540520599783901,-0.838112651031074,0.009,0.01,1
"PIGH","PIGH",0.540991754463916,-0.151822319933826,0.087,0.091,1
"UHRF2","UHRF2",0.541309205327952,-0.121683717286544,0.359,0.357,1
"TCEANC","TCEANC",0.541314250838382,-0.200309325597312,0.038,0.041,1
"SLC68A1","SLC68A1",0.541440633106056,0.10791231956453,0.041,0.038,1
"SAP30L","SAP30L",0.541721694057049,0.187827573362358,0.069,0.065,1
"PSMA3","PSMA3",0.541897822559245,-0.132415329930792,0.136,0.14,1
"ATP6V1C1","ATP6V1C1",0.543201020969599,-0.135390626774375,0.182,0.186,1
"MYNN","MYNN",0.543204426895568,-0.151116357114992,0.056,0.059,1
"ENSG00000228918","ENSG00000228918",0.543543442672968,-0.247154220965088,0.02,0.018,1
"FAT4","FAT4",0.543907876524867,-0.15673674275813,0.244,0.244,1
"ENSG00000250156","ENSG00000250156",0.543955884676841,-0.632068342422898,0.011,0.013,1
"JRK","JRK",0.544015596997052,-0.114496611355948,0.064,0.068,1
"CCDC28A","CCDC28A",0.544249061547732,-0.23871993584872,0.073,0.077,1
"CEP135","CEP135",0.545149755409603,-0.184963722460164,0.063,0.058,1
"TEN1","TEN1",0.545312972630412,0.321044404897062,0.018,0.016,1
"COL10A1","COL10A1",0.545454823259944,-0.184327787744444,0.022,0.024,1
"PFKFB2","PFKFB2",0.545591513723409,-0.226935518120734,0.05,0.046,1
"CENPV","CENPV",0.545788722245927,-0.183562237165793,0.064,0.068,1
"FAM241A","FAM241A",0.545887623815829,-0.179698113010707,0.185,0.189,1
"SLC46A1","SLC46A1",0.545966154477849,-0.272813161827993,0.031,0.034,1
"TARDBP","TARDBP",0.546205509584435,-0.52783420425341,0.018,0.02,1
"FIRRM","FIRRM",0.546320923100089,-0.262396298991018,0.084,0.088,1
"BEAN1","BEAN1",0.546634476766135,-0.165043404511557,0.019,0.022,1
"ROR2","ROR2",0.546860845119735,-0.348452502870436,0.009,0.01,1
"PARP10","PARP10",0.547104992719496,-0.478363328337811,0.013,0.014,1
"MUL1","MUL1",0.547115893712707,-0.185221105025736,0.045,0.048,1
"PRPS1","PRPS1",0.5473875226427,0.111734440969309,0.036,0.033,1
"NRL","NRL",0.547393800535575,0.105453392121772,0.028,0.026,1
"PIWIL2","PIWIL2",0.548414795755451,-0.216771695449193,0.035,0.031,1
"MYBPC1","MYBPC1",0.548435228707904,-0.401427697487573,0.009,0.01,1
"RAPGEFL1","RAPGEFL1",0.548626348031809,-0.200337003844671,0.037,0.04,1
"GABRA3","GABRA3",0.548854679596425,-0.589803637888136,0.011,0.013,1
"ENSG00000224032","ENSG00000224032",0.548997417536016,-0.154418886072825,0.038,0.041,1
"LINC00871","LINC00871",0.549537195602291,0.103614768583456,0.013,0.011,1
"RIPOR2","RIPOR2",0.549574638866515,-0.397757709130437,0.01,0.012,1
"PSMC3IP","PSMC3IP",0.54963601110209,-0.439304075568549,0.01,0.012,1
"BCL2L12","BCL2L12",0.55027483427496,-0.268167085722262,0.009,0.01,1
"ZNF45","ZNF45",0.550956467227702,-0.100425814661365,0.049,0.053,1
"UBXN11","UBXN11",0.550999375185272,0.366843970740654,0.01,0.008,1
"ENSG00000277203","ENSG00000277203",0.55129938930525,0.226371095372188,0.019,0.017,1
"EEF1A2","EEF1A2",0.551434597983335,-0.145169766975581,0.03,0.033,1
"PHF19","PHF19",0.551630110066329,-0.172770112242499,0.146,0.149,1
"SIGMAR1","SIGMAR1",0.551873931722364,-0.123109406169869,0.046,0.042,1
"NRG1","NRG1",0.552708336107572,-0.223931766625368,0.046,0.049,1
"MRPL44","MRPL44",0.553109739798327,-0.243166788979404,0.044,0.047,1
"PITPNA","PITPNA",0.553656732442134,-0.135758823566221,0.092,0.096,1
"SMIM1","SMIM1",0.554024688603865,-0.166701920166077,0.016,0.014,1
"PLXNA4","PLXNA4",0.554403735643865,0.322587566651108,0.014,0.012,1
"SPATA45","SPATA45",0.554472930628864,0.282963273425529,0.013,0.011,1
"TLR1","TLR1",0.555807485947357,-0.283612060236988,0.011,0.013,1
"ALDH18A1","ALDH18A1",0.556827871594856,-0.238667018825286,0.061,0.064,1
"RUVBL1","RUVBL1",0.557262898348146,-0.237596643892504,0.079,0.082,1
"RMND1","RMND1",0.557265359985836,-0.138082028440913,0.1,0.104,1
"CDC25C","CDC25C",0.557652237031772,0.143683287772819,0.01,0.008,1
"EEF1AKMT1","EEF1AKMT1",0.557701617929325,-0.120946783343165,0.084,0.088,1
"ABHD17C","ABHD17C",0.558075714758401,-0.211518383268185,0.02,0.023,1
"ENSG00000237481","ENSG00000237481",0.558203337035156,-0.174786389430309,0.013,0.014,1
"AMMECR1L","AMMECR1L",0.559210671461445,-0.103202791612612,0.063,0.067,1
"B3GALT5","B3GALT5",0.559924223513907,0.191204205150548,0.02,0.018,1
"FHIP2A","FHIP2A",0.56001976482314,-0.21558856395287,0.08,0.084,1
"UQCRFS1-DT","UQCRFS1-DT",0.56059568717233,-0.232718016223986,0.019,0.021,1
"CLMP","CLMP",0.561632991112425,0.195958073898602,0.015,0.017,1
"TMEM17","TMEM17",0.561704672111788,0.149321842683348,0.014,0.012,1
"SFT2D1","SFT2D1",0.561883977413691,-0.118284591548483,0.226,0.229,1
"EIF2B4","EIF2B4",0.562546623476294,-0.260563685286057,0.067,0.07,1
"DDR2","DDR2",0.563761532887195,0.166958952160584,0.029,0.026,1
"LRRC45","LRRC45",0.563848743136424,0.113784203436437,0.013,0.014,1
"ENSG00000253766","ENSG00000253766",0.563921734607542,-0.301611217631304,0.048,0.051,1
"SYNGAP1","SYNGAP1",0.56445672765196,0.188422772462737,0.037,0.034,1
"ENSG00000246851","ENSG00000246851",0.564761955033378,-0.157225225681905,0.031,0.033,1
"PEX13","PEX13",0.565064384688152,-0.115426910414905,0.089,0.093,1
"ENSG00000267787","ENSG00000267787",0.565191223599739,-0.140529033284902,0.049,0.052,1
"LINC00957","LINC00957",0.565899695285088,0.168288907311362,0.028,0.026,1
"GNB4","GNB4",0.566075163981129,-0.13629703985172,0.022,0.025,1
"CENPQ","CENPQ",0.566077875455487,0.15585264436381,0.062,0.059,1
"HSBP1","HSBP1",0.566339430033108,-0.135612436825067,0.173,0.176,1
"UBP1","UBP1",0.566359161693949,-0.125578088818139,0.156,0.161,1
"MMD","MMD",0.56655617685384,-0.228805600071424,0.031,0.033,1
"TBCC","TBCC",0.567409960043287,0.20759710409689,0.036,0.033,1
"ENSG00000237585","ENSG00000237585",0.567432553886502,0.246736619845464,0.012,0.01,1
"ENSG00000231236","ENSG00000231236",0.567494079895161,-0.411253740249077,0.015,0.017,1
"RAB32","RAB32",0.567751186759261,-0.594341010951753,0.012,0.014,1
"CHMP4B","CHMP4B",0.567870669963396,-0.134600952612496,0.116,0.12,1
"ZNF428","ZNF428",0.568213127960191,-0.112520395230256,0.143,0.147,1
"TRIM68","TRIM68",0.568316905117473,-0.15203958286939,0.016,0.018,1
"SCN11A","SCN11A",0.568523287556371,0.289843637189628,0.015,0.017,1
"NPIPA8","NPIPA8",0.568825787188766,0.181409582893076,0.03,0.027,1
"RINL","RINL",0.568872288379641,-0.512945534316676,0.008,0.01,1
"HHIP-AS1","HHIP-AS1",0.569162016680201,-0.300376022185649,0.055,0.058,1
"CCDC71L","CCDC71L",0.570583125692917,-0.131897952798861,0.011,0.009,1
"ZNF239","ZNF239",0.570672682346948,-0.190593763410097,0.021,0.023,1
"ARHGAP18","ARHGAP18",0.570899739733009,-0.421263884632472,0.011,0.012,1
"ARHGAP11B-DT","ARHGAP11B-DT",0.571300125774583,-0.170139150728536,0.03,0.032,1
"IMP3","IMP3",0.57154186174861,-0.200657058460031,0.053,0.057,1
"ENSG00000196826","ENSG00000196826",0.571559726636171,-0.299429062792746,0.012,0.014,1
"ENSG00000253238","ENSG00000253238",0.571677406108967,-0.345490932620753,0.013,0.015,1
"ENSG00000242553","ENSG00000242553",0.571778186641843,0.28298050970449,0.02,0.018,1
"ZSCAN12","ZSCAN12",0.572004038150115,0.226389694933385,0.033,0.031,1
"OST4","OST4",0.572021800467279,-0.241559023856099,0.084,0.087,1
"MYO3A","MYO3A",0.573003964605117,-0.257814301286311,0.008,0.01,1
"ERAL1","ERAL1",0.57315672540756,-0.218938322642749,0.04,0.042,1
"LOC101927745","LOC101927745",0.573204993163779,-0.237077347325118,0.009,0.011,1
"ZNF671","ZNF671",0.573292167273584,-0.205843600017806,0.02,0.022,1
"ENSG00000263272","ENSG00000263272",0.573416869759582,0.211881387460579,0.012,0.01,1
"ISOC1","ISOC1",0.573822472533479,-0.131187425841396,0.062,0.057,1
"GALK1","GALK1",0.574024413732546,-0.281795137807493,0.026,0.028,1
"MMS19","MMS19",0.574110465443397,-0.125642589368224,0.258,0.262,1
"ARVCF","ARVCF",0.574213211254988,-0.292210047182179,0.011,0.012,1
"SULF1","SULF1",0.574246238003155,-0.266364776985426,0.008,0.01,1
"MAP3K20","MAP3K20",0.574301292455021,0.134571171105049,0.012,0.01,1
"C20orf204","C20orf204",0.574425195681507,-0.337214483651422,0.009,0.011,1
"LINC00571","LINC00571",0.574609572573615,-0.298333502729539,0.012,0.014,1
"RNF135","RNF135",0.574660146715954,-0.122275059152289,0.013,0.015,1
"MIX23","MIX23",0.575733825856297,-0.180951594816393,0.055,0.058,1
"ZFP69","ZFP69",0.57741688856184,0.154905440343261,0.018,0.016,1
"TMEM87B","TMEM87B",0.577919073705525,-0.109363644769066,0.121,0.126,1
"CUL7","CUL7",0.57799374878368,0.168115319943033,0.018,0.016,1
"ENSG00000260793","ENSG00000260793",0.580657985610448,-0.120490557963605,0.03,0.032,1
"LOC105378976","LOC105378976",0.58108156832409,0.111326609076007,0.018,0.016,1
"DVL3","DVL3",0.582432864168781,-0.145589966471054,0.107,0.111,1
"IFNGR2","IFNGR2",0.583017103998556,0.168149821689563,0.093,0.089,1
"BTBD10","BTBD10",0.583110640134421,-0.159323960226991,0.192,0.195,1
"LOC101927179","LOC101927179",0.583420350651808,-0.390932592172542,0.019,0.021,1
"CEP15","CEP15",0.584048713543702,0.117635578811424,0.071,0.068,1
"LOC101927560","LOC101927560",0.584791619775612,-0.144365738858046,0.123,0.117,1
"ENSG00000239801","ENSG00000239801",0.585171261566757,-0.127377471413061,0.056,0.059,1
"SLITRK5","SLITRK5",0.585188135200259,-0.222647760585527,0.027,0.029,1
"PATL2","PATL2",0.585573747042779,-0.367273111896806,0.016,0.018,1
"ENSG00000283217","ENSG00000283217",0.58621746174315,-0.152200015745972,0.066,0.069,1
"SLC5A4-AS1","SLC5A4-AS1",0.586502353129875,-0.244462867951531,0.014,0.016,1
"LINC01963","LINC01963",0.58684577871605,0.200993908389385,0.013,0.012,1
"BBS4","BBS4",0.587281034407962,-0.209274222684488,0.127,0.13,1
"WDR54","WDR54",0.587528433198645,0.11084249758694,0.019,0.017,1
"ZNF572","ZNF572",0.588692251424044,-0.316920311411387,0.013,0.015,1
"NARF","NARF",0.588820653791734,-0.11830778921936,0.172,0.174,1
"GABBR2","GABBR2",0.589323768402157,0.261779314624296,0.014,0.013,1
"NMD3","NMD3",0.589816337291126,-0.147012656934521,0.087,0.09,1
"EBF4","EBF4",0.590409199283634,-0.113500215030448,0.104,0.098,1
"TMEM156","TMEM156",0.591734971454082,-0.403434631592694,0.01,0.012,1
"ENSG00000259371","ENSG00000259371",0.592051840062926,-0.177414375625282,0.013,0.015,1
"LOC102724200","LOC102724200",0.592714088417532,0.134693526902685,0.023,0.021,1
"YIF1B","YIF1B",0.593314316822255,-0.128293075351209,0.104,0.097,1
"UTP14C","UTP14C",0.593331196951524,-0.186396618125066,0.075,0.078,1
"CCDC73","CCDC73",0.593764013558426,-0.532037039084169,0.015,0.017,1
"BAIAP3","BAIAP3",0.593903357175672,-0.187385628978967,0.013,0.015,1
"ENSG00000260495","ENSG00000260495",0.594267994800525,0.144554661204184,0.014,0.013,1
"ZDHHC7","ZDHHC7",0.594688940226775,-0.140971346619279,0.093,0.096,1
"HSDL1","HSDL1",0.595521537021727,0.144029500216943,0.052,0.049,1
"LINC00923","LINC00923",0.59571450915993,-0.250911108685192,0.009,0.01,1
"IRF2BPL","IRF2BPL",0.595838258742377,-0.107869559047275,0.045,0.048,1
"TENM2","TENM2",0.596002526341937,-0.255241197498376,0.033,0.036,1
"ST3GAL1","ST3GAL1",0.596432413226624,-0.237440304746778,0.013,0.015,1
"KCNJ6","KCNJ6",0.596562637665548,-0.343110884797662,0.01,0.012,1
"LCP1","LCP1",0.596783206060368,-0.197732638825,0.054,0.057,1
"ENSG00000264666","ENSG00000264666",0.597363159541868,0.267243319939638,0.01,0.009,1
"PRKCB","PRKCB",0.597801880536453,-0.12005426396995,0.334,0.332,1
"ZMYM4-AS1","ZMYM4-AS1",0.59807102239,-0.329265807736241,0.01,0.012,1
"UBQLN1-AS1","UBQLN1-AS1",0.599379945016236,-0.321396110438413,0.015,0.017,1
"CTC1","CTC1",0.599529389470912,-0.234072010069957,0.044,0.046,1
"APLF","APLF",0.599943261963791,-0.116559613442081,0.127,0.12,1
"ENSG00000285407","ENSG00000285407",0.600306085959433,0.109476229680469,0.01,0.009,1
"ENSG00000269973","ENSG00000269973",0.600306086170024,0.169595375727953,0.01,0.009,1
"ADAMTS9-AS2","ADAMTS9-AS2",0.600383422203538,-0.110169078688831,0.009,0.01,1
"CCNO-DT","CCNO-DT",0.600660467120806,-0.346624290504614,0.019,0.021,1
"FAM8A1","FAM8A1",0.601294159984045,-0.10140875622846,0.095,0.099,1
"PLCD1","PLCD1",0.601475718685994,-0.317572509116477,0.015,0.017,1
"ELAC2","ELAC2",0.60194656944521,-0.146967711290662,0.067,0.07,1
"ENKD1","ENKD1",0.602201696245652,-0.246153552444215,0.009,0.01,1
"EXOSC7","EXOSC7",0.602337560220108,-0.131241878761201,0.059,0.062,1
"BAIAP2-DT","BAIAP2-DT",0.602888950623945,0.353889570856607,0.011,0.01,1
"PPP4C","PPP4C",0.603229739839867,-0.116298328070273,0.076,0.079,1
"HSD17B1-AS1","HSD17B1-AS1",0.604008737136442,0.182331300374251,0.017,0.015,1
"ENSG00000249112","ENSG00000249112",0.60410007522768,-0.158390738886664,0.015,0.017,1
"WDR91","WDR91",0.604165643870209,-0.1292029607475,0.067,0.07,1
"POLR2C","POLR2C",0.604511991086681,-0.14132059004071,0.057,0.059,1
"B3GALT6","B3GALT6",0.604866506330073,-0.142870492091845,0.034,0.031,1
"FABP5","FABP5",0.60499254612594,0.105476761209241,0.054,0.057,1
"ZBTB20-AS1","ZBTB20-AS1",0.605468792387026,-0.396313648591447,0.014,0.016,1
"FLACC1","FLACC1",0.605566862352611,-0.324478147487018,0.025,0.027,1
"NIPSNAP3A","NIPSNAP3A",0.605706001309408,-0.142501892630339,0.044,0.047,1
"DACT3","DACT3",0.605710522121382,-0.157833646702261,0.198,0.198,1
"GBA2","GBA2",0.606047344602838,-0.157713030798301,0.11,0.113,1
"LSM6","LSM6",0.606066618454345,-0.187057461273105,0.072,0.076,1
"RPAIN","RPAIN",0.606074831513997,-0.141295696234645,0.218,0.218,1
"RNF146","RNF146",0.606134852282257,-0.114702369914388,0.222,0.223,1
"LINC02777","LINC02777",0.606293627671523,-0.287129363099786,0.014,0.016,1
"ADA","ADA",0.60676997335003,-0.12321790393063,0.047,0.043,1
"FBXL14","FBXL14",0.607950413689955,-0.132397859713843,0.094,0.088,1
"AKR7A2","AKR7A2",0.607990063982781,-0.149408012651503,0.056,0.059,1
"ENSG00000249240","ENSG00000249240",0.608034460651897,-0.102712564318368,0.028,0.031,1
"IMP4","IMP4",0.608346887190356,-0.326960960699727,0.055,0.058,1
"TRMO","TRMO",0.608709890324293,-0.2714288028246,0.044,0.047,1
"DRAIC","DRAIC",0.609699366784567,0.101201719257287,0.049,0.046,1
"MAMDC2-AS1","MAMDC2-AS1",0.609920791454492,-0.231584232638057,0.035,0.038,1
"PRMT5-DT","PRMT5-DT",0.610556316007905,-0.14639057727488,0.027,0.03,1
"RAB35","RAB35",0.61087957714305,-0.162460932511193,0.058,0.061,1
"ZC3H8","ZC3H8",0.611053228392463,-0.126406213253655,0.197,0.187,1
"GSAP","GSAP",0.611232065348373,0.1136894018524,0.073,0.07,1
"LINC02345","LINC02345",0.611501603861859,-0.170862362762748,0.014,0.016,1
"IDH3B","IDH3B",0.612496547301139,-0.128617806044652,0.071,0.067,1
"ENSG00000271380","ENSG00000271380",0.612704427071488,-0.276436555343349,0.013,0.014,1
"MRTO4","MRTO4",0.613525105477851,-0.106333625020321,0.032,0.034,1
"CUBN","CUBN",0.613567261903068,-0.165618404353089,0.044,0.047,1
"ENSG00000253853","ENSG00000253853",0.613888536036085,-0.251765869115358,0.018,0.019,1
"CDK5","CDK5",0.61520670922755,-0.382969769356288,0.02,0.018,1
"ASB13","ASB13",0.615940646350231,-0.15049814217014,0.043,0.046,1
"C2","C2",0.616035365006205,-0.136954055205443,0.02,0.022,1
"PDCL3","PDCL3",0.616111374800115,-0.236154738363353,0.026,0.028,1
"BLTP3A","BLTP3A",0.616460774204311,-0.100575229673742,0.116,0.12,1
"TSPAN3","TSPAN3",0.616936048724229,-0.164990688979204,0.186,0.187,1
"EME2","EME2",0.617417328431034,0.118203596813398,0.022,0.02,1
"EFCAB3","EFCAB3",0.617528627853728,-0.269813313423556,0.013,0.014,1
"RGP1","RGP1",0.617875444516246,-0.137115512170045,0.041,0.044,1
"LINC01902","LINC01902",0.618119879047553,-0.375869860667408,0.011,0.013,1
"NCAM1-AS2","NCAM1-AS2",0.618195027223346,-0.491668431576037,0.009,0.01,1
"LINC01931","LINC01931",0.61826509169108,-0.454419037928396,0.009,0.01,1
"SMU1","SMU1",0.618428263350308,-0.180340809148911,0.178,0.178,1
"ENSG00000203472","ENSG00000203472",0.618805934606893,-0.191897365908396,0.053,0.05,1
"NRSN2-AS1","NRSN2-AS1",0.618957252011308,0.25809572362493,0.021,0.019,1
"SIPA1L2","SIPA1L2",0.619052432572353,-0.231705021149618,0.061,0.064,1
"ENSG00000283149","ENSG00000283149",0.619058435560847,-0.176733053233006,0.039,0.042,1
"ZNF674-AS1","ZNF674-AS1",0.6206493456321,-0.358865822642439,0.009,0.01,1
"ENSG00000278384","ENSG00000278384",0.621652167442381,-0.115303601003199,0.057,0.059,1
"ENSG00000260167","ENSG00000260167",0.621820724373162,0.157379221536071,0.035,0.033,1
"HAUS8","HAUS8",0.62334872102568,-0.121773482476407,0.021,0.023,1
"FANCD2","FANCD2",0.623465785385756,0.198057979562082,0.016,0.014,1
"ENSG00000259899","ENSG00000259899",0.623541139750486,0.10422037511632,0.013,0.012,1
"PLPP7","PLPP7",0.623659767288641,-0.208220349778638,0.071,0.074,1
"GALC","GALC",0.623788862806639,-0.127972560302023,0.213,0.201,1
"SYN1","SYN1",0.623951795641765,-0.149432808101007,0.009,0.01,1
"RAP1GAP2","RAP1GAP2",0.624095899109104,0.285908877219028,0.021,0.019,1
"RUFY1","RUFY1",0.624443222918502,-0.163220603166791,0.255,0.253,1
"GMPPB","GMPPB",0.625148167006575,0.322369588484523,0.009,0.01,1
"PNPLA2","PNPLA2",0.625566263639854,-0.262995675860046,0.093,0.095,1
"NOS1","NOS1",0.626167976175369,-0.259209604767616,0.023,0.025,1
"NUP50","NUP50",0.626431334969703,-0.130297904041655,0.074,0.077,1
"LINC00393","LINC00393",0.627438261870188,-0.503943563411169,0.012,0.011,1
"SUGT1-DT","SUGT1-DT",0.628049253487873,0.298152423532905,0.018,0.016,1
"NEDD9","NEDD9",0.629049254091467,-0.345475281534665,0.025,0.027,1
"LOC730098","LOC730098",0.629430798714965,-0.354354324915795,0.012,0.011,1
"GAR1","GAR1",0.630603782400072,-0.19831218842035,0.031,0.033,1
"PDP1","PDP1",0.631181053166269,-0.166680280760491,0.021,0.019,1
"ENSG00000272106","ENSG00000272106",0.63120339457443,0.123028905530036,0.04,0.038,1
"PECR","PECR",0.631467205186129,-0.18596650370499,0.083,0.086,1
"TKFC","TKFC",0.631530951898112,-0.101168186933346,0.023,0.025,1
"PITPNM2","PITPNM2",0.631726392035577,0.395714058247602,0.01,0.009,1
"BAP1","BAP1",0.632112110729142,-0.165949030917682,0.041,0.043,1
"C19orf44","C19orf44",0.633440202410324,0.290218672837985,0.022,0.02,1
"EBLN3P","EBLN3P",0.633565552262062,0.122976515851805,0.121,0.118,1
"ANXA6","ANXA6",0.63427996379534,0.581509359481426,0.01,0.011,1
"ENSG00000283141","ENSG00000283141",0.635018445644523,-0.14502522174334,0.044,0.047,1
"ENSG00000238221","ENSG00000238221",0.635021448533794,-0.35780136290195,0.022,0.023,1
"DEDD","DEDD",0.635477031943472,-0.141245428231937,0.055,0.057,1
"SPDYE1","SPDYE1",0.635747441644376,-0.154823551906892,0.024,0.026,1
"CRCP","CRCP",0.635864884855143,-0.187476634613843,0.046,0.043,1
"TRIB2","TRIB2",0.635872820045505,0.47343164279804,0.01,0.009,1
"ENSG00000250387","ENSG00000250387",0.636137409083586,-0.255033140010955,0.03,0.032,1
"KARS1","KARS1",0.63642994898164,-0.216781740037129,0.084,0.086,1
"PCDHB10","PCDHB10",0.637252985452021,-0.23593130053427,0.011,0.012,1
"ENSG00000273230","ENSG00000273230",0.637360179015281,-0.232419337841735,0.012,0.014,1
"DENND1B","DENND1B",0.63738035280554,-0.384523488141204,0.011,0.012,1
"DUS3L","DUS3L",0.637461627110057,0.175917157504174,0.022,0.02,1
"ANK1","ANK1",0.63754075105989,-0.293622504887416,0.012,0.014,1
"SENP8","SENP8",0.637559072734982,-0.187426549370001,0.032,0.034,1
"GTPBP2","GTPBP2",0.63759891660518,-0.183974731925187,0.042,0.045,1
"TAF1A","TAF1A",0.638146801128016,-0.115593440321866,0.033,0.036,1
"FAF2","FAF2",0.638418315352417,-0.129410267292434,0.226,0.228,1
"DDOST","DDOST",0.638957391469871,-0.130547975990059,0.05,0.053,1
"PRICKLE2","PRICKLE2",0.639078202218491,-0.189737666153162,0.059,0.062,1
"PHB2","PHB2",0.639357488132912,-0.155474646004772,0.08,0.083,1
"DECR2","DECR2",0.639714660484012,-0.139597728370834,0.016,0.014,1
"DAXX","DAXX",0.639821776066466,-0.129192351382317,0.041,0.038,1
"COMMD8","COMMD8",0.640244342802417,0.222564918742437,0.021,0.019,1
"GINS3","GINS3",0.640835418944568,-0.35099089881235,0.016,0.017,1
"PLCG1-AS1","PLCG1-AS1",0.641184974503157,0.268006800800212,0.023,0.021,1
"PRELID1","PRELID1",0.641419036241942,0.123511644096745,0.058,0.055,1
"ENSG00000240571","ENSG00000240571",0.641899208714277,0.268858911790848,0.011,0.01,1
"ENSG00000226067","ENSG00000226067",0.642252952756144,-0.225007253260236,0.083,0.078,1
"RAB2B","RAB2B",0.64229870503072,-0.141840259624274,0.123,0.126,1
"CTNNAL1","CTNNAL1",0.643893499416962,-0.270819543791863,0.034,0.036,1
"TIE1","TIE1",0.645847926364661,-0.337348438363278,0.009,0.011,1
"SLC25A35","SLC25A35",0.646377711166348,-0.49685757172593,0.013,0.014,1
"PLXNB2","PLXNB2",0.646414961433991,0.105145052661021,0.012,0.014,1
"ENSG00000214772","ENSG00000214772",0.646615193750811,0.167780842545791,0.012,0.01,1
"ZNF34","ZNF34",0.646640215760307,0.17523299935114,0.041,0.039,1
"ENSG00000269054","ENSG00000269054",0.647077152037579,-0.158905269641276,0.009,0.011,1
"ENSG00000227042","ENSG00000227042",0.647300052444588,0.182521400383032,0.013,0.011,1
"ZNF385D","ZNF385D",0.64768050108208,-0.149033886711352,0.025,0.027,1
"IRF1","IRF1",0.648649231122743,-0.326156381068419,0.009,0.011,1
"POP5","POP5",0.648940839371488,-0.124519656604094,0.056,0.059,1
"MAP3K1","MAP3K1",0.648964870821119,-0.197146786656273,0.062,0.065,1
"ARAF","ARAF",0.649607288007275,-0.288763403780127,0.051,0.053,1
"C8orf33","C8orf33",0.649856297684958,-0.242169477833064,0.045,0.048,1
"NCK1-DT","NCK1-DT",0.64998739194745,-0.278082526045094,0.044,0.046,1
"ALG6","ALG6",0.650532905233416,-0.129603663422972,0.082,0.085,1
"UQCC4","UQCC4",0.650897885642918,-0.310530885291344,0.013,0.014,1
"GIN1","GIN1",0.65091285370202,0.135783800751471,0.119,0.115,1
"RIMOC1","RIMOC1",0.651267455630333,-0.20156073097593,0.113,0.115,1
"CASK","CASK",0.651796723412955,-0.110977985001547,0.273,0.275,1
"NOP16","NOP16",0.652003661798288,0.303660413620589,0.009,0.011,1
"LAMB3","LAMB3",0.652027787320439,-0.116765945854602,0.011,0.01,1
"MINDY2-DT","MINDY2-DT",0.6526485063698,-0.201523348417359,0.017,0.018,1
"PCDH19","PCDH19",0.652835929869493,0.373431568753332,0.018,0.016,1
"ENSG00000263657","ENSG00000263657",0.653306353493506,-0.171428081398963,0.068,0.07,1
"CAPN10-DT","CAPN10-DT",0.653407381290737,0.123705048714795,0.036,0.034,1
"ZBTB21","ZBTB21",0.653786655786956,-0.190291225246229,0.056,0.058,1
"KCNQ5","KCNQ5",0.653808607857755,0.159636649822603,0.021,0.019,1
"SNRPA1","SNRPA1",0.653844797451843,-0.116466521355698,0.125,0.129,1
"NRSN2","NRSN2",0.654843141857517,-0.118442461681484,0.025,0.023,1
"SFTPC","SFTPC",0.655811011191052,-0.214604173807707,0.066,0.068,1
"RFX4","RFX4",0.65628904355631,0.130356904737878,0.013,0.012,1
"MCM5","MCM5",0.656391077551805,-0.347629543622863,0.033,0.035,1
"POU2F2","POU2F2",0.657259529846829,-0.247182152114479,0.013,0.014,1
"UNC5D","UNC5D",0.657266329663599,-0.285517244057669,0.031,0.033,1
"ENSG00000251357","ENSG00000251357",0.657713626876054,-0.219076111529329,0.017,0.018,1
"ZNF225-AS1","ZNF225-AS1",0.657822232047858,-0.189640843031581,0.012,0.01,1
"PHC1","PHC1",0.658638048715882,-0.151109833268154,0.066,0.069,1
"IDUA","IDUA",0.658675476339662,0.182554612498436,0.029,0.027,1
"IFI44","IFI44",0.658812190575061,0.129051768568113,0.016,0.015,1
"ZNF554","ZNF554",0.658848532231895,-0.346896791320721,0.015,0.017,1
"TMPRSS9","TMPRSS9",0.658861935694648,-0.578511508020672,0.01,0.012,1
"ENSG00000272312","ENSG00000272312",0.659068165528911,-0.290708108080558,0.012,0.013,1
"EBPL","EBPL",0.659342463962911,-0.138192612120498,0.033,0.035,1
"ENSG00000225610","ENSG00000225610",0.661370766119961,0.201630015755034,0.014,0.013,1
"NEB","NEB",0.661662302695769,-0.338133074361964,0.021,0.023,1
"MOAP1","MOAP1",0.661772640566001,-0.176930630877124,0.027,0.029,1
"ALDH1L2","ALDH1L2",0.661977513546017,-0.193329326218667,0.028,0.03,1
"ZNF726","ZNF726",0.663046657525824,-0.265940624468901,0.015,0.017,1
"ALKBH4","ALKBH4",0.663858049217736,-0.143173645130119,0.04,0.038,1
"ENSG00000261172","ENSG00000261172",0.664476141331611,-0.491118492310961,0.013,0.014,1
"TSBP1","TSBP1",0.664738253311165,-0.214697028640149,0.03,0.027,1
"DDX41","DDX41",0.665072435092586,-0.176406249142424,0.034,0.036,1
"TRMT61A","TRMT61A",0.66538672293339,-0.146262107637231,0.047,0.049,1
"SLC41A3","SLC41A3",0.665429397009088,0.132165662463284,0.06,0.057,1
"LINC02175","LINC02175",0.665869277734204,0.301059680866224,0.018,0.016,1
"LOC112268449","LOC112268449",0.665989095114964,-0.503796110889761,0.009,0.01,1
"SVIL","SVIL",0.666209101618296,-0.213585302551721,0.015,0.017,1
"ENSG00000247134","ENSG00000247134",0.667382340520267,0.212932153778375,0.022,0.021,1
"TRAPPC4","TRAPPC4",0.668015756600133,-0.100592119333601,0.077,0.08,1
"TCTN2","TCTN2",0.668892677021926,-0.657527840596935,0.013,0.014,1
"TEX11","TEX11",0.669043046165052,-0.44934099656753,0.009,0.01,1
"METTL3","METTL3",0.669796743426299,-0.134377939631027,0.093,0.096,1
"FRMPD1","FRMPD1",0.669892230094491,0.113182034749571,0.019,0.017,1
"ERMAP","ERMAP",0.670123779881736,0.199465150045208,0.048,0.045,1
"TMEM107","TMEM107",0.670251937378216,-0.301856744133095,0.009,0.01,1
"SLCO1B1","SLCO1B1",0.670262654761416,-0.127268013465041,0.014,0.013,1
"STYX","STYX",0.670666029971414,-0.161106318442052,0.094,0.097,1
"LINS1","LINS1",0.670702705621855,-0.179911042009208,0.071,0.073,1
"PSMC2","PSMC2",0.671064264443204,-0.107583010711156,0.182,0.183,1
"B4GALT2","B4GALT2",0.67253929888107,-0.111550382880872,0.102,0.098,1
"FLNC","FLNC",0.672681231526184,-0.380757228009293,0.066,0.068,1
"GALNT17","GALNT17",0.672866406235333,-0.109267807381288,0.026,0.027,1
"TBRG4","TBRG4",0.673493484548193,-0.243388812883,0.071,0.072,1
"PTP4A1","PTP4A1",0.674513185311033,-0.174748040409645,0.134,0.135,1
"RAB3A","RAB3A",0.67571920354044,-0.350012449510187,0.021,0.022,1
"NECAP2","NECAP2",0.675815829008626,-0.224920471685849,0.061,0.063,1
"SGCB","SGCB",0.676146002437052,-0.167087015501825,0.169,0.171,1
"ENSG00000233862","ENSG00000233862",0.676373181350748,-0.186246372723972,0.053,0.055,1
"AP3S2","AP3S2",0.676377874214271,-0.276747060396751,0.04,0.042,1
"ATL2","ATL2",0.676463814993715,-0.130747600853585,0.108,0.103,1
"MCTP1","MCTP1",0.676746299575361,-0.250795175415716,0.023,0.025,1
"NHLH2","NHLH2",0.676955706049536,-0.198986556990195,0.029,0.031,1
"CR1L","CR1L",0.677212728453122,0.559765739222876,0.011,0.01,1
"DUSP7","DUSP7",0.677451661818227,-0.12136946393636,0.105,0.1,1
"FTSJ1","FTSJ1",0.677966359247806,-0.244944274120312,0.025,0.027,1
"CSTF3-DT","CSTF3-DT",0.678331359413241,-0.12922287966407,0.036,0.038,1
"SMYD4","SMYD4",0.679003502451976,-0.127774568426474,0.067,0.07,1
"SSNA1","SSNA1",0.679745980833244,-0.15506032270647,0.189,0.188,1
"SBF2-AS1","SBF2-AS1",0.68002279955261,0.338090801908908,0.019,0.018,1
"ZNF583","ZNF583",0.680184107210611,-0.184458836353688,0.089,0.091,1
"CDHR3","CDHR3",0.68053834939541,-0.131203635670906,0.018,0.02,1
"ATP6V0D1","ATP6V0D1",0.680843434264851,-0.16327329861305,0.166,0.166,1
"SPON1","SPON1",0.680893110291078,-0.375482915663594,0.011,0.012,1
"ENSG00000236449","ENSG00000236449",0.681327005751096,-0.12033213107324,0.311,0.307,1
"TMEM67","TMEM67",0.682149622375938,-0.174290745247067,0.013,0.014,1
"FPGS","FPGS",0.682383201293983,-0.107787108758329,0.087,0.089,1
"MANEA-DT","MANEA-DT",0.682645471714409,-0.315760222587438,0.015,0.016,1
"ENSG00000259986","ENSG00000259986",0.682912125206387,-0.158725551625158,0.031,0.029,1
"ASAP3","ASAP3",0.682943332759904,-0.198549078747026,0.013,0.014,1
"ENSG00000244036","ENSG00000244036",0.683149972324921,-0.26564160935493,0.011,0.012,1
"HAT1","HAT1",0.683272579408863,-0.143840831690868,0.116,0.119,1
"PROS1","PROS1",0.683719056685126,-0.289763044919776,0.015,0.016,1
"POLR1H","POLR1H",0.684227820517611,-0.183453554055963,0.015,0.016,1
"SPATA17","SPATA17",0.684247186795839,-0.496593969499666,0.011,0.012,1
"LOC105370887","LOC105370887",0.684263581911192,-0.142500870926642,0.05,0.052,1
"C3orf18","C3orf18",0.685193795344634,-0.255552683736711,0.017,0.018,1
"OLFM2","OLFM2",0.68544197172497,-0.20633402412987,0.011,0.012,1
"TIMM8B","TIMM8B",0.685909612372459,-0.168453047534731,0.065,0.062,1
"ENSG00000226849","ENSG00000226849",0.685950160408418,-0.22543040833986,0.021,0.022,1
"CFAP47","CFAP47",0.686161400880464,0.132623261814307,0.012,0.011,1
"BCAP31","BCAP31",0.68626498107502,-0.116777482903912,0.111,0.114,1
"SMPD1","SMPD1",0.686352337741762,-0.199299991796633,0.127,0.128,1
"TMSB4Y","TMSB4Y",0.687932346409436,-0.339217628499568,0.013,0.015,1
"BCS1L","BCS1L",0.689721305066327,-0.310087223428819,0.031,0.033,1
"COL14A1","COL14A1",0.689782473270844,-0.361942332892576,0.029,0.031,1
"NAGA","NAGA",0.690230271900978,0.164635447348356,0.012,0.011,1
"CDR2L","CDR2L",0.690737859345502,-0.129627605685123,0.16,0.16,1
"TECPR1","TECPR1",0.690755090804444,-0.104241768840007,0.116,0.118,1
"ENSG00000235085","ENSG00000235085",0.691522280660248,0.230976488640505,0.012,0.011,1
"ANOS1","ANOS1",0.691839029977942,-0.158124866160925,0.024,0.025,1
"SEC61G","SEC61G",0.692020777691433,0.131848502222298,0.061,0.058,1
"SLC36A1","SLC36A1",0.692160660517985,0.20813073719672,0.071,0.069,1
"ENSG00000229611","ENSG00000229611",0.69265196611468,0.231818213069888,0.014,0.013,1
"LIMD1","LIMD1",0.692916201830491,-0.160949368872092,0.164,0.167,1
"PCP4","PCP4",0.693120425862139,-0.344824424524331,0.01,0.011,1
"ENSG00000230437","ENSG00000230437",0.693606006235464,-0.21509520707915,0.019,0.021,1
"SASS6","SASS6",0.69373168416287,-0.229649090500897,0.074,0.076,1
"SLC2A13","SLC2A13",0.693823969207387,-0.27806399624498,0.028,0.03,1
"POLR2K","POLR2K",0.693866436213384,-0.100714060893464,0.053,0.056,1
"CCNJ","CCNJ",0.694290803953691,-0.1899673309227,0.015,0.016,1
"ENSG00000260773","ENSG00000260773",0.694816048193574,0.165864244238239,0.014,0.013,1
"GRK7","GRK7",0.695184351038779,-0.5663626316419,0.009,0.01,1
"POLR2B","POLR2B",0.695680576421517,-0.114959859534482,0.205,0.205,1
"NLGN2","NLGN2",0.695965707771095,-0.17800892121738,0.088,0.09,1
"NECAP1","NECAP1",0.696484227559154,-0.183693413640859,0.081,0.083,1
"LNC-LBCS","LNC-LBCS",0.696925321388531,-0.133541496574362,0.027,0.029,1
"CORO7","CORO7",0.697496990933364,-0.163491235391776,0.012,0.011,1
"ID4","ID4",0.697633321102442,-0.344736450724371,0.009,0.01,1
"MRPS28","MRPS28",0.69878759612304,-0.286756468651314,0.016,0.017,1
"STOML1","STOML1",0.698799101220306,-0.116855197157591,0.035,0.037,1
"USP2","USP2",0.699386807174867,-0.150206409653023,0.117,0.111,1
"ILF2","ILF2",0.699447099290862,-0.140990830453688,0.088,0.09,1
"SLC19A1","SLC19A1",0.699838817077485,-0.150113534925095,0.013,0.015,1
"CHCHD5","CHCHD5",0.700768316500705,-0.147944022046483,0.038,0.04,1
"ENSG00000231955","ENSG00000231955",0.700950738825264,0.111443504283075,0.014,0.013,1
"AMPH","AMPH",0.701052293164363,-0.2165068543083,0.009,0.01,1
"ZEB1","ZEB1",0.702070396906634,0.122724675607457,0.018,0.016,1
"RFC5","RFC5",0.703332993610197,-0.359798964860716,0.014,0.016,1
"HFE","HFE",0.704278904763406,-0.171103194670021,0.015,0.014,1
"ENSG00000258168","ENSG00000258168",0.704434235599223,-0.458185685473536,0.024,0.026,1
"CHSY3","CHSY3",0.704986184586848,-0.172449560340552,0.056,0.058,1
"GIHCG","GIHCG",0.70537786687057,0.154068364175743,0.028,0.026,1
"ARL1","ARL1",0.705470135738975,-0.155325019886174,0.091,0.093,1
"ATP5MK","ATP5MK",0.705809995491608,-0.11430707099973,0.082,0.078,1
"LAMA4","LAMA4",0.706887366584884,-0.149290272022287,0.012,0.013,1
"SLC16A3","SLC16A3",0.706912003911648,-0.259610108020188,0.033,0.035,1
"BANK1","BANK1",0.707957433581684,-0.13029399895692,0.016,0.014,1
"RBMX2","RBMX2",0.708424941147026,-0.105588869135245,0.06,0.062,1
"RFESD","RFESD",0.70946843503552,-0.133149459883626,0.018,0.017,1
"ENSG00000241295","ENSG00000241295",0.709793084138736,-0.112342906369845,0.018,0.017,1
"SDHB","SDHB",0.709815224459178,-0.203078207859838,0.164,0.165,1
"THUMPD1","THUMPD1",0.712130674516266,-0.103826518820029,0.153,0.154,1
"LINC00706","LINC00706",0.712689884847326,0.122534491074902,0.025,0.026,1
"TCEAL3","TCEAL3",0.71303803376805,-0.196133563678659,0.11,0.111,1
"ENSG00000231104","ENSG00000231104",0.713677781468454,-0.141053555587032,0.02,0.019,1
"DNAL1","DNAL1",0.714021213522918,-0.174126025904642,0.04,0.042,1
"PRDX5","PRDX5",0.714105557790574,-0.112582393711594,0.095,0.097,1
"PRPF8","PRPF8",0.714128674239762,-0.129061570626939,0.206,0.204,1
"ENSG00000258285","ENSG00000258285",0.7145985795818,-0.236907204142798,0.009,0.01,1
"ENSG00000267198","ENSG00000267198",0.71497616232005,0.406222752822466,0.012,0.011,1
"PRKD2","PRKD2",0.715019860816851,0.309800686990359,0.025,0.024,1
"GCNT2","GCNT2",0.715197769785365,0.513420540253382,0.01,0.009,1
"CETN3","CETN3",0.715738603633374,-0.135520952318718,0.134,0.136,1
"ZKSCAN2-DT","ZKSCAN2-DT",0.715984155479311,0.277946858272703,0.046,0.044,1
"RWDD4","RWDD4",0.717989619924037,-0.133989525626284,0.049,0.051,1
"CNTN5","CNTN5",0.718045213787083,-0.244323705958265,0.049,0.05,1
"NDUFV2-AS1","NDUFV2-AS1",0.71837210901463,0.103295061067326,0.052,0.05,1
"ENSG00000223704","ENSG00000223704",0.718486974718171,-0.353690787917461,0.015,0.016,1
"ODF2L","ODF2L",0.718885495434365,-0.13110698921396,0.258,0.246,1
"CD99","CD99",0.718893429413719,0.249755331533534,0.011,0.01,1
"CNNM3","CNNM3",0.719587675734486,-0.171853870970978,0.075,0.072,1
"LOC101927413","LOC101927413",0.72076301149949,-0.374915613841024,0.009,0.01,1
"C1orf21","C1orf21",0.720786528939713,-0.2946602388924,0.018,0.019,1
"BRPF1","BRPF1",0.721013845450692,-0.162496601511756,0.021,0.023,1
"KCNIP4","KCNIP4",0.721773772807457,-0.262698541911157,0.134,0.136,1
"WNK3","WNK3",0.721855944165383,-0.184845669341083,0.115,0.117,1
"COPZ2","COPZ2",0.722039390909085,-0.162882178908737,0.013,0.014,1
"ENSG00000258272","ENSG00000258272",0.722347000776147,-0.201630755474272,0.013,0.014,1
"ODAD4","ODAD4",0.722594267592941,0.14107124026366,0.011,0.01,1
"HEXB","HEXB",0.722909596903927,-0.187167171710904,0.089,0.091,1
"ENSG00000229178","ENSG00000229178",0.72311215212876,-0.177049542419576,0.021,0.023,1
"IL12RB1","IL12RB1",0.723378064108092,0.157302391683748,0.01,0.009,1
"MCM3","MCM3",0.723386053179208,-0.377616611015889,0.031,0.033,1
"ENSG00000261357","ENSG00000261357",0.723782103993935,0.204253862370726,0.017,0.016,1
"VDAC2","VDAC2",0.724117335540832,-0.150504190795249,0.106,0.107,1
"ALKBH6","ALKBH6",0.724990554698096,-0.226128466880078,0.036,0.038,1
"RNF113A","RNF113A",0.726277445234026,0.152720707557473,0.022,0.021,1
"BRF2","BRF2",0.727935362566936,-0.248669131946598,0.014,0.015,1
"DNASE1L2","DNASE1L2",0.72794344521281,-0.155830814278303,0.011,0.01,1
"C16orf95","C16orf95",0.728164338184526,-0.147039641296618,0.027,0.029,1
"GPANK1","GPANK1",0.728408555256232,-0.199019078368958,0.059,0.061,1
"LYSMD2","LYSMD2",0.729045553951201,-0.264416191540948,0.012,0.013,1
"ENSG00000233864","ENSG00000233864",0.729217168567834,-0.159146752239937,0.076,0.078,1
"NLRP14","NLRP14",0.729465191260812,0.16926299294389,0.014,0.013,1
"SLC66A2","SLC66A2",0.729696175935013,-0.129628061114102,0.187,0.187,1
"GMDS","GMDS",0.729788826098329,-0.139405202911438,0.214,0.214,1
"DLGAP4-AS1","DLGAP4-AS1",0.730521497931713,-0.245497930955282,0.018,0.019,1
"ENSG00000259460","ENSG00000259460",0.731042932877116,-0.163383668080238,0.027,0.029,1
"TRIM3","TRIM3",0.731309349159531,-0.123944794607326,0.077,0.074,1
"LOC100507250","LOC100507250",0.731827626625806,-0.36134037151503,0.014,0.015,1
"FAR2","FAR2",0.732146752757288,0.191738868991403,0.022,0.024,1
"ZBTB39","ZBTB39",0.73238326806381,0.435105698082475,0.023,0.022,1
"ZNF546","ZNF546",0.732605692778874,0.13226788019026,0.129,0.126,1
"CCDC9","CCDC9",0.733444567175037,-0.2028851378169,0.012,0.013,1
"EAF2","EAF2",0.733594456921183,-0.205440540708578,0.03,0.031,1
"PSMA1","PSMA1",0.733657877324687,-0.206429831595407,0.012,0.011,1
"QNG1","QNG1",0.733910846352863,-0.14914666647363,0.024,0.026,1
"ASF1A","ASF1A",0.734406209131466,-0.109640188612937,0.06,0.062,1
"PRR3","PRR3",0.734639976164145,-0.17144352330841,0.076,0.073,1
"ZNF227","ZNF227",0.734776908200609,-0.1085070884259,0.093,0.095,1
"ASTE1","ASTE1",0.735104950727759,0.149046205145949,0.051,0.049,1
"CEP57L1","CEP57L1",0.735380294572985,-0.114336871675895,0.164,0.166,1
"GADD45B","GADD45B",0.735523234724807,-0.108627187226833,0.014,0.013,1
"CUX2","CUX2",0.735720699217495,-0.351327367061394,0.012,0.011,1
"CTSB","CTSB",0.736074571179366,-0.107873287311889,0.096,0.098,1
"HS1BP3","HS1BP3",0.736496774129229,-0.166439377729275,0.108,0.11,1
"GAS6","GAS6",0.736551508863963,-0.148571111678146,0.069,0.07,1
"POLR2D","POLR2D",0.736689881957003,-0.121718418114984,0.097,0.099,1
"APMAP","APMAP",0.736702538311234,-0.178432659926942,0.082,0.083,1
"NF2","NF2",0.736819363734493,-0.151262318595996,0.111,0.114,1
"IFT57","IFT57",0.737771140210551,-0.1675607502534,0.065,0.066,1
"RNF26","RNF26",0.738108190283877,-0.215388069199862,0.03,0.031,1
"SWSAP1","SWSAP1",0.739452374554108,-0.191571099641081,0.014,0.015,1
"DUSP15","DUSP15",0.740167296589512,-0.20351051447826,0.04,0.042,1
"DOK6","DOK6",0.740362652636485,-0.109518160642053,0.021,0.022,1
"SART3","SART3",0.740492390798716,-0.138351515259262,0.14,0.141,1
"CCDC6","CCDC6",0.740536396387958,-0.103667572165432,0.173,0.175,1
"ATP13A5","ATP13A5",0.740708726158888,-0.328858354380918,0.01,0.011,1
"DDX56","DDX56",0.740902726492012,-0.21702640337871,0.067,0.068,1
"LARS2","LARS2",0.741403855936005,-0.104360005040295,0.147,0.149,1
"MXRA7","MXRA7",0.741705397486796,-0.11540013076644,0.06,0.062,1
"ENSG00000253582","ENSG00000253582",0.742655341023102,-0.225743213652203,0.01,0.011,1
"ITGAL","ITGAL",0.743003124476163,-0.103315083797649,0.01,0.011,1
"LINC01090","LINC01090",0.743142252548952,-0.251639557305775,0.01,0.011,1
"ZNF687","ZNF687",0.743251385851615,-0.252988115968623,0.028,0.03,1
"DGKA","DGKA",0.744174865142981,0.144308588368776,0.027,0.025,1
"ENSG00000268030","ENSG00000268030",0.74451682055211,-0.234922333293011,0.014,0.013,1
"PFDN4","PFDN4",0.74517322816748,-0.10294377044845,0.053,0.051,1
"NETO2","NETO2",0.745538270067479,-0.247097539554936,0.015,0.016,1
"ABCD1","ABCD1",0.745649087865678,0.247977222165294,0.021,0.02,1
"ENSG00000241990","ENSG00000241990",0.745970000034175,-0.641535915836744,0.011,0.012,1
"ZNF367","ZNF367",0.746739005817656,-0.254535094006222,0.03,0.031,1
"ENSG00000265287","ENSG00000265287",0.74725331526344,-0.11637337975405,0.017,0.016,1
"SLC37A4","SLC37A4",0.748252021857333,-0.437733615825011,0.016,0.017,1
"CIB1","CIB1",0.748525590192349,-0.196619334214331,0.058,0.059,1
"IL17RD","IL17RD",0.748631557025213,-0.376173916362926,0.009,0.01,1
"CAD","CAD",0.74892609229098,-0.170912365867376,0.067,0.064,1
"NPDC1","NPDC1",0.749120911896535,-0.23740261682194,0.017,0.018,1
"AP3M1","AP3M1",0.749156550869619,-0.207071684370108,0.085,0.087,1
"ENSG00000267175","ENSG00000267175",0.749525230287824,0.29221326022322,0.029,0.027,1
"PPIB","PPIB",0.750309121348187,-0.122988232486185,0.192,0.191,1
"ABCF3","ABCF3",0.750326586078974,-0.359249481635481,0.053,0.054,1
"RTL8B","RTL8B",0.750422506320582,-0.166320580227022,0.023,0.022,1
"CDCA4","CDCA4",0.75090990029929,-0.25923491867052,0.009,0.01,1
"TSEN34","TSEN34",0.750910242826464,-0.200244507066379,0.03,0.028,1
"ENSG00000278002","ENSG00000278002",0.751267657768574,-0.446885259082219,0.013,0.014,1
"SIVA1","SIVA1",0.752104048133021,-0.11836759130205,0.072,0.074,1
"DNAH7","DNAH7",0.752405076989151,-0.247016785354342,0.009,0.01,1
"COL11A1","COL11A1",0.752416069781631,0.154679954510292,0.018,0.016,1
"ENSG00000265739","ENSG00000265739",0.753302629616232,-0.130857356289537,0.009,0.01,1
"DDX54","DDX54",0.75383085648364,-0.303889704454705,0.057,0.058,1
"WDR4","WDR4",0.754619225700701,-0.163647298638804,0.047,0.049,1
"RIT1","RIT1",0.754963833127986,-0.221235374811042,0.039,0.04,1
"MRPL58","MRPL58",0.75532624751024,-0.170324718125419,0.053,0.051,1
"P4HA1","P4HA1",0.755756593075192,-0.100564819245518,0.262,0.255,1
"CWC22","CWC22",0.75586748272955,-0.131900658869585,0.155,0.156,1
"SNHG31","SNHG31",0.756294305660103,0.241641855851432,0.029,0.028,1
"DEPDC7","DEPDC7",0.756875973538954,-0.114132679993307,0.029,0.031,1
"ATXN7L3","ATXN7L3",0.757044072961844,0.124816392066015,0.049,0.048,1
"MRPL47","MRPL47",0.757714195665579,-0.235236389613775,0.059,0.06,1
"FMN2","FMN2",0.757831581018124,-0.198050127783053,0.073,0.07,1
"SAV1","SAV1",0.758167099131049,-0.171482145868977,0.145,0.145,1
"ENSG00000226747","ENSG00000226747",0.758207202665786,0.133120812095966,0.033,0.032,1
"CBX4","CBX4",0.759414186605123,0.107426685093288,0.107,0.104,1
"VIRMA","VIRMA",0.760378950222896,-0.113468647894338,0.216,0.215,1
"ZNF385B","ZNF385B",0.76076517030381,-0.135841165892129,0.013,0.014,1
"MFSD2B","MFSD2B",0.760801072926223,0.17105835778915,0.018,0.017,1
"ENSG00000260626","ENSG00000260626",0.760938817448467,0.109716341518738,0.018,0.017,1
"ENSG00000273382","ENSG00000273382",0.761161705847079,0.171374063992775,0.016,0.015,1
"NDUFA8","NDUFA8",0.761164042164181,-0.100870232802294,0.076,0.077,1
"FAM204A","FAM204A",0.761490047615806,-0.109965389419139,0.186,0.187,1
"INTS9","INTS9",0.762760346601693,-0.112543649094441,0.187,0.187,1
"PEX11A","PEX11A",0.763022532909234,0.123833628044042,0.018,0.016,1
"ENSG00000272755","ENSG00000272755",0.764557050991205,-0.325206645399684,0.017,0.018,1
"RNF112","RNF112",0.765758248056892,0.156645097671106,0.011,0.012,1
"ARHGAP19-SLIT1","ARHGAP19-SLIT1",0.765937572617773,-0.112054141050079,0.02,0.019,1
"GMPPA","GMPPA",0.766536198770208,-0.105222008776012,0.046,0.044,1
"FAM47E","FAM47E",0.766966258636996,-0.311027647302158,0.017,0.018,1
"ENSG00000260733","ENSG00000260733",0.766998713368011,0.194301516400172,0.017,0.016,1
"CSMD3","CSMD3",0.767852449357678,-0.107922163340678,0.188,0.191,1
"ENSG00000268392","ENSG00000268392",0.769919886369415,-0.207855832160004,0.012,0.013,1
"TAF4B","TAF4B",0.770073675812285,-0.16409273709157,0.067,0.069,1
"PLK1","PLK1",0.771425149530584,-0.212825074469603,0.019,0.02,1
"ZNF486","ZNF486",0.772392665068751,0.187342440114805,0.031,0.03,1
"TMEM115","TMEM115",0.772641501885267,-0.154226061669445,0.036,0.034,1
"SNHG19","SNHG19",0.772745011858215,-0.13171341496933,0.049,0.047,1
"BTN3A1","BTN3A1",0.772820650473348,-0.237358740765625,0.024,0.025,1
"CHROMR","CHROMR",0.77285428407723,-0.157987361527611,0.012,0.011,1
"RAB40A","RAB40A",0.772904543036322,-0.102126517937957,0.02,0.019,1
"INAFM1","INAFM1",0.773427681026389,-0.121556332819686,0.022,0.021,1
"ENSG00000275285","ENSG00000275285",0.773951808933436,-0.266150804576414,0.014,0.015,1
"SEC11A","SEC11A",0.774505171831476,-0.116449274580654,0.191,0.191,1
"PCDHB4","PCDHB4",0.775281601472813,-0.135010274873174,0.024,0.025,1
"DNAJB11","DNAJB11",0.775949041996305,-0.159545928744458,0.062,0.064,1
"LRRN3","LRRN3",0.776273588755573,-0.127704331176707,0.014,0.015,1
"C4orf33","C4orf33",0.776320536045304,0.163753747200987,0.057,0.055,1
"DUSP23","DUSP23",0.777356830191754,-0.152188865560338,0.027,0.028,1
"UNC5CL","UNC5CL",0.777914663310272,-0.240472837930563,0.016,0.015,1
"TIGD6","TIGD6",0.778076161436883,-0.198965836651285,0.029,0.028,1
"ADCK2","ADCK2",0.778110108208723,0.202779793994528,0.024,0.025,1
"ENSG00000257433","ENSG00000257433",0.778296812273281,-0.261365765640245,0.022,0.021,1
"SHISA2","SHISA2",0.780048425946273,-0.390383117764116,0.011,0.012,1
"IPO11","IPO11",0.780106726652496,-0.122805601789885,0.173,0.172,1
"SNX17","SNX17",0.780864408100407,-0.203958408820702,0.084,0.086,1
"ATP5MC3","ATP5MC3",0.781651265863033,-0.111871759475131,0.093,0.095,1
"ENSG00000238290","ENSG00000238290",0.781999029159681,-0.3155004337454,0.015,0.016,1
"ZNF2","ZNF2",0.78279708298317,-0.129868058228621,0.04,0.038,1
"ACOT9","ACOT9",0.783443811732574,-0.294450247041315,0.017,0.016,1
"PUS10","PUS10",0.783936462501043,-0.133546779962046,0.091,0.093,1
"ENSG00000255121","ENSG00000255121",0.784790461004743,0.218003500082298,0.02,0.019,1
"TRIM61","TRIM61",0.785148061334742,-0.21082893996881,0.013,0.014,1
"LCAT","LCAT",0.785910742548017,-0.308022693747296,0.013,0.014,1
"PTGES2","PTGES2",0.786123112247541,-0.293797998197131,0.046,0.047,1
"DLG4","DLG4",0.786447770565124,-0.132594266401379,0.026,0.027,1
"DUSP11","DUSP11",0.786934006189038,-0.26440472546795,0.062,0.063,1
"MYO18B","MYO18B",0.787424851745122,-0.194789047019367,0.011,0.012,1
"RDH13","RDH13",0.787549645190761,0.134360472083062,0.028,0.027,1
"KDM6B","KDM6B",0.788266204195544,-0.135028986302005,0.015,0.016,1
"ENSG00000283809","ENSG00000283809",0.78845282674958,0.12160744121568,0.018,0.017,1
"KXD1","KXD1",0.789121242120964,-0.168704803861947,0.133,0.134,1
"VPS39","VPS39",0.790061338117059,-0.121460263833636,0.233,0.232,1
"GPR158","GPR158",0.790609255626433,-0.203989798265698,0.136,0.131,1
"LIAT1","LIAT1",0.790745800782377,-0.146470573952679,0.013,0.014,1
"ZNF778","ZNF778",0.791307761503485,0.164422552261992,0.053,0.055,1
"M6PR","M6PR",0.791654030223336,-0.120671481123077,0.114,0.114,1
"VAMP5","VAMP5",0.792760319069651,0.155389083359169,0.011,0.012,1
"ENSG00000266667","ENSG00000266667",0.792802709578322,-0.212255268238608,0.021,0.022,1
"SLC44A2","SLC44A2",0.793470626965487,-0.128031188492463,0.159,0.153,1
"ENSG00000224043","ENSG00000224043",0.793827320823551,-0.186073385828657,0.077,0.078,1
"GOLGA6L7","GOLGA6L7",0.795501475077802,0.24006727468881,0.013,0.013,1
"ENSG00000260927","ENSG00000260927",0.796121337905363,-0.118384311075592,0.021,0.022,1
"NFU1","NFU1",0.7961248635758,-0.114804550155792,0.147,0.148,1
"NUP93-DT","NUP93-DT",0.79683590991993,-0.117860345846521,0.02,0.021,1
"ZNF646","ZNF646",0.797698005415213,-0.364338732470542,0.029,0.03,1
"PLPPR5-AS1","PLPPR5-AS1",0.799282479202895,-0.277834115742409,0.012,0.012,1
"ENSG00000262801","ENSG00000262801",0.79944632871397,-0.119317625301858,0.009,0.01,1
"UPP1","UPP1",0.800045025411749,0.157616748820073,0.017,0.016,1
"TEX41","TEX41",0.800496076916954,-0.469981897861109,0.012,0.012,1
"LINC02389","LINC02389",0.801814283802148,0.206390686649056,0.011,0.012,1
"AGK","AGK",0.802602830314232,-0.129368139897883,0.16,0.161,1
"ENSG00000272525","ENSG00000272525",0.80302479207541,-0.351183983784421,0.02,0.021,1
"ZFP3","ZFP3",0.803574896796217,-0.216767319388508,0.025,0.026,1
"FHAD1","FHAD1",0.804826504842269,0.210141557414957,0.01,0.009,1
"ATMIN","ATMIN",0.805247155889101,-0.172241647211582,0.124,0.124,1
"MFAP3","MFAP3",0.805930593066232,-0.101628642646451,0.091,0.088,1
"TAF1B","TAF1B",0.806350037875136,-0.116105533695979,0.124,0.126,1
"ZNF738","ZNF738",0.806361363732492,-0.111767497047915,0.096,0.093,1
"TFRC","TFRC",0.806423087728644,-0.322413997070663,0.049,0.049,1
"SLC4A4","SLC4A4",0.80681182633324,-0.156001603180574,0.014,0.014,1
"ENSG00000259604","ENSG00000259604",0.806990233064056,-0.103043065491533,0.124,0.125,1
"MCAT","MCAT",0.807015528009238,-0.612951806326959,0.01,0.011,1
"CRACR2A","CRACR2A",0.807572129444585,-0.171322105186332,0.01,0.009,1
"MEF2C","MEF2C",0.808149260916394,-0.133740496024253,0.014,0.015,1
"TRAPPC14","TRAPPC14",0.8111009220404,-0.255779047575485,0.011,0.01,1
"PI4K2A","PI4K2A",0.8119823132257,-0.113443954688552,0.025,0.026,1
"ENSG00000265749","ENSG00000265749",0.812522700063937,-0.122120124964463,0.013,0.012,1
"EOLA2","EOLA2",0.81258901266422,-0.260445480693595,0.013,0.013,1
"SLC50A1","SLC50A1",0.812785206089015,-0.301691676769197,0.013,0.013,1
"MAB21L3","MAB21L3",0.812929142528915,-0.225435941523021,0.011,0.01,1
"SUPT6H","SUPT6H",0.813526794128741,-0.115801603799266,0.197,0.195,1
"PRAF2","PRAF2",0.814630740091221,-0.140234307579859,0.07,0.071,1
"POLR1B","POLR1B",0.814897416649553,0.131730527428735,0.044,0.042,1
"ZSCAN2","ZSCAN2",0.815009898887469,0.244499582307352,0.018,0.018,1
"ENSG00000224342","ENSG00000224342",0.8150582549422,-0.195802893187959,0.01,0.009,1
"PLAGL2","PLAGL2",0.815784600448668,-0.188680073898829,0.03,0.031,1
"LOC124900193","LOC124900193",0.816519449230639,-0.122166609753104,0.015,0.016,1
"ENSG00000283088","ENSG00000283088",0.817123760456001,-0.225142014036507,0.01,0.009,1
"ANGPT1","ANGPT1",0.817353339660423,-0.478012477228059,0.01,0.009,1
"ENSG00000258400","ENSG00000258400",0.819103946422288,-0.190648448397515,0.01,0.011,1
"TPRG1L","TPRG1L",0.819209879209651,-0.314641524871641,0.056,0.057,1
"CSNK2A2","CSNK2A2",0.8192136836957,-0.199012079228511,0.151,0.145,1
"NRXN1-DT","NRXN1-DT",0.819875432126022,-0.153458474102322,0.044,0.042,1
"DNAJC19","DNAJC19",0.820297227353113,-0.204641611730183,0.089,0.09,1
"PELP1","PELP1",0.820309595365063,-0.144902862500526,0.131,0.131,1
"PDE8B.1","PDE8B.1",0.821305326547851,-0.128716572521665,0.023,0.024,1
"NLRC3","NLRC3",0.826825786472498,0.221481648209732,0.01,0.011,1
"LOC389831","LOC389831",0.826940825795721,-0.295962032282992,0.028,0.027,1
"CCDC152","CCDC152",0.827762639649863,-0.217681682175983,0.06,0.058,1
"TMEM132B","TMEM132B",0.828001566748617,-0.195393469437088,0.044,0.043,1
"OVGP1","OVGP1",0.828280007344842,-0.309366600108141,0.017,0.017,1
"GNB2","GNB2",0.829195689644474,-0.17822507118011,0.08,0.081,1
"UBXN8","UBXN8",0.829579656114871,-0.171789283936529,0.061,0.062,1
"CFAP61","CFAP61",0.829583210002219,-0.27050777252949,0.025,0.024,1
"C12orf56","C12orf56",0.830416795604355,-0.269781994718948,0.049,0.048,1
"ENSG00000266490","ENSG00000266490",0.831043941702871,-0.186059933426956,0.009,0.01,1
"GTSCR1","GTSCR1",0.83166434004128,-0.245876384563862,0.009,0.01,1
"EIF2S3B","EIF2S3B",0.831745538008494,-0.147480116067113,0.013,0.014,1
"C10orf143","C10orf143",0.831857607059743,-0.126134011613907,0.06,0.061,1
"TMEM237","TMEM237",0.832148241668458,-0.107789793186842,0.043,0.044,1
"USP44","USP44",0.832593821607298,-0.197770156129931,0.02,0.019,1
"ZNHIT3","ZNHIT3",0.834081420972274,-0.173385248504879,0.081,0.078,1
"CCAR2","CCAR2",0.834592461202443,-0.122672485901916,0.065,0.066,1
"MELTF-AS1","MELTF-AS1",0.834612658313242,-0.143811574615536,0.009,0.01,1
"ENSG00000258957","ENSG00000258957",0.834783070291454,-0.158256304364349,0.017,0.017,1
"MTSS2","MTSS2",0.835901623582316,-0.111745829263103,0.12,0.116,1
"DNMT3B","DNMT3B",0.836010044655402,-0.169558626914046,0.009,0.01,1
"POLR3K","POLR3K",0.838051780552434,-0.229446762218377,0.019,0.018,1
"ZNF773","ZNF773",0.838081155238404,-0.298991273454551,0.018,0.018,1
"ITGAE","ITGAE",0.838163090569983,-0.108678259953393,0.101,0.102,1
"TBC1D17","TBC1D17",0.838313316992573,-0.114666128345751,0.201,0.198,1
"ENSG00000255311","ENSG00000255311",0.839601259257645,-0.114093987808687,0.182,0.176,1
"ZNF777","ZNF777",0.840074218434807,0.110608951338589,0.036,0.038,1
"TIMM50","TIMM50",0.84058377541411,-0.141180413515797,0.058,0.059,1
"GAS1","GAS1",0.840727114074737,-0.212798202994338,0.021,0.021,1
"LINC02405","LINC02405",0.84090701805004,-0.527579596995425,0.015,0.016,1
"DNPH1","DNPH1",0.841161220273601,-0.116923763350138,0.03,0.029,1
"ENSG00000282393","ENSG00000282393",0.841584266425921,0.11047127530374,0.021,0.02,1
"ENSG00000259589","ENSG00000259589",0.842386527286393,-0.21892180617594,0.024,0.025,1
"LNP1","LNP1",0.842592896395153,0.142551341083264,0.021,0.02,1
"ENSG00000254420","ENSG00000254420",0.842987195233992,-0.131971597059758,0.192,0.189,1
"ENSG00000284292","ENSG00000284292",0.8431337959819,0.171653381690242,0.011,0.011,1
"ENSG00000275632","ENSG00000275632",0.843205776783426,0.126261407493965,0.011,0.011,1
"CLSTN2","CLSTN2",0.843229939939745,-0.156155250419236,0.066,0.064,1
"RAB8B","RAB8B",0.843864324876881,-0.119166792271683,0.257,0.253,1
"DEPDC4","DEPDC4",0.84493275912417,-0.137392135119254,0.026,0.025,1
"DRG2","DRG2",0.845094402337976,-0.165191030384265,0.075,0.075,1
"HNRNPA1L3","HNRNPA1L3",0.846171413343707,-0.14566737437809,0.014,0.013,1
"ZNF641","ZNF641",0.846317575523466,-0.125832634573807,0.027,0.028,1
"EVI2B","EVI2B",0.846656618458193,-0.117626650664621,0.032,0.033,1
"NPHP3-ACAD11","NPHP3-ACAD11",0.84702700726303,-0.154375909794082,0.036,0.036,1
"NFS1","NFS1",0.847287869614149,-0.114340629541738,0.029,0.03,1
"FAM217A","FAM217A",0.847740242142855,0.154572423888085,0.01,0.01,1
"FGD6","FGD6",0.847823556542888,-0.170902905763096,0.018,0.018,1
"ROBO2","ROBO2",0.848332227486134,0.308766072005633,0.077,0.077,1
"MPV17L2","MPV17L2",0.848870267086385,-0.524146055122142,0.013,0.014,1
"NPM2","NPM2",0.849242994661426,0.110208868934602,0.01,0.01,1
"GMPR2","GMPR2",0.850076482234393,-0.178660993283299,0.057,0.055,1
"YIPF3","YIPF3",0.85023846131653,-0.105746432680325,0.109,0.109,1
"ENSG00000229618","ENSG00000229618",0.85049550914845,0.268640308399511,0.023,0.024,1
"GSEC","GSEC",0.850542610837165,-0.192633027141332,0.018,0.019,1
"CAND2","CAND2",0.852389502726531,-0.142563856954612,0.06,0.059,1
"OBI1","OBI1",0.852666025529804,-0.138126844546722,0.094,0.095,1
"ENSG00000262049","ENSG00000262049",0.853150635830807,-0.184284774772334,0.022,0.022,1
"CHST10","CHST10",0.853217361418607,-0.169779136321203,0.055,0.053,1
"DNAH8","DNAH8",0.853371432689801,-0.323740703803196,0.013,0.012,1
"METTL26","METTL26",0.854916944666415,-0.193143705275796,0.103,0.099,1
"TOX4","TOX4",0.854945480131201,-0.189907522598219,0.129,0.128,1
"ENSG00000272769","ENSG00000272769",0.85510891640281,-0.137160368039176,0.01,0.01,1
"SMIM35","SMIM35",0.855184173263893,-0.156630791918648,0.01,0.01,1
"GLT8D2","GLT8D2",0.855389056119275,-0.106338941990642,0.02,0.019,1
"RMDN1","RMDN1",0.855603712699049,-0.102763394693933,0.239,0.232,1
"PTK7","PTK7",0.857026487848268,-0.131791502145815,0.013,0.014,1
"CXorf38","CXorf38",0.85750454648443,-0.108414290958323,0.096,0.096,1
"DCXR","DCXR",0.857902574456508,-0.104981257912689,0.148,0.148,1
"DHX37","DHX37",0.86019893006004,-0.107216446486225,0.065,0.063,1
"HGH1","HGH1",0.860423597253165,-0.493826407919816,0.012,0.012,1
"FGF14-AS2","FGF14-AS2",0.861059200042259,0.127668375639868,0.015,0.016,1
"NDUFAB1","NDUFAB1",0.861418917028516,-0.254162561604406,0.075,0.075,1
"ZNF513","ZNF513",0.861646589504223,-0.24672023346481,0.017,0.018,1
"ARL5B","ARL5B",0.86220260095987,-0.108067302325404,0.065,0.066,1
"IGFBP7","IGFBP7",0.862708560866771,-0.127805341460928,0.017,0.016,1
"ENSG00000203321","ENSG00000203321",0.863324083089082,-0.402408914091235,0.028,0.029,1
"GSE1","GSE1",0.863379272734958,-0.359408137381993,0.038,0.038,1
"ZNF276","ZNF276",0.863501924637559,-0.106493746213328,0.206,0.2,1
"FAM47E-STBD1","FAM47E-STBD1",0.863687784443772,-0.324828042265206,0.023,0.024,1
"ENSG00000228010","ENSG00000228010",0.864568378665833,-0.286570878451396,0.051,0.05,1
"CYC1","CYC1",0.864756661120708,-0.111461683484461,0.088,0.085,1
"PELI3","PELI3",0.866126322073358,-0.182661322426306,0.021,0.02,1
"TPD52L2","TPD52L2",0.867553404953219,-0.175024664244089,0.194,0.191,1
"STRN4","STRN4",0.868197007446508,-0.116300464367149,0.102,0.099,1
"ENSG00000224795","ENSG00000224795",0.869014506859825,-0.146690370621291,0.079,0.077,1
"MTUS1-DT","MTUS1-DT",0.869034025804119,-0.153250300092941,0.292,0.281,1
"RTCB","RTCB",0.869143633593142,-0.119727717491444,0.191,0.189,1
"MPC2","MPC2",0.870708093551171,-0.181558182719657,0.077,0.077,1
"NMRK1","NMRK1",0.87120419708061,-0.183010736261653,0.121,0.12,1
"MIOS","MIOS",0.872459581142908,-0.137651098157747,0.095,0.092,1
"ZC4H2","ZC4H2",0.872753559362516,-0.158207101495805,0.234,0.229,1
"HCN1","HCN1",0.873847394680122,0.110832839148968,0.013,0.013,1
"ENSG00000248138","ENSG00000248138",0.874193358121412,0.208606366928908,0.038,0.037,1
"ENSG00000259536","ENSG00000259536",0.875161151159583,-0.204657340695387,0.012,0.012,1
"LOC730183","LOC730183",0.875628082127558,-0.201426262478899,0.02,0.019,1
"TYSND1","TYSND1",0.876463739864396,-0.12808004476573,0.044,0.044,1
"CPHXL2","CPHXL2",0.877031712411499,-0.172782571281264,0.012,0.012,1
"ENSG00000243762","ENSG00000243762",0.877257259181478,0.143710398731158,0.012,0.011,1
"KNL1","KNL1",0.877348474267806,-0.427592806733845,0.009,0.01,1
"SNX5","SNX5",0.877405722341672,-0.103253913220055,0.098,0.099,1
"HEATR1","HEATR1",0.877675750074165,-0.176028769612643,0.134,0.133,1
"B4GAT1","B4GAT1",0.878299692072313,-0.139584006731381,0.08,0.08,1
"EIF3K","EIF3K",0.87869009681441,-0.121839819333868,0.182,0.181,1
"A1BG-AS1","A1BG-AS1",0.879072178598598,-0.107715037360875,0.047,0.046,1
"RABGEF1","RABGEF1",0.880479118490129,-0.194433100862036,0.026,0.027,1
"ENSG00000267649","ENSG00000267649",0.881226846215987,0.201205143162889,0.012,0.011,1
"GRIA1","GRIA1",0.882807115268079,-0.215859533381505,0.013,0.013,1
"NT5DC3","NT5DC3",0.883008062898312,-0.42164581726639,0.013,0.013,1
"ZNF475","ZNF475",0.88316254543114,-0.131729456936741,0.009,0.01,1
"GNAL","GNAL",0.883941887055006,-0.360757450454233,0.017,0.017,1
"ENSG00000269793","ENSG00000269793",0.884180444123107,0.252909270168575,0.017,0.016,1
"ENSG00000258637","ENSG00000258637",0.884511939810299,-0.211630563062549,0.024,0.023,1
"ENSG00000240553","ENSG00000240553",0.884811643977421,-0.136216852718355,0.013,0.013,1
"MST1","MST1",0.884864036678365,0.105658680624783,0.017,0.018,1
"CRYBG1","CRYBG1",0.885281835266876,-0.180586654143876,0.009,0.01,1
"ARK2N","ARK2N",0.885472293108958,-0.114450386024332,0.156,0.154,1
"EPHA5","EPHA5",0.885535228365464,-0.239184799163703,0.013,0.012,1
"OCRL","OCRL",0.886457022614901,-0.1017207691672,0.095,0.095,1
"NCBP2","NCBP2",0.886612006776463,-0.245970552300259,0.048,0.048,1
"LRRC24","LRRC24",0.886698012970051,-0.253517369818242,0.02,0.02,1
"NEK5","NEK5",0.887264339576541,-0.200834290598561,0.046,0.045,1
"DAPK3","DAPK3",0.887944472156653,-0.132711456457235,0.066,0.065,1
"TRAP1","TRAP1",0.888268093157,-0.109134129533518,0.172,0.17,1
"RGS17","RGS17",0.888287255489306,0.238137283877855,0.012,0.011,1
"EYS","EYS",0.888536700807942,-0.288384341166443,0.064,0.064,1
"ENSG00000267173","ENSG00000267173",0.889088381667078,0.161503633019259,0.017,0.016,1
"ERN1","ERN1",0.890966749347344,0.232904657429864,0.045,0.044,1
"GADD45GIP1","GADD45GIP1",0.891020909634833,-0.222385701552013,0.127,0.125,1
"ARHGAP20","ARHGAP20",0.892133331077946,0.214853292238891,0.018,0.018,1
"ABCA9","ABCA9",0.893264756554913,-0.161376561907425,0.095,0.095,1
"HAX1","HAX1",0.893727861783503,-0.139615332969396,0.089,0.087,1
"CAMKK1","CAMKK1",0.893921446598381,0.212723529956635,0.009,0.01,1
"KRAS","KRAS",0.894848217800177,-0.257519672970212,0.076,0.075,1
"PCAT1","PCAT1",0.894999106624387,-0.30298641782267,0.051,0.049,1
"SRRD","SRRD",0.895149702485903,-0.211714630148616,0.027,0.027,1
"GORAB","GORAB",0.895335913687222,-0.263696272596979,0.026,0.027,1
"C16orf74","C16orf74",0.895556660637247,-0.172474496178346,0.01,0.011,1
"CFAP92","CFAP92",0.89598479382996,-0.265646624353676,0.017,0.017,1
"TPRA1","TPRA1",0.897281405933962,-0.107978482211362,0.06,0.061,1
"POLG","POLG",0.897832987251294,-0.118210567105469,0.107,0.107,1
"ZNF99","ZNF99",0.899329965341793,-0.218987820821244,0.01,0.011,1
"ENSG00000250039","ENSG00000250039",0.899996081414064,-0.127389905116545,0.01,0.011,1
"CFAP410","CFAP410",0.900231460649045,-0.126633288476086,0.103,0.103,1
"SAE1","SAE1",0.900265512208499,-0.132126362117849,0.127,0.126,1
"ENSG00000249593","ENSG00000249593",0.900795889139901,-0.223316544096723,0.01,0.01,1
"ENSG00000203386","ENSG00000203386",0.900806242023189,0.237584587414982,0.02,0.019,1
"LRRD1","LRRD1",0.901094586822727,0.264127093028374,0.021,0.02,1
"ENSG00000269489","ENSG00000269489",0.901508977684223,-0.588879376224735,0.012,0.011,1
"MANSC1","MANSC1",0.901982607998612,-0.141441026736735,0.04,0.039,1
"TMEM43","TMEM43",0.902022076240448,-0.114891633828583,0.033,0.032,1
"HMCES","HMCES",0.90264220847317,-0.109805228312252,0.073,0.073,1
"MRPL27","MRPL27",0.902786931840842,-0.113175710449472,0.088,0.087,1
"ENSG00000254553","ENSG00000254553",0.902837035379997,-0.340294844837333,0.014,0.015,1
"OSMR","OSMR",0.903786544421681,-0.348133179822052,0.011,0.012,1
"ENSG00000254064","ENSG00000254064",0.903920178511114,0.146118262602685,0.01,0.011,1
"MRPL17","MRPL17",0.905288820953975,-0.278293743679842,0.023,0.022,1
"GABRB3","GABRB3",0.905710910332545,0.12466369477521,0.027,0.028,1
"TMEM185B","TMEM185B",0.906492181976665,-0.188313446246966,0.011,0.012,1
"NUP155","NUP155",0.90663048642522,-0.135378989133518,0.107,0.107,1
"OPRM1","OPRM1",0.906919487944173,-0.237539607082966,0.011,0.012,1
"FGF22","FGF22",0.908070854991186,0.183240433974834,0.034,0.033,1
"ENSG00000224616","ENSG00000224616",0.908165950372365,-0.232069137226722,0.011,0.012,1
"PSORS1C1","PSORS1C1",0.909016327134299,-0.127059296480962,0.027,0.027,1
"ZNF324B","ZNF324B",0.9094126391348,-0.158355366959454,0.011,0.012,1
"FHL1","FHL1",0.909495795362139,-0.316073866766424,0.012,0.012,1
"THUMPD3","THUMPD3",0.910104817845082,-0.10807494070852,0.084,0.083,1
"PAK5","PAK5",0.910507936765115,-0.206816353762847,0.018,0.018,1
"PPP3CA-DT","PPP3CA-DT",0.910938334015468,-0.467214356423807,0.012,0.012,1
"ENSG00000239791","ENSG00000239791",0.911949447952783,0.133288247494666,0.013,0.013,1
"KIF9","KIF9",0.912261445333253,0.146387110091335,0.013,0.014,1
"MKRN2","MKRN2",0.91251720181706,-0.151713172129166,0.053,0.053,1
"CPEB2-DT","CPEB2-DT",0.913015386098011,-0.235088380348671,0.04,0.04,1
"RP2","RP2",0.913594417536651,-0.230569764318556,0.026,0.026,1
"NEMP1","NEMP1",0.914124732404573,-0.246919100630482,0.031,0.032,1
"CWC15","CWC15",0.914194588009703,-0.124146617215928,0.112,0.111,1
"WDR18","WDR18",0.91447777162229,-0.142963680356204,0.041,0.041,1
"TRMT6","TRMT6",0.915042387952891,-0.110670098219303,0.032,0.032,1
"BEND3","BEND3",0.915235872827051,0.164368520251144,0.012,0.012,1
"WDCP","WDCP",0.917688596168361,0.103153663764329,0.024,0.023,1
"ENSG00000223732","ENSG00000223732",0.91808671458165,-0.115809729898667,0.03,0.03,1
"SSR3","SSR3",0.9189042729122,-0.130123219724215,0.132,0.131,1
"LASP1NB","LASP1NB",0.919034943425369,-0.185020144487207,0.05,0.05,1
"LINC01591","LINC01591",0.920562533662972,-0.215950739026,0.012,0.012,1
"RFC2","RFC2",0.921070797717657,0.109193424154208,0.026,0.026,1
"ZNF75D","ZNF75D",0.921437086161873,-0.15589918239761,0.098,0.097,1
"TELO2","TELO2",0.921442044727404,-0.207177485537577,0.056,0.055,1
"LOC105371574","LOC105371574",0.922800714042019,0.118373486622096,0.021,0.021,1
"ADAM8","ADAM8",0.923338905695845,0.178535763601886,0.014,0.015,1
"CHURC1","CHURC1",0.923971585174475,-0.275507094077684,0.015,0.014,1
"TP53","TP53",0.924437253164292,-0.129309666837627,0.045,0.045,1
"EIF2B2","EIF2B2",0.924572117313999,-0.153595413418625,0.062,0.062,1
"LSM14B","LSM14B",0.924773220005474,-0.114418403183406,0.058,0.059,1
"SYNE2","SYNE2",0.924814093519611,-0.288348036073462,0.023,0.024,1
"OBSL1","OBSL1",0.924955688513362,0.187082284321541,0.011,0.011,1
"AVPI1","AVPI1",0.925088674043262,-0.100369887445078,0.041,0.041,1
"ENSG00000273674","ENSG00000273674",0.925695810921371,-0.208744474100974,0.121,0.118,1
"UQCR11","UQCR11",0.92700173721893,-0.314236017227458,0.021,0.021,1
"TRIM69","TRIM69",0.927989983153517,-0.119291866821634,0.047,0.048,1
"ZNF461","ZNF461",0.928143920776698,-0.13557235407609,0.082,0.081,1
"YJEFN3","YJEFN3",0.928731204605241,-0.278056195836292,0.03,0.029,1
"DHCR7-DT","DHCR7-DT",0.929054197176733,-0.118382886163998,0.057,0.056,1
"SRF","SRF",0.929594591752659,-0.230933293696175,0.02,0.019,1
"ENSG00000271761","ENSG00000271761",0.929767777387398,-0.257476958337741,0.01,0.01,1
"VAMP8","VAMP8",0.929959540682642,-0.143320547716879,0.031,0.032,1
"UST","UST",0.930898002699144,-0.488340245394187,0.014,0.014,1
"ANAPC13","ANAPC13",0.931550191481245,-0.207808362742079,0.036,0.035,1
"LOC124904917","LOC124904917",0.932261109686966,-0.116367932606345,0.016,0.016,1
"PPP1R42","PPP1R42",0.932378048639239,0.113862895152274,0.024,0.024,1
"MTCP1","MTCP1",0.932410813849407,-0.115595800930899,0.016,0.016,1
"ENSG00000233367","ENSG00000233367",0.933370775966331,-0.157065243453337,0.03,0.03,1
"EPN1","EPN1",0.933410711675411,-0.107660229366249,0.123,0.122,1
"ZNF235","ZNF235",0.933817714910207,-0.182888827747143,0.224,0.218,1
"MAP3K12","MAP3K12",0.933872014845622,-0.118282617994799,0.065,0.065,1
"MPI","MPI",0.934002489608665,-0.124633162058295,0.063,0.062,1
"SEL1L2","SEL1L2",0.934961116200377,-0.246508904326217,0.014,0.014,1
"TMEM254","TMEM254",0.935769629907396,-0.170953190665172,0.08,0.078,1
"ENSG00000259943","ENSG00000259943",0.935781546644853,-0.108975188137782,0.04,0.039,1
"ENSG00000251615","ENSG00000251615",0.935810697229756,-0.133452149304045,0.025,0.025,1
"ENSG00000271955","ENSG00000271955",0.935851556737299,-0.326876427747509,0.024,0.023,1
"EEF2KMT","EEF2KMT",0.936491071971155,-0.212009527278264,0.011,0.011,1
"GPC3","GPC3",0.936829135571508,-0.403671312346265,0.011,0.011,1
"MAP3K5","MAP3K5",0.937262491761181,0.14603441352862,0.016,0.016,1
"LOC400499","LOC400499",0.937689101665271,0.121735383905343,0.061,0.06,1
"ENSG00000272853","ENSG00000272853",0.937810445459141,-0.237822417932695,0.015,0.015,1
"ENDOV","ENDOV",0.937968930629058,-0.111788867840127,0.095,0.095,1
"DTX3L","DTX3L",0.937999974538946,-0.261692949041208,0.011,0.011,1
"TGDS","TGDS",0.938232797262235,-0.116031247930395,0.062,0.062,1
"RBM22","RBM22",0.938375406677547,-0.142134734953754,0.106,0.103,1
"SH3BP2","SH3BP2",0.938912168342137,-0.177429661853568,0.01,0.01,1
"ZC3HC1","ZC3HC1",0.9389646630987,-0.107648567278763,0.071,0.07,1
"ENSG00000270019","ENSG00000270019",0.938987811707436,-0.244388184314531,0.01,0.01,1
"ENSG00000251488","ENSG00000251488",0.939741589897832,-0.158602788326283,0.155,0.152,1
"KHNYN","KHNYN",0.940738034699193,-0.266734715651869,0.046,0.045,1
"NCKAP5-AS1","NCKAP5-AS1",0.940794784056219,0.164611199119729,0.019,0.019,1
"CTH","CTH",0.941739237173928,-0.178311517169654,0.027,0.027,1
"SEC61B","SEC61B",0.942070735790434,-0.146234008686258,0.125,0.123,1
"MIIP","MIIP",0.942187431681733,-0.185455759101416,0.047,0.047,1
"CCDC178","CCDC178",0.942545328387929,-0.623590115966451,0.012,0.012,1
"UNC13C","UNC13C",0.943722737040927,0.323949384145997,0.013,0.013,1
"SF3B4","SF3B4",0.944846328382118,-0.131276649741651,0.05,0.05,1
"ENSG00000236065","ENSG00000236065",0.945516342464293,0.159941513423525,0.022,0.021,1
"SLC7A14","SLC7A14",0.946068591630144,0.145088356889659,0.275,0.28,1
"TCEA2","TCEA2",0.946704968510825,-0.179678001673974,0.1,0.098,1
"YJU2","YJU2",0.947013301358357,-0.218005410356808,0.051,0.05,1
"TXNRD3","TXNRD3",0.947394940209155,0.128741226401717,0.032,0.032,1
"LOC101927572","LOC101927572",0.949100686440957,-0.148706063523491,0.015,0.015,1
"SPINT2","SPINT2",0.951768441018895,-0.130458283203978,0.105,0.103,1
"EPHB1","EPHB1",0.952126255954398,0.10143992794612,0.071,0.071,1
"RP9","RP9",0.95251583663676,-0.100907958809176,0.062,0.062,1
"DTD1","DTD1",0.952727062670038,-0.196264336634115,0.074,0.074,1
"PIWIL4-AS1","PIWIL4-AS1",0.953038437051751,0.153743710572592,0.014,0.014,1
"ZNF599","ZNF599",0.95548530972297,-0.229114756345945,0.027,0.027,1
"BEX2","BEX2",0.955821240367793,-0.155553612986182,0.121,0.119,1
"DPH5","DPH5",0.956365731078601,-0.141990955046805,0.132,0.13,1
"PRKAG2","PRKAG2",0.956494087730812,-0.250904557215611,0.019,0.019,1
"ENSG00000258760","ENSG00000258760",0.957164722432342,-0.275933234484018,0.023,0.023,1
"SMCR5","SMCR5",0.958388298244372,-0.140948233443701,0.019,0.019,1
"PRR14","PRR14",0.958714140976882,-0.201394233299645,0.067,0.067,1
"DUSP26","DUSP26",0.958759445706455,0.186707314184904,0.046,0.046,1
"COMMD6","COMMD6",0.959657767131146,-0.150086832289533,0.102,0.1,1
"TAGAP-AS1","TAGAP-AS1",0.960128082767714,-0.203323897925991,0.12,0.118,1
"SCUBE3","SCUBE3",0.960848850354175,-0.106288736696109,0.013,0.013,1
"DIP2C-AS1","DIP2C-AS1",0.961140571352952,0.183664778816731,0.021,0.021,1
"C6orf52","C6orf52",0.961348383638696,-0.179774667279243,0.013,0.013,1
"JUNB","JUNB",0.961880573067955,-0.107253595294877,0.013,0.012,1
"DNAH6","DNAH6",0.962498193249738,-0.425019237469796,0.032,0.032,1
"UQCC3","UQCC3",0.962599857303875,-0.131120299378253,0.044,0.044,1
"CMC2","CMC2",0.962632242937244,-0.129573366466894,0.263,0.255,1
"FREM1","FREM1",0.963032243682394,-0.194310187957079,0.041,0.04,1
"ENSG00000265750","ENSG00000265750",0.963695189954552,-0.199092186102769,0.036,0.036,1
"ENSG00000256448","ENSG00000256448",0.964289383343632,-0.299466305750277,0.009,0.01,1
"PKNOX2","PKNOX2",0.96547984230339,0.141749464903489,0.013,0.013,1
"NATD1","NATD1",0.966134667476933,-0.277911922225496,0.009,0.01,1
"SLC6A12","SLC6A12",0.966867616986465,-0.174849801710939,0.013,0.014,1
"MYL5","MYL5",0.967015444630084,-0.16044142888735,0.018,0.018,1
"SELENBP1","SELENBP1",0.967231365637015,-0.149984360126821,0.021,0.021,1
"SLC16A9","SLC16A9",0.967391135510035,-0.135896577791044,0.009,0.01,1
"ENSG00000284959","ENSG00000284959",0.96742754403677,-0.118874691968532,0.207,0.203,1
"NPIPB11","NPIPB11",0.96745414868418,-0.136326809627353,0.027,0.027,1
"ENSG00000271576","ENSG00000271576",0.968095841604094,-0.171804326753756,0.069,0.068,1
"LINC01933","LINC01933",0.968340449788593,-0.4127375584781,0.027,0.027,1
"AGRN","AGRN",0.968913385718265,-0.159256428828955,0.147,0.144,1
"CHCHD1","CHCHD1",0.969292904756594,-0.138356259261358,0.044,0.043,1
"EMC7","EMC7",0.969469599657879,-0.142953081536877,0.12,0.118,1
"SCN2A","SCN2A",0.970043911720324,-0.131319601457879,0.027,0.026,1
"MT1E","MT1E",0.970186529988485,-0.146199180830778,0.038,0.038,1
"UBL7","UBL7",0.970707124742147,-0.119404157450954,0.063,0.063,1
"SRP68","SRP68",0.971680419579081,-0.100898645233865,0.1,0.099,1
"ITM2C","ITM2C",0.97264532486635,-0.183025846355529,0.046,0.046,1
"FBXO42","FBXO42",0.973679065290096,-0.106379092336938,0.339,0.329,1
"SIAE","SIAE",0.974006309969873,-0.175269158741063,0.05,0.05,1
"ENSG00000251298","ENSG00000251298",0.974268031301912,-0.170684865944561,0.017,0.016,1
"PDCD11","PDCD11",0.974414706720328,-0.221458319802166,0.064,0.063,1
"SOD3","SOD3",0.97522498642398,-0.482070848538453,0.015,0.015,1
"GASK1B","GASK1B",0.975247674952621,-0.130522955039315,0.026,0.025,1
"ADAMTSL1","ADAMTSL1",0.975299087587301,-0.138188465810203,0.022,0.022,1
"TBC1D10B","TBC1D10B",0.975795053509995,-0.122048968823725,0.152,0.151,1
"PSMB6","PSMB6",0.976098397781673,-0.182571583145934,0.111,0.109,1
"WASL-DT","WASL-DT",0.977490045722105,0.109524068197642,0.018,0.018,1
"GCC2-AS1","GCC2-AS1",0.978787875858819,-0.13076915751428,0.027,0.027,1
"ZBTB8A","ZBTB8A",0.979392387338639,-0.158987266712048,0.032,0.032,1
"PINX1","PINX1",0.979967095084191,-0.192282794521716,0.028,0.028,1
"ZNF774","ZNF774",0.980564902678838,-0.101423555525784,0.031,0.03,1
"AKAP8","AKAP8",0.980903527942434,-0.137901907099806,0.112,0.111,1
"ENSG00000231200","ENSG00000231200",0.981208669391694,-0.172215514771125,0.021,0.021,1
"ATRAID","ATRAID",0.982177057756414,-0.180933694950445,0.08,0.078,1
"ZNF77","ZNF77",0.982748670182671,0.148895786618252,0.018,0.018,1
"C16orf86","C16orf86",0.982947916609705,-0.390660781478626,0.011,0.011,1
"CFAP100","CFAP100",0.983309136290184,-0.243486834703904,0.011,0.011,1
"DAAM1","DAAM1",0.98352492697466,-0.18071105960235,0.118,0.116,1
"PTGDS","PTGDS",0.983717855389432,-0.398026135536389,0.033,0.033,1
"AK1","AK1",0.984699082413017,-0.114030344514509,0.029,0.029,1
"ZBTB46","ZBTB46",0.98622141463909,-0.393911583716701,0.01,0.01,1
"TIRAP","TIRAP",0.98628572422764,-0.40014729149362,0.016,0.016,1
"ENSG00000238018","ENSG00000238018",0.986536613997296,-0.34945816889424,0.022,0.022,1
"LSMEM2","LSMEM2",0.988196063946901,-0.208035309069719,0.045,0.044,1
"GABRG3","GABRG3",0.988222032801007,-0.239652068509702,0.011,0.011,1
"PCDHA1","PCDHA1",0.988294285068115,0.163630154287191,0.011,0.011,1
"ENSG00000259805","ENSG00000259805",0.98865129244922,-0.212879892879132,0.021,0.021,1
"TUBB","TUBB",0.988992260717358,-0.116015082865027,0.155,0.153,1
"PABPC5","PABPC5",0.989387971909278,-0.152111055877964,0.025,0.025,1
"ENSG00000275672","ENSG00000275672",0.990382580750693,-0.124380693152084,0.047,0.047,1
"DYRK1B","DYRK1B",0.991046969096885,-0.169921883970744,0.04,0.04,1
"ACSF3","ACSF3",0.99234235371534,-0.106548734803199,0.12,0.118,1
"PFKFB3","PFKFB3",0.992727079334166,-0.104044522191571,0.278,0.273,1
"DSE","DSE",0.993183153112374,-0.13898475902076,0.297,0.288,1
"HCFC1","HCFC1",0.993558309264478,-0.2743744643353,0.065,0.064,1
"NQO1","NQO1",0.994609639064412,-0.10195080013473,0.037,0.037,1
"H6PD","H6PD",0.994896019782458,-0.120660862511823,0.158,0.154,1
"ERVK3-1","ERVK3-1",0.995261972635758,-0.112772284426604,0.018,0.018,1
"ENSG00000255886","ENSG00000255886",0.99600821866805,-0.210457087960757,0.025,0.025,1
"ZNF805","ZNF805",0.99607278791967,-0.138007962408897,0.03,0.03,1
"ENSG00000267707","ENSG00000267707",0.997109602647873,0.242051905012232,0.011,0.011,1
"PRXL2B","PRXL2B",0.998150355570642,-0.375051793031926,0.013,0.013,1
"FRAS1","FRAS1",0.998955648459542,0.119977325504832,0.012,0.012,1
"GOLGA8A","GOLGA8A",0.999207461930026,-0.159759140571782,0.135,0.133,1
"TSPAN10","TSPAN10",0.999684129660885,-0.141201247156279,0.018,0.018,1
"LSM11","LSM11",0.999710959638925,0.230380751079058,0.011,0.011,1
